symbol,name,lastsale,netchange,pctchange,volume,marketCap,country,ipoyear,industry,sector
A,Agilent Technologies Inc. Common Stock,$175.03,-0.18,-0.103%,2053882,49346007316.00,United States,1999,Biotechnology: Laboratory Analytical Instruments,Industrials
AA,Alcoa Corporation Common Stock ,$41.97,-0.28,-0.663%,3414233,11076279407.00,United States,2016,Aluminum,Industrials
AAC,Ares Acquisition Corporation III Class A Ordinary Shares,$10.12,0.05,0.497%,274,714515111.00,,2026,Metal Fabrications,Industrials
AACG,ATA Creativity Global American Depositary Shares,$0.8197,-0.0303,-3.565%,3402,56119957.00,China,2008,Other Consumer Services,Real Estate
AACI,Armada Acquisition Corp. III Class A Ordinary Share,$10.06,0.012,0.119%,4580,0.00,United States,2026,Blank Checks,Finance
AACIW,Armada Acquisition Corp. III Warrant,$0.2381,-0.0119,-4.76%,3314,0.00,United States,2026,Blank Checks,Finance
AACO,Abony Acquisition Corp. I Class A Ordinary Share,$10.00,0.00,0.00%,1111,0.00,United States,2026,,
AACOU,Abony Acquisition Corp. I Units,$10.10,0.00,0.00%,140,0.00,United States,2026,,
AACP,Apogee Acquisition Corp Class A Ordinary Shares,$10.07,-0.01,-0.099%,5809,0.00,United States,2026,Blank Checks,Finance
AACPR,Apogee Acquisition Corp Rights,$0.17,-0.0099,-5.503%,27341,0.00,United States,2026,Blank Checks,Finance
AACPU,Apogee Acquisition Corp Units,$10.30,0.00,0.00%,7,0.00,United States,2026,Blank Checks,Finance
AADX,Applied Aerospace & Defense Inc. Common Stock,$12.00,-0.05,-0.415%,2727370,2068722216.00,,2026,Military/Government/Technical,Industrials
AAL,American Airlines Group Inc. Common Stock,$13.61,0.09,0.666%,59854850,9009411033.00,United States,,Air Freight/Delivery Services,Consumer Discretionary
AAME,Atlantic American Corporation Common Stock,$1.30,-0.01,-0.763%,5313,26516396.00,United States,,Life Insurance,Finance
AAMI,Acadian Asset Management Inc. Common Stock,$92.48,-1.31,-1.397%,433581,3282127037.00,United Kingdom,2014,Investment Managers,Finance
AAOI,Applied Optoelectronics Inc. Common Stock,$100.67,3.85,3.976%,7288689,8547516114.00,United States,2013,Semiconductors,Technology
AAON,AAON Inc. Common Stock,$85.105,-0.235,-0.275%,935958,7017216947.00,United States,,Industrial Machinery/Components,Industrials
AAP,Advance Auto Parts Inc.,$39.73,-0.04,-0.101%,1958522,2399692000.00,United States,,Auto & Home Supply Stores,Consumer Discretionary
AAPG,Ascentage Pharma Group International American Depository Shares,$15.35,0.46,3.089%,3401,1432623912.00,China,2025,Biotechnology: Pharmaceutical Preparations,Health Care
AAPL,Apple Inc. Common Stock,$329.40,-9.00,-2.66%,38478318,4807322892000.00,United States,1980,Computer Manufacturing,Technology
AARD,Aardvark Therapeutics Inc. Common Stock,$5.35,0.08,1.518%,39903,117083926.00,United States,2025,Biotechnology: Pharmaceutical Preparations,Health Care
AAT,American Assets Trust Inc. Common Stock,$21.34,-0.29,-1.341%,674881,1310365905.00,United States,2011,Real Estate Investment Trusts,Real Estate
AAUC,Allied Gold Corporation Common Shares,$21.32,0.30,1.427%,258439,2970897079.00,,2025,,
AB,AllianceBernstein Holding L.P.  Units,$35.51,0.38,1.082%,373101,3305101027.00,United States,,Investment Managers,Finance
ABAT,American Battery Technology Company Common Stock,$2.19,-0.08,-3.524%,2482409,312245290.00,United States,,Mining & Quarrying of Nonmetallic Minerals (No Fuels),Industrials
ABBV,AbbVie Inc. Common Stock,$263.29,-2.99,-1.123%,4004377,465264309968.00,United States,2012,Biotechnology: Pharmaceutical Preparations,Health Care
ABCB,Ameris Bancorp Common Stock,$80.46,-0.98,-1.203%,495839,5399448450.00,United States,1994,Major Banks,Finance
ABCL,AbCellera Biologics Inc. Common Shares,$14.82,0.90,6.466%,9110726,4800279940.00,Canada,2020,Biotechnology: Pharmaceutical Preparations,Health Care
ABEO,Abeona Therapeutics Inc. Common Stock,$5.16,-0.13,-2.457%,1253732,295069528.00,United States,,Biotechnology: Pharmaceutical Preparations,Health Care
ABEV,Ambev S.A. American Depositary Shares (Each representing 1 Common Share),$2.88,0.01,0.348%,18304097,45393519617.00,Brazil,2013,Beverages (Production/Distribution),Consumer Staples
ABG,Asbury Automotive Group Inc Common Stock,$173.95,-5.73,-3.189%,282361,3122735962.00,United States,2002,Retail-Auto Dealers and Gas Stations,Consumer Discretionary
ABLV,Able View Global Inc. Class B Ordinary Shares,$1.78,0.115,6.907%,403018,98293070.00,China,,Other Consumer Services,Consumer Discretionary
ABLVW,Able View Global Inc. Warrant,$0.0243,0.0058,31.351%,10118,1341866.00,China,,Other Consumer Services,Consumer Discretionary
ABM,ABM Industries Incorporated Common Stock,$48.62,-0.40,-0.816%,429853,2849841463.00,United States,,Diversified Commercial Services,Consumer Discretionary
ABNB,Airbnb Inc. Class A Common Stock,$156.96,0.88,0.564%,4396017,93985400647.00,United States,2020,Diversified Commercial Services,Consumer Discretionary
ABOS,Acumen Pharmaceuticals Inc. Common Stock,$2.245,-0.055,-2.391%,1086782,162352305.00,United States,2021,Biotechnology: Biological Products (No Diagnostic Substances),Health Care
ABR,Arbor Realty Trust Common Stock,$3.97,-0.11,-2.696%,6135070,740635431.00,United States,2004,Real Estate Investment Trusts,Real Estate
ABR^D,Arbor Realty Trust 6.375% Series D Cumulative Redeemable Preferred Stock Liquidation Preference $25.00 per Share,$14.30,-0.44,-2.985%,38512,,United States,,,
ABR^E,Arbor Realty Trust 6.25% Series E Cumulative Redeemable Preferred Stock,$14.08,-0.46,-3.164%,14050,,United States,,,
ABR^F,Arbor Realty Trust 6.25% Series F Fixed-to-Floating Rate Cumulative Redeemable Preferred Stock Liquidation Preference $25.00 per share,$20.90,-0.08,-0.381%,9445,,United States,,,
ABSI,Absci Corporation Common Stock,$10.14,0.65,6.849%,3423604,1740166061.00,United States,2021,Biotechnology: Commercial Physical & Biological Resarch,Health Care
ABT,Abbott Laboratories Common Stock,$100.95,-0.03,-0.03%,8049116,174682193731.00,United States,,Biotechnology: Pharmaceutical Preparations,Health Care
ABTC,American Bitcoin Corp. Class A Common Stock,$8.72,-0.12,-1.357%,764671,634987897.00,United States,2018,Finance: Consumer Services,Finance
ABTS,Abits Group Inc Ordinary Shares,$1.26,0.10,8.621%,24894,4050201.00,China,,Finance: Consumer Services,Finance
ABUS,Arbutus Biopharma Corporation Common Stock,$4.69,-0.17,-3.498%,17557126,927906346.00,Canada,,Biotechnology: Pharmaceutical Preparations,Health Care
ABVC,ABVC BioPharma Inc. Common Stock,$1.04,-0.01,-0.952%,185402,27720540.00,United States,,Biotechnology: Pharmaceutical Preparations,Health Care
ABVX,Abivax SA American Depositary Shares,$98.50,1.65,1.704%,1628298,8480311698.00,France,2023,Biotechnology: Pharmaceutical Preparations,Health Care
ABX,Abacus Global Management Inc. Class A Common Stock,$8.06,-0.16,-1.946%,650176,788205527.00,United States,,Investment Managers,Finance
ABXL,Abacus Global Management Inc. 9.875% Fixed Rate Senior Notes due 2028,$25.37,0.12,0.475%,5403,1893904673.00,United States,,Investment Managers,Finance
ACA,Arcosa Inc. Common Stock ,$146.00,-0.53,-0.362%,1005149,7169594114.00,United States,2018,Metal Fabrications,Industrials
ACAA,Averin Capital Acquisition Corp. Class A Ordinary Shares,$10.00,0.00,0.00%,6,0.00,United States,2026,Blank Checks,Finance
ACAD,ACADIA Pharmaceuticals Inc. Common Stock,$20.22,-0.31,-1.51%,2515116,3484017574.00,United States,1985,Biotechnology: Pharmaceutical Preparations,Health Care
ACB,Aurora Cannabis Inc. Common Shares,$4.03,-0.06,-1.467%,225102,249686404.00,Canada,, Medicinal Chemicals and Botanical Products ,Health Care
ACCL,Acco Group Holdings Limited Class A Ordinary Shares,$2.74,-0.01,-0.364%,10653,38086000.00,Hong Kong,2025,Professional Services,Consumer Discretionary
ACCO,Acco Brands Corporation Common Stock,$4.23,-0.09,-2.083%,648164,390461013.00,United States,,Publishing,Consumer Discretionary
ACCS,ACCESS Newswire Inc. Common Stock,$4.795,0.095,2.021%,3056,18351923.00,United States,,Professional Services,Consumer Discretionary
ACDC,ProFrac Holding Corp. Class A Common Stock,$4.22,-0.27,-6.013%,2042944,768558056.00,United States,2022,Oilfield Services/Equipment,Energy
ACEL,Accel Entertainment Inc. ,$10.88,-0.13,-1.181%,416646,883385008.00,United States,2017,Services-Misc. Amusement & Recreation,Consumer Discretionary
ACET,Adicet Bio Inc. Common Stock,$6.83,0.48,7.559%,668238,63938977.00,United States,2018,Biotechnology: Pharmaceutical Preparations,Health Care
ACFN,Acorn Energy Inc. Common Stock,$19.94,-0.36,-1.773%,58948,50041783.00,United States,,Military/Government/Technical,Consumer Discretionary
ACGC,ACP Holdings Acquisition Corp. Class A Ordinary Shares,$10.06,0.001,0.01%,6534,0.00,United States,2026,Blank Checks,Finance
ACGCW,ACP Holdings Acquisition Corp. Warrants,$0.45,0.00,0.00%,7,0.00,United States,2026,Blank Checks,Finance
ACGL,Arch Capital Group Ltd. Common Stock,$95.12,0.22,0.232%,3922002,32457714465.00,Bermuda,,Property-Casualty Insurers,Finance
ACGLN,Arch Capital Group Ltd. Depositary Shares each Representing a 1/1000th Interest in a 4.550% Non-Cumulative Preferred Share Series G,$15.07,-0.21,-1.374%,57308,5142322929.00,Bermuda,,Property-Casualty Insurers,Finance
ACGLO,Arch Capital Group Ltd. Depositary Shares Each Representing 1/1000th Interest in a Share of 5.45% Non-Cumulative Preferred Shares Series F,$18.52,-0.07,-0.377%,45437,6319563414.00,Bermuda,,Property-Casualty Insurers,Finance
ACH,Accendra Health Inc. Common Stock,$0.612,-0.038,-5.846%,2032522,47065679.00,United States,,Medical Specialities,Health Care
ACHC,Acadia Healthcare Company Inc. Common Stock,$28.04,0.13,0.466%,920864,2610531711.00,United States,,Medical Specialities,Health Care
ACHR,Archer Aviation Inc. Class A Common Stock,$5.06,-0.14,-2.692%,19147586,3938122469.00,United States,2020,Aerospace,Industrials
ACHV,Achieve Life Sciences Inc. Common Shares,$7.69,-0.06,-0.774%,1029842,791320148.00,United States,,Biotechnology: In Vitro & In Vivo Diagnostic Substances,Health Care
ACI,Albertsons Companies Inc. Class A Common Stock,$11.64,0.00,0.00%,6035174,5649190950.00,United States,2020,Food Chains,Consumer Staples
ACIC,American Coastal Insurance Corporation Common Stock,$9.24,-0.02,-0.216%,203385,436791691.00,United States,,Property-Casualty Insurers,Finance
ACIU,AC Immune SA Common Stock,$2.60,-0.01,-0.383%,139240,264611290.00,Switzerland,2016,Biotechnology: Pharmaceutical Preparations,Health Care
ACIW,ACI Worldwide Inc. Common Stock,$48.59,-0.41,-0.837%,648071,4905415160.00,United States,,Computer Software: Prepackaged Software,Technology
ACLS,Axcelis Technologies Inc. Common Stock,$128.69,4.68,3.774%,368385,3974138819.00,United States,2000,Industrial Machinery/Components,Technology
ACM,AECOM Common Stock,$58.85,-0.57,-0.959%,1368075,7573784611.00,United States,2007,Military/Government/Technical,Consumer Discretionary
ACMR,ACM Research Inc. Class A Common Stock,$75.61,-0.34,-0.448%,692572,5266175710.00,United States,2017,Industrial Machinery/Components,Technology
ACN,Accenture plc Class A Ordinary Shares (Ireland),$177.12,2.65,1.519%,6359872,118229408395.00,Ireland,2001,Business Services,Consumer Discretionary
ACNB,ACNB Corporation Common Stock,$62.81,-0.37,-0.586%,52562,638773303.00,United States,,Major Banks,Finance
ACNT,Ascent Industries Co. Common Stock,$14.35,-0.17,-1.171%,42957,129285651.00,United States,,Major Chemicals,Industrials
ACOG,Alpha Cognition Inc. Common Stock,$8.71,0.11,1.279%,61490,189652446.00,Canada,,,
ACON,Aclarion Inc. Common Stock,$2.38,-0.06,-2.459%,79580,6860043.00,United States,2022,Medical Specialities,Health Care
ACONW,Aclarion Inc. Warrant,$0.05,0.0244,95.313%,28000,144119.00,United States,2022,Medical Specialities,Health Care
ACP,abrdn Income Credit Strategies Fund Common Shares,$4.50,0.09,2.041%,1067967,0.00,United States,2011,Investment Managers,Finance
ACP^A,abrdn Income Credit Strategies Fund 5.250% Series A Perpetual Preferred Stock,$18.06,0.01,0.055%,10898,,United States,,,
ACR,ACRES Commercial Realty Corp. Common Stock,$10.10,-0.25,-2.415%,43850,75532466.00,United States,,Real Estate Investment Trusts,Real Estate
ACR^C,ACRES Commercial Realty Corp. 8.625% Fixed-to-Floating Series C Cumulative Redeemable Preferred Stock ,$23.30,-0.17,-0.724%,10052,,United States,,,
ACR^D,ACRES Commercial Realty Corp. 7.875% Series D Cumulative Redeemable Preferred Stock,$18.25,-0.06,-0.328%,3153,,United States,,,
ACRE,Ares Commercial Real Estate Corporation Common Stock,$4.11,0.00,0.00%,737682,228027374.00,United States,2012,Real Estate Investment Trusts,Real Estate
ACRS,Aclaris Therapeutics Inc. Common Stock,$5.28,-0.15,-2.762%,2051753,777210155.00,United States,2015,Biotechnology: Pharmaceutical Preparations,Health Care
ACRV,Acrivon Therapeutics Inc. Common Stock,$2.08,0.02,0.971%,132709,89134993.00,United States,2022,Biotechnology: Pharmaceutical Preparations,Health Care
ACT,Enact Holdings Inc. Common Stock,$46.44,-0.50,-1.065%,324880,6384741681.00,United States,2021,Specialty Insurers,Finance
ACTG,Acacia Research Corporation (Acacia Tech) Common Stock,$4.33,0.03,0.698%,156068,422550866.00,United States,,Multi-Sector Companies,Miscellaneous
ACTU,Actuate Therapeutics Inc. Common stock,$0.686,-0.0502,-6.819%,112779,16473743.00,United States,2024,Biotechnology: Pharmaceutical Preparations,Health Care
ACU,Acme United Corporation. Common Stock,$63.72,-0.04,-0.063%,38569,244291202.00,United States,1988,Industrial Machinery/Components,Consumer Discretionary
ACV,Virtus Diversified Income & Convertible Fund Common Shares of Beneficial Interest,$24.41,-0.02,-0.082%,49379,252959707.00,United States,2015,Finance/Investors Services,Finance
ACVA,ACV Auctions Inc. Class A Common Stock,$10.44,-0.02,-0.191%,22440393,1772795311.00,United States,2025,Business Services,Consumer Discretionary
ACXP,Acurx Pharmaceuticals Inc. Common Stock,$1.305,-0.035,-2.612%,162123,7255024.00,United States,2021,Biotechnology: Pharmaceutical Preparations,Health Care
AD,Array Digital Infrastructure Inc. Common Shares,$33.81,0.36,1.076%,310354,2924565000.00,United States,1988,Telecommunications Equipment,Telecommunications
ADAC,American Drive Acquisition Company Class A Ordinary Shares,$10.12,0.00,0.00%,16,0.00,United States,2026,,
ADAG,Adagene Inc. American Depositary Shares,$3.21,0.01,0.313%,492595,212025617.00,China,2021,Biotechnology: Pharmaceutical Preparations,Health Care
ADAM,Adamas Trust Inc. Common Stock,$7.93,-0.08,-0.999%,1389052,716116636.00,United States,,Real Estate Investment Trusts,Real Estate
ADAMG,Adamas Trust Inc. 9.125% Senior Notes Due 2030,$24.93,-0.05,-0.20%,9945,0.00,United States,,Real Estate Investment Trusts,Real Estate
ADAMH,Adamas Trust Inc. 9.875% Senior Notes Due 2030,$25.0201,-0.0699,-0.279%,64608,0.00,United States,,Real Estate Investment Trusts,Real Estate
ADAMI,Adamas Trust Inc. 9.125% Senior Notes Due 2029,$24.9512,-0.0288,-0.115%,7569,2260065948.00,United States,,Real Estate Investment Trusts,Real Estate
ADAMK,Adamas Trust Inc. 9.600% Senior Notes Due 2031 ,$24.97,-0.01,-0.04%,14285,0.00,United States,,Real Estate Investment Trusts,Real Estate
ADAML,Adamas Trust Inc. 6.875% Series F Fixed-to-Floating Rate Cumulative Redeemable Preferred Stock $0.01 par value per share,$24.91,-0.15,-0.599%,11902,2249491223.00,United States,,Real Estate Investment Trusts,Real Estate
ADAMM,Adamas Trust Inc. 7.875% Series E Fixed-to-Floating Rate Cumulative Redeemable Preferred Stock,$25.35,-0.05,-0.197%,6614,2289225311.00,United States,,Real Estate Investment Trusts,Real Estate
ADAMN,Adamas Trust Inc. 8.00% Series D Fixed-to-Floating Rate Cumulative Redeemable Preferred Stock,$24.2591,-0.1009,-0.414%,6091,2190711864.00,United States,,Real Estate Investment Trusts,Real Estate
ADAMO,Adamas Trust Inc. 9.250% Senior Notes Due 2031,$24.6525,0.0875,0.356%,8928,0.00,United States,,Real Estate Investment Trusts,Real Estate
ADAMZ,Adamas Trust Inc. 7.000% Series G Cumulative Redeemable Preferred Stock $0.01 par value per share,$17.25,-0.47,-2.652%,20583,1557756869.00,United States,,Real Estate Investment Trusts,Real Estate
ADBE,Adobe Inc. Common Stock,$233.17,2.16,0.935%,4106588,90749764000.00,United States,1986,Computer Software: Prepackaged Software,Technology
ADBT,Advasa Holdings Inc. Common Stock,$0.1058,-0.0051,-4.599%,7837192,51531551.00,Japan,,Computer Software: Prepackaged Software,Technology
ADC,Agree Realty Corporation Common Stock,$67.65,0.35,0.52%,1666106,8414260322.00,United States,,Real Estate Investment Trusts,Real Estate
ADC^A,Agree Realty Corporation Depositary Shares each representing 1/1000th of a 4.250% Series A Cumulative Redeemable Preferred Stock,$15.43,-0.005,-0.032%,16181,,United States,,,
ADCT,ADC Therapeutics SA Common Shares,$1.23,-0.03,-2.381%,781021,157031265.00,Switzerland,2020,Biotechnology: Pharmaceutical Preparations,Health Care
ADEA,Adeia Inc. Common Stock,$24.72,-0.20,-0.803%,2111603,2726125308.00,United States,2003,Cable & Other Pay Television Services,Telecommunications
ADGM,Adagio Medical Holdings Inc Common Stock,$0.144,-0.0267,-15.641%,2234680,3198306.00,United States,,Medical/Dental Instruments,Health Care
ADI,Analog Devices Inc. Common Stock,$398.22,2.79,0.706%,2476779,192963659472.00,United States,,Semiconductors,Technology
ADIG,ADI Global Distribution Inc. Common Stock,$19.00,0.47,2.536%,629987,1442540762.00,United States,2026,Wholesale Distributors,Industrials
ADIL,Adial Pharmaceuticals Inc Common Stock,$4.15,0.11,2.723%,29326,10897444.00,United States,2018,Biotechnology: Pharmaceutical Preparations,Health Care
ADM,Archer-Daniels-Midland Company Common Stock,$79.40,-0.98,-1.219%,3040434,38267590890.00,United States,,Packaged Foods,Consumer Staples
ADMA,ADMA Biologics Inc Common Stock,$9.96,-0.16,-1.581%,3458388,2230887413.00,United States,,Biotechnology: Biological Products (No Diagnostic Substances),Health Care
ADNT,Adient plc Ordinary Shares ,$17.17,0.07,0.409%,1359886,1323754322.00,United States,2016,Auto Parts:O.E.M.,Consumer Discretionary
ADP,Automatic Data Processing Inc. Common Stock,$261.80,0.00,0.00%,2200233,103738655266.00,United States,,EDP Services,Technology
ADPT,Adaptive Biotechnologies Corporation Common Stock,$28.77,0.26,0.912%,2508307,4591572374.00,United States,2019,Biotechnology: Biological Products (No Diagnostic Substances),Health Care
ADRX,ADARx Pharmaceuticals Inc. Common Stock,$20.635,0.545,2.713%,1299401,2203845341.00,United States,2026,Biotechnology: Pharmaceutical Preparations,Health Care
ADSE,ADS-TEC ENERGY PLC Ordinary Shares,$11.00,0.11,1.01%,33388,826427030.00,Ireland,,Industrial Specialties,Consumer Discretionary
ADSEW,ADS-TEC ENERGY PLC Warrant,$0.3279,0.0979,42.565%,46177,24635038.00,Ireland,,Industrial Specialties,Consumer Discretionary
ADSK,Autodesk Inc. Common Stock,$203.18,-4.01,-1.935%,2185808,42464620000.00,United States,,Computer Software: Prepackaged Software,Technology
ADT,ADT Inc. Common Stock,$6.14,-0.05,-0.808%,8921836,4485633783.00,United States,2018,Diversified Commercial Services,Consumer Discretionary
ADTN,ADTRAN Holdings Inc. Common Stock,$6.87,0.07,1.029%,1161708,559777266.00,United States,1994,Telecommunications Equipment,Utilities
ADUR,Aduro Clean Technologies Inc. Common Stock,$12.25,-0.06,-0.487%,259275,437383163.00,Canada,,Major Chemicals,Industrials
ADUS,Addus HomeCare Corporation Common Stock,$112.96,1.05,0.938%,200571,2109448928.00,United States,2009,Medical/Nursing Services,Health Care
ADV,Advantage Solutions Inc. Class A Common Stock,$29.55,-2.38,-7.454%,88520,378896897.00,United States,2019,Business Services,Consumer Discretionary
ADVB,Advanced Biomed Inc. Common Stock,$6.32,-0.41,-6.092%,19581,10441481.00,Taiwan,2025,Medical Specialities,Health Care
ADX,Adams Diversified Equity Fund Inc.,$25.71,-0.05,-0.194%,228606,0.00,United States,,Investment Managers,Finance
ADXN,Addex Therapeutics Ltd American Depositary Shares,$2.95,0.14,4.982%,31350,5025953.00,Switzerland,,Biotechnology: Pharmaceutical Preparations,Health Care
AEAQ,Activate Energy Acquisition Corp. Class A Ordinary Share,$10.08,0.00,0.00%,19,0.00,Cayman Islands,2026,,
AEBI,Aebi Schmidt Holding AG Common Stock ,$10.84,0.06,0.557%,386521,841177323.00,Switzerland,,Auto Manufacturing,Industrials
AEC,Anfield Energy Inc. Common Shares,$3.41,-0.16,-4.482%,17608,68029418.00,Canada,,Metal Mining,Basic Materials
AEE,Ameren Corporation Common Stock,$100.25,0.86,0.865%,2868642,27753535913.00,United States,,Power Generation,Utilities
AEF,abrdn Emerging Markets ex-China Fund Inc. Common Stock,$9.56,0.07,0.738%,103347,1026385500.00,United States,,Finance/Investors Services,Finance
AEFC,Aegon Funding Company LLC 5.10% Subordinated Notes due 2049,$17.73,0.00,0.00%,66349,0.00,United States,2019,,
AEG,Aegon Ltd. New York Registry Shares,$8.79,-0.01,-0.114%,3550050,16779674983.00,Netherlands,,Life Insurance,Finance
AEHL,Antelope Enterprise Holdings Limited Class A Ordinary Shares,$8.59,0.36,4.374%,98872,162908113.00,China,,Telecommunications Equipment,Consumer Discretionary
AEHR,Aehr Test Systems Common Stock,$100.78,2.29,2.325%,2450107,3291429046.00,United States,1997,Electrical Products,Industrials
AEI,Alset Inc. Common Stock (TX),$0.7958,0.0162,2.078%,22784,30953302.00,United States,2020,Real Estate,Finance
AEIS,Advanced Energy Industries Inc. Common Stock,$283.30,5.46,1.965%,337594,11346290219.00,United States,1995,Industrial Machinery/Components,Technology
AEM,Agnico Eagle Mines Limited Common Stock,$185.83,1.68,0.912%,1509229,94320060258.00,Canada,,Precious Metals,Basic Materials
AEMD,Aethlon Medical Inc. Common Stock,$6.38,0.00,0.00%,59377,10234126.00,United States,,Medical/Dental Instruments,Health Care
AENT,Alliance Entertainment Holding Corporation Class A Common Stock,$4.66,-0.13,-2.714%,44861,237565076.00,United States,,Durable Goods,Consumer Discretionary
AENTW,Alliance Entertainment Holding Corporation Warrant,$0.1897,-0.0203,-9.667%,30324,9670836.00,United States,,Durable Goods,Consumer Discretionary
AEO,American Eagle Outfitters Inc. Common Stock,$18.14,0.83,4.795%,7041278,3039780261.00,United States,,Clothing/Shoe/Accessory Stores,Consumer Discretionary
AEON,AEON Biopharma Inc. Class A Common Stock,$0.259,-0.0026,-0.994%,195799,12919643.00,United States,,Biotechnology: Pharmaceutical Preparations,Health Care
AEP,American Electric Power Company Inc. Common Stock,$119.30,1.10,0.931%,2859675,64946604094.00,United States,,Electric Utilities: Central,Utilities
AER,AerCap Holdings N.V. Ordinary Shares,$145.10,-1.41,-0.962%,1220873,22407802432.00,Netherlands,2006,Diversified Commercial Services,Consumer Discretionary
AERO,Grupo Aeromexico S.A.B. de C.V. American Depositary Shares (each representing ten (10) Common Shares),$15.84,0.13,0.827%,272164,2311109999.00,,2025,Air Freight/Delivery Services,Consumer Discretionary
AERT,Aeries Technology Inc. Class A Ordinary Share,$7.825,0.60,8.304%,26150,41064442.00,United States,2021,Professional Services,Consumer Discretionary
AERTW,Aeries Technology Inc. Warrant,$0.0161,-0.0022,-12.022%,2358,84490.00,United States,2021,Professional Services,Consumer Discretionary
AES,The AES Corporation Common Stock,$14.86,-0.01,-0.067%,13735044,10601698042.00,United States,,Electric Utilities: Central,Industrials
AESI,Atlas Energy Solutions Inc. Common Stock,$11.65,-0.65,-5.285%,4272049,1456290204.00,United States,2023,Mining & Quarrying of Nonmetallic Minerals (No Fuels),Industrials
AESP,Aeon Acquisition I Corp. Class A Ordinary Shares,$9.97,0.00,0.00%,15,0.00,United States,2026,Blank Checks,Finance
AESPU,Aeon Acquisition I Corp. Units,$10.1701,0.00,0.00%,3,0.00,United States,2026,,
AEVA,Aeva Technologies Inc. Common Stock,$13.97,-0.30,-2.102%,2010981,973789439.00,United States,,Auto Parts:O.E.M.,Consumer Discretionary
AEXA,American Exceptionalism Acquisition Corp. A Class A Ordinary Shares,$11.14,-0.01,-0.09%,53998,0.00,,2025,,
AEYE,AudioEye Inc. Common Stock,$6.63,-0.155,-2.284%,60181,83336939.00,United States,,Computer Software: Prepackaged Software,Technology
AFB,AllianceBernstein National Municipal Income Fund Inc,$9.37,-0.12,-1.264%,153173,0.00,United States,2002,Trusts Except Educational Religious and Charitable,Finance
AFCG,Advanced Flower Capital Inc. Common Stock,$3.62,0.03,0.836%,132999,82072347.00,United States,2021,Real Estate,Finance
AFG,American Financial Group Inc. Common Stock,$138.46,0.28,0.203%,487623,11481306182.00,United States,,Property-Casualty Insurers,Finance
AFGB,American Financial Group Inc. 5.875% Subordinated Debentures due 2059,$21.89,-0.47,-2.102%,17868,1815150891.00,United States,2019,Property-Casualty Insurers,Finance
AFGC,American Financial Group Inc. 5.125% Subordinated Debentures due 2059,$18.35,-0.20,-1.078%,20176,1521608901.00,United States,2019,Property-Casualty Insurers,Finance
AFGD,American Financial Group Inc. 5.625% Subordinated Debentures due 2060,$22.01,0.32,1.475%,11937,1825101467.00,United States,2020,Property-Casualty Insurers,Finance
AFGE,American Financial Group Inc. 4.500% Subordinated Debentures due 2060,$16.62,-0.16,-0.954%,9491,1378154765.00,United States,2020,Property-Casualty Insurers,Finance
AFJK,Aimei Health Technology Co. Ltd Ordinary Share,$12.04,-0.26,-2.114%,564,0.00,United States,2024,,
AFL,AFLAC Incorporated Common Stock,$113.66,0.11,0.097%,1510025,56982679251.00,United States,,Accident &Health Insurance,Finance
AFRI,Forafric Global PLC Ordinary Shares,$11.13,-0.02,-0.179%,10367,300107261.00,Gibraltar,,Packaged Foods,Consumer Staples
AFRIW,Forafric Global PLC Warrants,$1.40,0.05,3.704%,1919,37749341.00,Gibraltar,,Packaged Foods,Consumer Staples
AFRM,Affirm Holdings Inc. Class A Common Stock,$69.30,2.09,3.11%,3490459,23383293041.00,United States,2021,Finance: Consumer Services,Finance
AFYA,Afya Limited Class A Common Shares,$11.82,-0.22,-1.827%,289800,1107803862.00,Brazil,2019,Other Consumer Services,Real Estate
AG,First Majestic Silver Corp. Ordinary Shares (Canada),$18.08,0.13,0.724%,13683400,8911747405.00,Canada,,Precious Metals,Basic Materials
AGBK,AGI Inc Class A Common Shares,$5.67,-0.09,-1.563%,87467,907965858.00,Cayman Islands,2026,Commercial Banks,Finance
AGCC,Agencia Comercial Spirits Ltd Class A Ordinary Shares,$14.50,0.30,2.113%,16564,540654250.00,Taiwan,2025,Beverages (Production/Distribution),Consumer Staples
AGCO,AGCO Corporation Common Stock,$116.16,-1.45,-1.233%,878738,8134885641.00,United States,,Industrial Machinery/Components,Industrials
AGD,abrdn Global Dynamic Dividend Fund Common Shares of Beneficial Interest,$11.80,0.25,2.165%,93561,0.00,United States,2006,Trusts Except Educational Religious and Charitable,Finance
AGEN,Agenus Inc. Common Stock,$9.89,0.46,4.878%,1501705,446651349.00,United States,2000,Biotechnology: Biological Products (No Diagnostic Substances),Health Care
AGI,Alamos Gold Inc. Class A Common Shares,$33.04,0.32,0.978%,4066857,13875657179.00,Canada,2015,Precious Metals,Basic Materials
AGIG,Abundia Global Impact Group Inc. Common stock,$1.18,-0.05,-4.065%,38164,52097379.00,United States,,Oil & Gas Production,Energy
AGIO,Agios Pharmaceuticals Inc. Common Stock,$33.30,-0.12,-0.359%,416436,1988072671.00,United States,2013,Biotechnology: Pharmaceutical Preparations,Health Care
AGL,agilon health inc. Common Stock,$78.15,-1.38,-1.735%,181126,1312233062.00,United States,2021,Misc Health and Biotechnology Services,Health Care
AGM,Federal Agricultural Mortgage Corporation Common Stock,$212.22,-3.49,-1.618%,115331,2303268226.00,United States,,Finance Companies,Finance
AGM^D,Federal Agricultural Mortgage Corporation 5.700% Non-Cumulative Preferred Stock Series D,$19.74,-0.78,-3.801%,15357,,United States,,,
AGM^E,Federal Agricultural Mortgage Corporation 5.750% Non-Cumulative Preferred Stock Series E,$19.47,-0.43,-2.161%,12708,,United States,,,
AGM^F,Federal Agricultural Mortgage Corporation 5.250% Non-Cumulative Preferred Stock Series F,$18.03,-0.26,-1.422%,33087,,United States,,,
AGM^G,Federal Agricultural Mortgage Corporation 4.875% Non-Cumulative Preferred Stock Series G,$16.955,-0.025,-0.147%,30848,,United States,,,
AGM^H,Federal Agricultural Mortgage Corporation 6.500% Non-Cumulative Preferred Stock Series H,$21.94,0.03,0.137%,5300,,United States,,,
AGM^I,Federal Agricultural Mortgage Corporation 6.875% Non-Cumulative Preferred Stock Series I,$24.18,0.03,0.124%,9112,,United States,,,
AGMB,AgomAb Therapeutics NV American Depositary Shares,$10.53,0.32,3.134%,113497,518581177.00,Belgium,2026,Biotechnology: Biological Products (No Diagnostic Substances),Health Care
AGMH,AGM Group Holdings Inc. Class A Ordinary Shares,$0.7471,0.0103,1.398%,26071,3583372.00,Hong Kong,2018,EDP Services,Technology
AGNC,AGNC Investment Corp. Common Stock,$9.45,-0.01,-0.106%,39481730,11202799674.00,United States,2008,Real Estate Investment Trusts,Real Estate
AGNCL,AGNC Investment Corp. Depositary Shares Each Representing a 1/1000th Interest in a Share of 7.75% Series G Fixed-Rate Reset Cumulative Redeemable Preferred Stock,$25.43,0.02,0.079%,12749,30146793197.00,United States,,Real Estate Investment Trusts,Real Estate
AGNCM,AGNC Investment Corp. Depositary Shares rep 6.875% Series D Fixed-to-Floating Cumulative Redeemable Preferred Stock,$25.12,0.01,0.04%,21253,29779293949.00,United States,,Real Estate Investment Trusts,Real Estate
AGNCN,AGNC Investment Corp. Depositary Shares Each Representing a 1/1000th Interest in a Share of 7.00% Series C Fixed-To-Floating Rate Cumulative Redeemable Preferred Stock,$25.64,-0.03,-0.117%,33096,30395744301.00,United States,,Real Estate Investment Trusts,Real Estate
AGNCO,AGNC Investment Corp. Depositary Shares each representing a 1/1000th interest in a share of 6.50% Series E Fixed-to-Floating Cumulative Redeemable Preferred Stock,$25.57,0.03,0.117%,50900,30312760600.00,United States,,Real Estate Investment Trusts,Real Estate
AGNCP,AGNC Investment Corp. Depositary Shares Each Representing a 1/1000th Interest in a Share of 6.125% Series F Fixed-to-Floating Rate Cumulative Redeemable Preferred Stock,$25.18,-0.02,-0.079%,95942,29850422835.00,United States,,Real Estate Investment Trusts,Real Estate
AGNCZ,AGNC Investment Corp. Depositary Shares Each Representing a 1/1000th Interest in a Share of 8.75% Series H Fixed-Rate Cumulative Redeemable Preferred Stock,$25.02,0.00,0.00%,57830,29660745804.00,United States,,Real Estate Investment Trusts,Real Estate
AGNT,AGNT Inc. Common Stock,$3.55,0.04,1.14%,1446758,593268676.00,United States,,Real Estate,Finance
AGO,Assured Guaranty Ltd. Common Stock,$68.97,-0.42,-0.605%,435625,3033245976.00,Bermuda,2004,Property-Casualty Insurers,Finance
AGPU,Axe Compute Inc. Common Stock,$12.55,0.40,3.292%,446134,145468606.00,United States,,Industrial Specialties,Health Care
AGRO,Adecoagro S.A. Common Shares,$10.02,-0.05,-0.497%,600671,1445970829.00,Luxembourg,2011,Farming/Seeds/Milling,Consumer Staples
AGRZ,Agroz Inc. Class A Ordinary Shares,$3.27,-0.51,-13.492%,57623,6189044.00,Malaysia,2025,Farming/Seeds/Milling,Consumer Staples
AGX,Argan Inc. Common Stock,$378.39,23.18,6.526%,423551,5308751914.00,United States,,Engineering & Construction,Consumer Discretionary
AGYS,Agilysys Inc. Common Stock (DE),$96.34,-0.76,-0.783%,235620,2717345616.00,United States,,EDP Services,Technology
AHCO,AdaptHealth Corp. Common Stock,$5.67,0.02,0.354%,2454005,773071591.00,United States,2018,Medical/Nursing Services,Health Care
AHG,Akso Health Group ADS,$0.691,-0.04,-5.472%,32874,591982586.00,China,2017,Business Services,Consumer Discretionary
AHL^D,Aspen Insurance Holdings Limited 5.625% Perpetual Non-Cumulative Preference Shares,$17.57,-0.03,-0.17%,15742,,Bermuda,,,
AHL^E,Aspen Insurance Holdings Limited Depositary Shares each representing a 1/1000th interest in a share of 5.625% Perpetual Non-Cumulative Preference Shares,$17.40,-0.08,-0.458%,15501,,Bermuda,,,
AHL^F,Aspen Insurance Holdings Limited Depositary Shares each representing a 1/1000th Interest in a 7.00% Perpetual Non-Cumulative Preference Share,$22.01,-0.33,-1.477%,32743,,Bermuda,,,
AHMA,Ambitions Enterprise Management Co. L.L.C Class A Ordinary Shares,$1.35,-0.04,-2.878%,53754,40128750.00,United Arab Emirates,2025,Services-Misc. Amusement & Recreation,Consumer Discretionary
AHR,American Healthcare REIT Inc. Common Stock,$52.08,0.18,0.347%,2621534,12144285216.00,United States,2024,Real Estate Investment Trusts,Real Estate
AHRT,AH Realty Trust Inc. Common Stock,$6.02,0.12,2.034%,1308771,449049812.00,United States,2013,Real Estate,Finance
AHRT^A,AH Realty Trust Inc. 6.75% Series A Cumulative Redeemable Perpetual Preferred Stock,$20.24,-0.1129,-0.555%,4532,,United States,,,
AHT,Ashford Hospitality Trust Inc Common Stock,$2.47,-0.04,-1.594%,14622,15980441.00,United States,2003,Real Estate Investment Trusts,Real Estate
AHT^D,Ashford Hospitality Trust Inc 8.45% Series D Cumulative Preferred Stock,$4.635,0.01,0.216%,3785,,United States,,,
AHT^F,Ashford Hospitality Trust Inc 7.375% Series F Cumulative Preferred Stock,$4.4357,0.00,0.00%,2333,,United States,,,
AHT^G,Ashford Hospitality Trust Inc 7.375% Series G Cumulative Preferred Stock,$4.35,-0.07,-1.584%,835,,United States,,,
AHT^H,Ashford Hospitality Trust Inc 7.50% Series H Cumulative Preferred Stock,$4.23,-0.21,-4.73%,2617,,United States,,,
AHT^I,Ashford Hospitality Trust Inc 7.50% Series I Cumulative Preferred Stock,$4.18,0.009,0.216%,3601,,United States,,,
AI,C3.ai Inc. Class A Common Stock,$10.34,-0.07,-0.672%,3590017,1662463711.00,United States,2020,Computer Software: Prepackaged Software,Technology
AIAI,AIAI Holdings Corporation Class A Common Stock,$3.145,-0.595,-15.909%,632638,222809689.00,United States,,EDP Services,Technology
AIB,AIB Data Centers Inc. Common Stock,$1.71,0.06,3.636%,1118221,129924887.00,,2026,Investment Bankers/Brokers/Service,Finance
AIBZ,Bitzero Holdings Inc. Common Shares,$4.20,0.08,1.942%,184579,261281966.00,Canada,,Services-Misc. Amusement & Recreation,Consumer Discretionary
AIDX,20/20 Biolabs Inc. Common Stock,$0.4091,0.0001,0.024%,102993,5224331.00,United States,,Precision Instruments,Health Care
AIFA,All In FutureTech Alliance Inc. Common Stock,$4.04,-0.14,-3.349%,65167,25938077.00,United States,2017,Services-Misc. Amusement & Recreation,Consumer Discretionary
AIFC,AI Financial Corporation Common Stock,$0.4842,-0.0216,-4.27%,562701,67708839.00,United States,,Investment Bankers/Brokers/Service,Finance
AIFF,Firefly Neuroscience Inc. Common Stock,$1.62,-0.07,-4.142%,1318406,25418312.00,United States,,Computer Software: Prepackaged Software,Technology
AIFU,AIFU Inc. Class A Ordinary Share,$10.83,2.02,22.928%,26380,66882896.00,China,2007,Specialty Insurers,Finance
AIG,American International Group Inc. New Common Stock,$75.27,2.49,3.421%,11134688,39358168831.00,United States,,Property-Casualty Insurers,Finance
AII,American Integrity Insurance Group Inc. Common Stock,$25.26,0.28,1.121%,99530,494929966.00,United States,2025,Property-Casualty Insurers,Finance
AIIA,AI Infrastructure Acquisition Corp. Class A Ordinary Shares,$10.27,0.00,0.00%,3383,0.00,,2025,Blank Checks,Finance
AIIO,Robo.ai Inc. Class B Ordinary Shares,$1.37,-0.02,-1.439%,264508,163078739.00,United Arab Emirates,,Auto Manufacturing,Industrials
AIIOW,Robo.ai Inc. Warrant,$0.0112,-0.0047,-29.56%,39309,1333198.00,United Arab Emirates,,Auto Manufacturing,Industrials
AIIR,Air Global PLC Ordinary Shares,$7.75,0.69,9.773%,163290,1242996166.00,United Arab Emirates,,Tobacco,Consumer Discretionary
AIM,AIM ImmunoTech Inc. Common Stock,$0.1735,-0.0109,-5.911%,2631478,6160634.00,,,Biotechnology: Biological Products (No Diagnostic Substances),Health Care
AIMD,Ainos Inc. Common Stock,$1.24,-0.09,-6.767%,227035,10594651.00,United States,,Computer peripheral equipment,Technology
AIMDW,Ainos Inc. Warrants,$0.0879,0.00,0.00%,35,751024.00,United States,,Computer peripheral equipment,Technology
AIN,Albany International Corporation Common Stock,$59.59,-0.49,-0.816%,153606,1692356000.00,United States,,Textiles,Consumer Discretionary
AIO,Virtus Artificial Intelligence & Technology Opportunities Fund Common Shares of Beneficial Interest,$25.18,0.19,0.76%,134301,864705675.00,,2019,Finance/Investors Services,Finance
AIOS,AIOS Tech Inc. Class A Common Shares,$13.40,-0.31,-2.261%,3717,43540017.00,China,2016,Metal Fabrications,Industrials
AIOT,PowerFleet Inc. Common Stock,$2.75,0.13,4.962%,3393442,369121275.00,United States,,Telecommunications Equipment,Telecommunications
AIP,Arteris Inc. Common Stock,$23.26,0.14,0.606%,443141,1143277893.00,United States,2021,Semiconductors,Technology
AIR,AAR Corp. Common Stock,$106.75,-8.34,-7.247%,2569811,4297631170.00,United States,,Aerospace,Industrials
AIRE,reAlpha Tech Corp. Common Stock,$1.35,-0.01,-0.735%,12996,8108942.00,United States,,Real Estate,Finance
AIRG,Airgain Inc. Common Stock,$5.20,0.05,0.971%,30157,68121217.00,United States,2016,Radio And Television Broadcasting And Communications Equipment,Technology
AIRI,Air Industries Group Common Stock,$2.55,-0.099,-3.737%,15111,12369178.00,United States,,Military/Government/Technical,Industrials
AIRJ,AirJoule Technologies Corporation Class A Common Stock,$3.95,-0.09,-2.228%,891611,297067247.00,United States,2022,Industrial Machinery/Components,Industrials
AIRJW,AirJoule Technologies Corporation Warrant,$0.96,-0.03,-3.03%,331,72198622.00,United States,2022,Industrial Machinery/Components,Industrials
AIRO,AIRO Group Holdings Inc. Common Stock,$6.79,-0.18,-2.582%,306729,214264676.00,United States,2025,Aerospace,Industrials
AIRS,AirSculpt Technologies Inc. Common Stock,$1.80,-0.08,-4.255%,731354,129771376.00,United States,2021,Medical/Nursing Services,Health Care
AIRT,Air T Inc. Common Stock,$28.40,-0.08,-0.281%,144750,76161643.00,United States,,Air Freight/Delivery Services,Consumer Discretionary
AIRTP,Air T Inc. Air T Funding Alpha Income Trust Preferred Securities,$18.90,0.10,0.532%,1296,50685037.00,United States,,Air Freight/Delivery Services,Consumer Discretionary
AISP,Airship AI Holdings Inc. Class A Common Stock,$1.83,0.03,1.667%,210347,63024398.00,United States,2021,Computer Software: Prepackaged Software,Technology
AISPW,Airship AI Holdings Inc. Warrants,$0.3354,-0.0138,-3.952%,1520,11551029.00,United States,2021,Computer Software: Prepackaged Software,Technology
AIT,Applied Industrial Technologies Inc. Common Stock,$336.15,-1.27,-0.376%,194100,12348098804.00,United States,,Industrial Specialties,Consumer Discretionary
AIV,Apartment Investment and Management Company Common Stock,$2.06,-0.08,-3.738%,2558862,299188010.00,United States,1994,Real Estate Investment Trusts,Real Estate
AIXI,XIAO-I Corporation American Depositary Shares,$1.49,-0.11,-6.875%,1189037,195954.00,China,2023,Computer Software: Prepackaged Software,Technology
AIZ,Assurant Inc. Common Stock,$263.65,0.12,0.046%,270652,13004211170.00,United States,2004,Property-Casualty Insurers,Finance
AIZN,Assurant Inc. 5.25% Subordinated Notes due 2061,$17.72,-0.32,-1.774%,12606,894137219.00,United States,2020,Property-Casualty Insurers,Finance
AJG,Arthur J. Gallagher & Co. Common Stock,$227.75,-1.71,-0.745%,1484994,58372325000.00,United States,,Specialty Insurers,Finance
AKA,a.k.a. Brands Holding Corp. Common Stock,$11.00,-0.22,-1.961%,1285,120901649.00,,2021,Catalog/Specialty Distribution,Consumer Discretionary
AKAM,Akamai Technologies Inc. Common Stock,$108.45,-0.54,-0.495%,6060351,15586066246.00,United States,1999,Business Services,Consumer Discretionary
AKAN,Akanda Corp. Common Shares,$2.57,-0.255,-9.027%,132505,1389961.00,United Kingdom,2022, Medicinal Chemicals and Botanical Products ,Health Care
AKBA,Akebia Therapeutics Inc. Common Stock,$0.8861,-0.007,-0.784%,3454340,245543844.00,United States,2014,Biotechnology: Pharmaceutical Preparations,Health Care
AKO/A,Embotelladora Andina S.A.,$25.97,0.00,0.00%,142,,Chile,,,
AKO/B,Embotelladora Andina S.A.,$30.43,0.60,2.011%,7368,,Chile,,,
AKR,Acadia Realty Trust Common Stock,$19.20,-0.06,-0.312%,1121399,2636788262.00,United States,,Real Estate Investment Trusts,Real Estate
AKTS,Aktis Oncology Inc. Common stock,$19.69,0.34,1.757%,194731,1095147935.00,United States,2026,Biotechnology: Pharmaceutical Preparations,Health Care
AKTX,Akari Therapeutics plc ADS,$9.72,-0.09,-0.917%,50672,18924665.00,United Kingdom,,Biotechnology: Pharmaceutical Preparations,Health Care
ALAB,Astera Labs Inc. Common Stock,$357.84,6.53,1.859%,2694782,62079909615.00,United States,2024,Semiconductors,Technology
ALAR,Alarum Technologies Ltd. American Depositary Share,$1.75,-0.06,-3.315%,34661,12688324.00,Israel,2018,Computer Software: Prepackaged Software,Technology
ALB,Albemarle Corporation Common Stock,$107.62,0.23,0.214%,1782611,12699704234.00,United States,,Major Chemicals,Industrials
ALB^A,Albemarle Corporation Depositary Shares each representing a 1/20th of 7.25% Series A Mandatory Convertible Preferred Stock,$45.88,0.12,0.262%,109253,,United States,,,
ALC,Alcon Inc. Ordinary Shares,$65.44,0.18,0.276%,2288615,32700368000.00,Switzerland,2019,Ophthalmic Goods,Health Care
ALCO,Alico Inc. Common Stock,$38.50,-0.65,-1.66%,22229,285614599.00,United States,,Farming/Seeds/Milling,Consumer Staples
ALDF,Aldel Financial II Inc. Class A Ordinary Shares,$10.82,-0.01,-0.092%,63714,0.00,United States,2024,,
ALDFW,Aldel Financial II Inc. Warrants,$0.2301,0.00,0.00%,4,0.00,United States,2024,Blank Checks,Finance
ALDX,Aldeyra Therapeutics Inc. Common Stock,$1.32,0.16,13.793%,5458505,79630876.00,United States,2014,Biotechnology: Pharmaceutical Preparations,Health Care
ALEC,Alector Inc. Common Stock,$1.87,-0.05,-2.604%,960750,208798439.00,United States,2019,Biotechnology: Biological Products (No Diagnostic Substances),Health Care
ALF,Centurion Acquisition Corp. Class A Ordinary Shares,$10.82,-0.10,-0.916%,933,0.00,United States,2024,,
ALFUW,Centurion Acquisition Corp. Warrant,$0.25,0.00,0.00%,1402,0.00,United States,2024,Blank Checks,Finance
ALG,Alamo Group Inc. Common Stock,$158.79,1.07,0.678%,142525,1932627532.00,United States,,Industrial Machinery/Components,Industrials
ALGM,Allegro MicroSystems Inc. Common Stock,$36.60,-0.34,-0.92%,2414535,6822314884.00,United States,2020,Semiconductors,Technology
ALGN,Align Technology Inc. Common Stock,$144.01,-0.99,-0.683%,937501,10230449087.00,United States,2001,Industrial Specialties,Health Care
ALGS,Aligos Therapeutics Inc. Common Stock,$5.62,0.08,1.444%,11494,35094416.00,United States,2020,Biotechnology: Biological Products (No Diagnostic Substances),Health Care
ALGT,Allegiant Travel Company Common Stock,$77.03,0.48,0.627%,464936,2105827268.00,United States,2006,Air Freight/Delivery Services,Consumer Discretionary
ALH,Alliance Laundry Holdings Inc. Common Stock,$21.73,-0.14,-0.64%,1248492,4319687056.00,United States,2025,Industrial Machinery/Components,Industrials
ALHC,Alignment Healthcare Inc. Common Stock,$7.91,-0.02,-0.252%,7075701,1640812029.00,United States,2021,Medical Specialities,Health Care
ALIS,Calisa Acquisition Corp Ordinary shares,$10.32,-0.01,-0.097%,3715,0.00,United States,2025,,
ALISR,Calisa Acquisition Corp Right,$0.67,0.01,1.515%,2623,0.00,United States,2025,Blank Checks,Finance
ALIT,Alight Inc. Class A Common Stock,$9.23,-0.64,-6.484%,619302,248647828.00,United States,2021,Business Services,Consumer Discretionary
ALK,Alaska Air Group Inc. Common Stock,$39.93,0.23,0.579%,3860310,4456312582.00,United States,,Air Freight/Delivery Services,Consumer Discretionary
ALKS,Alkermes plc Ordinary Shares,$40.80,0.65,1.619%,2686844,6844741498.00,Ireland,1991,Biotechnology: Pharmaceutical Preparations,Health Care
ALKT,Alkami Technology Inc. Common Stock,$13.37,-0.02,-0.149%,1714428,1429814273.00,United States,2021,Computer Software: Prepackaged Software,Technology
ALL,Allstate Corporation (The) Common Stock,$225.42,-2.13,-0.936%,4096077,56999239089.00,United States,,Property-Casualty Insurers,Finance
ALL^B,Allstate Corporation (The) 5.100% Fixed-to-Floating Rate Subordinated Debentures due 2053,$25.86,0.11,0.427%,33390,,United States,,,
ALL^H,Allstate Corporation (The) Depositary Shares each representing a 1/1000th interest in a share of Fixed Rate Noncumulative Perpetual Preferred Stock Series H,$18.18,-0.13,-0.71%,290667,,United States,,,
ALL^I,Allstate Corporation (The) Depositary Shares each representing a 1/1000th interest in a share of Fixed Rate Noncumulative Perpetual Preferred Stock Series I,$17.19,-0.07,-0.406%,50540,,United States,,,
ALL^J,Allstate Corporation (The) Depositary Shares each representing a 1/1000th interest in a share of Fixed Rate Noncumulative Perpetual Preferred Stock Series J,$26.10,-0.04,-0.153%,78386,,United States,,,
ALLE,Allegion plc Ordinary Shares,$155.43,0.05,0.032%,1202163,13217267648.00,United States,2013,Diversified Commercial Services,Consumer Discretionary
ALLO,Allogene Therapeutics Inc. Common Stock,$1.62,-0.01,-0.613%,4318987,559695227.00,United States,2018,Biotechnology: Biological Products (No Diagnostic Substances),Health Care
ALLR,Allarity Therapeutics Inc. Common Stock,$0.9651,-0.0033,-0.341%,167897,15355440.00,United States,,Biotechnology: Pharmaceutical Preparations,Health Care
ALLT,Allot Ltd. Ordinary Shares,$8.44,-0.09,-1.055%,213453,412910956.00,Israel,2006,Computer Communications Equipment,Telecommunications
ALLY,Ally Financial Inc. Common Stock,$37.81,-0.38,-0.995%,3586965,11501790392.00,United States,2014,Major Banks,Finance
ALM,Almonty Industries Inc. Common Shares,$13.19,-0.02,-0.151%,6538178,3805061093.00,Canada,,Other Metals and Minerals,Basic Materials
ALMR,Alamar Biosciences Inc. Common Stock,$32.65,0.04,0.123%,1090677,2265673810.00,United States,2026,Biotechnology: Laboratory Analytical Instruments,Industrials
ALMS,Alumis Inc. Common Stock,$7.29,0.13,1.816%,1668253,943582892.00,United States,2024,Biotechnology: Pharmaceutical Preparations,Health Care
ALMU,Aeluma Inc. Common Stock,$12.75,-0.01,-0.078%,328251,245637305.00,United States,,Semiconductors,Technology
ALNT,Allient Inc. Common Stock,$112.10,-2.31,-2.019%,207442,1905981483.00,United States,,Electrical Products,Industrials
ALNY,Alnylam Pharmaceuticals Inc. Common Stock,$254.07,-1.29,-0.505%,787083,33996882610.00,United States,2004,Biotechnology: Pharmaceutical Preparations,Health Care
ALOV,Aldabra 4 Liquidity Opportunity Vehicle Inc. Class A Ordinary Shares,$9.99,-0.01,-0.10%,1217,0.00,United States,2026,,
ALOVW,Aldabra 4 Liquidity Opportunity Vehicle Inc. Warrants,$0.365,-0.0036,-0.977%,184,0.00,United States,2026,,
ALOY,REalloys Inc. Common Stock,$8.00,-0.42,-4.988%,2358442,555351448.00,United States,,Metal Mining,Basic Materials
ALP,Alpha Compute Corp Ordinary Shares,$5.14,-0.16,-3.019%,43023,7966219.00,Canada,,Finance: Consumer Services,Finance
ALPS,ALPS Group Inc Ordinary Share,$0.3999,-0.0001,-0.025%,28060,66543486.00,Malaysia,,Medical/Nursing Services,Health Care
ALPX,Alpex Acquisition Corporation Class A Ordinary Shares,$9.95,0.00,0.00%,150018,0.00,United States,2026,Blank Checks,Finance
ALPXR,Alpex Acquisition Corporation Rights,$0.16,-0.02,-11.111%,400,0.00,United States,2026,Blank Checks,Finance
ALRM,Alarm.com Holdings Inc. Common Stock,$53.84,0.07,0.13%,608963,2643017876.00,United States,2015,Computer Software: Prepackaged Software,Technology
ALRS,Alerus Financial Corporation Common Stock,$31.77,-0.29,-0.905%,135448,791947501.00,United States,2019,Major Banks,Finance
ALSN,Allison Transmission Holdings Inc. Common Stock,$113.01,-0.65,-0.572%,729136,9332144074.00,United States,2012,Auto Parts:O.E.M.,Consumer Discretionary
ALT,Altimmune Inc. Common Stock,$2.97,0.01,0.338%,2563685,577717572.00,United States,,Biotechnology: Pharmaceutical Preparations,Health Care
ALTG,Alta Equipment Group Inc. Class A Common Stock,$5.93,0.15,2.595%,166958,193714551.00,United States,2019,Industrial Machinery/Components,Industrials
ALTG^A,Alta Equipment Group Inc. Depositary Shares (each representing 1/1000th in a share of 10% Series A Cumulative Perpetual Preferred Stock),$25.22,-0.11,-0.434%,4238,,United States,,,
ALTI,AlTi Global Inc. Class A Common Stock,$3.01,-0.08,-2.589%,123260,469389730.00,United States,2021,Investment Managers,Finance
ALTO,Alto Ingredients Inc. Common Stock,$3.63,-0.04,-1.09%,1270304,281570257.00,United States,,Major Chemicals,Industrials
ALUB,Alussa Energy Acquisition Corp. II Class A Ordinary Shares,$10.13,0.00,0.00%,11223,0.00,,2026,,
ALV,Autoliv Inc. Common Stock,$113.04,-0.99,-0.868%,785000,8278735010.00,Sweden,,Auto Parts:O.E.M.,Consumer Discretionary
ALVO,Alvotech Ordinary Shares,$5.92,-0.23,-3.74%,1169862,2311354362.00,Luxembourg,,Biotechnology: Biological Products (No Diagnostic Substances),Health Care
ALX,Alexander's Inc. Common Stock,$247.02,-2.06,-0.827%,36397,1261602776.00,United States,,Real Estate Investment Trusts,Real Estate
ALXO,ALX Oncology Holdings Inc. Common Stock,$1.35,-0.04,-2.878%,1775594,186673946.00,United States,2020,Biotechnology: Pharmaceutical Preparations,Health Care
ALZN,Alzamend Neuro Inc. Common Stock,$1.82,0.09,5.202%,49617,8782816.00,United States,2021,Biotechnology: Pharmaceutical Preparations,Health Care
AM,Antero Midstream Corporation Common Stock,$20.25,-0.45,-2.174%,3087056,9612148500.00,United States,2017,Natural Gas Distribution,Utilities
AMAC,AMR Resources Acquisition Corp Class A Ordinary Shares,$9.79,-0.005,-0.051%,3945,0.00,Cayman Islands,2026,Blank Checks,Finance
AMAL,Amalgamated Financial Corp. Common Stock (DE),$46.85,-0.43,-0.909%,190916,1400821887.00,United States,2018,Major Banks,Finance
AMAN,Amanat Acquisition Corp Class A Ordinary Shares,$10.61,-0.02,-0.188%,698,0.00,United States,2026,Blank Checks,Finance
AMAT,Applied Materials Inc. Common Stock,$512.01,25.25,5.187%,7161259,406329826790.00,United States,1972,Semiconductors,Technology
AMBA,Ambarella Inc. Ordinary Shares,$68.73,0.05,0.073%,930136,3033808937.00,United States,2012,Semiconductors,Technology
AMBO,Ambow Education Holding Ltd. American Depository Shares (each representing twenty (20) Class A Ordinary Shares),$1.96,-0.16,-7.547%,1193,5606231.00,China,,Other Consumer Services,Real Estate
AMBP,Ardagh Metal Packaging S.A. Ordinary Shares,$4.35,-0.05,-1.136%,859048,2599993199.00,,,Containers/Packaging,Industrials
AMBQ,Ambiq Micro Inc. Common Stock,$64.81,-3.49,-5.11%,597667,1567399778.00,United States,2025,Semiconductors,Technology
AMBR,Amber International Holding Limited American Depositary Shares,$1.84,0.065,3.662%,138358,173466462.00,Hong Kong,2017,Finance: Consumer Services,Finance
AMC,AMC Entertainment Holdings Inc. Class A Common Stock,$3.08,-0.21,-6.383%,43460179,2749222285.00,United States,2013,Movies/Entertainment,Consumer Discretionary
AMCI,AMC Robotics Corporation Common Stock,$3.26,0.02,0.617%,35777,75652939.00,United States,2023,Home Furnishings,Consumer Discretionary
AMCR,Amcor plc Ordinary Shares,$42.46,-0.33,-0.771%,2625400,19631197997.00,United Kingdom,2019,Miscellaneous manufacturing industries,Consumer Discretionary
AMCX,AMC Global Media Inc. Class A Common Stock,$11.54,-0.49,-4.073%,692412,476024665.00,United States,,Cable & Other Pay Television Services,Telecommunications
AMD,Advanced Micro Devices Inc. Common Stock,$607.57,-0.30,-0.049%,16514347,991842861268.00,United States,,Semiconductors,Technology
AME,AMETEK Inc.,$250.78,-0.89,-0.354%,1189999,57494134770.00,United States,,Industrial Machinery/Components,Industrials
AMG,Affiliated Managers Group Inc. Common Stock,$370.61,2.48,0.674%,303771,9583949769.00,United States,,Investment Managers,Finance
AMGN,Amgen Inc. Common Stock,$423.64,5.51,1.318%,3738333,229033342598.00,United States,1983,Biotechnology: Biological Products (No Diagnostic Substances),Health Care
AMH,American Homes 4 Rent Common Shares of Beneficial Interest,$30.68,0.12,0.393%,3172732,11019640682.00,United States,2013,Real Estate Investment Trusts,Real Estate
AMH^G,American Homes 4 Rent Series G cumulative redeemable perpetual preferred shares of beneficial interest,$21.01,0.07,0.334%,5693,,United States,,,
AMH^H,American Homes 4 Rent Series H cumulative redeemable perpetual Preferred Shares of Beneficial Interest,$22.67,0.01,0.044%,17863,,United States,,,
AMIX,Autonomix Medical Inc. Common Stock,$3.75,-0.08,-2.089%,47744,7349768.00,United States,2024,Medical/Dental Instruments,Health Care
AMKR,Amkor Technology Inc. Common Stock,$54.14,0.96,1.805%,2692986,13451216834.00,United States,1998,Semiconductors,Technology
AMLX,Amylyx Pharmaceuticals Inc. Common Stock,$29.28,-0.57,-1.91%,1177791,3673418526.00,United States,2022,Biotechnology: Pharmaceutical Preparations,Health Care
AMN,AMN Healthcare Services Inc,$34.95,0.69,2.014%,660091,1353613185.00,United States,,Professional Services,Consumer Discretionary
AMOD,Alpha Modus Holdings Inc. Class A Common Stock,$1.58,0.01,0.637%,41387,7878297.00,United States,,Multi-Sector Companies,Miscellaneous
AMP,Ameriprise Financial Inc. Common Stock,$497.32,1.16,0.234%,497160,44707617815.00,United States,,Investment Managers,Finance
AMPG,Amplitech Group Inc. Common Stock,$3.22,0.07,2.222%,720805,96741316.00,United States,,Telecommunications Equipment,Telecommunications
AMPGZ,Amplitech Group Inc. Series B Right,$0.1758,0.0142,8.787%,41334,5281715.00,United States,,Telecommunications Equipment,Telecommunications
AMPH,Amphastar Pharmaceuticals Inc. Common Stock,$26.68,-0.71,-2.592%,632037,1134912346.00,United States,2014,Biotechnology: Pharmaceutical Preparations,Health Care
AMPL,Amplitude Inc. Class A Common Stock,$13.64,0.34,2.556%,1486980,1703855140.00,United States,,Computer Software: Prepackaged Software,Technology
AMPX,Amprius Technologies Inc. Common Stock,$9.53,-0.07,-0.729%,6770542,1392148290.00,United States,2022,Industrial Machinery/Components,Miscellaneous
AMPY,Amplify Energy Corp. Common Stock,$4.15,-0.04,-0.955%,440396,172044268.00,United States,2016,Oil & Gas Production,Energy
AMR,Alpha Metallurgical Resources Inc. Common Stock,$166.00,-9.54,-5.435%,303338,2104721470.00,United States,2018,Coal Mining,Energy
AMRC,Ameresco Inc. Class A Common Stock,$21.03,0.71,3.494%,700077,1115982417.00,United States,2010,Engineering & Construction,Consumer Discretionary
AMRN,Amarin Corporation plc,$13.14,-0.11,-0.83%,19822,277554039.00,Ireland,,Biotechnology: Pharmaceutical Preparations,Health Care
AMRX,Amneal Pharmaceuticals Inc. Class A Common Stock,$20.20,-0.30,-1.463%,2847657,7035579543.00,United States,,Biotechnology: Pharmaceutical Preparations,Health Care
AMRZ,Amrize Ltd Ordinary Shares,$37.71,-0.34,-0.894%,3439578,20624566035.00,Switzerland,2025,Building Materials,Industrials
AMS,American Shared Hospital Services Common Stock,$1.44,0.01,0.699%,1255,9576000.00,United States,1988,Medical Specialities,Health Care
AMSC,American Superconductor Corporation Common Stock,$29.17,-0.12,-0.41%,661976,1413057311.00,United States,1991,Metal Fabrications,Consumer Discretionary
AMSF,AMERISAFE Inc. Common Stock,$23.87,0.11,0.463%,404449,442455704.00,United States,2005,Property-Casualty Insurers,Finance
AMSS,AMASS Brands Inc. Common Stock,$0.441,-0.1163,-20.868%,676310,5117841.00,United States,,Beverages (Production/Distribution),Consumer Staples
AMST,Amesite Inc. Common Stock,$0.99,-0.02,-1.98%,34425,6484352.00,United States,2020,Computer Software: Prepackaged Software,Technology
AMT,American Tower Corporation (REIT) Common Stock,$167.35,-0.65,-0.387%,2841130,77978414033.00,United States,,Real Estate Investment Trusts,Real Estate
AMTB,Amerant Bancorp Inc. Class A Common Stock,$29.13,-0.17,-0.58%,253120,1141600564.00,United States,,Major Banks,Finance
AMTD,AMTD IDEA Group American Depositary Shares each representing six (6) Class A Ordinary Shares,$0.7222,-0.0053,-0.729%,2042,69118551.00,,,Finance: Consumer Services,Finance
AMTM,Amentum Holdings Inc. Common Stock,$18.15,-0.34,-1.839%,2954949,4437791396.00,United States,2024,Business Services,Consumer Discretionary
AMTX,Aemetis Inc. (DE) Common Stock,$1.83,-0.015,-0.813%,547085,132070357.00,United States,,Major Chemicals,Industrials
AMWL,American Well Corporation Class A Common Stock,$13.14,-0.30,-2.232%,67412,223495080.00,United States,2020,Business Services,Consumer Discretionary
AMX,America Movil S.A.B. de C.V. American Depositary Shares (each representing the right to receive twenty (20) Series B Shares,$21.78,0.12,0.554%,2372942,65552355000.00,Mexico,2023,Telecommunications Equipment,Telecommunications
AMZN,Amazon.com Inc. Common Stock,$246.67,0.52,0.211%,33730546,2660659968805.00,United States,1997,Catalog/Specialty Distribution,Consumer Discretionary
AN,AutoNation Inc. Common Stock,$156.80,-4.56,-2.826%,643592,5183934381.00,United States,,Retail-Auto Dealers and Gas Stations,Consumer Discretionary
ANAB,AnaptysBio Inc. Common Stock,$50.37,-0.43,-0.846%,677631,1491379188.00,United States,2017,Biotechnology: Pharmaceutical Preparations,Health Care
ANDE,Andersons Inc. (The) Common Stock,$66.21,-0.24,-0.361%,263322,2249522490.00,United States,,Farming/Seeds/Milling,Industrials
ANDG,Andersen Group Inc. Class A Common Stock,$55.47,2.69,5.097%,1033003,6267469488.00,,2025,Business Services,Consumer Discretionary
ANET,Arista Networks Inc. Common Stock,$202.86,-2.06,-1.005%,4554428,255852032093.00,United States,,Computer Communications Equipment,Telecommunications
ANF,Abercrombie & Fitch Company Common Stock,$133.59,-0.59,-0.44%,1145000,5668808423.00,United States,,Clothing/Shoe/Accessory Stores,Consumer Discretionary
ANG^D,American National Group Inc. Depositary Shares each representing a 1/1000th interest in a share of 7.375% Fixed-Rate Non-Cumulative Preferred Stock Series D,$24.26,0.17,0.706%,44559,,United States,,,
ANGH,Anghami Inc. Ordinary Shares,$3.7993,0.0086,0.227%,543,34439925.00,United Arab Emirates,,Telecommunications Equipment,Consumer Discretionary
ANGHW,Anghami Inc. Warrants,$0.0086,0.001,13.158%,20032,77957.00,United Arab Emirates,,Telecommunications Equipment,Consumer Discretionary
ANGI,Angi Inc. Class A Common Stock,$5.72,0.16,2.878%,810046,231981756.00,United States,,Advertising,Consumer Discretionary
ANGO,AngioDynamics Inc. Common Stock,$15.60,0.06,0.386%,862129,644785268.00,United States,2004,Medical/Dental Instruments,Health Care
ANGX,Angel Studios Inc. Class A Common Stock,$4.66,0.09,1.969%,1192778,870284447.00,United States,2025,Movies/Entertainment,Consumer Discretionary
ANIK,Anika Therapeutics Inc. Common Stock,$19.945,-0.735,-3.554%,151394,266923257.00,United States,,Medical/Dental Instruments,Health Care
ANIP,ANI Pharmaceuticals Inc.,$72.62,-2.21,-2.953%,328869,1667318019.00,United States,,Biotechnology: Pharmaceutical Preparations,Health Care
ANIX,Anixa Biosciences Inc. Common Stock,$2.85,0.06,2.151%,183256,99076836.00,United States,,Biotechnology: Pharmaceutical Preparations,Health Care
ANL,Adlai Nortye Group Ltd. American Depositary Shares,$15.65,0.25,1.623%,63036,1007827730.00,Cayman Islands,2023,Biotechnology: Pharmaceutical Preparations,Health Care
ANNA,AleAnna Inc. Class A Common Stock,$2.60,0.00,0.00%,68386,174029440.00,United States,,Oil & Gas Production,Energy
ANNAW,AleAnna Inc. Warrant,$0.2694,0.00,0.00%,55,18032127.00,United States,,Oil & Gas Production,Energy
ANNX,Annexon Inc. Common Stock,$4.13,0.12,2.993%,3706543,782961823.00,United States,2020,Biotechnology: Pharmaceutical Preparations,Health Care
ANPA,Rich Sparkle Holdings Limited Ordinary Shares,$2.02,0.07,3.59%,14966,30505545.00,Hong Kong,2025,Other Consumer Services,Consumer Discretionary
ANRO,Alto Neuroscience Inc. Common Stock,$26.58,-0.08,-0.30%,763398,1043055124.00,United States,2024,Biotechnology: Pharmaceutical Preparations,Health Care
ANTA,Antalpha Platform Holding Company Class A Ordinary Shares,$2.29,-0.25,-9.843%,6955,86104000.00,Singapore,2025,Investment Bankers/Brokers/Service,Finance
ANTX,AN2 Therapeutics Inc. Common Stock,$5.09,0.08,1.597%,178844,192077446.00,United States,2022,Biotechnology: Pharmaceutical Preparations,Health Care
ANVS,Annovis Bio Inc. Common Stock,$1.30,-0.08,-5.797%,812070,55482777.00,United States,2020,Biotechnology: Pharmaceutical Preparations,Health Care
AOD,abrdn Total Dynamic Dividend Fund Common Shares of Beneficial Interest,$10.21,0.03,0.295%,444079,0.00,United States,2007,Investment Managers,Finance
AOMD,Angel Oak Mortgage REIT Inc. 9.750% Senior Notes due 2030,$24.99,0.14,0.563%,3359,0.00,United States,2025,Real Estate,Finance
AOMN,Angel Oak Mortgage REIT Inc. 9.500% Senior Notes due 2029,$25.0301,0.0701,0.281%,3705,0.00,United States,2024,Real Estate,Finance
AOMR,Angel Oak Mortgage REIT Inc. Common Stock,$7.53,0.16,2.171%,205610,174808024.00,United States,2021,Real Estate,Finance
AON,Aon plc Class A Ordinary Shares (Ireland),$275.90,3.80,1.397%,1987947,58525407241.00,United States,,Specialty Insurers,Finance
AORT,Artivion Inc. Common Stock,$22.86,-0.09,-0.392%,336613,1114567212.00,United States,,Medical/Dental Instruments,Health Care
AOS,A.O. Smith Corporation Common Stock,$58.02,-0.36,-0.617%,1165139,7885415405.00,United States,,Consumer Electronics/Appliances,Consumer Discretionary
AOSL,Alpha and Omega Semiconductor Limited Common Shares,$27.61,0.25,0.914%,384787,835458031.00,Bermuda,2010,Semiconductors,Technology
AOUT,American Outdoor Brands Inc. Common Stock ,$16.90,-0.18,-1.054%,79021,213298703.00,United States,,Recreational Games/Products/Toys,Consumer Discretionary
AP,Ampco-Pittsburgh Corporation Common Stock,$9.00,0.12,1.351%,77112,185927589.00,United States,,Fluid Controls,Industrials
APA,APA Corporation Common Stock,$42.19,-0.14,-0.331%,5932598,14781330207.00,United States,,Oil & Gas Production,Energy
APAC,StoneBridge Acquisition II Corporation Class A Ordinary Shares,$10.26,0.00,0.00%,173,0.00,United States,2025,Blank Checks,Finance
APACR,StoneBridge Acquisition II Corporation Rights,$0.11,0.0199,22.087%,47726,0.00,United States,2025,,
APACU,StoneBridge Acquisition II Corporation Units,$10.45,0.06,0.577%,112,0.00,United States,2025,Blank Checks,Finance
APAM,Artisan Partners Asset Management Inc. Class A Common Stock,$36.42,0.59,1.647%,762106,2952666605.00,United States,2013,Investment Managers,Finance
APC,ARKO Petroleum Corp. Class A Common Stock,$15.07,-1.04,-6.456%,171908,189433261.00,United States,2026,Oil Refining/Marketing,Energy
APD,Air Products and Chemicals Inc. Common Stock,$279.19,0.44,0.158%,1062187,62171573121.00,United States,,Major Chemicals,Basic Materials
APEI,American Public Education Inc. Common Stock,$41.09,0.47,1.157%,209229,752010402.00,United States,2007,Other Consumer Services,Real Estate
APG,APi Group Corporation Common Stock,$38.75,0.40,1.043%,2434648,16746211509.00,United States,2020,Diversified Commercial Services,Consumer Discretionary
APH,Amphenol Corporation Common Stock,$84.34,-0.28,-0.331%,10623742,207979649527.00,United States,,Electrical Products,Technology
API,Agora Inc. American Depositary Shares,$4.15,0.00,0.00%,95658,347666250.00,China,2020,Computer Software: Prepackaged Software,Technology
APLD,Applied Digital Corporation Common Stock,$25.41,0.88,3.587%,16008654,7599988018.00,United States,2022,EDP Services,Technology
APLE,Apple Hospitality REIT Inc. Common Shares,$16.27,-0.08,-0.489%,1776826,3841065496.00,United States,2015,Real Estate Investment Trusts,Real Estate
APLM,Apollomics Inc. Class A Ordinary Shares,$24.1199,0.2749,1.153%,10145,69852509.00,United States,,Biotechnology: Pharmaceutical Preparations,Health Care
APLMW,Apollomics Inc. Warrant,$0.0109,-0.0007,-6.034%,87636,31567.00,United States,,Biotechnology: Pharmaceutical Preparations,Health Care
APMC,AmperCap Acquisition Company Ordinary Shares,$9.96,0.00,0.00%,12,0.00,United States,2026,Blank Checks,Finance
APMCU,AmperCap Acquisition Company Unit,$10.03,0.00,0.00%,215,0.00,United States,2026,Blank Checks,Finance
APMD,Apnimed Inc. Common Stock,$23.90,2.23,10.291%,670242,994975618.00,United States,2026,Biotechnology: Pharmaceutical Preparations,Health Care
APO,Apollo Global Management Inc. (New) Common Stock,$119.00,0.00,0.00%,2505902,70274635921.00,United States,,Investment Managers,Finance
APOG,Apogee Enterprises Inc. Common Stock,$35.84,-0.57,-1.566%,207165,747919657.00,United States,,Auto Parts:O.E.M.,Consumer Discretionary
APOS,Apollo Global Management Inc. 7.625% Fixed-Rate Resettable Junior Subordinated Notes due 2053,$25.16,-0.02,-0.079%,30527,14329482258.00,United States,1987,Investment Managers,Finance
APP,Applovin Corporation Class A Common Stock,$305.66,-2.58,-0.837%,3729404,102289424660.00,United States,2021,Computer Software: Programming Data Processing,Technology
APPF,AppFolio Inc. Class A Common Stock,$195.82,-2.09,-1.056%,330463,6935355373.00,United States,2015,Computer Software: Prepackaged Software,Technology
APPN,Appian Corporation Class A Common Stock,$35.33,0.31,0.885%,523589,2530603002.00,United States,2017,Computer Software: Prepackaged Software,Technology
APPS,Digital Turbine Inc. Common Stock,$11.645,0.425,3.788%,2763479,1409234231.00,United States,,Multi-Sector Companies,Miscellaneous
APRE,Aprea Therapeutics Inc. Common stock,$0.7696,0.0178,2.368%,591622,9690138.00,United States,2019,Biotechnology: Pharmaceutical Preparations,Health Care
APT,Alpha Pro Tech Ltd. Common Stock,$5.22,0.18,3.571%,8158,53276458.00,Canada,2000,Industrial Specialties,Health Care
APTV,Aptiv PLC Ordinary Shares,$43.37,-0.27,-0.619%,2688758,9005057565.00,United Kingdom,,Auto Parts:O.E.M.,Consumer Discretionary
APUR,Aperture AC Class A Ordinary Shares,$10.03,0.00,0.00%,16,0.00,United States,2026,Blank Checks,Finance
APURR,Aperture AC Rights,$0.3002,0.00,0.00%,30,0.00,United States,2026,Blank Checks,Finance
APUS,Apimeds Pharmaceuticals US Inc. Common Stock,$5.02,-1.37,-21.44%,768492,7743972.00,,2025,Biotechnology: Pharmaceutical Preparations,Health Care
APVO,Aptevo Therapeutics Inc. Common Stock,$1.86,-0.05,-2.618%,15032,3351664.00,United States,,Biotechnology: Pharmaceutical Preparations,Health Care
APWC,Asia Pacific Wire & Cable Corporation Ltd. Ordinary Shares (Bermuda),$1.34,0.01,0.752%,3320,55251488.00,Taiwan,,Telecommunications Equipment,Industrials
APXT,Apex Treasury Corporation Class A Ordinary Share,$10.14,0.00,0.00%,149842,0.00,United States,2025,Blank Checks,Finance
APXTU,Apex Treasury Corporation Units,$10.27,-0.03,-0.291%,130,0.00,United States,2025,Blank Checks,Finance
APXTW,Apex Treasury Corporation Warrants,$0.29,0.00,0.00%,69079,0.00,United States,2025,Blank Checks,Finance
APYX,Apyx Medical Corporation Common Stock,$2.60,0.10,4.00%,338485,109522460.00,United States,,Medical/Dental Instruments,Health Care
AQB,AquaBounty Technologies Inc. Common Stock,$0.9474,-0.0011,-0.116%,34703,4876461.00,United States,,Meat/Poultry/Fish,Consumer Staples
AQMS,Aqua Metals Inc. Common Stock,$2.64,0.12,4.762%,198625,9407722.00,United States,2015,Metal Fabrications,Industrials
AQN,Algonquin Power & Utilities Corp. Common Shares,$5.05,0.04,0.798%,4363858,3887225804.00,United States,2016,Electric Utilities: Central,Utilities
AQNB,Algonquin Power & Utilities Corp. 6.20% Fixed-to-Floating Subordinated Notes Series 2019-A due July 1 2079,$26.19,0.09,0.345%,8888,20114574776.00,United States,2019,Electric Utilities: Central,Utilities
AQST,Aquestive Therapeutics Inc. Common Stock,$4.67,-0.08,-1.684%,1708427,586139396.00,United States,2018,Biotechnology: Pharmaceutical Preparations,Health Care
AR,Antero Resources Corporation Common Stock,$33.57,-0.77,-2.242%,3541770,10320727230.00,United States,2013,Oil & Gas Production,Energy
ARAI,Arrive AI Inc. Common Stock,$0.2093,0.0179,9.352%,987441,10857691.00,United States,,Diversified Commercial Services,Consumer Discretionary
ARAY,Accuray Incorporated Common Stock,$0.2955,-0.0043,-1.434%,12879989,35294315.00,United States,2007,Medical/Dental Instruments,Health Care
ARBB,ARB IOT Group Limited Ordinary Shares,$4.6202,0.3502,8.201%,1790,8155836.00,Malaysia,2023,EDP Services,Technology
ARBE,Arbe Robotics Ltd. Ordinary Shares,$0.6076,0.0076,1.267%,1312818,77857363.00,Israel,,EDP Services,Technology
ARBEW,Arbe Robotics Ltd. Warrant,$0.0581,0.0383,193.434%,1565767,7444886.00,Israel,,EDP Services,Technology
ARBK,Argo Blockchain plc American Depositary Shares,$2.19,-0.07,-3.097%,57881,29258474.00,United Kingdom,2021,Finance: Consumer Services,Finance
ARCB,ArcBest Corporation Common Stock,$128.87,1.80,1.417%,189297,2880418990.00,United States,,Trucking Freight/Courier Services,Industrials
ARCC,Ares Capital Corporation Common Stock,$19.36,0.23,1.202%,4640471,13900922279.00,United States,2004,Finance: Consumer Services,Finance
ARCI,Archimedes Tech SPAC Partners III Co. Ordinary Share,$10.10,0.00,0.00%,12,0.00,United States,2026,,
ARCIU,Archimedes Tech SPAC Partners III Co. Units,$10.2451,0.00,0.00%,9,0.00,United States,2026,Blank Checks,Finance
ARCIW,Archimedes Tech SPAC Partners III Co. Warrant,$0.50,0.10,25.00%,10249,0.00,United States,2026,,
ARCL,ARC Group Acquisition I Corp Class A Ordinary Shares,$10.02,0.03,0.30%,234,0.00,United States,2026,Blank Checks,Finance
ARCLR,ARC Group Acquisition I Corp Right,$0.18,0.0499,38.355%,400,0.00,United States,2026,Blank Checks,Finance
ARCLU,ARC Group Acquisition I Corp Unit,$10.20,0.00,0.00%,19,0.00,United States,2026,Blank Checks,Finance
ARCO,Arcos Dorados Holdings Inc. Class A Shares,$7.12,-0.02,-0.28%,1331452,1499920966.00,Argentina,2011,Restaurants,Consumer Discretionary
ARCT,Arcturus Therapeutics Holdings Inc. Common Stock,$13.70,-0.76,-5.256%,435913,389396045.00,Israel,2013,Biotechnology: Pharmaceutical Preparations,Health Care
ARDC,Ares Dynamic Credit Allocation Fund Inc. Common Shares,$11.49,0.08,0.701%,76616,263292649.00,United States,2012,Investment Managers,Finance
ARDT,Ardent Health Inc. Common Stock,$10.58,0.11,1.051%,396300,1492265696.00,United States,2024,Hospital/Nursing Management,Health Care
ARDX,Ardelyx Inc. Common Stock,$3.39,-0.02,-0.587%,4434084,844745869.00,United States,2014,Biotechnology: Pharmaceutical Preparations,Health Care
ARE,Alexandria Real Estate Equities Inc. Common Stock,$48.47,-0.19,-0.39%,1428659,8445779718.00,United States,,Real Estate Investment Trusts,Real Estate
AREC,American Resources Corporation Class A Common Stock,$1.81,-0.02,-1.093%,1501178,193618002.00,United States,,Coal Mining,Energy
ARES,Ares Management Corporation Class A Common Stock,$118.97,0.63,0.532%,2168169,39293081934.00,United States,2014,Investment Managers,Finance
ARES^B,Ares Management Corporation 6.75% Series B Mandatory Convertible Preferred Stock,$38.62,0.11,0.286%,27229,,United States,,,
ARGX,argenx SE American Depositary Shares,$970.66,-1.59,-0.164%,311193,60241962866.00,Netherlands,2017,Biotechnology: Biological Products (No Diagnostic Substances),Health Care
ARHS,Arhaus Inc. Class A Common Stock,$9.46,-0.17,-1.765%,1291079,1340971394.00,United States,2021,Other Specialty Stores,Consumer Discretionary
ARI,Apollo Commercial Real Estate Finance Inc,$6.23,0.03,0.484%,4567126,798761339.00,United States,2009,Real Estate Investment Trusts,Real Estate
ARIS,Aris Mining Corporation Common Shares,$17.75,0.25,1.429%,1302094,3663600000.00,,2023,,
ARKO,ARKO Corp. Common Stock,$4.11,-0.15,-3.521%,437949,461083313.00,United States,,Food Chains,Consumer Staples
ARKR,Ark Restaurants Corp. Common Stock,$4.53,0.06,1.342%,2735,16335891.00,United States,,Restaurants,Consumer Discretionary
ARL,American Realty Investors Inc. Common Stock,$16.63,0.69,4.329%,5277,268608475.00,United States,,Real Estate,Finance
ARLO,Arlo Technologies Inc. Common Stock,$12.43,-0.17,-1.349%,815358,1337633369.00,United States,2018,Diversified Commercial Services,Consumer Discretionary
ARLP,Alliance Resource Partners L.P. Common Units representing Limited Partners Interests,$24.38,-0.45,-1.812%,261395,3136701568.00,United States,1999,Coal Mining,Energy
ARM,Arm Holdings plc American Depositary Shares,$293.67,10.34,3.649%,6024240,312481105855.00,United Kingdom,2023,Semiconductors,Technology
ARMK,Aramark Common Stock,$54.45,0.19,0.35%,1711454,14354383646.00,United States,2013,Restaurants,Consumer Discretionary
ARMP,Armata Pharmaceuticals Inc. Common Stock,$3.59,-0.19,-5.026%,91798,133483305.00,United States,,Biotechnology: Biological Products (No Diagnostic Substances),Health Care
AROC,Archrock Inc. Common Stock,$29.99,-0.56,-1.833%,1269902,5258392168.00,United States,,Natural Gas Distribution,Utilities
AROW,Arrow Financial Corporation Common Stock,$37.31,-0.48,-1.27%,77565,691120105.00,United States,,Major Banks,Finance
ARQ,Arq Inc. Common Stock,$1.91,-0.015,-0.779%,263368,83406803.00,United States,,Major Chemicals,Industrials
ARQQ,Arqit Quantum Inc. Ordinary Shares,$24.12,-0.52,-2.11%,212778,581064910.00,United Kingdom,,Computer Software: Prepackaged Software,Technology
ARQT,Arcutis Biotherapeutics Inc. Common Stock,$26.75,-0.58,-2.122%,2936938,3362259957.00,United States,2020,Biotechnology: Pharmaceutical Preparations,Health Care
ARR,ARMOUR Residential REIT Inc.,$14.01,0.03,0.215%,3833516,2341034546.00,United States,,Real Estate Investment Trusts,Real Estate
ARR^C,ARMOUR Residential REIT Inc. 7% Series C Cumulative Redeemable Preferred Stock (liquidation preference $25.00 per share),$19.20,0.10,0.524%,20374,,United States,,,
ARRY,Array Technologies Inc. Common Stock,$3.99,0.16,4.178%,8204655,614490691.00,United States,2020,Semiconductors,Technology
ARTC,Art Technology Acquisition Corp. Class A Ordinary Shares,$10.01,-0.0095,-0.095%,1838,0.00,United States,2026,Blank Checks,Finance
ARTL,Artelo Biosciences Inc. Common Stock,$4.07,-0.23,-5.349%,88972,2229440.00,United States,,Biotechnology: Pharmaceutical Preparations,Health Care
ARTNA,Artesian Resources Corporation Class A Common Stock,$33.30,0.41,1.247%,33530,343893129.00,United States,,Water Supply,Utilities
ARTV,Artiva Biotherapeutics Inc. Common Stock,$7.03,-0.02,-0.284%,450578,343697551.00,United States,2024,Biotechnology: Biological Products (No Diagnostic Substances),Health Care
ARTW,Art's-Way Manufacturing Co. Inc. Common Stock,$3.095,-0.05,-1.59%,10257,16098290.00,United States,,Industrial Machinery/Components,Industrials
ARVN,Arvinas Inc. Common Stock,$7.50,-0.01,-0.133%,496126,490396433.00,United States,2018,Biotechnology: Pharmaceutical Preparations,Health Care
ARW,Arrow Electronics Inc. Common Stock,$230.23,-0.23,-0.10%,542585,11719955537.00,United States,,Electronic Components,Technology
ARWR,Arrowhead Pharmaceuticals Inc. Common Stock,$66.25,0.79,1.207%,2869730,9358108439.00,United States,,Biotechnology: Pharmaceutical Preparations,Health Care
ARX,Accelerant Holdings Class A Common Shares,$19.73,-0.01,-0.051%,4385511,4285130131.00,Cayman Islands,2025,Specialty Insurers,Finance
ARXS,Arxis Inc. Class A Common Stock,$49.25,0.81,1.672%,2286336,20560612723.00,United States,2026,Military/Government/Technical,Industrials
AS,Amer Sports Inc. Ordinary Shares,$27.24,-0.38,-1.376%,6044416,15190859622.00,,2024,Apparel,Consumer Discretionary
ASA,ASA  Gold and Precious Metals Limited,$55.73,1.13,2.07%,41504,1015230233.00,United States,,Precious Metals,Industrials
ASAN,Asana Inc. Class A Common Stock,$8.23,-0.41,-4.745%,9322826,1884424063.00,United States,2020,Computer Software: Prepackaged Software,Technology
ASB,Associated Banc-Corp Common Stock,$28.68,-0.28,-0.967%,1531995,5416208220.00,United States,,Major Banks,Finance
ASB^E,Associated Banc-Corp Depositary Shares each representing a 1/40th interest in a share of 5.875% Non-Cumulative Perpetual Preferred Stock Series E,$18.72,-0.49,-2.551%,17755,,United States,,,
ASB^F,Associated Banc-Corp Depositary Shares each representing a 1/40th interest in a share of Associated Banc-Corp 5.625% Non-Cumulative Perpetual Preferred Stock Series F,$18.40,-0.25,-1.34%,4749,,United States,,,
ASBA,Associated Banc-Corp 6.625% Fixed-Rate Reset Subordinated Notes due 2033,$24.95,0.01,0.04%,37655,3764975334.00,United States,2023,Major Banks,Finance
ASBH,American Savings Bank N.A. Common Stock,$18.36,0.32,1.774%,233125,147930926.00,,2026,,
ASBP,Aspire-Lakewood Holdings Inc. Common Stock,$8.18,-0.32,-3.765%,8995,11472916.00,United States,2022,Biotechnology: Pharmaceutical Preparations,Health Care
ASC,Ardmore Shipping Corporation Common Stock,$18.44,0.29,1.598%,714018,752400202.00,,2013,Marine Transportation,Consumer Discretionary
ASG,Liberty All-Star Growth Fund Inc.,$5.06,0.00,0.00%,200926,0.00,United States,,Investment Managers,Finance
ASGI,abrdn Global Infrastructure Income Fund Common Shares of Beneficial Interest,$19.40,0.35,1.837%,284968,0.00,United States,2020,Investment Managers,Finance
ASH,Ashland Inc. Common Stock,$68.44,0.37,0.544%,687144,3134098243.00,United States,,Specialty Chemicals,Consumer Discretionary
ASIC,Ategrity Specialty Insurance Company Holdings Common Stock,$26.36,-0.21,-0.79%,53116,1263353822.00,,2025,Property-Casualty Insurers,Finance
ASIX,AdvanSix Inc. Common Stock ,$16.01,0.23,1.458%,291612,432288988.00,United States,2016,Major Chemicals,Industrials
ASLE,AerSale Corporation Common Stock,$5.31,-0.01,-0.188%,335394,253429112.00,United States,2019,Industrial Specialties,Consumer Discretionary
ASM,Avino Silver & Gold Mines Ltd. Common Shares (Canada),$5.63,0.02,0.357%,2800223,956285176.00,Canada,,Metal Mining,Basic Materials
ASMB,Assembly Biosciences Inc. Common Stock,$23.48,-0.13,-0.551%,229752,478066794.00,United States,2010,Biotechnology: Pharmaceutical Preparations,Health Care
ASML,ASML Holding N.V. New York Registry Shares,$1834.39,62.98,3.555%,1656278,707006310499.00,Netherlands,1995,Industrial Machinery/Components,Technology
ASND,Ascendis Pharma A/S Ordinary Share,$228.07,-1.98,-0.861%,741947,14978105882.00,Denmark,2015,Biotechnology: Pharmaceutical Preparations,Health Care
ASO,Academy Sports and Outdoors Inc. Common Stock,$47.89,-0.72,-1.481%,1079546,2949013090.00,United States,2020,Other Specialty Stores,Consumer Discretionary
ASPC,A SPAC III Acquisition Corp. Class A Ordinary Shares,$10.80,-0.0692,-0.637%,6761,0.00,China,2025,Blank Checks,Finance
ASPCR,A SPAC III Acquisition Corp. Right,$0.101,0.0012,1.202%,254,0.00,China,2025,Blank Checks,Finance
ASPI,ASP Isotopes Inc. Common Stock,$2.635,0.035,1.346%,5487780,403970216.00,United States,2022,Major Chemicals,Industrials
ASPN,Aspen Aerogels Inc. Common Stock,$5.22,0.05,0.967%,815291,433201452.00,United States,2014,RETAIL: Building Materials,Consumer Discretionary
ASPS,Altisource Portfolio Solutions S.A. Common Stock,$6.11,0.81,15.283%,32753,69777459.00,Luxembourg,,Other Consumer Services,Consumer Discretionary
ASPSW,Altisource Portfolio Solutions S.A. Net Settle Stakeholder Warrants,$0.24,0.02,9.091%,8217,2740849.00,Luxembourg,,Other Consumer Services,Consumer Discretionary
ASPSZ,Altisource Portfolio Solutions S.A. Cash Exercise Stakeholder Warrants,$0.1675,0.0255,17.958%,6258,1912885.00,Luxembourg,,Other Consumer Services,Consumer Discretionary
ASR,Grupo Aeroportuario del Sureste S.A. de C.V. Common Stock,$240.96,-3.00,-1.23%,75899,7228800000.00,Mexico,,Aerospace,Consumer Discretionary
ASRV,AmeriServ Financial Inc. Common Stock,$4.72,0.12,2.609%,6402,80142140.00,United States,,Major Banks,Finance
ASST,Strive Inc. Class A Common Stock,$29.31,0.31,1.069%,4144787,2843147642.00,United States,2023,Finance: Consumer Services,Finance
ASTC,Astrotech Corporation (DE) Common Stock,$7.525,-0.115,-1.505%,22918,15118101.00,United States,,Biotechnology: Laboratory Analytical Instruments,Industrials
ASTE,Astec Industries Inc. Common Stock,$40.69,-0.42,-1.022%,208463,936902183.00,United States,1986,Construction/Ag Equipment/Trucks,Industrials
ASTH,Astrana Health Inc. Common Stock,$35.45,0.32,0.911%,264280,1758474775.00,United States,,Professional Services,Consumer Discretionary
ASTI,Ascent Solar Technologies Inc. Common Stock,$2.61,-0.11,-4.044%,256856,25620885.00,United States,,Semiconductors,Technology
ASTL,Algoma Steel Group Inc. Common Shares,$4.20,-0.15,-3.448%,1552444,442632200.00,Canada,,Steel/Iron Ore,Industrials
ASTLW,Algoma Steel Group Inc. Warrant,$0.0098,0.00,0.00%,7520,1032808.00,Canada,,Steel/Iron Ore,Industrials
ASTS,AST SpaceMobile Inc. Class A Common Stock,$59.40,-1.60,-2.623%,16287665,23116549144.00,United States,2019,Telecommunications Equipment,Consumer Discretionary
ASUR,Asure Software Inc Common Stock,$7.65,-0.07,-0.907%,91084,220926859.00,United States,,EDP Services,Technology
ASX,ASE Technology Holding Co. Ltd. American Depositary Shares (each representing Two Common Shares) ,$45.31,1.52,3.471%,8324362,100900784220.00,Taiwan,2018,Semiconductors,Technology
ASYS,Amtech Systems Inc. Common Stock,$16.61,0.76,4.795%,347170,290809558.00,United States,,Industrial Machinery/Components,Technology
ATAT,Atour Lifestyle Holdings Limited American Depositary Shares,$32.85,0.08,0.244%,1463780,4469018989.00,China,2022,Hotels/Resorts,Consumer Discretionary
ATCH,AtlasClear Holdings Inc. Common Stock,$0.1914,0.0084,4.59%,5081228,29061936.00,,2024,Finance: Consumer Services,Finance
ATCX,Atlas Critical Minerals Corporation Common Stock,$3.05,0.12,4.096%,103911,15504175.00,Brazil,,Precious Metals,Basic Materials
ATEC,Alphatec Holdings Inc. Common Stock,$10.37,0.32,3.184%,1725734,1601657658.00,United States,2006,Medical/Dental Instruments,Health Care
ATEN,A10 Networks Inc. Common Stock,$25.81,0.31,1.216%,1249341,1874038832.00,United States,2014,Computer Communications Equipment,Telecommunications
ATER,Aterian Inc. Common Stock,$0.6302,-0.0183,-2.822%,55185,11322747.00,United States,2019,Home Furnishings,Consumer Discretionary
ATEX,Anterix Inc. Common Stock,$79.04,-2.71,-3.315%,174509,1549957485.00,United States,2015,Telecommunications Equipment,Telecommunications
ATGL,Alpha Technology Group Limited Class A Ordinary Shares,$5.22,-0.28,-5.091%,3914,85934250.00,China,2023,EDP Services,Technology
ATH^A,Athene Holding Ltd. Depositary Shares Each Representing a 1/1000th Interest in a 6.35% Fixed-to-Floating Rate Perpetual Non-Cumulative Preference Share Series A,$22.96,-0.48,-2.048%,94264,,Bermuda,,,
ATH^B,Athene Holding Ltd. Depositary Shares Each Representing a 1/1000th Interest in a 5.625% Fixed Rate Perpetual Non- Cumulative Preference Share Series B par value $1.00 per share,$17.13,0.085,0.499%,49141,,Bermuda,,,
ATH^D,Athene Holding Ltd. Depositary Shares Each Representing a 1/1000th Interest in a 4.875% Fixed-Rate Perpetual Non-Cumulative Preference Share Series D,$14.94,-0.09,-0.599%,86347,,Bermuda,,,
ATH^E,Athene Holding Ltd. Depositary Shares Each Representing a 1/1000th Interest in a 7.750% Fixed-Rate Reset Perpetual Non-Cumulative Preference Share Series E,$24.82,0.05,0.202%,75455,,Bermuda,,,
ATHE,Alterity Therapeutics Limited American Depositary Shares,$3.66,0.16,4.571%,21417,66642627.00,Australia,,Biotechnology: Pharmaceutical Preparations,Health Care
ATHM,Autohome Inc. American Depositary Shares each representing four class A ordinary shares.,$21.20,-0.01,-0.047%,459948,2441623313.00,China,2013,EDP Services,Technology
ATHR,Aether Holdings Inc. Common Stock,$3.60,0.1102,3.158%,15518,44057012.00,United States,2025,Computer Software: Prepackaged Software,Technology
ATHS,Athene Holding Ltd. 7.250% Fixed-Rate Reset Junior Subordinated Debentures due 2064,$23.70,-0.21,-0.878%,53253,4830178500.00,Bermuda,2024,Life Insurance,Finance
ATI,ATI Inc. Common Stock,$188.95,8.28,4.583%,1712497,25729393868.00,United States,,Steel/Iron Ore,Industrials
ATII,Archimedes Tech SPAC Partners II Co. Ordinary Shares,$10.69,0.005,0.047%,792771,0.00,United States,2025,,
ATIIW,Archimedes Tech SPAC Partners II Co. Warrant,$1.10,-0.20,-15.385%,33635,0.00,United States,2025,Blank Checks,Finance
ATKR,Atkore Inc. Common Stock,$94.73,0.13,0.137%,604945,3199273662.00,United States,2016,Industrial Machinery/Components,Miscellaneous
ATLC,Atlanticus Holdings Corporation Common Stock,$87.48,0.38,0.436%,71878,1327074924.00,United States,1995,Finance: Consumer Services,Finance
ATLCL,Atlanticus Holdings Corporation 6.125% Senior Notes due 2026,$25.26,0.005,0.02%,5310,382068842.00,United States,,Finance: Consumer Services,Finance
ATLCP,Atlanticus Holdings Corporation 7.625% Series B Cumulative Perpetual Preferred Stock no par value per share,$23.92,-0.08,-0.333%,1286,362867309.00,United States,,Finance: Consumer Services,Finance
ATLCZ,Atlanticus Holdings Corporation 9.25% Senior Notes due 2029,$25.40,-0.10,-0.392%,49579,384186405.00,United States,,Finance: Consumer Services,Finance
ATLO,Ames National Corporation Common Stock,$31.65,-0.14,-0.44%,14033,280331013.00,United States,,Major Banks,Finance
ATLQ,JAB Acquisition Corp I Class A Ordinary Shares,$9.98,0.00,0.00%,1124,0.00,United States,2026,Blank Checks,Finance
ATLQW,JAB Acquisition Corp I Warrants,$0.0352,-0.0048,-12.00%,1883,0.00,United States,2026,Blank Checks,Finance
ATLX,Atlas Lithium Corporation Common Stock,$2.46,-0.06,-2.381%,1001304,74045520.00,United States,,Mining & Quarrying of Nonmetallic Minerals (No Fuels),Industrials
ATMU,Atmus Filtration Technologies Inc. Common Stock,$43.94,-0.10,-0.227%,1100604,3585307456.00,United States,2023,Auto Parts:O.E.M.,Consumer Discretionary
ATNI,ATN International Inc. Common Stock,$27.92,-0.65,-2.275%,65717,430061727.00,United States,,Telecommunications Equipment,Telecommunications
ATNM,Actinium Pharmaceuticals Inc. (Delaware) Common Stock,$1.14,-0.04,-3.39%,62030,35843237.00,United States,,Biotechnology: Pharmaceutical Preparations,Health Care
ATO,Atmos Energy Corporation Common Stock,$157.60,0.55,0.35%,921729,26632595953.00,United States,,Oil/Gas Transmission,Utilities
ATOM,Atomera Incorporated Common Stock,$4.23,0.08,1.928%,293733,165071698.00,United States,2016,Semiconductors,Technology
ATOS,Atossa Therapeutics Inc. Common Stock,$1.99,0.03,1.531%,83327,19858803.00,United States,2012,Biotechnology: Pharmaceutical Preparations,Health Care
ATPC,Agape ATP Corporation Common Stock,$2.10,-0.10,-4.545%,8946,2101315.00,Malaysia,,Medical/Nursing Services,Health Care
ATR,AptarGroup Inc. Common Stock,$123.29,-1.16,-0.932%,409868,7838917394.00,United States,,Plastic Products,Industrials
ATRA,Atara Biotherapeutics Inc. Common Stock,$8.05,-0.32,-3.823%,56465,80803566.00,United States,2014,Biotechnology: Biological Products (No Diagnostic Substances),Health Care
ATRC,AtriCure Inc. Common Stock,$58.05,-0.36,-0.616%,876321,2952788367.00,United States,2005,Medical/Dental Instruments,Health Care
ATRO,Astronics Corporation Common Stock,$67.46,-0.19,-0.281%,554118,2901391457.00,United States,,Military/Government/Technical,Industrials
ATS,ATS Corporation Common Shares,$18.30,-0.52,-2.763%,153262,1775236902.00,Canada,2023,Industrial Machinery/Components,Industrials
ATTO,Attovia Therapeutics Inc. Common Stock,$18.16,0.51,2.89%,887257,829026918.00,United States,2026,Biotechnology: Biological Products (No Diagnostic Substances),Health Care
ATTT,Atlas Trinity Tech Limited Ordinary Shares,$2.64,-0.0855,-3.137%,14379,15509322.00,Hong Kong,2024,Consumer Electronics/Appliances,Consumer Discretionary
ATXG,Addentax Group Corp. Common Stock,$3.42,0.01,0.293%,656,4028671.00,China,,Professional Services,Consumer Discretionary
ATYR,aTyr Pharma Inc. Common Stock,$0.3077,0.01,3.359%,3853426,30181501.00,United States,2015,Biotechnology: Biological Products (No Diagnostic Substances),Health Care
AU,AngloGold Ashanti PLC Ordinary Shares,$94.63,1.86,2.005%,1928792,47860944695.00,South Africa,,Precious Metals,Basic Materials
AUB,Atlantic Union Bankshares Corporation Common Stock,$38.00,-0.55,-1.427%,1379889,5426966048.00,United States,,Major Banks,Finance
AUB^A,Atlantic Union Bankshares Corporation Depositary Shares each representing a 1/400th ownership interest in a share of 6.875% Perpetual Non-Cumulative Preferred Stock Series A,$23.24,-0.10,-0.428%,5732,,United States,,,
AUBN,Auburn National Bancorporation Inc. Common Stock,$26.51,-0.30,-1.119%,9514,92368581.00,United States,,Major Banks,Finance
AUC,ATIF Holdings Limited Ordinary Shares,$9.20,-0.08,-0.862%,10332,203581078.00,United States,2019,Professional Services,Consumer Discretionary
AUDC,AudioCodes Ltd. Common Stock,$10.60,0.05,0.474%,91809,260662999.00,Israel,1999,Telecommunications Equipment,Utilities
AUGO,Aura Minerals Inc. Common Shares,$79.36,1.64,2.11%,448348,6649512737.00,United States,,Metal Mining,Basic Materials
AUID,authID Inc. Common Stock,$0.3648,-0.0059,-1.592%,193654,6099580.00,United States,,Computer Software: Prepackaged Software,Technology
AUNA,Auna SA Class A Ordinary Shares,$5.07,0.05,0.996%,93963,375245733.00,Peru,2024,Medical/Nursing Services,Health Care
AUPH,Aurinia Pharmaceuticals Inc Ordinary Shares,$16.42,-0.10,-0.605%,734718,2184700179.00,Canada,,Biotechnology: Pharmaceutical Preparations,Health Care
AUR,Aurora Innovation Inc. Class A Common Stock,$5.39,0.10,1.89%,34043748,10802396895.00,United States,2021,EDP Services,Technology
AURA,Aura Biosciences Inc. Common Stock,$6.15,0.00,0.00%,795455,637784575.00,United States,2021,Biotechnology: Biological Products (No Diagnostic Substances),Health Care
AURE,Aurelion Inc. Class A Ordinary Shares,$1.107,-0.053,-4.569%,21973,41623200.00,Hong Kong,2023,Finance: Consumer Services,Finance
AUROW,Aurora Innovation Inc. Warrant,$0.0273,-0.0077,-22.00%,2479,54713439.00,United States,2021,EDP Services,Technology
AUST,Austin Gold Corp. Common Shares,$0.97,-0.09,-8.491%,37152,13282211.00,,2022,Precious Metals,Basic Materials
AUTL,Autolus Therapeutics plc American Depositary Share,$1.86,0.00,0.00%,1770911,495062324.00,United Kingdom,2018,Biotechnology: Biological Products (No Diagnostic Substances),Health Care
AUUD,Auddia Inc. Common Stock,$1.20,-0.01,-0.826%,262092,6963660.00,United States,2021,EDP Services,Technology
AUXX,Gold X2 Mining Inc. Common Shares,$5.07,0.01,0.198%,26208,513006977.00,,2026,,
AVA,Avista Corporation Common Stock,$35.11,0.32,0.92%,593946,2940561861.00,United States,,Power Generation,Utilities
AVAH,Aveanna Healthcare Holdings Inc. Common Stock,$12.78,0.09,0.709%,1891333,2788847715.00,United States,2021,Medical/Nursing Services,Health Care
AVAL,Grupo Aval Acciones y Valores S.A. ADR (Each representing 20 preferred shares),$4.87,0.08,1.67%,294137,5781536348.00,,2014,Commercial Banks,Finance
AVAT,Avalanche Treasury Corporation Class A Common Stock,$1.90,0.23,13.772%,2087797,83068844.00,United States,,Finance: Consumer Services,Finance
AVAV,AeroVironment Inc. Common Stock,$143.24,-3.99,-2.71%,1713267,7279557354.00,United States,2007,Aerospace,Industrials
AVBC,Avidia Bancorp Inc. Common Stock,$21.53,-0.18,-0.829%,91298,429960688.00,United States,2025,Banks,Finance
AVBH,Avidbank Holdings Inc. Common stock,$31.23,-0.18,-0.573%,34884,343014080.00,United States,,Commercial Banks,Finance
AVBP,ArriVent BioPharma Inc. Common Stock,$29.54,0.24,0.819%,780012,1456550315.00,United States,2024,Biotechnology: Pharmaceutical Preparations,Health Care
AVD,American Vanguard Corporation Common Stock ($0.10 Par Value),$1.77,-0.02,-1.117%,251502,52216119.00,United States,1998,Agricultural Chemicals,Industrials
AVEX,AEVEX Corp. Class A Common Stock,$15.19,-0.20,-1.30%,1741014,1732293423.00,,2026,Aerospace,Industrials
AVGO,Broadcom Inc. Common Stock,$355.10,5.53,1.582%,19187743,1695115965062.00,United States,2009,Semiconductors,Technology
AVIR,Atea Pharmaceuticals Inc. Common Stock,$5.18,-0.02,-0.385%,298354,415460341.00,United States,2020,Biotechnology: Pharmaceutical Preparations,Health Care
AVK,Advent Convertible and Income Fund,$11.45,0.05,0.439%,231685,0.00,United States,2003,Trusts Except Educational Religious and Charitable,Finance
AVLN,Avalyn Pharma Inc. Common Stock,$27.10,-1.22,-4.308%,421970,1201426875.00,United States,2026,Biotechnology: Pharmaceutical Preparations,Health Care
AVNT,Avient Corporation Common Stock,$40.78,-0.41,-0.995%,667929,3740323249.00,United States,,Major Chemicals,Industrials
AVNW,Aviat Networks Inc. Common Stock,$19.61,-0.20,-1.01%,124325,252157754.00,United States,,Radio And Television Broadcasting And Communications Equipment,Technology
AVO,Mission Produce Inc. Common Stock,$13.07,-0.03,-0.229%,588732,1145956740.00,United States,2020,Farming/Seeds/Milling,Consumer Staples
AVPT,AvePoint Inc. Class A Common Stock,$13.57,-0.10,-0.732%,3641930,2870942831.00,United States,2019,Computer Software: Prepackaged Software,Technology
AVR,Anteris Technologies Global Corp. Common Stock,$7.59,-0.15,-1.938%,782370,739709818.00,United States,2024,Industrial Specialties,Health Care
AVT,Avnet Inc. Common Stock,$102.50,1.05,1.035%,1650319,8412480348.00,United States,,Electronic Components,Technology
AVTR,Avantor Inc. Common Stock,$15.24,-0.05,-0.327%,6911501,10307708722.00,United States,2019,Biotechnology: Laboratory Analytical Instruments,Industrials
AVTX,Avalo Therapeutics Inc. Common Stock,$15.58,0.50,3.316%,1331584,835555229.00,United States,2015,Biotechnology: Pharmaceutical Preparations,Health Care
AVX,Avax One Technology Ltd. Common Shares,$6.79,0.47,7.437%,485779,50228231.00,Canada,2021,Finance: Consumer Services,Finance
AVXL,Anavex Life Sciences Corp. Common Stock,$2.36,0.01,0.426%,1756156,218764547.00,United States,,Biotechnology: Biological Products (No Diagnostic Substances),Health Care
AVY,Avery Dennison Corporation Common Stock,$170.78,-1.11,-0.646%,507268,12943098891.00,United States,,Containers/Packaging,Consumer Discretionary
AWF,Alliancebernstein Global High Income Fund,$9.74,0.04,0.412%,226425,0.00,United States,1993,Trusts Except Educational Religious and Charitable,Finance
AWI,Armstrong World Industries Inc Common Stock,$163.09,-1.66,-1.008%,227187,6892644292.00,United States,,Plastic Products,Industrials
AWK,American Water Works Company Inc. Common Stock,$129.80,0.87,0.675%,1598971,25795022772.00,United States,2008,Water Supply,Utilities
AWP,abrdn Global Premier Properties Fund Common Shares of Beneficial Interest,$10.56,0.06,0.571%,145118,0.00,United States,2007,Trusts Except Educational Religious and Charitable,Finance
AWR,American States Water Company Common Stock,$81.94,0.59,0.725%,207195,3247743194.00,United States,,Water Supply,Utilities
AWRE,Aware Inc. Common Stock,$1.15,0.05,4.545%,34917,25084533.00,United States,1996,Computer Software: Prepackaged Software,Technology
AWX,Avalon Holdings Corporation Common Stock,$2.54,-0.02,-0.781%,2202,9904555.00,United States,1998,Environmental Services,Utilities
AX,Axos Financial Inc. Common Stock,$86.29,-1.43,-1.63%,311616,4906277079.00,United States,2018,Savings Institutions,Finance
AXG,Solowin Holdings Class A Ordinary Share,$0.129,-0.0179,-12.185%,21717715,25930403.00,Hong Kong,2023,Investment Bankers/Brokers/Service,Finance
AXGN,Axogen Inc. Common Stock,$42.44,-0.92,-2.122%,1407705,2490019012.00,United States,,Biotechnology: Electromedical & Electrotherapeutic Apparatus,Health Care
AXIL,AXIL Brands Inc. Common Stock,$6.27,0.06,0.966%,1993,42778210.00,,2024,Package Goods/Cosmetics,Consumer Discretionary
AXIN,Axiom Intelligence Acquisition Corp 1 Class A Ordinary Shares,$10.35,0.01,0.097%,180177,0.00,United Kingdom,2025,Blank Checks,Finance
AXINR,Axiom Intelligence Acquisition Corp 1 Right,$0.1849,0.00,0.00%,5,0.00,United Kingdom,2025,Blank Checks,Finance
AXINU,Axiom Intelligence Acquisition Corp 1 Units,$10.53,0.00,0.00%,91,0.00,United Kingdom,2025,Blank Checks,Finance
AXON,Axon Enterprise Inc. Common Stock,$419.58,-5.17,-1.217%,965848,34085594586.00,United States,2001,Ordnance And Accessories,Industrials
AXP,American Express Company Common Stock,$305.40,-0.93,-0.304%,3113349,206239622998.00,United States,,Finance: Consumer Services,Finance
AXR,AMREP Corporation Common Stock,$22.49,0.21,0.943%,28741,119755854.00,United States,,Homebuilding,Real Estate
AXS,Axis Capital Holdings Limited Common Stock,$95.24,0.79,0.836%,825484,6949312031.00,Bermuda,2003,Property-Casualty Insurers,Finance
AXS^E,Axis Capital Holdings Limited Depositary Shares each representing 1/100th interest in a share of a 5.50% Series E Preferred Shares,$17.75,-0.07,-0.393%,36167,,Bermuda,,,
AXSM,Axsome Therapeutics Inc. Common Stock,$186.14,-7.75,-3.997%,1577796,9750165463.00,United States,2015,Biotechnology: Pharmaceutical Preparations,Health Care
AXTA,Axalta Coating Systems Ltd. Common Shares,$32.64,-0.04,-0.122%,1474044,6985612702.00,United States,2014,Paints/Coatings,Consumer Discretionary
AXTI,AXT Inc Common Stock,$78.18,4.51,6.122%,9167003,5126513714.00,United States,1998,Semiconductors,Technology
AYA,Aya Gold & Silver Inc. Common Shares,$27.14,0.61,2.299%,1303655,3909141600.00,Canada,,Precious Metals,Basic Materials
AYI,Acuity Inc. Common Stock,$308.79,2.88,0.941%,420378,9243797558.00,United States,,Building Products,Consumer Discretionary
AYTU,Aytu BioPharma Inc.  Common Stock,$2.20,0.03,1.382%,37083,23906758.00,United States,,Biotechnology: Pharmaceutical Preparations,Health Care
AZ,A2Z Cust2Mate Solutions Corp. Common Shares,$5.54,0.20,3.745%,455668,243906627.00,Canada,,Industrial Machinery/Components,Industrials
AZI,Autozi Internet Technology (Global) Ltd. Class A Ordinary Shares,$1.175,-0.015,-1.261%,39022,77961325.00,China,2024,Automotive Aftermarket,Consumer Discretionary
AZIO,Azio AI Holdings Inc. Common Stock,$1.21,-0.06,-4.724%,114370,20821496.00,United States,,Auto Parts:O.E.M.,Consumer Discretionary
AZN,AstraZeneca PLC Ordinary Shares,$164.21,-1.94,-1.168%,3372151,254644694948.00,United Kingdom,2026,Biotechnology: Pharmaceutical Preparations,Health Care
AZO,AutoZone Inc. Common Stock,$2875.97,-37.31,-1.281%,413417,46951231219.00,United States,,Auto & Home Supply Stores,Consumer Discretionary
AZTA,Azenta Inc.,$34.28,0.03,0.088%,813934,1501751712.00,United States,,Industrial Machinery/Components,Technology
AZTR,Azitra Inc Common Stock,$0.1306,-0.0389,-22.95%,3214480,7914849.00,,2023,Biotechnology: Pharmaceutical Preparations,Health Care
AZUL,Azul S.A. American Depositary Shares each representing two (2) Common Shares,$6.90,0.03,0.437%,106293,1271524838.00,,,Air Freight/Delivery Services,Consumer Discretionary
AZZ,AZZ Inc.,$135.29,0.16,0.118%,214823,4065667570.00,United States,,Industrial Specialties,Industrials
B,Barrick Mining Corporation Common Shares,$41.24,0.15,0.365%,8416296,67876273440.00,Canada,,Precious Metals,Basic Materials
BA,Boeing Company (The) Common Stock,$187.68,3.29,1.784%,10560450,148336645354.00,United States,,Aerospace,Industrials
BA^A,Boeing Company (The) Depositary Shares each representing a 1/20th interest in a share of 6.00% Series A Mandatory Convertible Preferred Stock par value $1.00,$59.46,0.93,1.589%,547176,,United States,,,
BABA,Alibaba Group Holding Limited American Depositary Shares each representing eight Ordinary share,$107.74,-1.02,-0.938%,5845128,260998643579.00,China,2014,Business Services,Consumer Discretionary
BAC,Bank of America Corporation Common Stock,$54.96,-0.51,-0.919%,31666596,384321450140.00,United States,,Major Banks,Finance
BAC^B,Bank of America Corporation Depositary Shares each representing a 1/1000th interest in a share of 6.000% Non-Cumulative Preferred Stock Series GG,$22.50,-0.17,-0.75%,187656,,United States,,,
BAC^E,Bank of America Corporation Depositary Sh repstg 1/1000th Perp Pfd Ser E,$18.74,0.02,0.107%,20901,,United States,,,
BAC^K,Bank of America Corporation Depositary Shares each representing a 1/1000th interest in a share of 5.875% Non- Cumulative Preferred Stock Series HH,$21.87,-0.14,-0.636%,103653,,United States,,,
BAC^L,Bank of America Corporation Non Cumulative Perpetual Conv Pfd Ser L,$1223.22,-7.20,-0.585%,3104,,United States,,,
BAC^M,Bank of America Corporation Depositary Shares each representing a 1/1000th interest in a share of 5.375% Non-Cumulative Preferred Stock Series KK,$19.32,-0.16,-0.821%,253278,,United States,,,
BAC^N,Bank of America Corporation Depositary shares each representing 1/1000th interest in a share of 5.000% Non-Cumulative Preferred Stock Series LL,$18.11,-0.17,-0.93%,192345,,United States,,,
BAC^O,Bank of America Corporation Depositary shares each representing 1/1000th interest in a share of 4.375% Non-Cumulative Preferred Stock Series NN,$15.99,-0.02,-0.125%,94785,,United States,,,
BAC^P,Bank of America Corporation Depositary Shares each representing a 1/1000th interest in a share of 4.125% Non-Cumulative Preferred Stock Series PP,$15.48,-0.09,-0.578%,80725,,United States,,,
BAC^Q,Bank of America Corporation Depositary shares each representing 1/1000th interest in a share of 4.250% Non-Cumulative Preferred Stock Series QQ,$15.54,-0.04,-0.257%,220395,,United States,,,
BAC^S,Bank of America Corporation Depositary shares each representing 1/1000th interest in a share of 4.750% Non-Cumulative Preferred Stock Series SS,$17.31,-0.12,-0.688%,118865,,United States,,,
BACC,Blue Acquisition Corp. Class A Ordinary Shares,$10.48,0.00,0.00%,322,0.00,United States,2025,Blank Checks,Finance
BACCU,Blue Acquisition Corp. Unit,$10.91,0.00,0.00%,13,0.00,United States,2025,Blank Checks,Finance
BAER,Bridger Aerospace Group Holdings Inc. Common Stock,$0.6406,-0.1094,-14.587%,4201828,37684025.00,United States,,Aerospace,Industrials
BAERW,Bridger Aerospace Group Holdings Inc. Warrant,$0.0801,0.0021,2.692%,25462,4711974.00,United States,,Aerospace,Industrials
BAFN,BayFirst Financial Corp. Common Stock,$7.21,0.77,11.957%,201744,194401896.00,United States,,Major Banks,Finance
BAH,Booz Allen Hamilton Holding Corporation Common Stock,$69.71,-0.54,-0.769%,1548263,8385065468.00,United States,2010,Professional Services,Consumer Discretionary
BAK,Braskem SA ADR,$1.42,-0.07,-4.698%,1882070,566017562.00,Brazil,,Major Chemicals,Industrials
BALL,Ball Corporation Common Stock,$56.65,-0.48,-0.84%,1566383,14995445174.00,United States,,Containers/Packaging,Industrials
BALY,Bally's Corporation Common Stock,$13.96,-0.04,-0.286%,126651,704554527.00,United States,2024,Hotels/Resorts,Consumer Discretionary
BAM,Brookfield Asset Management Inc Class A Limited Voting Shares,$44.97,0.47,1.056%,3571626,71827748699.00,,2022,Building operators,Real Estate
BANC,Banc of California Inc. Common Stock,$17.30,-0.36,-2.039%,2160041,2732544152.00,United States,,Major Banks,Finance
BANC^F,Banc of California Inc. Depositary Shares each representing a 1/40th interest in a share of 7.75% non-cumulative perpetual preferred stock Series F,$24.73,-0.07,-0.282%,136739,,United States,,,
BAND,Bandwidth Inc. Class A Common Stock,$62.28,1.27,2.082%,538602,2004219477.00,United States,2017,Computer Software: Prepackaged Software,Technology
BANF,BancFirst Corporation Common Stock,$106.35,-0.94,-0.876%,189670,3573226531.00,United States,1993,Major Banks,Finance
BANFP,BancFirst Corporation - BFC Capital Trust II Cumulative Trust Preferred Securities,$27.805,0.945,3.518%,332,934213105.00,United States,,Major Banks,Finance
BANL,CBL International Limited Class B Ordinary Shares,$4.65,0.185,4.143%,7142,9760155.00,Malaysia,2023,Oil Refining/Marketing,Energy
BANR,Banner Corporation Common Stock,$67.47,-0.70,-1.027%,278708,2472065176.00,United States,,Major Banks,Finance
BANX,ArrowMark Financial Corp. Common Stock,$20.35,0.61,3.09%,36654,144538439.00,United States,,Trusts Except Educational Religious and Charitable,Finance
BAOS,Baosheng Media Group Holdings Limited Ordinary shares,$0.2376,-0.0127,-5.074%,253128,7928668.00,China,2021,Business Services,Consumer Discretionary
BAP,Credicorp Ltd. Common Stock,$384.03,-1.92,-0.497%,351430,36245641198.00,Peru,,Commercial Banks,Finance
BARK,BARK Inc. Class A Common Stock,$8.27,0.08,0.977%,35764,74706689.00,United States,2020,Other Specialty Stores,Consumer Discretionary
BATL,Battalion Oil Corporation Common Stock,$1.08,0.02,1.887%,2168788,61864727.00,United States,,Oil & Gas Production,Energy
BATRA,Atlanta Braves Holdings Inc. Series A Common Stock,$59.41,-0.20,-0.336%,43521,3812214761.00,United States,,Services-Misc. Amusement & Recreation,Consumer Discretionary
BATRK,Atlanta Braves Holdings Inc. Series C Common Stock,$53.98,-0.31,-0.571%,543928,3463783080.00,United States,,Services-Misc. Amusement & Recreation,Consumer Discretionary
BAX,Baxter International Inc. Common Stock,$23.48,-0.01,-0.043%,6685885,12139066057.00,United States,,Medical/Dental Instruments,Health Care
BB,BlackBerry Limited Common Stock,$8.72,-0.08,-0.909%,20609949,5118921473.00,Canada,,Computer Software: Prepackaged Software,Technology
BBAI,BigBear.ai Inc. Common Stock,$2.65,-0.01,-0.376%,9733128,1270660406.00,United States,2021,Computer Software: Prepackaged Software,Technology
BBAR,Banco BBVA Argentina S.A. ADS,$12.54,-0.01,-0.08%,557801,2561128130.00,Argentina,,Commercial Banks,Finance
BBBYW,Neighborhood Intelligence Inc. Warrants,$0.54,-0.0474,-8.069%,59412,51568749.00,United States,,Catalog/Specialty Distribution,Consumer Discretionary
BBCP,Concrete Pumping Holdings Inc. Common Stock,$9.70,-0.20,-2.02%,128908,488816174.00,United States,2017,Engineering & Construction,Consumer Discretionary
BBD,Banco Bradesco Sa American Depositary Shares,$3.36,0.01,0.299%,33246228,37582252613.00,Brazil,,Major Banks,Finance
BBDC,Barings BDC Inc. Common Stock,$8.72,0.08,0.926%,549488,913044028.00,United States,,Diversified Financial Services,Finance
BBDO,Banco Bradesco Sa American Depositary Shares (each representing one Common Share),$3.06,0.02,0.658%,51761,34226694344.00,Brazil,,Major Banks,Finance
BBGI,Beasley Broadcast Group Inc. Class A Common Stock,$14.19,-0.40,-2.742%,55564,26290537.00,United States,2000,Broadcasting,Consumer Discretionary
BBIO,BridgeBio Pharma Inc. Common Stock,$65.97,-0.64,-0.961%,3597185,12896308660.00,United States,2019,Biotechnology: Pharmaceutical Preparations,Health Care
BBLG,Bone Biologics Corp Common Stock,$0.4963,0.00,0.00%,15967,1367831.00,United States,,Industrial Specialties,Health Care
BBN,BlackRock Taxable Municipal Bond Trust Common Shares of Beneficial Interest,$14.39,0.07,0.489%,358732,0.00,United States,2010,Finance Companies,Finance
BBNX,Beta Bionics Inc. Common Stock,$19.41,-1.11,-5.409%,842682,1021778561.00,United States,2025,Medical/Dental Instruments,Health Care
BBOT,BridgeBio Oncology Therapeutics Inc. Common Stock  ,$3.92,0.11,2.887%,537363,314283127.00,United States,2024,Biotechnology: Pharmaceutical Preparations,Health Care
BBSI,Barrett Business Services Inc. Common Stock,$30.58,-0.27,-0.875%,158510,741111804.00,United States,1993,Professional Services,Consumer Discretionary
BBT,Beacon Financial Corporation Common stock,$27.74,-0.07,-0.252%,1069506,2325058226.00,United States,,Banks,Finance
BBUC,Brookfield Business Corporation Class A Subordinate Voting Shares,$25.26,-0.07,-0.276%,443023,5251554000.00,,,Engineering & Construction,Consumer Discretionary
BBVA,Banco Bilbao Vizcaya Argentaria S.A. Common Stock,$28.64,-0.16,-0.556%,1207572,163504863568.00,Spain,,Commercial Banks,Finance
BBW,Build-A-Bear Workshop Inc. Common Stock,$25.45,0.09,0.355%,418957,313527076.00,United States,2004,Recreational Games/Products/Toys,Consumer Discretionary
BBWI,Bath & Body Works Inc.,$15.99,-0.20,-1.235%,4983788,3224308555.00,United States,,Other Specialty Stores,Consumer Discretionary
BBY,Best Buy Co. Inc. Common Stock,$88.75,-1.16,-1.29%,2603007,18613333198.00,United States,,Consumer Electronics/Video Chains,Consumer Discretionary
BC,Brunswick Corporation Common Stock,$65.03,-1.10,-1.663%,705380,4213776743.00,United States,,Industrial Machinery/Components,Industrials
BC^C,Brunswick Corporation 6.375% Notes due 2049,$23.11,-0.34,-1.45%,8899,,United States,,,
BCAL,California BanCorp Common Stock,$21.41,-0.18,-0.834%,243251,688343083.00,United States,,Major Banks,Finance
BCAT,BlackRock Capital Allocation Term Trust Common Shares of Beneficial Interest,$13.67,0.11,0.811%,1178238,1478205450.00,United States,2020,Finance/Investors Services,Finance
BCAX,Bicara Therapeutics Inc. Common Stock,$18.56,-0.24,-1.277%,599786,1228169655.00,United States,2024,Biotechnology: Pharmaceutical Preparations,Health Care
BCBP,BCB Bancorp Inc. (NJ) Common Stock,$8.55,0.00,0.00%,274361,356978078.00,United States,2005,Savings Institutions,Finance
BCC,Boise Cascade L.L.C. Common Stock,$75.97,-0.62,-0.81%,489590,2650695935.00,United States,2013,RETAIL: Building Materials,Consumer Discretionary
BCCQ,Bleichroeder Acquisition Corp. III Class A Ordinary Shares,$9.95,-0.01,-0.10%,34302,0.00,United States,2026,Blank Checks,Finance
BCCQU,Bleichroeder Acquisition Corp. III Units,$10.299,0.00,0.00%,33,0.00,United States,2026,Blank Checks,Finance
BCCQW,Bleichroeder Acquisition Corp. III Warrant,$0.90,0.07,8.434%,1301,0.00,United States,2026,Blank Checks,Finance
BCDA,BioCardia Inc. Common Stock,$1.03,-0.01,-0.962%,117280,15592945.00,United States,,Biotechnology: Biological Products (No Diagnostic Substances),Health Care
BCE,BCE Inc. Common Stock,$20.14,-0.42,-2.043%,4902471,18781069954.00,Canada,,Telecommunications Equipment,Telecommunications
BCG,Binah Capital Group Inc. Common Stock,$1.145,-0.005,-0.435%,6848,19533850.00,United States,,Finance: Consumer Services,Finance
BCH,Banco De Chile ADS,$40.25,-1.20,-2.895%,256845,20329687592.00,Chile,,Commercial Banks,Finance
BCHT,Birchtech Corp. Common Stock,$1.48,-0.09,-5.732%,211151,38932830.00,,2026,Industrial Machinery/Components,Industrials
BCIC,BCP Investment Corporation Common Stock,$6.85,0.065,0.958%,29910,84828016.00,United States,2006,Finance: Consumer Services,Finance
BCML,BayCom Corp Common Stock,$30.78,-0.09,-0.292%,68625,336121201.00,United States,2018,Major Banks,Finance
BCO,Brinks Company (The) Common Stock,$103.12,-1.63,-1.556%,452570,4247475058.00,United States,,Integrated Freight & Logistics,Industrials
BCPC,Balchem Corporation Common Stock,$167.15,-1.53,-0.907%,234709,5328411210.00,United States,,Major Chemicals,Industrials
BCRX,BioCryst Pharmaceuticals Inc. Common Stock,$8.27,-0.20,-2.361%,5006206,2113275318.00,United States,1994,Biotechnology: Biological Products (No Diagnostic Substances),Health Care
BCS,Barclays PLC Common Stock,$24.49,-0.12,-0.488%,3829690,82292974218.00,United Kingdom,,Commercial Banks,Finance
BCSF,Bain Capital Specialty Finance Inc. Common Stock,$11.23,0.10,0.898%,744709,728473334.00,United States,2018,Finance/Investors Services,Finance
BCSS,Bain Capital GSS Investment Corp. Class A Ordinary Shares,$10.29,0.00,0.00%,26378,0.00,,2025,,
BCTX,BriaCell Therapeutics Corp. Common Shares,$4.08,-0.075,-1.805%,181889,35495131.00,Canada,,Biotechnology: Pharmaceutical Preparations,Health Care
BCTXL,BriaCell Therapeutics Corp. Warrant expiring 2031,$1.07,-0.03,-2.727%,13300,9308772.00,Canada,,Biotechnology: Pharmaceutical Preparations,Health Care
BCTXZ,BriaCell Therapeutics Corp. Warrant expiring 2030,$0.1836,-0.0114,-5.846%,16701,1597281.00,Canada,,Biotechnology: Pharmaceutical Preparations,Health Care
BCV,Bancroft Fund Ltd.,$23.05,0.00,0.00%,12113,0.00,United States,1972,Finance/Investors Services,Finance
BCV^A,Bancroft Fund Limited 5.375% Series A Cumulative Preferred Shares,$19.1501,0.0001,0.001%,1552,,United States,,,
BCX,BlackRock Resources Common Shares of Beneficial Interest,$11.93,-0.05,-0.417%,139280,1012356059.00,United States,2011,Finance/Investors Services,Finance
BCYC,Bicycle Therapeutics plc American Depositary Shares,$3.65,-0.06,-1.617%,206193,255473979.00,United Kingdom,2019,Biotechnology: Pharmaceutical Preparations,Health Care
BDC,Belden Inc Common Stock,$109.25,-0.57,-0.519%,394904,4269292367.00,United States,,Telecommunications Equipment,Industrials
BDCI,BTC Development Corp. Class A Ordinary Shares,$10.15,0.00,0.00%,18,0.00,United States,2025,Blank Checks,Finance
BDCIW,BTC Development Corp. Warrant,$0.40,0.0299,8.079%,3612,0.00,United States,2025,Blank Checks,Finance
BDJ,Blackrock Enhanced Equity Dividend Trust,$9.49,0.05,0.53%,647153,1679625211.00,United States,2005,Finance Companies,Finance
BDL,Flanigan's Enterprises Inc. Common Stock,$45.94,1.24,2.774%,38281,85386243.00,United States,1972,Restaurants,Consumer Discretionary
BDMD,Baird Medical Investment Holdings Ltd Ordinary Share,$0.7975,0.025,3.236%,18227,33661488.00,China,,Medical/Dental Instruments,Health Care
BDN,Brandywine Realty Trust Common Stock,$2.82,0.00,0.00%,1491558,492306850.00,United States,,Real Estate Investment Trusts,Real Estate
BDRX,Biodexa Pharmaceuticals plc American Depositary Shs,$0.6451,-0.0345,-5.077%,142570,2705496.00,United Kingdom,,Biotechnology: Pharmaceutical Preparations,Health Care
BDSX,Biodesix Inc. Common Stock,$29.14,-1.28,-4.208%,142769,307459579.00,United States,2020,Medical Specialities,Health Care
BDTX,Black Diamond Therapeutics Inc. Common Stock,$1.87,0.04,2.186%,440215,107438507.00,United States,2020,Biotechnology: Biological Products (No Diagnostic Substances),Health Care
BDX,Becton Dickinson and Company Common Stock,$181.97,-1.86,-1.012%,1534745,49566225996.00,United States,,Medical/Dental Instruments,Health Care
BE,Bloom Energy Corporation Class A Common Stock,$291.25,28.38,10.796%,23694972,85781089523.00,United States,2018,Industrial Machinery/Components,Energy
BEAG,Bold Eagle Acquisition Corp. Class A Ordinary Shares,$10.68,-0.01,-0.094%,1582616,0.00,United States,2024,,
BEAGR,Bold Eagle Acquisition Corp. Right,$0.26,0.00,0.00%,340326,0.00,United States,2024,,
BEAM,Beam Therapeutics Inc. Common Stock,$24.52,0.29,1.197%,1637673,2532613546.00,United States,2020,Biotechnology: Biological Products (No Diagnostic Substances),Health Care
BEAT,Heartbeam Inc. Common Stock,$0.3679,-0.0051,-1.367%,286995,20730860.00,United States,2021,Medical/Dental Instruments,Health Care
BEATW,Heartbeam Inc. Warrant,$0.007,0.00,0.00%,405,394444.00,United States,2021,Medical/Dental Instruments,Health Care
BEBE,TGE Value Creative Solutions Corp Class A Ordinary Shares,$10.04,0.00,0.00%,12,129214800.00,,2026,Diversified Commercial Services,Consumer Discretionary
BEEM,Beam Global Common Stock,$1.12,-0.02,-1.754%,253924,25349313.00,United States,,Industrial Machinery/Components,Miscellaneous
BEEP,Mobile Infrastructure Corporation Common Stock,$2.79,-0.04,-1.413%,21802,115227000.00,United States,,Real Estate,Finance
BEKE,KE Holdings Inc American Depositary Shares (each representing three Class A Ordinary Shares),$16.60,-0.35,-2.065%,7426068,18755342572.00,China,2020,Real Estate,Finance
BELFA,Bel Fuse Inc. Class A Common Stock,$198.34,-2.16,-1.077%,96304,2863920513.00,United States,,,
BELFB,Bel Fuse Inc. Class B Common Stock,$245.48,-2.59,-1.044%,110609,3544596186.00,United States,,,
BEN,Franklin Templeton Inc. Common Stock,$32.67,-0.01,-0.031%,3325118,16598872650.00,United States,,Investment Managers,Finance
BENF,Beneficient Class A Common Stock,$1.41,-0.01,-0.704%,1721231,21792568.00,United States,,Finance: Consumer Services,Finance
BENFW,Beneficient Warrant,$0.0107,0.0021,24.419%,1492961,165376.00,United States,,Finance: Consumer Services,Finance
BEP,Brookfield Renewable Partners L.P. Limited Partnership Units,$28.00,0.13,0.466%,797002,19045567100.00,Canada,,Electric Utilities: Central,Utilities
BEP^A,Brookfield Renewable Partners L.P. 5.25% Class A Preferred Limited Partnership Units Series 17,$16.20,-0.10,-0.613%,17642,,Canada,,,
BEPC,Brookfield Renewable Corporation Brookfield Renewable Corporation Class A Subordinate Voting Shares,$28.10,0.13,0.465%,1674435,10590503175.00,United States,,Electric Utilities: Central,Utilities
BEPH,Brookfield BRP Holdings (Canada) Inc. 4.625% Perpetual Subordinated Notes,$14.56,-0.2399,-1.621%,30803,4181112790.00,Canada,,Electric Utilities: Central,Utilities
BEPI,Brookfield BRP Holdings (Canada) Inc. 4.875% Perpetual Subordinated Notes,$16.12,0.01,0.062%,41762,4629089161.00,Canada,2021,Electric Utilities: Central,Utilities
BEPJ,Brookfield BRP Holdings (Canada) Inc. 7.250% Perpetual Subordinated Notes,$22.63,0.03,0.133%,4405,6498529014.00,Canada,2024,Electric Utilities: Central,Utilities
BESS,Bimergen Energy Corporation Common Stock,$2.26,-0.37,-14.068%,110989,16040515.00,,2026,Electric Utilities: Central,Utilities
BETA,Beta Technologies Inc. Class A Common Stock,$22.44,-0.44,-1.923%,2247411,5249637386.00,United States,2025,Aerospace,Industrials
BETR,Better Home & Finance Holding Company Class A Common Stock,$10.23,0.15,1.488%,446762,194355463.00,United Kingdom,2021,Finance: Consumer Services,Finance
BETRW,Better Home & Finance Holding Company Warrant,$0.0888,-0.0112,-11.20%,104502,1687074.00,United Kingdom,2021,Finance: Consumer Services,Finance
BF/A,Brown Forman Corporation,$26.85,0.28,1.054%,123424,,United States,,,
BF/B,Brown Forman Corporation,$26.29,0.26,0.999%,1488140,,United States,,,
BFAM,Bright Horizons Family Solutions Inc. Common Stock,$63.79,0.06,0.094%,835990,3102446170.00,United States,2013,Other Consumer Services,Consumer Discretionary
BFC,Bank First Corporation Common Stock,$149.75,-1.31,-0.867%,84895,1660069648.00,United States,,Major Banks,Finance
BFH,Bread Financial Holdings Inc. Common Stock,$100.07,-1.18,-1.165%,257686,3844616149.00,United States,,Business Services,Consumer Discretionary
BFH^A,Bread Financial Holdings Inc. Depositary Shares each representing a 1/40th interest in a share of 8.625% Non-Cumulative Perpetual Preferred Stock Series A,$24.2821,0.0221,0.091%,38824,,United States,,,
BFH^B,Bread Financial Holdings Inc. Depositary Shares each representing a 1/40th interest in a share of 8.875% Fixed Rate Reset Non-Cumulative Perpetual Preferred Stock Series B,$24.37,0.00,0.00%,30881,,United States,,,
BFLY,Butterfly Network Inc. Class A Common Stock,$9.10,-0.05,-0.546%,6699992,2423195165.00,United States,2020,Medical Electronics,Health Care
BFRG,Bullfrog AI Holdings Inc. Common Stock,$0.6479,-0.0086,-1.31%,307261,12013136.00,United States,2023,Biotechnology: Pharmaceutical Preparations,Health Care
BFRGW,Bullfrog AI Holdings Inc. Warrants,$0.1656,0.0121,7.883%,3101,3070497.00,United States,2023,Biotechnology: Pharmaceutical Preparations,Health Care
BFRI,Biofrontera Inc. Common Stock,$1.09,-0.04,-3.54%,258473,16189071.00,United States,2021,Biotechnology: Pharmaceutical Preparations,Health Care
BFRIW,Biofrontera Inc. Warrants,$0.015,0.0015,11.111%,1353,222785.00,United States,2021,Biotechnology: Pharmaceutical Preparations,Health Care
BFS,Saul Centers Inc. Common Stock,$30.16,-0.05,-0.166%,142074,745467766.00,United States,1993,Real Estate Investment Trusts,Real Estate
BFS^D,Saul Centers Inc. Depositary Shares each representing 1/100th of a share of 6.125% Series D Cumulative Redeemable Preferred Stock,$19.1501,0.1501,0.79%,3037,,United States,,,
BFS^E,Saul Centers Inc. Depositary shares each representing a 1/100th fractional interest in a share of 6.000% Series E Cumulative Redeemable Preferred Stock,$18.70,0.25,1.355%,7912,,United States,,,
BFST,Business First Bancshares Inc. Common Stock,$30.41,-0.26,-0.848%,201912,989841942.00,United States,,Major Banks,Finance
BG,Bunge Limited Common Shares,$108.14,-0.92,-0.844%,979803,20775761961.00,United States,,Packaged Foods,Consumer Staples
BGB,Blackstone Strategic Credit 2027 Term Fund Common Shares of Beneficial Interest,$11.15,0.07,0.632%,193429,0.00,United States,2012,Trusts Except Educational Religious and Charitable,Finance
BGC,BGC Group Inc. Class A Common Stock,$11.45,-0.32,-2.719%,8050708,5444091677.00,United States,,Investment Bankers/Brokers/Service,Finance
BGDE,Big Digital Energy Inc. Common Stock,$5.32,0.06,1.141%,64417,30420026.00,Australia,,Finance: Consumer Services,Finance
BGH,Barings Global Short Duration High Yield Fund Common Shares of Beneficial Interests,$13.11,0.04,0.306%,116103,0.00,United States,2012,Investment Managers,Finance
BGIN,Bgin Blockchain Limited Class A Ordinary Shares,$2.57,0.6632,34.781%,12559244,290759368.00,China,2025,Finance: Consumer Services,Finance
BGL,Blue Gold Limited Class A Ordinary Shares,$0.1972,-0.0048,-2.376%,427114,8053209.00,United Kingdom,,Metal Mining,Basic Materials
BGLC,BioNexus Gene Lab Corp Common stock,$1.27,-0.03,-2.308%,14981,3725471.00,Malaysia,,Medical Specialities,Health Care
BGLWW,Blue Gold Limited Warrant,$0.0298,0.00,0.00%,10,1216966.00,United Kingdom,,Metal Mining,Basic Materials
BGM,BGM Group Ltd. Class A Ordinary Shares,$0.249,0.005,2.049%,146661,99755216.00,China,2021,Biotechnology: Pharmaceutical Preparations,Health Care
BGMS,Bio Green Med Solution Inc. Common Stock,$0.88,-0.0235,-2.601%,9922,5828059.00,United States,,Biotechnology: Pharmaceutical Preparations,Health Care
BGR,BlackRock Energy and Resources Trust,$17.01,-0.11,-0.643%,135447,2306321160.00,United States,2004,Trusts Except Educational Religious and Charitable,Finance
BGS,B&G Foods Inc. Common Stock,$3.07,0.01,0.327%,3096544,249516310.00,United States,,Packaged Foods,Consumer Staples
BGSF,BGSF Inc. Common Stock,$5.07,0.16,3.259%,12847,54146409.00,United States,,Professional Services,Consumer Discretionary
BGSI,Boyd Group Services Inc. Common Shares,$78.97,0.50,0.637%,35871,2198243272.00,Canada,,,
BGT,BlackRock Floating Rate Income Trust,$10.52,0.16,1.544%,152965,0.00,United States,2004,Trusts Except Educational Religious and Charitable,Finance
BGX,Blackstone Long Short Credit Income Fund Common Shares,$10.51,-0.01,-0.095%,102957,0.00,,2011,Trusts Except Educational Religious and Charitable,Finance
BGY,Blackrock Enhanced International Dividend Trust,$5.71,-0.02,-0.349%,303879,0.00,United States,2007,Trusts Except Educational Religious and Charitable,Finance
BH,Biglari Holdings Inc. Class B Common Stock,$339.63,-2.43,-0.71%,54645,790166177.00,United States,2018,Restaurants,Consumer Discretionary
BHAV,BHAV Acquisition Corp Class A Ordinary Shares,$10.02,0.00,0.00%,19,0.00,United States,2026,Blank Checks,Finance
BHAVU,BHAV Acquisition Corp Units,$10.15,0.00,0.00%,44,0.00,United States,2026,Blank Checks,Finance
BHB,Bar Harbor Bankshares Inc. Common Stock,$38.80,-0.41,-1.046%,82068,650523904.00,United States,1997,Major Banks,Finance
BHC,Bausch Health Companies Inc. Common Stock,$5.80,0.03,0.52%,1281466,2169145254.00,Canada,,Biotechnology: Pharmaceutical Preparations,Health Care
BHE,Benchmark Electronics Inc. Common Stock,$83.53,0.74,0.894%,389413,3000392003.00,United States,,Electrical Products,Technology
BHF,Brighthouse Financial Inc. Common Stock,$52.00,-0.04,-0.077%,578237,2990601276.00,United States,,Life Insurance,Finance
BHFAL,Brighthouse Financial Inc. 6.25% Junior Subordinated Debentures due 2058,$15.26,-0.20,-1.294%,14122,877626451.00,United States,,Life Insurance,Finance
BHFAM,Brighthouse Financial Inc. Depositary shares each representing a 1/1000th Interest in a Share of 4.625% Non-Cumulative Preferred Stock Series D,$10.23,-0.07,-0.68%,41104,588343289.00,United States,,Life Insurance,Finance
BHFAN,Brighthouse Financial Inc. Depositary shares each representing a 1/1000th interest in a share of 5.375% Non-Cumulative Preferred Stock Series C,$11.56,-0.16,-1.365%,29350,664833668.00,United States,,Life Insurance,Finance
BHFAO,Brighthouse Financial Inc. Depositary Shares 6.75% Non-Cumulative Preferred Stock Series B,$14.34,-0.22,-1.511%,28748,824715813.00,United States,,Life Insurance,Finance
BHFAP,Brighthouse Financial Inc. Depositary Shares 6.6% Non-Cumulative Preferred Stock Series A,$14.05,-0.23,-1.611%,22072,808037460.00,United States,,Life Insurance,Finance
BHK,Blackrock Core Bond Trust,$8.30,0.05,0.606%,411007,0.00,United States,2001,Finance Companies,Finance
BHM,Bluerock Homes Trust Inc. Class A Common Stock,$7.89,-0.043,-0.542%,1749,32412341.00,,2022,Real Estate Investment Trusts,Real Estate
BHP,BHP Group Limited American Depositary Shares (Each representing two Ordinary Shares),$84.82,0.24,0.284%,2312397,215620176008.00,Australia,,Coal Mining,Energy
BHR,Braemar Hotels & Resorts Inc. Common Stock,$1.66,0.00,0.00%,753471,114007668.00,United States,2013,Real Estate Investment Trusts,Real Estate
BHR^B,Braemar Hotels & Resorts Inc. 5.50% Series B Cumulative Convertible Preferred Stock par value $0.01 per share,$12.08,-0.63,-4.957%,13457,,United States,,,
BHR^D,Braemar Hotels & Resorts Inc. 8.25% Series D Cumulative Preferred Stock  par value $0.01 per share,$16.23,-0.75,-4.417%,7157,,United States,,,
BHRB,Burke & Herbert Financial Services Corp. Common Stock,$68.55,-0.51,-0.738%,112701,1383821112.00,United States,,Major Banks,Finance
BHST,BioHarvest Sciences Inc. Common Stock,$1.47,0.02,1.379%,69599,33321728.00,Canada,,,
BHV,BlackRock Virginia Municipal Bond Trust,$10.70,-1.91,-15.147%,28113,0.00,United States,2002,Finance/Investors Services,Finance
BHVN,Biohaven Ltd. Common Shares ,$13.29,0.02,0.151%,1534015,2007371849.00,United States,2022,Biotechnology: Pharmaceutical Preparations,Health Care
BIAF,bioAffinity Technologies Inc. Common Stock,$6.88,-0.53,-7.152%,150325,8026380.00,United States,2022,Biotechnology: Commercial Physical & Biological Resarch,Health Care
BIAFW,bioAffinity Technologies Inc. Warrant,$0.2802,0.0202,7.769%,2851,326888.00,United States,2022,Biotechnology: Commercial Physical & Biological Resarch,Health Care
BID,Tribeca Strategic Acquisition Corp. Class A Ordinary Shares,$9.91,0.00,0.00%,10,0.00,United States,2026,Blank Checks,Finance
BIDU,Baidu Inc. ADS,$86.71,-0.26,-0.299%,2381275,29503308062.00,China,2005,Computer Software: Programming Data Processing,Technology
BIIB,Biogen Inc. Common Stock,$227.07,-1.62,-0.708%,1161175,33550500326.00,United States,,Biotechnology: Biological Products (No Diagnostic Substances),Health Care
BIII,Black Spade Acquisition III Co Class A Ordinary Shares,$10.055,0.005,0.05%,768,0.00,,2026,Blank Checks,Finance
BILI,Bilibili Inc. American Depositary Shares,$14.84,-0.30,-1.982%,2188336,6182694921.00,China,2018,EDP Services,Technology
BILL,BILL Holdings Inc. Common Stock,$41.92,0.32,0.769%,1624782,3574802701.00,United States,2019,Computer Software: Prepackaged Software,Technology
BIO,Bio-Rad Laboratories Inc. Class A Common Stock,$379.55,1.86,0.492%,261720,10148474321.00,United States,1980,Biotechnology: Laboratory Analytical Instruments,Industrials
BIO/B,Bio-Rad Laboratories Inc.,$365.08,0.00,0.00%,14,,United States,,,
BIOA,BioAge Labs Inc. Common Stock,$7.14,-0.04,-0.557%,425351,327703930.00,United States,2024,Biotechnology: Pharmaceutical Preparations,Health Care
BIOT,Instinct Bio Technical Company Holdings Inc. Ordinary Shares,$0.3767,-0.0134,-3.435%,525825,10831575.00,Japan,,Package Goods/Cosmetics,Consumer Discretionary
BIOTW,Instinct Bio Technical Company Holdings Inc. Warrants,$0.0151,0.00,0.00%,11705,434183.00,Japan,,Package Goods/Cosmetics,Consumer Discretionary
BIOX,Bioceres Crop Solutions Corp. Ordinary Shares,$0.3455,-0.0125,-3.492%,184988,22048390.00,Argentina,,Agricultural Chemicals,Industrials
BIP,Brookfield Infrastructure Partners LP Limited Partnership Units,$35.49,0.65,1.866%,751973,16244287499.00,Bermuda,,Marine Transportation,Consumer Discretionary
BIP^A,Brookfield Infrastructure Partners LP 5.125% Class A Preferred Limited Partnership Units Series 13,$16.17,-0.07,-0.431%,3998,,Bermuda,,,
BIP^B,Brookfield Infrastructure Partners LP 5.000% Class A Preferred Limited Partnership Units Series 14,$15.82,-0.22,-1.372%,22410,,Bermuda,,,
BIPC,Brookfield Infrastructure Corporation Brookfield Infrastructure Corporation,$35.69,0.70,2.001%,1052234,4390426657.00,Canada,,Marine Transportation,Consumer Discretionary
BIPH,Brookfield Infrastructure Corporation 5.000% Subordinated Notes due 2081,$15.30,0.06,0.394%,6604,7058562772.00,Canada,2021,Marine Transportation,Consumer Discretionary
BIPI,BIP Bermuda Holdings I Limited 5.125% Perpetual Subordinated Notes,$15.94,0.02,0.126%,7915,151061786.00,Bermuda,2022,Marine Transportation,Consumer Discretionary
BIPJ,Brookfield Infrastructure Corporation 7.250% Subordinated Notes due 2084,$23.20,-0.02,-0.086%,4113,10703180150.00,Canada,2024,Marine Transportation,Consumer Discretionary
BIRD,Smartbird Inc. Class A Common Stock,$2.34,0.01,0.429%,114965,27633512.00,United States,2021,Apparel,Consumer Discretionary
BIRK,Birkenstock Holding plc Ordinary Shares,$33.04,0.07,0.212%,2829079,5455769780.00,,2023,Shoe Manufacturing,Consumer Discretionary
BIT,BlackRock Multi-Sector Income Trust Common Shares of Beneficial Interest,$11.21,0.07,0.628%,315964,0.00,United States,2013,Trusts Except Educational Religious and Charitable,Finance
BIVI,BioVie Inc. Class A Common Stock,$1.54,0.00,0.00%,146529,13371373.00,United States,,Biotechnology: Pharmaceutical Preparations,Health Care
BIVIW,BioVie Inc. Warrant,$0.28,0.00,0.00%,4063,2431159.00,United States,,Biotechnology: Pharmaceutical Preparations,Health Care
BIXI,Bitcoin Infrastructure Acquisition Corp Ltd. Class A Ordinary Shares,$10.15,0.00,0.00%,24,0.00,United States,2025,,
BIXIW,Bitcoin Infrastructure Acquisition Corp Ltd. Warrant,$0.3014,0.00,0.00%,7,0.00,United States,2025,,
BIYA,Baiya International Group Inc Class A Ordinary Shares,$2.05,0.02,0.985%,2926187,13080542.00,China,2025,Diversified Commercial Services,Consumer Discretionary
BJ,BJ's Wholesale Club Holdings Inc. Common Stock,$95.49,-1.32,-1.363%,2097082,12061789939.00,United States,2018,Department/Specialty Retail Stores,Consumer Discretionary
BJDX,Bluejay Diagnostics Inc. Common Stock,$0.939,-0.0209,-2.177%,264844,4195500.00,United States,2021,Medical/Dental Instruments,Health Care
BJRI,BJ's Restaurants Inc. Common Stock,$59.56,-0.46,-0.766%,252431,1267065443.00,United States,,Restaurants,Consumer Discretionary
BKD,Brookdale Senior Living Inc. Common Stock,$10.98,-0.06,-0.543%,4475959,2622213427.00,United States,2005,Hospital/Nursing Management,Health Care
BKE,Buckle Inc. (The) Common Stock,$43.23,0.16,0.371%,412501,2226882522.00,United States,,Clothing/Shoe/Accessory Stores,Consumer Discretionary
BKH,Black Hills Corporation Common Stock,$70.27,0.54,0.774%,863564,5358308218.00,United States,,Electric Utilities: Central,Utilities
BKHA,Black Hawk Acquisition Corporation Class A Ordinary Shares,$12.36,0.05,0.406%,1251,0.00,United States,2024,Biotechnology: Biological Products (No Diagnostic Substances),Health Care
BKKT,Bakkt Inc. Class A Common Stock,$8.10,0.10,1.25%,1003984,365062610.00,United States,,Finance: Consumer Services,Finance
BKNG,Booking Holdings Inc. Common Stock,$162.34,-1.53,-0.934%,5926901,121979110370.00,United States,,Transportation Services,Consumer Discretionary
BKR,Baker Hughes Company Class A Common Stock,$55.92,-1.20,-2.101%,5486482,55510334050.00,United States,,Oil and Gas Field Machinery,Consumer Discretionary
BKSY,BlackSky Technology Inc. Class A Common Stock,$21.89,-1.06,-4.619%,808138,895844879.00,United States,2019,Radio And Television Broadcasting And Communications Equipment,Technology
BKT,BlackRock Income Trust Inc. (The),$9.56,0.01,0.105%,47633,1422169223.00,United States,,Investment Bankers/Brokers/Service,Finance
BKTI,BK Technologies Corporation Common Stock,$74.79,-0.03,-0.04%,64037,281912603.00,United States,,Radio And Television Broadcasting And Communications Equipment,Technology
BKU,BankUnited Inc. Common Stock,$42.55,-0.52,-1.207%,1114882,3030932195.00,United States,2011,Savings Institutions,Finance
BKV,BKV Corporation Common Stock,$21.64,-0.26,-1.187%,1496227,2368234641.00,United States,2024,Oil & Gas Production,Energy
BKYI,BIO-key International Inc. Common Stock,$3.12,1.44,85.714%,169591417,4481393.00,United States,,Computer Software: Prepackaged Software,Technology
BL,BlackLine Inc. Common Stock,$26.37,-0.19,-0.715%,856597,1532763370.00,United States,2016,Computer Software: Prepackaged Software,Technology
BLBD,Blue Bird Corporation Common Stock,$56.36,-0.62,-1.088%,528513,1785261558.00,United States,2014,Construction/Ag Equipment/Trucks,Consumer Discretionary
BLCO,Bausch + Lomb Corporation Common Shares,$17.14,0.19,1.121%,232368,6121812316.00,,2022,Ophthalmic Goods,Health Care
BLDP,Ballard Power Systems Inc. Common Shares,$2.10,0.04,1.942%,2961127,737290483.00,Canada,,Industrial Machinery/Components,Energy
BLDR,Builders FirstSource Inc. Common Stock,$57.53,-0.48,-0.827%,1753234,6190024171.00,United States,2005,RETAIL: Building Materials,Consumer Discretionary
BLFS,BioLife Solutions Inc. Common Stock,$39.22,0.07,0.179%,573570,1918120931.00,United States,,Biotechnology: Electromedical & Electrotherapeutic Apparatus,Health Care
BLIN,Bridgeline Digital Inc. Common Stock,$0.8106,-0.0104,-1.267%,27019,10213462.00,United States,2007,Computer Software: Prepackaged Software,Technology
BLIV,BeLive Holdings Ordinary Share,$2.50,0.185,7.991%,2635,27162005.00,Singapore,2025,EDP Services,Technology
BLK,BlackRock Inc. Common Stock,$1067.94,-3.31,-0.309%,352243,165391076456.00,United States,1999,Investment Bankers/Brokers/Service,Finance
BLKB,Blackbaud Inc. Common Stock,$41.43,-0.93,-2.195%,380555,1880511719.00,United States,2004,Computer Software: Prepackaged Software,Technology
BLLN,BillionToOne Inc. Class A Common Stock,$118.18,-3.54,-2.908%,440576,5576564151.00,United States,2025,Medical Specialities,Health Care
BLMN,Bloomin' Brands Inc. Common Stock,$8.06,0.15,1.896%,3601130,690104591.00,United States,2012,Restaurants,Consumer Discretionary
BLND,Blend Labs Inc. Class A Common Stock,$1.03,-0.06,-5.505%,1066139,243608719.00,United States,2021,Computer Software: Programming Data Processing,Technology
BLNE,Beeline Holdings Inc. Common Stock,$0.8678,-0.0122,-1.386%,256881,28575047.00,United States,,Finance: Consumer Services,Finance
BLNK,Blink Charging Co. Common Stock,$0.5581,-0.0022,-0.393%,911328,80890297.00,United States,,Industrial Machinery/Components,Miscellaneous
BLRK,Bluerock Acquisition Corp. Class A Ordinary Shares,$10.12,0.01,0.099%,902,0.00,United States,2026,,
BLRX,BioLineRx Ltd. American Depositary Shares,$2.36,-0.07,-2.881%,12084,11748590.00,Israel,,Biotechnology: Pharmaceutical Preparations,Health Care
BLSH,Bullish Ordinary Shares,$35.68,-0.31,-0.861%,830005,5695998801.00,Cayman Islands,2025,Finance: Consumer Services,Finance
BLSM,BlossomHill Therapeutics Inc. Common Stock,$21.37,0.03,0.141%,228503,679243505.00,United States,2026,Biotechnology: Pharmaceutical Preparations,Health Care
BLTE,Belite Bio Inc American Depositary Shares,$166.66,0.73,0.44%,186892,6711755519.00,United States,2022,Biotechnology: Pharmaceutical Preparations,Health Care
BLUW,Blue Water Acquisition Corp. III Class A Ordinary Shares,$10.3723,0.00,0.00%,10,75147314.00,United States,2025,,
BLW,Blackrock Limited Duration Income Trust,$11.65,0.12,1.041%,293866,416036097.00,United States,2003,Other Consumer Services,Consumer Discretionary
BLX,Bladex Inc. Class E Common Stock,$55.51,0.54,0.982%,177052,2087115994.00,Panama,1992,Commercial Banks,Finance
BLZE,Backblaze Inc. Class A Common Stock,$13.38,-0.16,-1.182%,981018,828222000.00,United States,2021,Computer Software: Prepackaged Software,Technology
BLZR,Trailblazer Acquisition Corp. Class A Ordinary Shares,$10.245,0.025,0.245%,55570,0.00,United States,2025,Blank Checks,Finance
BLZRW,Trailblazer Acquisition Corp. Warrant,$0.35,0.02,6.061%,24766,0.00,United States,2025,Blank Checks,Finance
BMA,Banco Macro S.A.  ADR (representing Ten Class B Common Shares),$66.05,0.01,0.015%,617255,4223172932.00,Argentina,,Commercial Banks,Finance
BMBL,Bumble Inc. Class A Common Stock,$2.57,0.04,1.581%,2496075,339158567.00,United States,2021,Computer Software: Programming Data Processing,Technology
BME,Blackrock Health Sciences Trust,$44.62,-0.01,-0.022%,18214,594919263.00,United States,2005,Trusts Except Educational Religious and Charitable,Finance
BMEA,Biomea Fusion Inc. Common Stock,$1.26,-0.03,-2.326%,1556171,91329654.00,United States,2021,Biotechnology: Pharmaceutical Preparations,Health Care
BMEZ,BlackRock Health Sciences Term Trust Common Shares of Beneficial Interest,$16.91,0.08,0.475%,95664,225461334.00,United States,2020,Trusts Except Educational Religious and Charitable,Finance
BMGL,Basel Medical Group Ltd Ordinary Shares,$3.10,-0.37,-10.663%,130546,4904544.00,Singapore,2025,Medical/Nursing Services,Health Care
BMHL,Bluemount Holdings Limited Class B Ordinary Shares,$4.64,-0.36,-7.20%,512,118413482.00,Hong Kong,2025,Finance: Consumer Services,Finance
BMI,Badger Meter Inc. Common Stock,$125.99,-0.54,-0.427%,298482,3652052854.00,United States,1971,Industrial Machinery/Components,Industrials
BML^G,Bank of America Corporation Depositary Shares (Each representing a 1/1200th interest in a share of Floating Rate Non-Cumulative Preferred Stock  Series 1),$18.41,-0.04,-0.217%,46449,,United States,,,
BML^H,Bank of America Corporation Depositary Shares (Each representing a 1/1200th interest in a Share of Floating Rate Non-Cumulative Preferred Stock Series 2),$18.34,-0.12,-0.65%,54379,,United States,,,
BML^J,Bank of America Corporation Depositary Shares (Each representing a 1/1200th interest in a Share of Floating Rate Non-Cumulative Preferred Stock Series 4),$19.84,0.015,0.076%,14228,,United States,,,
BML^L,Bank of America Corporation Depositary Shares (Each representing a 1/1200th Interest in a Share of Floating Rate Non-Cumulative Preferred Stock Series 5),$19.81,-0.13,-0.652%,62664,,United States,,,
BMM,Blue Moon Metals Inc. Common Shares,$5.10,0.11,2.204%,209055,534801305.00,Canada,,,
BMN,BlackRock 2037 Municipal Target Term Trust Common Shares of Beneficial Interest,$21.98,0.00,0.00%,37483,0.00,,2022,Trusts Except Educational Religious and Charitable,Finance
BMNP,BitMine Immersion Technologies Inc. 9.5% Series A Perpetual Preferred Stock,$99.38,0.22,0.222%,38621,59948639036.00,,,Finance: Consumer Services,Finance
BMNR,BitMine Immersion Technologies Inc. Common Stock,$26.73,-0.11,-0.41%,31278936,16124241512.00,United States,2025,Finance: Consumer Services,Finance
BMO,Bank Of Montreal Common Stock,$169.61,-1.54,-0.90%,472654,117894594318.00,Canada,,Commercial Banks,Finance
BMR,Beamr Imaging Ltd. Ordinary Share,$1.25,-0.01,-0.794%,21059,19412318.00,Israel,2023,Computer Software: Prepackaged Software,Technology
BMRA,Biomerica Inc. Common Stock,$2.30,-0.0899,-3.762%,2511,10577626.00,United States,,Biotechnology: In Vitro & In Vivo Diagnostic Substances,Health Care
BMRC,Bank of Marin Bancorp Common Stock,$27.25,-0.22,-0.801%,124449,441293258.00,United States,,Major Banks,Finance
BMRN,BioMarin Pharmaceutical Inc. Common Stock,$59.87,0.41,0.69%,1807568,11589260951.00,United States,1999,Biotechnology: Pharmaceutical Preparations,Health Care
BMY,Bristol-Myers Squibb Company Common Stock,$62.86,-1.02,-1.597%,15839464,128405043276.00,United States,,Biotechnology: Pharmaceutical Preparations,Health Care
BN,Brookfield Corporation Class A Limited Voting Shares,$36.49,0.22,0.607%,5609484,89427855276.00,Canada,1925,Building operators,Real Estate
BNAI,Brand Engagement Network Inc. Common Stock,$5.95,-0.02,-0.335%,88481,44643945.00,United States,2021,EDP Services,Technology
BNC,BNB Standard Corporation Common Stock,$5.87,0.24,4.263%,903828,241690500.00,United States,,Farming/Seeds/Milling,Consumer Staples
BNCWW,BNB Standard Corporation Warrant,$0.015,0.0026,20.968%,1001,617608.00,United States,,Farming/Seeds/Milling,Consumer Staples
BNED,Barnes & Noble Education Inc Common Stock,$11.38,0.20,1.789%,163277,394487472.00,United States,2015,Other Specialty Stores,Consumer Discretionary
BNGO,Bionano Genomics Inc. Common Stock,$1.73,0.05,2.976%,425079,20374210.00,United States,2018,Biotechnology: Laboratory Analytical Instruments,Industrials
BNH,Brookfield Finance Inc. 4.625% Subordinated Notes due October 16 2080,$14.62,-0.14,-0.949%,26260,22043991614.00,Canada,2020,Building operators,Real Estate
BNJ,Brookfield Finance Inc. 4.50% Perpetual Subordinated Notes,$14.37,-0.05,-0.347%,21033,21667042373.00,Canada,2020,Building operators,Real Estate
BNKK,Bonk Inc. Common Stock,$2.01,0.14,7.487%,581493,16081889.00,United States,2020,Package Goods/Cosmetics,Consumer Discretionary
BNL,Broadstone Net Lease Inc. Common Stock,$18.88,0.04,0.212%,1514489,3622939292.00,United States,2020,Real Estate Investment Trusts,Real Estate
BNR,Burning Rock Biotech Limited American Depositary Shares,$18.94,1.31,7.431%,58723,199747736.00,China,2020,Medical Specialities,Health Care
BNS,Bank Nova Scotia Halifax Pfd 3 Ordinary Shares,$92.47,-0.28,-0.302%,5504771,113441027179.00,Canada,,Major Banks,Finance
BNT,Brookfield Wealth Solutions Ltd. Class A Exchangeable Limited Voting Shares,$36.42,0.20,0.552%,17860,12310480442.00,,2021,Property-Casualty Insurers,Finance
BNTC,Benitec Biopharma Inc. Common Stock,$9.75,-0.27,-2.695%,110977,340106579.00,United States,2015,Biotechnology: Pharmaceutical Preparations,Health Care
BNTX,BioNTech SE American Depositary Share,$98.57,-0.51,-0.515%,736955,24761214357.00,Germany,2019,Biotechnology: Biological Products (No Diagnostic Substances),Health Care
BNY,The Bank of New York Mellon Corporation Common Stock,$146.98,-1.46,-0.984%,4217005,99726538791.00,United States,,Major Banks,Finance
BNY^K,The Bank Of New York Mellon Corporation  Depositary Shares each representing a 1/4000th interest in a share of Series K Noncumulative Perpetual Preferred Stock,$24.40,0.22,0.91%,108040,,United States,,,
BOBS,Bob's Discount Furniture Inc. Common Stock,$13.84,-0.05,-0.36%,841362,1808709132.00,,2026,Other Specialty Stores,Consumer Discretionary
BOC,Boston Omaha Corporation Class A Common Stock,$13.00,-0.23,-1.738%,129477,391645358.00,United States,2022,Real Estate,Finance
BODI,The Beachbody Company Inc. Class A Common Stock,$4.71,-0.025,-0.528%,7868,34199225.00,United States,,Other Consumer Services,Consumer Discretionary
BOE,Blackrock Enhanced Global Dividend Trust Common Shares of Beneficial Interest,$11.84,0.00,0.00%,182336,0.00,United States,2005,Trusts Except Educational Religious and Charitable,Finance
BOF,BranchOut Food Inc. Common Stock,$3.92,-0.04,-1.01%,31325,63738048.00,United States,2023,Packaged Foods,Consumer Staples
BOH,Bank of Hawaii Corporation Common Stock,$69.17,-1.26,-1.789%,854690,2728783891.00,United States,,Major Banks,Finance
BOH^A,Bank of Hawaii Corporation Depositary Shares Each Representing a 1/40th Interest in a Share of 4.375% Fixed Rate Non-Cumulative Perpetual Preferred Stock Series A,$14.94,-0.21,-1.386%,16597,,United States,,,
BOH^B,Bank of Hawaii Corporation Depositary Shares Each Representing a 1/40th Interest in a Share of 8.000% Fixed Rate Non-Cumulative Perpetual Preferred Stock Series B,$25.48,-0.10,-0.391%,8888,,United States,,,
BOKF,BOK Financial Corporation Common Stock,$128.62,-1.97,-1.509%,299506,7815834434.00,United States,,Major Banks,Finance
BOLD,Boundless Bio Inc. Common Stock,$2.56,-0.05,-1.916%,52000,58234842.00,United States,2024,Biotechnology: Pharmaceutical Preparations,Health Care
BOLT,Bolt Biotherapeutics Inc. Common Stock,$3.60,0.1399,4.043%,9554,6934842.00,United States,2021,Biotechnology: Pharmaceutical Preparations,Health Care
BON,Bon Natural Life Limited Class A Ordinary Shares,$1.20,-0.02,-1.639%,5821,9754572.00,China,2021, Medicinal Chemicals and Botanical Products ,Health Care
BOOM,DMC Global Inc. Common Stock,$5.64,-0.19,-3.259%,91314,115850952.00,United States,,Industrial Specialties,Industrials
BOOT,Boot Barn Holdings Inc. Common Stock,$121.89,-4.27,-3.385%,664644,3691419635.00,United States,2014,Clothing/Shoe/Accessory Stores,Consumer Discretionary
BORR,Borr Drilling Limited Common Shares,$3.91,-0.10,-2.494%,7971226,1203111203.00,Bermuda,2019,Oil & Gas Production,Energy
BOSC,B.O.S. Better Online Solutions Common Stock,$4.71,0.04,0.857%,14682,33204605.00,Israel,,Computer Communications Equipment,Telecommunications
BOT,RoboStrategy Inc. Common Stock,$26.42,-0.44,-1.638%,202704,0.00,Puerto Rico,,,
BOTJ,Bank of the James Financial Group Inc. Common Stock,$27.04,-0.17,-0.625%,34319,122851860.00,United States,,Major Banks,Finance
BOW,Bowhead Specialty Holdings Inc. Common Stock,$33.77,-0.03,-0.089%,693221,1112485279.00,United States,2024,Property-Casualty Insurers,Finance
BOX,Box Inc. Class A Common Stock,$32.75,1.41,4.499%,3870516,4493325316.00,United States,2015,Computer Software: Prepackaged Software,Technology
BOXL,Boxlight Corporation Class A Common Stock,$4.75,0.155,3.373%,31968,4011584.00,United States,2017,Other Consumer Services,Real Estate
BP,BP p.l.c. Common Stock,$43.52,-0.91,-2.048%,5156262,113932331052.00,United Kingdom,,Integrated oil Companies,Energy
BPAC,Blueport Acquisition Ltd Class A Ordinary Shares,$10.19,0.00,0.00%,27,0.00,United States,2026,,
BPOP,Popular Inc. Common Stock,$156.30,-2.55,-1.605%,648507,9968579706.00,United States,,Major Banks,Finance
BPOPM,Popular Inc. Popular Capital Trust II - 6.125% Cumulative Monthly Income Trust Preferred Securities,$25.09,0.00,0.00%,476,1600202590.00,United States,,Major Banks,Finance
BPRE,Bluerock Private Real Estate Fund Common Shares of Beneficial Interest,$12.50,0.01,0.08%,1235181,0.00,,2025,,
BPRN,Princeton Bancorp Inc. Common Stock (PA),$43.53,0.06,0.138%,23242,296578640.00,United States,,Major Banks,Finance
BPYPM,Brookfield Property Partners L.P. 6.25% Class A Cumulative Redeemable Preferred Units Series 1,$16.37,0.39,2.441%,24213,20277969208.00,Bermuda,,Real Estate,Finance
BPYPN,Brookfield Property Partners L.P. 5.750% Class A Cumulative Redeemable Perpetual Preferred Units Series 3,$13.35,0.00,0.00%,3646,16537012152.00,Bermuda,,Real Estate,Finance
BPYPO,Brookfield Property Partners L.P. 6.375% Class A Cumulative Redeemable Perpetual Preferred Units Series 2,$14.70,-0.05,-0.339%,18691,18209294279.00,Bermuda,,Real Estate,Finance
BPYPP,Brookfield Property Partners L.P. 6.50% Class A Cumulative Redeemable Perpetual Preferred Units,$15.15,-0.10,-0.656%,7191,18766721655.00,Bermuda,,Real Estate,Finance
BQ,Boqii Holding Limited Class A Ordinary Shares,$0.80,-0.0221,-2.688%,41110,6303691.00,,2025,Other Specialty Stores,Consumer Discretionary
BR,Broadridge Financial Solutions Inc. Common Stock,$160.95,-1.97,-1.209%,907953,18351808388.00,United States,,Business Services,Consumer Discretionary
BRAG,Bragg Gaming Group Inc. Common Shares,$1.26,-0.10,-7.353%,13847,39139889.00,Canada,,Office Equipment/Supplies/Services,Technology
BRAI,Braiin Limited Common Stock,$5.46,-0.03,-0.546%,28175,1125241725.00,Australia,,EDP Services,Technology
BRBI,BRBI BR Partners S.A. ADSs,$11.24,0.00,0.00%,14,563534777.00,Brazil,,Finance: Consumer Services,Finance
BRBR,BellRing Brands Inc. Common Stock ,$7.75,0.01,0.129%,3139162,901156004.00,United States,2022,Packaged Foods,Consumer Staples
BRBS,Blue Ridge Bankshares Inc. Common Stock,$3.84,0.01,0.261%,461677,344405196.00,United States,,Major Banks,Finance
BRC,Brady Corporation Common Stock,$84.78,0.68,0.809%,315641,3976115363.00,United States,,Miscellaneous manufacturing industries,Consumer Discretionary
BRCB,Black Rock Coffee Bar Inc. Class A Common Stock,$7.18,0.08,1.127%,183878,359521835.00,United States,2025,Restaurants,Consumer Discretionary
BRCC,BRC Inc. Class A Common Stock,$9.21,0.16,1.768%,51181,230514751.00,United States,2022,Beverages (Production/Distribution),Consumer Staples
BREZ,Breeze Acquisition Corp. II Ordinary Shares,$10.02,0.00,0.00%,20,0.00,United States,2026,Blank Checks,Finance
BREZR,Breeze Acquisition Corp. II Right,$0.26,-0.03,-10.345%,111463,0.00,United States,2026,Blank Checks,Finance
BRFH,Barfresh Food Group Inc. Common Stock,$0.85,0.0199,2.397%,55224,13861946.00,United States,,Packaged Foods,Consumer Staples
BRIA,BrilliA Inc Class A Ordinary Shares,$1.41,0.02,1.439%,7352,43181250.00,,2024,Apparel,Consumer Discretionary
BRID,Bridgford Foods Corporation Common Stock,$5.6842,-0.0408,-0.713%,285,51594528.00,United States,,Specialty Foods,Consumer Staples
BRK/A,Berkshire Hathaway Inc.,$753367.869999999995,-507.13,-0.067%,208,1108109212418.00,United States,,,
BRK/B,Berkshire Hathaway Inc.,$502.35,-0.74,-0.147%,3246963,1108340517222.00,United States,,,
BRKH,Burtech Acquisition Corp II Class A Ordinary Shares,$10.03,0.015,0.15%,1426,0.00,United States,2026,Blank Checks,Finance
BRKR,Bruker Corporation Common Stock,$64.51,1.23,1.944%,1746725,9828699475.00,United States,,Biotechnology: Laboratory Analytical Instruments,Industrials
BRKRP,Bruker Corporation 6.375% Mandatory Convertible Preferred Stock Series A,$470.78,1.50,0.32%,2325,71727718786.00,United States,,Biotechnology: Laboratory Analytical Instruments,Industrials
BRLS,Borealis Foods Inc. Class A Common Shares,$1.30,0.02,1.563%,20268,27902298.00,Canada,2021,Packaged Foods,Consumer Staples
BRLSW,Borealis Foods Inc. Warrant,$0.0401,0.00,0.00%,18,860679.00,Canada,2021,Packaged Foods,Consumer Staples
BRLT,Brilliant Earth Group Inc. Class A Common Stock,$1.33,-0.04,-2.92%,17016,135424317.00,United States,2021,Consumer Specialties,Consumer Discretionary
BRN,Barnwell Industries Inc. Common Stock,$0.9423,0.0123,1.323%,11472,13601450.00,United States,1965,Oil & Gas Production,Energy
BRNX,BrenX Ltd. Ordinary Shares,$2.29,-0.01,-0.435%,113044,4458566.00,Israel,,Building Products,Industrials
BRO,Brown & Brown Inc. Common Stock,$60.60,0.36,0.598%,2478606,20277387634.00,United States,,Specialty Insurers,Finance
BROS,Dutch Bros Inc. Class A Common Stock,$38.10,0.36,0.954%,3403985,6655373380.00,United States,2021,Restaurants,Consumer Discretionary
BRRKU,Bluerock Acquisition Corp. II Units,$9.9999,0.0099,0.099%,25294,0.00,United States,2026,,
BRSL,Brightstar Lottery PLC Trading under the Legal Name to begin at the market open on July 21 2025. Ordinary Shares,$9.93,0.06,0.608%,2598111,1832085000.00,United States,2015,Services-Misc. Amusement & Recreation,Consumer Discretionary
BRSP,BrightSpire Capital Inc. Class A Common Stock,$4.03,-0.03,-0.739%,1150560,509892445.00,United States,2018,Real Estate Investment Trusts,Real Estate
BRT,BRT Apartments Corp. (MD) Common Stock,$13.44,-0.14,-1.031%,63200,252581643.00,United States,,Real Estate Investment Trusts,Real Estate
BRTM,B&R Technology Merger Corp. Class A Ordinary Shares,$9.81,-0.0099,-0.101%,1565,0.00,United States,2026,Blank Checks,Finance
BRTMU,B&R Technology Merger Corp. Units,$9.94,0.00,0.00%,266,0.00,United States,2026,,
BRTMW,B&R Technology Merger Corp. Warrants,$0.3121,0.0411,15.166%,3898,0.00,United States,2026,Blank Checks,Finance
BRTX,BioRestorative Therapies Inc. Common Stock (NV),$2.33,0.02,0.866%,15085,3218028.00,United States,,Managed Health Care,Health Care
BRUN,Boost Run Inc. Class A Common Stock,$16.65,0.41,2.525%,1413122,1323465893.00,United States,,EDP Services,Technology
BRVE,Braveheart Bio Inc. Common Stock,$22.34,1.27,6.028%,719375,2011470567.00,United States,2026,Biotechnology: Pharmaceutical Preparations,Health Care
BRW,Saba Capital Income & Opportunities Fund SBI,$6.08,0.08,1.333%,243692,0.00,United States,,Trusts Except Educational Religious and Charitable,Finance
BRX,Brixmor Property Group Inc. Common Stock,$27.86,-0.14,-0.50%,3070819,8549462724.00,United States,2013,Real Estate Investment Trusts,Real Estate
BRZE,Braze Inc. Class A Common Stock,$23.15,-0.02,-0.086%,1786319,2629479485.00,United States,2021,Computer Software: Prepackaged Software,Technology
BSAA,BEST SPAC I Acquisition Corp. Class A Ordinary Shares,$11.30,0.00,0.00%,27,,Hong Kong,2025,Blank Checks,Finance
BSAC,Banco Santander - Chile ADS,$33.61,-0.27,-0.797%,260816,15834185804.00,Chile,,Commercial Banks,Finance
BSBK,Bogota Financial Corp. Common Stock,$9.05,-0.05,-0.549%,1263,115489883.00,United States,2020,Banks,Finance
BSBR,Banco Santander Brasil SA American Depositary Shares each representing one unit,$5.68,-0.03,-0.525%,3065590,42436405384.00,Brazil,2009,Commercial Banks,Finance
BSEM,BioStem Technologies Inc. Common Stock,$3.83,-0.22,-5.432%,49912,68363474.00,United States,,Biotechnology: Biological Products (No Diagnostic Substances),Health Care
BSET,Bassett Furniture Industries Incorporated Common Stock,$18.05,-0.13,-0.715%,13005,156281755.00,United States,,Home Furnishings,Consumer Discretionary
BSIN,Big Sky Industrial Inc. Common Stock,$1.40,0.02,1.449%,610186,73490799.00,United States,,Oil & Gas Production,Energy
BSL,Blackstone Senior Floating Rate 2027 Term Fund Common Shares of Beneficial Interest,$12.92,0.03,0.233%,47634,0.00,United States,2010,Trusts Except Educational Religious and Charitable,Finance
BSM,Black Stone Minerals L.P. Common units representing limited partner interests,$14.31,-0.15,-1.037%,338454,3043888271.00,United States,2015,Oil & Gas Production,Energy
BSP,Bending Spoons S.p.A. Ordinary Shares,$32.755,-0.805,-2.399%,2439595,22544588472.00,Italy,2026,Computer Software: Programming Data Processing,Technology
BSRR,Sierra Bancorp Common Stock,$39.17,-0.60,-1.509%,34985,507776260.00,United States,,Major Banks,Finance
BST,BlackRock Science and Technology Trust Common Shares of Beneficial Interest,$49.94,2.00,4.172%,254425,1106562030.00,United States,2014,Finance Companies,Finance
BSTZ,BlackRock Science and Technology Term Trust Common Shares of Beneficial Interest,$29.63,0.26,0.885%,194409,656536503.00,United States,2019,Trusts Except Educational Religious and Charitable,Finance
BSVN,Bank7 Corp. Common stock,$55.28,-0.74,-1.321%,46220,526589320.00,United States,2018,Major Banks,Finance
BSX,Boston Scientific Corporation Common Stock,$43.88,-0.23,-0.521%,14605121,63592191601.00,United States,,Medical/Dental Instruments,Health Care
BSY,Bentley Systems Incorporated Class B Common Stock,$31.12,-0.17,-0.543%,3225816,9401130706.00,United States,2020,Computer Software: Prepackaged Software,Technology
BTBD,BT Brands Inc. Common Stock,$1.85,-0.04,-2.116%,26939,11441739.00,United States,2021,Restaurants,Consumer Discretionary
BTBDW,BT Brands Inc. Warrant,$0.0499,0.00,0.00%,6,308618.00,United States,2021,Restaurants,Consumer Discretionary
BTBT,Bit Digital Inc. Ordinary Shares,$1.65,-0.03,-1.786%,18387456,595045280.00,United States,2018,Finance: Consumer Services,Finance
BTCS,BTCS Inc. Common Stock,$1.53,-0.02,-1.29%,1117854,80282070.00,United States,,Finance: Consumer Services,Finance
BTCT,BTC Digital Ltd. Ordinary Shares,$1.10,-0.02,-1.786%,1284828,12980624.00,China,,Finance: Consumer Services,Finance
BTDR,Bitdeer Technologies Group Class A Ordinary Shares,$10.90,-0.13,-1.179%,15398423,2962426471.00,Singapore,,Finance: Consumer Services,Finance
BTE,Baytex Energy Corp Common Shares,$4.47,-0.06,-1.325%,21147691,3168729360.00,Canada,2023,Oil & Gas Production,Energy
BTG,B2Gold Corp Common shares (Canada),$5.34,0.06,1.136%,27648941,7054517869.00,Canada,,Precious Metals,Basic Materials
BTGO,BitGo Holdings Inc. Class A Common Stock,$7.27,0.01,0.138%,813574,854556672.00,United States,2026,Finance: Consumer Services,Finance
BTI,British American Tobacco  Industries p.l.c. Common Stock ADR,$54.85,-1.20,-2.141%,6537753,118494295492.00,United Kingdom,1998, Medicinal Chemicals and Botanical Products ,Health Care
BTLN,Brightline Interactive Inc. Common Stock,$4.55,-0.70,-13.333%,25547,12341197.00,United States,2021,EDP Services,Technology
BTMD,Biote Corp. Class A Common Stock,$1.24,0.01,0.813%,67200,44550060.00,United States,, Medicinal Chemicals and Botanical Products ,Health Care
BTO,John Hancock Financial Opportunities Fund Common Stock,$36.07,0.05,0.139%,65621,0.00,United States,1994,Investment Managers,Finance
BTOC,Armlogi Holding Corp. Common Stock,$0.2404,-0.0059,-2.395%,62492,10924516.00,United States,2024,Office Equipment/Supplies/Services,Consumer Discretionary
BTQ,BTQ Technologies Corp. Common Stock,$2.84,-0.02,-0.699%,1817084,417709123.00,Canada,,,
BTSG,BrightSpring Health Services Inc. Common Stock,$55.69,-0.85,-1.503%,1643396,11019059581.00,United States,2024,Medical/Nursing Services,Health Care
BTSGU,BrightSpring Health Services Inc. Tangible Equity Unit,$184.31,-4.12,-2.186%,1147,36468358259.00,United States,2024,Medical/Nursing Services,Health Care
BTT,BlackRock Municipal 2030 Target Term Trust,$21.66,0.24,1.12%,164238,0.00,United States,2012,Investment Managers,Finance
BTTC,Black Titan Corporation Ordinary Shares,$0.463,0.0292,6.731%,1793841,6342499.00,Malaysia,,Biotechnology: Biological Products (No Diagnostic Substances),Health Care
BTU,Peabody Energy Corporation Common Stock ,$24.37,-0.78,-3.101%,2251776,2970703000.00,United States,2017,Coal Mining,Energy
BTX,BlackRock Technology and Private Equity Term Trust Common Shares of Beneficial Interest,$8.95,0.09,1.016%,519688,2110375757.00,United States,2021,,
BTZ,BlackRock Credit Allocation Income Trust,$9.37,0.01,0.107%,560690,1013224950.00,United States,2006,Finance/Investors Services,Finance
BUD,Anheuser-Busch Inbev SA Sponsored ADR (Belgium),$74.29,-2.81,-3.645%,3249830,146509764582.00,Belgium,,Beverages (Production/Distribution),Consumer Staples
BUDA,Buda Juice Inc. Common Stock,$7.89,-0.07,-0.879%,21200,99150995.00,,2026,Beverages (Production/Distribution),Consumer Staples
BUI,BlackRock Utility Infrastructure & Power Opportunities Trust,$25.18,0.55,2.233%,77515,0.00,United States,2011,Trusts Except Educational Religious and Charitable,Finance
BULL,Webull Corporation Class A Ordinary Shares,$7.17,0.12,1.702%,12192698,3875276625.00,United States,,Investment Bankers/Brokers/Service,Finance
BULLW,Webull Corporation Warrants,$2.21,-0.01,-0.45%,298,1194471596.00,United States,,Investment Bankers/Brokers/Service,Finance
BUR,Burford Capital Limited Ordinary Shares,$3.90,-0.03,-0.763%,2080984,853365205.00,,2020,Finance: Consumer Services,Finance
BURL,Burlington Stores Inc. Common Stock,$270.05,3.66,1.374%,1509057,16963243410.00,United States,2013,Department/Specialty Retail Stores,Consumer Discretionary
BURU,Nuburu Inc. Common Stock,$0.9399,-0.0146,-1.53%,487948,8705678.00,United States,,Industrial Machinery/Components,Miscellaneous
BUSE,First Busey Corporation Class A Common Stock,$29.38,-0.38,-1.277%,733866,2444107539.00,United States,,Major Banks,Finance
BUSEP,First Busey Corporation Depositary Shares Each Representing a 1/40thInterest in a Share of 8.25% Fixed-Rate Series B Non-Cumulative Perpetual Preferred Stock $0.001 par value,$25.045,-0.375,-1.475%,40503,2083481053.00,United States,,Major Banks,Finance
BUUU,BUUU Group Limited Class A Ordinary Share,$40.45,-3.03,-6.969%,186807,762381375.00,Hong Kong,2025,Services-Misc. Amusement & Recreation,Consumer Discretionary
BV,BrightView Holdings Inc. Common Stock,$10.06,-0.20,-1.949%,540467,931556000.00,United States,2018,Farming/Seeds/Milling,Consumer Staples
BVC,BitVentures Limited Ordinary Shares,$11.38,-0.65,-5.403%,44728,1911840000.00,China,2021,Investment Managers,Finance
BVFL,BV Financial Inc. Common Stock,$21.22,0.34,1.628%,21837,179746217.00,United States,2023,Savings Institutions,Finance
BVN,Buenaventura Mining Company Inc.,$31.99,-0.06,-0.187%,1226474,8125039875.00,Peru,1996,Metal Mining,Basic Materials
BVS,Bioventus Inc. Class A Common Stock,$14.00,-0.02,-0.143%,449098,1177286320.00,United States,2021,Medical/Dental Instruments,Health Care
BW,Babcock & Wilcox Enterprises Inc. Common Stock,$5.81,0.06,1.043%,4168671,865487033.00,United States,2015,Building Products,Industrials
BW^A,Babcock & Wilcox Enterprises Inc. 7.75% Series A Cumulative Perpetual Preferred Stock,$18.50,1.25,7.246%,64003,,United States,,,
BWA,BorgWarner Inc. Common Stock,$60.94,-0.13,-0.213%,2109275,12411427613.00,United States,,Auto Parts:O.E.M.,Consumer Discretionary
BWAY,BrainsWay Ltd. American Depositary Shares,$13.48,0.23,1.736%,113414,539645190.00,Israel,2019,Medical/Dental Instruments,Health Care
BWB,Bridgewater Bancshares Inc. Common Stock,$20.25,-0.38,-1.842%,97722,564647416.00,United States,2018,Major Banks,Finance
BWBBP,Bridgewater Bancshares Inc. Depositary Shares Each Representing a 1/100th Interest in a Share of 5.875% Non-Cumulative Perpetual Preferred Stock Series A,$19.30,0.00,0.00%,344,538157784.00,United States,,Major Banks,Finance
BWEN,Broadwind Inc. Common Stock,$4.06,-0.16,-3.791%,242907,96048934.00,United States,,Metal Fabrications,Telecommunications
BWFG,Bankwell Financial Group Inc. Common Stock,$65.33,-0.83,-1.255%,97145,520808931.00,United States,2014,Major Banks,Finance
BWG,BrandywineGLOBAL Global Income Opportunities Fund Inc.,$6.99,0.03,0.431%,178496,0.00,United States,2012,Finance/Investors Services,Finance
BWIN,The Baldwin Insurance Group Inc. Class A Common Stock,$31.78,-0.04,-0.126%,3540043,4433257055.00,United States,2019,Specialty Insurers,Finance
BWIV,Blue Water Acquisition Corp. IV Class A Ordinary Shares,$9.97,0.00,0.00%,341,0.00,,2026,Blank Checks,Finance
BWLP,BW LPG Limited Common Shares,$24.68,0.02,0.081%,172511,3931079760.00,,2024,Transportation Services,Consumer Discretionary
BWMN,Bowman Consulting Group Ltd. Common Stock,$42.59,-0.02,-0.047%,414029,738319456.00,United States,2021,Professional Services,Consumer Discretionary
BWMX,Betterware de Mexico S.A.P.I. de C.V. Ordinary Shares,$16.74,-0.22,-1.297%,24845,660979787.00,Mexico,,Catalog/Specialty Distribution,Consumer Discretionary
BWXT,BWX Technologies Inc. Common Stock,$138.01,3.66,2.724%,1880818,12644749460.00,United States,,Industrial Machinery/Components,Industrials
BX,Blackstone Inc. Common Stock,$114.00,-0.56,-0.489%,5833733,85571262996.00,United States,2007,Investment Managers,Finance
BXBL,BOXABL Inc. Common stock,$3.74,-0.16,-4.103%,256366,129393348.00,United States,2025,Homebuilding,Consumer Discretionary
BXC,Bluelinx Holdings Inc. Common Stock,$74.74,-0.16,-0.214%,154951,587472619.00,United States,2004,Wholesale Distributors,Consumer Discretionary
BXDC,Blackstone Digital Infrastructure Trust Inc. Common Stock,$17.66,-0.47,-2.592%,4426555,1777477322.00,,2026,Real Estate,Finance
BXMT,Blackstone Mortgage Trust Inc. Common Stock,$12.31,-0.10,-0.806%,2858260,2074771605.00,United States,,Real Estate Investment Trusts,Real Estate
BXP,BXP Inc. Common Stock,$61.71,-0.72,-1.153%,1206102,9852714621.00,United States,1997,Real Estate Investment Trusts,Real Estate
BXSL,Blackstone Secured Lending Fund Common Shares of Beneficial Interest,$24.63,0.24,0.984%,1419326,0.00,,2021,Trusts Except Educational Religious and Charitable,Finance
BY,Byline Bancorp Inc. Common Stock,$36.90,-0.28,-0.753%,170181,1667378898.00,United States,2017,Major Banks,Finance
BYAH,Park Ha Biological Technology Co. Ltd. Class A Ordinary Shares,$2.43,0.02,0.83%,30463,8324031.00,China,2024,Package Goods/Cosmetics,Consumer Discretionary
BYD,Boyd Gaming Corporation Common Stock,$67.08,-2.11,-3.05%,1225863,4873725171.00,United States,1993,Hotels/Resorts,Consumer Discretionary
BYFC,Broadway Financial Corporation Class A Common Stock,$11.985,0.1499,1.267%,286,111203362.00,United States,,Savings Institutions,Finance
BYND,Beyond Meat Inc. Common Stock,$8.23,-0.29,-3.404%,819251,141506340.00,United States,2019,Packaged Foods,Consumer Staples
BYRN,Byrna Technologies Inc. Common Stock,$3.33,-0.04,-1.187%,189956,77937831.00,United States,,Industrial Machinery/Components,Miscellaneous
BYSI,BeyondSpring Inc. Ordinary Shares,$0.7733,-0.3467,-30.955%,2424545,31797957.00,United States,2017,Biotechnology: Pharmaceutical Preparations,Health Care
BZ,KANZHUN LIMITED American Depository Shares,$14.17,-0.01,-0.071%,5250971,6557956812.00,China,2021,Computer Software: Programming Data Processing,Technology
BZAI,Blaize Holdings Inc. Common Stock,$0.476,-0.0197,-3.974%,1427910,68940051.00,United States,2025,Semiconductors,Technology
BZAIW,Blaize Holdings Inc. Warrants,$0.0751,-0.0049,-6.125%,48958,10876886.00,United States,2025,Semiconductors,Technology
BZFD,BuzzFeed Inc. Class A Common Stock,$1.18,0.12,11.321%,758108,100340985.00,United States,2021,Telecommunications Equipment,Consumer Discretionary
BZFDW,BuzzFeed Inc. Warrant,$0.0075,0.001,15.385%,231555,637760.00,United States,2021,Telecommunications Equipment,Consumer Discretionary
BZH,Beazer Homes USA Inc. Common Stock,$33.36,0.00,0.00%,664789,890032223.00,United States,1994,Homebuilding,Consumer Discretionary
BZUN,Baozun Inc. American Depositary Shares,$3.05,-0.04,-1.294%,237712,177291586.00,China,2015,Catalog/Specialty Distribution,Consumer Discretionary
C,Citigroup Inc. Common Stock,$130.80,-0.51,-0.388%,7605964,219408731216.00,United States,,Major Banks,Finance
C^N,Citigroup Capital XIII 7.875% Fixed rate Floating Rate trust Preferred Securities (TruPS),$26.42,-0.13,-0.49%,140020,,United States,,,
C^R,Citigroup Inc. Depositary Shares Each Representing a 1/1000th Interest in a Share of 6.250% Noncumulative Preferred Stock Series II,$22.61,-0.15,-0.659%,119179,,United States,,,
CAAP,Corporacion America Airports SA Common Shares,$26.00,-0.05,-0.192%,844397,4295697796.00,,2018,Aerospace,Consumer Discretionary
CAAS,China Automotive Systems Inc. Ordinary Share,$4.83,-0.08,-1.629%,19808,145724491.00,China,,Auto Parts:O.E.M.,Consumer Discretionary
CABA,Cabaletta Bio Inc. Common Stock,$1.98,-0.02,-1.00%,4193329,335699981.00,United States,2019,Biotechnology: Biological Products (No Diagnostic Substances),Health Care
CABO,Cable One Inc. Common Stock,$10.93,-1.64,-13.047%,1026585,62016000.00,United States,2015,Cable & Other Pay Television Services,Telecommunications
CABR,Caring Brands Inc. Common Stock,$1.22,-0.02,-1.613%,8365,12649236.00,United States,,Package Goods/Cosmetics,Consumer Discretionary
CAC,Camden National Corporation Common Stock,$56.15,-1.25,-2.178%,89940,948769301.00,United States,,Major Banks,Finance
CACC,Credit Acceptance Corporation Common Stock,$537.10,-12.90,-2.345%,107769,5575409518.00,United States,1992,Finance: Consumer Services,Finance
CACI,CACI International Inc. Class A Common Stock,$608.14,-8.26,-1.34%,264042,13439648920.00,United States,,EDP Services,Technology
CADL,Candel Therapeutics Inc. Common Stock,$10.88,-0.31,-2.77%,963310,832521987.00,United States,2021,Biotechnology: Biological Products (No Diagnostic Substances),Health Care
CAE,CAE Inc. Common Shares,$24.25,-0.03,-0.124%,1456129,7796585005.00,Canada,,Industrial Machinery/Components,Miscellaneous
CAES,Cantor Equity Partners VII Inc. Class A Ordinary Shares,$10.06,0.00,0.00%,13895,0.00,United States,2026,Blank Checks,Finance
CAF,Morgan Stanley China A Share Fund Inc. Common Stock,$17.6401,-0.3599,-1.999%,3656,0.00,United States,2006,Investment Managers,Finance
CAG,ConAgra Brands Inc. Common Stock,$14.13,-0.03,-0.212%,14347141,6783355485.00,United States,,Packaged Foods,Consumer Staples
CAH,Cardinal Health Inc. Common Stock,$223.91,3.62,1.643%,973624,51848452939.00,United States,,Other Pharmaceuticals,Health Care
CAI,Caris Life Sciences Inc. Common Stock,$31.55,-0.20,-0.63%,3713937,8915878118.00,United States,2025,Medical Specialities,Health Care
CAII,Collective Acquisition Corp. II Class A Ordinary Shares,$10.00,0.00,0.00%,611,0.00,United States,2026,Blank Checks,Finance
CAKE,Cheesecake Factory Incorporated (The) Common Stock,$107.35,2.19,2.083%,2324027,5341804060.00,United States,1992,Restaurants,Consumer Discretionary
CAL,Caleres Inc. Common Stock,$12.45,-0.08,-0.638%,332787,429586964.00,United States,,Shoe Manufacturing,Consumer Discretionary
CALC,CalciMedica Inc. Common Stock,$1.61,-0.07,-4.167%,43122,10993550.00,United States,2023,Biotechnology: Pharmaceutical Preparations,Health Care
CALM,Cal-Maine Foods Inc. Common Stock,$68.55,1.195,1.774%,1739288,3216084602.00,United States,1996,Farming/Seeds/Milling,Consumer Staples
CALX,Calix Inc Common Stock,$33.53,0.34,1.024%,1304956,2111182551.00,United States,2010,Telecommunications Equipment,Consumer Discretionary
CALY,Callaway Golf Company Common Stock,$14.16,-0.15,-1.048%,1633362,2527708977.00,United States,,Recreational Games/Products/Toys,Consumer Discretionary
CAMP,CAMP4 Therapeutics Corporation Common Stock,$3.91,0.06,1.558%,172543,245365012.00,United States,2024,Biotechnology: Pharmaceutical Preparations,Health Care
CAMT,Camtek Ltd. Ordinary Shares,$152.82,10.21,7.159%,358089,7113558122.00,Israel,2000,Electronic Components,Technology
CAN,Canaan Inc. American Depositary Shares,$0.3725,-0.0012,-0.321%,6236003,264985010.00,China,2019,Finance: Consumer Services,Finance
CANF,Can-Fite Biopharma Ltd American Depositary Shares each representing two (2) Ordinary Shares,$2.18,-0.05,-2.242%,34896,6608772.00,Israel,,Biotechnology: Pharmaceutical Preparations,Health Care
CANG,Cango Inc. Class A Ordinary Shares,$2.37,0.08,3.493%,578749,97222062.00,China,2025,Finance: Consumer Services,Finance
CAPL,CrossAmerica Partners LP Common Units representing limited partner interests,$21.32,-0.27,-1.251%,36075,813853797.00,United States,2012,Oil Refining/Marketing,Energy
CAPN,Cayson Acquisition Corp Ordinary shares,$11.25,0.00,0.00%,29,0.00,United States,2024,,
CAPR,Capricor Therapeutics Inc. Common Stock,$8.57,-0.14,-1.607%,2674765,498251136.00,United States,,Biotechnology: Pharmaceutical Preparations,Health Care
CAPS,Capstone Holding Corp. Common Stock,$0.1555,-0.0035,-2.201%,96231987,3382125.00,United States,,RETAIL: Building Materials,Consumer Discretionary
CAQ,Cambridge Acquisition Corp. Class A Ordinary Shares,$10.01,0.00,0.00%,6,0.00,United States,2026,,
CAR,Avis Budget Group Inc. Common Stock,$106.79,1.86,1.773%,319073,3772437270.00,United States,,Rental/Leasing Companies,Consumer Discretionary
CARE,Carter Bankshares Inc. Common Stock,$30.12,0.46,1.551%,281814,667577602.00,United States,,Major Banks,Finance
CARG,CarGurus Inc. Class A Common Stock ,$31.16,0.35,1.136%,1200193,2775529574.00,United States,2017,EDP Services,Technology
CARL,Carlsmed Inc. Common Stock,$14.09,-0.09,-0.635%,53852,384695649.00,United States,2025,Medical/Dental Instruments,Health Care
CARR,Carrier Global Corporation Common Stock ,$55.38,-0.49,-0.877%,6387171,45651121657.00,United States,2020,Industrial Machinery/Components,Industrials
CARS,Cars.com Inc. Common Stock ,$10.46,0.04,0.384%,510492,559952188.00,United States,2017,EDP Services,Technology
CART,Maplebear Inc. Common Stock,$43.49,0.15,0.346%,3443663,10321629566.00,United States,2023,Business Services,Consumer Discretionary
CASH,Pathward Financial Inc. Common Stock,$71.57,-0.72,-0.996%,158147,1486749518.00,United States,1993,Major Banks,Finance
CASS,Cass Information Systems Inc Common Stock,$53.64,-0.61,-1.124%,55562,686921832.00,United States,,Business Services,Consumer Discretionary
CAST,FreeCast Inc. Class A Common Stock,$1.17,-0.01,-0.847%,511643,59421274.00,United States,,EDP Services,Technology
CASY,Casey's General Stores Inc. Common Stock,$599.90,-6.34,-1.046%,442513,22172404183.00,United States,1983,Retail-Auto Dealers and Gas Stations,Consumer Discretionary
CAT,Caterpillar Inc. Common Stock,$826.64,6.69,0.816%,2313866,379985650243.00,United States,,Construction/Ag Equipment/Trucks,Industrials
CATL, Catalyst Acquisition Corp. Class A Ordinary Share,$9.80,0.01,0.102%,2189,0.00,United States,2026,Blank Checks,Finance
CATLU,Catalyst Acquisition Corp. Units,$10.10,0.00,0.00%,608,0.00,United States,2026,Blank Checks,Finance
CATO,Cato Corporation (The) Class A Common Stock,$2.42,0.00,0.00%,43140,48186917.00,United States,,Clothing/Shoe/Accessory Stores,Consumer Discretionary
CATX,Perspective Therapeutics Inc. Common Stock,$2.62,0.12,4.80%,1542365,299077357.00,United States,,Biotechnology: Pharmaceutical Preparations,Health Care
CATY,Cathay General Bancorp Common Stock,$59.86,-0.88,-1.449%,392565,3993489265.00,United States,,Major Banks,Finance
CAVA,CAVA Group Inc. Common Stock,$53.14,1.56,3.024%,3759318,6207081362.00,United States,2023,Restaurants,Consumer Discretionary
CB,Chubb Limited  Common Stock,$332.08,0.71,0.214%,1211239,128116417177.00,Switzerland,,Property-Casualty Insurers,Finance
CBAN,Colony Bankcorp Inc. Common Stock,$20.39,-0.19,-0.923%,144307,432695476.00,United States,,Major Banks,Finance
CBAT,CBAK Energy Technology Limited Ordinary Shares,$1.23,0.10,8.85%,351925,109034378.00,China,,Industrial Machinery/Components,Miscellaneous
CBC,Central Bancompany Inc. Class A Common Stock,$31.66,-0.19,-0.597%,941436,7582732511.00,United States,,Major Banks,Finance
CBFV,CB Financial Services Inc. Common Stock,$37.59,0.55,1.485%,4208,191016743.00,United States,,Major Banks,Finance
CBIO,Crescent Biopharma Inc. Common Stock,$14.76,0.23,1.583%,684631,548244554.00,United States,2014,Biotechnology: Pharmaceutical Preparations,Health Care
CBK,Commercial Bancgroup Inc. Common Stock,$31.56,-0.43,-1.344%,29051,432412081.00,United States,2025,Major Banks,Finance
CBL,CBL & Associates Properties Inc. Common Stock,$53.36,1.03,1.968%,274225,1651105514.00,United States,2021,Real Estate Investment Trusts,Real Estate
CBLL,CeriBell Inc. Common Stock,$24.86,0.35,1.428%,300881,954079591.00,United States,2024,Biotechnology: Electromedical & Electrotherapeutic Apparatus,Health Care
CBNA,Chain Bridge Bancorp Inc. Class A Common Stock,$47.21,-0.27,-0.569%,12810,309783381.00,,2024,Major Banks,Finance
CBNK,Capital Bancorp Inc. Common Stock,$35.65,-0.47,-1.301%,41197,580754756.00,United States,2018,Major Banks,Finance
CBOE,Cboe Global Markets Inc. Common Stock,$261.75,8.49,3.352%,2570287,29268557813.00,,2010,Investment Bankers/Brokers/Service,Finance
CBRE,CBRE Group Inc Common Stock Class A,$130.84,0.49,0.376%,2419771,37888031990.00,United States,,Real Estate,Finance
CBRL,Cracker Barrel Old Country Store Inc Common Stock,$52.48,-1.25,-2.326%,831495,1173055526.00,United States,1981,Restaurants,Consumer Discretionary
CBRS,Cerebras Systems Inc. Class A Common Stock,$194.95,-1.79,-0.91%,9465386,46313109793.00,United States,2026,Semiconductors,Technology
CBSH,Commerce Bancshares Inc. Common Stock,$55.33,-0.55,-0.984%,753407,7936102409.00,United States,,Major Banks,Finance
CBT,Cabot Corporation Common Stock,$77.76,-0.69,-0.88%,362922,4014827104.00,United States,,Major Chemicals,Industrials
CBU,Community Financial System Inc. Common Stock,$59.83,-0.66,-1.091%,225781,3148009596.00,United States,,Major Banks,Finance
CBUS,Cibus Inc. Class A Common Stock,$1.55,0.08,5.442%,270254,118464894.00,United States,2017,Agricultural Chemicals,Industrials
CBZ,CBIZ Inc. Common Stock,$54.69,-0.02,-0.037%,1435095,2967691543.00,United States,,Business Services,Consumer Discretionary
CC,Chemours Company (The) Common Stock,$13.89,-0.24,-1.699%,2036038,2090431041.00,United States,2015,Major Chemicals,Industrials
CCAP,Crescent Capital BDC Inc. Common stock,$9.54,0.04,0.421%,246878,351510382.00,United States,,Finance: Consumer Services,Finance
CCAQ,Collective Acquisition Corp. Class A Ordinary Shares,$10.69,0.00,0.00%,63,0.00,United States,2025,Blank Checks,Finance
CCAQW,Collective Acquisition Corp. Warrants,$0.1713,-0.0061,-3.439%,825,0.00,United States,2025,Blank Checks,Finance
CCB,Coastal Financial Corporation Common Stock,$39.98,2.435,6.486%,356309,611147353.00,United States,2018,Major Banks,Finance
CCBG,Capital City Bank Group Common Stock,$48.84,-0.40,-0.812%,78839,835813425.00,United States,,Major Banks,Finance
CCC,CCC Intelligent Solutions Holdings Inc. Common Stock,$6.58,-0.04,-0.604%,7530672,3875585152.00,United States,,Computer Software: Prepackaged Software,Technology
CCCC,C4 Therapeutics Inc. Common Stock,$3.13,0.015,0.482%,1554174,385068676.00,United States,2020,Biotechnology: Biological Products (No Diagnostic Substances),Health Care
CCCT,Columbus Circle Capital Corp III Class A Ordinary Shares,$9.84,0.00,0.00%,21,0.00,United States,2026,,
CCCTU,Columbus Circle Capital Corp III Units,$10.03,0.00,0.00%,12,0.00,United States,2026,,
CCD,Calamos Dynamic Convertible & Income Fund Common Stock,$22.48,0.07,0.312%,93894,0.00,United States,,Trusts Except Educational Religious and Charitable,Finance
CCEC,Capital Clean Energy Carriers Corp. Common Share,$21.29,-0.46,-2.115%,6965,1283569374.00,Greece,2007,Marine Transportation,Consumer Discretionary
CCEL,Cryo-Cell International Inc. Common Stock,$4.05,-0.11,-2.644%,550,32653733.00,United States,2022,Misc Health and Biotechnology Services,Health Care
CCEP,Coca-Cola Europacific Partners plc Ordinary Shares,$102.29,-0.58,-0.564%,1258759,46437863072.00,United Kingdom,,Beverages (Production/Distribution),Consumer Staples
CCG,Cheche Group Inc. Class A Ordinary Shares,$7.62,-2.30,-23.185%,69627,19091346.00,China,,Specialty Insurers,Finance
CCHH,CCH Holdings Ltd Class A Ordinary Shares,$0.95,0.0183,1.964%,41852,18824941.00,Malaysia,2025,Restaurants,Consumer Discretionary
CCI,Crown Castle Inc. Common Stock,$67.07,-0.03,-0.045%,3631588,28535296294.00,United States,,Real Estate Investment Trusts,Real Estate
CCID,Carlyle Credit Income Fund 7.375% Series D Term Preferred Shares due 2028,$24.948,0.053,0.213%,3329,0.00,,,,
CCIF,Carlyle Credit Income Fund Shares of Beneficial Interest,$2.40,0.01,0.418%,90375,0.00,,2019,Finance/Investors Services,Finance
CCII,Cohen Circle Acquisition Corp. II Class A Ordinary Shares,$10.31,0.01,0.097%,284,0.00,United States,2025,,
CCJ,Cameco Corporation Common Stock,$86.88,-0.16,-0.184%,2104547,37839105129.00,Canada,1996,Other Metals and Minerals,Basic Materials
CCK,Crown Holdings Inc.,$106.35,-1.12,-1.042%,889967,11566680345.00,United States,,Containers/Packaging,Industrials
CCL,Carnival Corporation Ltd. Common Shares,$25.11,2.97,13.415%,75495847,34391889378.00,United States,1987,Marine Transportation,Consumer Discretionary
CCLD,CareCloud Inc. Common Stock,$2.08,0.03,1.463%,195305,88387227.00,United States,2014,Computer Software: Prepackaged Software,Technology
CCM,Concord Medical Services Holdings Limited American Depositary Shares (Each represents thirty (30) Class A ordinary shares),$3.38,-0.16,-4.52%,7769,14675024.00,China,2024,Medical/Nursing Services,Health Care
CCNE,CNB Financial Corporation Common Stock,$33.46,-0.38,-1.123%,113635,991114812.00,United States,,Major Banks,Finance
CCNEP,CNB Financial Corporation Depositary Shares each representing a 1/40th ownership interest in a share of 7.125% Series A Fixed-Rate Non-Cumulative Perpetual Preferred Stock,$24.74,-0.085,-0.342%,350,732820695.00,United States,,Major Banks,Finance
CCO,Clear Channel Outdoor Holdings Inc. Common Stock,$2.34,-0.02,-0.847%,12018054,1191279597.00,United States,2005,Advertising,Consumer Discretionary
CCOI,Cogent Communications Holdings Inc.,$7.34,-0.09,-1.211%,1396465,375923502.00,United States,,Telecommunications Equipment,Consumer Discretionary
CCS,Century Communities Inc. Common Stock,$60.52,-1.09,-1.769%,198082,1720759108.00,United States,2014,Homebuilding,Consumer Discretionary
CCSI,Consensus Cloud Solutions Inc. Common Stock,$34.69,0.25,0.726%,132015,635691544.00,United States,,Computer Software: Prepackaged Software,Technology
CCTG,CCSC Technology International Holdings Limited Class A Ordinary Shares,$0.4501,-0.03,-6.249%,101432,6112442.00,Hong Kong,2024,Building Products,Consumer Discretionary
CCU,Compania Cervecerias Unidas S.A. Common Stock,$10.73,-0.11,-1.015%,177073,1982382908.00,Chile,,Beverages (Production/Distribution),Consumer Staples
CCXI,Churchill Capital Corp XI Class A Ordinary Shares,$12.33,0.28,2.324%,3721766,0.00,United States,2026,Blank Checks,Finance
CCXIU,Churchill Capital Corp XI Units,$12.70,0.03,0.237%,2387,0.00,United States,2025,Blank Checks,Finance
CCXIW,Churchill Capital Corp XI Warrants,$6.00,-0.11,-1.80%,53378,0.00,United States,2026,,
CD,Chaince Digital Holdings Inc. Ordinary Shares,$5.92,-0.60,-9.202%,249871,651222496.00,China,2015,Finance: Consumer Services,Finance
CDE,Coeur Mining Inc. Common Stock,$17.84,-0.03,-0.168%,42351260,18338360364.00,United States,,Precious Metals,Basic Materials
CDIO,Cardio Diagnostics Holdings Inc. Common stock,$1.87,-0.0238,-1.257%,37847,5534207.00,United States,2022,Biotechnology: In Vitro & In Vivo Diagnostic Substances,Health Care
CDIOW,Cardio Diagnostics Holdings Inc. Warrant,$0.0086,-0.0014,-14.00%,45758,25451.00,United States,2022,Biotechnology: In Vitro & In Vivo Diagnostic Substances,Health Care
CDLR,Cadeler A/S American Depositary Share (each representing four (4) Ordinary Shares),$22.59,-0.31,-1.354%,184237,2179728008.00,,2023,Marine Transportation,Consumer Discretionary
CDLX,Cardlytics Inc. Common Stock,$3.02,-0.12,-3.822%,41710,17783922.00,United States,2018,Computer Software: Programming Data Processing,Technology
CDNA,CareDx Inc. Common Stock,$64.02,-0.58,-0.898%,796470,3312024956.00,United States,2014,Medical Specialities,Health Care
CDNL,Cardinal Infrastructure Group Inc. Class A Common Stock,$27.37,-0.35,-1.263%,679064,1299337625.00,United States,2025,Military/Government/Technical,Industrials
CDNS,Cadence Design Systems Inc. Common Stock,$324.17,-2.53,-0.774%,2634015,89274148810.00,United States,,Computer Software: Prepackaged Software,Technology
CDP,COPT Defense Properties Common Shares of Beneficial Interest,$34.28,0.52,1.54%,1638356,3887710500.00,United States,,Real Estate Investment Trusts,Real Estate
CDR^B,Cedar Realty Trust Inc. 7.25% Series B Cumulative Redeemable Preferred Stock,$16.06,-0.215,-1.321%,260,,United States,,,
CDR^C,Cedar Realty Trust Inc. 6.50% Series C Cumulative Redeemable Preferred Stock,$15.03,-0.145,-0.956%,12688,,United States,,,
CDRE,Cadre Holdings Inc. Common Stock,$25.53,-0.53,-2.034%,574282,1093213339.00,United States,2021,Industrial Specialties,Health Care
CDRO,Codere Online Luxembourg S.A. Ordinary Shares,$9.66,-0.15,-1.529%,25342,439239379.00,Luxembourg,,Services-Misc. Amusement & Recreation,Consumer Discretionary
CDROW,Codere Online Luxembourg S.A. Warrants,$0.3799,-0.0201,-5.025%,2003,17274021.00,Luxembourg,,Services-Misc. Amusement & Recreation,Consumer Discretionary
CDT,CDT Equity Inc. Common Stock,$1.45,-0.45,-23.684%,599908,1630547.00,United States,2022,Biotechnology: Pharmaceutical Preparations,Health Care
CDTG,CDT Environmental Technology Investment Holdings Limited ordinary shares,$1.22,0.02,1.667%,429895,3685620.00,China,2024,Miscellaneous,Industrials
CDTTW,CDT Equity Inc. Warrant,$0.0118,0.0001,0.855%,6714,13269.00,United States,2022,Biotechnology: Pharmaceutical Preparations,Health Care
CDW,CDW Corporation Common Stock,$129.71,-0.62,-0.476%,1271565,16216010326.00,United States,2013,Catalog/Specialty Distribution,Consumer Discretionary
CDXS,Codexis Inc. Common Stock,$1.35,-0.01,-0.735%,606575,147832783.00,United States,2010,Major Chemicals,Industrials
CDZI,CADIZ Inc. Common Stock,$3.58,0.00,0.00%,1144703,303143929.00,United States,,Water Supply,Utilities
CDZIP,Cadiz Inc. Depositary Shares,$22.001,0.101,0.461%,4987,1862980327.00,United States,,Water Supply,Utilities
CE,Celanese Corporation Common Stock,$44.84,-1.08,-2.352%,1563309,4921141842.00,United States,2005,Major Chemicals,Industrials
CECO,CECO Environmental Corp. Common Stock,$70.60,-1.66,-2.297%,546766,4135029998.00,United States,1998,Pollution Control Equipment,Industrials
CEE,The Central and Eastern Europe Fund Inc. (The) Common Stock,$18.81,-0.65,-3.34%,14408,0.00,United States,,Finance Companies,Finance
CEG,Constellation Energy Corporation Common Stock ,$264.58,4.15,1.594%,1881108,93742646336.00,United States,,Electric Utilities: Central,Utilities
CELC,Celcuity Inc. Common Stock,$77.38,-2.26,-2.838%,1221771,3786351041.00,United States,2017,Medical Specialities,Health Care
CELH,Celsius Holdings Inc. Common Stock,$27.71,-0.29,-1.036%,6593032,7011601152.00,United States,,Beverages (Production/Distribution),Consumer Staples
CELU,Celularity Inc. Class A Common Stock,$1.37,-0.03,-2.143%,39660,39655967.00,United States,2019,Biotechnology: Pharmaceutical Preparations,Health Care
CELZ,Creative Medical Technology Holdings Inc. Common Stock,$0.9652,-0.0448,-4.436%,238730,7328336.00,United States,,Biotechnology: Biological Products (No Diagnostic Substances),Health Care
CENN,Cenntro Inc. Common Stock,$3.95,-0.405,-9.30%,12423,69462535.00,New Zealand,,Auto Manufacturing,Industrials
CENT,Central Garden & Pet Company Common Stock,$39.26,-0.42,-1.058%,55055,2457385397.00,United States,1993,Consumer Specialties,Consumer Discretionary
CENTA,Central Garden & Pet Company Class A Common Stock Nonvoting,$33.95,-0.25,-0.731%,226547,2125018702.00,United States,,Consumer Specialties,Consumer Discretionary
CENX,Century Aluminum Company Common Stock,$36.20,-1.20,-3.209%,2649601,3583557279.00,United States,1996,Aluminum,Industrials
CEPF,Cantor Equity Partners IV Inc. Class A Ordinary Shares,$10.30,0.00,0.00%,231,0.00,United States,2025,Blank Checks,Finance
CEPL,Capstone Energy Plus Inc. Common Stock,$4.45,-0.03,-0.67%,360542,145121571.00,United States,,Industrial Machinery/Components,Industrials
CEPO,Cantor Equity Partners I Inc. Class A Ordinary Shares,$10.775,0.015,0.139%,15026,0.00,United States,2025,Blank Checks,Finance
CEPS,Cantor Equity Partners VI Inc. Class A Ordinary Shares,$10.30,0.00,0.00%,7,0.00,United States,2026,Blank Checks,Finance
CEPU,Central Puerto S.A. American Depositary Shares (each represents ten Common Shares),$11.92,-0.15,-1.243%,305413,1804414102.00,,2018,Electric Utilities: Central,Utilities
CEPV,Cantor Equity Partners V Inc. Class A Ordinary Shares,$10.36,0.00,0.00%,71,0.00,United States,2025,,
CERS,Cerus Corporation Common Stock,$2.47,0.02,0.816%,1621344,497766498.00,United States,1997,Medical/Dental Instruments,Health Care
CERT,Certara Inc. Common Stock,$9.26,0.13,1.424%,2936312,1412509103.00,United States,2020,Computer Software: Prepackaged Software,Technology
CET,Central Securities Corporation Common Stock,$55.30,0.08,0.145%,19304,13383993560.00,United States,1951,Finance/Investors Services,Finance
CETX,Cemtrex Inc. Common Stock,$2.055,0.025,1.232%,21279,3536945.00,United States,,Electrical Products,Technology
CETY,Clean Energy Technologies Inc. Common Stock,$1.00,0.0149,1.513%,2064,12166106.00,United States,,Oil/Gas Transmission,Utilities
CEV,Eaton Vance California Municipal Income Trust Shares of Beneficial Interest,$9.98,0.13,1.32%,60941,70195079.00,United States,1999,Finance/Investors Services,Finance
CEVA,CEVA Inc. Common Stock,$34.48,-0.21,-0.605%,996249,970752403.00,United States,,Computer Software: Programming Data Processing,Technology
CF,CF Industries Holdings Inc. Common Stock,$115.71,0.20,0.173%,2540264,17511335022.00,United States,2005,Agricultural Chemicals,Industrials
CFBK,CF Bankshares Inc. Common Stock,$34.13,-0.12,-0.35%,39533,218961425.00,United States,,Major Banks,Finance
CFFI,C&F Financial Corporation Common Stock,$99.15,4.46,4.71%,79844,322405163.00,United States,,Major Banks,Finance
CFFN,Capitol Federal Financial Inc. Common Stock,$8.37,-0.09,-1.064%,1078420,1052094629.00,United States,,Savings Institutions,Finance
CFG,Citizens Financial Group Inc. Common Stock,$63.89,-0.91,-1.404%,4454941,26908984985.00,United States,2014,Major Banks,Finance
CFG^E,Citizens Financial Group Inc. Depositary Shares Each Representing 1/40th Interest in a Share of 5.000% Fixed-Rate Non-Cumulative Perpetual Preferred Stock Series E,$16.76,-0.12,-0.711%,107393,,United States,,,
CFG^H,Citizens Financial Group Inc. Depositary Shares Each Representing a 1/40th Interest in a Share of 7.375% Fixed-Rate Non-Cumulative Perpetual Preferred Stock Series H,$24.80,-0.33,-1.313%,44888,,United States,,,
CFG^I,Citizens Financial Group Inc. Depositary Shares Each Representing a 1/40th Interest in a Share of 6.500% Fixed-Rate Reset Non-Cumulative Perpetual Preferred Stock Series I,$24.08,-0.03,-0.124%,24456,,United States,,,
CFND,C1 Fund Inc. Common Stock,$3.01,0.02,0.669%,14631,0.00,,2025,,
CFR,Cullen/Frost Bankers Inc. Common Stock,$154.21,-2.21,-1.413%,420865,9583964135.00,United States,,Major Banks,Finance
CFR^B,Cullen/Frost Bankers Inc. Depositary Shares each representing a 1/40th ownership interest in a share of 4.450% non-cumulative perpetual preferred stock Series B,$15.68,-0.065,-0.413%,11152,,United States,,,
CFTR^A,Cantor Fitzgerald Income Trust Inc. 9.50% Series A Cumulative Redeemable Preferred Stock,$25.27,0.02,0.079%,1098,,,,,
CG,The Carlyle Group Inc. Common Stock,$39.68,0.16,0.405%,3217617,14139285425.00,United States,2012,Investment Managers,Finance
CGABL,The Carlyle Group Inc. 4.625% Subordinated Notes due 2061,$15.25,-0.07,-0.457%,30633,5515999832.00,United States,,Investment Managers,Finance
CGAU,Centerra Gold Inc. Common Shares,$22.02,0.26,1.195%,1753694,4397621268.00,Canada,2021,Precious Metals,Basic Materials
CGBD,Carlyle Secured Lending Inc. Common Stock,$11.10,-0.10,-0.893%,668568,763730849.00,United States,2017,Finance: Consumer Services,Finance
CGC,Canopy Growth Corporation Common Shares,$0.9251,-0.0003,-0.032%,1122934,391352153.00,Canada,, Medicinal Chemicals and Botanical Products ,Health Care
CGCF,Cartesian Growth Corporation IV Class A Ordinary Shares,$9.80,0.00,0.00%,2577,0.00,United States,2026,Blank Checks,Finance
CGCFU,Cartesian Growth Corporation IV Unit,$9.876,-0.014,-0.142%,8153,0.00,United States,2026,Blank Checks,Finance
CGCFW,Cartesian Growth Corporation IV Warrants,$0.32,0.005,1.587%,2133,0.00,United States,2026,Blank Checks,Finance
CGEM,Cullinan Therapeutics Inc. Common Stock,$15.23,0.28,1.873%,1244450,980121990.00,United States,2021,Biotechnology: Biological Products (No Diagnostic Substances),Health Care
CGEN,Compugen Ltd. Ordinary Shares,$2.35,0.02,0.858%,117187,222273895.00,Israel,2000,Biotechnology: Biological Products (No Diagnostic Substances),Health Care
CGNT,Cognyte Software Ltd. Ordinary Shares,$8.49,-0.04,-0.469%,354914,627414235.00,Israel,,Computer Software: Prepackaged Software,Technology
CGNX,Cognex Corporation Common Stock,$59.67,0.92,1.566%,870946,10037916652.00,United States,1989,Industrial Machinery/Components,Industrials
CGO,Calamos Global Total Return Fund Common Stock,$12.91,0.07,0.545%,27591,0.00,United States,2005,Investment Managers,Finance
CGON,CG Oncology Inc. Common stock,$70.52,0.91,1.307%,1035399,6250919245.00,United States,2024,Biotechnology: Biological Products (No Diagnostic Substances),Health Care
CGTL,Creative Global Technology Holdings Limited Class A Ordinary Shares,$4.005,-0.025,-0.62%,4253,6885616.00,China,2024,Retail: Computer Software & Peripheral Equipment,Technology
CGTX,Cognition Therapeutics Inc. Common Stock,$0.9544,0.016,1.705%,526528,90757471.00,United States,2021,Biotechnology: Biological Products (No Diagnostic Substances),Health Care
CHA,Chagee Holdings Limited American Depositary Shares,$11.36,-0.09,-0.786%,856848,2167071383.00,China,2025,Restaurants,Consumer Discretionary
CHAD,DeFi Development Corp. Variable Rate Series C Perpetual Preferred Stock,$8.70,-0.05,-0.571%,78360,283800873.00,United States,,Finance: Consumer Services,Finance
CHAI,Core AI Holdings Inc. Common Shares,$0.2819,0.0119,4.407%,710942,7291864.00,Canada,2020,Telecommunications Equipment,Telecommunications
CHAR,Charlton Aria Acquisition Corporation Class A Ordinary Shares,$10.97,-0.02,-0.182%,526,0.00,United States,2024,,
CHARR,Charlton Aria Acquisition Corporation Rights,$0.10,0.00,0.00%,4200,0.00,United States,2024,Blank Checks,Finance
CHCI,Comstock Holding Companies Inc. Class A Common Stock,$19.45,-0.08,-0.41%,47589,199983966.00,United States,2004,Real Estate,Finance
CHCO,City Holding Company Common Stock,$139.88,-0.09,-0.064%,117749,1964636981.00,United States,,Major Banks,Finance
CHCT,Community Healthcare Trust Incorporated Common Stock,$14.39,0.08,0.559%,410787,412328786.00,United States,2015,Real Estate Investment Trusts,Real Estate
CHD,Church & Dwight Company Inc. Common Stock,$94.95,-0.67,-0.701%,2250898,22522510970.00,United States,,Package Goods/Cosmetics,Consumer Discretionary
CHDN,Churchill Downs Incorporated Common Stock,$76.16,0.44,0.581%,1708792,5308370507.00,United States,,Services-Misc. Amusement & Recreation,Consumer Discretionary
CHE,Chemed Corp,$512.05,-2.25,-0.437%,118349,6692473530.00,United States,,Medical/Nursing Services,Health Care
CHEC,Chenghe Acquisition III Co. Class A Ordinary Share,$10.30,0.00,0.00%,11,0.00,Singapore,2025,,
CHEF,The Chefs' Warehouse Inc. Common Stock,$111.50,-0.26,-0.233%,566966,4548763255.00,United States,2011,Food Distributors,Consumer Discretionary
CHGA,Change Agents Corporation Common Stock,$1.96,-0.02,-1.01%,33220,2195623.00,United States,,EDP Services,Technology
CHGG,Chegg Inc. Common Stock,$0.704,-0.0153,-2.127%,530243,78163347.00,United States,2013,Other Consumer Services,Real Estate
CHH,Choice Hotels International Inc. Common Stock,$104.25,1.25,1.214%,559016,4709956620.00,United States,,Hotels/Resorts,Consumer Discretionary
CHI,Calamos Convertible Opportunities and Income Fund Common Stock,$11.47,0.11,0.968%,187504,0.00,United States,2002,Investment Managers,Finance
CHKP,Check Point Software Technologies Ltd. Ordinary Shares,$126.93,-2.34,-1.81%,859456,12959633474.00,Israel,1996,Computer Software: Prepackaged Software,Technology
CHMG,Chemung Financial Corp Common Stock,$81.34,-0.39,-0.477%,130610,392178532.00,United States,,Major Banks,Finance
CHMI,Cherry Hill Mortgage Investment Corporation Common Stock,$2.71,-0.02,-0.733%,181414,100127438.00,,2013,Real Estate Investment Trusts,Real Estate
CHMI^A,Cherry Hill Mortgage Investment Corporation 8.20% Series A Cumulative Redeemable Preferred Stock,$21.41,0.2599,1.229%,2605,,,,,
CHMI^B,Cherry Hill Mortgage Investment Corporation 8.250% Series B Fixed-to-Floating Rate Cumulative Redeemable Preferred Stock,$23.80,0.05,0.211%,4767,,,,,
CHNR,China Natural Resources Inc. Common Stock,$3.99,0.07,1.786%,2307,4920552.00,Hong Kong,,Precious Metals,Basic Materials
CHOW,ChowChow Cloud International Holdings Limited Ordinary Shares,$0.573,-0.0504,-8.085%,286731,20335770.00,,2025,Computer Software: Prepackaged Software,Technology
CHPG,ChampionsGate Acquisition Corporation Class A Ordinary Share,$10.45,0.00,0.00%,169,0.00,United States,2025,,
CHPGR,ChampionsGate Acquisition Corporation Rights,$0.1206,0.00,0.00%,14,0.00,United States,2025,,
CHPT,ChargePoint Holdings Inc. Common Stock,$9.52,0.78,8.924%,1100323,255615084.00,United States,2019,Industrial Machinery/Components,Miscellaneous
CHR,Cheer Holding Inc. Class A Ordinary Share,$1.67,0.035,2.141%,4700,3916907.00,China,2018,EDP Services,Technology
CHRD,Chord Energy Corporation Common Stock,$134.41,-0.74,-0.548%,696533,7351940976.00,United States,,Oil & Gas Production,Energy
CHRN,ChronoScale Holdings Corporation Common Stock,$19.75,-0.065,-0.328%,78214,2876339677.00,United States,,Industrial Machinery/Components,Industrials
CHRS,Coherus Oncology Inc. Common Stock,$1.18,0.04,3.509%,1347016,182311140.00,United States,2014,Biotechnology: Biological Products (No Diagnostic Substances),Health Care
CHRW,C.H. Robinson Worldwide Inc. Common Stock,$149.71,1.47,0.992%,1060826,17493801835.00,United States,1997,Integrated Freight & Logistics,Industrials
CHSCL,CHS Inc Class B Cumulative Redeemable Preferred Stock Series 4,$25.10,0.06,0.24%,24704,308027275.00,United States,,Farming/Seeds/Milling,Industrials
CHSCM,CHS Inc Class B Reset Rate Cumulative Redeemable Preferred Stock Series 3,$23.77,0.22,0.934%,24429,291705511.00,United States,,Farming/Seeds/Milling,Industrials
CHSCN,CHS Inc Preferred Class B Series 2 Reset Rate,$24.48,0.2299,0.948%,20613,300418633.00,United States,,Farming/Seeds/Milling,Industrials
CHSCO,CHS Inc. Class B Cumulative Redeemable Preferred Stock,$25.63,0.02,0.078%,20658,314531437.00,United States,,Farming/Seeds/Milling,Industrials
CHSCP,CHS Inc. 8%  Cumulative Redeemable Preferred Stock,$25.98,0.06,0.231%,22034,318826638.00,United States,,Farming/Seeds/Milling,Industrials
CHSN,Chanson International Holding Class A Ordinary Shares,$1.09,-0.06,-5.217%,48791,4043668.00,China,2023,Packaged Foods,Consumer Staples
CHT,Chunghwa Telecom Co. Ltd.,$45.59,-0.39,-0.848%,338699,35366198776.00,Taiwan,,Telecommunications Equipment,Telecommunications
CHTR,Charter Communications Inc. Class A Common Stock New,$110.67,-0.73,-0.655%,2888983,12680291040.00,United States,,Cable & Other Pay Television Services,Telecommunications
CHTRP,Charter Communications Inc. Series A Cumulative Redeemable Preferred Stock,$22.26,-0.34,-1.504%,1942,2550494972.00,United States,,Cable & Other Pay Television Services,Telecommunications
CHW,Calamos Global Dynamic Income Fund Common Stock,$8.12,-0.02,-0.246%,213873,0.00,United States,2007,Investment Managers,Finance
CHWY,Chewy Inc. Class A Common Stock,$18.26,-0.35,-1.881%,9035584,7339191567.00,United States,2019,Catalog/Specialty Distribution,Consumer Discretionary
CHY,Calamos Convertible and High Income Fund Common Stock,$11.69,0.08,0.689%,230795,0.00,United States,2003,Investment Managers,Finance
CHYM,Chime Financial Inc. Class A Common Stock,$26.52,-0.17,-0.637%,4543680,10040077144.00,United States,2025,Finance: Consumer Services,Finance
CI,The Cigna Group Common Stock,$275.26,3.43,1.262%,1978744,72734836176.00,United States,,Medical Specialities,Health Care
CIA,Citizens Inc. Class A Common Stock ($1.00 Par),$3.62,0.01,0.277%,85670,183328051.00,United States,1994,Life Insurance,Finance
CIB,Grupo Cibest S.A. American Depositary Shares each representing four Preferred Shares,$93.77,1.42,1.538%,358171,22345734761.00,Colombia,2025,Commercial Banks,Finance
CICB,CION Investment Corporation 7.50% Notes due 2029,$24.62,0.07,0.285%,14793,0.00,United States,2024,Finance/Investors Services,Finance
CICC,CION Investment Corporation 7.50% Notes due 2031,$24.35,-0.04,-0.164%,5112,0.00,United States,2026,Finance/Investors Services,Finance
CIEN,Ciena Corporation Common Stock,$354.92,10.73,3.117%,2228494,50330681693.00,United States,1997,Telecommunications Equipment,Utilities
CIFR,Cipher Digital Inc. Common Stock,$16.51,-0.23,-1.374%,28489871,6852157220.00,United States,2020,Finance: Consumer Services,Finance
CIG,Comp En De Mn Cemig ADS American Depositary Shares,$2.05,0.02,0.985%,3654051,5866652885.00,Brazil,,Electric Utilities: Central,Utilities
CIGI,Colliers International Group Inc. Subordinate Voting Shares,$90.04,0.13,0.145%,326650,4601388043.00,Canada,,Real Estate,Finance
CIGL,Concorde International Group Ltd Class A Ordinary Shares,$0.3899,-0.0006,-0.154%,26025,96332812.00,Singapore,2025,Diversified Commercial Services,Consumer Discretionary
CII,BlackRock Enhanced Large Cap Core Fund Inc. Common Stock,$24.04,0.17,0.712%,68756,3576249803.00,United States,2004,Investment Bankers/Brokers/Service,Finance
CIIT,Tianci International Inc. Common Stock,$2.71,-0.005,-0.184%,22801,2621630.00,Hong Kong,,Computer Communications Equipment,Telecommunications
CIK,UBS Asset Management Income Fund Inc. Common Stock,$2.32,0.01,0.433%,687885,0.00,United States,,Finance/Investors Services,Finance
CIM,Chimera Investment Corporation Common Stock,$10.20,0.03,0.295%,1574765,853860544.00,United States,2007,Real Estate Investment Trusts,Real Estate
CIM^A,Chimera Investment Corporation 8.00% Series A Cumulative Redeemable Preferred Stock,$19.36,-0.2399,-1.224%,32380,,United States,,,
CIM^B,Chimera Investment Corporation 8.00% Series B Fixed-to-Floating Rate Cumulative Redeemable Preferred Stock,$23.07,-0.08,-0.346%,46619,,United States,,,
CIM^C,Chimera Investment Corporation 7.75% Series C Fixed-to-Floating Rate  Cumulative Redeemable  Preferred Stock,$21.19,0.16,0.761%,62191,,United States,,,
CIM^D,Chimera Investment Corporation 8.00% Series D Fixed-to-Floating Rate Cumulative Redeemable Preferred Stock,$22.98,0.03,0.131%,20079,,United States,,,
CIMN,Chimera Investment Corporation 9.000% Senior Notes due 2029,$25.10,0.09,0.36%,3612,2021320470.00,United States,2024,Real Estate Investment Trusts,Real Estate
CIMO,Chimera Investment Corporation 9.250% Senior Notes due 2029,$25.22,0.03,0.119%,4449,0.00,United States,2024,Real Estate Investment Trusts,Real Estate
CIMP,Chimera Investment Corporation 8.875% Senior Notes due 2030,$25.05,0.05,0.20%,9514,0.00,United States,2025,Real Estate Investment Trusts,Real Estate
CINF,Cincinnati Financial Corporation Common Stock,$161.13,-0.79,-0.488%,1403284,24729917391.00,United States,,Property-Casualty Insurers,Finance
CING,Cingulate Inc. Common Stock,$4.905,0.085,1.763%,66849,71327657.00,United States,2021,Biotechnology: Pharmaceutical Preparations,Health Care
CINGW,Cingulate Inc. Warrants,$0.0062,0.0002,3.333%,669,90159.00,United States,2021,Biotechnology: Pharmaceutical Preparations,Health Care
CINT,CI&T Inc Class A Common Shares,$3.03,0.14,4.844%,95588,390535952.00,,2021,EDP Services,Technology
CION,CION Investment Corporation Common Stock,$7.16,0.09,1.273%,319145,352291361.00,United States,2021,Finance/Investors Services,Finance
CIRC,Circle8 Group Inc. Common Stock,$0.4219,0.0269,6.81%,1527534,48268281.00,United States,2024,Biotechnology: Laboratory Analytical Instruments,Industrials
CISO,CISO Global Inc. Common Stock,$0.2064,-0.0016,-0.769%,118874,9396495.00,United States,,Professional Services,Consumer Discretionary
CISS,C3is Inc. Common Stock,$0.9502,-0.0898,-8.635%,345526,1413869.00,Greece,,Marine Transportation,Consumer Discretionary
CITR,CitroTech Inc. Common Stock,$2.79,-1.01,-26.579%,119955,63383722.00,,,Major Chemicals,Industrials
CIVB,Civista Bancshares Inc. Common Stock,$26.55,-0.16,-0.599%,115289,552087019.00,United States,,Major Banks,Finance
CIX,CompX International Inc. Common Stock,$37.77,-1.14,-2.93%,17178,465955535.00,United States,1998,Industrial Machinery/Components,Consumer Discretionary
CJMB,Callan JMB Inc. Common Stock,$2.44,0.16,7.018%,115505,14035778.00,United States,2025,Business Services,Consumer Discretionary
CKX,CKX Lands Inc. Common Stock,$10.69,-0.01,-0.093%,5577,21947949.00,United States,2003,Oil & Gas Production,Energy
CL,Colgate-Palmolive Company Common Stock,$86.46,-0.06,-0.069%,4483269,68923562795.00,United States,,Package Goods/Cosmetics,Consumer Discretionary
CLAR,Clarus Corporation Common Stock,$3.43,-0.07,-2.00%,99601,131328372.00,United States,,Recreational Games/Products/Toys,Consumer Discretionary
CLB,Core Laboratories Inc. Common Stock,$9.71,-0.32,-3.19%,866356,445538903.00,Netherlands,2023,Oilfield Services/Equipment,Energy
CLBK,Columbia Financial Inc. Common Stock,$10.88,-0.02,-0.183%,4652797,1132036463.00,United States,2018,Savings Institutions,Finance
CLBR,Colombier Acquisition Corp. III Class A Ordinary Shares,$10.20,0.00,0.00%,50412,0.00,,2026,,
CLBT,Cellebrite DI Ltd. Ordinary Shares,$10.93,-0.14,-1.265%,3514871,2747157786.00,Israel,,Computer Software: Prepackaged Software,Technology
CLDI,Calidi Biotherapeutics Inc. Common Stock,$1.08,0.01,0.935%,43970,3980717.00,,2021,Biotechnology: Biological Products (No Diagnostic Substances),Health Care
CLDT,Chatham Lodging Trust (REIT) Common Shares of Beneficial Interest,$13.48,0.15,1.125%,250299,627704477.00,United States,2010,Real Estate Investment Trusts,Real Estate
CLDT^A,Chatham Lodging Trust (REIT) 6.625% Series A Cumulative Redeemable Preferred Shares of Beneficial Interest,$19.8959,0.4959,2.556%,12336,,United States,,,
CLDX,Celldex Therapeutics Inc.,$31.64,0.15,0.476%,2029583,2484674392.00,United States,,Biotechnology: In Vitro & In Vivo Diagnostic Substances,Health Care
CLF,Cleveland-Cliffs Inc. Common Stock,$11.01,-0.21,-1.872%,17002835,6281645917.00,United States,,Metal Mining,Basic Materials
CLFD,Clearfield Inc. Common Stock,$30.46,-0.20,-0.652%,151519,413767269.00,United States,,Telecommunications Equipment,Utilities
CLGN,CollPlant Biotechnologies Ltd Ordinary Shares,$3.79,-0.08,-2.067%,21275,7166212.00,Israel,,Industrial Specialties,Health Care
CLH,Clean Harbors Inc. Common Stock,$311.68,-1.58,-0.504%,283058,16452729457.00,United States,,Environmental Services,Industrials
CLIK,Click Holdings Limited Class A Ordinary Share,$1.14,-0.01,-0.87%,13936,9761858.00,Hong Kong,2024,Diversified Commercial Services,Consumer Discretionary
CLIR,ClearSign Technologies Corporation Common Stock (DE),$3.73,0.08,2.192%,6798,25391807.00,United States,2012,Industrial Machinery/Components,Industrials
CLLS,Cellectis S.A. American Depositary Shares,$1.47,-0.01,-0.676%,32670,147775096.00,France,2015,Biotechnology: Pharmaceutical Preparations,Health Care
CLM,Cornerstone Strategic Investment Fund Inc. Common Shares,$6.39,0.01,0.157%,1303596,0.00,United States,2003,Finance/Investors Services,Finance
CLMB,Climb Global Solutions Inc. Common Stock,$32.74,0.13,0.399%,189439,610949321.00,United States,,Retail: Computer Software & Peripheral Equipment,Technology
CLMT,Calumet Inc. Common Stock,$53.23,0.62,1.178%,859017,4678822996.00,United States,2006,Integrated oil Companies,Energy
CLNE,Clean Energy Fuels Corp. Common Stock,$1.57,-0.02,-1.258%,793722,346098674.00,United States,2007,Natural Gas Distribution,Utilities
CLNN,Clene Inc. Common Stock,$4.10,0.04,0.985%,70395,58277322.00,United States,,Biotechnology: Pharmaceutical Preparations,Health Care
CLOV,Clover Health Investments Corp. Class A Common Stock,$4.325,-0.005,-0.115%,2656011,2297250837.00,United States,,Medical Specialities,Health Care
CLPR,Clipper Realty Inc. Common Stock,$3.22,-0.06,-1.829%,49492,52027363.00,United States,2017,Real Estate Investment Trusts,Real Estate
CLPS,CLPS Incorporation Common Stock,$1.01,-0.0102,-1.00%,2679,30040887.00,China,2018,Computer Software: Prepackaged Software,Technology
CLPT,ClearPoint Neuro Inc. Common Stock,$11.77,-3.54,-23.122%,2697257,359034752.00,United States,,Medical/Dental Instruments,Health Care
CLRB,Cellectar Biosciences Inc.  Common Stock,$1.82,-0.01,-0.546%,86038,17202837.00,United States,,Biotechnology: Pharmaceutical Preparations,Health Care
CLRO,ClearOne Inc. Common Stock,$4.56,-0.54,-10.588%,928107,12199879.00,United States,,Telecommunications Equipment,Utilities
CLS,Celestica Inc. Common Stock,$366.47,9.94,2.788%,2416133,42134194522.00,Canada,1998,Electrical Products,Technology
CLSK,CleanSpark Inc. Common Stock,$13.31,-0.03,-0.225%,12361030,3418235242.00,United States,,Finance: Consumer Services,Finance
CLSKW,CleanSpark Inc. Warrant,$0.2435,0.0034,1.416%,15008,62534957.00,United States,,Finance: Consumer Services,Finance
CLST,Catalyst Bancorp Inc. Common Stock,$17.875,0.0906,0.509%,948,72104014.00,United States,2021,Savings Institutions,Finance
CLVT,Clarivate Plc Ordinary Shares,$1.70,-0.01,-0.585%,3887000,1087428805.00,United Kingdom,2019,EDP Services,Technology
CLW,Clearwater Paper Corporation Common Stock,$19.39,-0.50,-2.514%,120315,312717344.00,United States,,Paper,Basic Materials
CLWT,Euro Tech Holdings Company Limited Common Stock,$1.38,-0.02,-1.429%,1865,10227820.00,Hong Kong,1997,Professional and commerical equipment,Consumer Discretionary
CLX,Clorox Company (The) Common Stock,$81.60,0.18,0.221%,2704367,9867970008.00,United States,,Specialty Chemicals,Consumer Discretionary
CLYM,Climb Bio Inc. Common Stock,$11.50,-0.24,-2.044%,1140443,660516933.00,United States,2021,Biotechnology: Pharmaceutical Preparations,Health Care
CM,Canadian Imperial Bank of Commerce Common Stock,$111.71,-0.44,-0.392%,711259,101427780176.00,Canada,,Commercial Banks,Finance
CMBT,CMB.TECH NV Ordinary Shares,$18.95,-0.10,-0.525%,1231175,5987776411.00,,2015,Marine Transportation,Consumer Discretionary
CMC,Commercial Metals Company Common Stock,$62.05,-2.44,-3.784%,1285616,6864239987.00,United States,,Steel/Iron Ore,Industrials
CMCL,Caledonia Mining Corporation Plc Common Shares,$23.42,0.12,0.515%,203090,452827550.00,Canada,,Precious Metals,Basic Materials
CMCM,Cheetah Mobile Inc. American Depositary Shares each representing fifty (50) Class A Ordinary Shares,$2.71,0.11,4.231%,4459,84486521.00,China,2022,Computer Software: Prepackaged Software,Technology
CMCO,Columbus McKinnon Corporation Common Stock,$16.27,-0.10,-0.611%,293941,469621250.00,United States,1996,Construction/Ag Equipment/Trucks,Industrials
CMCSA,Comcast Corporation Class A Common Stock,$21.60,-0.19,-0.872%,21446003,76650549977.00,United States,,Cable & Other Pay Television Services,Telecommunications
CMCT,Creative Media & Community Trust Corporation Common stock,$1.92,-0.05,-2.538%,25576,5659187.00,United States,,Real Estate Investment Trusts,Real Estate
CMDB,Costamare Bulkers Holdings Limited Common Stock,$22.37,0.33,1.497%,31823,540917159.00,,2025,Marine Transportation,Consumer Discretionary
CME,CME Group Inc. Class A Common Stock,$263.22,-0.02,-0.008%,1433484,94648453607.00,United States,2002,Investment Bankers/Brokers/Service,Finance
CMG,Chipotle Mexican Grill Inc. Common Stock,$31.88,0.03,0.094%,13885196,40341525840.00,United States,2006,Restaurants,Consumer Discretionary
CMI,Cummins Inc. Common Stock,$521.37,3.53,0.682%,807580,71774133587.00,United States,,Industrial Machinery/Components,Industrials
CMMB,Chemomab Therapeutics Ltd. American Depositary Share,$1.61,-0.03,-1.829%,437854,11665429.00,Israel,2019,Biotechnology: Pharmaceutical Preparations,Health Care
CMND,Clearmind Medicine Inc. Common Shares,$0.8114,0.0237,3.009%,41493,1740624.00,Canada,,Biotechnology: Pharmaceutical Preparations,Health Care
CMP,Compass Minerals Intl Inc Common Stock,$22.05,-0.34,-1.519%,294217,925678272.00,United States,2003,Mining & Quarrying of Nonmetallic Minerals (No Fuels),Industrials
CMPR,Cimpress plc Ordinary Shares (Ireland),$78.17,-1.88,-2.349%,127544,1903398539.00,Netherlands,2005,Publishing,Consumer Discretionary
CMPS,COMPASS Pathways Plc American Depository Shares,$12.96,-0.27,-2.041%,2499994,1794659613.00,United Kingdom,2020,Biotechnology: Pharmaceutical Preparations,Health Care
CMPX,Compass Therapeutics Inc. Common Stock,$1.10,-0.01,-0.901%,3500580,198096707.00,United States,,Biotechnology: Biological Products (No Diagnostic Substances),Health Care
CMRC,Commerce.com Inc. Series 1 Common Stock,$3.11,-0.06,-1.893%,485825,257691462.00,United States,2020,Computer Software: Prepackaged Software,Technology
CMRE,Costamare Inc. Common Stock $0.0001 par value,$14.75,0.03,0.204%,396911,1778684195.00,Greece,2010,Marine Transportation,Consumer Discretionary
CMRE^B,Costamare Inc. Perpetual Preferred Stock Series B (Marshall Islands),$25.38,-0.05,-0.197%,2592,,Greece,,,
CMRE^C,Costamare Inc. Perpetual Preferred Series C (Marshall Islands),$26.84,0.09,0.336%,4621,,Greece,,,
CMRE^D,Costamare Inc. 8.75% Series D Cumulative Redeemable Perpetual Preferred Stock,$26.2701,-0.0698,-0.265%,3424,,Greece,,,
CMS,CMS Energy Corporation Common Stock,$63.45,0.85,1.358%,6496622,19896469279.00,United States,,Power Generation,Utilities
CMS^B,CMS Energy Corporation Preferred Stock,$73.6001,-1.3199,-1.762%,1039,,United States,,,
CMS^C,CMS Energy Corporation Depositary Shares each representing a 1/1000th interest in a share of 4.200% Cumulative Redeemable Perpetual Preferred Stock Series C,$16.62,0.02,0.12%,50227,,United States,,,
CMSA,CMS Energy Corporation 5.625% Junior Subordinated Notes due 2078,$18.93,-0.225,-1.175%,27047,5666420277.00,United States,2018,Power Generation,Utilities
CMSC,CMS Energy Corporation 5.875% Junior Subordinated Notes due 2078,$20.12,-0.28,-1.373%,28069,6022629475.00,United States,2018,Power Generation,Utilities
CMSD,CMS Energy Corporation 5.875% Junior Subordinated Notes due 2079,$19.93,-0.34,-1.677%,54890,5965755738.00,United States,2019,Power Generation,Utilities
CMT,Core Molding Technologies Inc Common Stock,$22.51,0.01,0.044%,32739,199191755.00,United States,1996,Plastic Products,Industrials
CMTG,Claros Mortgage Trust Inc. Common Stock,$1.29,0.02,1.575%,570754,181998626.00,United States,2021,Real Estate,Finance
CMTL,Comtech Telecommunications Corp. Common Stock,$1.38,-0.01,-0.719%,71788,41346775.00,United States,,Radio And Television Broadcasting And Communications Equipment,Technology
CMTV,Community Bancorp. Common Stock,$41.325,-0.095,-0.229%,33406,231457275.00,United States,,Major Banks,Finance
CNA,CNA Financial Corporation Common Stock,$45.99,0.55,1.21%,654159,12444936679.00,United States,,Property-Casualty Insurers,Finance
CNC,Centene Corporation Common Stock,$62.21,-0.32,-0.512%,4266884,30731428950.00,United States,,Medical Specialities,Health Care
CNCK,Coincheck Group N.V. Ordinary Shares,$1.42,-0.10,-6.579%,133183,272353122.00,Netherlands,,Finance: Consumer Services,Finance
CNCKW,Coincheck Group N.V. Warrants,$0.2002,-0.0301,-13.07%,3813,38397954.00,Netherlands,,Finance: Consumer Services,Finance
CNDT,Conduent Incorporated Common Stock ,$1.58,0.01,0.637%,820728,245722864.00,United States,,Business Services,Consumer Discretionary
CNET,ZW Data Action Technologies Inc. Common Stock,$2.05,0.01,0.49%,150789,7520279.00,China,,Computer Software: Programming Data Processing,Technology
CNEY,CN Energy Group Inc. Class A Ordinary Shares,$0.5606,-0.0139,-2.419%,18338,4598774.00,China,2021,Major Chemicals,Industrials
CNF,CNFinance Holdings Limited American Depositary Shares each representing two hundred (200) Ordinary Shares,$1.95,-0.04,-2.01%,420,34705876.00,,,Finance: Consumer Services,Finance
CNH,CNH Industrial N.V. Common Shares,$13.06,-0.20,-1.508%,14628412,16164701011.00,United Kingdom,2013,Construction/Ag Equipment/Trucks,Industrials
CNI,Canadian National Railway Company Common Stock,$120.55,-0.59,-0.487%,795130,72824255000.00,Canada,,Railroads,Industrials
CNK,Cinemark Holdings Inc Cinemark Holdings Inc. Common Stock,$38.24,-0.14,-0.365%,2254992,4432469335.00,United States,2007,Movies/Entertainment,Consumer Discretionary
CNL,Collective Mining Ltd. Common Shares,$12.50,0.23,1.874%,152532,1159283838.00,United States,,,
CNM,Core & Main Inc. Class A Common Stock,$41.66,-0.73,-1.722%,2026950,7935982123.00,United States,2021,Durable Goods,Consumer Discretionary
CNMD,CONMED Corporation Common Stock,$46.69,0.21,0.452%,229009,1398423769.00,United States,1987,Biotechnology: Electromedical & Electrotherapeutic Apparatus,Health Care
CNNE,Cannae Holdings Inc. Common Stock,$15.52,-0.06,-0.385%,680986,673168003.00,United States,2017,Restaurants,Consumer Discretionary
CNO,CNO Financial Group Inc. Common Stock,$53.29,-0.35,-0.652%,1112122,4930463861.00,United States,,Accident &Health Insurance,Finance
CNO^A,CNO Financial Group Inc. 5.125% Subordinated Debentures due 2060,$16.78,0.00,0.00%,684,,United States,,,
CNOB,ConnectOne Bancorp Inc. Common Stock,$30.21,-0.39,-1.275%,292950,1640263430.00,United States,,Major Banks,Finance
CNOBP,ConnectOne Bancorp Inc. Depositary Shares each representing a 1/40th interest in a share of 5.25% Fixed-Rate Reset Non-Cumulative Perpetual Preferred Stock Series A,$25.25,0.04,0.159%,1422,1370958345.00,United States,,Major Banks,Finance
CNP,CenterPoint Energy Inc (Holding Co) Common Stock,$36.94,0.32,0.874%,5441613,24333127439.00,United States,,Electric Utilities: Central,Utilities
CNQ,Canadian Natural Resources Limited Common Stock,$47.17,-0.38,-0.799%,4573065,97587182800.00,Canada,,Oil & Gas Production,Energy
CNR,Core Natural Resources Inc. Common Stock,$86.50,-1.90,-2.149%,467271,4293536231.00,United States,2017,Coal Mining,Energy
CNS,Cohen & Steers Inc Common Stock,$72.95,-0.82,-1.112%,331892,3751200832.00,United States,2004,Investment Managers,Finance
CNSP,CNS Pharmaceuticals Inc. Common Stock,$4.9073,-0.2027,-3.967%,554,7171769.00,United States,2019,Biotechnology: Pharmaceutical Preparations,Health Care
CNSY,Cerenome Inc. Common Stock ,$1.86,-0.16,-7.921%,240891,14116703.00,United States,,Medical/Dental Instruments,Health Care
CNTB,Connect Biopharma Holdings Limited Ordinary Shares,$0.992,-0.088,-8.148%,1604551,62470515.00,China,2021,Biotechnology: Pharmaceutical Preparations,Health Care
CNTN,Canton Strategic Holdings Inc. Common Stock,$2.38,-0.31,-11.524%,876044,189641639.00,United States,2022,Biotechnology: Pharmaceutical Preparations,Health Care
CNTX,Context Therapeutics Inc. Common Stock,$0.319,-0.0073,-2.237%,849458,29309457.00,United States,2021,Biotechnology: Pharmaceutical Preparations,Health Care
CNTY,Century Casinos Inc. Common Stock,$1.07,0.02,1.905%,59429,30107330.00,United States,,Hotels/Resorts,Consumer Discretionary
CNVS,Cineverse Corp. Class A Common Stock,$1.98,-0.06,-2.941%,115636,47067346.00,United States,,Consumer Electronics/Video Chains,Consumer Discretionary
CNX,CNX Resources Corporation Common Stock,$31.21,-0.49,-1.546%,2062534,4617320911.00,United States,1999,Oil & Gas Production,Energy
CNXC,Concentrix Corporation Common Stock,$24.88,-0.57,-2.24%,3460892,1518136548.00,United States,,Computer Software: Prepackaged Software,Technology
CNXN,PC Connection Inc. Common Stock,$89.49,-0.21,-0.234%,137319,2258557480.00,United States,,Catalog/Specialty Distribution,Consumer Discretionary
CNXU,Conexeu Sciences Inc. Common Stock,$3.71,-0.06,-1.592%,241583,104646850.00,United States,,Industrial Specialties,Health Care
COAG,Hemab Therapeutics Holdings Inc. Common Stock,$32.60,-0.52,-1.57%,452053,1522815014.00,United States,2026,Biotechnology: Biological Products (No Diagnostic Substances),Health Care
COCH,Envoy Medical Inc. Class A Common Stock,$0.709,0.0169,2.442%,58308,54730968.00,United States,2021,Industrial Specialties,Health Care
COCHW,Envoy Medical Inc Warrant,$0.04,0.0083,26.183%,124812,3087784.00,United States,2021,Industrial Specialties,Health Care
COCO,The Vita Coco Company Inc. Common Stock,$56.55,-1.11,-1.925%,750891,3319156897.00,United States,2021,Beverages (Production/Distribution),Consumer Staples
COCP,Cocrystal Pharma Inc. Common Stock,$1.12,-0.09,-7.438%,121022,21574784.00,United States,,Biotechnology: Pharmaceutical Preparations,Health Care
CODA,Coda Octopus Group Inc. Common stock,$10.90,0.03,0.276%,85742,122985801.00,United States,,Industrial Machinery/Components,Industrials
CODI,D/B/A Compass Diversified Holdings Shares of Beneficial Interest,$11.04,-0.16,-1.429%,625998,830605065.00,United States,2006,Home Furnishings,Consumer Discretionary
CODI^A,Compass Diversified Holdings 7.250% Series A Preferred Shares representing beneficial interest in Compass Diversified Holdings,$18.7228,-0.2522,-1.329%,3559,,United States,,,
CODI^B,Compass Diversified Holdings 7.875% Series B Fixed-to-Floating Rate Cumulative Preferred Shares representing beneficial interests in Compass Diversified Holdings,$22.03,-0.15,-0.676%,22155,,United States,,,
CODI^C,Compass Diversified Holdings 7.875% Series C Cumulative Preferred Shares,$20.97,-0.36,-1.688%,20078,,United States,,,
CODX,Co-Diagnostics Inc. Common Stock,$1.07,-0.04,-3.604%,98914,7501019.00,United States,2026,Medical/Dental Instruments,Health Care
COE,51Talk Online Education Group American depositary shares each representing 60 Class A ordinary shares,$11.80,0.28,2.431%,85538,70886317.00,China,2016,Other Consumer Services,Real Estate
COF,Capital One Financial Corporation Common Stock,$196.46,0.00,0.00%,3064596,120525230881.00,United States,1994,Major Banks,Finance
COF^I,Capital One Financial Corporation Depositary shares each representing a 1/40th interest in a share of Fixed Rate Non-Cumulative Perpetual Preferred Stock Series I of the Issuer,$16.54,-0.10,-0.601%,292566,,United States,,,
COF^J,Capital One Financial Corporation Depositary Shares Each Representing a 1/40th Interest in a Share of Fixed Rate Non- Cumulative Perpetual Preferred Stock Series J,$15.95,-0.08,-0.499%,175383,,United States,,,
COF^K,Capital One Financial Corporation Depositary Shares Each Representing a 1/40th Ownership Interest in a Share of Fixed Rate Non-Cumulative Perpetual Preferred Stock Series K,$15.43,-0.10,-0.644%,16842,,United States,,,
COF^L,Capital One Financial Corporation Depositary Shares Each Representing a 1/40th Interest in a Share of Fixed Rate Non-Cumulative Perpetual Preferred Stock Series L,$14.66,-0.09,-0.61%,98547,,United States,,,
COF^N,Capital One Financial Corporation Depositary Shares Each Representing a 1/40th Ownership Interest in a Share of Fixed Rate Non-Cumulative Perpetual Preferred Stock Series N,$14.34,-0.20,-1.376%,38468,,United States,,,
COFS,ChoiceOne Financial Services Inc. Common Stock,$32.78,-0.17,-0.516%,124749,490241946.00,United States,,Major Banks,Finance
COGT,Cogent Biosciences Inc. Common Stock,$31.66,-0.20,-0.628%,1704751,5493800930.00,United States,2018,Biotechnology: Pharmaceutical Preparations,Health Care
COHN,Cohen & Company Inc.,$9.50,-0.10,-1.042%,14287,30675215.00,United States,,Investment Bankers/Brokers/Service,Finance
COHR,Coherent Corp. Common Stock,$292.21,9.76,3.455%,5670095,57224140604.00,United States,,Electronic Components,Technology
COHU,Cohu Inc. Common Stock,$65.97,-0.10,-0.151%,660667,3122916425.00,United States,,Electrical Products,Industrials
COIN,Coinbase Global Inc. Class A Common Stock,$190.02,-1.77,-0.923%,5847610,50134292108.00,United States,,Finance: Consumer Services,Finance
COKE,Coca-Cola Consolidated Inc. Common Stock,$190.85,-2.72,-1.405%,330690,12703795510.00,United States,1972,Beverages (Production/Distribution),Consumer Staples
COLA,Columbus Acquisition Corp Ordinary Shares,$10.45,-0.1878,-1.765%,11525,0.00,Singapore,2025,Blank Checks,Finance
COLAR,Columbus Acquisition Corp Rights,$0.28,-0.101,-26.509%,72673,0.00,Singapore,2025,Blank Checks,Finance
COLAU,Columbus Acquisition Corp Unit,$10.80,0.00,0.00%,296,0.00,Singapore,2025,,
COLB,Columbia Banking System Inc. Common Stock,$28.69,-0.37,-1.273%,3575297,8116466069.00,United States,1992,Major Banks,Finance
COLD,Americold Realty Trust Inc. Common Stock,$14.54,-0.02,-0.137%,3091288,4150887212.00,United States,2018,Real Estate Investment Trusts,Real Estate
COLL,Collegium Pharmaceutical Inc. Common Stock,$22.23,-0.40,-1.768%,1022617,723711277.00,United States,2015,Biotechnology: Pharmaceutical Preparations,Health Care
COLM,Columbia Sportswear Company Common Stock,$58.34,-0.35,-0.596%,550428,2986610938.00,United States,1998,Apparel,Consumer Discretionary
COMP,Compass Inc. Class A Common Stock,$9.01,-0.09,-0.989%,14183413,6825274995.00,United States,2021,Real Estate,Finance
CON,Concentra Group Holdings Parent Inc. Common Stock,$35.34,-0.02,-0.057%,587422,4506476790.00,United States,2024,Medical Specialities,Health Care
COO,The Cooper Companies Inc. Common Stock,$56.63,0.06,0.106%,5404411,10768494299.00,United States,,Ophthalmic Goods,Health Care
COOK,Traeger Inc. Common Stock,$44.56,-0.75,-1.655%,207783,124688861.00,United States,2021,Consumer Electronics/Appliances,Consumer Discretionary
COOT,Australian Oilseeds Holdings Limited Ordinary Shares,$0.4734,-0.0232,-4.672%,60615,14234477.00,Australia,,Packaged Foods,Consumer Staples
COOTW,Australian Oilseeds Holdings Limited Warrant,$0.0127,-0.0039,-23.494%,20002,381871.00,Australia,,Packaged Foods,Consumer Staples
COP,ConocoPhillips Common Stock,$125.44,-0.60,-0.476%,7506696,150695773366.00,United States,,Integrated oil Companies,Energy
COPL,Copley Acquisition Corp Ordinary Shares,$10.57,0.015,0.142%,359,0.00,,2025,,
COPR,Idaho Copper Corporation Common Stock,$3.00,-0.07,-2.28%,26928,56335812.00,,2026,Metal Mining,Basic Materials
COR,Cencora Inc. Common Stock,$307.60,3.79,1.247%,1268389,58698435954.00,United States,,Other Pharmaceuticals,Health Care
CORT,Corcept Therapeutics Incorporated Common Stock,$114.74,-0.89,-0.77%,964636,12403210072.00,United States,2004,Biotechnology: Pharmaceutical Preparations,Health Care
CORZ,Core Scientific Inc. Common Stock,$16.31,-0.21,-1.271%,13690144,5241062593.00,United States,,Finance: Consumer Services,Finance
CORZW,Core Scientific Inc. Tranche 1 Warrants,$9.62,-0.15,-1.535%,74570,3091295042.00,United States,,Finance: Consumer Services,Finance
CORZZ,Core Scientific Inc. Tranche 2 Warrants,$16.25,-0.42,-2.519%,3590,5221782166.00,United States,,Finance: Consumer Services,Finance
COSM,Cosmos Health Inc. Common Stock,$0.4208,0.0506,13.668%,9316319,42346692.00,United States,,Other Pharmaceuticals,Health Care
COSO,CoastalSouth Bancshares Inc. Common Stock,$26.33,-0.23,-0.866%,139074,314760563.00,United States,2025,Major Banks,Finance
COST,Costco Wholesale Corporation Common Stock,$924.59,1.67,0.181%,2415318,410036067390.00,United States,,Department/Specialty Retail Stores,Consumer Discretionary
COTY,Coty Inc. Class A Common Stock,$2.69,0.01,0.373%,4976833,2369046588.00,United States,2013,Package Goods/Cosmetics,Consumer Discretionary
COUR,Coursera Inc. Common Stock,$4.67,0.03,0.647%,13257745,1234748000.00,United States,2021,Computer Software: Prepackaged Software,Technology
COYA,Coya Therapeutics Inc. Common Stock,$5.03,0.05,1.004%,75473,117992980.00,United States,2022,Biotechnology: Pharmaceutical Preparations,Health Care
CP,Canadian Pacific Kansas City Limited Common Shares,$86.51,-0.05,-0.058%,2317282,77189749729.00,Canada,,Railroads,Industrials
CPA,Copa Holdings S.A. Class A Common Stock,$133.05,1.98,1.511%,261870,5473484477.00,Panama,2005,Air Freight/Delivery Services,Consumer Discretionary
CPAC,Cementos Pacasmayo S.A.A. American Depositary Shares (Each representing five Common Shares),$12.18,0.02,0.164%,11766,1032543544.00,Peru,,Building Materials,Industrials
CPAY,Corpay Inc. Common Stock,$392.70,-3.53,-0.891%,593039,25784524527.00,United States,,Business Services,Consumer Discretionary
CPB,The Campbell's Company Common Stock,$20.23,0.19,0.948%,9097312,6033287839.00,United States,,Packaged Foods,Consumer Staples
CPBI,Central Plains Bancshares Inc. Common Stock,$20.025,0.225,1.136%,1376,83549026.00,United States,2023,Savings Institutions,Finance
CPF,Central Pacific Financial Corp New,$35.95,-0.41,-1.128%,169890,925620180.00,United States,,Major Banks,Finance
CPHC,Canterbury Park Holding Corporation 'New' Common Stock,$15.735,0.00,0.00%,120,81560705.00,United States,,Services-Misc. Amusement & Recreation,Consumer Discretionary
CPHI,China Pharma Holdings Inc. Common Stock,$0.6502,-0.0648,-9.063%,201487,27972906.00,China,,Biotechnology: Pharmaceutical Preparations,Health Care
CPIX,Cumberland Pharmaceuticals Inc. Common Stock,$7.65,-0.07,-0.907%,8938,114620769.00,United States,2009,Biotechnology: Pharmaceutical Preparations,Health Care
CPK,Chesapeake Utilities Corporation Common Stock,$128.15,0.85,0.668%,145750,3089242208.00,United States,,Oil & Gas Production,Utilities
CPNG,Coupang Inc. Class A Common Stock,$13.85,0.10,0.727%,14359684,24895537073.00,United States,2021,Catalog/Specialty Distribution,Consumer Discretionary
CPOP,Pop Culture Group Co. Ltd Class A Ordinary Shares,$4.38,-0.55,-11.156%,35509,7480834.00,China,2021,Services-Misc. Amusement & Recreation,Consumer Discretionary
CPRI,Capri Holdings Limited Ordinary Shares,$14.66,-0.13,-0.879%,2970874,1666132720.00,Hong Kong,2011,Apparel,Consumer Discretionary
CPRT,Copart Inc. (DE) Common Stock,$27.14,-0.08,-0.294%,8811040,25126523621.00,United States,1994,Retail-Auto Dealers and Gas Stations,Consumer Discretionary
CPS,Cooper-Standard Holdings Inc. Common Stock,$21.21,-0.56,-2.572%,602407,376884902.00,United States,,Auto Parts:O.E.M.,Consumer Discretionary
CPSH,CPS Technologies Corp. Common Stock,$3.70,0.01,0.271%,133896,71735385.00,United States,,Building Materials,Consumer Discretionary
CPSS,Consumer Portfolio Services Inc. Common Stock,$9.05,0.08,0.892%,22991,195070162.00,United States,1992,Finance: Consumer Services,Finance
CPT,Camden Property Trust Common Stock,$98.46,0.06,0.061%,1352423,9899104401.00,United States,1993,Real Estate Investment Trusts,Real Estate
CPZ,Calamos Long/Short Equity & Dynamic Income Trust Common Stock,$12.46,-0.10,-0.796%,106581,244617137.00,United States,2019,Trusts Except Educational Religious and Charitable,Finance
CQP,Cheniere Energy Partners LP Common Units,$60.90,-1.90,-3.025%,174749,29479114174.00,United States,2007,Oil/Gas Transmission,Utilities
CR,Crane Company Common Stock,$208.39,1.47,0.71%,248772,12045016187.00,United States,2023,Metal Fabrications,Industrials
CRAC,Crown Reserve Acquisition Corp. I Class A Ordinary Shares,$10.25,0.01,0.098%,448,0.00,Cayman Islands,2025,,
CRACR,Crown Reserve Acquisition Corp. I Rights,$0.1227,-0.0073,-5.615%,801,0.00,Cayman Islands,2025,,
CRACW,Crown Reserve Acquisition Corp. I Warrant,$0.035,-0.005,-12.50%,107,0.00,Cayman Islands,2025,,
CRAI,CRA International Inc. Common Stock,$165.94,0.72,0.436%,105491,1041582148.00,United States,1998,Other Consumer Services,Consumer Discretionary
CRAN,Crane Harbor Acquisition Corp. II Class A Ordinary Shares,$10.10,0.00,0.00%,11,0.00,United States,2026,Blank Checks,Finance
CRANR,Crane Harbor Acquisition Corp. II Rights,$0.17,0.00,0.00%,1000,0.00,United States,2026,Blank Checks,Finance
CRAQ,Cal Redwood Acquisition Corp. Class A Ordinary Shares,$10.40,0.00,0.00%,12,0.00,United States,2025,Blank Checks,Finance
CRAQR,Cal Redwood Acquisition Corp. Right,$0.151,0.00,0.00%,20,0.00,United States,2025,Blank Checks,Finance
CRAQU,Cal Redwood Acquisition Corp. Units,$10.50,-0.0001,-0.001%,402,0.00,United States,2025,Blank Checks,Finance
CRBD,Corebridge Financial Inc. 6.375% Junior Subordinated Notes due 2064,$20.65,-0.04,-0.193%,46137,0.00,United States,2024,Life Insurance,Finance
CRBG,Corebridge Financial Inc. Common Stock,$33.77,-0.01,-0.03%,5808447,15053738068.00,United States,2022,Life Insurance,Finance
CRBP,Corbus Pharmaceuticals Holdings Inc. Common Stock,$6.63,-0.29,-4.191%,786216,128232773.00,United States,,Biotechnology: Pharmaceutical Preparations,Health Care
CRBU,Caribou Biosciences Inc. Common Stock,$1.24,0.01,0.813%,637094,132937316.00,United States,2021,Biotechnology: Biological Products (No Diagnostic Substances),Health Care
CRC,California Resources Corporation Common Stock,$51.09,-0.75,-1.447%,680592,4537808333.00,United States,2020,Oil & Gas Production,Energy
CRCL,Circle Internet Group Inc. Class A Common Stock,$83.70,-2.10,-2.448%,7538623,21249411240.00,United States,2025,Finance: Consumer Services,Finance
CRCT,Cricut Inc. Class A Common Stock,$6.41,0.08,1.264%,688942,1342538707.00,United States,2021,Industrial Machinery/Components,Technology
CRD/A,Crawford & Company,$12.60,0.00,0.00%,78979,,United States,,,
CRD/B,Crawford & Company,$11.83,-0.10,-0.838%,9013,,United States,,,
CRDF,Cardiff Oncology Inc. Common Stock,$1.17,-0.03,-2.50%,352982,91020441.00,United States,,Biotechnology: Biological Products (No Diagnostic Substances),Health Care
CRDL,Cardiol Therapeutics Inc. Class A Common Shares,$1.69,0.00,0.00%,678003,203916152.00,Canada,,Biotechnology: Biological Products (No Diagnostic Substances),Health Care
CRDO,Credo Technology Group Holding Ltd Ordinary Shares,$192.35,-0.32,-0.166%,6677383,36152551427.00,United States,2022,Semiconductors,Technology
CRE,Cre8 Enterprise Limited Class A Ordinary Shares,$2.61,-0.01,-0.382%,18889,5256501.00,Hong Kong,2025,Publishing,Consumer Discretionary
CRESY,Cresud S.A.C.I.F. y A. American Depositary Shares,$11.64,-0.29,-2.431%,393859,825569281.00,Argentina,1997,Real Estate,Finance
CREX,Creative Realities Inc. Common Stock,$2.49,0.035,1.426%,9134,33681000.00,United States,,EDP Services,Technology
CRF,Cornerstone Total Return Fund Inc. (The) Common Stock,$6.13,-0.01,-0.163%,1336401,0.00,United States,2003,Finance/Investors Services,Finance
CRGO,Freightos Limited Ordinary shares,$0.96,-0.055,-5.419%,136918,49990546.00,Israel,,Integrated Freight & Logistics,Industrials
CRGOW,Freightos Limited Warrants,$0.0264,-0.0015,-5.376%,4315,1374740.00,Israel,,Integrated Freight & Logistics,Industrials
CRGY,Crescent Energy Company Class A Common Stock,$12.89,-0.09,-0.693%,4086228,4258903641.00,United States,2021,Oil & Gas Production,Energy
CRH,CRH PLC Ordinary Shares,$84.53,0.78,0.931%,9427971,56579262187.00,Ireland,,Building Materials,Industrials
CRI,Carter's Inc. Common Stock,$31.28,0.28,0.903%,912803,1148325867.00,United States,2003,Apparel,Consumer Discretionary
CRIS,Curis Inc. Common Stock,$0.829,-0.0024,-0.289%,167663,1732674.00,United States,,Biotechnology: Biological Products (No Diagnostic Substances),Health Care
CRK,Comstock Resources Inc. Common Stock,$12.51,-0.18,-1.418%,3360670,3673193055.00,United States,,Oil & Gas Production,Energy
CRL,Charles River Laboratories International Inc. Common Stock,$295.96,1.37,0.465%,661617,14128796557.00,United States,2000,Biotechnology: Commercial Physical & Biological Resarch,Health Care
CRM,Salesforce Inc. Common Stock,$225.31,-1.96,-0.862%,13511285,185430130000.00,United States,2004,Computer Software: Prepackaged Software,Technology
CRMD,CorMedix Inc. Common Stock,$7.93,0.04,0.507%,817445,618098489.00,United States,,Biotechnology: Pharmaceutical Preparations,Health Care
CRML,Critical Metals Corp. Ordinary Shares,$7.38,-0.27,-3.529%,4460131,1084813897.00,British Virgin Islands,,Metal Mining,Basic Materials
CRMLW,Critical Metals Corp. Warrants,$2.555,-0.225,-8.094%,15278,375569039.00,British Virgin Islands,,Metal Mining,Basic Materials
CRMT,America's Car-Mart Inc Common Stock,$1.02,-0.01,-0.971%,381934,8505248.00,United States,,Retail-Auto Dealers and Gas Stations,Consumer Discretionary
CRNC,Cerence Inc. Common Stock,$7.67,-0.13,-1.667%,466672,346916071.00,United States,,Computer Software: Prepackaged Software,Technology
CRNT,Ceragon Networks Ltd. Ordinary Shares,$2.03,-0.04,-1.932%,322620,185299439.00,Israel,,Radio And Television Broadcasting And Communications Equipment,Technology
CRON,Cronos Group Inc. Common Share,$3.38,-0.03,-0.88%,762009,1245235480.00,Canada,, Medicinal Chemicals and Botanical Products ,Health Care
CROX,Crocs Inc. Common Stock,$122.63,0.27,0.221%,764992,5879504547.00,United States,2006,Shoe Manufacturing,Consumer Discretionary
CRS,Carpenter Technology Corporation Common Stock,$391.74,6.44,1.671%,671307,19414072645.00,United States,,Steel/Iron Ore,Industrials
CRSP,CRISPR Therapeutics AG Common Shares,$56.00,1.91,3.531%,1576780,5414788568.00,Switzerland,2016,Biotechnology: Biological Products (No Diagnostic Substances),Health Care
CRSR,Corsair Gaming Inc. Common Stock,$13.46,-0.04,-0.296%,740857,1456061868.00,United States,2020,Computer peripheral equipment,Technology
CRT,Cross Timbers Royalty Trust Common Stock,$11.96,-0.36,-2.922%,19774,71760000.00,United States,1992,Oil & Gas Production,Energy
CRTO,Criteo S.A. Ordinary Shares,$15.45,-0.35,-2.215%,286715,757012287.00,France,2013,Advertising,Consumer Discretionary
CRUS,Cirrus Logic Inc. Common Stock,$120.80,1.27,1.062%,715009,6054201369.00,United States,1989,Semiconductors,Technology
CRVL,CorVel Corp. Common Stock,$74.47,0.63,0.853%,129969,3761969042.00,United States,,Specialty Insurers,Finance
CRVO,CervoMed Inc. Common Stock,$2.88,0.21,7.865%,455808,43542996.00,United States,,Biotechnology: Pharmaceutical Preparations,Health Care
CRVS,Corvus Pharmaceuticals Inc. Common Stock,$11.76,-0.11,-0.927%,882030,989262301.00,United States,2016,Biotechnology: Pharmaceutical Preparations,Health Care
CRWD,CrowdStrike Holdings Inc. Class A Common Stock,$262.74,3.49,1.346%,7075060,269028640387.00,United States,2019,Computer Software: Prepackaged Software,Technology
CRWS,Crown Crafts Inc Common Stock,$2.52,-0.02,-0.787%,86303,27115923.00,United States,,Textiles,Consumer Discretionary
CRWV,CoreWeave Inc. Class A Common Stock,$85.93,0.86,1.011%,26027160,47393540210.00,United States,2025,Computer Software: Prepackaged Software,Technology
CSAI,Cloudastructure Inc. Class A Common Stock,$2.82,0.21,8.046%,111690,2446271.00,United States,,Computer Software: Programming Data Processing,Technology
CSBR,Champions Oncology Inc. Common Stock,$4.79,-0.14,-2.84%,15118,66669946.00,United States,,Biotechnology: Biological Products (No Diagnostic Substances),Health Care
CSCO,Cisco Systems Inc. Common Stock (DE),$106.94,0.20,0.187%,11743568,421620240199.00,United States,1990,Computer Communications Equipment,Telecommunications
CSGP,CoStar Group Inc. Common Stock,$26.95,-0.07,-0.259%,5193574,10920074997.00,United States,1998,Real Estate,Finance
CSHR,CoinShares PLC Ordinary Shares,$5.00,-0.12,-2.344%,345165,658901045.00,Jersey,,Investment Bankers/Brokers/Service,Finance
CSHRW,CoinShares PLC Warrants,$1.15,0.14,13.861%,3817,151547240.00,Jersey,,Investment Bankers/Brokers/Service,Finance
CSIQ,Canadian Solar Inc. Common Shares (ON),$11.55,1.13,10.845%,3596324,783283162.00,Canada,2006,Semiconductors,Technology
CSL,Carlisle Companies Incorporated Common Stock,$325.66,-0.66,-0.202%,275686,12933304553.00,United States,,Specialty Chemicals,Industrials
CSPI,CSP Inc. Common Stock,$7.63,-0.02,-0.261%,3854,76915321.00,United States,1982,EDP Services,Technology
CSQ,Calamos Strategic Total Return Common Stock,$20.40,-0.04,-0.196%,195135,3241307489.00,United States,2004,Finance Companies,Finance
CSQR,Csquare Inc. Common Stock,$15.88,-0.26,-1.611%,1481033,2646147666.00,,2026,Computer Software: Programming Data Processing,Technology
CSR,D/B/A Centerspace Common Stock,$55.13,-0.54,-0.97%,438626,925861545.00,United States,,Real Estate Investment Trusts,Real Estate
CSTE,Caesarstone Ltd. Ordinary Shares,$2.905,0.035,1.22%,7280,100446403.00,Israel,2012,Building Materials,Industrials
CSTL,Castle Biosciences Inc. Common Stock,$34.88,-1.05,-2.922%,318705,1065566804.00,United States,2019,Medical Specialities,Health Care
CSTM,Constellium SE Ordinary Shares (France),$24.59,-0.04,-0.162%,1865451,3332626832.00,Netherlands,2013,Metal Fabrications,Industrials
CSV,Carriage Services Inc. Common Stock,$30.98,-0.40,-1.275%,235937,492033530.00,United States,,Other Consumer Services,Consumer Discretionary
CSW,CSW Industrials Inc. Common Stock,$293.77,-1.64,-0.555%,96761,4786537676.00,United States,,Home Furnishings,Industrials
CSWC,Capital Southwest Corporation Common Stock,$23.32,0.33,1.435%,518651,1449121730.00,United States,,Textiles,Consumer Discretionary
CSX,CSX Corporation Common Stock,$46.93,0.17,0.364%,8030067,86936647855.00,United States,,Railroads,Industrials
CTA^A,EIDP Inc. Preferred Stock $3.50 Series,$50.54,0.00,0.00%,141,,United States,,,
CTA^B,EIDP Inc. Preferred Stock $4.50 Series,$62.45,-1.30,-2.039%,5770,,United States,,,
CTAA,ClearThink 1 Acquisition Corp. Class A Ordinary Shares,$9.95,0.00,0.00%,15,0.00,United States,2026,Blank Checks,Finance
CTAS,Cintas Corporation Common Stock,$197.74,-2.84,-1.416%,2000182,79000445507.00,United States,1983,Garments and Clothing,Industrials
CTBI,Community Trust Bancorp Inc. Common Stock,$74.50,-0.72,-0.957%,133684,1353512573.00,United States,,Major Banks,Finance
CTEV,Claritev Corporation Class A Common Stock,$21.64,-0.83,-3.694%,197430,366743099.00,United States,2020,Business Services,Consumer Discretionary
CTGG,Qwest Corporation 6.500% Senior Notes due 2051 (denominations of $25),$16.03,-0.04,-0.249%,38509,0.00,,2026,Telecommunications Equipment,Telecommunications
CTGO,Contango Silver & Gold Inc. Common Stock,$16.97,0.02,0.118%,523111,567488526.00,United States,2021,Precious Metals,Basic Materials
CTHH,Qwest Corporation 6.750% Senior Notes due 2052 (denominations of $25),$16.57,0.06,0.363%,32990,0.00,,2026,Telecommunications Equipment,Telecommunications
CTKB,Cytek Biosciences Inc. Common Stock,$5.76,0.02,0.348%,869965,748703537.00,United States,2021,Biotechnology: Laboratory Analytical Instruments,Industrials
CTM,Castellum Inc. Common Stock,$0.62,0.01,1.639%,294689,58764397.00,,2022,Professional Services,Consumer Discretionary
CTMX,CytomX Therapeutics Inc. Common Stock,$2.75,0.06,2.23%,4457089,599223031.00,United States,2015,Biotechnology: Pharmaceutical Preparations,Health Care
CTNM,Contineum Therapeutics Inc. Class A Common Stock,$11.50,-1.23,-9.662%,856276,432643018.00,United States,2024,Biotechnology: Pharmaceutical Preparations,Health Care
CTNT,Cheetah Net Supply Chain Service Inc Class A Common Stock,$2.87,-0.73,-20.278%,831514,3826849.00,United States,2023,Motor Vehicles,Consumer Discretionary
CTO,CTO Realty Growth Inc. Common Stock,$20.65,0.17,0.83%,373069,774074625.00,United States,1992,Real Estate Investment Trusts,Real Estate
CTO^A,CTO Realty Growth Inc. 6.375% Series A Cumulative Redeemable Preferred Stock,$19.3599,-0.2401,-1.225%,8818,,United States,,,
CTOR,Citius Oncology Inc. Common Stock,$1.05,0.02,1.942%,186173,97630264.00,United States,2022,Biotechnology: Pharmaceutical Preparations,Health Care
CTOS,Custom Truck One Source Inc. Common Stock,$9.22,-0.09,-0.967%,637658,2097601033.00,Cayman Islands,2017,Diversified Commercial Services,Consumer Discretionary
CTRE,CareTrust REIT Inc. Common Stock,$37.20,-0.22,-0.588%,2077055,8790107003.00,United States,2022,Real Estate Investment Trusts,Real Estate
CTRI,Centuri Holdings Inc. Common Stock,$20.34,0.42,2.108%,2234344,2053588498.00,United States,2024,Oil & Gas Production,Utilities
CTRM,Castor Maritime Inc. Common Shares,$2.06,-0.03,-1.435%,17790,19904449.00,Cyprus,,Marine Transportation,Consumer Discretionary
CTRN,Citi Trends Inc. Common Stock,$50.70,-0.12,-0.236%,162019,422809963.00,United States,2005,Clothing/Shoe/Accessory Stores,Consumer Discretionary
CTS,CTS Corporation Common Stock,$59.18,-0.15,-0.253%,169565,1689955620.00,United States,,Electrical Products,Technology
CTSH,Cognizant Technology Solutions Corporation Class A Common Stock,$56.84,0.09,0.159%,8660409,25603248840.00,United States,1998,EDP Services,Technology
CTSO,Cytosorbents Corporation Common Stock,$4.00,-0.02,-0.498%,9826,12604404.00,United States,,Medical/Dental Instruments,Health Care
CTVA,Corteva Inc. Common Stock ,$77.87,0.13,0.167%,3633719,51954552520.00,United States,2019,Farming/Seeds/Milling,Consumer Staples
CTW,CTW Class A Ordinary Shares,$2.13,0.02,0.948%,36763,132912000.00,Japan,2025,EDP Services,Technology
CTXR,Citius Pharmaceuticals Inc. Common Stock,$0.5545,0.0055,1.002%,150262,15222450.00,United States,,Biotechnology: Pharmaceutical Preparations,Health Care
CUB,Lionheart Holdings Class A Ordinary Shares,$10.90,0.00,0.00%,32511,346277478.00,United States,2024,Industrial Machinery/Components,Industrials
CUBB,Customers Bancorp Inc 5.375% Subordinated Notes Due 2034,$20.944,-0.136,-0.645%,4363,662322375.00,United States,2019,Major Banks,Finance
CUBE,CubeSmart Common Shares,$37.87,0.48,1.284%,3034050,8526894521.00,United States,,Real Estate Investment Trusts,Real Estate
CUBI,Customers Bancorp Inc Common Stock,$74.52,-1.27,-1.676%,236301,2517568701.00,United States,,Major Banks,Finance
CUE,Cue Biopharma Inc. Common Stock,$25.51,-1.94,-7.067%,284019,185315201.00,United States,2018,Biotechnology: Pharmaceutical Preparations,Health Care
CULP,Culp Inc. Common Stock,$3.85,0.11,2.941%,52381,49030997.00,United States,,Textiles,Consumer Discretionary
CUPR,Cuprina Holdings (Cayman) Limited Class A Ordinary Shares,$2.01,0.06,3.077%,42894,14077554.00,Singapore,2025,Industrial Specialties,Health Care
CURB,Curbline Properties Corp. Common Stock,$27.92,-0.43,-1.517%,950313,3211861658.00,United States,2024,Real Estate,Finance
CURI,CuriosityStream Inc. Class A Common Stock,$2.95,0.05,1.724%,414058,175047183.00,United States,2020,Movies/Entertainment,Consumer Discretionary
CURR,Currenc Group Inc. Ordinary Shares,$3.11,0.00,0.00%,70262,349196662.00,Singapore,,Business Services,Consumer Discretionary
CURV,Torrid Holdings Inc. Common Stock,$2.37,-0.03,-1.25%,151450,236335061.00,United States,2021,Clothing/Shoe/Accessory Stores,Consumer Discretionary
CURX,Curanex Pharmaceuticals Inc Common Stock,$4.97,-0.0649,-1.289%,1055,7794158.00,United States,2025,Biotechnology: Pharmaceutical Preparations,Health Care
CUVL,Clinuvel Pharmaceuticals Limited American Depositary Shares,$5.87,0.12,2.087%,2208,293856309.00,Australia,,Miscellaneous,Miscellaneous
CUZ,Cousins Properties Incorporated Common Stock,$27.61,-0.45,-1.604%,1845787,4544662821.00,United States,,Real Estate Investment Trusts,Real Estate
CV,CapsoVision Inc. Common Stock,$6.69,-0.23,-3.324%,244966,355878510.00,United States,2025,Biotechnology: Electromedical & Electrotherapeutic Apparatus,Health Care
CVBF,CVB Financial Corporation Common Stock,$21.94,-0.25,-1.127%,1245119,3861383724.00,United States,,Major Banks,Finance
CVCO,Cavco Industries Inc. Common Stock When Issued,$556.12,-1.41,-0.253%,133248,4276230240.00,United States,,Homebuilding,Consumer Discretionary
CVE,Cenovus Energy Inc Common Stock,$30.96,-0.14,-0.45%,4479804,58050000000.00,Canada,,Oil & Gas Production,Energy
CVEO,Civeo Corporation (Canada) Common Shares,$32.39,0.20,0.621%,67873,334810863.00,,2014,Hotels/Resorts,Consumer Discretionary
CVGI,Commercial Vehicle Group Inc. Common Stock,$2.96,0.00,0.00%,136361,120272739.00,United States,2004,Auto Parts:O.E.M.,Consumer Discretionary
CVI,CVR Energy Inc. Common Stock,$50.57,-0.18,-0.355%,1021800,5083832391.00,United States,2007,Integrated oil Companies,Energy
CVKD,Cadrenal Therapeutics Inc. Common Stock,$1.09,-0.03,-2.679%,38766,3888675.00,United States,2023,Biotechnology: Pharmaceutical Preparations,Health Care
CVLG,Covenant Logistics Group Inc. Class A Common Stock,$33.01,0.30,0.917%,118975,837720452.00,United States,,Trucking Freight/Courier Services,Industrials
CVLT,Commvault Systems Inc. Common Stock,$146.35,-1.73,-1.168%,501703,6065411941.00,United States,2006,Computer Software: Prepackaged Software,Technology
CVM,Cel-Sci Corporation Common Stock,$1.79,0.09,5.294%,75229,31484287.00,United States,1997,Biotechnology: Biological Products (No Diagnostic Substances),Health Care
CVNA,Carvana Co. Class A Common Stock,$63.62,3.15,5.209%,10170097,70011505047.00,United States,2017,Retail-Auto Dealers and Gas Stations,Consumer Discretionary
CVR,Chicago Rivet & Machine Co. Common Stock,$10.05,-0.101,-0.995%,1132,9709627.00,United States,1930,Industrial Machinery/Components,Industrials
CVRX,CVRx Inc. Common Stock,$2.63,0.04,1.544%,373407,70067400.00,United States,2021,Medical/Dental Instruments,Health Care
CVS,CVS Health Corporation Common Stock,$87.10,-0.75,-0.854%,7152455,111398319140.00,United States,,Retail-Drug Stores and Proprietary Stores,Consumer Staples
CVSA,Covista Inc. Common Shares,$119.45,1.94,1.651%,403872,4065937049.00,United States,,Other Consumer Services,Real Estate
CVU,CPI Aerostructures Inc. Common Stock,$5.18,0.10,1.969%,31006,68633622.00,United States,2022,Military/Government/Technical,Industrials
CVV,CVD Equipment Corporation Common Stock,$4.16,-0.11,-2.576%,55759,28917004.00,United States,,Industrial Machinery/Components,Technology
CVX,Chevron Corporation Common Stock,$204.38,-1.99,-0.964%,5923011,403808132980.00,United States,,Integrated oil Companies,Energy
CW,Curtiss-Wright Corporation Common Stock,$533.85,1.49,0.28%,460307,19717452929.00,United States,,Industrial Machinery/Components,Technology
CWBC,Community West Bancshares Common Stock,$26.24,-0.10,-0.38%,214737,711919487.00,United States,,Major Banks,Finance
CWCO,Consolidated Water Co. Ltd. Ordinary Shares,$27.93,0.40,1.453%,94603,447239319.00,Cayman Islands,,Water Supply,Utilities
CWD,CaliberCos Inc. Class A Common Stock,$0.6292,-0.0295,-4.479%,474472,6534024.00,United States,2023,Real Estate,Finance
CWEN,Clearway Energy Inc. Class C Common Stock,$29.29,0.08,0.274%,836805,4801032566.00,United States,2015,Electric Utilities: Central,Utilities
CWH,Camping World Holdings Inc. Class A Common Stock,$5.10,-0.07,-1.354%,1315832,526804072.00,United States,2016,Retail-Auto Dealers and Gas Stations,Consumer Discretionary
CWK,Cushman & Wakefield Ltd. Common Shares,$11.75,-0.11,-0.927%,1840031,2757886069.00,United States,2018,Real Estate,Finance
CWST,Casella Waste Systems Inc. Class A Common Stock,$80.20,-1.40,-1.716%,527595,5103931689.00,United States,1997,Environmental Services,Utilities
CWT,California Water Service Group Common Stock,$45.84,0.18,0.394%,347886,2834704390.00,United States,,Water Supply,Utilities
CX,Cemex S.A.B. de C.V. Sponsored ADR,$9.65,0.12,1.259%,5933586,14628590510.00,Mexico,,Building Materials,Industrials
CXAI,CXApp Inc. Class A Common Stock,$2.53,0.00,0.00%,50854,5913637.00,United States,2021,EDP Services,Technology
CXAIW,CXApp Inc. Warrant,$0.0349,0.001,2.95%,32448,81575.00,United States,2021,EDP Services,Technology
CXDO,Crexendo Inc. Common Stock,$5.87,0.01,0.171%,149739,195199747.00,United States,,Telecommunications Equipment,Telecommunications
CXII,Churchill Capital Corp XII Class A Ordinary Shares,$10.79,0.00,0.00%,15,0.00,United States,2026,Blank Checks,Finance
CXIIW,Churchill Capital Corp XII Warrants,$1.92,-0.21,-9.859%,100,0.00,United States,2026,Blank Checks,Finance
CXM,Sprinklr Inc. Class A Common Stock,$4.82,-0.16,-3.213%,2245580,1119065859.00,United States,2021,Computer Software: Prepackaged Software,Technology
CXT,Crane NXT Co. Common Stock,$47.00,-0.50,-1.053%,453614,2705381288.00,United States,,Metal Fabrications,Industrials
CXW,CoreCivic Inc. Common Stock,$32.67,0.98,3.092%,2511098,3230850286.00,United States,,Real Estate Investment Trusts,Real Estate
CYAB,Cyabra Inc. Common Stock,$0.2112,0.0166,8.53%,71055792,3716501.00,Israel,,Computer Software: Prepackaged Software,Technology
CYCU,Cycurion Inc. Common Stock,$2.65,-0.12,-4.332%,137059,8559611.00,United States,2025,EDP Services,Technology
CYCUW,Cycurion Inc. Warrant,$0.0141,-0.002,-12.422%,336685,45544.00,United States,2025,EDP Services,Technology
CYD,China Yuchai International Limited Common Stock,$32.61,0.17,0.524%,165021,1223472480.00,Singapore,1994,Industrial Machinery/Components,Industrials
CYH,Community Health Systems Inc. Common Stock,$2.91,0.02,0.692%,1261447,410337229.00,United States,2000,Hospital/Nursing Management,Health Care
CYN,Cyngn Inc. Common Stock,$0.7128,0.0553,8.411%,694934,10940255.00,United States,2021,EDP Services,Technology
CYPH,Cypherpunk Technologies Inc. Common Stock,$3.23,-0.08,-2.417%,13567206,348078954.00,United States,,Biotechnology: Pharmaceutical Preparations,Health Care
CYRX,CryoPort Inc. Common Stock,$17.32,-0.06,-0.345%,931708,877242412.00,United States,,Biotechnology: Pharmaceutical Preparations,Health Care
CYTK,Cytokinetics Incorporated Common Stock,$65.64,-0.52,-0.786%,2401813,9125497158.00,United States,2004,Biotechnology: Pharmaceutical Preparations,Health Care
CZFS,Citizens Financial Services Inc. Common Stock,$80.06,-0.38,-0.472%,56218,385076991.00,United States,,Major Banks,Finance
CZNC,Citizens & Northern Corp Common Stock,$25.28,-0.28,-1.095%,40267,453393438.00,United States,,Major Banks,Finance
CZR,Caesars Entertainment Inc. Common Stock,$29.62,0.03,0.101%,3519001,6034197419.00,United States,,Hotels/Resorts,Consumer Discretionary
CZWI,Citizens Community Bancorp Inc. Common Stock,$21.25,0.13,0.616%,24114,205067409.00,United States,2006,Savings Institutions,Finance
D,Dominion Energy Inc. Common Stock,$60.64,0.36,0.597%,4114566,53334453547.00,United States,,Electric Utilities: Central,Utilities
DAAQ,Digital Asset Acquisition Corp. Class A Ordinary shares,$10.47,0.01,0.096%,767,0.00,United States,2025,Blank Checks,Finance
DAAQW,Digital Asset Acquisition Corp. Warrant,$0.1405,0.00,0.00%,2,0.00,United States,2025,Blank Checks,Finance
DAC,Danaos Corporation Common Stock,$154.48,1.20,0.783%,160010,2812072818.00,Greece,2006,Marine Transportation,Consumer Discretionary
DAIC,CID HoldCo Inc. Common Stock,$2.82,-0.44,-13.497%,2205597,6592503.00,United States,,EDP Services,Technology
DAICW,CID HoldCo Inc. Warrants,$0.005,-0.0031,-38.272%,52786,11689.00,United States,,EDP Services,Technology
DAIO,Data I/O Corporation Common Stock,$2.97,0.12,4.211%,15764,30875012.00,United States,1981,Electrical Products,Industrials
DAKT,Daktronics Inc. Common Stock,$17.41,0.36,2.111%,370182,837293037.00,United States,1994,Miscellaneous manufacturing industries,Consumer Discretionary
DAL,Delta Air Lines Inc. Common Stock,$84.87,0.84,1.00%,5619907,55812466556.00,United States,,Air Freight/Delivery Services,Consumer Discretionary
DAN,Dana Incorporated Common Stock ,$27.37,0.25,0.922%,1284846,2944373704.00,United States,,Auto Parts:O.E.M.,Consumer Discretionary
DAO,Youdao Inc. American Depositary Shares each representing one Class A Ordinary Share,$14.65,0.07,0.48%,18027,1767297344.00,China,2019,Other Consumer Services,Real Estate
DAR,Darling Ingredients Inc. Common Stock,$60.32,-0.27,-0.446%,1407967,9518671893.00,United States,1997,Packaged Foods,Consumer Staples
DARE,Dare Bioscience Inc. Common Stock,$0.815,0.065,8.667%,644397,16030303.00,United States,2014,Biotechnology: Pharmaceutical Preparations,Health Care
DASH,DoorDash Inc. Class A Common Stock,$187.10,8.71,4.883%,5754151,81070044013.00,United States,,Business Services,Consumer Discretionary
DAVA,Endava plc American Depositary Shares (each representing one Class A Ordinary Share),$1.65,-0.05,-2.941%,1265951,89640545.00,United Kingdom,2018,EDP Services,Technology
DAVE,Dave Inc. Class A Common Stock,$326.44,5.74,1.79%,247883,4163907705.00,United States,,Finance: Consumer Services,Finance
DAVEW,Dave Inc. Warrants,$1.01,0.00,0.00%,3723,12883062.00,United States,,Finance: Consumer Services,Finance
DB,Deutsche Bank AG Common Stock,$36.11,0.03,0.083%,1936798,67937354000.00,Germany,,Major Banks,Finance
DBCA,D. Boral Acquisition I Corp. Class A Ordinary Shares,$10.025,0.00,0.00%,258,0.00,United States,2026,Blank Checks,Finance
DBD,Diebold Nixdorf Incorporated Common stock,$60.25,-0.64,-1.051%,238118,2045281927.00,United States,2023,Office Equipment/Supplies/Services,Miscellaneous
DBGI,Digital Brands Group Inc. Common Stock,$4.56,-0.19,-4.00%,127074,4256801.00,United States,2025,Clothing/Shoe/Accessory Stores,Consumer Discretionary
DBI,Designer Brands Inc. Class A Common Stock,$6.30,0.01,0.159%,595729,322077445.00,United States,,Clothing/Shoe/Accessory Stores,Consumer Discretionary
DBL,DoubleLine Opportunistic Credit Fund Common Shares of Beneficial Interest,$13.55,0.13,0.969%,53514,0.00,United States,2012,,
DBRG^H,DigitalBridge Group Inc. 7.125% Series H ,$14.6624,0.0924,0.634%,27416,,United States,,,
DBRG^I,DigitalBridge Group Inc. 7.15% Series I ,$14.95,0.05,0.336%,61009,,United States,,,
DBRG^J,DigitalBridge Group Inc. 7.125% Series J ,$15.495,0.015,0.097%,73055,,United States,,,
DBVT,DBV Technologies S.A. American Depositary Shares,$11.55,-0.09,-0.773%,199503,683564054.00,France,2014,Biotechnology: Biological Products (No Diagnostic Substances),Health Care
DBX,Dropbox Inc. Class A Common Stock,$32.70,0.78,2.444%,4328798,7380693620.00,United States,2018,Computer Software: Prepackaged Software,Technology
DC,Dakota Gold Corp. Common Stock,$6.21,0.03,0.485%,1296697,833214274.00,United States,2022,Metal Mining,Basic Materials
DCBG,Dime Commercial Bancshares Inc. 9.000% Junior Subordinated Notes,$26.2872,-0.4328,-1.62%,21500,1029108051.00,United States,,Major Banks,Finance
DCBO,Docebo Inc. Common Shares,$22.78,-0.06,-0.263%,20148,568306191.00,Canada,,Computer Software: Prepackaged Software,Technology
DCGO,DocGo Inc. Common Stock,$0.368,0.003,0.822%,561945,36405640.00,United States,2020,Medical/Nursing Services,Health Care
DCH,Dauch Corporation Common Stock,$5.31,0.20,3.914%,4329255,1261680437.00,United States,,Auto Parts:O.E.M.,Consumer Discretionary
DCI,Donaldson Company Inc. Common Stock,$87.31,-0.17,-0.194%,514442,10120113363.00,United States,,Pollution Control Equipment,Industrials
DCO,Ducommun Incorporated Common Stock,$171.17,2.13,1.26%,193579,2584629171.00,United States,,Military/Government/Technical,Industrials
DCOM,Dime Commercial Bancshares Inc. Common Stock,$39.47,-0.12,-0.303%,307732,1742860805.00,United States,,Major Banks,Finance
DCOM^,Dime Commercial Bancshares Inc. Preferred Stock Series A,$16.54,-0.11,-0.661%,12283,,United States,,,
DCOY,Decoy Therapeutics Inc. Common Stock,$2.13,-0.18,-7.792%,712348,3918388.00,United States,2015,Biotechnology: Pharmaceutical Preparations,Health Care
DCTH,Delcath Systems Inc. Common Stock,$15.85,0.04,0.253%,263709,549975901.00,United States,,Medical/Dental Instruments,Health Care
DCX,Digital Currency X Technology Inc. Class A Ordinary Shares,$3.61,-2.56,-41.491%,288055,8469721.00,Cayman Islands,,Auto Manufacturing,Industrials
DD,DuPont de Nemours Inc. Common Stock,$130.12,-0.86,-0.657%,1015560,17571791907.00,United States,2017,Major Chemicals,Industrials
DDC,DDC Enterprise Limited Class A Ordinary Shares,$0.2091,0.0131,6.684%,2890039,12251432.00,,2023,Packaged Foods,Consumer Staples
DDD,3D Systems Corporation Common Stock,$3.52,0.00,0.00%,2411140,584837535.00,United States,,Computer Software: Prepackaged Software,Technology
DDI,DoubleDown Interactive Co. Ltd. American Depository Shares,$13.06,-0.03,-0.229%,115600,647167926.00,South Korea,2021,EDP Services,Technology
DDL,Dingdong (Cayman) Limited American Depositary Shares (each two representing three Ordinary Shares),$2.18,-0.01,-0.457%,153665,514976353.00,Cayman Islands,2021,Catalog/Specialty Distribution,Consumer Discretionary
DDOG,Datadog Inc. Class A Common Stock,$268.56,-0.14,-0.052%,2971853,96433188445.00,United States,2019,Computer Software: Prepackaged Software,Technology
DDS,Dillard's Inc. Common Stock,$677.52,-4.42,-0.648%,339669,10582490442.00,United States,,Department/Specialty Retail Stores,Consumer Discretionary
DDT,Dillard's Capital Trust I,$26.25,-0.07,-0.266%,5569,410010589.00,United States,,Department/Specialty Retail Stores,Consumer Discretionary
DE,Deere & Company Common Stock,$680.50,-9.09,-1.318%,1159362,183480092866.00,United States,,Industrial Machinery/Components,Industrials
DEA,Easterly Government Properties Inc. Common Stock,$23.12,0.34,1.493%,747411,1094075785.00,United States,2015,Real Estate Investment Trusts,Real Estate
DEC,Diversified Energy Company Common Stock,$13.50,-0.07,-0.516%,865147,1036209929.00,United States,2025,,
DECK,Deckers Outdoor Corporation Common Stock,$77.68,-0.68,-0.868%,3599578,10596657153.00,United States,1993,Shoe Manufacturing,Consumer Discretionary
DEFT,Defi Technologies Inc. Common Stock,$0.49,-0.0015,-0.305%,1470471,190165680.00,Canada,,Finance: Consumer Services,Finance
DEI,Douglas Emmett Inc. Common Stock,$9.60,-0.07,-0.724%,2593884,1607858563.00,United States,2006,Real Estate Investment Trusts,Real Estate
DELL,Dell Technologies Inc. Class C Common Stock ,$539.59,-3.84,-0.707%,5748719,343078201773.00,United States,2018,Computer Manufacturing,Technology
DEO,Diageo plc Common Stock,$85.34,-0.90,-1.044%,756956,47504506392.00,United Kingdom,,Beverages (Production/Distribution),Consumer Staples
DERM,Journey Medical Corporation Common Stock,$6.49,0.06,0.933%,92717,183176324.00,United States,2021,Biotechnology: Pharmaceutical Preparations,Health Care
DETX,Liberty Defense Holdings Ltd. Common Shares,$2.14,-0.045,-2.059%,24760,12159444.00,United States,,Industrial Machinery/Components,Industrials
DFDV,DeFi Development Corp. Common Stock,$5.57,-0.005,-0.09%,1895637,181697800.00,United States,2023,Finance: Consumer Services,Finance
DFDVW,DeFi Development Corp. Warrant,$0.755,-0.125,-14.205%,4116,24628696.00,United States,,Finance: Consumer Services,Finance
DFH,Dream Finders Homes Inc. Class A Common Stock,$11.00,0.12,1.103%,947471,995886298.00,United States,2022,Homebuilding,Consumer Discretionary
DFIN,Donnelley Financial Solutions Inc. Common Stock ,$46.94,-0.74,-1.552%,199227,1154037878.00,United States,2016,Other Consumer Services,Consumer Discretionary
DFLI,Dragonfly Energy Holdings Corp. Common Stock (NV),$0.8602,0.0051,0.596%,74808,12884766.00,United States,2021,Industrial Machinery/Components,Miscellaneous
DFLIW,Dragonfly Energy Holdings Corp. Warrant,$0.0142,-0.0055,-27.919%,3201,212699.00,United States,2021,Industrial Machinery/Components,Miscellaneous
DFNS,T3 Defense Inc. Common Stock,$6.74,-0.47,-6.519%,179123,19143595.00,United States,2020,Professional Services,Consumer Discretionary
DFNSW,T3 Defense Inc. Warrants,$0.0592,-0.0004,-0.671%,7034,168146.00,United States,2020,Professional Services,Consumer Discretionary
DFP,Flaherty & Crumrine Dynamic Preferred and Income Fund Inc. Common Stock,$18.97,0.23,1.227%,117725,0.00,,2013,Investment Managers,Finance
DFSC,DEFSEC Technologies Inc. Common Stock,$1.08,-0.005,-0.461%,56623,7094596.00,Canada,,Computer Software: Prepackaged Software,Technology
DFTX,Definium Therapeutics Inc. Common Shares,$38.21,-0.20,-0.521%,1967399,5134161160.00,United States,, Medicinal Chemicals and Botanical Products ,Health Care
DG,Dollar General Corporation Common Stock,$122.64,-1.73,-1.391%,2708412,27056443126.00,United States,2009,Department/Specialty Retail Stores,Consumer Discretionary
DGAC,Disciplined Growth Acquisition Corporation Class A Ordinary Shares,$10.01,0.01,0.10%,2507,0.00,,2026,,
DGICA,Donegal Group Inc. Class A Common Stock,$18.07,0.05,0.277%,62293,670745426.00,United States,,Property-Casualty Insurers,Finance
DGICB,Donegal Group Inc. Class B Common Stock,$15.53,-1.06,-6.389%,4222,576462449.00,United States,1986,Property-Casualty Insurers,Finance
DGII,Digi International Inc. Common Stock,$76.50,-1.72,-2.199%,315396,2903031410.00,United States,1989,Computer Communications Equipment,Telecommunications
DGNX,Diginex Limited Ordinary Shares,$1.205,-0.205,-14.539%,788556,60406807.00,Hong Kong,2025,EDP Services,Technology
DGX,Quest Diagnostics Incorporated Common Stock,$231.97,-5.65,-2.378%,1537196,25603308319.00,United States,,Medical Specialities,Health Care
DGXX,Digi Power X Inc. Subordinate Voting Shares,$4.25,0.03,0.711%,1683422,430921759.00,Canada,,Finance: Consumer Services,Finance
DH,Definitive Healthcare Corp. Class A Common Stock,$0.93,0.0147,1.606%,214955,134822143.00,United States,2021,Computer Software: Prepackaged Software,Technology
DHC,Diversified Healthcare Trust Common Shares of Beneficial Interest,$7.93,-0.03,-0.377%,1865925,1920082875.00,United States,,Real Estate Investment Trusts,Real Estate
DHCNI,Diversified Healthcare Trust 5.625% Senior Notes due 2042,$17.02,-0.38,-2.184%,16010,4108872356.00,United States,,Real Estate Investment Trusts,Real Estate
DHCNL,Diversified Healthcare Trust 6.25% Senior Notes Due 2046,$18.03,-0.76,-4.045%,9668,4352700857.00,United States,,Real Estate Investment Trusts,Real Estate
DHF,BNY Mellon High Yield Strategies Fund Common Stock,$2.20,-0.03,-1.345%,280583,0.00,United States,1998,Finance Companies,Finance
DHI,D.R. Horton Inc. Common Stock,$139.40,-0.02,-0.014%,3024884,38990356620.00,United States,,Homebuilding,Consumer Discretionary
DHR,Danaher Corporation Common Stock,$226.11,-1.22,-0.537%,3608533,158952176670.00,United States,,Industrial Machinery/Components,Industrials
DHT,DHT Holdings Inc.,$22.42,0.52,2.374%,3556980,3610553502.00,Jersey,2005,Marine Transportation,Consumer Discretionary
DHX,DHI Group Inc. Common Stock,$4.88,0.25,5.40%,283184,211910047.00,United States,2007,Business Services,Consumer Discretionary
DHY,UBS Asset Management High Yield Credit Fund Common Stock,$1.61,0.00,0.00%,457009,0.00,United States,1998,Finance/Investors Services,Finance
DIBS,1stdibs.com Inc. Common Stock,$4.03,0.05,1.256%,48633,135469631.00,United States,2021,Catalog/Specialty Distribution,Consumer Discretionary
DIN,Dine Brands Global Inc. Common Stock,$28.14,-0.71,-2.461%,1135789,356228481.00,United States,,Restaurants,Consumer Discretionary
DINO,HF Sinclair Corporation Common Stock,$105.59,-0.60,-0.565%,1989196,18772196616.00,United States,1960,Natural Gas Distribution,Energy
DIOD,Diodes Incorporated Common Stock,$97.18,0.81,0.841%,442314,4475304692.00,United States,,Semiconductors,Technology
DIS,Walt Disney Company (The) Common Stock,$105.41,-0.18,-0.17%,7327421,182010066340.00,United States,,Services-Misc. Amusement & Recreation,Consumer Discretionary
DIT,AMCON Distributing Company Common Stock,$67.56,0.00,0.00%,205,65940452.00,United States,1999,Food Distributors,Consumer Discretionary
DJCO,Daily Journal Corp. (S.C.) Common Stock,$657.34,-1.74,-0.264%,114033,905782968.00,United States,,Newspapers/Magazines,Consumer Discretionary
DJT,Trump Media & Technology Group Corp. Common Stock,$9.10,-0.02,-0.219%,3104198,2529265593.00,United States,2024,Computer Software: Programming Data Processing,Technology
DJTWW,Trump Media & Technology Group Corp. Warrants,$5.29,0.01,0.189%,17550,1470309339.00,United States,2021,Computer Software: Programming Data Processing,Technology
DK,Delek US Holdings Inc. Common Stock,$68.73,1.26,1.867%,1698582,4208487319.00,United States,2017,Integrated oil Companies,Energy
DKI,DarkIris Inc. Class A Ordinary Shares,$2.55,-0.05,-1.923%,43389,5297510.00,Hong Kong,2025,Computer Software: Prepackaged Software,Technology
DKL,Delek Logistics Partners L.P. Common Units representing Limited Partner Interests,$53.20,-0.43,-0.802%,127493,2830096413.00,United States,2012,Natural Gas Distribution,Energy
DKNG,DraftKings Inc. Class A Common Stock,$19.59,-1.57,-7.42%,25530804,9725534800.00,United States,2019,Services-Misc. Amusement & Recreation,Consumer Discretionary
DKS,Dick's Sporting Goods Inc Common Stock,$134.70,0.54,0.403%,2797046,11978407093.00,United States,2002,Other Specialty Stores,Consumer Discretionary
DLB,Dolby Laboratories Common Stock,$57.93,-0.26,-0.447%,909838,5426233294.00,United States,2005,Multi-Sector Companies,Miscellaneous
DLHC,DLH Holdings Corp.,$3.52,0.06,1.734%,21889,51015483.00,United States,,Professional Services,Consumer Discretionary
DLNG,Dynagas LNG Partners LP Common Units,$3.80,0.26,7.345%,246029,138251642.00,Greece,,Marine Transportation,Consumer Discretionary
DLNG^A,Dynagas LNG Partners LP 9.00% Series A Cumulative Redeemable Preferred Units,$25.97,0.02,0.077%,3251,,Greece,,,
DLO,DLocal Limited Class A Common Shares,$13.69,-0.13,-0.941%,1804367,4037618478.00,Uruguay,2021,Business Services,Consumer Discretionary
DLPN,Dolphin Entertainment Inc. Common Stock,$1.09,0.02,1.869%,2832,14206876.00,United States,,Other Consumer Services,Consumer Discretionary
DLR,Digital Realty Trust Inc. Common Stock,$176.56,-0.62,-0.35%,1774442,65333587235.00,United States,2004,Real Estate Investment Trusts,Real Estate
DLR^J,Digital Realty Trust Inc. 5.250% Series J Cumulative Redeemable Preferred Stock,$18.22,0.0501,0.276%,17051,,United States,,,
DLR^K,Digital Realty Trust Inc. 5.850% Series K Cumulative Redeemable Preferred Stock par value $0.01 per share,$20.41,0.005,0.025%,22758,,United States,,,
DLR^L,Digital Realty Trust Inc. 5.200% Series L Cumulative Redeemable Preferred Stock,$18.10,-0.015,-0.083%,28009,,United States,,,
DLTH,Duluth Holdings Inc. Class B Common Stock,$3.94,0.00,0.00%,38094,149739704.00,United States,2015,Clothing/Shoe/Accessory Stores,Consumer Discretionary
DLTR,Dollar Tree Inc. Common Stock,$113.30,-2.72,-2.344%,2542447,21258512877.00,United States,1995,Department/Specialty Retail Stores,Consumer Discretionary
DLX,Deluxe Corporation Common Stock,$23.50,-0.38,-1.591%,494145,1077622815.00,United States,,Publishing,Consumer Discretionary
DLXY,Delixy Holdings Limited Class A Ordinary Shares,$2.30,-0.14,-5.738%,145083,7521000.00,Singapore,2025,Oil Refining/Marketing,Energy
DLY,DoubleLine Yield Opportunities Fund Common Shares of Beneficial Interest,$13.20,0.13,0.995%,265361,632884283.00,United States,2020,Investment Managers,Finance
DMA,Destra Multi-Alternative Fund Common Stock,$7.54,-0.04,-0.528%,15420,0.00,,2022,Trusts Except Educational Religious and Charitable,Finance
DMAA,Drugs Made In America Acquisition Corp. Ordinary Shares,$10.88,0.00,0.00%,755,0.00,United States,2025,,
DMAAR,Drugs Made In America Acquisition Corp. Rights,$0.1249,0.00,0.00%,4,0.00,United States,2025,Blank Checks,Finance
DMAC,DiaMedica Therapeutics Inc. Common Stock,$8.20,-0.12,-1.442%,231068,442190715.00,United States,2018,Biotechnology: Pharmaceutical Preparations,Health Care
DMB,BNY Mellon Municipal Bond Infrastructure Fund Inc. Common Stock,$9.35,-0.12,-1.267%,158350,0.00,,2013,Trusts Except Educational Religious and Charitable,Finance
DMC,Del Monte Corporation Ordinary Shares,$30.61,-0.05,-0.163%,296337,1443145733.00,Cayman Islands,,Farming/Seeds/Milling,Consumer Staples
DMII,Drugs Made In America Acquisition II Corp. Ordinary Shares,$10.175,0.015,0.148%,16866,0.00,United States,2025,Blank Checks,Finance
DMIIR,Drugs Made In America Acquisition II Corp. Right,$0.0641,0.00,0.00%,24,0.00,United States,2025,Blank Checks,Finance
DMLP,Dorchester Minerals L.P. Common Units Representing Limited Partnership Interests,$28.55,0.22,0.777%,101027,1401559698.00,United States,,Oil & Gas Production,Energy
DMO,Western Asset Mortgage Opportunity Fund Inc. Common Stock,$9.53,0.06,0.634%,89883,0.00,United States,2010,Trusts Except Educational Religious and Charitable,Finance
DMRA,Damora Therapeutics Inc. Ordinary Shares,$20.66,-0.09,-0.434%,376402,1275455823.00,Denmark,2020,Biotechnology: Pharmaceutical Preparations,Health Care
DMRC,Digimarc Corporation Common Stock,$4.97,0.07,1.429%,93652,111702385.00,United States,,EDP Services,Technology
DNA,Ginkgo Bioworks Holdings Inc. Class A Common Stock,$11.96,1.50,14.34%,4746009,769509713.00,United States,2021,Biotechnology: Biological Products (No Diagnostic Substances),Health Care
DNLI,Denali Therapeutics Inc. Common Stock,$20.81,-0.17,-0.81%,1390395,3326424456.00,United States,2017,Biotechnology: Biological Products (No Diagnostic Substances),Health Care
DNMX,Dynamix Corporation III Class A Ordinary Shares,$10.08,0.025,0.249%,283706,0.00,United States,2025,Blank Checks,Finance
DNN,Denison Mines Corp Ordinary Shares (Canada),$2.59,0.01,0.388%,24153654,2344509769.00,Canada,,Other Metals and Minerals,Basic Materials
DNOW,DNOW Inc. Common Stock,$15.71,-0.43,-2.664%,1580092,2840146348.00,United States,2014,Oil and Gas Field Machinery,Consumer Discretionary
DNP,DNP Select Income Fund Inc. Common Stock,$9.83,0.11,1.132%,713551,0.00,United States,1987,Investment Managers,Finance
DNTH,Dianthus Therapeutics Inc. Common Stock,$87.16,-0.67,-0.763%,1033904,4875240386.00,United States,2018,Biotechnology: Pharmaceutical Preparations,Health Care
DNUT,Krispy Kreme Inc. Common Stock,$2.88,-0.01,-0.346%,1725202,499680000.00,United States,2021,Food Chains,Consumer Staples
DOC,Healthpeak Properties Inc. Common Stock,$20.13,0.03,0.149%,4542226,13880183744.00,United States,,Real Estate Investment Trusts,Real Estate
DOCN,DigitalOcean Holdings Inc. Common Stock,$135.01,-1.28,-0.939%,1891826,15874415046.00,United States,2021,Computer Software: Programming Data Processing,Technology
DOCS,Doximity Inc. Class A Common Stock,$26.52,0.32,1.221%,3269415,4727083390.00,United States,2021,EDP Services,Technology
DOCU,DocuSign Inc. Common Stock,$66.98,0.00,0.00%,1841022,12518726235.00,United States,1989,Computer Software: Prepackaged Software,Technology
DOGZ,Dogness (International) Corporation Class A Common Stock,$0.8805,-0.0245,-2.707%,10089,15514989.00,China,2017,Miscellaneous manufacturing industries,Consumer Discretionary
DOLE,Dole plc Ordinary Shares,$12.96,-0.02,-0.154%,666083,1224186139.00,Ireland,2021,Farming/Seeds/Milling,Consumer Staples
DOMH,Dominari Holdings Inc. Common Stock,$2.40,-0.08,-3.226%,127288,58184750.00,United States,,Investment Bankers/Brokers/Service,Finance
DOO,BRP Inc. Common Subordinate Voting Shares,$57.36,0.867,1.535%,547286,4081181323.00,Canada,,Industrial Specialties,Consumer Discretionary
DORM,Dorman Products Inc. Common Stock,$123.89,0.18,0.146%,263999,3676512314.00,United States,,Auto Parts:O.E.M.,Consumer Discretionary
DOUG,Douglas Elliman Inc. Common Stock,$1.52,-0.01,-0.654%,483268,138153519.00,United States,2021,Real Estate,Finance
DOV,Dover Corporation Common Stock,$189.70,-1.78,-0.93%,1258773,25548838683.00,United States,,Industrial Machinery/Components,Industrials
DOW,Dow Inc. Common Stock ,$27.61,-0.28,-1.004%,8402868,19943827031.00,United States,2019,Major Chemicals,Industrials
DOX,Amdocs Limited Ordinary Shares,$57.59,0.17,0.296%,634317,6216813951.00,Guernsey,,EDP Services,Technology
DOYU,DouYu International Holdings Limited ADS,$4.56,-0.04,-0.87%,22976,137615597.00,China,2019,Computer Software: Programming Data Processing,Technology
DPC,DPC Holdings PLC Ordinary Shares,$41.46,0.92,2.269%,1424043,6193834443.00,,2026,Metal Fabrications,Telecommunications
DPG,Duff & Phelps Utility and Infrastructure Fund Inc.,$12.91,0.12,0.938%,87193,0.00,United States,2011,Trusts Except Educational Religious and Charitable,Finance
DPRO,Draganfly Inc. Common Shares,$6.20,0.605,10.813%,2734858,229400000.00,Canada,,Aerospace,Industrials
DPU,Top KingWin Ltd Class A Ordinary Shares,$1.48,-0.05,-3.268%,15962,4448699.00,China,2023,Business Services,Consumer Discretionary
DPZ,Domino's Pizza Inc Common Stock,$301.81,9.54,3.264%,885645,9984398440.00,United States,2004,Food Distributors,Consumer Discretionary
DQ,DAQO New Energy Corp. American Depositary Shares each representing five ordinary shares,$11.34,0.44,4.037%,470346,767333994.00,China,2010,Semiconductors,Technology
DRCT,Direct Digital Holdings Inc. Class A Common Stock,$1.53,0.01,0.658%,8616,1228172.00,United States,2022,Advertising,Consumer Discretionary
DRD,DRDGOLD Limited American Depositary Shares,$24.49,0.15,0.616%,222087,2117377751.00,South Africa,,Precious Metals,Basic Materials
DRDB,Roman DBDR Acquisition Corp. II Ordinary shares,$10.70,0.00,0.00%,66,0.00,United States,2025,,
DRDBU,Roman DBDR Acquisition Corp. II Unit,$10.72,0.00,0.00%,2,0.00,United States,2024,,
DRDBW,Roman DBDR Acquisition Corp. II Warrants,$0.1195,0.0294,32.63%,21742,0.00,United States,2025,,
DRH,Diamondrock Hospitality Company Common Stock,$12.47,-0.17,-1.345%,2776129,2551432842.00,United States,2005,Real Estate Investment Trusts,Real Estate
DRI,Darden Restaurants Inc. Common Stock,$195.11,-1.91,-0.969%,1256718,22257752532.00,United States,,Restaurants,Consumer Discretionary
DRIO,DarioHealth Corp. Common Stock,$6.62,-0.09,-1.341%,3571,64872564.00,Israel,,Medical/Dental Instruments,Health Care
DRK,DarkHorse Technologies Inc. Common Shares,$2.89,-0.01,-0.345%,88719,29973569.00,Canada,,Finance: Consumer Services,Finance
DRMA,Dermata Therapeutics Inc. Common Stock,$1.13,0.01,0.893%,10510,4545022.00,United States,2021,Biotechnology: Pharmaceutical Preparations,Health Care
DRS,Leonardo DRS Inc. Common Stock,$36.73,0.06,0.164%,1061922,9802925346.00,Israel,,Industrial Machinery/Components,Industrials
DRTS,Alpha Tau Medical Ltd. Ordinary Shares,$15.19,0.15,0.997%,513969,1404743159.00,Israel,,Medical/Dental Instruments,Health Care
DRTSW,Alpha Tau Medical Ltd. Warrant,$4.18,0.08,1.951%,15386,386558684.00,Israel,,Medical/Dental Instruments,Health Care
DRUG,Bright Minds Biosciences Inc. Common Stock,$49.74,-1.92,-3.717%,96777,490638394.00,Canada,,Biotechnology: Pharmaceutical Preparations,Health Care
DRVN,Driven Brands Holdings Inc. Common Stock,$11.80,0.04,0.34%,1113732,1946761829.00,United States,2021,Automotive Aftermarket,Consumer Discretionary
DSAC,Daedalus Special Acquisition Corp. Class A Ordinary Shares,$10.14,0.00,0.00%,83,0.00,Cayman Islands,2026,Blank Checks,Finance
DSACW,Daedalus Special Acquisition Corp. Warrant,$0.6202,0.00,0.00%,51,0.00,Cayman Islands,2026,Blank Checks,Finance
DSC,DSC Holdings Ltd. American Depositary Shares,$5.29,-0.41,-7.193%,57252,264883483.00,China,2026,Computer Software: Programming Data Processing,Technology
DSGN,Design Therapeutics Inc. Common Stock,$12.62,0.26,2.104%,655812,789780436.00,United States,2021,Biotechnology: Pharmaceutical Preparations,Health Care
DSGR,Distribution Solutions Group Inc. Common Stock,$34.95,-0.05,-0.143%,409723,1616626999.00,United States,,Industrial Specialties,Consumer Discretionary
DSGX,Descartes Systems Group Inc. (The) Common Stock,$79.465,0.615,0.78%,388438,6798115764.00,Canada,,Computer Software: Prepackaged Software,Technology
DSL,DoubleLine Income Solutions Fund Common Shares of Beneficial Interests,$10.02,0.11,1.11%,802976,1022008217.00,United States,2013,Trusts Except Educational Religious and Charitable,Finance
DSM,BNY Mellon Strategic Municipal Bond Fund Inc. Common Stock,$5.11,-0.04,-0.777%,246283,0.00,United States,1989,Investment Managers,Finance
DSP,Viant Technology Inc. Class A Common Stock,$12.17,-0.07,-0.572%,416366,809290603.00,United States,2021,Computer Software: Programming Data Processing,Technology
DSS,DSS Inc. Common Stock,$0.682,-0.008,-1.159%,23595,6848997.00,United States,,Containers/Packaging,Consumer Discretionary
DSU,Blackrock Debt Strategies Fund Inc. Common Stock,$9.00,0.12,1.351%,394865,0.00,United States,1998,Finance Companies,Finance
DSWL,Deswell Industries Inc. Common Shares,$3.055,-0.025,-0.812%,13721,48529405.00,Macau,1995,Plastic Products,Industrials
DSX,Diana Shipping inc. common stock,$2.75,-0.05,-1.786%,361165,342137678.00,Greece,2005,Marine Transportation,Consumer Discretionary
DSX^B,Diana Shipping Inc. Perpetual Preferred Shares Series B (Marshall Islands),$27.13,0.00,0.00%,924,,Greece,,,
DSY,Big Tree Cloud Holdings Limited Class A Ordinary Shares,$3.59,0.01,0.279%,4200,17059220.00,China,,Containers/Packaging,Consumer Discretionary
DSYWW,Big Tree Cloud Holdings Limited Warrants,$0.0141,0.00,0.00%,68,67001.00,China,,Containers/Packaging,Consumer Discretionary
DT,Dynatrace Inc. Common Stock,$57.53,-0.31,-0.536%,3883264,16626292424.00,United States,2019,Computer Software: Prepackaged Software,Technology
DTB,DTE Energy Company 2020 Series G 4.375% Junior Subordinated Debentures due 2080,$14.99,-0.12,-0.794%,45769,3119240154.00,United States,2020,Electric Utilities: Central,Utilities
DTCX,Datacentrex Inc. Common Stock,$1.775,-0.015,-0.838%,278984,71254936.00,United States,,EDP Services,Technology
DTE,DTE Energy Company Common Stock,$122.39,1.56,1.291%,3042114,25467898765.00,United States,,Electric Utilities: Central,Utilities
DTF,DTF Tax-Free Income 2028 Term Fund Inc. Common Stock,$11.21,0.03,0.268%,3635,78801446.00,United States,1991,Investment Managers,Finance
DTG,DTE Energy Company 2021 Series E 4.375% Junior Subordinated Debentures,$15.07,-0.2357,-1.54%,19971,3135887200.00,United States,2021,Electric Utilities: Central,Utilities
DTI,Drilling Tools International Corporation Common Stock,$2.30,-0.06,-2.542%,73454,81149115.00,United States,2021,Oil and Gas Field Machinery,Consumer Discretionary
DTIL,Precision BioSciences Inc. Common Stock,$6.18,-0.06,-0.962%,154224,170577604.00,United States,2019,Biotechnology: Biological Products (No Diagnostic Substances),Health Care
DTK,DTE Energy Company 2025 Series H 6.25% Junior Subordinated Debentures due 2085,$20.72,-0.22,-1.051%,57775,0.00,United States,2025,Electric Utilities: Central,Utilities
DTM,DT Midstream Inc. Common Stock ,$121.63,-0.34,-0.279%,677604,12408120452.00,United States,2021,Natural Gas Distribution,Utilities
DTSQ,DT Cloud Star Acquisition Corporation Ordinary Shares,$11.52,0.02,0.174%,439,0.00,United States,2024,,
DTSQR,DT Cloud Star Acquisition Corporation Right,$0.15,0.00,0.00%,82,0.00,United States,2024,Blank Checks,Finance
DTSS,Datasea Intelligent Technology Ltd. Class A Ordinary Shares,$0.8505,-0.0289,-3.286%,164978,12268361.00,China,,Computer Software: Prepackaged Software,Technology
DTST,Data Storage Corporation Common Stock,$3.28,0.005,0.153%,11185,7667781.00,United States,,EDP Services,Technology
DTW,DTE Energy Company 2017 Series E 5.25% Junior Subordinated Debentures due 2077,$18.22,-0.27,-1.46%,33492,3791364617.00,United States,2017,Electric Utilities: Central,Utilities
DUK,Duke Energy Corporation (Holding Company) Common Stock,$114.21,0.80,0.705%,5181939,89049787463.00,United States,,Power Generation,Utilities
DUK^A,Duke Energy Corporation Depositary Shares each representing a 1/1000th interest in a share of 5.75% Series A Cumulative Redeemable Perpetual Preferred Stock,$21.81,-0.29,-1.312%,139601,,United States,,,
DUKB,Duke Energy Corporation 5.625% Junior Subordinated Debentures due 2078,$20.08,-0.05,-0.248%,46544,15656420035.00,United States,2018,Power Generation,Utilities
DUKR,DUKE Robotics Corp. Common Stock,$5.43,0.04,0.742%,15363,18603061.00,Israel,,Aerospace,Industrials
DUKRW,DUKE Robotics Corp. Warrant,$1.34,-0.01,-0.741%,12833,4590811.00,Israel,,Aerospace,Industrials
DUKU,Duke Energy Corporation Corporate Units,$48.20,0.26,0.542%,1327177,0.00,United States,2026,Power Generation,Utilities
DUO,Fangdd Network Group Ltd. Class A Ordinary Shares,$0.637,0.0225,3.662%,844187,24555339.00,China,2019,Real Estate,Finance
DUOL,Duolingo Inc. Class A Common Stock,$142.62,8.32,6.195%,1067901,6672657685.00,United States,2021,Computer Software: Prepackaged Software,Technology
DUOT,Duos Technologies Group Inc. Common Stock,$8.97,-0.02,-0.222%,289017,282308316.00,United States,,Computer Software: Prepackaged Software,Technology
DV,DoubleVerify Holdings Inc. Common Stock,$13.40,0.00,0.00%,4755072,2076823750.00,United States,2021,Computer Software: Programming Data Processing,Technology
DVA,DaVita Inc. Common Stock,$175.19,-2.88,-1.617%,636977,11177122000.00,United States,,Misc Health and Biotechnology Services,Health Care
DVLT,Datavault AI Inc. Common Stock,$0.1533,-0.0077,-4.783%,32868648,145593395.00,United States,2018,Business Services,Consumer Discretionary
DVN,Devon Energy Corporation Common Stock,$46.60,-0.13,-0.278%,10592411,51260000000.00,United States,1985,Oil & Gas Production,Energy
DWSN,Dawson Geophysical Company Common Stock,$2.88,-0.02,-0.69%,63006,89440180.00,United States,,Oil & Gas Production,Energy
DWTX,Dogwood Therapeutics Inc. Common Stock,$1.35,-0.01,-0.735%,79582,45889947.00,United States,2020,Biotechnology: Pharmaceutical Preparations,Health Care
DX,Dynex Capital Inc. Common Stock,$11.39,0.06,0.53%,6139557,2826621185.00,United States,,Real Estate Investment Trusts,Real Estate
DX^C,Dynex Capital Inc. 6.900% Series C Fixed-to-Floating Rate Cumulative Redeemable Preferred Stock,$26.03,0.10,0.386%,26885,,United States,,,
DXC,DXC Technology Company Common Stock ,$10.33,-0.02,-0.193%,2007825,1650513857.00,United States,,EDP Services,Technology
DXCM,DexCom Inc. Common Stock,$86.64,-0.04,-0.046%,3121841,32694536680.00,United States,2005,Medical/Dental Instruments,Health Care
DXF,Eason Technology Limited American Depositary Shares (each representing sixty-thousand (60000) Ordinary Shares),$0.4927,0.0026,0.531%,52515,1594356.00,,,Finance: Consumer Services,Finance
DXLG,Destination XL Group Inc. Common Stock,$0.457,-0.0172,-3.627%,113378,25342272.00,United States,,Clothing/Shoe/Accessory Stores,Consumer Discretionary
DXPE,DXP Enterprises Inc. Common Stock,$182.56,-8.87,-4.634%,245225,2832810539.00,United States,,Industrial Machinery/Components,Industrials
DXR,Daxor Corporation Common Stock,$11.70,0.35,3.084%,34267,68307221.00,United States,,Medical/Dental Instruments,Health Care
DXST,Decent Holding Inc Class A Ordinary Shares,$3.04,1.09,55.897%,42671220,5517989.00,China,2025,Miscellaneous,Industrials
DXYZ,Destiny Tech100 Inc. Common Stock,$30.64,0.78,2.612%,520176,0.00,,2024,,
DY,Dycom Industries Inc. Common Stock,$269.04,2.25,0.843%,566140,8114503871.00,United States,,Water Sewer Pipeline Comm & Power Line Construction,Industrials
DYAI,Dyadic International Inc. Common Stock,$0.466,0.001,0.215%,117064,18669686.00,United States,,Biotechnology: Biological Products (No Diagnostic Substances),Health Care
DYN,Dyne Therapeutics Inc. Common Stock,$16.21,-0.13,-0.796%,2289413,3027159647.00,United States,2020,Biotechnology: Pharmaceutical Preparations,Health Care
DYNC,Dynamix Corporation Class A Ordinary Shares,$10.8861,-0.0089,-0.082%,251496,0.00,United States,2024,,
DYNCW,Dynamix Corporation Warrant,$0.1199,0.00,0.00%,23,0.00,United States,2024,,
DYOR,Insight Digital Partners II Class A Ordinary Shares,$10.14,0.01,0.099%,743,0.00,United States,2025,Blank Checks,Finance
DYORW,Insight Digital Partners II Warrants,$0.2106,-0.0259,-10.951%,646,0.00,United States,2025,Blank Checks,Finance
E,ENI S.p.A. Common Stock,$54.65,-0.97,-1.744%,298324,85985356740.00,Italy,,Oil & Gas Production,Energy
EAD,Allspring Income Opportunities Fund Common Shares,$6.02,0.02,0.333%,355131,0.00,United States,2003,Finance/Investors Services,Finance
EAF,GrafTech International Ltd. Common Stock,$8.55,-1.41,-14.157%,1328302,223088002.00,United States,2018,Industrial Machinery/Components,Energy
EAI,Entergy Arkansas LLC First Mortgage Bonds 4.875% Series Due September 1 2066,$18.75,-0.10,-0.531%,14976,8749340588.00,United States,2016,Electric Utilities: Central,Utilities
EARN,Ellington Credit Company Common Shares of Beneficial Interest,$4.28,0.07,1.663%,376430,160753355.00,United States,2013,Real Estate Investment Trusts,Real Estate
EAT,Brinker International Inc. Common Stock,$199.11,-3.34,-1.65%,1334642,8338977679.00,United States,,Restaurants,Consumer Discretionary
EBAY,eBay Inc. Common Stock,$105.21,-2.11,-1.966%,3900348,46818450000.00,United States,1998,Business Services,Consumer Discretionary
EBC,Eastern Bankshares Inc. Common Stock,$20.98,-0.15,-0.71%,2501967,4794172361.00,United States,2020,Savings Institutions,Finance
EBF,Ennis Inc. Common Stock,$22.46,0.05,0.223%,178478,568199189.00,United States,,Office Equipment/Supplies/Services,Consumer Discretionary
EBMT,Eagle Bancorp Montana Inc. Common Stock,$21.22,-0.14,-0.655%,25798,169026446.00,United States,2010,Major Banks,Finance
EBON,Ebang International Holdings Inc. Class A Ordinary Shares,$2.065,0.045,2.228%,2195,13513232.00,China,2020,Investment Bankers/Brokers/Service,Finance
EBS,Emergent BioSolutions Inc. Common Stock,$6.92,0.06,0.875%,745124,354811485.00,United States,2006,Biotechnology: Pharmaceutical Preparations,Health Care
EC,Ecopetrol S.A. American Depositary Shares,$16.52,-0.18,-1.078%,1489966,33962389822.00,Colombia,,Oil & Gas Production,Energy
ECAT,BlackRock ESG Capital Allocation Term Trust Common Shares of Beneficial Interest,$13.97,-0.04,-0.286%,721521,1510645950.00,United States,2021,Finance/Investors Services,Finance
ECBK,ECB Bancorp Inc. Common Stock,$20.50,-0.73,-3.439%,5864,179122891.00,United States,2022,Banks,Finance
ECC           ,Eagle Point Credit Company Common Share of Beneficial Interest,$3.55,0.09,2.601%,599776,215351960.00,United States,2014,Trusts Except Educational Religious and Charitable,Finance
ECC^D,Eagle Point Credit Company 6.75% Series D Preferred Stock,$17.80,-0.05,-0.28%,9437,,United States,,,
ECCC,Eagle Point Credit Company 6.50% Series C Term Preferred Stock due 2031,$24.975,-0.175,-0.696%,2886,1515046537.00,United States,,Trusts Except Educational Religious and Charitable,Finance
ECCU,Eagle Point Credit Company 7.75% Notes due 2030,$25.015,0.115,0.462%,4098,0.00,United States,2024,,
ECCV,Eagle Point Credit Company 5.375% Notes due 2029,$23.92,0.10,0.42%,13246,1451047574.00,United States,2022,Trusts Except Educational Religious and Charitable,Finance
ECF,Ellsworth Growth and Income Fund Ltd.,$11.83,0.01,0.085%,65143,0.00,United States,1986,Finance/Investors Services,Finance
ECF^A,Ellsworth Growth and Income Fund Ltd. 5.25% Series A Cumulative Preferred Shares (Liquidation Preference $25.00 per share),$19.115,0.435,2.329%,234,,United States,,,
ECG,Everus Construction Group Inc. Common Stock,$117.80,1.14,0.977%,416095,6015319881.00,United States,2024,Homebuilding,Consumer Discretionary
ECHO,EchoStar  Corporation Common Stock,$89.89,0.67,0.751%,3004857,26141436217.00,United States,,Telecommunications Equipment,Consumer Discretionary
ECL,Ecolab Inc. Common Stock,$277.87,-2.36,-0.842%,1107447,77894908916.00,United States,,Package Goods/Cosmetics,Consumer Discretionary
ECO,Okeanis Eco Tankers Corp. Common Stock,$80.25,1.08,1.364%,392958,3133333564.00,,,Marine Transportation,Consumer Discretionary
ECOR,electroCore Inc. Common Stock,$10.88,-0.15,-1.36%,63274,98092829.00,United States,2018,Biotechnology: Electromedical & Electrotherapeutic Apparatus,Health Care
ECPG,Encore Capital Group Inc Common Stock,$95.25,-1.24,-1.285%,190619,2020192112.00,United States,,Finance Companies,Finance
ECVT,Ecovyst Inc. Common Stock,$9.80,-0.24,-2.39%,1246632,1072790300.00,United States,2017,Major Chemicals,Industrials
ECX,ECARX Holdings Inc. Class A Ordinary shares,$1.065,-0.065,-5.752%,1727503,405828883.00,China,,EDP Services,Technology
ED,Consolidated Edison Inc. Common Stock,$103.33,0.50,0.486%,1759922,38214392648.00,United States,,Power Generation,Utilities
EDBL,Edible Garden AG Incorporated Common Stock,$1.22,0.01,0.826%,127514,2380841.00,United States,2022,Farming/Seeds/Milling,Consumer Staples
EDD,Morgan Stanley Emerging Markets Domestic Debt Fund Inc. Common Stock,$5.51,-0.07,-1.254%,358096,0.00,United States,2007,Finance Companies,Finance
EDF,Virtus Stone Harbor Emerging Markets Income Fund Common Shares of Beneficial Interest,$5.02,0.04,0.803%,124094,0.00,United States,2010,Investment Managers,Finance
EDHL,Everbright Digital Holding Limited Ordinary Shares,$5.20,0.06,1.167%,22714,30988230.00,Hong Kong,2025,Advertising,Consumer Discretionary
EDIT,Editas Medicine Inc. Common Stock,$2.59,0.08,3.187%,1569595,397772291.00,United States,2016,Biotechnology: Biological Products (No Diagnostic Substances),Health Care
EDN,Empresa Distribuidora Y Comercializadora Norte S.A. (Edenor) American Depositary Shares,$20.74,0.51,2.521%,100642,938338202.00,Argentina,2007,Electric Utilities: Central,Utilities
EDRY,EuroDry Ltd. Common Shares ,$52.84,1.02,1.968%,95893,151470668.00,Greece,,Marine Transportation,Consumer Discretionary
EDSA,Edesa Biotech Inc. Common Shares,$3.56,-0.09,-2.466%,41262,48073254.00,United States,,Biotechnology: Pharmaceutical Preparations,Health Care
EDTK,Skillful Craftsman Education Technology Limited Ordinary Share,$1.05,0.02,1.942%,14647,17009424.00,China,2020,Other Consumer Services,Real Estate
EDU,New Oriental Education & Technology Group Inc. Sponsored ADR representing 10 Ordinary Share (Cayman Islands),$54.48,-1.39,-2.488%,806408,8446011518.00,China,2006,Other Consumer Services,Real Estate
EDUC,Educational Development Corporation Common Stock,$1.305,0.005,0.385%,6116,11125078.00,United States,,Consumer Specialties,Consumer Discretionary
EDVA,Endovia Health Sciences Inc. Common Stock,$0.1765,-0.0102,-5.463%,994135,1131810.00,,2021,Beverages (Production/Distribution),Consumer Staples
EE,Excelerate Energy Inc. Class A Common Stock,$32.19,-0.65,-1.979%,342946,3650413760.00,United States,2022,Oil/Gas Transmission,Utilities
EEA,The European Equity Fund Inc. Common Stock,$10.48,-0.06,-0.569%,59897,0.00,United States,,Trusts Except Educational Religious and Charitable,Finance
EEFT,Euronet Worldwide Inc. Common Stock,$63.76,-1.17,-1.802%,673298,2384853217.00,United States,1997,Investment Bankers/Brokers/Service,Finance
EEIQ,EpicQuest Education Group International Limited Common Stock,$5.60,1.02,22.271%,51973,9221089.00,United States,2021,Other Consumer Services,Real Estate
EFC,Ellington Financial Inc. Common Stock ,$12.18,-0.02,-0.164%,1598673,1569848361.00,United States,2010,Real Estate,Finance
EFC^B,Ellington Financial Inc. 6.250% Series B Fixed-Rate Reset Cumulative Redeemable Preferred Stock,$25.20,0.10,0.398%,8207,,United States,,,
EFC^C,Ellington Financial Inc. 8.625% Series C Fixed-Rate Reset Cumulative Redeemable Preferred Stock,$25.60,0.16,0.629%,2497,,United States,,,
EFC^D,Ellington Financial Inc. 7.00% Series D Cumulative Perpetual Redeemable Preferred Stock,$23.42,0.00,0.00%,6,,United States,,,
EFOI,Energy Focus Inc. Common Stock,$2.71,-0.04,-1.455%,4634,17260592.00,United States,,Building Products,Consumer Discretionary
EFOR,Everforth Inc. Common Stock,$32.90,0.07,0.213%,406026,1348900000.00,United States,,Professional Services,Consumer Discretionary
EFR,Eaton Vance Senior Floating-Rate Fund Common Shares of Beneficial Interest,$10.38,0.17,1.665%,120078,0.00,United States,2003,Trusts Except Educational Religious and Charitable,Finance
EFSC,Enterprise Financial Services Corporation Common Stock,$59.32,-0.83,-1.38%,216263,2146940286.00,United States,,Major Banks,Finance
EFSCP,Enterprise Financial Services Corporation Depositary Shares Each Representing a 1/40th Interest in a Share of 5% Fixed Rate Non-Cumulative Perpetual Preferred Stock Series A,$16.5699,-0.0301,-0.181%,491,599706437.00,United States,,Major Banks,Finance
EFSI,Eagle Financial Services Inc Common Stock,$45.60,-0.31,-0.675%,28227,246769644.00,United States,,Major Banks,Finance
EFT,Eaton Vance Floating Rate Income Trust Common Shares of Beneficial Interest,$10.44,0.03,0.288%,169488,303703933.00,United States,2004,Finance Companies,Finance
EFX,Equifax Inc. Common Stock,$140.83,-4.95,-3.396%,2821734,16545397904.00,United States,,Finance: Consumer Services,Finance
EFXT,Enerflex Ltd Common Shares,$22.68,-0.95,-4.02%,534691,2769293386.00,Canada,2022,Industrial Machinery/Components,Industrials
EG,Everest Group Ltd. Common Stock,$368.81,-0.99,-0.268%,342163,14141183727.00,Bermuda,,Property-Casualty Insurers,Finance
EGAN,eGain Corporation Common Stock,$5.63,-0.04,-0.705%,185840,147345359.00,United States,1999,Computer Software: Prepackaged Software,Technology
EGBN,Eagle Bancorp Inc. Common Stock,$27.96,-0.49,-1.722%,433404,852331885.00,United States,,Major Banks,Finance
EGG,Enigmatig Limited Class A Ordinary Shares,$5.00,0.75,17.647%,2269732,139226000.00,,2025,Professional Services,Consumer Discretionary
EGHA,EGH Acquisition Corp. Class A Ordinary Shares,$10.42,0.00,0.00%,22,0.00,United States,2025,Finance/Investors Services,Finance
EGHAR,EGH Acquisition Corp. Rights,$0.2633,0.00,0.00%,1094,0.00,United States,2025,Finance/Investors Services,Finance
EGHT,8x8 Inc Common Stock,$2.17,-0.055,-2.472%,1777883,313425037.00,United States,,EDP Services,Technology
EGO,Eldorado Gold Corporation Ordinary Shares,$38.90,-0.54,-1.369%,3484472,10165342671.00,Canada,,Precious Metals,Basic Materials
EGP,EastGroup Properties Inc. Common Stock,$202.65,0.21,0.104%,686179,10897162690.00,United States,,Real Estate Investment Trusts,Real Estate
EGY,VAALCO Energy Inc.  Common Stock,$5.64,-0.12,-2.083%,1333819,593281628.00,United States,,Oil & Gas Production,Energy
EH,EHang Holdings Limited ADS,$4.35,-0.05,-1.136%,434322,329927325.00,China,2019,Aerospace,Industrials
EHC,Encompass Health Corporation Common Stock,$123.56,-0.46,-0.371%,874301,12189612127.00,United States,,Hospital/Nursing Management,Health Care
EHGO,Eshallgo Inc. Class A Ordinary Shares,$0.6899,-0.1305,-15.907%,394581,3819684.00,China,2024,Diversified Commercial Services,Consumer Discretionary
EHI,Western Asset Global High Income Fund Inc Common Stock,$5.41,0.03,0.558%,130335,0.00,United States,2003,Investment Managers,Finance
EHLD,Euroholdings Ltd. Common Stock ,$11.17,-0.945,-7.80%,2149,31461590.00,Greece,,Marine Transportation,Consumer Discretionary
EHTH,eHealth Inc. Common Stock,$0.7189,-0.0064,-0.882%,447623,23028275.00,United States,2006,Specialty Insurers,Finance
EIC,Eagle Point Income Company Common Shares of Beneficial Interest,$9.26,0.03,0.325%,224792,82489080.00,United States,2019,Finance/Investors Services,Finance
EICA,Eagle Point Income Company 5.00% Series A Term Preferred Shares due 2026,$24.971,-0.019,-0.076%,1498,222444365.00,United States,2021,Finance/Investors Services,Finance
EIG,Employers Holdings Inc Common Stock,$47.93,0.17,0.356%,178518,860847053.00,United States,2007,Property-Casualty Insurers,Finance
EIIA,Eagle Point Institutional Income Fund 8.125% Series A Term Preferred Shares Due 2029,$25.15,0.04,0.159%,13639,0.00,,2024,,
EIKN,Eikon Therapeutics Inc. Common Stock,$7.91,0.00,0.00%,334834,428445387.00,United States,2026,Biotechnology: Biological Products (No Diagnostic Substances),Health Care
EIM,Eaton Vance Municipal Bond Fund Common Shares of Beneficial Interest $.01 par value,$8.89,0.15,1.716%,399064,0.00,United States,2002,Finance/Investors Services,Finance
EIX,Edison International Common Stock,$53.56,2.09,4.061%,7944578,20610636715.00,United States,,Electric Utilities: Central,Utilities
EJH,E-Home Household Service Holdings Limited Ordinary Shares,$1.54,0.3311,27.389%,1016037,4928237.00,China,2021,Other Consumer Services,Consumer Discretionary
EL,Estee Lauder Companies Inc. (The) Common Stock,$94.37,-1.20,-1.256%,2045242,34142930768.00,United States,1995,Package Goods/Cosmetics,Consumer Discretionary
ELA,Envela Corporation Common Stock,$12.46,0.22,1.797%,85975,323504911.00,United States,,Consumer Specialties,Consumer Discretionary
ELAB,PMGC Holdings Inc. Common Stock,$3.67,-1.11,-23.222%,205677,2971155.00,United States,2023,Biotechnology: Pharmaceutical Preparations,Health Care
ELAN,Elanco Animal Health Incorporated Common Stock,$22.61,0.16,0.713%,5405684,11296449576.00,United States,2018,Biotechnology: Pharmaceutical Preparations,Health Care
ELBM,Electra Battery Materials Corporation Common Stock,$0.5081,-0.0217,-4.096%,533697,54265150.00,Canada,,Industrial Machinery/Components,Miscellaneous
ELC,Entergy Louisiana Inc. Collateral Trust Mortgage Bonds 4.875 % Series due September 1 2066,$18.75,0.04,0.214%,13857,3998204100.00,United States,2016,Electric Utilities: Central,Utilities
ELDN,Eledon Pharmaceuticals Inc. Common Stock,$2.50,-0.14,-5.303%,712548,203152880.00,United States,2014,Biotechnology: Pharmaceutical Preparations,Health Care
ELE,Elemental Royalty Corporation Common Stock,$19.76,0.07,0.356%,279245,1591055954.00,Canada,,Precious Metals,Basic Materials
ELF,e.l.f. Beauty Inc. Common Stock,$101.70,-0.10,-0.098%,879723,6001113193.00,United States,2016,Package Goods/Cosmetics,Consumer Discretionary
ELLA,Ellington Credit Company 8.50% Notes due 2031,$25.09,0.032,0.128%,1442,0.00,United States,2026,Real Estate Investment Trusts,Real Estate
ELLO,Ellomay Capital Ltd Ordinary Shares (Israel),$21.90,1.1852,5.722%,4679,301852737.00,Israel,,Electric Utilities: Central,Utilities
ELMD,Electromed Inc. Common Stock,$28.33,0.16,0.568%,95719,237013398.00,United States,2011,Biotechnology: Electromedical & Electrotherapeutic Apparatus,Health Care
ELME,Elme Communities Common Stock,$1.72,0.02,1.176%,919763,152835559.00,United States,2000,Real Estate Investment Trusts,Real Estate
ELMT,The Elmet Group Co. Common Stock,$19.15,0.51,2.736%,430569,583299387.00,United States,2026,Metal Fabrications,Industrials
ELOG,Eastern International Ltd. Ordinary Shares,$0.505,0.0163,3.335%,18221,6480160.00,China,2025,Integrated Freight & Logistics,Industrials
ELOX,Eloxx Pharmaceuticals Inc. Common Stock,$15.42,0.42,2.80%,6090,62242198.00,United States,,Biotechnology: Biological Products (No Diagnostic Substances),Health Care
ELPC,Companhia Paranaense de Energia (COPEL) American Depositary Shares (each representing four (4) Common Shares),$12.18,0.13,1.079%,529492,9082658253.00,Brazil,2023,Electric Utilities: Central,Utilities
ELPW,Elong Power Holding Limited Class A Ordinary Shares,$3.05,0.02,0.66%,73490,2842871.00,China,,Industrial Machinery/Components,Miscellaneous
ELS,Equity Lifestyle Properties Inc. Common Stock,$58.71,-0.37,-0.626%,1780802,11393533781.00,United States,,Real Estate Investment Trusts,Real Estate
ELTK,Eltek Ltd. Ordinary Shares,$8.15,0.00,0.00%,107,54766590.00,Israel,1997,Electrical Products,Technology
ELTX,Elicio Therapeutics Inc. Common Stock,$1.84,-0.01,-0.541%,452482,48358663.00,United States,2021,Biotechnology: Pharmaceutical Preparations,Health Care
ELUT,Elutia Inc. Class A Common Stock,$0.789,-0.021,-2.593%,11465,34944202.00,United States,2020,Biotechnology: Biological Products (No Diagnostic Substances),Health Care
ELV,Elevance Health Inc. Common Stock,$392.73,-1.86,-0.471%,934762,85171076262.00,United States,,Medical Specialities,Health Care
ELVA,Electrovaya Inc. Common Shares,$6.35,0.22,3.589%,578647,317492996.00,Canada,,Industrial Machinery/Components,Miscellaneous
ELVN,Enliven Therapeutics Inc. Common Stock,$46.51,0.50,1.087%,1256259,3407823094.00,United States,2020,Biotechnology: Pharmaceutical Preparations,Health Care
ELVR,Elevra Lithium Limited American Depository Shares,$40.93,0.38,0.937%,47047,693259120.00,Australia,,Mining & Quarrying of Nonmetallic Minerals (No Fuels),Industrials
ELWT,Elauwit Connection Inc. Common Stock,$6.91,0.21,3.134%,5505,45742790.00,United States,2025,Telecommunications Equipment,Consumer Discretionary
EMA,Emera Incorporated Common Shares,$47.93,0.17,0.356%,375526,14724096000.00,Canada,2025,Electric Utilities: Central,Utilities
EMAT,Evolution Metals & Technologies Corp. Common Stock,$2.91,-0.29,-9.063%,1397557,1825153880.00,United States,,Industrial Machinery/Components,Miscellaneous
EMBC,Embecta Corp. Common Stock,$5.76,-0.17,-2.867%,990925,326359290.00,United States,,Medical/Dental Instruments,Health Care
EMBJ,Embraer S.A. Common Stock,$76.87,0.34,0.444%,1338318,13889758295.00,Brazil,,Aerospace,Industrials
EMD,Western Asset Emerging Markets Debt Fund Inc Common Stock,$9.52,0.15,1.601%,169431,0.00,United States,,Finance/Investors Services,Finance
EME,EMCOR Group Inc. Common Stock,$762.03,-3.49,-0.456%,430153,33613067859.00,United States,,Engineering & Construction,Industrials
EMF,Templeton Emerging Markets Fund Common Stock,$22.40,0.16,0.719%,48641,0.00,United States,1987,Finance/Investors Services,Finance
EMIS,Emmis Acquisition Corp. Class A Ordinary Shares,$10.27,0.00,0.00%,6,0.00,United States,2025,Biotechnology: Pharmaceutical Preparations,Health Care
EML,Eastern Company (The) Common Stock,$23.65,-0.74,-3.034%,3080,142315247.00,United States,,Industrial Machinery/Components,Consumer Discretionary
EMN,Eastman Chemical Company Common Stock,$65.75,-0.72,-1.083%,1252548,7520315431.00,United States,,Major Chemicals,Industrials
EMO,ClearBridge Energy Midstream Opportunity Fund Inc. Common Stock,$50.83,-0.43,-0.839%,40036,0.00,United States,2011,Investment Managers,Finance
EMP,Entergy Mississippi LLC First Mortgage Bonds 4.90% Series Due October 1 2066,$19.01,-0.01,-0.053%,14347,8870664777.00,United States,2016,Electric Utilities: Central,Utilities
EMPD,Empery Digital Inc. Common stock,$3.155,0.175,5.872%,216249,88687400.00,United States,2021,Auto Manufacturing,Industrials
EMR,Emerson Electric Company Common Stock,$157.24,-2.15,-1.349%,2448013,87708472000.00,United States,,Consumer Electronics/Appliances,Technology
ENB,Enbridge Inc Common Stock,$46.65,-0.32,-0.681%,3022569,101888668009.00,Canada,,Natural Gas Distribution,Energy
ENGN,enGene Therapeutics Inc. Common Stock,$1.95,-0.02,-1.015%,393190,130681816.00,Canada,,Biotechnology: Biological Products (No Diagnostic Substances),Health Care
ENGNW,enGene Therapeutics Inc. Warrants,$0.2009,-0.0192,-8.723%,13000,13463578.00,Canada,,Biotechnology: Biological Products (No Diagnostic Substances),Health Care
ENGS,Energys Group Limited Ordinary Shares,$2.99,0.03,1.014%,1490915,161987843.00,United Kingdom,2025,Engineering & Construction,Industrials
ENHA,Enhanced Group Inc. Class A Common Stock,$1.48,-0.05,-3.268%,1011958,585156572.00,Singapore,,Services-Misc. Amusement & Recreation,Consumer Discretionary
ENIC,Enel Chile S.A. American Depositary Shares (Each representing 50 shares of Common Stock),$4.24,-0.02,-0.469%,414856,5865324051.00,Chile,2016,Electric Utilities: Central,Utilities
ENJ,Entergy New Orleans LLC First Mortgage Bonds 5.0% Series due December 1 2052,$18.835,-0.305,-1.594%,129,8789004265.00,United States,,Power Generation,Utilities
ENLT,Enlight Renewable Energy Ltd. Ordinary Shares,$69.93,1.18,1.716%,214794,9751323116.00,Israel,2023,Electric Utilities: Central,Utilities
ENLV,Enlivex Ltd. Ordinary Shares,$0.4801,-0.0339,-6.595%,587746,8394770.00,Israel,2014,Biotechnology: Pharmaceutical Preparations,Health Care
ENO,Entergy New Orleans LLC First Mortgage Bonds 5.50% Series due April 1 2066,$20.21,-0.01,-0.049%,7307,4321521398.00,United States,2016,Power Generation,Utilities
ENOV,Enovis Corporation Common Stock,$18.46,0.30,1.652%,1530906,1064578859.00,United States,,Industrial Specialties,Health Care
ENPH,Enphase Energy Inc. Common Stock,$31.83,0.92,2.976%,5716227,4206164146.00,United States,2012,Semiconductors,Technology
ENR,Energizer Holdings Inc. Common Stock,$21.82,-0.47,-2.109%,718024,1494312959.00,United States,2015,Industrial Machinery/Components,Miscellaneous
ENRD,Einride AB American Depositary Shares,$3.74,-0.13,-3.359%,78074,548618016.00,Sweden,,EDP Services,Technology
ENRDW,Einride AB Warrants,$0.2031,-0.0271,-11.772%,43619,29792599.00,Sweden,,EDP Services,Technology
ENS,EnerSys Common Stock,$182.10,4.12,2.315%,398286,6567477290.00,United States,2004,Industrial Machinery/Components,Miscellaneous
ENSC,Ensysce Biosciences Inc. Common Stock,$0.417,0.0159,3.964%,167689,8113483.00,United States,,Biotechnology: Pharmaceutical Preparations,Health Care
ENSG,The Ensign Group Inc. Common Stock,$175.53,-0.83,-0.471%,335724,10230315640.00,United States,2007,Hospital/Nursing Management,Health Care
ENTA,Enanta Pharmaceuticals Inc. Common Stock,$12.64,0.025,0.198%,322827,368145081.00,United States,2013,Biotechnology: Pharmaceutical Preparations,Health Care
ENTG,Entegris Inc. Common Stock,$154.77,4.14,2.748%,2451082,23648856000.00,United States,2000,Plastic Products,Industrials
ENTX,Entera Bio Ltd. Ordinary Shares,$2.69,0.00,0.00%,160853,467851331.00,Israel,2018,Biotechnology: Biological Products (No Diagnostic Substances),Health Care
ENVA,Enova International Inc. Common Stock,$167.92,-2.10,-1.235%,340205,4180934458.00,United States,2014,Finance: Consumer Services,Finance
ENVB,Enveric Biosciences Inc. Common Stock,$1.45,-0.02,-1.361%,46480,6490032.00,United States,,Biotechnology: Pharmaceutical Preparations,Health Care
ENVX,Enovix Corporation Common Stock,$2.75,0.195,7.632%,11216156,603483471.00,United States,2021,Industrial Machinery/Components,Miscellaneous
EOCN,Eocene Ltd. Ordinary Shares,$3.55,-0.08,-2.204%,5637,3697556.00,Israel,2014,Biotechnology: Pharmaceutical Preparations,Health Care
EOD,Allspring Global Dividend Opportunity Fund Common Shares of Beneficial Interest,$6.37,0.01,0.157%,70914,0.00,United States,2007,Investment Managers,Finance
EOG,EOG Resources Inc. Common Stock,$139.66,-0.97,-0.69%,2326229,73255744720.00,United States,,Oil & Gas Production,Energy
EOI,Eaton Vance Enhance Equity Income Fund Eaton Vance Enhanced Equity Income Fund Shares of Beneficial Interest,$19.80,0.06,0.304%,92675,0.00,United States,2004,Finance/Investors Services,Finance
EOLS,Evolus Inc. Common Stock,$7.99,0.03,0.377%,415065,527743016.00,United States,2018,Biotechnology: Pharmaceutical Preparations,Health Care
EONR,EON Resources Inc. Class A Common Stock,$0.489,-0.025,-4.864%,356995,27298357.00,,2022,Oil & Gas Production,Energy
EOS,Eaton Vance Enhance Equity Income Fund II Common Stock,$21.28,0.08,0.377%,180168,0.00,,2005,Trusts Except Educational Religious and Charitable,Finance
EOSE,Eos Energy Enterprises Inc. Class A Common Stock,$3.11,0.04,1.303%,23351766,1132561684.00,United States,,Industrial Machinery/Components,Miscellaneous
EOSEW,Eos Energy Enterprises Inc. Warrant,$2.97,0.27,10.00%,4800,1081578200.00,United States,,Industrial Machinery/Components,Miscellaneous
EOT,Eaton Vance Municipal Income Trust EATON VANCE NATIONAL MUNICIPAL OPPORTUNITIES TRUST,$15.25,0.09,0.594%,70042,238280045.00,United States,2009,Investment Bankers/Brokers/Service,Finance
EP,Empire Petroleum Corporation Common Stock,$2.14,0.04,1.905%,13329,89029010.00,United States,2022,Oil & Gas Production,Energy
EP^C,El Paso Corporation Preferred Stock,$49.51,-0.13,-0.262%,930,,United States,,,
EPAC,Enerpac Tool Group Corp. Common Stock,$35.33,0.10,0.284%,620928,1806693033.00,United States,,Industrial Machinery/Components,Technology
EPAM,EPAM Systems Inc. Common Stock,$107.14,-0.41,-0.381%,706329,5527029144.00,United States,2012,EDP Services,Technology
EPC,Edgewell Personal Care Company Common Stock,$27.50,-0.79,-2.793%,626636,1267445163.00,United States,,Package Goods/Cosmetics,Consumer Discretionary
EPD,Enterprise Products Partners L.P. Common Stock,$36.02,-0.63,-1.719%,4443162,77784367627.00,United States,,Natural Gas Distribution,Utilities
EPM,Evolution Petroleum Corporation Inc. Common Stock,$3.49,0.04,1.159%,314679,140201069.00,United States,,Oil & Gas Production,Energy
EPOW,E-Power Inc. Class A Ordinary Shares,$3.79,-1.41,-27.115%,52024,8818697.00,China,2021,Industrial Machinery/Components,Miscellaneous
EPR,EPR Properties Common Stock,$57.19,0.21,0.369%,635427,4381264249.00,United States,1997,Real Estate Investment Trusts,Real Estate
EPR^C,EPR Properties 5.75% Series C Cumulative Convertible Preferred Shares,$25.25,-0.01,-0.04%,1948,,United States,,,
EPR^E,EPR Properties Series E Cumulative Conv Pfd Shs Ser E,$31.4724,0.2224,0.712%,832,,United States,,,
EPR^G,EPR Properties 5.750% Series G Cumulative Redeemable Preferred Shares,$18.75,-0.55,-2.85%,16196,,United States,,,
EPRT,Essential Properties Realty Trust Inc. Common Stock,$26.27,-0.13,-0.492%,1899331,5681491815.00,United States,2018,Real Estate Investment Trusts,Real Estate
EPRX,Eupraxia Pharmaceuticals Inc. Common Stock,$8.305,0.095,1.157%,645115,547354579.00,Canada,,Pharmaceuticals and Biotechnology,Health Care
EPSM,Epsium Enterprise Limited Class A Ordinary Shares,$1.24,-0.09,-6.767%,47979,16663162.00,Macau,2025,Beverages (Production/Distribution),Consumer Staples
EPSN,Epsilon Energy Ltd. Common Share,$5.80,-0.16,-2.685%,78633,175645918.00,United States,,Oil & Gas Production,Energy
EQ,Equillium Inc. Common Stock,$1.62,-0.06,-3.571%,316299,102721093.00,United States,2018,Biotechnology: Pharmaceutical Preparations,Health Care
EQBK,Equity Bancshares Inc. Class A Common Stock,$47.46,-0.57,-1.187%,84570,977319575.00,United States,,Major Banks,Finance
EQH,Equitable Holdings Inc. Common Stock,$52.19,-0.12,-0.229%,1899647,14249704844.00,United States,2018,Specialty Insurers,Finance
EQH^A,Equitable Holdings Inc. Depositary Shares,$17.86,-0.23,-1.271%,98928,,United States,,,
EQH^C,Equitable Holdings Inc. Depositary Shares each representing a 1/1000th interest in a share of Fixed Rate Noncumulative Perpetual Preferred Stock Series C,$15.74,-0.10,-0.631%,75523,,United States,,,
EQIX,Equinix Inc. Common Stock REIT,$1015.27,4.20,0.415%,385953,100178402645.00,United States,2000,Real Estate Investment Trusts,Real Estate
EQNR,Equinor ASA,$41.34,-0.93,-2.20%,4357627,103361204380.00,Norway,,Integrated oil Companies,Energy
EQPT,EquipmentShare.com Inc Class A Common Stock,$18.50,0.29,1.593%,3527854,4687455316.00,United States,2026,Diversified Commercial Services,Consumer Discretionary
EQS,Equus Total Return Inc. Common Stock,$1.029,-0.011,-1.058%,5244,14371730.00,United States,,Finance/Investors Services,Finance
EQT,EQT Corporation Common Stock,$48.88,-0.99,-1.985%,7315058,30575222080.00,United States,,Oil & Gas Production,Energy
EQX,Equinox Gold Corp. Common Shares,$11.40,0.17,1.514%,16365690,13309041971.00,Canada,,Precious Metals,Basic Materials
ERAS,Erasca Inc. Common Stock,$14.21,0.08,0.566%,3203351,4970118517.00,United States,2021,Biotechnology: Pharmaceutical Preparations,Health Care
ERC,Allspring Multi-Sector Income Fund Common Stock,$8.52,0.00,0.00%,38827,0.00,United States,2003,Finance/Investors Services,Finance
ERH,Allspring Utilities and High Income Fund Common Shares,$10.25,0.07,0.688%,22162,0.00,,2004,Finance/Investors Services,Finance
ERIC,Ericsson American Depositary Shares,$9.32,0.0579,0.625%,5029141,31420998170.00,Sweden,,Radio And Television Broadcasting And Communications Equipment,Technology
ERIE,Erie Indemnity Company Class A Common Stock,$222.43,0.51,0.23%,115520,10273834395.00,United States,,Specialty Insurers,Finance
ERII,Energy Recovery Inc. Common Stock,$6.75,0.03,0.446%,689591,344552906.00,United States,2008,Industrial Machinery/Components,Technology
ERNA,Ernexa Therapeutics Inc. Common Stock,$3.16,-0.31,-8.934%,61870,5158419.00,United States,,Biotechnology: Pharmaceutical Preparations,Health Care
ERNAW,Ernexa Therapeutics Inc. Warrants,$0.0357,0.0007,2.00%,12568,58277.00,United States,,Biotechnology: Pharmaceutical Preparations,Health Care
ERO,Ero Copper Corp. Common Shares,$37.14,-0.27,-0.722%,1452264,3872883732.00,Canada,2021,Metal Mining,Basic Materials
EROC,ERock Inc. Class A Common Stock,$12.14,0.26,2.189%,1956306,2663516971.00,,2026,Industrial Machinery/Components,Energy
EROK,EagleRock Land LLC Class A shares representing limited liability company interests,$20.27,-1.12,-5.236%,346600,2665901684.00,,2026,Oil & Gas Production,Energy
ES,Eversource Energy (D/B/A) Common Stock,$63.90,0.62,0.98%,2965494,24069516781.00,United States,,Electric Utilities: Central,Utilities
ESAB,ESAB Corporation Common Stock,$67.60,0.35,0.52%,862829,4202543956.00,United States,2022,Industrial Machinery/Components,Industrials
ESCA,Escalade Incorporated Common Stock,$19.34,-0.03,-0.155%,23379,266235871.00,United States,,Recreational Games/Products/Toys,Consumer Discretionary
ESE,ESCO Technologies Inc. Common Stock,$265.69,-0.35,-0.132%,139073,6883381476.00,United States,,Telecommunications Equipment,Telecommunications
ESEA,Euroseas Ltd. Common Stock (Marshall Islands),$70.62,1.41,2.037%,34901,498286316.00,Greece,,Marine Transportation,Consumer Discretionary
ESI,Element Solutions Inc. Common Stock,$35.97,0.85,2.42%,4061910,8765562177.00,United States,2014,Major Chemicals,Industrials
ESLA,Estrella Immunopharma Inc. Common Stock,$0.4601,0.0287,6.653%,26311,20013367.00,United States,2021,Biotechnology: Biological Products (No Diagnostic Substances),Health Care
ESLT,Elbit Systems Ltd. Ordinary Shares,$703.37,-0.90,-0.128%,176826,32712988204.00,Israel,,Military/Government/Technical,Industrials
ESNT,Essent Group Ltd. Common Shares,$63.24,-0.20,-0.315%,819094,5683789417.00,Bermuda,2013,Property-Casualty Insurers,Finance
ESOA,Energy Services of America Corporation Common Stock,$11.035,-0.095,-0.854%,69204,205904062.00,United States,,Water Sewer Pipeline Comm & Power Line Construction,Industrials
ESP,Espey Mfg. & Electronics Corp. Common Stock,$64.64,-0.88,-1.343%,36124,196303406.00,United States,1960,Industrial Machinery/Components,Technology
ESQ,Esquire Financial Holdings Inc. Common Stock,$117.82,-1.87,-1.562%,121051,1426161969.00,United States,2017,Commercial Banks,Finance
ESRT,Empire State Realty Trust Inc. Class A Common Stock,$4.03,-0.03,-0.739%,4016883,693827541.00,United States,2013,Real Estate Investment Trusts,Real Estate
ESS,Essex Property Trust Inc. Common Stock,$273.93,0.92,0.337%,453349,17605053495.00,United States,1994,Real Estate Investment Trusts,Real Estate
ESTA,Establishment Labs Holdings Inc. Common Shares,$63.70,-1.64,-2.51%,516898,1898380457.00,Costa Rica,2018,Industrial Specialties,Health Care
ESTC,Elastic N.V. Ordinary Shares,$88.80,0.86,0.978%,1600617,9323225664.00,United States,2018,Computer Software: Prepackaged Software,Technology
ESYN,EnerSyn Global Inc. Common Stock,$2.315,-0.255,-9.922%,25619,68816616.00,United States,2022,Other Pharmaceuticals,Health Care
ET,Energy Transfer LP Common Units ,$19.91,-0.19,-0.945%,10279827,68556095056.00,United States,,Natural Gas Distribution,Utilities
ET^I,Energy Transfer L.P. Series I Fixed Rate Perpetual Preferred Units,$11.01,-0.22,-1.959%,105419,,United States,,,
ETB,Eaton Vance Tax-Managed Buy-Write Income Fund Eaton Vance Tax-Managed Buy-Write Income Fund Common Shares of Beneficial Interest,$15.38,0.03,0.195%,62528,451732101.00,United States,2005,Investment Bankers/Brokers/Service,Finance
ETD,Ethan Allen Interiors Inc. Common Stock,$21.01,-0.19,-0.896%,358198,529504588.00,United States,,Home Furnishings,Consumer Discretionary
ETG,Eaton Vance Tax-Advantaged Global Dividend Income Fund Common Shares of Beneficial Interest,$23.16,0.08,0.347%,101226,0.00,United States,2004,Investment Managers,Finance
ETI^,Entergy Texas Inc 5.375% Series A Preferred Stock Cumulative No Par Value,$21.31,0.21,0.995%,7290,,United States,,,
ETJ,Eaton Vance Risk-Managed Diversified Equity Income Fund Common Shares of Beneficial Interest,$8.19,0.01,0.122%,174225,0.00,United States,2007,Finance Companies,Finance
ETN,Eaton Corporation PLC Ordinary Shares,$433.27,1.86,0.431%,1957593,168282068000.00,Ireland,,Industrial Machinery/Components,Technology
ETO,Eaton Vance Tax-Advantage Global Dividend Opp Common Stock,$30.26,0.11,0.365%,18039,495905056.00,United States,2004,Investment Managers,Finance
ETON,Eton Pharmaceuticals Inc. Common Stock,$59.19,0.01,0.017%,710799,1691835761.00,United States,2018,Biotechnology: Pharmaceutical Preparations,Health Care
ETOR,eToro Group Ltd. Class A Common Shares,$25.68,-0.14,-0.542%,994250,2068429831.00,Israel,2025,Investment Bankers/Brokers/Service,Finance
ETR,Entergy Corporation Common Stock,$99.76,1.66,1.692%,3979164,46551158240.00,United States,,Electric Utilities: Central,Utilities
ETRA,Electra Therapeutics Inc. Common stock,$11.35,0.03,0.265%,715636,712404939.00,United States,2026,Biotechnology: Biological Products (No Diagnostic Substances),Health Care
ETS,Elite Express Holding Inc. Class A Common Stock,$1.71,0.07,4.268%,61537,83305509.00,United States,2025,Trucking Freight/Courier Services,Industrials
ETSS,Energy Transition Special Opportunities Class A Ordinary Shares,$9.93,-0.02,-0.201%,1226,0.00,,2026,Blank Checks,Finance
ETSY,Etsy Inc. Common Stock,$69.28,0.36,0.522%,2723581,6358639501.00,United States,2025,Business Services,Consumer Discretionary
ETV,Eaton Vance Corporation Eaton Vance Tax-Managed Buy-Write Opportunities Fund Common Shares of Beneficial Interest,$14.98,0.06,0.402%,268141,1636839868.00,United States,2005,Investment Bankers/Brokers/Service,Finance
ETW,Eaton Vance Corporation Eaton Vance Tax-Managed Global Buy-Write Opportunites Fund Common Shares of Beneficial Interest,$9.53,-0.01,-0.105%,317871,1044466901.00,United States,2005,Investment Managers,Finance
ETX           ,Eaton Vance Municipal Income 2028 Term Trust Common Shares of Beneficial Interest,$17.45,0.20,1.159%,16436,189942482.00,,2013,Investment Managers,Finance
ETY,Eaton Vance Tax-Managed Diversified Equity Income Fund Common Shares of Beneficial Interest,$14.08,0.01,0.071%,332546,0.00,United States,2006,Finance Companies,Finance
EU,enCore Energy Corp. Common Shares,$1.15,-0.05,-4.167%,1931002,223423117.00,United States,,Other Metals and Minerals,Basic Materials
EUDA,EUDA Health Holdings Limited Ordinary Shares,$15.9025,-0.2975,-1.836%,5439,47617253.00,Singapore,2021,Medical/Nursing Services,Health Care
EUDAW,EUDA Health Holdings Limited Warrant,$0.0264,-0.0024,-8.333%,813,79050.00,Singapore,2021,Medical/Nursing Services,Health Care
EURK,Eureka Acquisition Corp Class A Ordinary Share,$11.5432,0.00,0.00%,197,0.00,United States,2024,,
EURKR,Eureka Acquisition Corp Right,$0.2501,0.00,0.00%,1,0.00,United States,2024,Marine Transportation,Consumer Discretionary
EVAC,EQV Ventures Acquisition Corp. II Class A Ordinary Shares,$10.31,-0.01,-0.097%,216,0.00,,2025,Fluid Controls,Industrials
EVAX,Evaxion A/S American Depositary Share,$3.27,0.03,0.926%,38140,29500249.00,Denmark,2021,Biotechnology: Biological Products (No Diagnostic Substances),Health Care
EVC,Entravision Communications Corporation Common Stock,$7.34,0.06,0.824%,1316903,677396159.00,United States,2000,Broadcasting,Industrials
EVCM,EverCommerce Inc. Common Stock,$8.01,0.04,0.502%,106639,1415088620.00,United States,2021,Computer Software: Prepackaged Software,Technology
EVER,EverQuote Inc. Class A Common Stock,$18.91,0.32,1.721%,617919,666383691.00,United States,2018,Computer Software: Programming Data Processing,Technology
EVEX,Eve Holding Inc. Common Stock,$1.94,-0.06,-3.00%,1019497,676063486.00,United States,2022,Aerospace,Industrials
EVF,Eaton Vance Senior Income Trust Common Stock,$4.83,-0.02,-0.412%,52757,84712684.00,United States,1998,Investment Bankers/Brokers/Service,Finance
EVG,Eaton Vance Short Diversified Income Fund Eaton Vance Short Duration Diversified Income Fund Common Shares of Beneficial Interest,$9.92,0.03,0.303%,51381,0.00,United States,2005,Investment Managers,Finance
EVGN,Evogene Ltd Ordinary Shares,$0.41,0.03,7.895%,60316974,6478577.00,Israel,,Agricultural Chemicals,Industrials
EVGO,EVgo Inc. Class A Common Stock,$1.33,-0.01,-0.746%,2782214,418305908.00,United States,,Automotive Aftermarket,Consumer Discretionary
EVH,Evolent Health Inc Class A Common Stock,$3.52,-0.13,-3.562%,3261512,397968859.00,United States,2015,Other Consumer Services,Consumer Discretionary
EVI,EVI Industries Inc.  Common Stock,$19.94,-0.04,-0.20%,60471,256797928.00,United States,1999,Other Consumer Services,Consumer Discretionary
EVLV,Evolv Technologies Holdings Inc. Class A Common Stock,$4.71,0.06,1.29%,1973179,853104148.00,United States,2020,Computer peripheral equipment,Technology
EVMN,Evommune Inc. Common Stock,$8.35,-0.04,-0.477%,807610,303039144.00,United States,2025,Biotechnology: Pharmaceutical Preparations,Health Care
EVN,Eaton Vance Municipal Income Trust Common Stock,$9.28,-0.08,-0.855%,188557,368111273.00,United States,1999,Investment Managers,Finance
EVO,Evotec SE American Depositary Shares,$1.64,0.05,3.145%,94941,583439125.00,Germany,2021,Biotechnology: Pharmaceutical Preparations,Health Care
EVOX,Evolution Global Acquisition Corp Class A Ordinary Shares,$10.11,-0.01,-0.099%,552,0.00,United States,2025,Blank Checks,Finance
EVOXW,Evolution Global Acquisition Corp Warrants,$0.34,0.005,1.493%,11880,0.00,United States,2025,Blank Checks,Finance
EVR,Evercore Inc. Class A Common Stock,$258.46,-3.16,-1.208%,567756,9939797302.00,United States,2006,Investment Managers,Finance
EVRG,Evergy Inc. Common Stock,$78.73,0.82,1.052%,2771682,18152553452.00,United States,,Power Generation,Utilities
EVT,Eaton Vance Tax Advantaged Dividend Income Fund Common Shares of Beneficial Interest,$28.16,0.26,0.932%,87007,0.00,United States,2003,Finance Companies,Finance
EVTC,Evertec Inc. Common Stock,$27.04,-0.47,-1.708%,374474,1615708736.00,Puerto Rico,2013,EDP Services,Technology
EVTL,Vertical Aerospace Ltd. Ordinary Shares,$0.6328,-0.0324,-4.871%,9355452,108666720.00,,2021,Aerospace,Industrials
EVV,Eaton Vance Limited Duration Income Fund Common Shares of Beneficial Interest,$8.40,0.03,0.358%,1009110,0.00,United States,2003,Finance/Investors Services,Finance
EW,Edwards Lifesciences Corporation Common Stock,$88.08,1.25,1.44%,3383132,50769312000.00,United States,,Industrial Specialties,Health Care
EWAV,East West Ave Acquisition Corp. Common Stock,$9.91,0.00,0.00%,939,0.00,United States,2026,Blank Checks,Finance
EWAVU,East West Ave Acquisition Corp. Units,$10.05,0.00,0.00%,1503,0.00,United States,2026,Blank Checks,Finance
EWBC,East West Bancorp Inc. Common Stock,$125.52,-1.20,-0.947%,864564,17197728165.00,United States,,Major Banks,Finance
EWTX,Edgewise Therapeutics Inc. Common Stock,$39.19,-0.60,-1.508%,1920030,4256195816.00,United States,2021,Biotechnology: Pharmaceutical Preparations,Health Care
EXC,Exelon Corporation Common Stock,$40.65,0.33,0.818%,14505990,41961123759.00,United States,,Power Generation,Utilities
EXE,Expand Energy Corporation Common Stock,$84.18,-1.13,-1.325%,3403240,19487988958.00,United States,,Oil & Gas Production,Energy
EXEL,Exelixis Inc. Common Stock,$58.65,0.28,0.48%,2244373,14532396236.00,United States,2000,Biotechnology: Biological Products (No Diagnostic Substances),Health Care
EXFY,Expensify Inc. Class A Common Stock,$2.24,0.09,4.186%,704701,204258127.00,United States,2021,Computer Software: Prepackaged Software,Technology
EXG,Eaton Vance Tax-Managed Global Diversified Equity Income Fund Common Shares of Beneficial Interest,$9.45,0.00,0.00%,1035331,0.00,United States,2007,Finance Companies,Finance
EXK,Endeavour Silver Corporation Ordinary Shares (Canada),$8.74,-0.22,-2.455%,10931162,2587641329.00,Canada,,Precious Metals,Basic Materials
EXLS,ExlService Holdings Inc. Common Stock,$34.58,-0.02,-0.058%,1983661,5242760215.00,United States,2006,Business Services,Consumer Discretionary
EXOD,Exodus Movement Inc. Class A Common Stock,$7.11,-0.29,-3.919%,106334,214745164.00,United States,,Finance: Consumer Services,Finance
EXOZ,eXoZymes Inc. Common Stock,$6.10,0.10,1.667%,2049,56758676.00,United States,2024,Biotechnology: Biological Products (No Diagnostic Substances),Health Care
EXP,Eagle Materials Inc Common Stock,$173.58,-2.29,-1.302%,626246,5324622914.00,United States,,Building Materials,Industrials
EXPD,Expeditors International of Washington Inc. Common Stock,$188.16,-0.42,-0.223%,764642,24459035436.00,United States,,Integrated Freight & Logistics,Industrials
EXPE,Expedia Group Inc. Common Stock,$266.33,2.10,0.795%,2723355,30493690650.00,United States,,Transportation Services,Consumer Discretionary
EXPO,Exponent Inc. Common Stock,$64.53,0.18,0.28%,783719,3068148801.00,United States,,Professional Services,Consumer Discretionary
EXR,Extra Space Storage Inc Common Stock,$133.49,1.81,1.375%,1496944,28202373297.00,United States,2004,Real Estate Investment Trusts,Real Estate
EXTR,Extreme Networks Inc. Common Stock,$21.07,0.07,0.333%,1665576,2784836544.00,United States,1999,Computer Communications Equipment,Telecommunications
EXYN,Exyn Technologies Inc. Common Stock,$2.27,0.00,0.00%,75520,18055482.00,United States,2026,Computer Software: Prepackaged Software,Technology
EXYNW,Exyn Technologies Inc. Warrant,$0.32,-0.09,-21.951%,3095,2545266.00,United States,2026,Computer Software: Prepackaged Software,Technology
EYE,National Vision Holdings Inc. Common Stock,$16.38,0.26,1.613%,1674847,1295155347.00,United States,2017,Ophthalmic Goods,Health Care
EYPT,EyePoint Inc. Common Stock,$3.42,0.11,3.323%,2544088,294845512.00,United States,,Biotechnology: Laboratory Analytical Instruments,Industrials
EZGO,EZGO Technologies Ltd. Ordinary Shares,$0.8934,-0.0263,-2.86%,33461,4740290.00,China,2021,Motor Vehicles,Consumer Discretionary
EZPW,EZCORP Inc. Class A Non Voting Common Stock,$30.16,-0.67,-2.173%,498805,1853132250.00,United States,1991,Other Specialty Stores,Consumer Discretionary
EZRA,Reliance Global Group Inc. Common Stock,$2.61,-0.01,-0.382%,19950,4384633.00,United States,,Specialty Insurers,Finance
F,Ford Motor Company Common Stock,$12.30,-0.08,-0.646%,34785868,48175946169.00,United States,,Auto Manufacturing,Industrials
F^B,Ford Motor Company 6.20% Notes due June 1 2059,$19.15,-0.36,-1.845%,97139,,United States,,,
F^C,Ford Motor Company 6% Notes due December 1 2059,$18.56,-0.40,-2.11%,56481,,United States,,,
F^D,Ford Motor Company 6.500% Notes due August 15 2062,$19.82,-0.4049,-2.002%,77096,,United States,,,
FA,First Advantage Corporation Common Stock,$17.65,-0.96,-5.159%,3679182,3031452646.00,United States,2021,EDP Services,Technology
FABC,Fabric.AI Inc. Common Stock,$2.29,-0.07,-2.966%,57405,16038274.00,United States,,Telecommunications Equipment,Consumer Discretionary
FAC,Factorial Energy Inc. Class A Common Stock,$6.20,-0.18,-2.821%,1115082,663544119.00,United States,2025,Industrial Machinery/Components,Miscellaneous
FACT,FACT II Acquisition Corp. Class A Ordinary Shares,$10.7211,0.00,0.00%,62,0.00,United States,2024,,
FACTW,FACT II Acquisition Corp. Warrant,$0.16,0.03,23.077%,2500,0.00,United States,2024,Blank Checks,Finance
FACWW,Factorial Energy Inc. Warrant,$0.8546,0.00,0.00%,83,91462065.00,United States,2025,Industrial Machinery/Components,Miscellaneous
FAF,First American Corporation (New) Common Stock,$64.03,-0.69,-1.066%,1183568,6537463000.00,United States,,Specialty Insurers,Finance
FAMI,Farmmi Inc. Class A Ordinary Shares,$0.1302,-0.0041,-3.053%,2244372,4168871.00,China,2018,Packaged Foods,Consumer Staples
FANG,Diamondback Energy Inc. Common Stock,$183.95,-1.28,-0.691%,1972941,51510479734.00,United States,2012,Oil & Gas Production,Energy
FAST,Fastenal Company Common Stock,$49.96,-0.53,-1.05%,7601034,57328978747.00,United States,1987,RETAIL: Building Materials,Consumer Discretionary
FATE,Fate Therapeutics Inc. Common Stock,$2.38,0.00,0.00%,1443082,285172823.00,United States,2013,Biotechnology: Biological Products (No Diagnostic Substances),Health Care
FATN,FatPipe Inc. Common Stock,$5.43,0.25,4.826%,45198,76717581.00,United States,2025,Computer Software: Prepackaged Software,Technology
FAX,abrdn Asia-Pacific Income Fund Inc. Common Stock,$13.27,0.08,0.607%,436274,0.00,United States,1986,Investment Managers,Finance
FBDT,First Breach Inc. Common Stock,$0.8805,-0.1195,-11.95%,562944,49110945.00,United States,,Ordnance And Accessories,Industrials
FBGL,FBS Global Limited Ordinary Shares,$4.01,-0.29,-6.744%,26630,5413500.00,Singapore,2025,Homebuilding,Consumer Discretionary
FBIN,Fortune Brands Innovations Inc. Common Stock,$38.41,-0.02,-0.052%,2503711,4585058432.00,United States,,Forest Products,Basic Materials
FBIO,Fortress Biotech Inc. Common Stock,$2.20,0.03,1.382%,257173,73372185.00,United States,,Biotechnology: Pharmaceutical Preparations,Health Care
FBIOP,Fortress Biotech Inc. 9.375% Series A Cumulative Redeemable Perpetual Preferred Stock,$16.67,0.15,0.908%,58838,555961053.00,United States,,Biotechnology: Pharmaceutical Preparations,Health Care
FBIZ,First Business Financial Services Inc. Common Stock,$68.95,-0.47,-0.677%,45666,576995664.00,United States,,Major Banks,Finance
FBK,FB Financial Corporation Common Stock,$51.89,-0.38,-0.727%,544552,2593365581.00,United States,2016,Major Banks,Finance
FBLA,FB Bancorp Inc. Common Stock,$16.71,0.26,1.581%,89089,266494054.00,United States,2024,Banks,Finance
FBLG,FibroBiologics Inc. Common Stock,$1.31,-0.05,-3.676%,193805,8722233.00,United States,,Biotechnology: Pharmaceutical Preparations,Health Care
FBNC,First Bancorp Common Stock,$62.31,-0.76,-1.205%,195174,2579560661.00,United States,1987,Major Banks,Finance
FBP,First BanCorp. New Common Stock,$26.35,-0.41,-1.532%,1349777,4022808862.00,Puerto Rico,,Major Banks,Finance
FBRT,Franklin BSP Realty Trust Inc. Common Stock,$6.72,0.01,0.149%,1897984,558065196.00,United States,2021,Real Estate Investment Trusts,Real Estate
FBRT^E,Franklin BSP Realty Trust Inc. 7.50% Series E Cumulative Redeemable Preferred Stock,$18.83,0.05,0.266%,25011,,United States,,,
FBYD,Falcon's Beyond Global Inc. Class A Common Stock,$8.39,0.03,0.359%,141126,1017365091.00,United States,,Services-Misc. Amusement & Recreation,Consumer Discretionary
FBYDW,Falcon's Beyond Global Inc. Warrants,$1.02,0.1001,10.882%,103,123684433.00,United States,,Services-Misc. Amusement & Recreation,Consumer Discretionary
FC,Franklin Covey Company Common Stock,$16.84,-0.11,-0.649%,42414,190188821.00,United States,,Other Consumer Services,Consumer Discretionary
FCAP,First Capital Inc. Common Stock,$61.68,1.05,1.732%,15602,206296470.00,United States,,Savings Institutions,Finance
FCBC,First Community Bankshares Inc. (VA) Common Stock,$47.27,-0.27,-0.568%,57237,893891252.00,United States,,Major Banks,Finance
FCBM,First Carolina Financial Services Inc. Common Stock,$12.55,-0.09,-0.712%,150378,389914093.00,,2026,Major Banks,Finance
FCCO,First Community Corporation Common Stock,$32.29,-0.28,-0.86%,34210,303517314.00,United States,,Major Banks,Finance
FCEL,FuelCell Energy Inc. Common Stock,$16.90,0.76,4.709%,6607249,1351225912.00,United States,,Industrial Machinery/Components,Energy
FCF,First Commonwealth Financial Corporation Common Stock,$20.33,-0.24,-1.167%,1209478,2054466955.00,United States,,Major Banks,Finance
FCFS,FirstCash Holdings Inc. Common Stock,$212.82,-4.13,-1.904%,287931,9230386476.00,United States,1991,Other Specialty Stores,Consumer Discretionary
FCHL,Fitness Champs Holdings Limited Common Stock,$0.917,-0.063,-6.429%,56872,1209286.00,Singapore,2025,Services-Misc. Amusement & Recreation,Consumer Discretionary
FCN,FTI Consulting Inc. Common Stock,$132.09,-0.19,-0.144%,721111,3647212942.00,United States,1999,Professional Services,Consumer Discretionary
FCNCA,First Citizens BancShares Inc. Class A Common Stock,$2073.46,-24.77,-1.181%,54752,23415832595.00,United States,,Major Banks,Finance
FCNCN,First Citizens BancShares Inc. Depositary Shares each representing a 1/40th interest in a share of 6.625% Non-Cumulative Perpetual Preferred Stock Series E,$23.37,-0.0266,-0.114%,28178,263920214.00,United States,,Major Banks,Finance
FCNCO,First Citizens BancShares Inc. 5.625% Non-Cumulative Perpetual Preferred Stock Series C,$19.07,-0.23,-1.192%,35954,215359798.00,United States,,Major Banks,Finance
FCNCP,First Citizens BancShares Inc. Depositary Shares,$18.36,-0.35,-1.871%,9202,207341683.00,United States,,Major Banks,Finance
FCPT,Four Corners Property Trust Inc. Common Stock,$22.03,0.00,0.00%,1075990,2417933624.00,United States,2015,Real Estate Investment Trusts,Real Estate
FCRS,FutureCrest Acquisition Corp. Class A Ordinary Shares,$10.23,-0.01,-0.098%,46414,0.00,,2025,Blank Checks,Finance
FCUV,Focus Universal Inc. Common Stock,$4.76,-0.22,-4.418%,12918,4674377.00,United States,,Industrial Machinery/Components,Industrials
FCX,Freeport-McMoRan Inc. Common Stock,$70.79,-1.17,-1.626%,10438763,101655680453.00,United States,,Metal Mining,Basic Materials
FDBC,Fidelity D & D Bancorp Inc. Common Stock,$55.07,0.23,0.419%,7174,319874536.00,United States,,Major Banks,Finance
FDMM,Freedom Metals Acquisition Corp. Class A Ordinary Shares,$9.82,-0.015,-0.153%,154,0.00,United States,2026,Blank Checks,Finance
FDMMU,Freedom Metals Acquisition Corp. Units,$9.98,0.00,0.00%,23,0.00,United States,2026,Blank Checks,Finance
FDMT,4D Molecular Therapeutics Inc. Common Stock,$14.49,-0.07,-0.481%,1376265,800488617.00,United States,2020,Biotechnology: Biological Products (No Diagnostic Substances),Health Care
FDS,FactSet Research Systems Inc. Common Stock,$259.97,-7.70,-2.877%,1287817,9245974214.00,United States,2000,Computer Software: Programming Data Processing,Technology
FDSB,Fifth District Bancorp Inc. Common Stock,$17.33,0.00,0.00%,7795,90733953.00,United States,2024,Savings Institutions,Finance
FDUS,Fidus Investment Corporation Common Stock,$19.53,0.40,2.091%,522662,741248729.00,United States,2011,Finance/Investors Services,Finance
FDX,FedEx Corporation Common Stock,$287.47,-2.18,-0.753%,1180341,68035649949.00,United States,,Air Freight/Delivery Services,Consumer Discretionary
FDXF,FedEx Freight Holding Company Inc. Common Stock,$112.06,-0.24,-0.214%,1111753,16755001984.00,United States,2026,Air Freight/Delivery Services,Consumer Discretionary
FE,FirstEnergy Corp. Common Stock,$43.64,0.62,1.441%,4135508,25251846632.00,United States,,Electric Utilities: Central,Utilities
FEAM,5E Advanced Materials Inc. Common Stock,$3.05,0.26,9.319%,856284,127024482.00,United States,,Mining & Quarrying of Nonmetallic Minerals (No Fuels),Industrials
FEBO,Fenbo Holdings Limited Class A Ordinary Shares,$0.6682,0.0318,4.997%,7804,7391963.00,Hong Kong,2023,Home Furnishings,Consumer Discretionary
FEDU,Four Seasons Education (Cayman) Inc. American Depositary Shares each ADS representing 10 ordinary shares,$10.00,0.00,0.00%,163,22614380.00,,2017,Other Consumer Services,Real Estate
FEIM,Frequency Electronics Inc. Common Stock,$84.15,1.66,2.012%,453075,948647101.00,United States,,Electrical Products,Industrials
FELE,Franklin Electric Co. Inc. Common Stock,$96.62,-0.96,-0.984%,297809,4271711652.00,United States,,Metal Fabrications,Consumer Discretionary
FEMY,Femasys Inc. Common Stock,$2.09,-0.29,-12.185%,278344,17503806.00,United States,2021,Medical/Dental Instruments,Health Care
FENC,Fennec Pharmaceuticals Inc. Common Stock,$10.80,-0.15,-1.37%,117758,378367200.00,United States,,Biotechnology: Biological Products (No Diagnostic Substances),Health Care
FENG,Phoenix New Media Limited American Depositary Shares each representing 48 Class A ordinary shares.,$1.41,-0.01,-0.704%,647,16935194.00,China,2011,Broadcasting,Industrials
FER,Ferrovial N.V. Ordinary Shares,$54.57,-1.20,-2.152%,2119181,39260809527.00,Netherlands,,Military/Government/Technical,Industrials
FERA,Fifth Era Acquisition Corp I Class A Ordinary Shares,$10.54,0.01,0.095%,350,0.00,Cayman Islands,2025,,
FERAR,Fifth Era Acquisition Corp I Rights,$0.275,0.005,1.852%,12504,0.00,Cayman Islands,2025,,
FERG,Ferguson Enterprises Inc. Common Stock,$223.87,-3.43,-1.509%,1361661,43308259755.00,United Kingdom,2021,Miscellaneous,Miscellaneous
FET,Forum Energy Technologies Inc. Common Stock,$80.47,-2.52,-3.037%,128727,923208089.00,United States,2012,Oil and Gas Field Machinery,Consumer Discretionary
FF,FutureFuel Corp.  Common shares,$5.06,-0.02,-0.394%,163829,221948389.00,United States,,Major Chemicals,Industrials
FFA,First Trust Enhanced Equity Income Fund Common Shares of Beneficial Interest,$22.19,0.08,0.362%,46576,0.00,United States,2004,Investment Managers,Finance
FFAI,Faraday Future Intelligent Electric Inc. Class A Common Stock,$1.30,-0.11,-7.801%,15215490,7965099.00,United States,2020,Auto Manufacturing,Industrials
FFBC,First Financial Bancorp. Common Stock,$31.45,-0.47,-1.472%,808885,3307499823.00,United States,,Major Banks,Finance
FFC,Flaherty & Crumrine Preferred and Income Securities Fund Incorporated,$15.07,0.14,0.938%,208999,0.00,United States,2003,Trusts Except Educational Religious and Charitable,Finance
FFIN,First Financial Bankshares Inc. Common Stock,$31.73,-0.32,-0.998%,1068245,4547781797.00,United States,,Major Banks,Finance
FFIV,F5 Inc. Common Stock,$438.07,2.51,0.576%,663872,24806669619.00,United States,1999,Computer Communications Equipment,Telecommunications
FG,F&G Annuities & Life Inc. Common Stock,$21.88,0.27,1.249%,435930,2864862373.00,United States,2022,Life Insurance,Finance
FGBI,First Guaranty Bancshares Inc. Common Stock,$8.40,0.27,3.321%,15680,138928390.00,United States,,Savings Institutions,Finance
FGBIP,First Guaranty Bancshares Inc. 6.75% Series A Fixed-Rate Non-Cumulative Perpetual Preferred Stock,$17.1849,-0.1651,-0.952%,6462,284222676.00,United States,,Savings Institutions,Finance
FGC,FG Communities Holdings Inc. Common Stock ,$6.24,-1.26,-16.80%,51830,29375518.00,United States,2014,Property-Casualty Insurers,Finance
FGCPP,FG Communities Holdings Inc. 8.00% Cumulative Preferred Stock,$24.50,-1.49,-5.733%,3526,115336568.00,United States,,Property-Casualty Insurers,Finance
FGI,FGI Industries Ltd. Ordinary Shares,$7.795,0.095,1.234%,16889,15054257.00,United States,2022,Industrial Specialties,Industrials
FGII,FG Imperii Acquisition Corp. Class A Ordinary Shares,$10.02,-0.01,-0.10%,126140,0.00,United States,2026,Blank Checks,Finance
FGL,Founder Group Limited Class A Ordinary Shares,$4.10,-0.12,-2.844%,28297,3405850.00,Malaysia,2024,Engineering & Construction,Consumer Discretionary
FGN,F&G Annuities & Life Inc. 7.950% Senior Notes due 2053,$23.85,-0.06,-0.251%,16360,3007450370.00,United States,2023,Life Insurance,Finance
FGSN,F&G Annuities & Life Inc. 7.300% Junior Subordinated Notes due 2065,$20.10,-0.15,-0.741%,18348,0.00,United States,2025,Life Insurance,Finance
FHB,First Hawaiian Inc. Common Stock,$24.82,-0.14,-0.561%,1971333,3020131157.00,United States,2016,Major Banks,Finance
FHI,Federated Hermes Inc. Common Stock,$57.52,-0.04,-0.069%,480647,4294459363.00,United States,,Investment Managers,Finance
FHN,First Horizon Corporation Common Stock,$23.10,-0.09,-0.388%,5180507,10944252350.00,United States,,Major Banks,Finance
FHN^E,First Horizon Corporation Depositary Shares each representing a 1/4000th interest in a share of Non-Cumulative Perpetual Preferred Stock Series E,$22.31,-0.3605,-1.59%,20825,,United States,,,
FHN^F,First Horizon Corporation Depositary Shares each representing 1/4000th Interest in a Share of Non-Cumulative Perpetual Preferred Stock Series F,$15.82,-0.14,-0.877%,6655,,United States,,,
FHN^H,First Horizon Corporation Depositary Shares each representing a 1/4000th interest in a share of Non-Cumulative Perpetual Preferred Stock Series H,$22.72,-0.18,-0.786%,28357,,United States,,,
FHTX,Foghorn Therapeutics Inc. Common Stock,$3.52,0.00,0.00%,376226,209036309.00,United States,2020,Biotechnology: Pharmaceutical Preparations,Health Care
FIBK,First Interstate BancSystem Inc. Common Stock (DE),$36.00,-0.33,-0.908%,1383909,3430965852.00,United States,2010,Major Banks,Finance
FICO,Fair Isaac Corporation Common Stock,$617.87,-223.02,-26.522%,4914517,13344530737.00,United States,,Business Services,Consumer Discretionary
FIEE,FiEE Inc Common Stock,$3.53,-0.11,-3.022%,7276,30105951.00,United States,,Telecommunications Equipment,Utilities
FIG,Figma Inc. Class A Common Stock,$20.72,0.47,2.321%,11148731,11043964444.00,United States,2025,Computer Software: Prepackaged Software,Technology
FIGR,Figure Technology Solutions Inc. Class A Common Stock,$29.30,-0.03,-0.102%,4663098,6574271650.00,U.S. Virgin Islands,2025,Finance: Consumer Services,Finance
FIGS,FIGS Inc. Class A Common Stock,$14.06,0.44,3.231%,2626440,2335931803.00,United States,2021,Apparel,Consumer Discretionary
FIGX,FIGX Capital Acquisition Corp. Class A Ordinary Share,$10.33,0.00,0.00%,50,0.00,United States,2025,Blank Checks,Finance
FIGXU,FIGX Capital Acquisition Corp. Units,$10.3601,0.00,0.00%,201,0.00,United States,2025,Blank Checks,Finance
FINS,Angel Oak Financial Strategies Income Term Trust Common Shares of Beneficial Interest,$11.86,0.00,0.00%,58831,297242887.00,,2019,Finance/Investors Services,Finance
FINV,FinVolution Group American Depositary Shares,$3.04,-0.03,-0.977%,420941,717725766.00,United States,2017,Finance: Consumer Services,Finance
FINW,FinWise Bancorp Common Stock,$11.26,-0.13,-1.141%,25998,156318977.00,United States,2021,Major Banks,Finance
FIP,FTAI Infrastructure Inc. Common Stock ,$2.82,-0.07,-2.422%,1154160,333272498.00,United States,,Railroads,Industrials
FIRY,Firy Inc. Class A Common Stock,$12.55,0.04,0.32%,119812,208609325.00,United States,2020,EDP Services,Technology
FIS,Fidelity National Information Services Inc. Common Stock,$33.35,-0.96,-2.798%,7427590,17198792332.00,United States,,Business Services,Consumer Discretionary
FISI,Financial Institutions Inc. Common Stock,$39.29,-0.26,-0.657%,98986,774262884.00,United States,1999,Major Banks,Finance
FISN,Deep Fission Inc. Common Stock,$5.245,-0.175,-3.229%,437078,308961645.00,United States,2026,Electric Utilities: Central,Utilities
FISV,Fiserv Inc. Common Stock,$45.36,-0.66,-1.434%,8713842,24120938465.00,United States,1986,Business Services,Consumer Discretionary
FITB,Fifth Third Bancorp Common Stock,$50.97,-0.60,-1.163%,6212943,46224313987.00,United States,,Major Banks,Finance
FITB^A,Fifth Third Bancorp Depositary Shares each representing 1/40th share of Fifth Third 6.00% Non-Cumulative Perpetual Class B Preferred Stock Series A,$21.00,-0.15,-0.709%,20741,,United States,,,
FITB^I,Fifth Third Bancorp Depositary Share repstg 1/1000th Ownership Interest Perp Pfd Series I,$25.46,0.21,0.832%,64774,,United States,,,
FITB^K,Fifth Third Bancorp Depositary Shares each representing a 1/1000th ownership interest in a share of Non-Cumulative Perpetual Preferred Stock Series K,$18.18,-0.11,-0.601%,77695,,United States,,,
FITB^M,Fifth Third Bancorp Depositary Shares Representing a 1/40th Ownership Interest in a Share of 6.875% Fixed-Rate Reset Non-Cumulative Perpetual Preferred Stock Series M,$24.90,-0.1273,-0.509%,16380,,United States,,,
FIVE,Five Below Inc. Common Stock,$222.03,-5.97,-2.618%,654353,12223647391.00,United States,2012,Department/Specialty Retail Stores,Consumer Discretionary
FIVN,Five9 Inc. Common Stock,$34.01,-0.65,-1.875%,1900163,2541347289.00,United States,2014,EDP Services,Technology
FIX,Comfort Systems USA Inc. Common Stock,$1665.05,6.75,0.407%,276056,58600317501.00,United States,1997,Engineering & Construction,Industrials
FIZZ,National Beverage Corp. Common Stock,$29.61,0.04,0.135%,347087,2771949092.00,United States,,Beverages (Production/Distribution),Consumer Staples
FJDI,ARC Group Securities Acquisition I Class A Ordinary Shares,$9.86,0.01,0.102%,312247,0.00,United States,2026,,
FJDIR,ARC Group Securities Acquisition I Rights,$0.16,0.008,5.263%,214060,0.00,United States,2026,,
FJDIU,ARC Group Securities Acquisition I Units,$10.05,0.0301,0.30%,186132,0.00,United States,2026,,
FJET,Starfighters Space Inc. Common Stock,$1.85,0.01,0.543%,1143921,101742635.00,United States,2025,Air Freight/Delivery Services,Consumer Discretionary
FKWL,Franklin Wireless Corp. Common Stock,$2.395,-0.025,-1.033%,3651,28223351.00,United States,,Telecommunications Equipment,Utilities
FLC,Flaherty & Crumrine Total Return Fund Inc Common Stock,$15.61,0.01,0.064%,27178,0.00,United States,2003,Trusts Except Educational Religious and Charitable,Finance
FLD,Fold Holdings Inc. Class A Common Stock,$0.5401,0.03,5.881%,148655,29634437.00,United States,2025,Finance: Consumer Services,Finance
FLDDW,Fold Holdings Inc. Warrant,$0.1133,0.0379,50.265%,862,6216593.00,United States,2025,Finance: Consumer Services,Finance
FLEX,Flex Ltd. Ordinary Shares,$113.83,0.79,0.699%,2159389,42049140986.00,Singapore,1994,Electrical Products,Technology
FLG,Flagstar Bank N.A. Common Stock,$11.84,-0.20,-1.661%,6894450,4914699178.00,United States,,Banks,Finance
FLG^A,Flagstar Bank N.A. Depositary shares each representing a 1/40th interest in a share of Fixed-to-Floating Rate Series A Noncumulative Perpetual Preferred Stock,$23.62,-0.11,-0.464%,25888,,United States,,,
FLG^U,Flagstar Bank N.A. Bifurcated Option Note Unit SecuritiES,$38.00,0.21,0.556%,2857,,United States,,,
FLGT,Fulgent Genetics Inc. Common Stock,$22.08,-0.28,-1.252%,234868,607537669.00,United States,2016,Medical Specialities,Health Care
FLL,Full House Resorts Inc. Common Stock,$1.51,-0.09,-5.625%,295596,55333165.00,United States,,Hotels/Resorts,Consumer Discretionary
FLNA,Filana Therapeutics Inc. Common Stock,$0.9247,0.0715,8.38%,1203689,44670311.00,United States,,Biotechnology: Pharmaceutical Preparations,Health Care
FLNC,Fluence Energy Inc. Class A Common Stock,$7.82,0.32,4.267%,7244172,1443543606.00,United States,2021,Industrial Machinery/Components,Miscellaneous
FLNG,FLEX LNG Ltd. Ordinary Shares,$30.85,0.05,0.162%,314086,1668749800.00,,2019,Marine Transportation,Consumer Discretionary
FLNT,Fluent Inc. Common Stock,$3.21,0.125,4.052%,26432,101458746.00,United States,,Advertising,Consumer Discretionary
FLO,Flowers Foods Inc. Common Stock,$5.68,0.03,0.531%,6693167,1204486134.00,United States,,Packaged Foods,Consumer Staples
FLOC,Flowco Holdings Inc. Class A Common Stock,$18.04,-0.94,-4.953%,721087,1629972233.00,United States,2025,Oil and Gas Field Machinery,Consumer Discretionary
FLR,Fluor Corporation Common Stock,$49.83,0.61,1.239%,2903526,6664317369.00,United States,,Military/Government/Technical,Industrials
FLS,Flowserve Corporation Common Stock,$73.81,-0.28,-0.378%,1123424,9382194292.00,United States,,Fluid Controls,Industrials
FLUT,Flutter Entertainment plc Ordinary Shares,$74.45,-2.18,-2.845%,3932451,13042233937.00,Ireland,2024,Computer Software: Programming Data Processing,Technology
FLUX,Flux Power Holdings Inc. Common Stock,$0.4514,-0.0076,-1.656%,123796,9760009.00,United States,,Industrial Machinery/Components,Miscellaneous
FLWS,1-800-FLOWERS.COM Inc. Common Stock,$2.60,-0.04,-1.515%,273794,166881250.00,United States,1999,Other Specialty Stores,Consumer Discretionary
FLX,BingEx Limited American Depositary Shares,$1.59,0.20,14.388%,123493,116276557.00,China,2024,Trucking Freight/Courier Services,Industrials
FLXS,Flexsteel Industries Inc. Common Stock,$86.36,-1.17,-1.337%,70559,353362753.00,United States,,Home Furnishings,Consumer Discretionary
FLY,Firefly Aerospace Inc. Common Stock,$22.86,-1.25,-5.185%,3048762,3826870185.00,United States,2025,Military/Government/Technical,Industrials
FLYE,Fly-E Group Inc. Common Stock,$1.42,-0.01,-0.699%,6315,2317988.00,United States,2024,Aerospace,Industrials
FLYW,Flywire Corporation Voting Common Stock,$17.33,0.03,0.173%,1678357,2108500790.00,United States,2021,Business Services,Consumer Discretionary
FLYX,flyExclusive Inc. Class A Common Stock,$1.28,0.05,4.065%,90993,130664637.00,,2023,Transportation Services,Consumer Discretionary
FMAC,Future Money Acquisition Corporation Ordinary Shares,$10.06,0.00,0.00%,50,0.00,United States,2026,Blank Checks,Finance
FMACR,Future Money Acquisition Corporation Rights,$0.15,-0.01,-6.25%,1300,0.00,United States,2026,Blank Checks,Finance
FMACU,Future Money Acquisition Corporation Units,$10.20,-0.1082,-1.05%,575,0.00,United States,2026,Blank Checks,Finance
FMAO,Farmers & Merchants Bancorp Inc. Common Stock,$34.71,-0.25,-0.715%,38931,478066453.00,United States,,Savings Institutions,Finance
FMBH,First Mid Bancshares Inc. Common Stock,$48.88,-0.51,-1.033%,135683,1300301459.00,United States,,Major Banks,Finance
FMC,FMC Corporation Common Stock,$9.09,-0.12,-1.303%,3152642,1138311967.00,United States,,Major Chemicals,Industrials
FMFC,Kandal M Venture Limited Class A Ordinary Shares,$0.1826,-0.0031,-1.669%,69439,3889380.00,Cambodia,2025,Apparel,Consumer Discretionary
FMN,Federated Hermes Premier Municipal Income Fund,$9.83,-0.06,-0.607%,103640,847885176.00,United States,2002,Investment Managers,Finance
FMNB,Farmers National Banc Corp. Common Stock,$15.21,-0.05,-0.328%,407105,901155570.00,United States,,Major Banks,Finance
FMS,Fresenius Medical Care AG American Depositary Shares (Each representing 1/2 of an Ordinary Share),$22.27,-0.68,-2.963%,1379145,12439526938.00,Germany,,Misc Health and Biotechnology Services,Health Care
FMST,Foremost Clean Energy Ltd. Common Shares,$0.6611,-0.0089,-1.328%,62416,19888957.00,Canada,,Other Metals and Minerals,Basic Materials
FMX,Fomento Economico Mexicano S.A.B. de C.V. Common Stock,$119.61,0.76,0.639%,383501,40748910387.00,Mexico,,Beverages (Production/Distribution),Consumer Staples
FMY,First Trust Mortgage Income Fund Common Shares of Beneficial Interest,$11.14,-0.135,-1.197%,1666,0.00,United States,2005,Finance/Investors Services,Finance
FN,Fabrinet Ordinary Shares,$424.12,14.16,3.454%,755753,15198282520.00,Cayman Islands,2010,Telecommunications Equipment,Utilities
FNB,F.N.B. Corporation Common Stock,$17.32,-0.11,-0.631%,4990257,6113976835.00,United States,,Major Banks,Finance
FND,Floor & Decor Holdings Inc. Common Stock,$47.07,0.71,1.531%,1988025,5012482653.00,United States,2017,RETAIL: Building Materials,Consumer Discretionary
FNF,Fidelity National Financial Inc. Common Stock,$41.16,0.08,0.195%,3917401,11038816759.00,United States,2014,Specialty Insurers,Finance
FNGR,FingerMotion Inc. Common Stock,$0.1377,-0.0038,-2.686%,109843821,10355678.00,United States,,Computer Software: Prepackaged Software,Technology
FNKO,Funko Inc. Class A Common Stock,$5.33,-0.13,-2.381%,632900,298457433.00,United States,2017,Recreational Games/Products/Toys,Consumer Discretionary
FNLC,First Bancorp Inc  (ME) Common Stock,$33.77,-0.53,-1.545%,37645,381004622.00,United States,,Major Banks,Finance
FNRN,First Northern Community Bancorp Common stock,$17.30,0.06,0.348%,121920,283638742.00,United States,,Savings Institutions,Finance
FNUC,Frontier Nuclear and Minerals Inc. Common Shares,$1.38,-0.03,-2.128%,341897,49540683.00,Canada,2021,Other Metals and Minerals,Basic Materials
FNV,Franco-Nevada Corporation,$247.94,2.13,0.867%,585522,47821132451.00,Canada,,Precious Metals,Basic Materials
FNWB,First Northwest Bancorp Common Stock,$10.01,-0.03,-0.299%,20444,95211266.00,United States,2015,Banks,Finance
FNWD,Finward Bancorp Common Stock,$42.17,-0.28,-0.66%,5567,182722694.00,United States,,Savings Institutions,Finance
FOA,Finance of America Companies Inc. Class A Common Stock,$13.02,-0.36,-2.691%,81429,225335708.00,United States,2021,Finance: Consumer Services,Finance
FOCL,EDAP TMS S.A. American Depositary Shares,$4.54,0.01,0.221%,65028,170376893.00,France,,Biotechnology: Electromedical & Electrotherapeutic Apparatus,Health Care
FOF,Cohen & Steers Closed-End Opportunity Fund Inc. Common Stock,$12.34,0.12,0.982%,118145,606370670.00,United States,2006,Investment Managers,Finance
FOFO,Hang Feng Technology Innovation Co. Ltd. Ordinary Shares,$2.12,0.06,2.913%,42642,16050685.00,Hong Kong,2025,Professional Services,Consumer Discretionary
FOIL,Londian Wason New Energy Tech Inc. American Depositary Shares each representing five Ordinary Shares,$19.39,2.25,13.127%,83418,1515492093.00,,2026,Industrial Specialties,Industrials
FOR,Forestar Group Inc Common Stock ,$26.06,-0.23,-0.875%,153118,1329519360.00,United States,2017,Real Estate,Finance
FORM,FormFactor Inc. FormFactor Inc. Common Stock,$136.25,5.28,4.031%,1271158,10643948781.00,United States,2003,Semiconductors,Technology
FORR,Forrester Research Inc. Common Stock,$11.59,0.26,2.295%,111348,220662010.00,United States,1996,Diversified Commercial Services,Industrials
FORTY,Formula Systems (1985) Ltd. American Depositary Shares,$114.99,0.00,0.00%,51,1761378528.00,Israel,,EDP Services,Technology
FOSL,Fossil Group Inc. Common Stock,$6.16,0.14,2.326%,477503,364290400.00,United States,1993,Consumer Specialties,Consumer Discretionary
FOUR,Shift4 Payments Inc. Class A Common Stock,$37.08,0.05,0.135%,1550643,2927841250.00,United States,2020,Business Services,Consumer Discretionary
FOUR^A,Shift4 Payments Inc. 6.00% Series A Mandatory Convertible Preferred Stock,$51.02,-0.24,-0.468%,57206,,United States,,,
FOX,Fox Corporation Class B Common Stock,$55.83,-0.72,-1.273%,644222,23542038316.00,United States,,Broadcasting,Industrials
FOXA,Fox Corporation Class A Common Stock,$62.48,-0.58,-0.92%,3618676,26346167903.00,United States,,Broadcasting,Industrials
FOXF,Fox Factory Holding Corp. Common Stock,$18.70,-0.04,-0.213%,880632,785979719.00,United States,2013,Motor Vehicles,Consumer Discretionary
FOXX,Foxx Development Holdings Inc. Common Stock,$2.543,-0.027,-1.051%,943,17991489.00,United States,,Computer Communications Equipment,Telecommunications
FOXXW,Foxx Development Holdings Inc. Warrant,$0.0653,0.00,0.00%,16,461991.00,United States,,Computer Communications Equipment,Telecommunications
FPF,First Trust Intermediate Duration Preferred & Income Fund Common Shares of Beneficial Interest,$16.11,0.07,0.436%,367474,0.00,United States,2013,Trusts Except Educational Religious and Charitable,Finance
FPH,Five Point Holdings LLC Class A Common Shares,$4.72,-0.05,-1.048%,174696,697992014.00,United States,2017,Real Estate,Finance
FPI,Farmland Partners Inc. Common Stock,$11.09,0.35,3.259%,1151620,483864707.00,United States,2014,Real Estate Investment Trusts,Real Estate
FPS,Forgent Power Solutions Inc. Class A Common Stock,$37.20,0.61,1.667%,9651615,11324754671.00,United States,2026,Industrial Machinery/Components,Energy
FR,First Industrial Realty Trust Inc. Common Stock,$61.15,-0.11,-0.18%,1398116,8106835648.00,United States,1994,Real Estate Investment Trusts,Real Estate
FRA,Blackrock Floating Rate Income Strategies Fund Inc  Common Stock,$10.63,0.19,1.82%,263570,1581345067.00,United States,2003,Investment Bankers/Brokers/Service,Finance
FRAF,Franklin Financial Services Corporation Common Stock,$62.47,-0.28,-0.446%,27583,281088888.00,United States,,Major Banks,Finance
FRBA,First Bank Common Stock,$17.46,-0.22,-1.244%,60973,438846676.00,United States,2013,Major Banks,Finance
FRBT,Forbright Inc. Class A Common Stock,$17.07,-0.03,-0.175%,147986,866547967.00,United States,2026,Major Banks,Finance
FRD,Friedman Industries Inc. Common Stock,$38.74,-0.68,-1.725%,43686,279423523.00,United States,,Steel/Iron Ore,Industrials
FRGT,Freight Technologies Inc. Ordinary Shares,$0.3025,-0.0275,-8.333%,1182863,173068.00,United States,2017,Integrated Freight & Logistics,Industrials
FRHC,Freedom Holding Corp. Common Stock,$169.98,-4.39,-2.518%,78779,10842627467.00,Kazakhstan,,Investment Bankers/Brokers/Service,Finance
FRME,First Merchants Corporation Common Stock,$40.075,-0.295,-0.731%,353325,2516767027.00,United States,,Major Banks,Finance
FRMEP,First Merchants Corporation Depository Shares,$25.20,0.00,0.00%,17,1582595860.00,United States,,Major Banks,Finance
FRMI,Fermi Inc. Common Stock,$4.28,0.02,0.469%,15748227,2741200249.00,United States,2025,Real Estate Investment Trusts,Real Estate
FRMM,Forum Markets Incorporated Common Stock,$4.83,-0.03,-0.617%,40290,63750919.00,United States,2017,Finance: Consumer Services,Finance
FRNM,Freenome Inc. Common stock,$15.92,-0.27,-1.668%,508231,1710553279.00,United States,,Medical Specialities,Health Care
FRO,Frontline Plc Ordinary Shares,$48.93,0.83,1.726%,2580691,10892937959.00,Bermuda,,Marine Transportation,Consumer Discretionary
FROG,JFrog Ltd. Ordinary Shares,$90.37,1.56,1.757%,1391374,11142739475.00,United States,2020,Computer Software: Prepackaged Software,Technology
FRPH,FRP Holdings Inc. Common Stock,$21.06,-0.03,-0.142%,59553,404316219.00,United States,,Real Estate,Finance
FRPT,Freshpet Inc. Common Stock,$57.15,-0.02,-0.035%,936691,2746518929.00,United States,2014,Packaged Foods,Consumer Staples
FRSH,Freshworks Inc. Class A Common Stock,$12.58,0.05,0.399%,4726314,3282383312.00,United States,2021,Computer Software: Prepackaged Software,Technology
FRST,Primis Financial Corp. Common Stock,$15.37,-0.17,-1.094%,81290,381161737.00,United States,2006,Major Banks,Finance
FRSX,Foresight Autonomous Holdings Ltd. American Depositary Shares,$1.15,-0.03,-2.542%,46707,3427359.00,Israel,,Computer Software: Prepackaged Software,Technology
FRT,Federal Realty Investment Trust Common Stock,$109.39,-0.44,-0.401%,1021624,9504802259.00,United States,,Real Estate Investment Trusts,Real Estate
FRT^C,Federal Realty Investment Trust Depositary Shares each representing a 1/1000th interest in a 5.000% Series C Cumulative Redeemable Preferred Share,$18.345,-0.075,-0.407%,13293,,United States,,,
FRTT,Fort Technology Inc. Common Shares,$0.8396,-0.0602,-6.69%,235925,12629752.00,Canada,,Agricultural Chemicals,Industrials
FRVO,Fervo Energy Company Class A common stock,$13.75,-0.355,-2.517%,10209633,4052993986.00,United States,2026,Electric Utilities: Central,Utilities
FSBC,Five Star Bancorp Common Stock,$42.36,-1.02,-2.351%,222108,1039370969.00,United States,2021,Major Banks,Finance
FSBW,FS Bancorp Inc. Common Stock,$43.83,-0.64,-1.439%,23971,344597947.00,United States,2012,Banks,Finance
FSCO,FS Credit Opportunities Corp. Common Stock,$5.18,0.14,2.778%,1087782,1027483562.00,United States,2022,Trusts Except Educational Religious and Charitable,Finance
FSEA,First Seacoast Bancorp Inc. Common Stock,$17.25,0.00,0.00%,19830,81151331.00,United States,2019,Savings Institutions,Finance
FSHP,Flag Ship Acquisition Corp. Ordinary Shares,$11.29,0.00,0.00%,22347,0.00,United States,2024,,
FSHPR,Flag Ship Acquisition Corp. Right,$0.0875,0.00,0.00%,364,0.00,United States,2024,,
FSI,Flexible Solutions International Inc. Common Stock (CDA),$5.77,-0.03,-0.517%,16409,73697313.00,Canada,2002,Major Chemicals,Industrials
FSK,FS KKR Capital Corp. Common Stock,$11.11,-0.05,-0.448%,2345039,3070140511.00,United States,2014,Investment Managers,Finance
FSLR,First Solar Inc. Common Stock,$176.93,3.96,2.289%,2405832,19014629591.00,United States,2006,Semiconductors,Technology
FSLY,Fastly Inc. Class A Common Stock,$25.48,0.56,2.247%,4049716,4058964000.00,United States,,Computer Software: Prepackaged Software,Technology
FSM,Fortuna Mining Corp. Common Shares,$11.35,0.14,1.249%,3560865,3456726342.00,Canada,,Precious Metals,Basic Materials
FSP,Franklin Street Properties Corp. Common Stock,$0.36,0.0179,5.232%,483295,37444215.00,United States,,Real Estate Investment Trusts,Real Estate
FSS,Federal Signal Corporation Common Stock,$114.26,-0.75,-0.652%,354108,6974614473.00,United States,,Auto Manufacturing,Industrials
FSSL,FS Specialty Lending Fund Common Shares of Beneficial Interest,$11.68,0.20,1.742%,323536,0.00,United States,2025,Finance/Investors Services,Finance
FSTR,L.B. Foster Company Common Stock,$37.36,-0.24,-0.638%,54038,393018346.00,United States,,Metal Fabrications,Industrials
FSUN,FirstSun Capital Bancorp Common Stock,$38.62,-0.65,-1.655%,347599,1799073037.00,United States,,Major Banks,Finance
FSV,FirstService Corporation Common Shares,$129.20,0.18,0.14%,154611,5642134284.00,Canada,,Real Estate,Finance
FT,Franklin Universal Trust Common Stock,$7.05,0.10,1.439%,81560,177179853.00,United States,,Trusts Except Educational Religious and Charitable,Finance
FTAI,FTAI Aviation Ltd. Common Stock,$168.93,1.83,1.095%,914319,17350308883.00,United States,,Misc Corporate Leasing Services,Industrials
FTAIM,FTAI Aviation Ltd. 9.500% Fixed-Rate Reset Series D Cumulative Perpetual Redeemable Preferred Shares,$27.07,-0.0419,-0.155%,1494,2780280953.00,United States,,Misc Corporate Leasing Services,Industrials
FTCI,FTC Solar Inc. Common Stock,$2.15,-0.23,-9.664%,1576456,35521001.00,United States,2021,Semiconductors,Technology
FTDR,Frontdoor Inc. Common Stock,$73.38,0.46,0.631%,639192,5055391528.00,United States,,Diversified Commercial Services,Consumer Discretionary
FTEK,Fuel Tech Inc. Common Stock,$1.64,-0.01,-0.606%,122099,51195534.00,United States,,Pollution Control Equipment,Industrials
FTF,Franklin Limited Duration Income Trust Common Shares of Beneficial Interest,$5.36,0.03,0.563%,205817,216572805.00,United States,2003,Finance/Investors Services,Finance
FTFT,Future FinTech Group Inc. Common Stock,$3.77,-0.42,-10.024%,104339,35343750.00,China,,Business Services,Consumer Discretionary
FTH,Faeth Therapeutics Inc. Common Stock,$28.07,0.30,1.08%,250827,725340730.00,United States,2021,Biotechnology: Pharmaceutical Preparations,Health Care
FTHA,Forefront Tech Holdings Acquisition Corp Class A Ordinary Shares,$9.98,0.00,0.00%,127,0.00,Cayman Islands,2026,Blank Checks,Finance
FTHM,Fathom Holdings Inc. Common Stock,$0.498,-0.0394,-7.332%,1024612,17035205.00,United States,2020,Real Estate,Finance
FTHY,First Trust High Yield Opportunities 2027 Term Fund Common Stock,$12.90,0.05,0.389%,132782,474371558.00,United States,2020,Investment Managers,Finance
FTI,TechnipFMC plc Ordinary Share,$68.85,-1.77,-2.506%,2472763,27000518114.00,,,Oil and Gas Field Machinery,Consumer Discretionary
FTK,Flotek Industries Inc. Common Stock,$28.50,0.07,0.246%,267729,1032282227.00,United States,,Major Chemicals,Industrials
FTLF,FitLife Brands Inc. Common Stock,$9.09,-0.20,-2.153%,4709,85364844.00,United States,, Medicinal Chemicals and Botanical Products ,Health Care
FTNT,Fortinet Inc. Common Stock,$175.96,-0.37,-0.21%,2488623,129104254382.00,United States,2009,Computer peripheral equipment,Technology
FTRA,FutureCorp Space Acquisition 1 Class A Ordinary Shares,$9.87,0.005,0.051%,1369,0.00,,2026,,
FTRE,Fortrea Holdings Inc. Common Stock,$19.74,-0.32,-1.595%,1170669,1877274000.00,United States,,Medical Specialities,Health Care
FTS,Fortis Inc. Common Shares,$53.06,-0.06,-0.113%,1151489,27108354000.00,United States,2016,Electric Utilities: Central,Utilities
FTV,Fortive Corporation Common Stock ,$55.41,-0.35,-0.628%,1565162,16734764851.00,United States,2016,Industrial Machinery/Components,Industrials
FTW,Presidio Production Company Class A Common Stock,$10.19,0.04,0.394%,36038,319210055.00,,,Oil & Gas Production,Energy
FUBO,FuboTV Inc. Class A Common Stock,$9.09,-0.36,-3.81%,970552,992598867.00,United States,2020,Movies/Entertainment,Consumer Discretionary
FUFU,BitFuFu Inc. Class A Ordinary Shares,$1.40,0.03,2.19%,64541,233315037.00,Singapore,,Finance: Consumer Services,Finance
FUFUW,BitFuFu Inc. Warrant,$0.172,-0.0279,-13.957%,330,28664419.00,Singapore,,Finance: Consumer Services,Finance
FUL,H. B. Fuller Company Common Stock,$49.60,0.23,0.466%,1644853,2669924302.00,United States,,Home Furnishings,Industrials
FULC,Fulcrum Therapeutics Inc. Common Stock,$3.70,-0.02,-0.538%,1842670,282299851.00,United States,2019,Biotechnology: Pharmaceutical Preparations,Health Care
FULT,Fulton Financial Corporation Common Stock,$22.65,-0.32,-1.393%,1871232,4324214852.00,United States,,Major Banks,Finance
FULTP,Fulton Financial Corporation Depositary Shares Each Representing a 1/40th Interest in a Share of Fixed Rate Non-Cumulative Perpetual Preferred Stock Series A,$17.37,0.02,0.115%,8255,3316185959.00,United States,,Major Banks,Finance
FUN,Six Flags Entertainment Corporation Common Stock New,$10.86,-0.68,-5.893%,3542942,1111155148.00,United States,,Services-Misc. Amusement & Recreation,Consumer Discretionary
FUNC,First United Corporation Common Stock,$43.42,-0.42,-0.958%,22636,280225559.00,United States,,Major Banks,Finance
FUND,Sprott Focus Trust Inc. Common Stock,$9.69,0.01,0.103%,11858,287149167.00,United States,,Investment Managers,Finance
FURY,Fury Gold Mines Limited Common Shares,$0.524,-0.0061,-1.151%,156941,99629270.00,,2020,Precious Metals,Basic Materials
FUSB,First US Bancshares Inc. Common Stock,$16.55,0.10,0.608%,3695,91102934.00,United States,,Major Banks,Finance
FUSE,Fusemachines Inc. Common stock,$0.5564,-0.0936,-14.40%,1746500,16127422.00,United States,,EDP Services,Technology
FUSEW,Fusemachines Inc. Warrants,$0.0401,-0.0099,-19.80%,897,1162311.00,United States,,EDP Services,Technology
FUTU,Futu Holdings Limited American Depositary Shares,$112.98,0.71,0.632%,1525464,15836138498.00,Hong Kong,2019,Investment Bankers/Brokers/Service,Finance
FVAV,Fortress Value Acquisition Corp. V Class A Ordinary Shares,$10.25,-0.03,-0.292%,660,0.00,United States,2026,,
FVCB,FVCBankcorp Inc. Common Stock,$17.59,-0.16,-0.901%,79838,317221666.00,United States,,Major Banks,Finance
FVN,Future Vision II Acquisition Corporation Ordinary shares,$9.33,-0.33,-3.416%,684,0.00,China,2024,,
FVNNR,Future Vision II Acquisition Corporation Right,$0.19,0.00,0.00%,14,0.00,China,2024,Blank Checks,Finance
FVNNU,Future Vision II Acquisition Corporation Units,$12.70,1.70,15.455%,1863,0.00,China,2024,,
FVR,FrontView REIT Inc. Common Stock,$17.00,-0.64,-3.628%,338752,415751201.00,United States,2024,Real Estate Investment Trusts,Real Estate
FVRR,Fiverr International Ltd. Ordinary Shares no par value,$8.55,-0.01,-0.117%,589943,307378724.00,,2019,Business Services,Consumer Discretionary
FWAC,Futurewave Acquisition Corporation Ordinary Shares,$9.95,0.01,0.101%,188125,0.00,United States,2026,Blank Checks,Finance
FWACR,Futurewave Acquisition Corporation Rights,$0.12,-0.0125,-9.434%,242273,0.00,United States,2026,Blank Checks,Finance
FWACW,Futurewave Acquisition Corporation Warrants,$0.02,-0.02,-50.00%,53685,0.00,United States,2026,Blank Checks,Finance
FWDI,Forward Industries Inc. Common Stock,$8.01,-0.04,-0.497%,1815719,611068602.00,United States,,Finance: Consumer Services,Finance
FWONA,Liberty Media Corporation Series A Common Stock,$85.35,-1.27,-1.466%,219686,21397969195.00,United States,,Broadcasting,Industrials
FWONK,Liberty Media Corporation Series C Common Stock,$93.08,-1.78,-1.876%,2092620,23335945784.00,United States,,Broadcasting,Industrials
FWRD,Forward Air Corporation Common Stock,$15.01,-0.26,-1.703%,578206,507050739.00,United States,,Integrated Freight & Logistics,Industrials
FWRG,First Watch Restaurant Group Inc. Common Stock,$10.38,0.23,2.266%,1233125,640575075.00,United States,2021,Restaurants,Consumer Discretionary
FXAC,FortuneX Acquisition Corporation Ordinary shares,$10.08,0.00,0.00%,184,0.00,United States,2026,Blank Checks,Finance
FXHO,UTime Limited Class A Ordinary Shares,$9.25,-0.28,-2.938%,48684,252306062.00,China,2021,Consumer Electronics/Appliances,Technology
FXNC,First National Corporation Common Stock,$29.91,-0.07,-0.233%,20677,270465033.00,United States,,Major Banks,Finance
G,Genpact Limited Common Stock,$32.24,-0.36,-1.104%,1586443,5417429282.00,Bermuda,2007,Professional Services,Consumer Discretionary
GAB,Gabelli Equity Trust Inc. (The) Common Stock,$5.25,-0.05,-0.943%,915834,1542540368.00,United States,1986,Investment Managers,Finance
GAB^G,Gabelli Equity Trust Inc. (The) Series G Cumulative Preferred Stock,$18.29,-0.01,-0.055%,8683,,United States,,,
GAB^H,Gabelli Equity Trust Inc. (The) Pfd Ser H,$18.27,0.02,0.11%,40521,,United States,,,
GAB^K,Gabelli Equity Trust Inc. (The) 5.00% Series K Cumulative Preferred Stock,$18.2999,0.0399,0.219%,3312,,United States,,,
GABC,German American Bancorp Inc. Common Stock,$48.82,-0.53,-1.074%,127264,1834597407.00,United States,,Major Banks,Finance
GAIA,Gaia Inc. Class A Common Stock,$1.385,-0.035,-2.465%,66265,35214723.00,United States,1999,Movies/Entertainment,Consumer Discretionary
GAIN,Gladstone Investment Corporation Business Development Company,$15.83,0.12,0.764%,149909,630381738.00,United States,2005,Finance: Consumer Services,Finance
GAING,Gladstone Investment Corporation 7.125% Notes due 2031,$25.14,0.09,0.359%,4525,0.00,United States,,Finance: Consumer Services,Finance
GAINI,Gladstone Investment Corporation 7.875% Notes due 2030,$25.43,0.038,0.15%,8176,0.00,United States,,Finance: Consumer Services,Finance
GAINZ,Gladstone Investment Corporation 4.875% Notes due 2028,$24.17,-0.05,-0.206%,5994,923758789.00,United States,,Finance: Consumer Services,Finance
GALT,Galectin Therapeutics Inc. Common Stock,$3.91,-0.02,-0.509%,174418,394322108.00,United States,,Biotechnology: Pharmaceutical Preparations,Health Care
GAM,General American Investors Inc. Common Stock,$63.74,-0.24,-0.375%,44364,1528205381.00,United States,,Investment Managers,Finance
GAM^B,General American Investors Company Inc. Cumulative Preferred Stock,$22.48,-0.1584,-0.70%,31420,,United States,,,
GAME,GameSquare Holdings Inc. Common Stock,$3.08,-0.03,-0.965%,76064,40238112.00,United States,,Services-Misc. Amusement & Recreation,Consumer Discretionary
GANX,Gain Therapeutics Inc. Common Stock,$1.68,-0.09,-5.085%,1289924,73321280.00,United States,2021,Biotechnology: Pharmaceutical Preparations,Health Care
GAP,Gap Inc. (The) Common Stock,$23.54,0.59,2.571%,8330145,8268899025.00,United States,,Clothing/Shoe/Accessory Stores,Consumer Discretionary
GASS,StealthGas Inc. Common Stock,$8.89,0.02,0.225%,50894,330580749.00,Greece,2005,Marine Transportation,Consumer Discretionary
GATX,GATX Corporation Common Stock,$175.86,-5.40,-2.979%,224466,6207858000.00,United States,,Transportation Services,Consumer Discretionary
GAU,Galiano Gold Inc.,$1.98,0.05,2.591%,2653230,517951693.00,Canada,,Mining & Quarrying of Nonmetallic Minerals (No Fuels),Industrials
GAUZ,Gauzy Ltd. Ordinary Shares,$5.50,-0.39,-6.621%,18431,6321601.00,Israel,2024,Industrial Machinery/Components,Miscellaneous
GBAB,Guggenheim Taxable Municipal Bond & Investment Grade Debt Trust Common Shares of Beneficial Interest,$12.39,-0.15,-1.196%,261117,277497653.00,United States,2010,Investment Managers,Finance
GBCI,Glacier Bancorp Inc. Common Stock,$43.67,-0.39,-0.885%,1349496,5686355988.00,United States,,Major Banks,Finance
GBDC,Golub Capital BDC Inc. Common Stock,$12.65,0.16,1.281%,1325281,3284592601.00,United States,2010,Finance: Consumer Services,Finance
GBFH,GBank Financial Holdings Inc. Common Stock,$18.65,-0.46,-2.407%,53335,270731923.00,United States,,Major Banks,Finance
GBLI,Global Indemnity Group LLC Class A Common Stock ,$24.29,-0.21,-0.857%,5009,355620514.00,United States,,Property-Casualty Insurers,Finance
GBR,New Concept Energy Inc Common Stock,$0.7439,0.0257,3.578%,18599,3817646.00,United States,1993,Oil & Gas Production,Energy
GBX,Greenbrier Companies Inc. (The) Common Stock,$41.11,-0.98,-2.328%,422003,1271930491.00,United States,1994,Railroads,Industrials
GCBC,Greene County Bancorp Inc. Common Stock,$33.66,-0.65,-1.894%,21916,573077825.00,United States,,Banks,Finance
GCDT,Green Circle Decarbonize Technology Limited Class A Ordinary Shares,$0.53,0.0493,10.256%,4179321,7182139.00,,2026,Industrial Machinery/Components,Industrials
GCGR,General Catalyst Global Resilience Merger Corp. Class A Ordinary Shares,$10.12,0.00,0.00%,16,0.00,United States,2026,,
GCL,GCL Global Holdings Ltd Ordinary Shares,$0.7217,-0.0383,-5.039%,143388,93918741.00,Singapore,,Computer Software: Prepackaged Software,Technology
GCMG,GCM Grosvenor Inc. Class A Common Stock,$12.80,-0.12,-0.929%,375354,2595738880.00,United States,,Investment Managers,Finance
GCO,Genesco Inc. Common Stock,$34.50,-0.39,-1.118%,97174,373295244.00,United States,,Clothing/Shoe/Accessory Stores,Consumer Discretionary
GCT,GigaCloud Technology Inc Class A Ordinary Shares,$50.41,-2.21,-4.20%,619676,1800153047.00,United States,2022,Catalog/Specialty Distribution,Consumer Discretionary
GCTK,GlucoTrack Inc. Common Stock,$1.74,-0.06,-3.333%,269085,1476614.00,United States,,Medical/Dental Instruments,Health Care
GCTS,GCT Semiconductor Holding Inc. Common Stock,$2.11,-0.07,-3.211%,1336828,194056122.00,United States,2021,Semiconductors,Technology
GCV,Gabelli Convertible and Income Securities Fund Inc. (The) Common Stock,$4.18,0.01,0.24%,67776,79587321.00,United States,,Finance/Investors Services,Finance
GD,General Dynamics Corporation Common Stock,$332.34,-1.82,-0.545%,1704343,89916978186.00,United States,,Marine Transportation,Industrials
GDC,GD Culture Group Limited Common Stock,$1.35,0.09,7.143%,417652,5619375.00,United States,2015,Steel/Iron Ore,Industrials
GDDY,GoDaddy Inc. Class A Common Stock,$94.06,0.35,0.373%,2202068,11912483038.00,United States,2015,EDP Services,Technology
GDEV,GDEV Inc. Ordinary Shares,$10.86,0.16,1.495%,2449,197114311.00,Cyprus,,EDP Services,Technology
GDHG,Golden Heaven Group Holdings Ltd. Class A Ordinary Shares,$1.14,-0.04,-3.39%,49592,74659626.00,China,2023,Services-Misc. Amusement & Recreation,Consumer Discretionary
GDL,GDL Fund The Common Shares of Beneficial Interest,$8.31,-0.0301,-0.361%,11475,0.00,United States,2007,Investment Managers,Finance
GDO,Western Asset Global Corporate Opportunity Fund Inc. Common Stock,$9.76,0.37,3.94%,348036,0.00,United States,2009,Finance Companies,Finance
GDOT,Green Dot Corporation Class A Common Stock $0.001 par value,$12.28,-0.03,-0.244%,349480,699777998.00,United States,2010,Finance: Consumer Services,Finance
GDRX,GoodRx Holdings Inc. Class A Common Stock,$3.23,-0.08,-2.417%,587990,1101899603.00,United States,2020,EDP Services,Technology
GDS,GDS Holdings Limited ADS,$31.28,-0.38,-1.20%,1277924,6267811735.00,China,2016,Computer Software: Programming Data Processing,Technology
GDTC,CytoMed Therapeutics Limited Ordinary Shares,$0.889,-0.036,-3.892%,30711,10515479.00,Singapore,2023,Biotechnology: Pharmaceutical Preparations,Health Care
GDV,Gabelli Dividend & Income Trust Common Shares of Beneficial Interest,$28.46,-0.13,-0.455%,72875,2566764454.00,United States,2003,Investment Managers,Finance
GDV^H,The Gabelli Dividend & Income Trust 5.375% Series H Cumulative Preferred Shares,$20.3887,-0.1113,-0.543%,7540,,United States,,,
GDV^K,The Gabelli Dividend & Income Trust 4.250% Series K Cumulative Preferred Shares,$16.10,0.03,0.187%,9425,,United States,,,
GDYN,Grid Dynamics Holdings Inc. Class A Common Stock,$7.64,0.05,0.659%,493914,619809371.00,United States,2018,Computer Software: Prepackaged Software,Technology
GE,GE Aerospace Common Stock,$317.89,-0.35,-0.11%,3731858,329830747258.00,United States,,Consumer Electronics/Appliances,Technology
GECC,Great Elm Capital Corp. Common Stock,$5.25,0.09,1.744%,63048,72921188.00,United States,,Finance: Consumer Services,Finance
GECCG,Great Elm Capital Corp. 7.75% Notes Due 2030,$24.69,0.21,0.858%,502,0.00,United States,,Finance: Consumer Services,Finance
GECCH,Great Elm Capital Corp. 8.125% Notes Due 2029,$24.945,0.095,0.382%,518,0.00,United States,,,
GECCI,Great Elm Capital Corp. 8.50% NOTES DUE 2029,$25.02,0.03,0.12%,1249,0.00,United States,,Finance Companies,Finance
GEF,Greif Inc. Class A Common Stock,$80.46,-1.16,-1.421%,334132,3714703108.00,United States,,,
GEG,Great Elm Group Inc. Common Stock,$2.155,0.005,0.233%,4081,67009488.00,United States,,Computer Software: Prepackaged Software,Technology
GEGGL,Great Elm Group Inc.  7.25% Notes due 2027,$24.54,0.04,0.163%,1776,711581153.00,United States,,Computer Software: Prepackaged Software,Technology
GEHC,GE HealthCare Technologies Inc. Common Stock ,$66.46,-0.32,-0.479%,3312404,30019068308.00,United States,,Medical Electronics,Health Care
GEL,Genesis Energy L.P. Common Units,$13.82,-0.24,-1.707%,332497,1688449116.00,United States,2001,Oil Refining/Marketing,Energy
GELS,Gelteq Limited Ordinary Shares,$0.5311,-0.0158,-2.889%,55606,5688643.00,Australia,2024,Biotechnology: Pharmaceutical Preparations,Health Care
GEMI,Gemini Space Station Inc. Class A Common Stock,$5.29,0.09,1.731%,1749015,685860149.00,United States,2025,Finance: Consumer Services,Finance
GEN,Gen Digital Inc. Common Stock,$20.85,0.00,0.00%,22908691,12480539617.00,United States,,Computer Software: Prepackaged Software,Technology
GENB,Generate Biomedicines Inc. Common Stock,$15.42,0.51,3.421%,599024,1979194563.00,United States,2026,Biotechnology: Pharmaceutical Preparations,Health Care
GENC,Gencor Industries Inc. Common Stock,$17.23,-0.08,-0.462%,35130,252552205.00,United States,,Construction/Ag Equipment/Trucks,Industrials
GENI,Genius Sports Limited Ordinary Shares,$6.17,0.02,0.325%,8621290,1651258325.00,Guernsey,2021,Services-Misc. Amusement & Recreation,Consumer Discretionary
GENK,GEN Restaurant Group Inc. Class A Common Stock,$1.70,-0.01,-0.585%,4126,56039851.00,United States,2023,Restaurants,Consumer Discretionary
GENVR,Gen Digital Inc. Contingent Value Rights,$0.75,0.03,4.167%,235949,448940274.00,United States,,Computer Software: Prepackaged Software,Technology
GEO,Geo Group Inc (The) REIT,$30.96,0.74,2.449%,3013276,4074942321.00,United States,,Homebuilding,Consumer Discretionary
GEOS,Geospace Technologies Corporation Common Stock (Texas),$4.85,-0.04,-0.818%,66412,62737675.00,United States,,Industrial Machinery/Components,Industrials
GERN,Geron Corporation Common Stock,$1.24,-0.01,-0.80%,12498979,796667027.00,United States,1996,Biotechnology: Pharmaceutical Preparations,Health Care
GEV,GE Vernova Inc. Common Stock,$962.49,12.72,1.339%,1474517,256343408377.00,United States,2024,Consumer Electronics/Appliances,Technology
GEVO,Gevo Inc. Common Stock,$1.33,-0.01,-0.746%,3746650,328825348.00,United States,2011,Major Chemicals,Industrials
GF,New Germany Fund Inc. (The) Common Stock,$10.61,-0.11,-1.026%,20069,0.00,United States,1990,Investment Managers,Finance
GFAI,Guardforce AI Co. Limited Ordinary Shares,$0.32,-0.003,-0.929%,87257,10045868.00,Singapore,,Diversified Commercial Services,Consumer Discretionary
GFAIW,Guardforce AI Co. Limited Warrant,$0.0035,-0.0039,-52.703%,17270,109877.00,Singapore,,Diversified Commercial Services,Consumer Discretionary
GFF,Griffon Corporation Common Stock,$94.31,-1.77,-1.842%,306046,4271744666.00,United States,,Building Products,Industrials
GFI,Gold Fields Limited American Depositary Shares,$36.78,1.60,4.548%,10943475,32918991805.00,South Africa,,Precious Metals,Basic Materials
GFL,GFL Environmental Inc. Subordinate voting shares no par value,$42.20,0.80,1.932%,4088536,18951191150.00,Canada,2020,Environmental Services,Utilities
GFR,Greenfire Resources Ltd. Common Shares,$5.64,-0.12,-2.083%,863098,1355933223.00,Canada,,Oil & Gas Production,Energy
GFS,GlobalFoundries Inc. Ordinary Shares,$47.86,0.08,0.167%,2275582,26678054340.00,United States,2021,Semiconductors,Technology
GFUZ,General Fusion Group Ltd. Common Shares,$7.48,-0.28,-3.608%,136888,475344433.00,United States,2025,Electric Utilities: Central,Utilities
GFUZW,General Fusion Group Ltd. Warrant,$1.395,0.045,3.333%,6679,88650466.00,United States,2025,Electric Utilities: Central,Utilities
GGAL,Grupo Financiero Galicia S.A. American Depositary Shares,$37.02,0.04,0.108%,730066,5946351308.00,Argentina,,Commercial Banks,Finance
GGB,Gerdau S.A. Common Stock,$4.64,-0.14,-2.929%,13063311,9178003747.00,Brazil,,Steel/Iron Ore,Industrials
GGG,Graco Inc. Common Stock,$78.10,-0.15,-0.192%,1261486,12648593654.00,United States,,Fluid Controls,Industrials
GGN,GAMCO Global Gold Natural Resources & Income Trust,$5.29,0.00,0.00%,552335,0.00,United States,2005,Finance/Investors Services,Finance
GGN^B,GAMCO Global Gold Natural Reources & Income Trust 5.00% Series B Cumulative 25.00 Liquidation Preference,$18.02,-0.03,-0.166%,3817,,United States,,,
GGR,Gogoro Inc. Ordinary Shares,$2.99,-0.17,-5.38%,10654,61640396.00,Taiwan,,Auto Manufacturing,Industrials
GGROW,Gogoro Inc. Warrant,$0.0025,0.0002,8.696%,10000,51539.00,Taiwan,,Auto Manufacturing,Industrials
GGT,Gabelli Multi-Media Trust Inc. (The) Common Stock,$3.98,0.00,0.00%,321327,109592289.00,United States,,Trusts Except Educational Religious and Charitable,Finance
GGT^E,Gabelli Multi-Media Trust Inc. (The) 5.125% Series E Cumulative Preferred Stock,$20.35,0.3699,1.851%,1191,,United States,,,
GGT^G,Gabelli Multi-Media Trust Inc. (The) 5.125% Series G Cumulative Preferred Shares,$20.05,0.02,0.10%,11310,,United States,,,
GGZ,Gabelli Global Small and Mid Cap Value Trust (The) Common Shares of Beneficial Interest,$15.33,-0.0933,-0.605%,6456,136007254.00,,2014,Investment Managers,Finance
GH,Guardant Health Inc. Common Stock,$177.73,0.40,0.226%,1658803,23850685294.00,United States,2018,Medical Specialities,Health Care
GHC,Graham Holdings Company Common Stock,$1127.83,-12.18,-1.068%,25425,4776278846.00,United States,,Other Consumer Services,Real Estate
GHG,GreenTree Hospitality Group Ltd. American depositary shares each representing one Class A ordinary share,$1.03,0.02,1.98%,23670,103924245.00,,2018,Hotels/Resorts,Consumer Discretionary
GHI,Greystone Housing Impact Investors LP Beneficial Unit Certificates representing assignments of limited partnership interests,$5.77,-0.09,-1.536%,31510,135955683.00,United States,2022,Finance: Consumer Services,Finance
GHM,Graham Corporation Common Stock,$86.15,-1.08,-1.238%,142418,1011145393.00,United States,1978,Industrial Machinery/Components,Industrials
GHRS,GH Research PLC Ordinary Shares,$24.67,1.25,5.337%,1131988,1691305483.00,Ireland,2021,Biotechnology: Pharmaceutical Preparations,Health Care
GHXI,Gores Holdings XI Inc. Class A Ordinary Shares,$9.9901,0.00,0.00%,11,0.00,United States,2026,,
GHXIW,Gores Holdings XI Inc. Warrant,$0.58,0.00,0.00%,2,0.00,United States,2026,,
GHY,PGIM Global High Yield Fund Inc.,$10.96,0.05,0.458%,266053,0.00,United States,2012,Trusts Except Educational Religious and Charitable,Finance
GIB,CGI Inc. Common Stock,$67.62,-0.09,-0.133%,557980,15680292323.00,Canada,,Professional Services,Consumer Discretionary
GIBO,GIBO Holdings Limited Class A Ordinary Shares,$31.34,-1.14,-3.51%,61633,81631455.00,Hong Kong,,Computer Software: Prepackaged Software,Technology
GIC,Global Industrial Company Common Stock,$42.37,0.05,0.118%,121011,1614650408.00,United States,,Industrial Machinery/Components,Industrials
GIFT,Giftify Inc. Common Stock,$0.61,-0.0012,-0.196%,13314,21609357.00,United States,,Catalog/Specialty Distribution,Consumer Discretionary
GIGM,GigaMedia Limited Ordinary Shares,$1.3766,-0.0634,-4.403%,1239,15214507.00,Taiwan,,Computer Software: Programming Data Processing,Technology
GIII,G-III Apparel Group LTD. Common Stock,$27.25,0.12,0.442%,614432,1168384843.00,United States,1989,Apparel,Consumer Discretionary
GIL,Gildan Activewear Inc. Class A Sub. Vot. Common Stock,$42.79,0.17,0.399%,1784921,7924359176.00,Canada,2000,Apparel,Consumer Discretionary
GILD,Gilead Sciences Inc. Common Stock,$151.28,-0.93,-0.611%,5322559,187580415848.00,United States,1992,Biotechnology: Biological Products (No Diagnostic Substances),Health Care
GILT,Gilat Satellite Networks Ltd. Ordinary Shares,$9.94,-0.07,-0.699%,515166,750181223.00,Israel,,Radio And Television Broadcasting And Communications Equipment,Technology
GIPR,Generation Income Properties Inc. Common Stock,$0.3742,-0.0298,-7.376%,1031578,2661497.00,United States,,Real Estate Investment Trusts,Real Estate
GIS,General Mills Inc. Common Stock,$33.82,0.22,0.655%,9088230,18083119210.00,United States,,Packaged Foods,Consumer Staples
GITS,Global Interactive Technologies Inc. Common Stock,$1.7498,-0.3102,-15.058%,129473,7354591.00,South Korea,2023,Computer Software: Programming Data Processing,Technology
GIW,GigCapital8 Corp. Class A Ordinary Shares,$10.17,0.00,0.00%,66,0.00,United States,2025,Blank Checks,Finance
GIWWR,GigCapital8 Corp. Rights,$0.2581,-0.0034,-1.30%,2100,0.00,United States,2025,,
GIX,GigCapital9 Corp. Class A Ordinary Share,$10.005,0.00,0.00%,570,0.00,United States,2026,Blank Checks,Finance
GIXI,Gix Internet Ltd. Ordinary Shares,$4.415,-0.365,-7.636%,20208,11003730.00,Israel,,Computer Software: Prepackaged Software,Technology
GIXXR,GigCapital9 Corp. Rights,$0.23,0.00,0.00%,5,0.00,United States,2026,Blank Checks,Finance
GJH,Synthetic Fixed-Income Securities Inc 6.375% (STRATS) Cl A-1,$9.37,0.01,0.107%,1159,0.00,United States,,Finance: Consumer Services,Finance
GJO,Synthetic Fixed-Income Securities Inc. on behalf of STRATS(SM) Trust for Wal-Mart Stores Inc. Securities Series 2004-5,$24.62,0.00,0.00%,4,0.00,United States,,Finance: Consumer Services,Finance
GJP,Synthetic Fixed-Income Securities Inc. on behalf of STRATS (SM) Trust for Dominion Resources Inc. Securities Series 2005-6 Floating Rate Structured Repackaged Asset-Backed Trust Securities (STRATS) Certificates,$24.22,0.00,0.00%,1139,0.00,United States,,Finance: Consumer Services,Finance
GJR,Synthetic Fixed-Income Securities Inc. STRATS Trust for Procter&Gamble Securities Series 2006-1,$24.90,0.30,1.22%,114,0.00,United States,,Finance: Consumer Services,Finance
GJS,Goldman Sachs Group Securities STRATS Trust for Goldman Sachs Group Securities Series 2006-2,$23.295,0.175,0.757%,7642,7268949274.00,United States,,Finance: Consumer Services,Finance
GKOS,Glaukos Corporation Common Stock,$158.55,-0.01,-0.006%,638248,9351903211.00,United States,2015,Medical/Dental Instruments,Health Care
GL,Globe Life Inc. Common Stock,$166.08,-0.61,-0.366%,391843,12763156158.00,United States,,Life Insurance,Finance
GL^D,Globe Life Inc. 4.25% Junior Subordinated Debentures due 2061,$14.40,-0.1999,-1.369%,8109,,United States,,,
GLAD,Gladstone Capital Corporation Common Stock,$19.43,0.17,0.883%,159394,438983331.00,United States,2001,Textiles,Consumer Discretionary
GLAS,Glass House Brands Inc. Subordinate Voting Shares,$6.79,-0.06,-0.876%,1326317,597506311.00,,, Medicinal Chemicals and Botanical Products ,Health Care
GLBE,Global-E Online Ltd. Ordinary Shares,$40.06,0.78,1.986%,1666840,6712785617.00,Israel,2021,Computer Software: Prepackaged Software,Technology
GLBS,Globus Maritime Limited Common Stock,$3.53,0.03,0.857%,91177,76185523.00,Greece,,Marine Transportation,Consumer Discretionary
GLDG,GoldMining Inc. Common Shares,$0.9695,0.0095,0.99%,464636,207575959.00,,,Precious Metals,Basic Materials
GLE,Global Engine Group Holding Limited Class A Ordinary Shares,$0.493,-0.0027,-0.545%,64808,9021900.00,Hong Kong,2024,EDP Services,Technology
GLED,GalaxyEdge Acquisition Corporation Ordinary Shares,$10.01,-0.01,-0.10%,2476,0.00,,2026,Blank Checks,Finance
GLIBA,Liberty Capital Corporation Series A GCI Group Common Stock,$22.95,-0.50,-2.132%,38555,915819612.00,United States,,Cable & Other Pay Television Services,Telecommunications
GLIBK,Liberty Capital Corporation Series C GCI Group Common Stock,$23.11,-0.23,-0.985%,359922,922204411.00,United States,,Cable & Other Pay Television Services,Telecommunications
GLND,Greenland Energy Company Common Stock,$4.75,0.26,5.791%,21120760,207718422.00,United States,,Oil & Gas Production,Energy
GLNDW,Greenland Energy Company Warrant,$1.12,-0.0999,-8.189%,659867,48977817.00,United States,,Oil & Gas Production,Energy
GLNG,Golar Lng Ltd,$48.23,-0.56,-1.148%,980921,4899650396.00,Bermuda,,Marine Transportation,Consumer Discretionary
GLO,Clough Global Opportunities Fund Common Stock,$5.33,0.06,1.139%,113358,0.00,United States,2006,Finance/Investors Services,Finance
GLOB,Globant S.A. Common Shares,$33.94,0.15,0.444%,684179,1465514131.00,United States,2014,EDP Services,Technology
GLOO,Gloo Holdings Inc. Class A Common Stock,$4.47,-0.19,-4.077%,635921,409143753.00,United States,2025,EDP Services,Technology
GLOP^A,GasLog Partners LP 8.625% Series A Cumulative Redeemable Perpetual Fixed to Floating Rate Preference Units,$25.398,0.148,0.586%,1661,,Greece,,,
GLOP^B,GasLog Partners LP 8.200% Series B Cumulative Redeemable Perpetual Fixed to Floating Rate Preference Units,$25.7999,0.1499,0.584%,7138,,Greece,,,
GLOP^C,GasLog Partners LP 8.500% Series C Cumulative Redeemable Perpetual Fixed to Floating Rate Preference Units,$25.3938,-0.1862,-0.728%,2346,,Greece,,,
GLP,Global Partners LP Common Units representing Limited Partner Interests,$46.44,-0.73,-1.548%,65637,1578753946.00,United States,2005,Oil Refining/Marketing,Energy
GLPI,Gaming and Leisure Properties Inc. Common Stock,$38.27,-0.36,-0.932%,2667313,11133510046.00,United States,,Real Estate Investment Trusts,Real Estate
GLQ,Clough Global Equity Fund Clough Global Equity Fund Common Shares of Beneficial Interest,$7.54,0.04,0.533%,56955,0.00,United States,2005,Finance/Investors Services,Finance
GLRE,Greenlight Capital Re Ltd. Class A Ordinary Shares,$14.75,-0.06,-0.405%,87959,481459824.00,Cayman Islands,2007,Property-Casualty Insurers,Finance
GLSI,Greenwich LifeSciences Inc. Common Stock,$18.38,-0.21,-1.13%,65843,269785463.00,United States,2020,Biotechnology: Pharmaceutical Preparations,Health Care
GLU,Gabelli Global Utility Common Shares of Beneficial Ownership,$17.76,-0.03,-0.169%,2059,106007859.00,United States,2004,Finance/Investors Services,Finance
GLU^A,The Gabelli Global Utility and Income Trust Series A Cumulative Puttable and Callable Preferred Shares,$50.50,0.00,0.00%,208,,United States,,,
GLU^B,The Gabelli Global Utility and Income Trust Series B Cumulative Puttable and Callable Preferred Shares,$50.15,-0.585,-1.153%,429,,United States,,,
GLUE,Monte Rosa Therapeutics Inc. Common Stock,$11.74,0.03,0.256%,545075,1001579328.00,United States,2021,Biotechnology: Biological Products (No Diagnostic Substances),Health Care
GLV,Clough Global Dividend and Income Fund Common Shares of beneficial interest,$5.82,0.03,0.518%,35612,73969773.00,United States,2004,Finance/Investors Services,Finance
GLW,Corning Incorporated Common Stock,$158.71,7.12,4.697%,7592587,136710942013.00,United States,,Telecommunications Equipment,Industrials
GLXG,Galaxy Payroll Group Limited Class A Ordinary Shares,$0.9752,-0.0348,-3.446%,14840,5813669.00,Hong Kong,2024,Diversified Commercial Services,Industrials
GLXY,Galaxy Digital Inc. Class A Common Stock,$23.07,-0.14,-0.603%,3769028,9017811306.00,United States,,Investment Bankers/Brokers/Service,Finance
GM,General Motors Company Common Stock,$80.47,-0.17,-0.211%,6251190,70608525504.00,United States,2010,Auto Manufacturing,Industrials
GMAB,Genmab A/S ADS,$35.57,0.21,0.594%,3827651,4569920345.00,Denmark,2019,Biotechnology: Pharmaceutical Preparations,Health Care
GME,GameStop Corporation Common Stock,$23.76,-0.20,-0.835%,8227724,11986943522.00,United States,2002,Electronics Distribution,Consumer Discretionary
GMED,Globus Medical Inc. Class A Common Stock,$75.69,0.91,1.217%,1580256,10162284271.00,United States,2012,Medical/Dental Instruments,Health Care
GMEX,GMEX ROBOTICS CORPORATION Class A Ordinary Shares,$3.17,-0.07,-2.16%,208264,2385511.00,Australia,2023,Recreational Games/Products/Toys,Consumer Discretionary
GMHS,Gamehaus Holdings Inc. Class A Ordinary Shares,$0.69,-0.01,-1.429%,6471,39192794.00,China,,EDP Services,Technology
GMM,Global Mofy AI Limited Class A Ordinary Shares,$1.8398,-0.0952,-4.92%,28299,17939903.00,China,2023,Computer Software: Programming Data Processing,Technology
GMRS,GMR Solutions Inc. Class A Common Stock,$9.84,-0.18,-1.796%,598157,531573636.00,,2026,Transportation Services,Consumer Discretionary
GMTL,Guardian Metal Resources PLC ADS,$8.66,-0.50,-5.459%,347539,344316421.00,,2026,Metal Mining,Basic Materials
GNE,Genie Energy Ltd. Class B Common Stock Stock,$16.15,0.15,0.938%,48002,425061911.00,United States,2011,Power Generation,Utilities
GNK,Genco Shipping & Trading Limited Ordinary Shares New (Marshall Islands),$25.98,0.05,0.193%,306052,1132379998.00,United States,,Marine Transportation,Consumer Discretionary
GNL,Global Net Lease Inc. Common Stock,$8.35,-0.14,-1.649%,3945481,1931504106.00,United States,2015,Real Estate Investment Trusts,Real Estate
GNL^A,Global Net Lease Inc. 7.25% Series A Cumulative Redeemable Preferred Stock $0.01 par value per share,$22.30,-0.10,-0.446%,2497,,United States,,,
GNL^B,Global Net Lease Inc. 6.875% Series B Cumulative Redeemable Perpetual Preferred Stock,$21.30,0.1101,0.52%,12922,,United States,,,
GNL^D,Global Net Lease Inc. 7.50% Series D Cumulative Redeemable Perpetual Preferred Stock,$22.415,-0.0849,-0.377%,6161,,United States,,,
GNL^E,Global Net Lease Inc. 7.375% Series E Cumulative Redeemable Perpetual Preferred Stock,$22.30,-0.04,-0.179%,2310,,United States,,,
GNLN,Greenlane Holdings Inc. Class A Common Stock,$2.85,0.14,5.166%,13016,1979450.00,United States,2019,Durable Goods,Consumer Discretionary
GNLX,Genelux Corporation Common Stock,$2.45,-0.02,-0.81%,164906,110851071.00,United States,2023,Biotechnology: Pharmaceutical Preparations,Health Care
GNPX,Genprex Inc. Common Stock,$2.85,0.04,1.423%,103457,2336171.00,United States,2018,Biotechnology: Pharmaceutical Preparations,Health Care
GNRC,Generac Holdlings Inc. Common Stock,$212.22,7.01,3.416%,1277645,12522329931.00,United States,2010,Metal Fabrications,Consumer Discretionary
GNS,Genius Group Limited Ordinary Shares,$0.1456,-0.0044,-2.933%,4162228,27947557.00,Singapore,2022,Computer Software: Prepackaged Software,Technology
GNSS,Genasys Inc. Common Stock,$1.47,0.02,1.379%,86802,66946753.00,United States,,Consumer Electronics/Appliances,Consumer Staples
GNT,GAMCO Natural Resources Gold & Income Trust,$8.65,0.01,0.116%,23832,159812547.00,United States,2011,Finance/Investors Services,Finance
GNT^A,GAMCO Natural Resources Gold & Income Tust  5.20% Series A Cumulative Preferred Shares (Liquidation Preference $25.00 per share),$19.40,0.00,0.00%,288,,United States,,,
GNTA,Genenta Science S.p.A. American Depositary Shares,$0.7032,0.0129,1.869%,59118,33906095.00,Italy,2021,Biotechnology: Biological Products (No Diagnostic Substances),Health Care
GNTX,Gentex Corporation Common Stock,$22.13,-0.21,-0.94%,2011860,4662422115.00,United States,,Auto Parts:O.E.M.,Consumer Discretionary
GNW,Genworth Financial Inc Common Stock,$9.23,-0.15,-1.599%,3260510,3487565072.00,United States,2004,Life Insurance,Finance
GO,Grocery Outlet Holding Corp. Common Stock,$10.95,-0.15,-1.351%,2138544,1084975187.00,United States,2019,Food Chains,Consumer Staples
GOAI,Eva Live Inc. Common Stock,$1.88,-0.06,-3.093%,128422,75188983.00,United States,,Computer Software: Programming Data Processing,Technology
GOF,Guggenheim Strategic Opportunities Fund Common Shares of Beneficial Interest,$8.53,0.04,0.471%,2167055,0.00,United States,,Finance/Investors Services,Finance
GOGO,Gogo Inc. Common Stock,$2.23,0.01,0.45%,943456,302182532.00,United States,2013,Telecommunications Equipment,Consumer Discretionary
GOLD,Gold.com Inc. Common Stock,$42.88,0.03,0.07%,318833,1250155937.00,United States,,Other Specialty Stores,Industrials
GOLF,Acushnet Holdings Corp. Common Stock,$82.42,-1.37,-1.635%,313996,4813743726.00,United States,2016,Recreational Games/Products/Toys,Consumer Discretionary
GOOD,Gladstone Commercial Corporation Real Estate Investment Trust,$12.62,0.15,1.203%,653313,610902663.00,United States,2003,Real Estate,Real Estate
GOODN,Gladstone Commercial Corporation 6.625% Series E Cumulative Redeemable Preferred Stock,$20.86,-0.5368,-2.509%,15607,1009780471.00,United States,,Real Estate,Real Estate
GOODO,Gladstone Commercial Corporation 6.00% Series G Cumulative Redeemable Preferred Stock par value $0.001 per share,$19.01,-0.38,-1.96%,13184,920226594.00,United States,,Real Estate,Real Estate
GOOG,Alphabet Inc. Class C Capital Stock,$337.32,-1.84,-0.543%,14002350,4125423600000.00,United States,2004,Computer Software: Programming Data Processing,Technology
GOOGL,Alphabet Inc. Class A Common Stock,$340.92,-1.83,-0.534%,21067057,4169451600000.00,United States,2004,Computer Software: Programming Data Processing,Technology
GOOGM,Alphabet Inc. Depositary Shares representing a 1/20th Interest in a Share of Series A Mandatory Convertible Preferred Stock,$48.65,-0.20,-0.409%,1044563,594989500000.00,United States,,Computer Software: Programming Data Processing,Technology
GOOGN,Alphabet Inc. Depositary Shares representing a 1/20th Interest in a Share of Series B Mandatory Convertible Preferred Stock,$48.37,-0.19,-0.391%,657391,591565100000.00,United States,,Computer Software: Programming Data Processing,Technology
GOOS,Canada Goose Holdings Inc. Subordinate Voting Shares,$7.71,0.04,0.522%,651985,752971707.00,,2017,Apparel,Consumer Discretionary
GORO,Goldgroup Mining Inc. Common Shares,$3.20,-0.16,-4.762%,1860897,540886224.00,Canada,2026,Precious Metals,Basic Materials
GOSS,Gossamer Bio Inc. Common Stock,$11.58,0.06,0.521%,384086,70827808.00,United States,2019,Biotechnology: Pharmaceutical Preparations,Health Care
GOTU,Gaotu Techedu Inc. American Depositary Shares,$2.44,-0.01,-0.408%,392697,581798094.00,China,2019,Other Consumer Services,Real Estate
GOVX,GeoVax Labs Inc. Common Stock,$0.352,0.0063,1.822%,284184,3556211.00,United States,,Biotechnology: Pharmaceutical Preparations,Health Care
GOW,GOWell Energy Technology Ordinary shares,$1.8099,-0.1801,-9.05%,252605,84595052.00,Singapore,,Oil and Gas Field Machinery,Consumer Discretionary
GP,GreenPower Motor Company Inc. Common Shares,$0.5865,-0.0434,-6.89%,180537,5156392.00,Canada,,Construction/Ag Equipment/Trucks,Consumer Discretionary
GPAC,General Purpose Acquisition Corp. Class A Ordinary Shares,$10.08,-0.01,-0.099%,97749,0.00,United States,2026,,
GPACU,General Purpose Acquisition Corp. Units,$10.18,0.03,0.296%,100,0.00,United States,2025,,
GPAT,GP-Act III Acquisition Corp. Class A Ordinary Share,$11.01,-0.01,-0.091%,186,0.00,United States,2024,,
GPATU,GP-Act III Acquisition Corp. Units,$10.99,0.00,0.00%,2,0.00,United States,2024,,
GPC,Genuine Parts Company Common Stock,$126.95,-1.18,-0.921%,552523,17501296278.00,United States,,Automotive Aftermarket,Consumer Discretionary
GPCR,Structure Therapeutics Inc. American Depositary Shares,$32.69,-2.375,-6.773%,1728896,2331119225.00,United States,2023,Biotechnology: Pharmaceutical Preparations,Health Care
GPGI,GPGI Inc. Class A Common Stock,$11.77,0.14,1.204%,2348433,3412006265.00,United States,,Finance: Consumer Services,Finance
GPI,Group 1 Automotive Inc. Common Stock,$240.93,-1.30,-0.537%,380927,2872421669.00,United States,1997,Retail-Auto Dealers and Gas Stations,Consumer Discretionary
GPJA,Georgia Power Company Series 2017A 5.00% Junior Subordinated Notes due October 1 2077,$18.95,-0.27,-1.405%,18366,175505425.00,United States,2017,Electric Utilities: Central,Utilities
GPK,Graphic Packaging Holding Company,$9.21,-0.04,-0.432%,5831286,2726819187.00,United States,,Containers/Packaging,Consumer Discretionary
GPMT,Granite Point Mortgage Trust Inc. Common Stock,$0.8873,-0.0125,-1.389%,128990,42766233.00,United States,2017,Real Estate Investment Trusts,Real Estate
GPMT^A,Granite Point Mortgage Trust Inc. 7.00% Series A Fixed-to-Floating Rate Cumulative Redeemable Preferred Stock,$14.42,0.00,0.00%,2887,,United States,,,
GPN,Global Payments Inc. Common Stock,$83.33,-1.37,-1.617%,1814505,22050650439.00,United States,,Business Services,Consumer Discretionary
GPOR,Gulfport Energy Corporation Common Shares,$152.17,0.08,0.053%,357808,2690953889.00,United States,2021,Oil & Gas Production,Energy
GPRE,Green Plains Inc. Common Stock,$14.71,-0.09,-0.608%,1725487,1031102275.00,United States,,Major Chemicals,Industrials
GPRK,Geopark Ltd Common Shares,$10.51,-0.17,-1.592%,833989,682054364.00,Bermuda,2014,Oil & Gas Production,Energy
GPRO,GoPro Inc. Class A Common Stock,$1.325,-0.005,-0.376%,11612179,244468342.00,United States,2014,Industrial Machinery/Components,Consumer Discretionary
GPUS,Hyperscale Data Inc. Common Stock,$0.1594,-0.0098,-5.792%,21663395,28206966.00,United States,1997,Industrial Machinery/Components,Technology
GPUS^D,Hyperscale Data Inc. 13.00% Series D Cumulative Redeemable Perpetual Preferred Stock,$18.00,-1.05,-5.512%,866,,United States,,,
GRAB,Grab Holdings Limited Class A Ordinary Shares,$3.12,0.025,0.808%,78189004,12793503163.00,Singapore,,Business Services,Consumer Discretionary
GRABW,Grab Holdings Limited Warrant,$0.0272,0.0045,19.824%,9335,111533104.00,Singapore,,Business Services,Consumer Discretionary
GRAL,GRAIL Inc. Common Stock ,$136.57,3.94,2.971%,922970,6100067577.00,United States,,Medical Specialities,Health Care
GRAN,Grande Group Limited Class A Ordinary Shares,$0.8387,-0.1813,-17.775%,64117,20888872.00,Hong Kong,2025,Finance: Consumer Services,Finance
GRBK,Green Brick Partners Inc. Common Stock,$67.40,-0.88,-1.289%,337470,2898920910.00,United States,2021,Homebuilding,Consumer Discretionary
GRBK^A,Green Brick Partners Inc. Depositary Shares (each representing a 1/1000th fractional interest in a share of 5.75% Series A Cumulative Perpetual Preferred Stock),$20.3658,-0.3342,-1.614%,1280,,United States,,,
GRC,Gorman-Rupp Company (The) Common Stock,$75.07,-0.99,-1.302%,175608,1982616942.00,United States,1971,Fluid Controls,Industrials
GRCE,Grace Therapeutics Inc. Common Stock,$2.11,-0.01,-0.472%,130169,44385812.00,Canada,,Biotechnology: Pharmaceutical Preparations,Health Care
GRDN,Guardian Pharmacy Services Inc. Class A Common Stock,$40.68,-0.06,-0.147%,488295,2576764927.00,United States,2024,Retail-Drug Stores and Proprietary Stores,Consumer Staples
GRDX,GridAI Technologies Corp. Common Stock,$3.26,-0.21,-6.052%,52255,23247461.00,United States,2016,Biotechnology: Pharmaceutical Preparations,Health Care
GREEL,Vulcan Infrastructure and Power Inc. 8.50% Senior Notes due 2026,$25.28,-0.0699,-0.276%,3797,396223982.00,United States,,Finance: Consumer Services,Finance
GRF,Eagle Capital Growth Fund Inc. Common Stock,$9.90,0.1762,1.812%,4772,0.00,United States,,Finance/Investors Services,Finance
GRFS,Grifols S.A. American Depositary Shares,$7.295,-0.115,-1.552%,485012,5015713054.00,Spain,,Biotechnology: Pharmaceutical Preparations,Health Care
GRI,GRI Bio Inc. Common Stock,$2.00,-0.10,-4.762%,25659,4372230.00,United States,2021,Biotechnology: Pharmaceutical Preparations,Health Care
GRML,Greenland Mines Ltd. Common Stock,$10.375,-1.475,-12.447%,8071703,138476495.00,United States,2022,Biotechnology: Biological Products (No Diagnostic Substances),Health Care
GRMLW,Greenland Mines Ltd Warrant,$0.7893,-0.1472,-15.718%,1064756,10534891.00,United States,2022,Biotechnology: Biological Products (No Diagnostic Substances),Health Care
GRMN,Garmin Ltd. Common Stock (Switzerland),$290.23,-3.82,-1.299%,945756,55971591523.00,Switzerland,2000,Industrial Machinery/Components,Industrials
GRND,Grindr Inc. Common Stock,$16.12,0.51,3.267%,1620712,2801988507.00,Singapore,2021,Computer Software: Programming Data Processing,Technology
GRNQ,Greenpro Capital Corp. Common Stock,$8.62,-1.05,-10.858%,9091,15626215.00,China,,Professional Services,Consumer Discretionary
GRNT,Granite Ridge Resources Inc. Common Stock,$4.29,-0.02,-0.464%,1867009,565852038.00,United States,2022,Oil & Gas Production,Energy
GRO,Brazil Potash Corp. Common Shares,$2.17,-0.05,-2.252%,135195,134423287.00,,2024,Mining & Quarrying of Nonmetallic Minerals (No Fuels),Industrials
GROV,Grove Collaborative Holdings Inc. Class A Common Stock,$1.05,-0.02,-1.869%,49756,44836098.00,,2021,Catalog/Specialty Distribution,Consumer Discretionary
GROW,U.S. Global Investors Inc. Class A Common Stock,$2.91,-0.01,-0.342%,6582,35787750.00,United States,,Investment Managers,Finance
GROY,Gold Royalty Corp. Common Shares,$3.05,0.02,0.66%,1782206,703968063.00,Canada,2021,Precious Metals,Basic Materials
GRPN,Groupon Inc. Common Stock,$19.99,0.25,1.266%,976283,812899267.00,United States,2011,Advertising,Consumer Discretionary
GRRR,Gorilla Technology Group Inc. Ordinary shares,$13.85,0.14,1.021%,453642,384441015.00,Taiwan,,Computer Software: Prepackaged Software,Technology
GRRRW,Gorilla Technology Group Inc. Warrant,$0.16,0.0187,13.234%,1260,4441196.00,Taiwan,,Computer Software: Prepackaged Software,Technology
GRSD,Grandstand Limited Ordinary Shares,$1.53,-0.02,-1.29%,118739,53698701.00,Jersey,2021,Services-Misc. Amusement & Recreation,Consumer Discretionary
GRVY,GRAVITY Co. Ltd. American Depository Shares,$67.73,0.92,1.377%,22535,470648997.00,South Korea,2005,EDP Services,Technology
GRWG,GrowGeneration Corp. Common Stock,$1.57,0.00,0.00%,217687,92505105.00,United States,,RETAIL: Building Materials,Consumer Discretionary
GRX,The Gabelli Healthcare & Wellness Trust Common Shares of Beneficial Interest,$9.57,-0.04,-0.416%,6259,163579752.00,United States,,Finance/Investors Services,Finance
GS,Goldman Sachs Group Inc. (The) Common Stock,$916.24,-0.04,-0.004%,1858456,266782890866.00,United States,1999,Investment Bankers/Brokers/Service,Finance
GS^A,Goldman Sachs Group Inc. (The) Depositary Shares each representing 1/1000th Interest in a Share of Floating Rate Non-Cumulative Preferred Stock Series A,$19.16,0.035,0.183%,24724,,United States,,,
GS^C,Goldman Sachs Group Inc. (The) Depositary Share repstg 1/1000th Preferred Series C,$19.45,0.05,0.258%,8501,,United States,,,
GS^D,Goldman Sachs Group Inc. (The) Dep Shs repstg 1/1000 Pfd Ser D Fltg,$18.85,-0.05,-0.265%,157912,,United States,,,
GSAT,Globalstar Inc. Common Stock,$82.59,0.25,0.304%,504235,10700640380.00,United States,2025,Telecommunications Equipment,Consumer Discretionary
GSBC,Great Southern Bancorp Inc. Common Stock,$77.55,-0.44,-0.564%,84929,845101668.00,United States,1989,Major Banks,Finance
GSBD,Goldman Sachs BDC Inc. Common Stock,$9.49,0.03,0.317%,798561,1068280446.00,United States,2015,Investment Managers,Finance
GSHD,Goosehead Insurance Inc. Class A Common Stock,$43.99,-0.40,-0.901%,481477,1562344661.00,United States,2018,Specialty Insurers,Finance
GSHR,Gesher Acquisition Corp. II Class A Ordinary Shares,$10.57,0.00,0.00%,7,0.00,United States,2025,,
GSIT,GSI Technology Common Stock,$5.46,0.03,0.552%,327824,209841941.00,United States,2007,Semiconductors,Technology
GSIW,Garden Stage Limited Class A Ordinary Shares,$10.80,-2.20,-16.923%,26762,115693909.00,Hong Kong,2023,Investment Bankers/Brokers/Service,Finance
GSK,GSK plc American Depositary Shares (Each representing two Ordinary Shares),$49.35,-0.35,-0.704%,2892718,99820522495.00,United Kingdom,2022,Biotechnology: Pharmaceutical Preparations,Health Care
GSL,Global Ship Lease Inc New Class A Common Shares,$44.03,0.30,0.686%,290951,1581480283.00,United Kingdom,,Marine Transportation,Consumer Discretionary
GSL^B,Global Ship Lease Inc. Depository Shares Representing 1/100th Perpetual Preferred Series B% (Marshall Island),$26.09,0.09,0.346%,7699,,United Kingdom,,,
GSM,Ferroglobe PLC Ordinary Shares,$3.99,0.00,0.00%,1773995,745573463.00,United Kingdom,,Metal Mining,Basic Materials
GSRF,GSR IV Acquisition Corp. Class A ordinary share,$10.23,0.00,0.00%,13,0.00,United States,2025,,
GSRFR,GSR IV Acquisition Corp. Rights,$2.15,-0.05,-2.273%,17427,0.00,United States,2025,,
GSRFU,GSR IV Acquisition Corp. Units,$10.58,0.00,0.00%,7,0.00,United States,2025,,
GSRV,GSR V Acquisition Corp. Class A ordinary shares,$9.885,-0.005,-0.051%,175,0.00,United States,2026,Blank Checks,Finance
GSRVR,GSR V Acquisition Corp. Rights,$1.49,0.04,2.759%,11752,0.00,United States,2026,Blank Checks,Finance
GSUN,Golden Sun Technology Group Limited Class A Ordinary Shares,$0.222,-0.008,-3.478%,493542,2226409.00,China,2022,Other Consumer Services,Real Estate
GT,The Goodyear Tire & Rubber Company Common Stock,$5.00,-0.02,-0.398%,6776425,1439493685.00,United States,,Automotive Aftermarket,Consumer Discretionary
GTBP,GT Biopharma Inc. Common Stock,$6.875,0.075,1.103%,34977,12405106.00,United States,,Biotechnology: Pharmaceutical Preparations,Health Care
GTE,Gran Tierra Energy Inc. Common Stock,$9.75,0.10,1.036%,704332,344959183.00,Canada,,Oil & Gas Production,Energy
GTEC,Greenland Technologies Holding Corporation Class A Ordinary Shares,$0.8402,-0.0598,-6.644%,418059,22302455.00,China,2018,Industrial Machinery/Components,Industrials
GTEN,Gores Holdings X Inc. Class A ordinary shares,$10.49,0.00,0.00%,22,0.00,United States,2025,,
GTENW,Gores Holdings X Inc. Warrants,$0.65,-0.0013,-0.20%,4023,0.00,United States,2025,,
GTERA,Globa Terra Acquisition Corporation Class A Ordinary Shares,$10.45,0.00,0.00%,5009,0.00,Mexico,2025,Blank Checks,Finance
GTERW,Globa Terra Acquisition Corporation Warrants,$0.0309,-0.0061,-16.486%,7539,0.00,Mexico,2025,Blank Checks,Finance
GTES,Gates Industrial Corporation Ltd. Common Shares,$26.64,-0.03,-0.112%,1879523,6743947169.00,United Kingdom,2018,Industrial Machinery/Components,Industrials
GTIM,Good Times Restaurants Inc. Common Stock,$1.48,0.00,0.00%,39984,15625686.00,United States,,Restaurants,Consumer Discretionary
GTLB,GitLab Inc. Class A Common Stock,$46.71,0.50,1.082%,4200425,7781886000.00,United States,2021,Computer Software: Prepackaged Software,Technology
GTM,ZoomInfo Technologies Inc Common Stock,$3.63,0.04,1.114%,7174602,1056729467.00,United States,2020,Computer Software: Prepackaged Software,Technology
GTN,Gray Media Inc. Common Stock,$4.51,-0.08,-1.743%,735586,464459567.00,United States,,Broadcasting,Industrials
GTX,Garrett Motion Inc. Common Stock,$26.24,0.38,1.469%,1844692,4893587183.00,Switzerland,,Auto Parts:O.E.M.,Consumer Discretionary
GTY,Getty Realty Corporation Common Stock,$28.50,0.05,0.176%,764954,1765081922.00,United States,,Real Estate,Finance
GUAC,Berto Acquisition Corp. II Ordinary Shares,$9.93,0.02,0.202%,4011,0.00,United States,2026,Blank Checks,Finance
GUACU,Berto Acquisition Corp. II Unit,$10.06,0.00,0.00%,567,0.00,United States,2026,Blank Checks,Finance
GUACW,Berto Acquisition Corp. II Warrants,$0.56,0.035,6.667%,902,0.00,United States,2026,Blank Checks,Finance
GUG,Guggenheim Active Allocation Fund Common Shares of Beneficial Interest,$14.14,0.32,2.315%,176539,0.00,United States,2021,Trusts Except Educational Religious and Charitable,Finance
GURE,Gulf Resources Inc. (NV) Common Stock,$3.20,0.05,1.587%,119855,5803299.00,China,,Major Chemicals,Industrials
GUT,Gabelli Utility Trust (The) Common Stock,$5.66,-0.20,-3.413%,370686,415438504.00,United States,,Trusts Except Educational Religious and Charitable,Finance
GUT^C,Gabelli Utility Trust (The) 5.375% Series C Cumulative Preferred Shares,$19.81,-0.1423,-0.713%,1660,,United States,,,
GUTS,Fractyl Health Inc. Common Stock,$0.52,0.049,10.403%,1676548,82773521.00,United States,2024,Medical/Dental Instruments,Health Care
GVA,Granite Construction Incorporated Common Stock,$116.27,0.50,0.432%,561274,5088499578.00,United States,,Military/Government/Technical,Industrials
GVH,Globavend Holdings Limited Ordinary Shares,$1.14,0.06,5.556%,92279,4906761.00,Australia,2023,Integrated Freight & Logistics,Industrials
GWAV,Greenwave Technology Solutions Inc. Common Stock,$2.48,0.13,5.532%,96499,7396560.00,United States,,Metal Fabrications,Industrials
GWH,ESS Tech Inc. Common Stock,$0.18,0.0035,1.983%,800683,7249347.00,United States,,Industrial Machinery/Components,Miscellaneous
GWRE,Guidewire Software Inc. Common Stock,$142.52,-2.66,-1.832%,1419812,11685595186.00,United States,2012,Computer Software: Prepackaged Software,Technology
GWRS,Global Water Resources Inc. Common Stock,$7.98,0.03,0.377%,49349,238803862.00,United States,2016,Water Supply,Utilities
GWW,W.W. Grainger Inc. Common Stock,$1248.67,-7.02,-0.559%,257664,58813533247.00,United States,,Office Equipment/Supplies/Services,Industrials
GXAI,Gaxos.ai Inc. Common Stock,$0.5502,-0.0002,-0.036%,104517,6080969.00,United States,2023,Computer Software: Prepackaged Software,Technology
GXO,GXO Logistics Inc. Common Stock ,$44.76,-0.01,-0.022%,1257023,5133281756.00,United States,2021,Transportation Services,Consumer Discretionary
GYGY,Game Your Game Inc. Common Stock,$0.7342,-0.1383,-15.851%,5113483,10566606.00,United States,,Computer Software: Prepackaged Software,Technology
GYRE,Gyre Therapeutics Inc. Common Stock,$7.32,-0.17,-2.27%,115127,816252095.00,United States,2006,Biotechnology: Pharmaceutical Preparations,Health Care
GYRO,Gyrodyne LLC Common Stock,$4.71,-0.02,-0.423%,1666,10358741.00,United States,,Building operators,Real Estate
H,Hyatt Hotels Corporation Class A Common Stock,$162.01,0.82,0.509%,878910,15261601378.00,United States,2009,Hotels/Resorts,Consumer Discretionary
HACQ,HCM IV Acquisition Corp. Class A Ordinary Share,$10.04,0.005,0.05%,10328,0.00,United States,2026,Blank Checks,Finance
HACQW,HCM IV Acquisition Corp. Warrants,$0.43,-0.03,-6.522%,3350,0.00,United States,2026,Blank Checks,Finance
HAE,Haemonetics Corporation Common Stock,$105.80,0.01,0.009%,451242,4813587996.00,United States,1991,Medical/Dental Instruments,Health Care
HAFC,Hanmi Financial Corporation Common Stock,$31.16,-0.44,-1.392%,230368,923870786.00,United States,,Major Banks,Finance
HAFN,Hafnia Limited Common Shares,$9.67,0.54,5.915%,4980067,4833474838.00,,2024,Transportation Services,Consumer Discretionary
HAIN,Hain Celestial Group Inc. (The) Common Stock,$0.5004,0.0105,2.143%,335420,45537535.00,United States,,Packaged Foods,Consumer Staples
HAL,Halliburton Company Common Stock,$31.54,-0.89,-2.744%,9763267,26276931775.00,United States,,Oilfield Services/Equipment,Energy
HALO,Halozyme Therapeutics Inc. Common Stock,$111.56,-1.33,-1.178%,2873202,12661836880.00,United States,,Biotechnology: Biological Products (No Diagnostic Substances),Health Care
HAO,Haoxi Health Technology Limited Class A Ordinary Shares,$2.75,-0.14,-4.844%,28779,1006847.00,China,2024,Advertising,Consumer Discretionary
HAPN,Happen Inc. Common Stock,$14.92,0.02,0.134%,2702819,1721879363.00,United States,,Finance: Consumer Services,Finance
HAS,Hasbro Inc. Common Stock,$88.26,-1.19,-1.33%,1766823,12448584657.00,United States,,Recreational Games/Products/Toys,Consumer Discretionary
HASI,HA Sustainable Infrastructure Capital Inc. Common Stock,$35.56,-0.69,-1.903%,1029191,4569310292.00,United States,2013,Finance/Investors Services,Finance
HAVA,Harvard Ave Acquisition Corporation Class A Ordinary Share,$10.24,0.00,0.00%,3598,0.00,South Korea,2025,Blank Checks,Finance
HAVAR,Harvard Ave Acquisition Corporation Rights that convert on a 1/10th of 1 basis to Class A ordinary Shares,$0.128,-0.0219,-14.61%,451100,0.00,South Korea,2025,,
HAWK,HawkEye 360 Inc. Common Stock,$15.38,-0.13,-0.838%,1211033,1506710190.00,United States,2026,EDP Services,Technology
HAYW,Hayward Holdings Inc. Common Stock,$12.34,-0.18,-1.438%,3805552,2617555642.00,United States,2021,Industrial Machinery/Components,Industrials
HBAN,Huntington Bancshares Incorporated Common Stock,$15.27,-0.03,-0.196%,28398633,30851734393.00,United States,,Major Banks,Finance
HBANL,Huntington Bancshares Incorporated Depositary Shares Each Representing a 1/40th Interest in a Share of 6.875% Series J Non-Cumulative Perpetual Preferred Stock,$25.07,-0.11,-0.437%,23823,50651799688.00,United States,,Major Banks,Finance
HBANM,Huntington Bancshares Incorporated Depositary Shares each representing a 1/1000th interest in a share of Huntington Series I Preferred Stock,$20.01,0.02,0.10%,24136,40428500668.00,United States,,Major Banks,Finance
HBANP,Huntington Bancshares Incorporated Depositary Shares 4.500% Series H Non-Cumulative Perpetual Preferred Stock,$15.60,-0.12,-0.763%,85280,31518471286.00,United States,,Major Banks,Finance
HBANZ,Huntington Bancshares Incorporated Depositary Shares Each Representing a 1/1000th Interest in a Share of 5.50% Series L Non-Cumulative Perpetual Preferred Stock,$18.73,-0.24,-1.265%,6214,37842369691.00,United States,,Major Banks,Finance
HBB,Hamilton Beach Brands Holding Company Class A Common Stock ,$38.83,1.23,3.271%,64756,521965752.00,United States,2017,Home Furnishings,Consumer Discretionary
HBCP,Home Bancorp Inc. Common Stock,$66.49,-0.57,-0.85%,42924,523326168.00,United States,2008,Banks,Finance
HBIO,Harvard Bioscience Inc. Common Stock,$7.96,-0.02,-0.251%,26620,36236348.00,United States,2000,Biotechnology: Laboratory Analytical Instruments,Industrials
HBM,Hudbay Minerals Inc. Ordinary Shares (Canada),$27.01,0.14,0.521%,4023200,11996349968.00,Canada,,Metal Mining,Basic Materials
HBNB,Hotel101 Global Holdings Corp. Class A Ordinary Shares,$4.65,-0.05,-1.064%,5290,1088250595.00,Singapore,,Hotels/Resorts,Consumer Discretionary
HBNC,Horizon Bancorp Inc. Common Stock,$18.86,-0.18,-0.945%,521018,968357628.00,United States,,Major Banks,Finance
HBT,HBT Financial Inc. Common Stock,$35.69,-0.21,-0.585%,97024,1297888692.00,United States,2019,Major Banks,Finance
HCA,HCA Healthcare Inc. Common Stock,$431.63,-0.97,-0.224%,883891,93448542445.00,United States,2011,Hospital/Nursing Management,Health Care
HCAC,Hall Chadwick Acquisition Corp Class A Ordinary Shares,$10.12,0.01,0.099%,105310,0.00,Cayman Islands,2026,Auto Parts:O.E.M.,Consumer Discretionary
HCACR,Hall Chadwick Acquisition Corp Rights,$0.2201,-0.0002,-0.091%,12134,0.00,Cayman Islands,2026,,
HCAI,Huachen AI Parking Management Technology Holding Co. Ltd. Class A Ordinary Shares,$0.5366,-0.0124,-2.259%,514774,5856064.00,China,2025,Miscellaneous manufacturing industries,Consumer Discretionary
HCAT,Health Catalyst Inc Common Stock,$1.75,-0.02,-1.13%,393290,131698667.00,United States,2019,Computer Software: Programming Data Processing,Technology
HCC,Warrior Met Coal Inc. Common Stock,$88.03,-3.72,-4.054%,742061,4648167719.00,United States,2017,Coal Mining,Energy
HCI,HCI Group Inc. Common Stock,$176.49,1.20,0.685%,110780,2195335637.00,United States,,Property-Casualty Insurers,Finance
HCIC,Hennessy Capital Investment Corp. VIII Class A Ordinary Shares,$9.98,0.00,0.00%,649,0.00,United States,2026,,
HCKT,Hackett Group Inc (The). Common Stock,$9.87,0.09,0.92%,218200,245544607.00,United States,,Professional Services,Consumer Discretionary
HCM,HUTCHMED (China) Limited American Depositary Shares,$14.15,0.02,0.142%,46221,2468687165.00,Hong Kong,2016,Biotechnology: Pharmaceutical Preparations,Health Care
HCMA,HCM III Acquisition Corp. Class A Ordinary Share,$10.29,0.00,0.00%,1510,399380625.00,United States,2025,Hotels/Resorts,Consumer Discretionary
HCMAW,HCM III Acquisition Corp. Warrants,$0.60,0.0014,0.234%,499,47545724.00,United States,2025,Hotels/Resorts,Consumer Discretionary
HCSG,Healthcare Services Group Inc. Common Stock,$20.90,0.12,0.577%,513030,1434413022.00,United States,1983,Hospital/Nursing Management,Health Care
HCTI,Healthcare Triangle Inc. Common Stock,$0.6615,-0.0882,-11.765%,617345,9905514.00,United States,2021,EDP Services,Technology
HCWB,HCW Biologics Inc. Common Stock,$1.75,-0.07,-3.846%,52072,3213567.00,United States,2021,Biotechnology: Pharmaceutical Preparations,Health Care
HCXY,Hercules Capital Inc. 6.25% Notes due 2033,$25.0803,0.1003,0.402%,1577,4556480632.00,United States,2018,Investment Managers,Finance
HD,Home Depot Inc. (The) Common Stock,$288.04,-1.85,-0.638%,6012049,287374519873.00,United States,,RETAIL: Building Materials,Consumer Discretionary
HDB,HDFC Bank Limited Common Stock,$22.64,0.23,1.026%,8771874,116168619649.00,India,2001,Commercial Banks,Finance
HDL,SUPER HI INTERNATIONAL HOLDING LTD. American Depositary Shares,$11.69,0.00,0.00%,133,760199531.00,Singapore,2024,Restaurants,Consumer Discretionary
HDRN,Hadron Energy Inc. Common Stock  ,$1.27,-0.03,-2.308%,18868,90803529.00,United States,2024,Electric Utilities: Central,Utilities
HDRNW,Hadron Energy Inc. Warrant,$0.14,0.0001,0.071%,394,10009838.00,United States,2024,Electric Utilities: Central,Utilities
HDSN,Hudson Technologies Inc. Common Stock,$5.15,0.05,0.98%,400771,216756017.00,United States,,Industrial Specialties,Consumer Discretionary
HE,Hawaiian Electric Industries Inc. Common Stock,$9.08,0.13,1.453%,3049806,1568370276.00,United States,,Electric Utilities: Central,Utilities
HEI,Heico Corporation Common Stock,$307.11,2.50,0.821%,457216,42920896650.00,United States,2000,Aerospace,Industrials
HEI/A,Heico Corporation,$230.84,0.21,0.091%,267723,,United States,,,
HELE,Helen of Troy Limited Common Stock,$28.15,-1.01,-3.464%,444272,655671517.00,Bermuda,,Home Furnishings,Consumer Discretionary
HELP,Cybin Inc. Common Stock,$12.70,0.11,0.874%,972718,927883425.00,Canada,,Biotechnology: Pharmaceutical Preparations,Health Care
HEPS,D-Market Electronic Services & Trading American Depositary Shares,$2.52,0.00,0.00%,257290,900207504.00,Turkey,2021,Catalog/Specialty Distribution,Consumer Discretionary
HEQ,John Hancock Diversified Income Fund Common Shares of Beneficial Interest,$11.17,-0.03,-0.268%,41259,0.00,United States,2011,Investment Managers,Finance
HERE,Here Group Limited American Depositary Shares,$1.67,0.005,0.30%,4207,90822307.00,China,2023,Recreational Games/Products/Toys,Consumer Discretionary
HERZ,Herzfeld Credit Income Fund Inc. Common Stock,$15.35,-0.05,-0.325%,6866,0.00,United States,,Investment Managers,Finance
HESM,Hess Midstream LP Class A Representing Limited Partner Interests,$37.63,-0.85,-2.209%,1855144,4829843652.00,United States,2017,Oil & Gas Production,Energy
HFBL,Home Federal Bancorp Inc. of Louisiana Common Stock,$25.00,0.00,0.00%,550,75764850.00,United States,2010,Savings Institutions,Finance
HFFG,HF Foods Group Inc. Common Stock,$1.58,0.00,0.00%,32197,87852449.00,United States,2017,Food Distributors,Consumer Discretionary
HFRO,Highland Opportunities and Income Fund Common Shares of Beneficial Interest,$6.72,0.08,1.205%,100029,0.00,United States,2017,Finance/Investors Services,Finance
HFRO^A,Highland Opportunities and Income Fund 5.375% Series A Cumulative Preferred Shares,$15.6878,0.0777,0.498%,5213,,United States,,,
HFRO^B,Highland Opportunities and Income Fund 5.375% Series B Cumulative Preferred Shares,$15.56,0.0036,0.023%,8894,,United States,,,
HFWA,Heritage Financial Corporation Common Stock,$27.81,-0.35,-1.243%,339639,1137861668.00,United States,,Banks,Finance
HG,Hamilton Insurance Group Ltd. Class B Common Shares,$33.35,0.12,0.361%,312784,2775078079.00,Bermuda,2023,Property-Casualty Insurers,Finance
HGBL,Heritage Global Inc. Common Stock,$1.30,-0.01,-0.763%,67188,45031279.00,United States,,Business Services,Consumer Discretionary
HGLB,Highland Global Allocation Fund Common Stock,$6.57,-0.05,-0.755%,218371,0.00,,2019,Trusts Except Educational Religious and Charitable,Finance
HGTY,Hagerty Inc. Class A Common Stock,$13.55,0.02,0.148%,352371,4656087300.00,United States,2021,Specialty Insurers,Finance
HGV,Hilton Grand Vacations Inc. Common Stock ,$35.78,-0.16,-0.445%,1997908,2780969908.00,United States,2016,Hotels/Resorts,Consumer Discretionary
HHH,Howard Hughes Holdings Inc. Common Stock,$74.88,0.93,1.258%,1129557,4471911176.00,United States,,Real Estate Investment Trusts,Real Estate
HHS,Harte Hanks Inc. Common Stock,$4.63,0.03,0.652%,20228,34513131.00,United States,,Advertising,Consumer Discretionary
HIFS,Hingham Institution for Savings Common Stock,$290.86,-5.02,-1.697%,76311,624592764.00,United States,,Banks,Finance
HIG,The Hartford Insurance Group Inc. Common Stock,$125.85,-0.19,-0.151%,1562703,34089241452.00,United States,,Property-Casualty Insurers,Finance
HIG^G,The Hartford Insurance Group Inc. Depositary Shares each representing a 1/1000th interest in a share of 6.000% Non-Cumulative Preferred Stock Series G,$21.91,-0.25,-1.128%,35071,,United States,,,
HIHO,Highway Holdings Limited Common Stock,$0.8951,-0.0013,-0.145%,29173,4141338.00,Hong Kong,,Metal Fabrications,Industrials
HII,Huntington Ingalls Industries Inc. Common Stock,$259.64,2.59,1.008%,521153,10231009825.00,United States,,Marine Transportation,Industrials
HIMS,Hims & Hers Health Inc. Class A Common Stock,$28.70,-0.08,-0.278%,6582888,6696094953.00,United States,2019,Medical/Nursing Services,Health Care
HIMX,Himax Technologies Inc. American Depositary Shares,$14.10,0.14,1.003%,696118,2459405387.00,Taiwan,2006,Semiconductors,Technology
HIND,Vyome Holdings Inc. Common Stock,$2.02,-0.01,-0.493%,8581,14177427.00,United States,2016,Biotechnology: Pharmaceutical Preparations,Health Care
HIO,Western Asset High Income Opportunity Fund Inc. Common Stock,$3.30,0.03,0.917%,915005,0.00,United States,,Finance/Investors Services,Finance
HIPO,Hippo Holdings Inc. Common Stock,$30.99,0.14,0.454%,156991,817806917.00,United States,2021,Property-Casualty Insurers,Finance
HIT,Health In Tech Inc. Class A Common Stock,$0.8525,-0.0286,-3.246%,74957,55755758.00,United States,2024,Specialty Insurers,Finance
HITI,High Tide Inc. Common Shares,$2.80,-0.01,-0.356%,582237,249599319.00,Canada,,Other Specialty Stores,Consumer Discretionary
HIVE,HIVE Digital Technologies Ltd. Common Shares,$3.01,-0.03,-0.987%,9207193,825574787.00,Canada,,Finance: Consumer Services,Finance
HIW,Highwoods Properties Inc. Common Stock,$28.64,-0.77,-2.618%,1684226,3159169883.00,United States,1994,Real Estate Investment Trusts,Real Estate
HIX,Western Asset High Income Fund II Inc. Common Stock,$3.53,0.01,0.284%,582945,0.00,United States,1998,Finance/Investors Services,Finance
HKD,AMTD Digital Inc. American Depositary Shares (every five of which represent two Class A Ordinary Shares),$1.69,0.00,0.00%,128957,213217111.00,,2022,Finance: Consumer Services,Finance
HKIT,Hitek Global Inc. Class A Ordinary Share,$2.54,-0.03,-1.167%,16883,22839324.00,China,2023,Computer Software: Prepackaged Software,Technology
HKPD,Cellyan Biotechnology Co. Ltd Class A Ordinary Shares,$0.1103,0.0003,0.273%,513543,5349545.00,Hong Kong,2025,Other Pharmaceuticals,Health Care
HL,Hecla Mining Company Common Stock,$17.15,0.14,0.823%,34888419,11520828592.00,United States,,Mining & Quarrying of Nonmetallic Minerals (No Fuels),Industrials
HL^B,Hecla Mining Company Preferred Stock,$72.00,0.00,0.00%,14,,United States,,,
HLF,Herbalife Ltd. Common Shares,$12.44,-0.16,-1.27%,1007336,1303754047.00,Cayman Islands,2004,Other Pharmaceuticals,Health Care
HLI,Houlihan Lokey Inc. Class A Common Stock,$127.46,-2.08,-1.606%,729633,8907733290.00,United States,2015,Investment Managers,Finance
HLIO,Helios Technologies Inc. Common Stock,$68.55,-0.36,-0.522%,423529,2258762053.00,United States,2021,Metal Fabrications,Industrials
HLIT,Harmonic Inc. Common Stock,$10.55,-0.03,-0.284%,917691,1150650995.00,United States,1995,Radio And Television Broadcasting And Communications Equipment,Technology
HLLY,Holley Inc. Common Stock,$2.45,0.03,1.24%,2235365,297023650.00,United States,2020,Auto Parts:O.E.M.,Consumer Discretionary
HLMN,Hillman Solutions Corp. Common Stock,$7.11,0.00,0.00%,1285339,1383214943.00,United States,2020,Industrial Machinery/Components,Consumer Discretionary
HLN,Haleon plc American Depositary Shares (Each representing two Ordinary Shares),$9.07,-0.10,-1.091%,20161472,39892348735.00,United Kingdom,2022,Package Goods/Cosmetics,Consumer Discretionary
HLNE,Hamilton Lane Incorporated Class A Common Stock,$85.87,0.91,1.071%,816979,4732350485.00,United States,2017,Investment Managers,Finance
HLP,Hongli Group Inc. Class A Ordinary Shares,$2.45,0.06,2.51%,62192,183109938.00,China,2023,Industrial Machinery/Components,Industrials
HLSQ,Tessera Defense and Homeland Security Inc. Common Stock,$0.434,-0.0411,-8.651%,860340,1241240.00,,2019,Biotechnology: Biological Products (No Diagnostic Substances),Health Care
HLT,Hilton Worldwide Holdings Inc. Common Stock ,$323.44,3.16,0.987%,1430623,72794994490.00,United States,2016,Hotels/Resorts,Consumer Discretionary
HLXC,Helix Acquisition Corp. III Class A Ordinary Shares,$10.74,-0.01,-0.093%,10613,0.00,United States,2026,,
HMC,Honda Motor Company Ltd. Common Stock,$32.09,-0.40,-1.231%,554479,41637635461.00,Japan,,Auto Manufacturing,Industrials
HMH,HMH Holding Inc. Class A Common Stock,$17.77,-1.51,-7.832%,389938,783535329.00,United States,2026,Oil and Gas Field Machinery,Consumer Discretionary
HMN,Horace Mann Educators Corporation Common Stock,$45.51,0.54,1.201%,351377,1843202968.00,United States,1991,Property-Casualty Insurers,Finance
HMR,Heidmar Maritime Holdings Corp. Common Stock,$1.67,-0.05,-2.907%,92689,98516635.00,Greece,,Marine Transportation,Consumer Discretionary
HMY,Harmony Gold Mining Company Limited,$17.98,0.24,1.353%,3381507,11413123678.00,South Africa,,Precious Metals,Basic Materials
HNGE,Hinge Health Inc. Class A Common Stock,$95.21,2.76,2.985%,1724911,7682915443.00,United States,2025,EDP Services,Technology
HNI,HNI Corporation Common Stock,$46.65,-0.21,-0.448%,408045,3367280970.00,United States,,Office Equipment/Supplies/Services,Consumer Discretionary
HNNA,Hennessy Advisors Inc. Common Stock,$10.10,0.07,0.698%,13993,79834541.00,United States,,Investment Managers,Finance
HNRG,Hallador Energy Company Common Stock,$14.09,-0.30,-2.085%,552525,664249900.00,United States,,Electric Utilities: Central,Utilities
HNST,The Honest Company Inc. Common Stock,$5.21,-0.09,-1.698%,1380609,558951615.00,United States,2021,Catalog/Specialty Distribution,Consumer Discretionary
HNVR,Hanover Bancorp Inc. Common Stock,$25.47,-0.26,-1.01%,20065,179701649.00,United States,2022,Major Banks,Finance
HODO,House of Doge Inc. Common Stock,$0.166,-0.0011,-0.658%,646912,14799396.00,United States,2025,Finance: Consumer Services,Finance
HOFT,Hooker Furnishings Corporation Common Stock,$12.90,-0.21,-1.602%,31779,137929341.00,United States,,Home Furnishings,Consumer Discretionary
HOG,Harley-Davidson Inc. Common Stock,$24.82,0.15,0.608%,2152791,2583079624.00,United States,,Motor Vehicles,Consumer Discretionary
HOLO,MicroCloud Hologram Inc. Ordinary Shares,$1.615,-0.005,-0.309%,163019,37003461.00,United States,2021,Computer Software: Programming Data Processing,Technology
HOLOW,MicroCloud Hologram Inc. Warrant,$0.04,0.00,0.00%,6,916494.00,United States,2021,Computer Software: Programming Data Processing,Technology
HOMB,Home BancShares Inc. Common Stock,$28.41,-0.45,-1.559%,1277938,5683409988.00,United States,2006,Major Banks,Finance
HON,Honeywell International Inc. Common Stock,$210.13,-1.39,-0.657%,2026957,66598604301.00,United States,,Aerospace,Industrials
HONA,Honeywell Aerospace Inc. Common Stock ,$155.44,3.12,2.048%,2543178,49267131574.00,United States,,Aerospace,Industrials
HOOD,Robinhood Markets Inc. Class A Common Stock,$116.22,-0.24,-0.206%,15194650,104491341768.00,United States,2021,Investment Bankers/Brokers/Service,Finance
HOPE,Hope Bancorp Inc. Common Stock,$13.44,-0.20,-1.466%,849237,1716850276.00,United States,,Major Banks,Finance
HOS,Hornbeck Offshore Services Inc. Common Stock,$7.71,-0.23,-2.897%,2599417,1712904386.00,United States,,Oilfield Services/Equipment,Energy
HOST,Host Digital Inc. Class A Common Stock,$4.80,-0.15,-3.03%,474980,135361541.00,,2024,Food Chains,Consumer Staples
HOUR,Hour Loop Inc. Common Stock,$1.96,0.045,2.35%,76519,68991647.00,United States,2022,Catalog/Specialty Distribution,Consumer Discretionary
HOV,Hovnanian Enterprises Inc. Class A Common Stock,$112.19,-1.29,-1.137%,76537,668640059.00,United States,1983,Homebuilding,Consumer Discretionary
HOVNP,Hovnanian Enterprises Inc Dep Shr Srs A Pfd,$17.98,0.03,0.167%,10859,107158822.00,United States,,Homebuilding,Consumer Discretionary
HOVR,New Horizon Aircraft Ltd. Class A Ordinary Share,$1.70,0.00,0.00%,289850,114110700.00,United States,2023,Aerospace,Industrials
HOVRW,New Horizon Aircraft Ltd. Warrant,$0.3388,0.0188,5.875%,2278,22741591.00,United States,2023,Aerospace,Industrials
HOWL,Werewolf Therapeutics Inc. Common Stock,$0.91,-0.02,-2.151%,974198,44225150.00,United States,2021,Biotechnology: Pharmaceutical Preparations,Health Care
HP,Helmerich & Payne Inc. Common Stock,$36.61,-0.86,-2.295%,1027378,3658764776.00,United States,,Oil & Gas Production,Energy
HPAI,Helport AI Limited Ordinary Shares,$0.314,0.0005,0.159%,94435,11821130.00,Singapore,,Computer Software: Prepackaged Software,Technology
HPE,Hewlett Packard Enterprise Company Common Stock,$61.49,-1.14,-1.82%,12343634,81625809261.00,United States,2015,Retail: Computer Software & Peripheral Equipment,Technology
HPE^C,Hewlett Packard Enterprise Company 7.625% Series C Mandatory Convertible Preferred Stock,$157.46,-3.04,-1.894%,117475,,United States,,,
HPF,John Hancock Pfd Income Fund II Pfd Income Fund II,$13.49,0.11,0.822%,111407,0.00,United States,2002,Finance Companies,Finance
HPI,John Hancock Preferred Income Fund Common Shares of Beneficial Interest,$13.89,0.02,0.144%,210649,0.00,United States,2002,Trusts Except Educational Religious and Charitable,Finance
HPK,HighPeak Energy Inc. Common Stock,$7.79,0.20,2.635%,601163,985067343.00,United States,,Oil & Gas Production,Energy
HPP,Hudson Pacific Properties Inc. Common Stock,$11.66,0.16,1.391%,856424,632773520.00,United States,2010,Real Estate,Finance
HPP^C,Hudson Pacific Properties Inc. 4.750% Series C Cumulative Redeemable Preferred Stock,$14.12,-0.13,-0.912%,8830,,United States,,,
HPQ,HP Inc. Common Stock,$30.73,-0.59,-1.884%,11347792,27712036477.00,United States,,Computer Manufacturing,Technology
HPS,John Hancock Preferred Income Fund III Preferred Income Fund III,$12.03,-0.07,-0.579%,252598,0.00,United States,2003,Investment Managers,Finance
HQ,Horizon Quantum Holdings Ltd. Class A Ordinary Shares,$14.18,-0.09,-0.631%,149237,765324094.00,Singapore,,EDP Services,Technology
HQH,abrdn Healthcare Investors Shares of Beneficial Interest,$20.95,-0.30,-1.412%,192838,991851060.00,United States,1987,Finance Companies,Finance
HQI,HireQuest Inc. Common Stock (DE),$19.49,-0.24,-1.216%,23891,270911000.00,United States,,Professional Services,Consumer Discretionary
HQL,abrdn Life Sciences Investors Shares of Beneficial Interest,$18.49,-0.41,-2.169%,126893,474816470.00,United States,1992,Investment Managers,Finance
HQWWW,Horizon Quantum Holdings Ltd. Warrant,$6.40,-0.07,-1.082%,14524,345421312.00,Singapore,,EDP Services,Technology
HQY,HealthEquity Inc. Common Stock,$87.25,-1.19,-1.346%,1021930,7216909576.00,United States,2014,Business Services,Consumer Discretionary
HR,Healthcare Realty Trust Incorporated Common Stock,$17.94,-0.04,-0.222%,3630420,6148392494.00,United States,,Real Estate Investment Trusts,Real Estate
HRB,H&R Block Inc. Common Stock,$40.58,0.24,0.595%,2563443,5002131115.00,United States,,Other Consumer Services,Consumer Discretionary
HRI,Herc Holdings Inc. Common Stock ,$127.24,-6.66,-4.974%,886584,4253816935.00,United States,2016,Misc Corporate Leasing Services,Industrials
HRL,Hormel Foods Corporation Common Stock,$19.85,-0.12,-0.601%,5417779,10924463380.00,United States,,Meat/Poultry/Fish,Consumer Staples
HRMY,Harmony Biosciences Holdings Inc. Common Stock,$39.29,-0.72,-1.80%,786727,2288107881.00,United States,2020,Biotechnology: Pharmaceutical Preparations,Health Care
HROW,Harrow Inc. Common Stock,$31.40,-0.20,-0.633%,396848,1177118490.00,United States,,Biotechnology: Pharmaceutical Preparations,Health Care
HRTG,Heritage Insurance Holdings Inc. Common Stock,$33.49,0.23,0.692%,316863,995738612.00,United States,2014,Property-Casualty Insurers,Finance
HRTX,Heron Therapeutics Inc. Common Stock,$0.306,0.0142,4.866%,3358710,58094806.00,United States,,Biotechnology: Pharmaceutical Preparations,Health Care
HRZN,Horizon Technology Finance Corporation Common Stock,$4.63,0.095,2.095%,213027,310366999.00,United States,2010,Finance: Consumer Services,Finance
HSAI,Hesai Group American Depositary Share,$15.52,-0.07,-0.449%,733729,2438847115.00,China,2023,Industrial Machinery/Components,Industrials
HSBC,HSBC Holdings plc. Common Stock,$100.72,-0.46,-0.455%,1638322,345805839317.00,United Kingdom,,Savings Institutions,Finance
HSCS,HeartSciences Inc. Common Stock,$4.05,-0.38,-8.578%,141879,19617836.00,United States,2022,Industrial Specialties,Health Care
HSCSW,HeartSciences Inc. Warrant,$0.0437,0.00,0.00%,26,211679.00,United States,2022,Industrial Specialties,Health Care
HSDT,Solana Company Class A Common Stock (DE),$2.86,0.02,0.704%,185314,172911891.00,United States,,Biotechnology: Electromedical & Electrotherapeutic Apparatus,Health Care
HSHP,Himalaya Shipping Ltd. Common Shares,$17.24,-0.09,-0.519%,429816,805970000.00,,2023,Marine Transportation,Consumer Discretionary
HSIC,Henry Schein Inc. Common Stock,$84.97,-1.02,-1.186%,978836,9469612674.00,United States,1995,Medical Specialities,Health Care
HSLV,Highlander Silver Corp. Common Shares,$5.37,0.25,4.883%,576973,1092920755.00,,,,
HST,Host Hotels & Resorts Inc. Common Stock,$22.44,-0.22,-0.971%,6103168,15374191514.00,United States,,Real Estate Investment Trusts,Real Estate
HSTM,HealthStream Inc. Common Stock,$29.74,0.60,2.059%,153685,909921679.00,United States,2000,Computer Software: Programming Data Processing,Technology
HSY,The Hershey Company Common Stock,$161.41,-3.00,-1.825%,1669717,32431410296.00,United States,,Specialty Foods,Consumer Staples
HTB,HomeTrust Bancshares Inc. Common Stock,$45.79,0.29,0.637%,208340,764380712.00,United States,,Savings Institutions,Finance
HTCO,High-Trend International Group Class A Ordinary Shares,$2.20,-0.05,-2.222%,31836,14861713.00,Singapore,,Marine Transportation,Consumer Discretionary
HTCR,Heartcore Enterprises Inc. Common Stock,$2.04,-0.08,-3.774%,10284,3091269.00,Japan,2022,EDP Services,Technology
HTD,John Hancock Tax Advantaged Dividend Income Fund Common Shares of Beneficial Interest,$22.36,0.25,1.131%,143473,0.00,United States,2004,Finance Companies,Finance
HTFC,Horizon Technology Finance Corporation 6.25% Notes due 2027,$25.03,0.184,0.741%,218,1064919347.00,United States,2022,Finance: Consumer Services,Finance
HTFL,Heartflow Inc. Common Stock,$49.83,-0.09,-0.18%,2043235,4332899233.00,United States,2025,Medical/Dental Instruments,Health Care
HTGC,Hercules Capital Inc. Common Stock,$16.97,0.06,0.355%,1201110,3176173080.00,United States,2012,Investment Managers,Finance
HTH,Hilltop Holdings Inc.,$37.60,-0.52,-1.364%,247588,2153969279.00,United States,,Major Banks,Finance
HTHT,H World Group Limited American Depositary Shares,$43.14,-0.15,-0.347%,1923985,13266577552.00,China,2010,Hotels/Resorts,Consumer Discretionary
HTLD,Heartland Express Inc. Common Stock,$11.65,0.21,1.836%,788602,900924918.00,United States,1986,Trucking Freight/Courier Services,Industrials
HTLM,HomesToLife Ltd Ordinary Shares,$1.9391,0.1891,10.806%,69951,173913031.00,Singapore,2024,Other Specialty Stores,Consumer Discretionary
HTO,H2O America Common Stock,$61.65,0.28,0.456%,374033,2580471967.00,United States,,Water Supply,Utilities
HTOO,Fusion Fuel Green PLC Class A Ordinary Shares,$2.04,-0.02,-0.971%,3206,15333168.00,Ireland,,Industrial Machinery/Components,Technology
HTT,High Templar Tech Limited American depositary shares each representing one Class A ordinary share,$2.40,0.01,0.418%,20854,372680410.00,China,2017,Finance: Consumer Services,Finance
HTZ,Hertz Global Holdings Inc Common Stock,$1.68,-0.01,-0.592%,10273397,598838340.00,United States,,Rental/Leasing Companies,Consumer Discretionary
HTZWW,Hertz Global Holdings Inc Warrant,$0.90,-0.0169,-1.843%,998286,320806254.00,United States,,Rental/Leasing Companies,Consumer Discretionary
HUBB,Hubbell Inc Common Stock,$459.09,-6.63,-1.424%,498278,24254905020.00,United States,2015,Electrical Products,Technology
HUBC,Hub Cyber Security Ltd. Ordinary Shares,$0.995,-0.495,-33.221%,759726,1330361.00,Israel,,Computer Communications Equipment,Telecommunications
HUBCW,Hub Cyber Security Ltd. Warrant 2/27/28,$0.0082,-0.0013,-13.684%,33761,10964.00,Israel,,Computer Communications Equipment,Telecommunications
HUBCZ,Hub Cyber Security Ltd. Warrant ,$0.0116,0.00,0.00%,17,15510.00,Israel,,Computer Communications Equipment,Telecommunications
HUBG,Hub Group Inc. Class A Common Stock,$30.25,0.03,0.099%,1263695,1849893678.00,United States,1996,Integrated Freight & Logistics,Industrials
HUBS,HubSpot Inc. Common Stock,$197.67,-5.17,-2.549%,1471263,9857051952.00,United States,2014,Computer Software: Prepackaged Software,Technology
HUCK,Huckleberry.ai Inc. Class B Common Stock,$3.32,0.01,0.302%,555186,156160055.00,United States,2018,Computer Software: Prepackaged Software,Technology
HUDI,Huadi International Group Co. Ltd. Ordinary Shares,$0.7199,-0.0203,-2.743%,9864,10308379.00,China,2021,Steel/Iron Ore,Industrials
HUHU,HUHUTECH International Group Inc. Ordinary Shares,$5.20,-0.54,-9.408%,21897,132567495.00,China,2024,Metal Fabrications,Telecommunications
HUIZ,Huize Holding Limited American Depositary Shares,$1.33,0.03,2.308%,34316,13441081.00,China,2020,Specialty Insurers,Finance
HUM,Humana Inc. Common Stock,$386.87,-2.76,-0.708%,1892587,46455468756.00,United States,,Medical Specialities,Health Care
HUMA,Humacyte Inc. Common Stock,$0.5327,-0.0145,-2.65%,3612499,147983051.00,United States,2020,Biotechnology: Biological Products (No Diagnostic Substances),Health Care
HUN,Huntsman Corporation Common Stock,$8.38,-0.25,-2.897%,2645000,1469672802.00,United States,2005,Major Chemicals,Industrials
HURA,TuHURA Biosciences Inc. Common Stock,$2.07,-0.02,-0.957%,231324,131914097.00,United States,,Biotechnology: Pharmaceutical Preparations,Health Care
HURC,Hurco Companies Inc. Common Stock,$22.08,0.09,0.409%,10421,142997190.00,United States,,Industrial Machinery/Components,Industrials
HURN,Huron Consulting Group Inc. Common Stock,$156.36,-1.26,-0.799%,159989,2487698858.00,United States,2004,Professional Services,Consumer Discretionary
HUT,Hut 8 Corp. Common Stock,$92.86,0.15,0.162%,2486938,11445874198.00,United States,,Finance: Consumer Services,Finance
HUYA,HUYA Inc. American depositary shares each  representing one Class A ordinary share,$2.32,-0.04,-1.695%,649697,529809336.00,United States,2018,Computer Software: Programming Data Processing,Technology
HVMC,Highview Merger Corp. Class A Ordinary Share,$10.27,0.01,0.097%,626,0.00,United States,2025,,
HVT,Haverty Furniture Companies Inc. Common Stock,$27.50,-0.33,-1.186%,113057,428824715.00,United States,,Other Specialty Stores,Consumer Discretionary
HVT/A,Haverty Furniture Companies Inc.,$28.09,0.00,0.00%,66,,United States,,,
HWBK,Hawthorn Bancshares Inc. Common Stock,$38.30,-0.24,-0.623%,10636,264295967.00,United States,,Major Banks,Finance
HWC,Hancock Whitney Corporation Common Stock,$72.20,-0.63,-0.865%,818702,5792104788.00,United States,,Major Banks,Finance
HWCPZ,Hancock Whitney Corporation 6.25% Subordinated Notes due 2060,$21.05,-0.10,-0.473%,3696,1784092287.00,United States,,Major Banks,Finance
HWKN,Hawkins Inc. Common Stock,$126.15,-1.68,-1.314%,146471,2633396010.00,United States,,Specialty Chemicals,Consumer Discretionary
HWM,Howmet Aerospace Inc. Common Stock,$230.94,2.62,1.148%,1855171,92099195085.00,United States,,Metal Fabrications,Industrials
HXHX,Haoxin Holdings Limited Class A Ordinary Shares,$0.4098,-0.0129,-3.052%,24124,6032256.00,China,2025,Trucking Freight/Courier Services,Industrials
HXL,Hexcel Corporation Common Stock,$84.35,0.21,0.25%,792584,6378838176.00,United States,,Major Chemicals,Industrials
HY,Hyster-Yale Inc. Class A common stock,$32.00,0.13,0.408%,100418,573772384.00,United States,,Construction/Ag Equipment/Trucks,Industrials
HYFM,Hydrofarm Holdings Group Inc. Common Stock,$0.94,-0.033,-3.392%,15487,4530164.00,United States,2020,Consumer Specialties,Consumer Discretionary
HYFT,MindWalk Holdings Corp. Common Stock,$1.38,0.04,2.985%,103022,65014102.00,Canada,,Biotechnology: Pharmaceutical Preparations,Health Care
HYI,Western Asset High Yield Opportunity Fund Inc. Common Stock,$9.85,0.02,0.203%,105594,0.00,,2010,Investment Managers,Finance
HYLN,Hyliion Holdings Corp. Class A Common Stock,$4.01,0.05,1.263%,2037444,716174844.00,United States,2019,Construction/Ag Equipment/Trucks,Consumer Discretionary
HYMC,Hycroft Mining Holding Corporation Class A Common Stock,$19.38,-0.22,-1.122%,2251470,1805860978.00,United States,2018,Precious Metals,Basic Materials
HYNE,Hoyne Bancorp Inc. Common Stock,$16.50,0.10,0.61%,1797,133599477.00,United States,2025,Banks,Finance
HYPD,Hyperion DeFi Inc. Common Stock,$3.99,0.075,1.916%,359539,62002342.00,United States,2018,Biotechnology: Pharmaceutical Preparations,Health Care
HYPR,Hyperfine Inc. Class A Common Stock,$0.805,-0.0309,-3.697%,469835,85369179.00,United States,2021,Biotechnology: Electromedical & Electrotherapeutic Apparatus,Health Care
HYT,Blackrock Corporate High Yield Fund Inc. Common Stock,$7.81,0.04,0.515%,1138860,0.00,United States,2003,Finance Companies,Finance
HZO,MarineMax Inc.  (FL) Common Stock,$52.24,-0.13,-0.248%,584078,1153811611.00,United States,1998,Auto & Home Supply Stores,Consumer Discretionary
IA,Innovative Solutions and Support Inc. Common Stock,$18.73,-0.17,-0.899%,158677,335251510.00,United States,,EDP Services,Technology
IACO,Idea Acquisition Corp. Class A Ordinary Shares,$10.00,0.00,0.00%,840,0.00,United States,2026,Blank Checks,Finance
IACQ,Irenic Acquisition Corp. Class A Ordinary Shares,$9.98,0.0619,0.624%,133,0.00,United States,2026,Blank Checks,Finance
IAE,Voya Asia Pacific High Dividend Equity Income Fund ING Asia Pacific High Dividend Equity Income Fund Common Shares of Beneficial Interest,$8.78,-0.07,-0.791%,62810,0.00,United States,2007,Trusts Except Educational Religious and Charitable,Finance
IAF,abrdn Australia Equity Fund Inc. Common Stock,$12.52,-0.16,-1.262%,13744,0.00,United States,1985,Finance/Investors Services,Finance
IAG,Iamgold Corporation Ordinary Shares,$18.64,-0.04,-0.214%,6618821,10643440000.00,Canada,,Precious Metals,Basic Materials
IART,Integra LifeSciences Holdings Corporation Common Stock,$16.64,0.37,2.274%,1005217,1294134500.00,United States,,Medical/Dental Instruments,Health Care
IAUX,i-80 Gold Corp. Common Shares,$1.66,0.01,0.606%,4871106,1437396794.00,Canada,2022,Precious Metals,Basic Materials
IBAC,IB Acquisition Corp. Common Stock,$11.10,-0.20,-1.77%,1631,0.00,United States,2024,Blank Checks,Finance
IBACR,IB Acquisition Corp. Right,$0.1151,-0.0049,-4.083%,14307,0.00,United States,2024,Blank Checks,Finance
IBCP,Independent Bank Corporation Common Stock,$35.35,-0.24,-0.674%,169750,784745078.00,United States,,Major Banks,Finance
IBEX,IBEX Limited Common Shares,$43.38,-0.95,-2.143%,76503,576027143.00,Bermuda,2020,EDP Services,Technology
IBG,Innovation Beverage Group Limited Ordinary Shares,$0.92,-0.015,-1.604%,56001,3882880.00,Australia,2024,Beverages (Production/Distribution),Consumer Staples
IBIO,iBio Inc. Common Stock,$1.17,0.00,0.00%,236502,75239490.00,United States,,Biotechnology: Pharmaceutical Preparations,Health Care
IBKR,Interactive Brokers Group Inc. Class A Common Stock,$86.18,-0.90,-1.034%,2833475,39046276777.00,United States,2019,Investment Bankers/Brokers/Service,Finance
IBM,International Business Machines Corporation Common Stock,$219.99,-0.68,-0.308%,3766491,207260144456.00,United States,,Computer Manufacturing,Technology
IBN,ICICI Bank Limited Common Stock,$27.25,-0.05,-0.183%,3859884,97556533766.00,India,,Commercial Banks,Finance
IBO,Impact BioMedical Inc. Common Stock,$5.60,-0.01,-0.178%,9048,47844602.00,,2024,Biotechnology: Pharmaceutical Preparations,Health Care
IBOC,International Bancshares Corporation Common Stock,$68.94,-0.59,-0.849%,318656,4287482975.00,United States,,Major Banks,Finance
IBP,Installed Building Products Inc. Common Stock,$193.94,-2.15,-1.096%,292632,5154765587.00,United States,2014,Homebuilding,Consumer Discretionary
IBRX,ImmunityBio Inc. Common Stock,$8.83,0.31,3.638%,8366678,9358354291.00,United States,2015,Biotechnology: Biological Products (No Diagnostic Substances),Health Care
IBTA,Ibotta Inc. Class A Common Stock,$39.27,-0.80,-1.997%,255494,909870742.00,United States,2024,Advertising,Consumer Discretionary
ICCC,ImmuCell Corporation Common Stock,$9.94,0.06,0.607%,2944,90277038.00,United States,1987,Biotechnology: In Vitro & In Vivo Diagnostic Substances,Health Care
ICCM,IceCure Medical Ltd. Ordinary Shares,$1.59,-0.04,-2.454%,192384,5447936.00,Israel,,Medical/Dental Instruments,Health Care
ICE,Intercontinental Exchange Inc. Common Stock,$152.19,-0.72,-0.471%,1913322,85438626977.00,United States,2005,Investment Bankers/Brokers/Service,Finance
ICFI,ICF International Inc. Common Stock,$83.12,0.12,0.145%,299647,1490664438.00,United States,2006,Professional Services,Consumer Discretionary
ICG,Intchains Group Limited American Depositary Shares,$0.93,0.05,5.682%,144060,112328099.00,China,2023,Semiconductors,Technology
ICHR,Ichor Holdings Ordinary Shares,$59.76,0.34,0.572%,704952,2238264725.00,United States,2016,Semiconductors,Technology
ICL,ICL Group Ltd. Ordinary Shares,$5.17,0.15,2.988%,1305217,6672778009.00,Israel,2014,Agricultural Chemicals,Industrials
ICLR,ICON plc Ordinary Shares,$170.35,-5.22,-2.973%,1442801,13043243814.00,Ireland,1998,Biotechnology: Commercial Physical & Biological Resarch,Health Care
ICMB,Investcorp Credit Management BDC Inc. Common Stock,$0.8501,-0.0049,-0.573%,24700,12269044.00,United States,2014,Finance: Consumer Services,Finance
ICON,Icon Energy Corp. Common stock,$0.93,0.0001,0.011%,15202,3496162.00,Greece,2024,Marine Transportation,Consumer Discretionary
ICR^A,InPoint Commercial Real Estate Income Inc. 6.75% Series A Cumulative Redeemable Preferred Stock,$21.7705,-0.0495,-0.227%,1665,,,,,
ICU,SeaStar Medical Holding Corporation Common Stock,$3.56,0.16,4.706%,135383,15688354.00,United States,2021,Medical/Dental Instruments,Health Care
ICUCW,SeaStar Medical Holding Corporation Warrant,$0.0154,0.00,0.00%,213,67865.00,United States,2021,Medical/Dental Instruments,Health Care
ICUI,ICU Medical Inc. Common Stock,$163.44,-0.59,-0.36%,245927,4087150291.00,United States,1992,Medical/Dental Instruments,Health Care
IDA,IDACORP Inc. Common Stock,$131.12,2.31,1.793%,964822,7584248678.00,United States,,Electric Utilities: Central,Utilities
IDAC,Iron Dome Acquisition I Corp. Class A Ordinary Shares,$9.99,0.00,0.00%,8,0.00,United States,2026,,
IDACU,Iron Dome Acquisition I Corp. Units,$10.06,0.00,0.00%,3,0.00,United States,2026,,
IDACW,Iron Dome Acquisition I Corp. Warrant,$0.28,-0.04,-12.50%,11622,0.00,United States,2026,,
IDAI,T Stamp Inc. Class A Common Stock,$3.27,0.14,4.473%,22611,18440482.00,United States,,Computer Software: Prepackaged Software,Technology
IDCC,InterDigital Inc. Common Stock,$324.30,-2.84,-0.868%,155366,8368888070.00,United States,,Multi-Sector Companies,Miscellaneous
IDE,Voya Infrastructure Industrials and Materials Fund Common Shares of Beneficial Interest,$12.14,-0.01,-0.082%,52882,0.00,United States,2010,Finance/Investors Services,Finance
IDN,Intellicheck Inc. Common Stock,$2.33,-0.01,-0.427%,98254,47221511.00,United States,1999,Computer Software: Prepackaged Software,Technology
IDR,Idaho Strategic Resources Inc. Common Stock,$28.71,-0.05,-0.174%,151326,454369341.00,United States,2022,Precious Metals,Basic Materials
IDT,IDT Corporation Class B Common Stock,$75.56,6.00,8.626%,800674,1879068847.00,United States,,Telecommunications Equipment,Telecommunications
IDXX,IDEXX Laboratories Inc. Common Stock,$533.44,4.38,0.828%,648951,42024998519.00,United States,1991,Biotechnology: In Vitro & In Vivo Diagnostic Substances,Health Care
IDYA,IDEAYA Biosciences Inc. Common Stock,$37.86,-0.36,-0.942%,815466,3653091864.00,United States,2019,Biotechnology: Pharmaceutical Preparations,Health Care
IE,Ivanhoe Electric Inc. Common Stock,$10.64,0.00,0.00%,2116985,1698040356.00,Canada,2022,Metal Mining,Basic Materials
IEAG,Infinite Eagle Acquisition Corp. Class A Ordinary Shares,$10.20,-0.02,-0.196%,150008,0.00,United States,2026,Blank Checks,Finance
IEAGU,Infinite Eagle Acquisition Corp. Unit,$10.37,0.00,0.00%,100,0.00,United States,2026,,
IEP,Icahn Enterprises L.P. Common Stock,$6.86,-0.005,-0.073%,663867,4876877538.00,United States,,Integrated oil Companies,Energy
IESC,IES Holdings Inc. Common Stock,$324.44,2.35,0.73%,160191,12928516121.00,United States,,Engineering & Construction,Industrials
IEX,IDEX Corporation Common Stock,$230.43,-0.72,-0.311%,810779,16987275635.00,United States,1989,Fluid Controls,Industrials
IFBD,Infobird Co. Ltd Ordinary Shares,$0.99,-0.28,-22.047%,164893,8106688.00,China,2021,Computer Software: Prepackaged Software,Technology
IFF,International Flavors & Fragrances Inc. Common Stock,$85.25,-0.47,-0.548%,1456085,21751534346.00,United States,,Major Chemicals,Industrials
IFN,Aberdeen India Fund Inc. Common Stock,$10.69,0.04,0.376%,83291,0.00,United States,,Finance/Investors Services,Finance
IFRX,InflaRx N.V. Common Stock,$1.85,0.03,1.648%,268411,272631209.00,Germany,2017,Biotechnology: Pharmaceutical Preparations,Health Care
IFS,Intercorp Financial Services Inc. Common Shares,$54.56,-0.96,-1.729%,220537,6023298785.00,,2019,Commercial Banks,Finance
IGA,Voya Global Advantage and Premium Opportunity Fund Common Shares of Beneficial Interest,$10.07,-0.06,-0.592%,170744,0.00,United States,2005,Investment Managers,Finance
IGAC,Invest Green Acquisition Corporation Class A Ordinary Shares,$10.115,0.005,0.049%,170,0.00,United States,2025,Blank Checks,Finance
IGC,IGC Pharma Inc. Common Stock,$0.2675,-0.0065,-2.372%,525016,27655222.00,United States,,Biotechnology: Pharmaceutical Preparations,Health Care
IGD,Voya Global Equity Dividend and Premium Opportunity Fund,$6.29,0.02,0.319%,488572,0.00,United States,2005,Trusts Except Educational Religious and Charitable,Finance
IGI,Western Asset Investment Grade Opportunity Trust Inc. Common Stock,$15.69,-0.11,-0.696%,8412,0.00,United States,2009,Investment Managers,Finance
IGIC,International General Insurance Holdings Ltd. Ordinary Share,$24.60,0.18,0.737%,214829,1053918514.00,Jordan,2018,Property-Casualty Insurers,Finance
IGR,CBRE Global Real Estate Income Fund Common Shares of Beneficial Interest,$11.83,0.10,0.853%,439636,0.00,United States,2004,Finance Companies,Finance
IH,iHuman Inc. American depositary shares each representing five Class A ordinary shares,$1.14,-0.01,-0.87%,1286,58268663.00,United States,2020,Other Consumer Services,Real Estate
IHD,Voya Emerging Markets High Income Dividend Equity Fund Common Shares,$7.58,-0.06,-0.785%,26571,0.00,United States,2011,Investment Managers,Finance
IHG,Intercontinental Hotels Group American Depositary Shares (Each representing one Ordinary Share),$163.10,1.99,1.235%,203624,23279316986.00,United Kingdom,,Hotels/Resorts,Consumer Discretionary
IHRT,iHeartMedia Inc. Class A Common Stock,$2.175,-0.045,-2.027%,408791,290795601.00,United States,,Broadcasting,Consumer Discretionary
IHS,IHS Holding Limited Ordinary Shares,$8.38,0.00,0.00%,947918,2811667840.00,Cayman Islands,2021,Telecommunications Equipment,Telecommunications
IHT,InnSuites Hospitality Trust Shares of Beneficial Interest,$1.3654,-0.0096,-0.698%,6680,15326027.00,United States,1999,Real Estate Investment Trusts,Real Estate
IIF,Morgan Stanley India Investment Fund Inc. Common Stock,$21.57,-0.12,-0.553%,9100,0.00,United States,1994,Trusts Except Educational Religious and Charitable,Finance
III,Information Services Group Inc. Common Stock,$5.43,0.06,1.117%,316929,262885099.00,United States,,Professional Services,Consumer Discretionary
IIIN,Insteel Industries Inc. Common Stock,$29.09,-0.20,-0.683%,155349,563131405.00,United States,,Steel/Iron Ore,Industrials
IIIV,i3 Verticals Inc. Class A Common Stock,$13.98,-0.43,-2.984%,501344,367981686.00,United States,2018,Computer Software: Prepackaged Software,Technology
IIM,Invesco Value Municipal Income Trust Common Stock,$10.45,-0.22,-2.062%,760790,491865188.00,United States,,Investment Managers,Finance
IIPR,Innovative Industrial Properties Inc. Common Stock,$54.51,-0.70,-1.268%,1027385,1502914234.00,United States,2016,Real Estate,Finance
IIPR^A,Innovative Industrial Properties Inc. 9.00% Series A Cumulative Redeemable Preferred Stock,$24.92,0.075,0.302%,34434,,United States,,,
IKT,Inhibikase Therapeutics Inc. Common Stock,$2.02,-0.03,-1.463%,400256,281862518.00,United States,2020,Biotechnology: Biological Products (No Diagnostic Substances),Health Care
ILAG,Intelligent Living Application Group Inc. Ordinary Shares,$2.78,0.00,0.00%,135,5773915.00,Hong Kong,2022,Office Equipment/Supplies/Services,Consumer Discretionary
ILLR,Triller Group Inc. Common Stock,$0.24,-0.0992,-29.245%,23088574,4916972.00,United States,2019,Investment Managers,Finance
ILLRW,Triller Group Inc. Warrant,$0.035,-0.0041,-10.486%,8013,717058.00,United States,2019,Investment Managers,Finance
ILLU,Illumination Acquisition Corp I Class A Ordinary Shares,$9.98,0.00,0.00%,41,102442145.00,United States,2026,Blank Checks,Finance
ILLUW,Illumination Acquisition Corp I Warrant,$0.37,0.00,0.00%,50,0.00,United States,2026,,
ILMN,Illumina Inc. Common Stock,$272.00,0.10,0.037%,2229745,41072000000.00,United States,2000,Medical Specialities,Health Care
ILPT,Industrial Logistics Properties Trust Common Shares of Beneficial Interest,$7.18,-0.09,-1.238%,304684,479235426.00,United States,2018,Real Estate Investment Trusts,Real Estate
IMA,ImageneBio Inc. Common Stock,$4.58,-0.06,-1.293%,7261,51989668.00,United States,2021,Biotechnology: Biological Products (No Diagnostic Substances),Health Care
IMAX,Imax Corporation Common Stock,$56.33,0.20,0.356%,1207223,3089256282.00,Canada,,Industrial Machinery/Components,Consumer Discretionary
IMC,IMC Rare Earths Ltd Ordinary Shares,$7.26,-0.24,-3.20%,42009,763026000.00,,2026,Metal Mining,Basic Materials
IMCC,IM Cannabis Corp. Common Shares,$2.45,-0.03,-1.21%,1762760,2431610.00,Canada,, Medicinal Chemicals and Botanical Products ,Health Care
IMCR,Immunocore Holdings plc American Depositary Shares,$30.85,0.21,0.685%,344220,1588732334.00,United Kingdom,2021,Biotechnology: Biological Products (No Diagnostic Substances),Health Care
IMDX,Insight Molecular Diagnostics Inc. Common Stock,$3.38,0.20,6.289%,311228,110608080.00,United States,,Biotechnology: In Vitro & In Vivo Diagnostic Substances,Health Care
IMKTA,Ingles Markets Incorporated Class A Common Stock,$84.96,-0.13,-0.153%,96765,1613762185.00,United States,1987,Food Chains,Consumer Staples
IMMP,Immutep Limited American Depositary Shares,$4.71,-0.17,-3.484%,34072,34706139.00,Australia,,Biotechnology: Pharmaceutical Preparations,Health Care
IMMR,Immersion Corporation Common Stock,$7.26,0.01,0.138%,276776,241075858.00,United States,1999,Computer peripheral equipment,Technology
IMMX,Immix Biopharma Inc. Common Stock,$10.54,-0.93,-8.108%,5760524,754024370.00,United States,2021,Biotechnology: Pharmaceutical Preparations,Health Care
IMNM,Immunome Inc. Common Stock,$21.89,0.21,0.969%,917025,2486214299.00,United States,2020,Biotechnology: Pharmaceutical Preparations,Health Care
IMNN,Imunon Inc. Common Stock,$1.335,-0.045,-3.261%,157240,7491223.00,United States,,Biotechnology: Pharmaceutical Preparations,Health Care
IMO,Imperial Oil Limited Common Stock,$121.85,-0.49,-0.401%,432260,58925807050.00,Canada,1929,Integrated oil Companies,Energy
IMOS,ChipMOS TECHNOLOGIES INC. American Depositary Shares,$67.76,-3.82,-5.337%,122219,2371542811.00,Taiwan,,Semiconductors,Technology
IMPP,Imperial Petroleum Inc. Common Shares,$5.005,0.015,0.301%,461180,226294358.00,Greece,,Marine Transportation,Consumer Discretionary
IMPPP,Imperial Petroleum Inc. 8.75% Series A Cumulative Redeemable Perpetual Preferred Shares,$25.50,-0.55,-2.111%,722,1152948279.00,Greece,,Marine Transportation,Consumer Discretionary
IMRN,Immuron Limited American Depositary Shares,$1.19,0.03,2.586%,186329,9604730.00,Australia,2017,Biotechnology: Pharmaceutical Preparations,Health Care
IMRX,Immuneering Corporation Class A Common Stock,$4.13,-0.03,-0.721%,574669,267200270.00,United States,2021,Biotechnology: Pharmaceutical Preparations,Health Care
IMSR,Terrestrial Energy Inc. Common Stock  ,$3.97,-0.15,-3.641%,1569260,420562958.00,United States,2024,Metal Fabrications,Industrials
IMSRW,Terrestrial Energy Inc. Warrant,$1.45,-0.03,-2.027%,12303,153606118.00,United States,2024,Metal Fabrications,Industrials
IMTE,Integrated Media Technology Limited Ordinary Shares,$0.4913,0.0113,2.354%,9608,1693233.00,Australia,,Consumer Electronics/Appliances,Consumer Staples
IMTX,Immatics N.V. Ordinary Shares,$8.56,0.06,0.706%,644439,1280847147.00,Germany,,Biotechnology: Biological Products (No Diagnostic Substances),Health Care
IMUX,Immunic Inc. Common Stock,$8.91,-0.60,-6.309%,435130,121572201.00,United States,2014,Biotechnology: Pharmaceutical Preparations,Health Care
IMVT,Immunovant Inc. Common Stock,$33.46,-0.03,-0.09%,1311452,6911252740.00,United States,2019,Biotechnology: Biological Products (No Diagnostic Substances),Health Care
IMXI,International Money Express Inc. Common Stock,$11.65,0.00,0.00%,517796,351965455.00,United States,2017,Business Services,Consumer Discretionary
INAB,IN8bio Inc. Common Stock,$1.295,0.055,4.435%,62216,12766606.00,United States,2021,Biotechnology: Biological Products (No Diagnostic Substances),Health Care
INAC,Indigo Acquisition Corp. Ordinary Shares,$10.33,0.00,0.00%,10,0.00,United States,2025,,
INACR,Indigo Acquisition Corp. Right,$0.1185,0.0185,18.50%,1501,0.00,United States,2025,,
INBK,First Internet Bancorp Common Stock,$26.11,-0.05,-0.191%,48073,228033617.00,United States,,Major Banks,Finance
INBKZ,First Internet Bancorp 6.0% Fixed-to-Floating Rate Subordinated Notes Due 2029,$25.10,-0.05,-0.199%,10193,218698659.00,United States,,Major Banks,Finance
INBS,Intelligent Bio Solutions Inc. Common Stock,$1.63,-0.02,-1.212%,61970,5406389.00,United States,2020,Medical/Dental Instruments,Health Care
INBX,Inhibrx Biosciences Inc. Common Stock,$104.83,3.12,3.068%,240980,1542852298.00,United States,,Biotechnology: Biological Products (No Diagnostic Substances),Health Care
INCR,Intercure Ltd. Ordinary Shares,$5.23,0.14,2.75%,2276,61953069.00,Israel,,Biotechnology: Pharmaceutical Preparations,Health Care
INCY,Incyte Corp. Common Stock,$123.20,-1.62,-1.298%,1718869,24972362307.00,United States,,Biotechnology: Commercial Physical & Biological Resarch,Health Care
INDB,Independent Bank Corp. Common Stock,$78.16,-1.38,-1.735%,343512,3702368778.00,United States,,Major Banks,Finance
INDI,indie Semiconductor Inc. Class A Common Stock,$2.96,0.06,2.069%,8384176,686154294.00,United States,,Semiconductors,Technology
INDO,Indonesia Energy Corporation Limited Ordinary Shares,$2.65,0.00,0.00%,141939,40775126.00,,2019,Oil & Gas Production,Energy
INDP,Indaptus Therapeutics Inc. Common Stock,$2.85,-0.44,-13.374%,590400,379740623.00,United States,,Biotechnology: Pharmaceutical Preparations,Health Care
INDV,Indivior Pharmaceuticals Inc. Common Stock,$36.59,-0.29,-0.786%,2005525,4318788465.00,United Kingdom,,Biotechnology: Pharmaceutical Preparations,Health Care
INEO,INNEOVA Holdings Limited Class A Ordinary Shares,$0.5974,0.0074,1.254%,9304,9660331.00,Singapore,2024,Motor Vehicles,Consumer Discretionary
INFQ,Infleqtion Inc. Common Stock,$13.84,-0.29,-2.052%,4382954,3118941600.00,,2026,EDP Services,Technology
INFU,InfuSystems Holdings Inc. Common Stock,$13.03,0.16,1.243%,85273,259520868.00,United States,,Medical/Dental Instruments,Health Care
INFY,Infosys Limited American Depositary Shares,$10.64,0.12,1.141%,14286268,43159671368.00,India,,EDP Services,Technology
ING,ING Group N.V. Common Stock,$36.08,-0.30,-0.825%,2174143,104719951783.00,Netherlands,1997,Commercial Banks,Finance
INGM,Ingram Micro Holding Corporation Common Stock,$26.95,0.49,1.852%,1824910,6216338313.00,United States,2024,Retail: Computer Software & Peripheral Equipment,Technology
INGN,Inogen Inc Common Stock,$5.37,-0.07,-1.287%,232001,142510870.00,United States,2014,Industrial Specialties,Health Care
INGR,Ingredion Incorporated Common Stock,$96.46,0.01,0.01%,752255,6083151414.00,United States,,Packaged Foods,Consumer Staples
INHD,Inno Holdings Inc. Common Stock,$3.17,0.18,6.02%,33332,7990242.00,United States,2023,Steel/Iron Ore,Industrials
INIO,INNIO N.V. Ordinary Shares,$18.38,0.22,1.211%,6100364,13785000000.00,Germany,2026,Metal Fabrications,Consumer Discretionary
INKT,MiNK Therapeutics Inc. Common Stock,$12.26,0.15,1.239%,22046,62562805.00,United States,2021,Biotechnology: Biological Products (No Diagnostic Substances),Health Care
INLF,INLIF LIMITED Class A Ordinary Shares,$4.66,-0.57,-10.899%,231624,5080789.00,China,2025,Industrial Machinery/Components,Industrials
INLX,Intellinetics Inc. Common Stock,$5.35,0.20,3.883%,664,24048218.00,,2022,Computer Software: Prepackaged Software,Technology
INM,InMed Pharmaceuticals Inc. Common Shares,$1.375,0.015,1.103%,60534,7553886.00,Canada,,Biotechnology: Pharmaceutical Preparations,Health Care
INMB,INmune Bio Inc. Common stock,$1.96,-0.04,-2.00%,286564,54397426.00,United States,2019,Biotechnology: Biological Products (No Diagnostic Substances),Health Care
INMD,InMode Ltd. Ordinary Shares,$14.22,0.015,0.106%,362754,817376578.00,Israel,2019,Biotechnology: Electromedical & Electrotherapeutic Apparatus,Health Care
INN,Summit Hotel Properties Inc. Common Stock,$5.91,0.09,1.546%,4356645,637413966.00,United States,2011,Real Estate Investment Trusts,Real Estate
INN^E,Summit Hotel Properties Inc. 6.250% Series E Cumulative Redeemable Preferred Stock,$17.10,0.1554,0.917%,5494,,United States,,,
INN^F,Summit Hotel Properties Inc. 5.875% Series F Cumulative Redeemable Preferred Stock $0.01 par value per share,$16.2959,-0.0941,-0.574%,5348,,United States,,,
INNV,InnovAge Holding Corp. Common Stock,$8.98,0.09,1.012%,729154,1225333797.00,United States,2021,Medical/Nursing Services,Health Care
INO,Inovio Pharmaceuticals Inc. Common Stock,$1.11,-0.06,-5.128%,3060024,114771245.00,United States,,Biotechnology: Pharmaceutical Preparations,Health Care
INOD,Innodata Inc. Common Stock,$66.94,0.15,0.225%,963585,2301574658.00,United States,1993,EDP Services,Technology
INR,Infinity Natural Resources Inc. Class A Common Stock,$12.69,0.16,1.277%,371276,804828454.00,United States,2025,Oil & Gas Production,Energy
INSE,Inspired Entertainment Inc. Common Stock,$3.29,-0.70,-17.544%,1610065,86719044.00,United States,2014,Computer Software: Prepackaged Software,Technology
INSG,Inseego Corp. Common Stock,$3.87,0.265,7.351%,312247,63547691.00,United States,,Telecommunications Equipment,Telecommunications
INSM,Insmed Incorporated Common Stock,$115.63,-2.04,-1.734%,1668369,25251453192.00,United States,,Biotechnology: Pharmaceutical Preparations,Health Care
INSP,Inspire Medical Systems Inc. Common Stock,$73.18,3.18,4.543%,873575,2115661243.00,United States,2018,Medical/Dental Instruments,Health Care
INSW,International Seaways Inc. Common Stock ,$110.24,1.93,1.782%,470132,5460331725.00,United States,2016,Marine Transportation,Consumer Discretionary
INTA,Intapp Inc. Common Stock,$35.20,-0.19,-0.537%,405165,2693192410.00,United States,2021,Computer Software: Prepackaged Software,Technology
INTC,Intel Corporation Common Stock,$115.93,-0.10,-0.086%,88744691,612698108410.00,United States,,Semiconductors,Technology
INTG,Intergroup Corporation (The) Common Stock,$32.36,-0.54,-1.641%,102964,69535556.00,United States,,Building operators,Real Estate
INTJ,Intelligent Group Limited Class A Ordinary Shares ,$3.25,0.25,8.333%,12541,4996869.00,Hong Kong,2024,Professional Services,Consumer Discretionary
INTR,Inter & Co. Inc. Class A Common Shares,$5.13,0.09,1.786%,5915320,2263980131.00,Brazil,,Commercial Banks,Finance
INTS,Intensity Therapeutics Inc. Common stock,$3.42,-0.23,-6.301%,34276,11165886.00,United States,2023,Biotechnology: Biological Products (No Diagnostic Substances),Health Care
INTT,inTest Corporation Common Stock,$11.35,-0.36,-3.074%,80882,145572671.00,United States,1997,Electrical Products,Industrials
INTU,Intuit Inc. Common Stock,$268.03,-1.37,-0.509%,3709766,71627265080.00,United States,1993,Computer Software: Prepackaged Software,Technology
INTZ,Intrusion Inc. Common Stock,$0.7347,0.0606,8.99%,115333,18005258.00,United States,,Computer Communications Equipment,Telecommunications
INUV,Inuvo Inc.,$0.562,-0.006,-1.056%,394077,9263490.00,United States,,Advertising,Consumer Discretionary
INV,Innventure Inc. Common Stock,$0.6001,-0.0901,-13.054%,5595490,50776055.00,United States,,Blank Checks,Finance
INVA,Innoviva Inc. Common Stock,$21.11,-0.12,-0.565%,555826,1525102188.00,United States,2004,Biotechnology: Pharmaceutical Preparations,Health Care
INVE,INVE Technologies Inc. Common Stock,$2.37,-0.02,-0.837%,209866,57438735.00,United States,,Computer peripheral equipment,Technology
INVH,Invitation Homes Inc. Common Stock,$26.57,0.03,0.113%,3441405,15692859115.00,United States,2017,Real Estate,Finance
INVX,Innovex International Inc. Common Stock,$27.41,-1.45,-5.024%,557405,1916941018.00,United States,,Oil and Gas Field Machinery,Consumer Discretionary
INVZ,Innoviz Technologies Ltd. Ordinary shares,$0.3771,-0.0009,-0.238%,1611672,133756868.00,Israel,,Auto Parts:O.E.M.,Consumer Discretionary
IOND,Ionic Digital Inc. Class A Common Stock,$81.40,-0.42,-0.513%,357581,3662688645.00,United States,,Finance: Consumer Services,Finance
IONQ,IonQ Inc. Common Stock,$43.91,-0.67,-1.503%,18797064,16729811608.00,United States,2021,EDP Services,Technology
IONR,ioneer Ltd American Depositary Shares,$3.15,0.02,0.639%,328095,242127424.00,Australia,,Mining & Quarrying of Nonmetallic Minerals (No Fuels),Industrials
IONS,Ionis Pharmaceuticals Inc. Common Stock,$45.89,0.32,0.702%,3885843,7626198537.00,United States,,Biotechnology: Pharmaceutical Preparations,Health Care
IOR,Income Opportunity Realty Investors Inc. Common Stock,$18.23,0.00,0.00%,96,74126425.00,United States,1987,Real Estate Investment Trusts,Real Estate
IOSP,Innospec Inc. Common Stock,$96.72,-1.16,-1.185%,185229,2382314866.00,United States,,Major Chemicals,Industrials
IOT,Samsara Inc. Class A Common Stock,$37.97,0.04,0.105%,5592254,22235429786.00,United States,2021,EDP Services,Technology
IOTR,iOThree Limited Ordinary Shares,$2.02,-0.01,-0.493%,2453,12250084.00,Singapore,2025,Telecommunications Equipment,Consumer Discretionary
IOVA,Iovance Biotherapeutics Inc. Common Stock,$14.45,3.46,31.483%,78168119,6545437192.00,United States,,Biotechnology: Biological Products (No Diagnostic Substances),Health Care
IP,International Paper Company Common Stock,$33.32,-0.68,-2.00%,5461380,17645268901.00,United States,,Paper,Basic Materials
IPAR,Interparfums Inc. Common Stock,$115.09,-2.85,-2.416%,179746,3685847135.00,United States,,Package Goods/Cosmetics,Consumer Discretionary
IPDN,Professional Diversity Network Inc. Common Stock,$3.55,-0.34,-8.74%,121135,2363629.00,United States,2013,Computer Software: Programming Data Processing,Technology
IPFX,Inflection Point Acquisition Corp. VI Class A Ordinary Shares,$10.04,-0.015,-0.149%,34894,0.00,United States,2026,Blank Checks,Finance
IPFXU,Inflection Point Acquisition Corp. VI Units,$10.37,0.00,0.00%,2,0.00,United States,2026,Blank Checks,Finance
IPFXW,Inflection Point Acquisition Corp. VI Warrant,$0.7578,-0.0192,-2.471%,10258,0.00,United States,2026,Blank Checks,Finance
IPGP,IPG Photonics Corporation Common Stock,$78.52,1.29,1.67%,274322,3339812002.00,United States,2006,Semiconductors,Technology
IPHA,Innate Pharma S.A. ADS,$1.60,-0.10,-5.882%,31803,178720555.00,France,2019,Biotechnology: Biological Products (No Diagnostic Substances),Health Care
IPHXU,Inflection Point Acquisition Corp. VIII Unit,$10.06,-0.01,-0.099%,8719,0.00,United States,2026,,
IPI,Intrepid Potash Inc Common Stock,$32.35,0.01,0.031%,312511,435323404.00,United States,2008,Mining & Quarrying of Nonmetallic Minerals (No Fuels),Industrials
IPM,Intelligent Protection Management Corp. Common Stock ,$1.7901,-0.0199,-1.099%,4944,16174858.00,United States,,Computer Software: Programming Data Processing,Technology
IPSC,Century Therapeutics Inc. Common Stock,$1.65,-0.02,-1.198%,353528,298774280.00,United States,2021,Biotechnology: Biological Products (No Diagnostic Substances),Health Care
IPST,IP Strategy Holdings Inc. Common Stock,$3.03,-0.39,-11.404%,90780,2186381.00,United States,2024,Beverages (Production/Distribution),Consumer Staples
IPVV,InterPrivate Investment Partners V Inc. Class A Ordinary Shares,$9.86,0.00,0.00%,8,0.00,United States,2026,Blank Checks,Finance
IPVVW,InterPrivate Investment Partners V Inc. Warrants,$0.3101,0.00,0.00%,15,0.00,United States,2026,Blank Checks,Finance
IPW,iPower Inc. Common Stock,$1.17,-0.09,-7.143%,122441,1363339.00,United States,2021,RETAIL: Building Materials,Consumer Discretionary
IPWR,Ideal Power Inc. Common Stock,$3.97,0.02,0.506%,88919,65245580.00,United States,2013,Semiconductors,Technology
IPX,IperionX Limited American Depositary Share,$18.30,-0.45,-2.40%,258357,621072848.00,United States,,Other Metals and Minerals,Basic Materials
IPXG,Inflection Point Acquisition Corp. VII Class A Ordinary Shares,$10.0499,0.0049,0.049%,649,0.00,United States,2026,Blank Checks,Finance
IQ,iQIYI Inc. American Depositary Shares,$0.9894,-0.0406,-3.942%,9174789,954795473.00,China,2018,Consumer Electronics/Video Chains,Consumer Discretionary
IQI,Invesco Quality Municipal Income Trust Common Stock,$8.62,-0.08,-0.92%,532813,455858330.00,United States,,Finance Companies,Finance
IQMX,IQM Quantum Computers Oyj American Depositary Shares,$10.37,0.12,1.171%,114391,1965075781.00,Finland,,Computer Software: Prepackaged Software,Technology
IQMXW,IQM Quantum Computers Oyj Warrants to purchase American Depositary Shares,$2.045,0.245,13.611%,910,387519766.00,Finland,,Computer Software: Prepackaged Software,Technology
IQST,iQSTEL Inc. Common Stock,$0.9802,-0.0098,-0.99%,83739,10699725.00,United States,,Telecommunications Equipment,Telecommunications
IQV,IQVIA Holdings Inc. Common Stock,$268.99,-1.98,-0.731%,1174131,44275754000.00,United States,2013,Biotechnology: Commercial Physical & Biological Resarch,Health Care
IR,Ingersoll Rand Inc. Common Stock,$76.48,0.10,0.131%,4968720,29674196330.00,United States,2017,Industrial Machinery/Components,Industrials
IRAB,Iris Acquisition Corp II Class A Ordinary Shares,$10.12,0.12,1.20%,118,0.00,,2026,,
IRD,Opus Genetics Inc. Common Stock,$4.955,-0.095,-1.881%,1525604,412235303.00,United States,,Biotechnology: Pharmaceutical Preparations,Health Care
IRDM,Iridium Communications Inc Common Stock,$47.94,-0.39,-0.807%,841037,5079740761.00,United States,,Telecommunications Equipment,Consumer Discretionary
IREN,IREN Limited Ordinary Shares,$41.38,-0.34,-0.815%,33912349,16306146854.00,Australia,2021,Finance: Consumer Services,Finance
IRHO,Iron Horse Acquisitions II Corp. Common Stock,$10.07,0.00,0.00%,11,0.00,United States,2026,Blank Checks,Finance
IRHOR,Iron Horse Acquisitions Corp. II Rights,$0.1582,-0.0001,-0.063%,500,0.00,United States,2026,Blank Checks,Finance
IRIX,IRIDEX Corporation Common Stock,$0.635,0.0149,2.403%,44988,11153719.00,United States,1996,Biotechnology: Electromedical & Electrotherapeutic Apparatus,Health Care
IRM,Iron Mountain Incorporated (Delaware)Common Stock REIT,$111.50,0.45,0.405%,1510526,33193863538.00,United States,,Real Estate Investment Trusts,Real Estate
IRMD,iRadimed Corporation Common Stock,$86.46,-0.20,-0.231%,204807,1105563242.00,United States,2014,Medical/Dental Instruments,Health Care
IRON,Disc Medicine Inc. Common Stock,$65.87,0.95,1.463%,784101,2528936634.00,United States,,Biotechnology: Pharmaceutical Preparations,Health Care
IRS,IRSA Inversiones Y Representaciones S.A. Global Depositary Shares (Each representing ten shares of Common Stock),$13.97,-0.27,-1.896%,216241,1132683577.00,Argentina,,Homebuilding,Real Estate
IRT,Independence Realty Trust Inc. Common Stock,$14.83,0.13,0.884%,5276707,3496091929.00,United States,2013,Real Estate Investment Trusts,Real Estate
IRTC,iRhythm Holdings Inc. Common Stock,$114.22,1.62,1.439%,443376,3765034203.00,United States,2016,Medical/Dental Instruments,Health Care
IRWD,Ironwood Pharmaceuticals Inc. Class A Common Stock,$4.16,0.04,0.971%,1233266,687398180.00,United States,2010,Biotechnology: Pharmaceutical Preparations,Health Care
ISBA,Isabella Bank Corporation Common stock,$38.03,0.15,0.396%,24678,290126040.00,United States,,Major Banks,Finance
ISD,PGIM High Yield Bond Fund Inc.,$11.72,0.11,0.947%,156117,0.00,United States,2012,Trusts Except Educational Religious and Charitable,Finance
ISNR,Snow Rothschild Acquisition Corp. Class A Ordinary Shares,$9.83,0.00,0.00%,21,0.00,United States,2026,Blank Checks,Finance
ISNRU,Snow Rothschild Acquisition Corp. Units,$9.91,-0.01,-0.101%,1001,0.00,United States,2026,Blank Checks,Finance
ISOU,IsoEnergy Ltd. Common Shares,$9.28,-0.01,-0.108%,102803,605439812.00,,2025,,
ISPC,iSpecimen Inc. Common Stock,$1.23,0.02,1.653%,126547,3097866.00,United States,2021,Biotechnology: Commercial Physical & Biological Resarch,Health Care
ISPR,Ispire Technology Inc. Common Stock,$1.30,-0.025,-1.887%,19101,75080812.00,United States,2023, Medicinal Chemicals and Botanical Products ,Health Care
ISRG,Intuitive Surgical Inc. Common Stock,$412.18,-2.61,-0.629%,1885776,145614141703.00,United States,2000,Industrial Specialties,Health Care
ISTR,Investar Holding Corporation Common Stock,$29.17,-0.16,-0.546%,114050,401875848.00,United States,2014,Major Banks,Finance
IT,Gartner Inc. Common Stock,$185.85,0.12,0.065%,787399,11736237190.00,United States,1993,Other Consumer Services,Consumer Discretionary
ITG,ITG Inc. Class A Common Stock,$8.16,1.095,15.499%,762540,1013122907.00,United States,2026,Water Sewer Pipeline Comm & Power Line Construction,Industrials
ITGR,Integer Holdings Corporation Common Stock,$126.33,-0.05,-0.04%,1567469,4294215424.00,United States,,Biotechnology: Electromedical & Electrotherapeutic Apparatus,Health Care
ITHA,ITHAX Acquisition Corp III Class A Ordinary Shares,$10.06,0.00,0.00%,8,0.00,United States,2026,,
ITHAW,ITHAX Acquisition Corp III Warrants,$0.18,0.005,2.857%,10249,0.00,United States,2026,,
ITIC,Investors Title Company Common Stock,$292.09,2.62,0.905%,47045,551464752.00,United States,,Specialty Insurers,Finance
ITOC,iTonic Holdings Ltd Class A Ordinary Shares,$0.268,-0.0165,-5.80%,163088,31369400.00,China,2024,Biotechnology: Electromedical & Electrotherapeutic Apparatus,Health Care
ITP,IT Tech Packaging Inc. Common Stock,$0.137,-0.005,-3.521%,98362,2324263.00,China,,Containers/Packaging,Consumer Discretionary
ITRG,Integra Resources Corp. Common Shares,$2.66,0.07,2.703%,1498648,539642366.00,,,Precious Metals,Basic Materials
ITRI,Itron Inc. Common Stock,$87.39,-1.10,-1.243%,443612,3826524345.00,United States,1993,Electrical Products,Industrials
ITRN,Ituran Location and Control Ltd. Ordinary Shares,$51.01,-0.22,-0.429%,103865,1014771516.00,Israel,2005,Electronic Components,Technology
ITT,ITT Inc. Common Stock ,$204.54,-2.64,-1.274%,1153791,18285876000.00,United States,2011,Fluid Controls,Industrials
ITUB,Itau Unibanco Banco Holding SA American Depositary Shares (Each repstg 500 Preferred shares),$8.09,0.10,1.252%,16621425,89204583448.00,Brazil,,Major Banks,Finance
ITW,Illinois Tool Works Inc. Common Stock,$267.07,-6.76,-2.469%,2304296,76061536000.00,United States,,Industrial Machinery/Components,Industrials
IVA,Inventiva S.A. American Depository Shares,$3.29,-0.24,-6.799%,3832587,777361865.00,France,2020,Biotechnology: Pharmaceutical Preparations,Health Care
IVDA,Iveda Solutions Inc. Common Stock,$0.2899,-0.0084,-2.816%,123791,3629266.00,United States,,Computer Software: Prepackaged Software,Technology
IVF,INVO Fertility Inc. Common Stock,$0.911,-0.0226,-2.421%,76590,2283849.00,United States,,Medical/Dental Instruments,Health Care
IVR,INVESCO MORTGAGE CAPITAL INC Common Stock,$6.26,0.01,0.16%,3632968,673829010.00,United States,2009,Real Estate Investment Trusts,Real Estate
IVR^C,INVESCO MORTGAGE CAPITAL INC 7.5% Fixed-to-Floating Series C Cumulative Redeemable Preferred Stock Liquation Preference $25.00 per Share,$23.98,-0.04,-0.167%,23047,,United States,,,
IVT,InvenTrust Properties Corp. Common Stock,$30.53,-0.19,-0.618%,1023854,2380681498.00,United States,2021,Real Estate Investment Trusts,Real Estate
IVVD,Invivyd Inc. Common Stock,$0.8501,-0.0999,-10.516%,31292636,250574410.00,United States,2021,Biotechnology: Biological Products (No Diagnostic Substances),Health Care
IVZ,Invesco Ltd Common Stock,$30.42,-0.01,-0.033%,3990736,13430423308.00,United States,,Investment Managers,Finance
IX,ORIX Corporation American Depositary Shares,$38.23,-0.80,-2.05%,207651,42974596236.00,Japan,,Diversified Financial Services,Finance
IXHL,Incannex Healthcare Inc. Common Stock,$3.31,0.16,5.079%,43861,41522715.00,Australia,,Biotechnology: Pharmaceutical Preparations,Health Care
IZEA,IZEA Worldwide Inc. Common Stock,$2.55,0.03,1.19%,65518,44411529.00,United States,,Advertising,Consumer Discretionary
IZM,ICZOOM Group Inc. Class A Ordinary Shares,$1.21,-0.05,-3.968%,64196,2908383.00,China,2023,Consumer Electronics/Video Chains,Consumer Discretionary
J,Jacobs Solutions Inc. Common Stock,$136.48,-1.89,-1.366%,683787,15973429629.00,United States,2022,Military/Government/Technical,Industrials
JACK,Jack In The Box Inc. Common Stock,$13.46,-0.24,-1.752%,541749,258153782.00,United States,,Restaurants,Consumer Discretionary
JACS,Jackson Acquisition Company II Class A Ordinary Shares,$10.83,0.00,0.00%,113,0.00,,2025,,
JAGU,Jaguar Uranium Corp. Class A Common Shares,$1.30,-0.10,-7.143%,477484,26251910.00,Canada,2026,Metal Mining,Basic Materials
JAGX,Jaguar Health Inc. Common Stock,$5.32,-0.70,-11.628%,943950,6819383.00,United States,2015,Biotechnology: Pharmaceutical Preparations,Health Care
JAKK,JAKKS Pacific Inc. Common Stock,$25.33,0.08,0.317%,55382,289902154.00,United States,1996,Recreational Games/Products/Toys,Consumer Discretionary
JAN,Janus Living Inc. Class A-1 Common Stock,$29.96,-0.08,-0.266%,1933812,9296311649.00,,2026,Real Estate Investment Trusts,Real Estate
JANX,Janux Therapeutics Inc. Common Stock,$16.95,0.37,2.232%,511722,1036268302.00,United States,2021,Biotechnology: Pharmaceutical Preparations,Health Care
JATT,JATT II Acquisition Corp Ordinary Shares,$11.35,0.10,0.889%,55181,0.00,United States,2026,Blank Checks,Finance
JAZZ,Jazz Pharmaceuticals plc Common Stock (Ireland),$232.35,-5.93,-2.489%,777961,15082901966.00,Ireland,2007,Biotechnology: Pharmaceutical Preparations,Health Care
JBDI,JBDI Holdings Limited Ordinary Shares,$1.07,-0.12,-10.084%,35364,10180549.00,Singapore,2024,,
JBGS,JBG SMITH Properties Common Shares ,$10.10,-0.07,-0.688%,1134191,753646325.00,United States,2017,Real Estate Investment Trusts,Real Estate
JBHT,J.B. Hunt Transport Services Inc. Common Stock,$229.28,3.21,1.42%,981139,21532817214.00,United States,,Trucking Freight/Courier Services,Industrials
JBI,Janus International Group Inc. Common Stock,$4.19,-0.12,-2.784%,1894580,571665960.00,United States,2021,Building Products,Industrials
JBIO,Jade Biosciences Inc. Common Stock,$14.18,-0.17,-1.185%,629668,901810948.00,United States,2021,Biotechnology: Pharmaceutical Preparations,Health Care
JBK,Lehman ABS 3.50 3.50% Adjustable Corp Backed Tr Certs GS Cap I,$25.32,0.00,0.00%,14,0.00,United States,,Finance: Consumer Services,Finance
JBL,Jabil Inc. Common Stock,$318.84,-0.09,-0.028%,1595597,33410315457.00,United States,1993,Electrical Products,Technology
JBLU,JetBlue Airways Corporation Common Stock,$4.28,0.06,1.422%,16501616,1614896135.00,United States,2002,Air Freight/Delivery Services,Consumer Discretionary
JBS,JBS N.V. Class A Common Shares,$11.37,-0.23,-1.983%,5333139,12176464856.00,,2025,Meat/Poultry/Fish,Consumer Staples
JBSS,John B. Sanfilippo & Son Inc. Common Stock,$67.34,-0.23,-0.34%,116991,787439011.00,United States,1991,Specialty Foods,Consumer Staples
JBTM,JBT Marel Corporation Common Stock,$110.32,-0.83,-0.747%,571968,5723050451.00,United States,,Industrial Machinery/Components,Industrials
JCAP,Jefferson Capital Inc. Common Stock,$19.12,-0.20,-1.035%,232740,1097976248.00,United States,2025,Finance Companies,Finance
JCE,Nuveen Core Equity Alpha Fund Common Shares of Beneficial Interest,$16.74,-0.05,-0.298%,9278,0.00,United States,2007,Trusts Except Educational Religious and Charitable,Finance
JCI,Johnson Controls International plc Ordinary Share,$149.42,0.53,0.356%,2337127,90509890447.00,Switzerland,,Industrial Machinery/Components,Industrials
JCSE,JE Cleantech Holdings Limited Class A Ordinary Shares,$1.44,0.00,0.00%,5654,7563917.00,Singapore,2022,Miscellaneous manufacturing industries,Consumer Discretionary
JCTC,Jewett-Cameron Trading Company Common Shares,$2.91,-0.04,-1.356%,3600,10243529.00,United States,,RETAIL: Building Materials,Consumer Discretionary
JD,JD.com Inc. American Depositary Shares,$26.30,-0.31,-1.165%,7490679,35347200000.00,China,2014,Other Specialty Stores,Consumer Discretionary
JDZG,JIADE LIMITED Class A Ordinary Shares,$4.55,0.07,1.563%,1802873,24713248.00,China,2024,Other Consumer Services,Real Estate
JEF,Jefferies Financial Group Inc. Common Stock,$46.52,-0.61,-1.294%,3829894,9012909939.00,United States,,Investment Bankers/Brokers/Service,Finance
JELD,JELD-WEN Holding Inc. Common Stock,$1.99,0.22,12.429%,6001861,172659130.00,United States,2017,Forest Products,Basic Materials
JEM,707 Cayman Holdings Limited Ordinary Shares,$3.555,-0.135,-3.659%,9430,2471937.00,China,2025,Clothing/Shoe/Accessory Stores,Consumer Discretionary
JENA,Jena Acquisition Corporation II Class A Ordinary Shares,$10.39,-0.04,-0.384%,832,0.00,,2025,Blank Checks,Finance
JF,J and Friends Holdings Limited American Depositary Shares,$0.9283,-0.0138,-1.465%,12877,17025165.00,China,2018,Computer Software: Programming Data Processing,Technology
JFIN,Jiayin Group Inc. American Depositary Shares,$1.39,-0.05,-3.472%,18186,72738069.00,China,2019,Finance: Consumer Services,Finance
JFR,Nuveen Floating Rate Income Fund Common Stock,$7.37,0.11,1.515%,914832,0.00,United States,2004,Trusts Except Educational Religious and Charitable,Finance
JFU,9F Inc. American Depositary Shares,$2.8201,0.25,9.727%,2168,33201976.00,China,2019,Finance: Consumer Services,Finance
JG,Aurora Mobile Limited American Depositary Shares,$6.44,-0.36,-5.294%,7464,38392595.00,China,2018,Computer Software: Programming Data Processing,Technology
JGH,Nuveen Global High Income Fund Common Shares of Beneficial Interest,$11.52,-0.01,-0.087%,63899,0.00,United States,2014,Investment Managers,Finance
JHI,John Hancock Investors Trust Common Stock,$12.17,0.05,0.413%,23563,106421137.00,United States,,Trusts Except Educational Religious and Charitable,Finance
JHS,John Hancock Income Securities Trust Common Stock,$10.42,0.00,0.00%,7959,121357416.00,United States,,Finance Companies,Finance
JHX,James Hardie Industries plc. Ordinary Shares,$25.10,-0.29,-1.142%,10920848,14571114449.00,Ireland,2025,Building Materials,Industrials
JILL,J. Jill Inc. Common Stock,$24.48,0.26,1.073%,146901,363845677.00,United States,2017,Apparel,Consumer Discretionary
JJSF,J & J Snack Foods Corp. Common Stock,$77.21,-0.54,-0.695%,167390,1442406954.00,United States,1986,Specialty Foods,Consumer Staples
JKHY,Jack Henry & Associates Inc. Common Stock,$146.22,-1.60,-1.082%,867055,10251865542.00,United States,1985,EDP Services,Technology
JKS,JinkoSolar Holding Company Limited American Depositary Shares (each representing 4 Common Shares),$9.60,0.40,4.348%,1217150,502753805.00,China,2010,Semiconductors,Technology
JL,J-Long Group Limited Class A Ordinary Shares,$4.5557,-0.1043,-2.238%,1952,16241986.00,Hong Kong,2024,Clothing/Shoe/Accessory Stores,Consumer Discretionary
JLHL,Julong Holding Limited Class A Ordinary Shares,$4.03,-1.89,-31.926%,886864,86437987.00,China,2025,Military/Government/Technical,Consumer Discretionary
JLL,Jones Lang LaSalle Incorporated Common Stock,$311.00,-3.10,-0.987%,571563,14252110542.00,United States,,Real Estate,Finance
JLS,Nuveen Mortgage and Income Fund,$16.22,0.09,0.558%,41708,0.00,United States,2009,Investment Managers,Finance
JMIA,Jumia Technologies AG American Depositary Shares each representing two Ordinary Shares,$6.70,0.00,0.00%,560855,895293135.00,,2019,Catalog/Specialty Distribution,Consumer Discretionary
JMKE,Jersey Mike's Subs Inc. Class A Common Stock,$16.92,0.25,1.50%,4741565,5374450188.00,,2026,Restaurants,Consumer Discretionary
JMM,Nuveen Multi-Market Income Fund (MA),$5.48,0.00,0.00%,21346,0.00,United States,,Trusts Except Educational Religious and Charitable,Finance
JMSB,John Marshall Bancorp Inc. Common Stock,$22.90,-0.20,-0.866%,53156,323167869.00,United States,,Major Banks,Finance
JNJ,Johnson & Johnson Common Stock,$267.57,-4.38,-1.611%,5621806,644816567599.00,United States,,Biotechnology: Pharmaceutical Preparations,Health Care
JOB,GEE Group Inc. Common Stock,$0.2342,0.0052,2.271%,278816,25731715.00,United States,1968,Diversified Commercial Services,Consumer Discretionary
JOBY,Joby Aviation Inc. Common Stock,$5.99,-0.12,-1.964%,24110522,5953307926.00,United States,2020,Aerospace,Industrials
JOE,St. Joe Company (The) Common Stock,$66.01,0.02,0.03%,157487,3757979071.00,United States,,Homebuilding,Real Estate
JOF,Japan Smaller Capitalization Fund Inc Common Stock,$12.49,-0.16,-1.265%,72249,0.00,United States,1990,Trusts Except Educational Religious and Charitable,Finance
JONE,Jones Ventures INTL Acquisition1 Corp Class A Ordinary Shares,$9.82,0.00,0.00%,215,0.00,United States,2026,Blank Checks,Finance
JONER,Jones Ventures INTL Acquisition1 Corp Rights,$0.1499,-0.0001,-0.067%,835,0.00,United States,2026,Blank Checks,Finance
JONEU,Jones Ventures INTL Acquisition1 Corp Units,$9.99,0.00,0.00%,165,0.00,United States,2026,,
JOUT,Johnson Outdoors Inc. Class A Common Stock,$44.24,0.00,0.00%,19878,463620601.00,United States,,Recreational Games/Products/Toys,Consumer Discretionary
JOYY,JOYY Inc. American Depositary Shares,$80.60,0.01,0.012%,292593,4168792555.00,Singapore,2012,EDP Services,Technology
JPC,Nuveen Preferred & Income Opportunities Fund,$6.80,0.04,0.592%,2997493,0.00,United States,2003,Investment Managers,Finance
JPM,JP Morgan Chase & Co. Common Stock,$334.98,-1.61,-0.478%,7258612,890439211601.00,United States,,Major Banks,Finance
JPM^C,J P Morgan Chase & Co Depositary Shares each representing a 1/400th interest in a share of 6.00% Non-Cumulative  Preferred Stock Series EE,$22.82,-0.06,-0.262%,377579,,United States,,,
JPM^D,J P Morgan Chase & Co Depositary Shares each representing a 1/400th  interest in a share of 5.75% Non-Cumulative  Preferred Stock Series DD,$21.59,-0.09,-0.415%,335789,,United States,,,
JPM^J,J P Morgan Chase & Co Depositary Shares each representing a 1/400th interest in a share of JPMorgan Chase & Co. 4.75% Non-Cumulative Preferred Stock Series GG,$17.58,-0.02,-0.114%,164446,,United States,,,
JPM^K,J P Morgan Chase & Co Depositary Shares each representing a 1/400th interest in a share of 4.55% Non-Cumulative Preferred Stock Series JJ,$16.86,-0.05,-0.296%,338071,,United States,,,
JPM^L,J P Morgan Chase & Co Depositary Shares each representing a 1/400th interest in a share of 4.625% Non-Cumulative Preferred Stock Series LL,$17.15,-0.05,-0.291%,327727,,United States,,,
JPM^M,J P Morgan Chase & Co Depositary Shares each representing a 1/400th interest in a share of 4.20% Non-Cumulative Preferred Stock Series MM,$15.87,-0.10,-0.626%,253392,,United States,,,
JQC,Nuveen Credit Strategies Income Fund Shares of Beneficial Interest,$4.70,0.01,0.213%,855663,0.00,United States,2003,Finance Companies,Finance
JRI,Nuveen Real Asset Income and Growth Fund Common Shares of Beneficial Interest,$10.77,0.00,0.00%,311866,0.00,United States,2012,Finance Companies,Finance
JRS,Nuveen Real Estate Income Fund Common Shares of Beneficial Interest,$7.32,0.03,0.412%,64476,0.00,United States,2001,Finance/Investors Services,Finance
JRSH,Jerash Holdings (US) Inc. Common Stock,$5.75,-0.15,-2.542%,121191,73024655.00,United States,2018,Apparel,Consumer Discretionary
JRVR,James River Group Holdings Inc. Common Stock,$3.41,-0.03,-0.872%,349040,157709220.00,Bermuda,2014,Property-Casualty Insurers,Finance
JSM,Navient Corporation 6% Senior Notes due December 15 2043,$16.64,-0.45,-2.633%,154709,1654532472.00,United States,,Investment Bankers/Brokers/Service,Finance
JSPR,Jasper Therapeutics Inc. Common Stock,$0.6254,-0.0006,-0.096%,916303,20809910.00,United States,2020,Biotechnology: Biological Products (No Diagnostic Substances),Health Care
JTAI,Jet.AI Inc. Common Stock,$1.56,-0.04,-2.50%,70042,5549733.00,United States,2021,Transportation Services,Consumer Discretionary
JTTT,JATT III Acquisition Corp Ordinary Shares,$10.88,0.00,0.00%,1506,0.00,United States,2026,Blank Checks,Finance
JUNS,Jupiter Neurosciences Inc. Common Stock,$2.58,0.07,2.789%,15576,3401784.00,United States,2024,Biotechnology: Pharmaceutical Preparations,Health Care
JVA,Coffee Holding Co. Inc. Common Stock,$3.96,0.04,1.02%,31408,22606052.00,United States,2005,Packaged Foods,Consumer Staples
JWEL,Jowell Global Ltd. Ordinary Shares,$2.54,-0.01,-0.392%,11481,6035373.00,China,2021,Other Consumer Services,Consumer Discretionary
JXG,JX Luxventure Group Inc. Common Stock,$7.25,0.35,5.072%,67742,87434108.00,China,2013,Office Equipment/Supplies/Services,Industrials
JXN,Jackson Financial Inc. Class A Common Stock ,$131.34,-0.47,-0.357%,724121,8895493237.00,United States,2021,Life Insurance,Finance
JXN^A,Jackson Financial Inc. Depositary Shares each representing a 1/1000th interest in a share of Fixed-Rate Reset Noncumulative Perpetual Preferred Stock Series A,$25.50,0.05,0.196%,27549,,United States,,,
JYD,Jayud Global Logistics Limited Class A Ordinary Shares,$0.9151,-0.015,-1.613%,17661,7594323.00,China,2023,Integrated Freight & Logistics,Industrials
JYNT,The Joint Corp. Common Stock,$7.75,-0.35,-4.321%,53697,109609444.00,United States,2014,Multi-Sector Companies,Miscellaneous
JZ,Jianzhi Education Technology Group Company Limited American Depositary Shs,$0.476,0.0456,10.595%,20005753,1146357.00,China,2022,Other Consumer Services,Real Estate
JZXN,Jiuzi Holdings Inc. Ordinary Shares,$1.14,0.00,0.00%,95435,58724545.00,China,2021,Retail-Auto Dealers and Gas Stations,Consumer Discretionary
KAI,Kadant Inc Common Stock,$267.13,-2.71,-1.004%,116702,3154569424.00,United States,1992,Industrial Machinery/Components,Industrials
KALA,KALA BIO Inc. Common Stock,$0.5033,0.0531,11.795%,37928694,9733714.00,United States,2017,Biotechnology: Pharmaceutical Preparations,Health Care
KALU,Kaiser Aluminum Corporation Common Stock,$151.17,-0.40,-0.264%,228947,2471492238.00,United States,,Metal Fabrications,Industrials
KAPA,Kairos Pharma Ltd. Common Stock,$1.66,-0.02,-1.19%,53292,5619736.00,,2024,Biotechnology: Pharmaceutical Preparations,Health Care
KARD,Kardigan Inc. Common Stock,$14.66,-0.12,-0.812%,493613,1370764227.00,United States,2026,Biotechnology: Pharmaceutical Preparations,Health Care
KARO,Karooooo Ltd. Ordinary Shares,$60.83,-0.01,-0.016%,89313,1879239439.00,Singapore,2021,Computer Software: Prepackaged Software,Technology
KAZR,Skyline Builders Group Holding Limited Class A Ordinary Shares,$3.02,0.14,4.861%,263809,54185124.00,Hong Kong,2025,Engineering & Construction,Consumer Discretionary
KB,KB Financial Group Inc,$127.90,0.73,0.574%,171675,45863369644.00,South Korea,,Commercial Banks,Finance
KBDC,Kayne Anderson BDC Inc. Common Stock,$13.07,0.04,0.307%,569032,863114177.00,United States,2024,,
KBH,KB Home Common Stock,$47.42,-0.46,-0.961%,1233120,2907307302.00,United States,1986,Homebuilding,Consumer Discretionary
KBON,Karbon Capital Partners Corp. Class A Ordinary Shares,$10.07,0.00,0.00%,9,0.00,United States,2026,Blank Checks,Finance
KBR,KBR Inc. Common Stock,$35.13,0.29,0.832%,2241922,4428760233.00,United States,2006,Military/Government/Technical,Industrials
KBSX,FST Corp. Ordinary Shares,$1.71,0.13,8.228%,90240,76549865.00,Taiwan,,Recreational Games/Products/Toys,Consumer Discretionary
KC,Kingsoft Cloud Holdings Limited American Depositary Shares,$9.09,-0.06,-0.656%,994411,2721270246.00,China,2020,Computer Software: Prepackaged Software,Technology
KCHV,Kochav Defense Acquisition Corp. Class A Ordinary Shares,$10.46,0.01,0.096%,1007,0.00,United States,2025,,
KD,Kyndryl Holdings Inc. Common Stock,$11.29,0.06,0.534%,3964583,2459168189.00,United States,2021,EDP Services,Technology
KDK,Kodiak AI Inc. Common Stock ,$2.13,-0.14,-6.167%,7255607,427316702.00,United States,,EDP Services,Technology
KDKRW,Kodiak AI Inc. Warrants,$0.35,0.0188,5.676%,57104,70216360.00,United States,,EDP Services,Technology
KDP,Keurig Dr Pepper Inc. Common Stock,$31.03,-0.43,-1.367%,10408847,42226431959.00,United States,,Beverages (Production/Distribution),Consumer Staples
KE,Kimball Electronics Inc. Common Stock,$27.71,0.18,0.654%,153744,664818181.00,United States,,Electrical Products,Technology
KEEL,Keel Infrastructure Corp. Common Stock,$3.58,-0.02,-0.556%,17321844,2210912099.00,Canada,,Finance: Consumer Services,Finance
KELYA,Kelly Services Inc. Class A Common Stock,$16.38,-0.16,-0.967%,179333,568909226.00,United States,,Professional Services,Consumer Discretionary
KELYB,Kelly Services Inc. Class B Common Stock,$22.40,-0.19,-0.841%,513,777995523.00,United States,,Professional Services,Consumer Discretionary
KEN,Kenon Holdings Ltd. Ordinary Shares,$65.17,1.07,1.669%,12790,3395904232.00,Singapore,2015,Electric Utilities: Central,Utilities
KEP,Korea Electric Power Corporation Common Stock,$11.10,0.03,0.271%,666541,14251602509.00,South Korea,1994,Electric Utilities: Central,Utilities
KEQU,Kewaunee Scientific Corporation Common Stock,$34.00,-0.02,-0.059%,2326,98441798.00,United States,,Medical Specialities,Industrials
KEX,Kirby Corporation Common Stock,$131.94,0.35,0.266%,505670,6966432000.00,United States,,Marine Transportation,Consumer Discretionary
KEY,KeyCorp Common Stock,$20.12,-0.28,-1.373%,13662183,21470626506.00,United States,,Major Banks,Finance
KEY^I,KeyCorp Depositary Shares Each Representing a 1/40th Ownership Interest in a Share of Fixed-to-Floating Rate Perpetual Non-Cumulative Preferred Stock Series E,$24.98,0.00,0.00%,77714,,United States,,,
KEY^J,KeyCorp Depositary Shares each representing a 1/40th ownership interest in a share of Fixed Rate Perpetual Non-Cumulative Preferred Stock Series F,$19.25,-0.34,-1.736%,70777,,United States,,,
KEY^K,KeyCorp Depositary Shares each representing a 1/40th ownership interest in a share of Fixed Rate Perpetual Non-Cumulative Preferred Stock Series G,$19.21,-0.355,-1.814%,79848,,United States,,,
KEY^L,KeyCorp Depositary Shares each representing a 1/40th ownership interest in a share of Fixed Rate Perpetual Non-Cumulative Preferred Stock Series H,$24.59,-0.16,-0.646%,74522,,United States,,,
KEYS,Keysight Technologies Inc. Common Stock,$360.65,0.91,0.253%,883362,61398767284.00,United States,2014,Industrial Machinery/Components,Industrials
KEYY,Keystone Acquisition Corp. Class A Ordinary Shares,$9.915,0.00,0.00%,108,0.00,United States,2026,Blank Checks,Finance
KEYYU,Keystone Acquisition Corp. Unit,$10.111,0.00,0.00%,4,0.00,United States,2026,Blank Checks,Finance
KF,Korea Fund Inc. (The) New Common Stock,$66.57,0.75,1.139%,23939,0.00,United States,,Investment Managers,Finance
KFFB,Kentucky First Federal Bancorp Common Stock,$5.86,0.2233,3.962%,4518,47388150.00,United States,2005,Savings Institutions,Finance
KFII,K&F Growth Acquisition Corp. II Class A Ordinary shares,$10.67,0.00,0.00%,13,0.00,United States,2025,Blank Checks,Finance
KFIIR,K&F Growth Acquisition Corp. II Rights,$0.10,0.00,0.00%,1170,0.00,United States,2025,,
KFRC,Kforce Inc. Common Stock,$51.88,0.60,1.17%,181162,929118920.00,United States,1995,Professional Services,Consumer Discretionary
KFY,Korn Ferry Common Stock,$71.98,0.67,0.94%,960605,3927146095.00,United States,1999,Diversified Commercial Services,Consumer Discretionary
KG,Kestrel Group Ltd.,$5.28,0.15,2.924%,7418,41310878.00,Bermuda,2008,Property-Casualty Insurers,Finance
KGC,Kinross Gold Corporation Common Stock,$24.32,0.21,0.871%,6604401,29040512000.00,Canada,2001,Precious Metals,Basic Materials
KGEI,Kolibri Global Energy Inc. Common stock,$6.13,-0.30,-4.666%,233371,220382664.00,United States,,Oil & Gas Production,Energy
KGS,Kodiak Gas Services Inc. Common Stock,$51.75,-0.97,-1.84%,2230594,5246284331.00,United States,2023,Natural Gas Distribution,Utilities
KHC,The Kraft Heinz Company Common Stock,$23.45,-0.11,-0.467%,10634086,27807567125.00,United States,,Packaged Foods,Consumer Staples
KIDS,OrthoPediatrics Corp. Common Stock,$22.76,0.18,0.797%,99754,594258775.00,United States,2017,Medical/Dental Instruments,Health Care
KIDZ,KIDZ AI Inc. Class B Common Stock,$2.55,-0.02,-0.778%,180091,2194726.00,United States,,Other Consumer Services,Real Estate
KIDZW,KIDZ AI Inc. Warrants,$0.01,0.0009,9.89%,27799,8607.00,United States,,Other Consumer Services,Real Estate
KIM,Kimco Realty Corporation (HC) Common Stock,$22.42,-0.07,-0.311%,3875037,15039097743.00,United States,,Real Estate Investment Trusts,Real Estate
KIM^L,Kimco Realty Corporation Class L Depositary Shares each of which represents a one-one thousandth fractional interest in a share of 5.125% Class L Cumulative Redeemable Preferred Stock liquidation preference $25000.00 per share,$19.78,0.05,0.253%,27899,,United States,,,
KIM^M,Kimco Realty Corporation Class M Depositary Shares each of which represents a one-one thousandth fractional interest in a share of 5.25% Class M Cumulative Redeemable Preferred Stock liquidation preference $25000.00 per share,$19.80,-0.10,-0.503%,13414,,United States,,,
KIM^N,Kimco Realty Corporation Depositary Shares each representing 1/1000th interest in a share of 7.25% Class N Cumulative Convertible Perpetual Preferred Stock,$61.08,0.00,0.00%,94,,United States,,,
KINS,Kingstone Companies Inc. Common Stock,$17.87,-0.11,-0.612%,76108,258688497.00,United States,,Property-Casualty Insurers,Finance
KIO,KKR Income Opportunities Fund Common Shares,$10.33,0.11,1.076%,227232,0.00,United States,2013,Investment Managers,Finance
KITT,Nauticus Robotics Inc. Common stock,$1.86,0.05,2.762%,312728,2316308.00,United States,2021,Industrial Machinery/Components,Industrials
KITTW,Nauticus Robotics Inc. Warrant,$0.0109,-0.0016,-12.80%,7502,13574.00,United States,2021,Industrial Machinery/Components,Industrials
KKR,KKR & Co. Inc. Common Stock,$93.18,-0.06,-0.064%,3672756,83641685301.00,United States,,Investment Managers,Finance
KKR^D,KKR & Co. Inc. 6.25% Series D Mandatory Convertible Preferred Stock,$41.50,-0.04,-0.096%,30471,,United States,,,
KKRS,KKR Group Finance Co. IX LLC 4.625% Subordinated Notes due 2061,$15.12,-0.21,-1.37%,23605,13572250287.00,United States,2021,Investment Managers,Finance
KKRT,KKR & Co. Inc. 6.875% Subordinated Notes due 2065,$22.41,-0.38,-1.667%,65525,0.00,United States,2025,Investment Managers,Finance
KLAC,KLA Corporation Common Stock,$196.53,7.36,3.891%,7780405,256472925873.00,United States,1980,Electronic Components,Technology
KLAR,Klarna Group plc Ordinary Shares,$12.36,-0.05,-0.403%,4232872,8721766008.00,,2025,Finance: Consumer Services,Finance
KLC,KinderCare Learning Companies Inc. Common Stock,$1.94,-0.07,-3.483%,534657,229923044.00,United States,2024,Other Consumer Services,Consumer Discretionary
KLIC,Kulicke and Soffa Industries Inc. Common Stock,$93.72,2.04,2.225%,372278,4904284658.00,Singapore,,Semiconductors,Technology
KLRA,Kailera Therapeutics Inc. Common Stock,$10.99,-0.13,-1.169%,694940,1424783999.00,United States,2026,Biotechnology: Pharmaceutical Preparations,Health Care
KLRS,Kalaris Therapeutics Inc. Common Stock,$2.90,0.055,1.933%,51806,69034445.00,United States,2020,Biotechnology: Biological Products (No Diagnostic Substances),Health Care
KLTR,Kaltura Inc. Common Stock,$1.32,0.02,1.538%,159102,201367614.00,United States,2021,Computer Software: Prepackaged Software,Technology
KLXE,KLX Energy Services Holdings Inc. Common Stock,$1.45,-0.07,-4.605%,502461,31071647.00,United States,,Oilfield Services/Equipment,Energy
KMB,Kimberly-Clark Corporation Common Stock,$98.99,0.22,0.223%,2700367,32921998972.00,United States,,Containers/Packaging,Consumer Discretionary
KMDA,Kamada Ltd. Ordinary Shares,$8.695,0.075,0.87%,48349,501791102.00,Israel,2013,Biotechnology: Pharmaceutical Preparations,Health Care
KMI,Kinder Morgan Inc. Common Stock,$30.45,-0.18,-0.588%,10683611,67806123610.00,United States,2011,Natural Gas Distribution,Utilities
KMPB,Kemper Corporation 5.875% Fixed-Rate Reset Junior Subordinated Debentures due 2062,$24.74,0.01,0.04%,12644,1457758830.00,United States,2022,Property-Casualty Insurers,Finance
KMPR,Kemper Corporation,$25.66,0.33,1.303%,1176416,1511968132.00,United States,,Property-Casualty Insurers,Finance
KMRK,K-Tech Solutions Company Limited Class A Ordinary Shares,$1.15,0.219,23.523%,3316774,24265000.00,Hong Kong,2025,Recreational Games/Products/Toys,Consumer Discretionary
KMT,Kennametal Inc. Common Stock,$31.01,-0.79,-2.484%,1115798,2368854861.00,United States,,Industrial Machinery/Components,Industrials
KMTS,Kestra Medical Technologies Ltd. Common Stock,$28.46,0.33,1.173%,454998,1695128686.00,United States,2025,Medical/Dental Instruments,Health Care
KMX,CarMax Inc,$59.23,2.68,4.739%,12232326,8405394216.00,United States,,Retail-Auto Dealers and Gas Stations,Consumer Discretionary
KN,Knowles Corporation Common Stock,$37.32,0.08,0.215%,537232,3187513366.00,United States,2014,Consumer Electronics/Appliances,Consumer Staples
KNDI,Kandi Technologies Group Inc. Ordinary Shares,$0.81,-0.01,-1.22%,10012053,81336446.00,China,,Auto Manufacturing,Industrials
KNF,Knife Riv Holding Co. Common Stock,$52.68,-0.69,-1.293%,1140937,2990296966.00,United States,2023,Mining & Quarrying of Nonmetallic Minerals (No Fuels),Industrials
KNOP,KNOT Offshore Partners LP Common Units representing Limited Partner Interests,$10.50,0.01,0.095%,28934,353433591.00,United Kingdom,2013,Marine Transportation,Consumer Discretionary
KNRX,KNOREX LTD. Class A Ordinary Shares,$0.37,-0.86,-69.919%,23209413,11256552.00,,2025,Computer Software: Programming Data Processing,Technology
KNSA,Kiniksa Pharmaceuticals International plc Class A Ordinary Shares,$75.73,-0.37,-0.486%,620748,5908758504.00,United States,2018,Biotechnology: Pharmaceutical Preparations,Health Care
KNSL,Kinsale Capital Group Inc. Common Stock,$323.25,-1.67,-0.514%,285323,7363125881.00,United States,,Property-Casualty Insurers,Finance
KNTK,Kinetik Holdings Inc. Class A Common Stock,$51.16,-0.05,-0.098%,1818193,8307316240.00,United States,2022,Natural Gas Distribution,Utilities
KNX,Knight-Swift Transportation Holdings Inc.,$64.19,0.64,1.007%,2524580,10447307640.00,United States,2017,Trucking Freight/Courier Services,Industrials
KO,Coca-Cola Company (The) Common Stock,$86.84,-0.34,-0.39%,13665195,373633376262.00,United States,,Beverages (Production/Distribution),Consumer Staples
KOD,Kodiak Sciences Inc Common Stock,$91.12,1.20,1.335%,6048969,5726842522.00,United States,2018,Biotechnology: Biological Products (No Diagnostic Substances),Health Care
KODK,Eastman Kodak Company Common New,$9.59,0.00,0.00%,834315,938861000.00,United States,,Industrial Machinery/Components,Consumer Discretionary
KOF,Coca Cola Femsa S.A.B. de C.V.  American Depositary Shares each representing 10 Units (each Unit consists of 3 Series B Shares and 5 Series L Shares),$108.49,-0.28,-0.257%,104129,5697982351.00,Mexico,1993,Beverages (Production/Distribution),Consumer Staples
KOP,Koppers Holdings Inc. Common Stock,$46.08,-0.09,-0.195%,104003,871445053.00,United States,2006,Forest Products,Basic Materials
KOPN,Kopin Corporation Common Stock,$4.75,0.00,0.00%,3092723,882894917.00,United States,1992,Semiconductors,Technology
KOS,Kosmos Energy Ltd. Common Shares (DE),$2.58,0.00,0.00%,11584685,1536358140.00,Bermuda,2011,Oil & Gas Production,Energy
KOSS,Koss Corporation Common Stock,$3.98,-0.10,-2.451%,40117,37676423.00,United States,,Consumer Electronics/Appliances,Consumer Staples
KOYN,CSLM Digital Asset Acquisition Corp III Class A Ordinary Shares,$10.25,0.005,0.049%,6532,0.00,United States,2025,,
KOYNU,CSLM Digital Asset Acquisition Corp III Units,$10.3201,-0.0099,-0.096%,2106,0.00,United States,2025,,
KPET,KPET Ultra Paceline Corporation Class A Ordinary Shares,$9.99,0.00,0.00%,7,0.00,,2026,,
KPLT,Katapult Holdings Inc. Common Stock,$4.54,-0.08,-1.732%,275312,385214710.00,United States,2019,Diversified Commercial Services,Consumer Discretionary
KPRX,Kiora Pharmaceuticals Inc.  Common Stock,$2.60,-0.07,-2.622%,6676,11503406.00,United States,,Biotechnology: Pharmaceutical Preparations,Health Care
KPTI,Karyopharm Therapeutics Inc. Common Stock,$1.205,-0.415,-25.617%,1870219,27331159.00,United States,2013,Biotechnology: Pharmaceutical Preparations,Health Care
KR,Kroger Company (The) Common Stock,$60.79,1.10,1.843%,10458120,35901887073.00,United States,,Food Chains,Consumer Staples
KRAQ,KRAKacquisition Corp Class A Ordinary Shares,$10.02,0.01,0.10%,236,0.00,United States,2026,,
KRAQU,KRAKacquisition Corp Unit,$10.14,0.02,0.198%,114,0.00,United States,2026,,
KRC,Kilroy Realty Corporation Common Stock,$33.84,-0.08,-0.236%,1435784,3935896154.00,United States,1997,Real Estate Investment Trusts,Real Estate
KREF,KKR Real Estate Finance Trust Inc. Common Stock,$6.38,0.12,1.917%,1032315,373727308.00,United States,2017,Real Estate Investment Trusts,Real Estate
KREF^A,KKR Real Estate Finance Trust Inc. 6.50% Series A Cumulative Redeemable Preferred Stock,$18.45,0.06,0.326%,10974,,United States,,,
KRG,Kite Realty Group Trust Common Stock,$24.70,-0.10,-0.403%,1701966,4948569245.00,United States,2004,Real Estate Investment Trusts,Real Estate
KRKR,36Kr Holdings Inc. American Depositary Shares,$3.00,-0.0599,-1.958%,3038,5921430.00,China,2019,Business Services,Consumer Discretionary
KRMD,KORU Medical Systems Inc. Common Stock (DE),$3.005,-0.055,-1.797%,243823,138746566.00,United States,,Medical/Dental Instruments,Health Care
KRMN,Karman Holdings Inc. Common Stock,$32.86,-0.82,-2.435%,2756366,4355057645.00,United States,2025,Military/Government/Technical,Industrials
KRNT,Kornit Digital Ltd. Ordinary Shares,$16.55,0.55,3.438%,540722,711096138.00,Israel,2015,Industrial Machinery/Components,Industrials
KRNY,Kearny Financial Corp Common Stock,$9.12,-0.05,-0.545%,449698,592155964.00,United States,2005,Savings Institutions,Finance
KRO,Kronos Worldwide Inc Common Stock,$7.92,-0.21,-2.583%,367728,911572327.00,United States,,Major Chemicals,Basic Materials
KROS,Keros Therapeutics Inc. Common Stock,$11.19,-0.09,-0.798%,118363,221866234.00,United States,2020,Biotechnology: Pharmaceutical Preparations,Health Care
KRP,Kimbell Royalty Partners Common Units Representing Limited Partner Interests,$14.30,-0.16,-1.107%,795986,1640261337.00,United States,2017,Oil & Gas Production,Energy
KRRO,Korro Bio Inc. Common Stock,$9.56,0.05,0.526%,92883,140777176.00,United States,2019,Biotechnology: Pharmaceutical Preparations,Health Care
KRSA,Korsana Biosciences Inc. Common Stock,$34.00,3.17,10.282%,96928,1548408450.00,United States,,Biotechnology: Pharmaceutical Preparations,Health Care
KRSP,Rice Acquisition Corporation 3 Class A Ordinary Shares,$10.68,-0.12,-1.111%,215,0.00,,2025,,
KRT,Karat Packaging Inc. Common Stock,$52.69,-0.55,-1.033%,150578,1050202379.00,United States,2021,Plastic Products,Industrials
KRUS,Kura Sushi USA Inc. Class A Common Stock,$39.17,0.35,0.902%,206370,475909076.00,United States,2019,Restaurants,Consumer Discretionary
KRYS,Krystal Biotech Inc. Common Stock,$335.06,-2.02,-0.599%,225898,9917385990.00,United States,2017,Biotechnology: Biological Products (No Diagnostic Substances),Health Care
KSCP,Knightscope Inc. Class A Common Stock,$0.8101,-0.0088,-1.075%,541562,19133231.00,United States,2022,Telecommunications Equipment,Telecommunications
KSPI,Joint Stock Company Kaspi.kz American Depository Shares,$95.75,-0.07,-0.073%,310314,18128679274.00,Kazakhstan,2024,,
KSS,Kohl's Corporation Common Stock,$18.32,0.14,0.77%,3093763,2077056472.00,United States,1992,Department/Specialty Retail Stores,Consumer Discretionary
KT,KT Corporation Common Stock,$19.27,0.11,0.574%,918766,9291803728.00,South Korea,,Telecommunications Equipment,Telecommunications
KTB,Kontoor Brands Inc. Common Stock ,$64.29,-0.64,-0.986%,508748,3513681230.00,United States,2019,Garments and Clothing,Industrials
KTCC,Key Tronic Corporation Common Stock,$2.10,0.00,0.00%,21032,23238363.00,United States,1983,Electrical Products,Technology
KTF,DWS Municipal Income Trust,$7.97,-0.09,-1.117%,204297,314822476.00,United States,1988,Finance Companies,Finance
KTH,Structures Products Cp 8% CorTS Issued by Peco Energy Cap Tr II Preferred Stock,$28.40,0.00,0.00%,57,0.00,United States,,Finance: Consumer Services,Finance
KTN,Structured Products Corp 8.205% CorTS 8.205% Corporate Backed Trust Securities (CorTS),$25.6658,0.0458,0.179%,645,0.00,United States,,Finance: Consumer Services,Finance
KTOS,Kratos Defense & Security Solutions Inc. Common Stock,$43.05,-1.02,-2.314%,5085032,8081403127.00,United States,,Military/Government/Technical,Industrials
KTTA,Pasithea Therapeutics Corp. Common Stock,$0.49,0.01,2.083%,141489,16373080.00,United States,2021,Biotechnology: Pharmaceutical Preparations,Health Care
KTWO,K2 Capital Acquisition Corporation Class A Ordinary Share,$10.08,0.00,0.00%,8,202014893.00,Cayman Islands,2026,Medical/Dental Instruments,Health Care
KULR,KULR Technology Group Inc. Common Stock,$2.50,0.05,2.041%,513914,115700805.00,United States,,Electrical Products,Technology
KURA,Kura Oncology Inc. Common Stock,$10.805,0.195,1.838%,1890287,961219488.00,United States,,Biotechnology: Pharmaceutical Preparations,Health Care
KUST,Kustom Entertainment Inc. Common Stock,$0.5399,-0.0868,-13.85%,459343,3513054.00,United States,,Radio And Television Broadcasting And Communications Equipment,Technology
KVHI,KVH Industries Inc. Common Stock,$7.25,-0.08,-1.091%,52196,131521975.00,United States,1996,Telecommunications Equipment,Consumer Discretionary
KVUE,Kenvue Inc. Common Stock,$17.91,0.03,0.168%,19194951,34401052794.00,United States,2023,Package Goods/Cosmetics,Consumer Discretionary
KVYO,Klaviyo Inc. Series A Common Stock,$15.25,-0.15,-0.974%,7493674,4342093414.00,United States,2023,Computer Software: Prepackaged Software,Technology
KWR,Quaker Houghton Common Stock,$158.02,-2.36,-1.472%,206193,2719161070.00,United States,,Major Chemicals,Industrials
KWY,Kingsway Corporation Common Stock,$9.19,-0.01,-0.109%,26140,265875890.00,Canada,,Property-Casualty Insurers,Finance
KXIN,Kaixin Holdings Ordinary Shares,$1.38,0.06,4.545%,231577,55246760.00,China,2017,Retail-Auto Dealers and Gas Stations,Consumer Discretionary
KYIV,Kyivstar Group Ltd. Common Shares,$12.77,0.01,0.078%,408344,2960898478.00,United Arab Emirates,,Telecommunications Equipment,Telecommunications
KYIVW,Kyivstar Group Ltd. Warrant,$4.74,0.23,5.10%,104298,1099033578.00,United Arab Emirates,,Telecommunications Equipment,Telecommunications
KYMR,Kymera Therapeutics Inc. Common Stock,$110.51,-1.49,-1.33%,448252,9188974795.00,United States,2020,Biotechnology: Biological Products (No Diagnostic Substances),Health Care
KYN,Kayne Anderson Energy Infrastructure Fund Inc.,$13.60,-0.18,-1.306%,383322,1851388808.00,United States,2004,Finance/Investors Services,Finance
KYNB,Kyntra Bio Inc. Common Stock,$6.79,-0.11,-1.594%,18055,27493552.00,United States,2014,Biotechnology: Pharmaceutical Preparations,Health Care
KYTX,Kyverna Therapeutics Inc. Common Stock,$6.84,0.02,0.293%,827688,423009157.00,United States,2024,Biotechnology: Biological Products (No Diagnostic Substances),Health Care
KZIA,Kazia Therapeutics Limited American Depositary Shares,$9.75,0.15,1.563%,176359,151601561.00,Australia,,Biotechnology: Pharmaceutical Preparations,Health Care
L,Loews Corporation Common Stock,$105.93,0.98,0.934%,791234,21655028380.00,United States,,Property-Casualty Insurers,Finance
LAB,Standard BioTools Inc. Common Stock,$0.7133,-0.014,-1.925%,173446,280026464.00,United States,2011,Biotechnology: Laboratory Analytical Instruments,Industrials
LABT,Lakewood-Amedex Biotherapeutics Inc. Common Stock,$0.9898,-0.1602,-13.93%,1288656,2345517.00,United States,,Biotechnology: Pharmaceutical Preparations,Health Care
LAC,Lithium Americas Corp. Common Shares,$2.63,-0.05,-1.866%,7033655,954802940.00,Canada,2023,Metal Mining,Basic Materials
LAD,Lithia Motors Inc. Common Stock,$289.26,-13.81,-4.557%,347463,6358836134.00,United States,,Retail-Auto Dealers and Gas Stations,Consumer Discretionary
LADR,Ladder Capital Corp Class A Common Stock,$9.03,0.04,0.445%,1624580,1145593686.00,United States,2014,Real Estate Investment Trusts,Real Estate
LAES,SEALSQ Corp Ordinary Shares,$2.32,0.04,1.754%,3250639,516835678.00,Switzerland,,Semiconductors,Technology
LAFA,LaFayette Acquisition Corp. Ordinary Share,$10.20,0.00,0.00%,108,0.00,France,2025,,
LAFAR,LaFayette Acquisition Corp. Rights,$0.0702,0.00,0.00%,1,0.00,France,2025,,
LAKE,Lakeland Industries Inc. Common Stock,$10.39,0.12,1.168%,50783,103186685.00,United States,1986,Industrial Specialties,Health Care
LAMR,Lamar Advertising Company Class A Common Stock,$145.96,0.93,0.641%,466065,14822191877.00,United States,1996,Real Estate Investment Trusts,Real Estate
LAND,Gladstone Land Corporation Common Stock,$9.48,0.11,1.174%,712388,408934712.00,United States,2013,Real Estate Investment Trusts,Real Estate
LANDO,Gladstone Land Corporation 6.00% Series B Cumulative Redeemable Preferred Stock,$19.67,-0.16,-0.807%,14622,848496391.00,United States,,Real Estate Investment Trusts,Real Estate
LANDP,Gladstone Land Corporation 6.00% Series C Cumulative Redeemable Preferred Stock,$19.78,0.0125,0.063%,14763,853241414.00,United States,,Real Estate Investment Trusts,Real Estate
LANV,Lanvin Group Holdings Limited Ordinary Shares,$1.03,-0.055,-5.069%,11168,129363791.00,Cayman Islands,2022,Apparel,Consumer Discretionary
LAR,Lithium Argentina AG Common Shares,$5.49,0.08,1.479%,1221843,900909000.00,Canada,2023,Metal Mining,Basic Materials
LARK,Landmark Bancorp Inc. Common Stock,$31.85,-0.10,-0.313%,5531,194302008.00,United States,,Major Banks,Finance
LASE,Laser Photonics Corporation Common Stock,$0.8423,-0.0254,-2.927%,920003,51108840.00,United States,2022,Industrial Machinery/Components,Miscellaneous
LASR,nLIGHT Inc. Common Stock,$39.01,-0.54,-1.365%,860316,2250494585.00,United States,2018,Semiconductors,Technology
LATA,Galata Acquisition Corp. II Class A Ordinary Shares,$10.20,0.01,0.098%,32901,0.00,United States,2025,Blank Checks,Finance
LAUR,Laureate Education Inc. Common Stock,$38.38,0.76,2.02%,1020113,5286820437.00,United States,2017,Other Consumer Services,Real Estate
LAW,CS Disco Inc. Common Stock,$4.08,-0.08,-1.923%,117838,264872641.00,United States,2021,Computer Software: Prepackaged Software,Technology
LAZ,Lazard Inc. Common Stock,$35.80,0.01,0.028%,1703782,3488730478.00,Bermuda,2005,Investment Managers,Finance
LB,LandBridge Company LLC Class A Shares Representing Limited Liability Company Interests,$80.49,-0.23,-0.285%,291277,6204604812.00,,2024,Oil & Gas Production,Energy
LBGJ,Li Bang International Corporation Class A Ordinary Shares,$1.96,-0.04,-2.00%,32052,1392435.00,China,2024,Industrial Machinery/Components,Industrials
LBRT,Liberty Energy Inc. Class A common stock,$18.44,-0.51,-2.691%,2997842,3009249711.00,United States,2018,Oilfield Services/Equipment,Energy
LBRX,LB Pharmaceuticals Inc Common Stock,$37.28,-0.61,-1.61%,713389,1202622044.00,United States,2025,Biotechnology: Pharmaceutical Preparations,Health Care
LBTYA,Liberty Global Ltd. Class A Common Shares,$9.26,-0.17,-1.803%,4998907,3158470861.00,United Kingdom,,Cable & Other Pay Television Services,Telecommunications
LBTYB,Liberty Global Ltd. Class B Common Shares,$12.54,0.49,4.066%,231843,4277238078.00,United Kingdom,,Cable & Other Pay Television Services,Telecommunications
LBTYK,Liberty Global Ltd. Class C Common Shares,$9.01,-0.12,-1.314%,1623416,3073198970.00,United Kingdom,,Cable & Other Pay Television Services,Telecommunications
LCCC,Lakeshore Acquisition III Corp. Ordinary Shares,$10.52,0.00,0.00%,8,0.00,United States,2025,Blank Checks,Finance
LCCCR,Lakeshore Acquisition III Corp. Rights,$0.1356,-0.0099,-6.804%,10000,0.00,United States,2025,Blank Checks,Finance
LCFY,Locafy Limited Ordinary Share,$2.445,0.025,1.033%,4021,4473619.00,Australia,2022,Computer Software: Programming Data Processing,Technology
LCID,Lucid Group Inc. Common Stock,$4.07,0.17,4.359%,10150252,1603865616.00,United States,,Auto Manufacturing,Industrials
LCII,LCI Industries,$85.38,-0.14,-0.164%,253996,2075716468.00,United States,1995,Auto Parts:O.E.M.,Consumer Discretionary
LCLN,Lincoln International Inc. Class A Common Stock,$23.32,0.32,1.391%,748345,2416546403.00,,2026,Investment Managers,Finance
LCNB,LCNB Corporation Common Stock,$18.62,-0.20,-1.063%,21846,265427877.00,United States,,Major Banks,Finance
LCTX,Lineage Cell Therapeutics Inc. Common Stock,$0.9475,-0.0235,-2.42%,2592159,239629822.00,United States,,Biotechnology: Biological Products (No Diagnostic Substances),Health Care
LCUT,Lifetime Brands Inc. Common Stock,$8.68,-0.54,-5.857%,116720,199543096.00,United States,1991,Industrial Machinery/Components,Consumer Discretionary
LDI,loanDepot Inc. Class A Common Stock,$0.6061,-0.0037,-0.607%,5437574,204955908.00,United States,2021,Finance: Consumer Services,Finance
LDOS,Leidos Holdings Inc. Common Stock,$123.10,0.75,0.613%,1103141,15448090928.00,United States,,EDP Services,Technology
LDP,Cohen & Steers Limited Duration Preferred and Income Fund Inc.,$19.24,0.32,1.691%,134497,0.00,United States,2012,Finance Companies,Finance
LE,Lands' End Inc. Common Stock,$10.23,-0.19,-1.823%,179970,302236695.00,United States,,Clothing/Shoe/Accessory Stores,Consumer Discretionary
LEA,Lear Corporation Common Stock,$119.32,-0.92,-0.765%,605525,5885430840.00,United States,,Auto Parts:O.E.M.,Consumer Discretionary
LECO,Lincoln Electric Holdings Inc. Common Shares,$270.81,-0.37,-0.136%,338618,14760704053.00,United States,,Industrial Machinery/Components,Industrials
LEDRU,Leader's Advantage Acquisition Corp. Units,$9.97,0.00,0.00%,12,0.00,United States,2026,Blank Checks,Finance
LEDS,SemiLEDS Corporation Common Stock,$2.31,0.05,2.212%,2190,19111561.00,Taiwan,2010,Semiconductors,Technology
LEE,Lee Enterprises Incorporated Common Stock,$7.20,0.40,5.882%,34745,160502717.00,United States,,Newspapers/Magazines,Consumer Discretionary
LEGH,Legacy Housing Corporation Common Stock (TX),$28.94,-0.18,-0.618%,53152,688281120.00,United States,2018,Homebuilding,Consumer Discretionary
LEGN,Legend Biotech Corporation American Depositary Shares,$18.82,0.20,1.074%,1974412,3660271933.00,United States,2020,Biotechnology: Pharmaceutical Preparations,Health Care
LEGO,Legato Merger Corp. IV Ordinary Shares,$10.00,0.00,0.00%,29,303070360.00,,2026,Military/Government/Technical,Industrials
LEN,Lennar Corporation Class A Common Stock,$83.01,0.98,1.195%,4715753,19996705737.00,United States,,Homebuilding,Consumer Discretionary
LENZ,LENZ Therapeutics Inc. Common Stock,$3.86,-0.10,-2.525%,645160,121282524.00,United States,2021,Biotechnology: Biological Products (No Diagnostic Substances),Health Care
LEO,BNY Mellon Strategic Municipals Inc. Common Stock,$5.47,-0.06,-1.085%,241026,340730971.00,United States,1987,Trusts Except Educational Religious and Charitable,Finance
LESL,Leslie's Inc. Common Stock,$0.2178,-0.0214,-8.946%,1283642,2039800.00,United States,2020,Other Specialty Stores,Consumer Discretionary
LEU,Centrus Energy Corp. Class A Common Stock,$138.18,-2.19,-1.56%,570232,2726831407.00,United States,2014,Mining & Quarrying of Nonmetallic Minerals (No Fuels),Industrials
LEVI,Levi Strauss & Co Class A Common Stock,$19.75,-0.06,-0.303%,2461901,7600798600.00,United States,2019,Apparel,Consumer Discretionary
LEXX,Lexaria Bioscience Corp. Common Stock,$3.13,-0.095,-2.946%,77524,6593304.00,Canada,,Biotechnology: Pharmaceutical Preparations,Health Care
LFAC,Leapfrog Acquisition Corporation Class A Ordinary Shares,$10.07,-0.02,-0.198%,28665,0.00,United States,2026,Blank Checks,Finance
LFCR,Lifecore Biomedical Inc. Common Stock,$6.59,0.07,1.074%,685995,249451665.00,United States,,Biotechnology: Pharmaceutical Preparations,Health Care
LFMD,LifeMD Inc. Common Stock,$2.88,-0.05,-1.706%,809526,138818411.00,United States,,Medical/Nursing Services,Health Care
LFMDP,LifeMD Inc. 8.875% Series A Cumulative Perpetual Preferred Stock,$23.0545,-0.0945,-0.408%,4984,1111246197.00,United States,,Medical/Nursing Services,Health Care
LFS,LEIFRAS Co. Ltd. American Depositary Shares  ,$2.07,-0.07,-3.271%,81259,54152481.00,Japan,2025,Other Consumer Services,Real Estate
LFST,LifeStance Health Group Inc. Common Stock,$11.89,0.05,0.422%,3451897,4543812808.00,United States,2021,Medical/Nursing Services,Health Care
LFT,Lument Finance Trust Inc. Common Stock,$5.50,-0.11,-1.961%,34403,28867372.00,United States,2013,Real Estate Investment Trusts,Real Estate
LFT^A,Lument Finance Trust Inc. 7.875% Series A Cumulative Redeemable Preferred Stock,$16.48,0.00,0.00%,89,,United States,,,
LFTO,Liftoff Mobile Inc. Common Stock,$15.83,0.17,1.086%,559866,2680518072.00,United States,2026,EDP Services,Technology
LFUS,Littelfuse Inc. Common Stock,$428.76,-0.45,-0.105%,225178,10889966764.00,United States,,Electrical Products,Energy
LFVN,Lifevantage Corporation Common Stock (Delaware),$6.32,0.13,2.10%,20367,79565286.00,United States,,Biotechnology: Pharmaceutical Preparations,Health Care
LFWD,Lifeward Ltd. Ordinary Shares,$6.91,-0.01,-0.145%,1007,19569231.00,Israel,2014,Industrial Specialties,Health Care
LGCL,Lucas GC Limited Class A Ordinary Shares,$2.82,-0.07,-2.422%,30644,965351.00,China,2024,Computer Software: Programming Data Processing,Technology
LGCY,Legacy Education Inc. Common Stock,$9.50,0.43,4.741%,126594,121725761.00,,2024,Other Consumer Services,Real Estate
LGHL,Lion Group Holding Ltd. American Depositary Share,$4.51,-1.27,-21.972%,68169,208109.00,China,,Investment Bankers/Brokers/Service,Finance
LGI,Lazard Global Total Return and Income Fund Common Stock,$16.97,-0.12,-0.702%,26406,0.00,United States,2004,,
LGIH,LGI Homes Inc. Common Stock,$47.88,-1.14,-2.326%,218988,1113127263.00,United States,2013,Homebuilding,Consumer Discretionary
LGL,LGL Group Inc. (The) Common Stock,$6.85,0.1399,2.085%,6234,86400071.00,United States,1946,Industrial Machinery/Components,Technology
LGN,Legence Corp. Class A Common stock,$53.70,0.29,0.543%,1127392,5803653276.00,United States,2025,Engineering & Construction,Consumer Discretionary
LGND,Ligand Pharmaceuticals Incorporated Common Stock,$310.36,-3.74,-1.191%,431022,6187215609.00,United States,,Biotechnology: Pharmaceutical Preparations,Health Care
LGO,Largo Inc. Common Shares,$0.5232,0.0201,3.995%,1499079,53959709.00,Canada,,Mining & Quarrying of Nonmetallic Minerals (No Fuels),Industrials
LGPS,LogProstyle Inc. Common Shares,$0.739,-0.004,-0.538%,136708,17448433.00,,2025,Homebuilding,Consumer Discretionary
LGVN,Longeveron Inc. Class A Common Stock,$2.72,0.09,3.422%,55204,8671901.00,United States,2021,Biotechnology: Pharmaceutical Preparations,Health Care
LH,Labcorp Holdings Inc. Common Stock,$308.81,-0.76,-0.246%,613108,25044491000.00,United States,,Medical Specialities,Health Care
LHAI,Linkhome Holdings Inc. Common stock,$1.01,-0.02,-1.942%,40823,16695300.00,United States,2025,Real Estate,Finance
LHSW,Lianhe Sowell International Group Ltd Class A Ordinary Shares,$0.5287,-0.1513,-22.25%,644401,5766090.00,China,2025,Computer Software: Prepackaged Software,Technology
LHX,L3Harris Technologies Inc. Common Stock,$236.47,-1.23,-0.517%,1833953,44034170246.00,United States,,Industrial Machinery/Components,Industrials
LI,Li Auto Inc. American Depositary Shares,$11.23,-0.48,-4.099%,5468318,10209895493.00,China,2020,Auto Manufacturing,Industrials
LICN,Lichen International Limited Class A Ordinary Shares,$1.02,-0.01,-0.971%,4413,16765562.00,China,2023,Professional Services,Consumer Discretionary
LIDR,AEye Inc. Class A Common Stock,$1.19,0.005,0.422%,183915,55539881.00,United States,2021,Auto Parts:O.E.M.,Consumer Discretionary
LIEN,Chicago Atlantic BDC Inc. Common Stock,$9.61,0.04,0.418%,27414,219305870.00,United States,2022,Finance: Consumer Services,Finance
LIF,Life360 Inc. Common Stock,$40.04,0.06,0.15%,491779,3262473975.00,United States,2024,EDP Services,Technology
LIFE,Ethos Technologies Inc. Class A Common Stock,$33.85,-0.39,-1.139%,953873,2158257518.00,United States,2026,Specialty Insurers,Finance
LII,Lennox International Inc. Common Stock,$360.16,-8.25,-2.239%,579432,12447372708.00,United States,1999,Industrial Machinery/Components,Industrials
LILA,Liberty Latin America Ltd. Class A Common Stock,$8.44,-0.05,-0.589%,250887,1653396000.00,United States,,Cable & Other Pay Television Services,Telecommunications
LILAK,Liberty Latin America Ltd. Class C Common Stock,$8.385,-0.005,-0.06%,865790,1642621500.00,United States,,Cable & Other Pay Television Services,Telecommunications
LILAP,Liberty Latin America Ltd. 9.0% Fixed Rate Cumulative Perpetual Redeemable Series A Preference Shares,$20.52,0.12,0.588%,13208,4019868000.00,United States,,Cable & Other Pay Television Services,Telecommunications
LIME,Neutron Holdings Inc. Common Stock,$28.43,-0.49,-1.694%,346102,1847500522.00,United States,2026,Computer Software: Prepackaged Software,Technology
LIMN,Liminatus Pharma Inc. Class A Common Stock,$3.91,-0.36,-8.431%,38376,5251943.00,United States,,Biotechnology: Biological Products (No Diagnostic Substances),Health Care
LIMNW,Liminatus Pharma Inc. Warrants,$0.0445,-0.0154,-25.71%,194,59773.00,United States,,Biotechnology: Biological Products (No Diagnostic Substances),Health Care
LIN,Linde plc Ordinary Shares,$473.37,1.33,0.282%,1908135,218214179759.00,United States,,Major Chemicals,Basic Materials
LINC,Lincoln Educational Services Corporation Common Stock,$21.54,-0.18,-0.829%,832783,683280658.00,United States,2005,Other Consumer Services,Real Estate
LIND,Lindblad Expeditions Holdings Inc. Common Stock,$31.27,1.63,5.499%,1089555,2051927675.00,United States,2013,Transportation Services,Consumer Discretionary
LINE,Lineage Inc. Common Stock,$35.07,-0.36,-1.016%,1012599,7985790121.00,United States,2024,Real Estate Investment Trusts,Real Estate
LINK,Interlink Electronics Inc. Common Stock,$5.94,0.01,0.169%,173237,93575249.00,United States,,Computer peripheral equipment,Technology
LION,Lionsgate Studios Corp Common Shares,$11.19,0.22,2.005%,2792984,3329692819.00,Canada,2025,Movies/Entertainment,Consumer Discretionary
LIQT,LiqTech International Inc. Common Stock,$0.4407,-0.1594,-26.562%,619833,14520114.00,Denmark,,Industrial Machinery/Components,Technology
LITB,LightInTheBox Holding Co. Ltd. American Depositary Shares each representing twelve ordinary shares,$2.91,-0.08,-2.676%,3272,57404354.00,China,,Catalog/Specialty Distribution,Consumer Discretionary
LITE,Lumentum Holdings Inc. Common Stock,$973.49,52.17,5.663%,6036703,87322053000.00,United States,,Telecommunications Equipment,Telecommunications
LITS,Lite Strategy Inc. Common Stock,$1.375,0.015,1.103%,627835,41809994.00,United States,2003,Biotechnology: Pharmaceutical Preparations,Health Care
LIVE,Live Ventures Incorporated Common Stock,$7.70,0.20,2.667%,1598,23651751.00,United States,,Other Specialty Stores,Consumer Discretionary
LIVN,LivaNova PLC Ordinary Shares,$76.99,-0.22,-0.285%,567992,4241649104.00,United Kingdom,,Biotechnology: Electromedical & Electrotherapeutic Apparatus,Health Care
LKFN,Lakeland Financial Corporation Common Stock,$58.05,-0.71,-1.208%,129650,1442997612.00,United States,,Major Banks,Finance
LKFT,Lakefront Biotherapeutics American Depositary Shares,$29.52,-0.32,-1.072%,198897,1945281536.00,Belgium,2015,Biotechnology: Pharmaceutical Preparations,Health Care
LKQ,LKQ Corporation Common Stock,$23.11,-0.11,-0.474%,3390722,5846878207.00,United States,2003,Motor Vehicles,Consumer Discretionary
LKSP,Lake Superior Acquisition Corp. Class A Ordinary Shares,$10.24,0.00,0.00%,1294,0.00,United States,2025,,
LKSPR,Lake Superior Acquisition Corp. Rights,$1.20,0.00,0.00%,7845,0.00,United States,2025,,
LKSPU,Lake Superior Acquisition Corp. Units,$10.37,0.00,0.00%,1303,0.00,United States,2025,,
LLY,Eli Lilly and Company Common Stock,$1184.63,-0.15,-0.013%,1659517,1115159819911.00,United States,,Biotechnology: Pharmaceutical Preparations,Health Care
LLYVA,Liberty Live Holdings Inc. Series A Liberty Live Group Common Stock,$96.58,-0.49,-0.505%,137589,8885879214.00,United States,,Services-Misc. Amusement & Recreation,Consumer Discretionary
LLYVK,Liberty Live Holdings Inc. Series C Liberty Live Group Common Stock,$99.12,-0.80,-0.801%,245201,9119572869.00,United States,,Services-Misc. Amusement & Recreation,Consumer Discretionary
LMAT,LeMaitre Vascular Inc. Common Stock,$82.89,0.55,0.668%,227176,1895632713.00,United States,2006,Medical/Dental Instruments,Health Care
LMB,Limbach Holdings Inc. Common Stock,$47.95,-0.61,-1.256%,185999,571803414.00,United States,,Engineering & Construction,Consumer Discretionary
LMND,Lemonade Inc. Common Stock,$44.60,0.69,1.571%,1121093,3451889029.00,United States,2020,Property-Casualty Insurers,Finance
LMNR,Limoneira Co Common Stock,$12.12,0.07,0.581%,194022,219759925.00,United States,,Farming/Seeds/Milling,Consumer Staples
LMRI,Lumexa Imaging Holdings Inc. Common Stock,$10.26,0.115,1.134%,379583,985729254.00,United States,2025,Medical Specialities,Health Care
LMT,Lockheed Martin Corporation Common Stock,$512.21,-5.89,-1.137%,1240229,118213331594.00,United States,,Military/Government/Technical,Industrials
LNAI,Lunai Bioworks Inc. Common Stock,$1.77,-0.09,-4.839%,54166,8024985.00,United States,,Biotechnology: Pharmaceutical Preparations,Health Care
LNC,Lincoln National Corporation Common Stock,$40.92,0.04,0.098%,2057935,7834024989.00,United States,,Life Insurance,Finance
LNC^D,Lincoln National Corporation Depositary Shares Each Representing a 1/1000th Interest in a Share of 9.000% Non-Cumulative Preferred Stock Series D,$25.70,0.01,0.039%,189939,,United States,,,
LND,Brasilagro Brazilian Agric Real Estate Co Sponsored ADR (Brazil),$3.41,-0.10,-2.849%,53684,350150544.00,Brazil,,Farming/Seeds/Milling,Consumer Staples
LNG,Cheniere Energy Inc. Common Stock,$267.29,-2.36,-0.875%,1608884,55204515092.00,United States,2001,Oil/Gas Transmission,Utilities
LNKS,Linkers Industries Limited Class A Ordinary Shares,$0.9301,-0.0001,-0.011%,9908,1494311.00,Malaysia,2024,Electrical Products,Technology
LNN,Lindsay Corporation Common Stock,$112.92,-0.98,-0.86%,114996,1148270494.00,United States,,Industrial Machinery/Components,Industrials
LNSR,LENSAR Inc. Common Stock,$6.90,0.02,0.291%,25854,84772469.00,United States,,Medical/Dental Instruments,Health Care
LNT,Alliant Energy Corporation Common Stock,$64.34,1.13,1.788%,3890609,16682377534.00,United States,,Power Generation,Utilities
LNTH,Lantheus Holdings Inc. Common Stock,$99.51,-0.23,-0.231%,1247711,6495253439.00,United States,2015,Biotechnology: In Vitro & In Vivo Diagnostic Substances,Health Care
LNZA,LanzaTech Global Inc. Common Stock,$5.89,-0.05,-0.842%,73902,77095170.00,United States,2021,Major Chemicals,Industrials
LNZAW,LanzaTech Global Inc. Warrant,$0.0105,-0.0034,-24.46%,4231,137436.00,United States,2021,Major Chemicals,Industrials
LOAN,Manhattan Bridge Capital Inc,$3.73,-0.15,-3.866%,38337,42617149.00,United States,,Real Estate Investment Trusts,Real Estate
LOAR,Loar Holdings Inc. Common Stock,$63.55,-0.02,-0.031%,755479,5953902332.00,United States,2024,Military/Government/Technical,Industrials
LOB,Live Oak Bancshares Inc. Common Stock,$36.64,-0.13,-0.354%,218131,1695831837.00,United States,2022,Major Banks,Finance
LOB^A,Live Oak Bancshares Inc. Depositary Shares Each Representing a 1/40th Interest in a Share of 8.375% Fixed Rate Series A Non-Cumulative Perpetual Preferred Stock,$24.84,-0.175,-0.70%,10522,,United States,,,
LOBO,LOBO TECHNOLOGIES LTD. Class A Ordinary Shares,$0.538,-0.0409,-7.065%,271800,7446963.00,China,2024,Motor Vehicles,Consumer Discretionary
LOCL,Local Bounti Corporation Common Stock,$1.03,-0.01,-0.962%,2915,24081523.00,United States,2021,Farming/Seeds/Milling,Consumer Staples
LOCO,El Pollo Loco Holdings Inc. Common Stock,$14.44,0.34,2.411%,345202,439451610.00,United States,2014,Restaurants,Consumer Discretionary
LODE,Comstock Inc. Common Stock,$2.35,-0.07,-2.893%,2484895,178583660.00,United States,,Major Chemicals,Industrials
LOGI,Logitech International S.A. Ordinary Shares,$100.67,0.34,0.339%,358441,14414769382.00,United States,1997,Computer peripheral equipment,Technology
LOMA,Loma Negra Compania Industrial Argentina Sociedad Anonima ADS,$9.14,-0.17,-1.826%,504027,1066607198.00,Argentina,2017,Building Materials,Industrials
LONA,LeonaBio Inc. Common Stock,$3.51,0.64,22.30%,439166,33070037.00,United States,2020,Biotechnology: Biological Products (No Diagnostic Substances),Health Care
LOOP,Loop Industries Inc. Common Stock,$0.4369,-0.0072,-1.621%,76943,21137384.00,Canada,,Major Chemicals,Industrials
LOPE,Grand Canyon Education Inc. Common Stock,$147.59,1.19,0.813%,221565,3846938811.00,United States,2008,Other Consumer Services,Real Estate
LOT,Lotus Technology Inc. American Depositary Shares,$0.87,-0.0001,-0.011%,13292,558618191.00,China,,Auto Manufacturing,Industrials
LOTWW,Lotus Technology Inc. Warrants,$0.05,0.00,0.00%,36,32104494.00,China,,Auto Manufacturing,Industrials
LOVE,The Lovesac Company Common Stock,$15.62,0.20,1.297%,160743,225294023.00,United States,2018,Other Specialty Stores,Consumer Discretionary
LOVIU,Live Oak Acquisition Corp. VI Units,$10.01,0.00,0.00%,219,0.00,United States,2026,Blank Checks,Finance
LOW,Lowe's Companies Inc. Common Stock,$187.26,-0.40,-0.213%,2901948,105062975598.00,United States,,RETAIL: Building Materials,Consumer Discretionary
LPA,Logistic Properties of the Americas Ordinary Shares,$2.82,-0.05,-1.742%,11106,89390151.00,,2024,Real Estate,Finance
LPAA,Launch One Acquisition Corp. Class A Ordinary shares,$10.76,0.00,0.00%,30,0.00,United States,2024,,
LPAAW,Launch One Acquisition Corp. Warrant,$0.1013,-0.0293,-22.435%,2658,0.00,United States,2024,Blank Checks,Finance
LPBB,Launch Two Acquisition Corp. Class A Ordinary Shares,$10.83,0.00,0.00%,96375,0.00,United States,2024,,
LPBBU,Launch Two Acquisition Corp. Unit,$10.87,0.00,0.00%,3,0.00,United States,2024,Blank Checks,Finance
LPBBW,Launch Two Acquisition Corp. Warrant,$0.1499,0.0098,6.995%,6001,0.00,United States,2024,Blank Checks,Finance
LPCN,Lipocine Inc. Common Stock,$2.16,0.07,3.349%,24259,17807586.00,United States,,Biotechnology: Pharmaceutical Preparations,Health Care
LPCV,Launchpad Cadenza Acquisition Corp I Class A Ordinary Share,$10.07,-0.01,-0.099%,752,0.00,United States,2026,,
LPG,Dorian LPG Ltd. Common Stock,$54.23,-0.13,-0.239%,396842,2320104791.00,United States,2014,Marine Transportation,Consumer Discretionary
LPL,LG Display Co Ltd AMERICAN DEPOSITORY SHARES,$2.98,-0.02,-0.667%,2157925,2980000000.00,South Korea,2004,Industrial Machinery/Components,Technology
LPLA,LPL Financial Holdings Inc. Common Stock,$308.05,-4.63,-1.481%,1202596,24256562435.00,United States,2010,Investment Bankers/Brokers/Service,Finance
LPTH,LightPath Technologies Inc. Class A Common Stock,$10.02,0.19,1.933%,1721027,701763245.00,United States,1996,Semiconductors,Technology
LPX,Louisiana-Pacific Corporation Common Stock,$65.76,-0.30,-0.454%,994987,4598163442.00,United States,,Forest Products,Basic Materials
LQDA,Liquidia Corporation Common Stock,$70.69,-2.98,-4.045%,1533298,6327383505.00,United States,2018,Biotechnology: Pharmaceutical Preparations,Health Care
LQDT,Liquidity Services Inc. Common Stock,$43.31,-0.02,-0.046%,192813,1356972376.00,United States,2006,Business Services,Consumer Discretionary
LRCX,Lam Research Corporation Common Stock,$323.86,9.39,2.986%,7971319,405286293877.00,United States,1984,Industrial Machinery/Components,Technology
LRE,Lead Real Estate Co. Ltd American Depositary Shares,$1.14,0.05,4.587%,16863,15551766.00,Japan,2023,Homebuilding,Consumer Discretionary
LRHC,La Rosa Holdings Corp. Common Stock,$2.49,-0.04,-1.581%,8315,1418401.00,United States,2023,Real Estate,Finance
LRMR,Larimar Therapeutics Inc. Common Stock,$3.14,-0.03,-0.946%,1041641,326192422.00,United States,2014,Biotechnology: Pharmaceutical Preparations,Health Care
LRN,Stride Inc. Common Stock,$75.59,-1.07,-1.396%,615329,3141508684.00,United States,,Other Consumer Services,Real Estate
LSAK,Lesaka Technologies Inc. Common Stock,$4.13,-0.04,-0.959%,73687,354453508.00,South Africa,,Investment Bankers/Brokers/Service,Finance
LSBK,Lake Shore Bancorp Inc. Common Stock,$18.40,0.27,1.489%,26013,144509699.00,United States,2006,Savings Institutions,Finance
LSCC,Lattice Semiconductor Corporation Common Stock,$125.45,1.42,1.145%,1492497,17817697622.00,United States,,Semiconductors,Technology
LSE,Leishen Energy Holding Co. Ltd. Class A Ordinary Shares,$5.07,0.27,5.625%,7503,86316750.00,China,2024,Oil and Gas Field Machinery,Consumer Discretionary
LSF,Laird Superfood Inc. Common Stock,$3.49,0.08,2.346%,14925,39063165.00,,2020,Packaged Foods,Consumer Staples
LSPD,Lightspeed Commerce Inc. Subordinate Voting Shares,$9.75,0.06,0.619%,878466,1299816053.00,Canada,,Computer Software: Prepackaged Software,Technology
LSTA,Lisata Therapeutics Inc. Common Stock,$1.47,-0.03,-2.00%,50727,15881977.00,United States,,Biotechnology: Pharmaceutical Preparations,Health Care
LSTR,Landstar System Inc. Common Stock,$168.42,3.01,1.82%,364309,5715656909.00,United States,1993,Trucking Freight/Courier Services,Industrials
LTBR,Lightbridge Corporation Common Stock,$6.30,-0.18,-2.778%,801205,235985973.00,United States,,Major Chemicals,Basic Materials
LTC,LTC Properties Inc. Common Stock,$43.10,0.01,0.023%,650374,2323329765.00,United States,,Real Estate Investment Trusts,Real Estate
LTGO,Latigo Biotherapeutics Inc. Common Stock,$18.10,0.62,3.547%,955234,1200018181.00,United States,2026,Biotechnology: Pharmaceutical Preparations,Health Care
LTGR,Long Table Growth Corp. Class A Ordinary Shares,$9.99,0.00,0.00%,8,0.00,United States,2026,Blank Checks,Finance
LTGRU,Long Table Growth Corp. Units,$10.16,-0.02,-0.196%,132,0.00,United States,2026,Blank Checks,Finance
LTGRW,Long Table Growth Corp. Warrants,$0.26,0.00,0.00%,1310,0.00,United States,2026,,
LTH,Life Time Group Holdings Inc. Common Stock,$40.08,0.49,1.238%,2530923,8956354876.00,United States,2021,Hotels/Resorts,Consumer Discretionary
LTM,LATAM Airlines Group S.A. American Depositary Shares (each representing two thousand (2000) shares of Common Stock),$51.06,-0.44,-0.854%,866040,14659734072.00,Chile,2024,Air Freight/Delivery Services,Consumer Discretionary
LTRN,Lantern Pharma Inc. Common Stock,$1.085,-0.005,-0.459%,363745,13870798.00,United States,2020,Biotechnology: Pharmaceutical Preparations,Health Care
LTRX,Lantronix Inc. Common Stock,$7.22,0.00,0.00%,1229762,338469268.00,United States,2000,Computer Communications Equipment,Telecommunications
LTRYW,Sports Entertainment Gaming Global Corporation Warrants,$0.0036,0.0005,16.129%,101378,11734.00,United States,2023,Computer Software: Prepackaged Software,Technology
LU,Lufax Holding Ltd American Depositary Shares each representing two (2) Ordinary Shares,$1.24,-0.02,-1.587%,786187,1074694226.00,China,,Finance: Consumer Services,Finance
LUCD,Lucid Diagnostics Inc. Common Stock,$0.809,0.0033,0.41%,771684,164424372.00,United States,2021,Medical/Dental Instruments,Health Care
LUCK,Lucky Strike Entertainment Corporation Class A Common Stock,$5.43,0.10,1.876%,61696,740261149.00,United States,2021,Services-Misc. Amusement & Recreation,Consumer Discretionary
LUCY,Innovative Eyewear Inc. Common Stock,$0.9235,-0.0333,-3.48%,136661,8045775.00,United States,2022,Ophthalmic Goods,Health Care
LUCYW,Innovative Eyewear Inc. Series A Warrants 8/16/27,$0.0351,-0.0002,-0.567%,2610,305800.00,United States,2022,Ophthalmic Goods,Health Care
LUD,Luda Technology Group Limited Ordinary Shares,$3.95,-0.05,-1.25%,5306,89625500.00,Hong Kong,2025,Steel/Iron Ore,Industrials
LULU,lululemon athletica inc. Common Stock,$96.87,-3.71,-3.689%,4550365,10228896980.00,Canada,2007,Apparel,Consumer Discretionary
LUMN,Lumen Technologies Inc. Common Stock,$5.54,0.01,0.181%,10056684,5714207538.00,United States,,Telecommunications Equipment,Telecommunications
LUNG,Pulmonx Corporation Common Stock,$1.98,0.02,1.02%,253942,85037573.00,United States,2020,Medical/Dental Instruments,Health Care
LUNR,Intuitive Machines Inc. Class A Common Stock,$14.55,-0.65,-4.276%,6633859,3330845189.00,United States,2021,Industrial Machinery/Components,Industrials
LUV,Southwest Airlines Company Common Stock,$42.08,-0.20,-0.473%,4108785,20585881098.00,United States,,Air Freight/Delivery Services,Consumer Discretionary
LUXE,LuxExperience B.V. American Depositary Shares each representing one Ordinary Share,$9.61,0.19,2.017%,190306,1342515376.00,,2021,Catalog/Specialty Distribution,Consumer Discretionary
LVLU,Lulu's Fashion Lounge Holdings Inc. Common Stock,$11.33,-0.31,-2.663%,3634,32534956.00,United States,2021,Catalog/Specialty Distribution,Consumer Discretionary
LVO,LiveOne Inc. Common Stock,$2.30,0.00,0.00%,55303,31537115.00,United States,,Restaurants,Consumer Discretionary
LVS,Las Vegas Sands Corp. Common Stock,$38.32,-0.46,-1.186%,5309263,24819909371.00,United States,2004,Hotels/Resorts,Consumer Discretionary
LVWR,LiveWire Group Inc. Common Stock,$1.62,0.06,3.846%,299719,332768180.00,United States,2022,Motor Vehicles,Consumer Discretionary
LW,Lamb Weston Holdings Inc. Common Stock ,$43.27,0.09,0.208%,1652763,5948803346.00,United States,2016,Packaged Foods,Consumer Staples
LWAC,LightWave Acquisition Corp. Class A Ordinary Shares,$10.3821,0.00,0.00%,8,0.00,United States,2025,Blank Checks,Finance
LWACU,LightWave Acquisition Corp. Units,$10.36,0.00,0.00%,11,0.00,United States,2025,Blank Checks,Finance
LWACW,LightWave Acquisition Corp. Warrants,$0.1349,0.00,0.00%,6,0.00,United States,2025,Blank Checks,Finance
LWAY,Lifeway Foods Inc. Common Stock,$21.14,-0.22,-1.03%,101951,319356632.00,United States,,Packaged Foods,Consumer Staples
LWLG,Lightwave Logic Inc. Common Stock,$5.17,0.17,3.40%,5614757,797044708.00,United States,,Containers/Packaging,Industrials
LX,LexinFintech Holdings Ltd. American Depositary Shares,$0.7326,-0.0203,-2.696%,1555023,120723890.00,China,2017,Finance: Consumer Services,Finance
LXEH,Lixiang Education Holding Co. Ltd. American Depositary Shares,$1.66,0.08,5.063%,33636,3181667.00,China,2020,Other Consumer Services,Real Estate
LXEO,Lexeo Therapeutics Inc. Common Stock,$3.42,0.28,8.917%,6560483,280598192.00,United States,2023,Biotechnology: Biological Products (No Diagnostic Substances),Health Care
LXFR,Luxfer Holdings PLC Ordinary Shares,$17.27,-0.01,-0.058%,195982,462132092.00,United Kingdom,2012,Major Chemicals,Basic Materials
LXP,LXP Industrial Trust Common Stock (Maryland REIT),$60.89,-0.02,-0.033%,1166365,3589907805.00,United States,,Real Estate Investment Trusts,Real Estate
LXP^C,LXP Industrial Trust 6.5% Series C Cumulative Convertible Preferred Stock,$49.39,-0.10,-0.202%,2717,,United States,,,
LXRX,Lexicon Pharmaceuticals Inc. Common Stock,$1.88,-0.02,-1.053%,3946289,836517156.00,United States,,Biotechnology: Pharmaceutical Preparations,Health Care
LXU,LSB Industries Inc. Common Stock,$9.66,-0.18,-1.829%,529268,695495889.00,United States,2003,Major Chemicals,Basic Materials
LYB,LyondellBasell Industries NV Ordinary Shares Class A (Netherlands),$58.18,-0.09,-0.154%,3540140,18794348047.00,Netherlands,,Major Chemicals,Industrials
LYEL,Lyell Immunopharma Inc. Common Stock,$9.63,-0.11,-1.129%,140824,235984508.00,United States,2021,Biotechnology: Pharmaceutical Preparations,Health Care
LYFT,Lyft Inc. Class A Common Stock,$15.07,0.19,1.277%,8590234,5704601552.00,United States,2019,Business Services,Consumer Discretionary
LYG,Lloyds Banking Group Plc American Depositary Shares,$5.69,-0.03,-0.524%,17032915,84331569171.00,United Kingdom,,Commercial Banks,Finance
LYNX,Lyntris Inc. Common Stock,$12.42,0.15,1.222%,1409361,1440091349.00,,2026,Industrial Machinery/Components,Industrials
LYTS,LSI Industries Inc. Common Stock,$20.83,-0.13,-0.62%,331935,776153629.00,United States,1985,Building Products,Consumer Discretionary
LYV,Live Nation Entertainment Inc. Common Stock,$171.09,-0.80,-0.465%,1508807,40314597107.00,United States,,Services-Misc. Amusement & Recreation,Consumer Discretionary
LZ,LegalZoom.com Inc. Common Stock,$5.55,0.10,1.835%,2538404,950519707.00,United States,2021,EDP Services,Technology
LZB,La-Z-Boy Incorporated Common Stock,$29.68,-0.15,-0.503%,611166,1188766243.00,United States,,Home Furnishings,Consumer Discretionary
LZM,Lifezone Metals Limited Ordinary Shares,$3.86,0.01,0.26%,697444,347070190.00,Isle of Man,,Metal Mining,Basic Materials
LZMH,LZ Technology Holdings Limited Class B Ordinary Shares,$1.11,-0.04,-3.478%,16658,9966135.00,China,2025,EDP Services,Technology
M,Macy's Inc Common Stock,$23.27,0.26,1.13%,6609034,6077580552.00,United States,,Department/Specialty Retail Stores,Consumer Discretionary
MA,Mastercard Incorporated Common Stock,$563.58,-4.68,-0.824%,2901512,493701681985.00,United States,2006,Business Services,Consumer Discretionary
MAA,Mid-America Apartment Communities Inc. Common Stock,$118.43,0.09,0.076%,920659,13740480368.00,United States,1994,Real Estate Investment Trusts,Real Estate
MAA^I,Mid-America Apartment Communities Inc. 8.50% Series I Cumulative Redeemable Preferred Stock,$49.9553,-0.1947,-0.388%,2147,,United States,,,
MAAS,Maase Inc. Class A Ordinary Shares,$16.12,-1.83,-10.195%,229505,7127870317.00,China,2019,Investment Managers,Finance
MAC,Macerich Company (The) Common Stock,$22.89,0.32,1.418%,4118387,6490674094.00,United States,1994,Real Estate Investment Trusts,Real Estate
MACI,Melar Acquisition Corp. I Class A Ordinary Shares,$11.0899,0.00,0.00%,10,0.00,United States,2024,,
MAGN,Magnera Corporation Common Stock,$11.62,-0.29,-2.435%,331174,415996000.00,United States,2000,Paper,Basic Materials
MAIA,MAIA Biotechnology Inc. Common Stock,$1.15,-0.03,-2.542%,677562,71003238.00,,2022,Biotechnology: Pharmaceutical Preparations,Health Care
MAIN,Main Street Capital Corporation Common Stock,$55.94,0.87,1.58%,567889,5230863308.00,United States,2007,Finance/Investors Services,Finance
MAIR,Madison Air Solutions Corporation Class A Common Stock,$24.89,-0.08,-0.32%,3195505,12487875813.00,,2026,Pollution Control Equipment,Industrials
MAKO,Mako Mining Corp Common Stock,$9.54,0.11,1.166%,129035,835760372.00,Canada,,Precious Metals,Basic Materials
MAMA,Mama's Creations Inc. Common Stock,$12.87,-0.28,-2.129%,663539,606787926.00,United States,,Specialty Foods,Consumer Staples
MAMO,Massimo Group Common Stock,$1.02,0.021,2.102%,44662,42473769.00,United States,2024,Industrial Specialties,Consumer Discretionary
MAN,ManpowerGroup Common Stock,$56.56,-0.46,-0.807%,660648,2630355039.00,United States,,Professional Services,Consumer Discretionary
MANE,Veradermics Incorporated Common Stock,$117.82,2.82,2.452%,481753,4922535624.00,,2026,Biotechnology: Pharmaceutical Preparations,Health Care
MANH,Manhattan Associates Inc. Common Stock,$200.11,-1.77,-0.877%,522424,11667407947.00,United States,1998,Computer Software: Prepackaged Software,Technology
MANU,Manchester United Ltd. Class A Ordinary Shares,$20.81,0.35,1.711%,478966,3589545888.00,United Kingdom,2012,Services-Misc. Amusement & Recreation,Consumer Discretionary
MAR,Marriott International Class A Common Stock,$361.62,3.05,0.851%,1466724,94298305067.00,United States,,Hotels/Resorts,Consumer Discretionary
MARA,MARA Holdings Inc. Common Stock,$11.99,-0.12,-0.991%,26126315,4631728571.00,United States,,Finance: Consumer Services,Finance
MARPS,Marine Petroleum Trust Units of Beneficial Interest,$4.38,-0.1416,-3.132%,22994,8760000.00,United States,,Oil & Gas Production,Energy
MAS,Masco Corporation Common Stock,$68.37,0.01,0.015%,1881075,13481704589.00,United States,,Industrial Specialties,Industrials
MASK,3 E Network Technology Group Ltd Class A Ordinary Shares,$0.843,0.0052,0.621%,437340,3050889.00,China,2025,EDP Services,Technology
MASS,908 Devices Inc. Common Stock,$11.85,0.19,1.63%,453470,489804404.00,United States,2020,Industrial Machinery/Components,Industrials
MAT,Mattel Inc. Common Stock,$13.22,-0.12,-0.90%,4108564,3776954000.00,United States,,Recreational Games/Products/Toys,Consumer Discretionary
MATH,Metalpha Technology Holding Limited Ordinary Shares,$1.10,0.07,6.796%,102454,52291785.00,China,2017,Finance: Consumer Services,Finance
MATV,Mativ Holdings Inc. Common Stock,$11.73,-0.11,-0.929%,353733,647379850.00,United States,,Paper,Basic Materials
MATW,Matthews International Corporation Class A Common Stock,$19.43,-0.09,-0.461%,651428,606471951.00,United States,1994,Metal Fabrications,Telecommunications
MATX,Matson Inc. Common Stock,$226.43,2.98,1.334%,352423,6771039995.00,United States,,Marine Transportation,Consumer Discretionary
MAX,MediaAlpha Inc. Class A Common Stock,$9.38,0.18,1.957%,1172711,574656114.00,United States,2020,Business Services,Consumer Discretionary
MAYS,J. W. Mays Inc. Common Stock,$40.00,0.00,0.00%,104,80631200.00,United States,,Building operators,Real Estate
MAZE,Maze Therapeutics Inc. Common Stock,$27.02,0.17,0.633%,709555,1500938519.00,United States,2025,Biotechnology: Biological Products (No Diagnostic Substances),Health Care
MB,MasterBeef Group Ordinary Shares,$3.99,0.00,0.00%,1365,68448450.00,Hong Kong,2025,Restaurants,Consumer Discretionary
MBAI,MBody AI Ltd. Ordinary Share,$3.75,-0.27,-6.716%,19213,57350940.00,Israel,2015,Medical Electronics,Health Care
MBBC,Marathon Bancorp Inc. Common Stock,$15.00,-0.122,-0.807%,6136,45148545.00,United States,,Banks,Finance
MBC,MasterBrand Inc. Common Stock,$6.97,0.01,0.144%,4082281,1418328715.00,United States,2022,Home Furnishings,Consumer Discretionary
MBGL,Mobility Global Inc. Common Stock,$17.80,0.04,0.225%,4548199,5247819496.00,United States,2026,Business Services,Consumer Discretionary
MBI,MBIA Inc. Common Stock,$4.29,-0.02,-0.464%,400762,218860545.00,United States,1987,Property-Casualty Insurers,Finance
MBIN,Merchants Bancorp Common Stock,$49.61,-1.94,-3.763%,150831,2278987901.00,United States,2017,Major Banks,Finance
MBINL,Merchants Bancorp Depositary Shares Each Representing a 1/40thInterest in a Share of 7.25% Fixed Rate Series E Non-CumulativePerpetual Preferred Stock without par value,$23.26,-0.02,-0.086%,44367,1068519625.00,United States,,Major Banks,Finance
MBINM,Merchants Bancorp Depositary Shares Each Representing a 1/40th Interest in a Share of 8.25% Fixed-Rate Reset Series D Non-Cumulative Perpetual Preferred Stock,$25.43,0.08,0.316%,9308,1168205247.00,United States,,Major Banks,Finance
MBINN,Merchants Bancorp Depositary Shares Preferred Series C,$18.88,-0.205,-1.074%,12347,867310856.00,United States,,Major Banks,Finance
MBIO,Mustang Bio Inc. Common Stock,$0.4796,-0.0273,-5.386%,49269,3634172.00,United States,,Biotechnology: Pharmaceutical Preparations,Health Care
MBLY,Mobileye Global Inc. Class A Common Stock,$7.565,-0.23,-2.951%,4898499,6431669179.00,Israel,2022,Computer Software: Prepackaged Software,Technology
MBNKO,Medallion Bank Fixed-Rate Reset Non-Cumulative Perpetual Preferred Stock Series G par value $1.00 per share,$24.33,-0.17,-0.694%,18082,24330000.00,United States,,Commercial Banks,Finance
MBOT,Microbot Medical Inc. Common Stock,$1.245,-0.005,-0.40%,631372,83620177.00,Israel,,Medical/Dental Instruments,Health Care
MBRX,Moleculin Biotech Inc. Common Stock,$0.5264,-0.0426,-7.487%,1664920,10731075.00,United States,2016,Biotechnology: Pharmaceutical Preparations,Health Care
MBUU,Malibu Boats Inc. Class A Common Stock,$23.33,0.20,0.865%,145105,459070849.00,United States,2014,Marine Transportation,Industrials
MBVI,M3-Brigade Acquisition VI Corp. Class A Ordinary Shares,$10.23,-0.01,-0.098%,50016,0.00,United States,2025,,
MBVIW,M3-Brigade Acquisition VI Corp. Warrant,$0.36,0.01,2.857%,2894,0.00,United States,2025,,
MBWM,Mercantile Bank Corporation Common Stock,$58.89,-0.49,-0.825%,114491,1017968359.00,United States,1998,Major Banks,Finance
MBX,MBX Biosciences Inc. Common Stock,$57.75,0.21,0.365%,357170,2781245544.00,United States,2024,Biotechnology: Pharmaceutical Preparations,Health Care
MC,Moelis & Company Class A Common Stock,$58.00,-0.10,-0.172%,1034934,4539605944.00,United States,2014,Investment Managers,Finance
MCAH,Mountain Crest Acquisition 6 Corp. Ordinary Shares,$10.03,0.00,0.00%,6,0.00,United States,2026,Blank Checks,Finance
MCAHU,Mountain Crest Acquisition 6 Corp. Units,$10.22,-0.0399,-0.389%,1620,0.00,United States,2026,Blank Checks,Finance
MCB,Metropolitan Bank Holding Corp. Common Stock,$87.48,-1.16,-1.309%,112165,1084557619.00,United States,2017,Major Banks,Finance
MCBS,MetroCity Bankshares Inc. Common Stock,$34.40,-0.48,-1.376%,105774,990074278.00,United States,2019,Major Banks,Finance
MCD,McDonald's Corporation Common Stock,$233.98,0.38,0.163%,5245177,165573965423.00,United States,,Restaurants,Consumer Discretionary
MCFT,MasterCraft Boat Holdings Inc. Common Stock,$20.08,0.21,1.057%,232925,488734570.00,United States,2015,Marine Transportation,Industrials
MCGA,Yorkville Acquisition Corp. Class A Ordinary Share,$10.36,0.01,0.097%,10741,0.00,United States,2025,Electric Utilities: Central,Utilities
MCGAW,Yorkville Acquisition Corp. Warrant,$0.2901,-0.0419,-12.62%,17238,0.00,United States,2025,,
MCHB,Mechanics Bancorp Class A Common Stock,$14.86,-0.06,-0.402%,577037,3273837226.00,United States,2012,Major Banks,Finance
MCHP,Microchip Technology Incorporated Common Stock,$78.78,0.81,1.039%,7690895,42778224677.00,United States,1993,Semiconductors,Technology
MCHPP,Microchip Technology Incorporated Depositary Shares Each Representing a 1/20th Interest in a Share of 7.50% Series A Mandatory Convertible Preferred Stock,$67.31,0.53,0.794%,609044,36549914991.00,United States,,Semiconductors,Technology
MCHX,Marchex Inc. Class B Common Stock,$1.29,-0.03,-2.273%,14047,57195878.00,United States,2004,Computer Software: Prepackaged Software,Technology
MCI,Barings Corporate Investors Common Stock,$17.75,0.02,0.113%,17911,359645512.00,United States,,Trusts Except Educational Religious and Charitable,Finance
MCK,McKesson Corporation Common Stock,$864.82,8.53,0.996%,476911,100829677730.00,United States,,Other Pharmaceuticals,Health Care
MCN,XAI Madison Equity Premium Income Fund Common Shares,$5.24,-0.03,-0.569%,103266,0.00,United States,2004,,
MCO,Moody's Corporation Common Stock,$454.82,-5.26,-1.143%,848721,78774824000.00,United States,,Finance: Consumer Services,Finance
MCRB,Seres Therapeutics Inc. Common Stock,$3.48,-0.04,-1.136%,71300,34955838.00,United States,2015,Biotechnology: Pharmaceutical Preparations,Health Care
MCRI,Monarch Casino & Resort Inc. Common Stock,$116.09,-1.17,-0.998%,110377,2080625463.00,United States,1993,Hotels/Resorts,Consumer Discretionary
MCRP,Micropolis AI Robotics Ordinary Shares,$0.80,0.0229,2.947%,64852,27910758.00,,2025,Auto Parts:O.E.M.,Consumer Discretionary
MCS,Marcus Corporation (The) Common Stock,$28.70,0.00,0.00%,237708,884882963.00,United States,,Movies/Entertainment,Consumer Discretionary
MCY,Mercury General Corporation Common Stock,$99.87,1.02,1.032%,201337,5531662178.00,United States,,Property-Casualty Insurers,Finance
MD,Pediatrix Medical Group Inc. Common Stock,$26.06,0.13,0.501%,528338,2117460242.00,United States,,Hospital/Nursing Management,Health Care
MDA,MDA Space Ltd. Common Shares,$29.64,-1.41,-4.541%,2315980,4805556823.00,,2026,Electronic Components,Consumer Discretionary
MDAI,Spectral AI Inc. Class A Common Stock,$1.58,-0.03,-1.863%,79558,50852186.00,United States,2021,Medical/Dental Instruments,Health Care
MDAIW,Spectral AI Inc. Warrants,$0.4614,0.0112,2.488%,6294,14850126.00,United States,2021,Medical/Dental Instruments,Health Care
MDB,MongoDB Inc. Class A Common Stock,$337.19,2.51,0.75%,9347898,27162792622.00,United States,2017,Computer Software: Prepackaged Software,Technology
MDBH,MDB Capital Holdings LLC Class A common,$2.57,0.00,0.00%,195,13977284.00,United States,2023,Finance: Consumer Services,Finance
MDCX,Medicus Pharma Ltd. Common Stock  ,$0.1566,0.0045,2.959%,1407493,9422316.00,Canada,,Biotechnology: Pharmaceutical Preparations,Health Care
MDCXW,Medicus Pharma Ltd. Warrant,$0.30,-0.01,-3.226%,220,18050413.00,Canada,,Biotechnology: Pharmaceutical Preparations,Health Care
MDGL,Madrigal Pharmaceuticals Inc. Common Stock,$509.44,-7.60,-1.47%,214358,11770165949.00,United States,2007,Biotechnology: Pharmaceutical Preparations,Health Care
MDIA,Mediaco Holding Inc. Class A Common Stock ,$1.0845,0.0095,0.884%,1076,91119536.00,United States,,Broadcasting,Consumer Discretionary
MDLN,Medline Inc. Class A Common Stock,$34.98,-0.09,-0.257%,11917671,45988468070.00,United States,2025,Medical/Dental Instruments,Health Care
MDLZ,Mondelez International Inc. Class A Common Stock,$59.32,-0.86,-1.429%,8402823,75710593941.00,United States,,Packaged Foods,Consumer Staples
MDRR,Medalist Diversified Inc. Common Stock,$11.00,-0.0174,-0.158%,813,17913500.00,United States,2018,Real Estate Investment Trusts,Real Estate
MDT,Medtronic plc. Ordinary Shares,$87.09,-2.41,-2.693%,19448414,111400118840.00,United States,,Biotechnology: Electromedical & Electrotherapeutic Apparatus,Health Care
MDU,MDU Resources Group Inc. Common Stock (Holding Company),$18.68,0.15,0.809%,2487485,3929327838.00,United States,,Mining & Quarrying of Nonmetallic Minerals (No Fuels),Industrials
MDWD,MediWound Ltd. Ordinary Shares,$13.80,-0.13,-0.933%,30255,178161836.00,Israel,2014, Medicinal Chemicals and Botanical Products ,Health Care
MDXG,MiMedx Group Inc Common Stock,$4.67,-0.01,-0.214%,901205,680701386.00,United States,,Medical/Dental Instruments,Health Care
MDXH,MDxHealth SA Ordinary Shares,$0.52,-0.028,-5.109%,311057,49617039.00,Belgium,2021,Medical Specialities,Health Care
MEC,Mayville Engineering Company Inc. Common Stock,$16.32,-0.53,-3.145%,612425,416165402.00,United States,2019,Industrial Specialties,Industrials
MED,MEDIFAST INC Common Stock,$11.61,-0.10,-0.854%,124037,129807962.00,United States,,Packaged Foods,Consumer Staples
MEDP,Medpace Holdings Inc. Common Stock,$622.11,6.17,1.002%,250794,17364119692.00,United States,2016,Biotechnology: Commercial Physical & Biological Resarch,Health Care
MEDS,DataMeds AI Inc. Common Stock,$3.67,-0.14,-3.675%,1479867,10399070.00,United States,2025,Other Pharmaceuticals,Health Care
MEGI,NYLIM CBRE Global Infrastructure Megatrends Term Fund Common Shares,$13.45,0.14,1.052%,187959,0.00,United States,2021,Investment Managers,Finance
MEGL,Magic Empire Global Limited Class A Ordinary Shares,$1.11,-0.01,-0.893%,5500,72221096.00,Hong Kong,2022,Finance: Consumer Services,Finance
MEI,Methode Electronics Inc. Common Stock,$14.34,0.28,1.991%,412384,511150060.00,United States,,Electrical Products,Technology
MELI,MercadoLibre Inc. Common Stock,$1724.90,12.49,0.729%,468366,87446913770.00,Argentina,2007,Business Services,Consumer Discretionary
MENS,Jyong Biotech Ltd. Ordinary Shares,$2.03,0.06,3.046%,17151,154336164.00,Taiwan,2025,Biotechnology: Pharmaceutical Preparations,Health Care
MEOH,Methanex Corporation Common Stock,$59.45,-0.33,-0.552%,589283,4599305435.00,Canada,,Major Chemicals,Industrials
MER^K,Bank of America Corporation Income Capital Obligation Notes initially due December 15 2066,$23.35,-0.18,-0.765%,116782,,United States,,,
MERC,Mercer International Inc. Common Stock,$0.3208,0.0028,0.881%,385405,21499385.00,Canada,,Paper,Basic Materials
MESH,Meshflow Acquisition Corp. Class A Ordinary Shares,$10.08,0.00,0.00%,387,0.00,United States,2026,,
MESHU,Meshflow Acquisition Corp. Units,$10.18,-0.065,-0.634%,100,0.00,United States,2025,,
MESHW,Meshflow Acquisition Corp. Warrants,$0.23,-0.01,-4.167%,5530,0.00,United States,2026,,
MESO,Mesoblast Limited American Depositary Shares,$14.87,0.37,2.552%,158043,1934361140.00,Australia,2015,Biotechnology: Biological Products (No Diagnostic Substances),Health Care
MET,MetLife Inc. Common Stock,$95.20,-0.62,-0.647%,2621800,60497403450.00,United States,2000,Life Insurance,Finance
MET^A,MetLife Inc. Preferred Series A Floating Rate,$21.33,-0.11,-0.513%,21351,,United States,,,
MET^E,MetLife Inc. Depositary Shares ,$19.94,-0.20,-0.993%,125071,,United States,,,
MET^F,MetLife Inc. Depositary Shares each representing a 1/1000th interest in a share of 4.75% Non-Cumulative Preferred Stock Series F,$16.83,-0.08,-0.473%,141499,,United States,,,
META,Meta Platforms Inc. Class A Common Stock,$738.79,23.17,3.238%,23591993,1882072123968.00,United States,2012,Computer Software: Programming Data Processing,Technology
METC,Ramaco Resources Inc. Class A Common Stock,$8.38,-0.60,-6.682%,2170891,533665836.00,United States,2017,Coal Mining,Energy
METCB,Ramaco Resources Inc. Class B Common Stock,$4.23,-0.11,-2.535%,165397,269380249.00,United States,,Coal Mining,Energy
METCI,Ramaco Resources Inc. 8.250% Senior Notes due 2030,$25.14,-0.11,-0.436%,4806,0.00,United States,,Coal Mining,Energy
METCZ,Ramaco Resources Inc. 8.375% Senior Notes due 2029,$25.15,-0.14,-0.554%,7787,0.00,United States,,Coal Mining,Energy
MEVO,M Evo Global Acquisition Corp II Class A Ordinary Shares,$10.00,0.00,0.00%,952,0.00,United States,2026,Blank Checks,Finance
MEVOW,M Evo Global Acquisition Corp II Warrants,$0.30,0.0473,18.718%,1000,0.00,United States,2026,Blank Checks,Finance
MF,MindForge Inc. Class A Ordinary Shares,$17.10,3.19,22.933%,67794,31060440.00,China,2024,Computer Software: Programming Data Processing,Technology
MFA,MFA Financial Inc.,$8.00,-0.01,-0.125%,1858350,808703504.00,United States,,Real Estate Investment Trusts,Real Estate
MFA^B,MFA Financial Inc. Preferred Series B,$18.165,-0.074,-0.406%,21775,,United States,,,
MFA^C,MFA Financial Inc. 6.50% Series C Fixed-to-Floating Rate Cumulative Redeemable Preferred Stock,$22.24,0.24,1.091%,57015,,United States,,,
MFAN,MFA Financial Inc. 8.875% Senior Notes due 2029,$25.15,0.02,0.08%,15780,2582117855.00,United States,2024,Real Estate Investment Trusts,Real Estate
MFAO,MFA Financial Inc. 9.000% Senior Notes due 2029,$25.2296,0.0295,0.117%,14083,2590290284.00,United States,2024,Real Estate Investment Trusts,Real Estate
MFC,Manulife Financial Corporation Common Stock,$43.42,-0.08,-0.184%,1260160,72463226118.00,Canada,,Life Insurance,Finance
MFG,Mizuho Financial Group Inc. Sponosred ADR (Japan),$11.00,-0.05,-0.452%,4130870,136941672670.00,Japan,,Major Banks,Finance
MFI,mF International Limited Class A Ordinary Shares,$9.3989,-0.3211,-3.303%,8434,471603765.00,Hong Kong,2024,EDP Services,Technology
MFIC,MidCap Financial Investment Corporation Common Stock,$8.86,0.10,1.142%,552340,729821484.00,United States,2004,Finance/Investors Services,Finance
MFICL,MidCap Financial Investment Corporation 8.00% Notes due 2028,$25.18,0.02,0.079%,11938,2349385202.00,United States,,Finance/Investors Services,Finance
MFIN,Medallion Financial Corp. Common Stock,$12.04,-0.01,-0.083%,88842,276441398.00,United States,,Finance: Consumer Services,Finance
MFM,Aberdeen Municipal Income Fund Common Shares of Beneficial Interest,$4.88,0.01,0.205%,1712972,200995639.00,United States,1986,Finance Companies,Finance
MFP,Midera Food Processing Inc. Common Stock,$40.69,-0.46,-1.118%,315292,1840427214.00,United States,,Industrial Machinery/Components,Industrials
MG,Mistras Group Inc Common Stock,$21.34,-0.25,-1.158%,251530,679676717.00,United States,2009,Military/Government/Technical,Consumer Discretionary
MGA,Magna International Inc. Common Stock,$64.56,-0.08,-0.124%,783394,17137732578.00,Canada,,Auto Parts:O.E.M.,Consumer Discretionary
MGEE,MGE Energy Inc,$69.24,0.31,0.45%,366987,2616164991.00,United States,,Electric Utilities: Central,Energy
MGF,Aberdeen Government Markets Income Fund Common Shares of Beneficial Interest,$2.70,0.01,0.372%,21833,88012961.00,United States,1987,Trusts Except Educational Religious and Charitable,Finance
MGIH,Millennium Group International Holdings Limited Ordinary Shares,$1.45,-0.04,-2.685%,45679,16312500.00,Hong Kong,2023,Publishing,Consumer Discretionary
MGLD,The Marygold Companies Inc. Common Stock,$1.98,0.01,0.508%,642495,84570255.00,,2022,Finance: Consumer Services,Finance
MGM,MGM Resorts International Common Stock,$31.52,-0.34,-1.067%,5367017,8142345467.00,United States,,Hotels/Resorts,Consumer Discretionary
MGN,Megan Holdings Limited Class A Ordinary Shares,$3.73,-0.05,-1.323%,65139,3450250.00,Malaysia,2025,Farming/Seeds/Milling,Consumer Staples
MGNI,Magnite Inc. Common Stock,$25.67,2.27,9.701%,4136319,3681698110.00,United States,,Computer Software: Programming Data Processing,Technology
MGNX,MacroGenics Inc. Common Stock,$3.77,-0.29,-7.143%,616444,240149705.00,United States,2013,Biotechnology: Pharmaceutical Preparations,Health Care
MGPI,MGP Ingredients Inc.,$13.34,0.56,4.382%,414677,285663774.00,United States,,Beverages (Production/Distribution),Consumer Staples
MGR,Affiliated Managers Group Inc. 5.875% Junior Subordinated Notes due 2059,$19.27,-0.38,-1.934%,11655,547500454.00,United States,2019,Investment Managers,Finance
MGRB,Affiliated Managers Group Inc. 4.750% Junior Subordinated Notes due 2060,$15.91,-0.39,-2.393%,22783,452035922.00,United States,2020,Investment Managers,Finance
MGRC,McGrath RentCorp Common Stock,$114.23,-0.63,-0.548%,158410,2790143484.00,United States,1984,Diversified Commercial Services,Consumer Discretionary
MGRD,Affiliated Managers Group Inc. 4.200% Junior Subordinated Notes due 2061,$14.28,-0.2786,-1.914%,16947,405724260.00,United States,2021,Investment Managers,Finance
MGRE,Affiliated Managers Group Inc. 6.750% Junior Subordinated Notes due 2064,$21.48,-0.30,-1.377%,26402,610291113.00,United States,2024,Investment Managers,Finance
MGRT,Mega Fortune Company Limited Ordinary Shares,$120.00,2.00,1.695%,9954,1650000000.00,Hong Kong,2025,EDP Services,Technology
MGRX,Mangoceuticals Inc. Common Stock,$0.4445,0.0597,15.515%,1139015,9586719.00,United States,2023,Misc Health and Biotechnology Services,Health Care
MGTX,MeiraGTx Holdings plc Ordinary Shares,$11.13,0.02,0.18%,875980,1068958545.00,United States,2018,Biotechnology: Biological Products (No Diagnostic Substances),Health Care
MGX,Metagenomi Therapeutics Inc. Common Stock,$1.13,-0.01,-0.877%,56691,42688129.00,United States,2024,Biotechnology: Biological Products (No Diagnostic Substances),Health Care
MGY,Magnolia Oil & Gas Corporation Class A Common Stock,$23.60,-0.11,-0.464%,4720631,6324949199.00,United States,2017,Oil & Gas Production,Energy
MGYR,Magyar Bancorp Inc. Common Stock,$19.05,-0.45,-2.308%,1479,122975046.00,United States,2006,Savings Institutions,Finance
MH,McGraw Hill Inc. Common Stock,$12.58,0.08,0.64%,1203996,2406664880.00,,2025,Publishing,Consumer Discretionary
MHD,Blackrock MuniHoldings Fund Inc. Common Stock,$10.21,-0.06,-0.584%,1780079,1518864829.00,United States,1997,Investment Bankers/Brokers/Service,Finance
MHF,Western Asset Municipal High Income Fund Inc. Common Stock,$6.06,0.04,0.664%,201235,0.00,United States,1988,Finance/Investors Services,Finance
MHH,Mastech Digital Inc Common Stock,$7.21,-0.05,-0.689%,8933,86610709.00,United States,,Professional Services,Consumer Discretionary
MHK,Mohawk Industries Inc. Common Stock,$124.84,0.41,0.33%,1006613,8456430022.00,United States,,Home Furnishings,Consumer Discretionary
MHLA,Maiden Holdings Ltd. 6.625% Notes due 2046,$8.86,0.00,0.00%,190,68593615.00,Bermuda,2016,Property-Casualty Insurers,Finance
MHNC,Maiden Holdings North America Ltd. 7.75% Notes due 2043,$10.349,0.099,0.966%,1027,80121368.00,Bermuda,2013,Property-Casualty Insurers,Finance
MHO,M/I Homes Inc. Common Stock,$135.79,-1.61,-1.172%,121572,3433182779.00,United States,1993,Homebuilding,Consumer Discretionary
MI,NFT Limited Class A Ordinary Share,$2.24,-0.13,-5.485%,27924,1144033.00,,2023,Finance: Consumer Services,Finance
MIAC,Meridian3 Industrials Acquisition Corp Class A Ordinary Shares,$9.82,0.01,0.102%,20021,0.00,United States,2026,,
MIAX,Miami International Holdings Inc. Common Stock,$33.87,-0.04,-0.118%,1451913,3360950515.00,United States,2025,Investment Bankers/Brokers/Service,Finance
MICC,The Magnum Ice Cream Company N.V. Ordinary Shares,$18.55,-0.25,-1.33%,598401,11357418158.00,,2025,Specialty Foods,Consumer Staples
MIDD,Middleby Corporation (The) Common Stock,$105.56,-1.12,-1.05%,453012,4773671160.00,United States,,Industrial Machinery/Components,Industrials
MIMI,Mint Incorporation Limited Class A Ordinary Shares,$0.8742,-0.0276,-3.061%,1070947,13893329.00,Hong Kong,2025,Business Services,Consumer Discretionary
MIN,Aberdeen Intermediate Income Fund Common Shares of Beneficial Interest,$2.32,0.00,0.00%,107470,266562829.00,United States,1988,Trusts Except Educational Religious and Charitable,Finance
MIND,MIND Technology Inc. Common Stock (DE),$4.325,0.075,1.765%,42902,39310163.00,United States,1994,Industrial Machinery/Components,Industrials
MINE,Mayfair Gold Corp. Common Shares,$2.68,-0.18,-6.294%,181072,179931169.00,,2026,Oil & Gas Production,Energy
MIR,Mirion Technologies Inc. Class A Common Stock,$14.34,-0.01,-0.07%,3886141,3571199858.00,United States,2020,Industrial Machinery/Components,Industrials
MIRA,MIRA Pharmaceuticals Inc. Common Stock,$0.8715,-0.0318,-3.52%,63227,36622249.00,United States,2023,Biotechnology: Pharmaceutical Preparations,Health Care
MIRM,Mirum Pharmaceuticals Inc. Common Stock,$87.54,-0.42,-0.477%,666875,5684165051.00,United States,2019,Biotechnology: Pharmaceutical Preparations,Health Care
MIST,Milestone Pharmaceuticals Inc. Common Shares,$0.82,0.0246,3.093%,933578,102088344.00,Canada,2019,Biotechnology: Pharmaceutical Preparations,Health Care
MITK,Mitek Systems Inc. Common Stock,$16.59,-0.63,-3.659%,556664,748580185.00,United States,,Computer peripheral equipment,Technology
MITN,TPG Mortgage Investment Trust Inc. 9.500% Senior Notes due 2029,$25.315,0.00,0.00%,244,746614890.00,United States,2024,Real Estate Investment Trusts,Real Estate
MITP,TPG Mortgage Investment Trust Inc. 9.500% Senior Notes due 2029,$25.3001,0.0201,0.08%,3779,746175444.00,United States,2024,Real Estate Investment Trusts,Real Estate
MITQ,Moving iMage Technologies Inc. Common Stock,$0.595,0.0179,3.102%,1103949,5921573.00,United States,2021,Industrial Machinery/Components,Consumer Discretionary
MITT,TPG Mortgage Investment Trust Inc. Common Stock,$5.97,-0.08,-1.322%,709610,189866746.00,United States,2011,Real Estate Investment Trusts,Real Estate
MITT^A,TPG Mortgage Investment Trust Inc. 8.25% Series A Cumulative Redeemable Preferred Stock,$19.28,-0.94,-4.649%,8462,,United States,,,
MITT^B,TPG Mortgage Investment Trust Inc. 8.00% Series B Cumulative Redeemable Preferred Stock,$18.5999,-0.4901,-2.567%,11497,,United States,,,
MITT^C,TPG Mortgage Investment Trust Inc. 8.00% Series C Fixed-to-Floating Rate Cumulative Redeemable Preferred Stock $0.01 par value per share,$24.83,0.05,0.202%,4930,,United States,,,
MIY,Blackrock MuniYield Michigan Quality Fund Inc. Common Stock,$11.30,0.02,0.177%,121273,1681015922.00,United States,1992,Investment Bankers/Brokers/Service,Finance
MKC,McCormick & Company Incorporated Common Stock,$48.40,-0.06,-0.124%,3350342,13012415117.00,United States,,Packaged Foods,Consumer Staples
MKDW,MKDWELL Tech Inc. Ordinary Share,$1.54,0.00,0.00%,62509,52665601.00,Taiwan,,Consumer Electronics/Appliances,Technology
MKL,Markel Group Inc. Common Stock,$1740.09,-0.31,-0.018%,57743,21559642016.00,United States,1986,Property-Casualty Insurers,Finance
MKLY,McKinley Acquisition Corporation Class A Ordinary Shares,$10.26,0.00,0.00%,213422,0.00,United States,2025,Blank Checks,Finance
MKLYR,McKinley Acquisition Corporation Rights,$0.2701,0.0301,12.542%,629882,0.00,United States,2025,Blank Checks,Finance
MKLYU,McKinley Acquisition Corporation Units,$10.52,-0.06,-0.567%,203,0.00,United States,2025,Blank Checks,Finance
MKSI,MKS Inc. Common Stock,$266.02,7.64,2.957%,807538,17987622779.00,United States,1999,Industrial Machinery/Components,Industrials
MKTW,MarketWise Inc. Class A Common Stock,$19.97,0.18,0.91%,22125,315016465.00,United States,,Computer Software: Prepackaged Software,Technology
MKTX,MarketAxess Holdings Inc. Common Stock,$163.96,0.02,0.012%,620528,5770226408.00,United States,2004,Investment Bankers/Brokers/Service,Finance
MKZR,MacKenzie Realty Capital Inc. Common Stock,$1.3699,-0.0001,-0.007%,3481,3801045.00,United States,,Real Estate Investment Trusts,Real Estate
MLAA,Mountain Lake Acquisition Corp. II Class A Ordinary Shares,$10.01,0.00,0.00%,40,0.00,United States,2026,Blank Checks,Finance
MLAB,Mesa Laboratories Inc. Common Stock,$130.98,-2.01,-1.511%,124420,732946922.00,United States,,Industrial Machinery/Components,Industrials
MLCI,Mount Logan Capital Inc. Common Stock,$3.38,-0.18,-5.056%,33273,37818036.00,United States,,Investment Managers,Finance
MLCIL,Mount Logan Capital Inc. 8.00% Notes Due 2031,$22.70,0.30,1.339%,2005,0.00,United States,,Investment Managers,Finance
MLCO,Melco Resorts & Entertainment Limited American Depositary Shares,$4.56,-0.11,-2.355%,2049155,1794201321.00,Hong Kong,2006,Hotels/Resorts,Consumer Discretionary
MLEC,Moolec Science SA Ordinary Shares,$4.99,0.06,1.217%,19726,3623329.00,Luxembourg,,Blank Checks,Finance
MLECW,Moolec Science SA Warrant,$0.0137,0.0003,2.239%,39115,9948.00,Luxembourg,,Blank Checks,Finance
MLGO,MicroAlgo Inc. Class A Ordinary Shares,$3.17,0.05,1.603%,20440,39426751.00,United States,2021,EDP Services,Technology
MLI,Mueller Industries Inc. Common Stock,$60.79,-0.18,-0.295%,879283,13445616577.00,United States,,Metal Fabrications,Industrials
MLKN,MillerKnoll Inc. Common Stock,$19.96,-0.32,-1.578%,557091,1373243908.00,United States,,Office Equipment/Supplies/Services,Consumer Discretionary
MLM,Martin Marietta Materials Inc. Common Stock,$479.09,-11.68,-2.38%,1066008,28776942807.00,United States,1994,Mining & Quarrying of Nonmetallic Minerals (No Fuels),Industrials
MLP,Maui Land & Pineapple Company Inc. Common Stock,$16.10,-0.07,-0.433%,13758,319732396.00,United States,1998,Real Estate,Finance
MLR,Miller Industries Inc. Common Stock,$53.48,-0.55,-1.018%,47738,607114800.00,United States,,Construction/Ag Equipment/Trucks,Consumer Discretionary
MLSS,Milestone Scientific Inc. Common Stock,$0.41,0.00,0.00%,182931,37164205.00,United States,2015,Industrial Specialties,Health Care
MLTX,MoonLake Immunotherapeutics Class A Ordinary Shares,$11.45,-0.11,-0.952%,1507112,974471543.00,United States,2020,Biotechnology: Pharmaceutical Preparations,Health Care
MLYS,Mineralys Therapeutics Inc. Common Stock,$24.48,-1.15,-4.487%,1719547,2164200545.00,United States,2023,Biotechnology: Pharmaceutical Preparations,Health Care
MMA,Mixed Martial Arts Group Limited Ordinary Shares,$0.39,-0.0399,-9.281%,621622,10328581.00,,2024,Other Consumer Services,Consumer Discretionary
MMD,NYLIM MacKay DefinedTerm Muni Opportunities Fund Common Shares,$13.36,-0.02,-0.149%,273672,0.00,United States,2012,Investment Managers,Finance
MMED,MiniMed Group Inc. Common Stock,$20.04,-0.45,-2.196%,3344637,5638252617.00,United States,2026,Medical/Dental Instruments,Health Care
MMI,Marcus & Millichap Inc. Common Stock,$29.04,0.09,0.311%,200206,1099773927.00,United States,2013,Real Estate,Finance
MMLP,Martin Midstream Partners L.P. Limited Partnership,$2.20,0.02,0.917%,4669,86074309.00,United States,2002,Oil Refining/Marketing,Energy
MMM,3M Company Common Stock,$168.49,-0.99,-0.584%,2902794,86894070040.00,United States,,Medical/Dental Instruments,Health Care
MMS,Maximus Inc. Common Stock,$53.07,0.97,1.862%,896926,2778626482.00,United States,1997,Business Services,Consumer Discretionary
MMSI,Merit Medical Systems Inc. Common Stock,$87.87,0.87,1.00%,731013,5246754605.00,United States,,Medical/Dental Instruments,Health Care
MMT,Aberdeen Multi-Market Income Fund Common Shares of Beneficial Interest,$4.30,0.07,1.655%,397950,256057712.00,United States,1987,Trusts Except Educational Religious and Charitable,Finance
MMTX,Miluna Acquisition Corp Class A Ordinary Share,$10.20,0.00,0.00%,16,0.00,Taiwan,2025,Blank Checks,Finance
MMTXU,Miluna Acquisition Corp Units,$10.10,0.00,0.00%,145,0.00,Taiwan,2025,Blank Checks,Finance
MMTXW,Miluna Acquisition Corp Warrant,$0.1001,-0.0055,-5.208%,10016,0.00,Taiwan,2025,Blank Checks,Finance
MMU,Western Asset Managed Municipals Fund Inc. Common Stock,$8.80,-0.03,-0.34%,316433,0.00,United States,1992,Investment Managers,Finance
MMYT,MakeMyTrip Limited Ordinary Shares,$47.12,-0.27,-0.57%,1521703,4432044153.00,India,2010,Transportation Services,Consumer Discretionary
MNDO,MIND C.T.I. Ltd. Ordinary Shares,$1.00,0.00,0.00%,19441,20185166.00,Israel,,EDP Services,Technology
MNDR,Mobile-health Network Solutions Class A Ordinary Shares,$1.25,-0.05,-3.846%,58481,4593171.00,Singapore,2024,Computer Software: Prepackaged Software,Technology
MNDY,monday.com Ltd. Ordinary Shares,$76.05,-3.00,-3.795%,2474153,3263073091.00,Israel,2021,Computer Software: Prepackaged Software,Technology
MNKD,MannKind Corporation Common Stock,$3.34,-0.01,-0.299%,2381165,1073958577.00,United States,2004,Biotechnology: Pharmaceutical Preparations,Health Care
MNOV,Medicinova Inc Common Stock,$1.92,-0.18,-8.571%,599179,94504792.00,United States,,Biotechnology: Pharmaceutical Preparations,Health Care
MNPR,Monopar Therapeutics Inc. Common Stock,$80.00,-3.72,-4.443%,162411,536973760.00,United States,2019,Biotechnology: Pharmaceutical Preparations,Health Care
MNR,Mach Natural Resources LP Common Units representing Limited Partner Interests,$10.24,-0.08,-0.775%,776169,1709548483.00,United States,2023,Oil & Gas Production,Energy
MNRO,Monro Inc. Common Stock,$13.76,0.36,2.687%,528435,430193466.00,United States,1991,Automotive Aftermarket,Consumer Discretionary
MNSB,MainStreet Bancshares Inc. Common Stock,$24.87,0.11,0.444%,22602,177101160.00,United States,,Major Banks,Finance
MNSBP,MainStreet Bancshares Inc. Depositary Shares,$24.50,-0.44,-1.764%,390,174466362.00,United States,,Major Banks,Finance
MNSO,MINISO Group Holding Limited American Depositary Shares each representing four Ordinary Shares,$9.22,0.31,3.479%,1295379,2852585426.00,China,2020,Department/Specialty Retail Stores,Consumer Discretionary
MNST,Monster Beverage Corporation,$41.74,-0.12,-0.287%,10976723,122656353618.00,United States,,Beverages (Production/Distribution),Consumer Staples
MNTK,Montauk Renewables Inc. Common Stock,$2.94,0.14,5.00%,776149,418482949.00,United States,2021,Natural Gas Distribution,Utilities
MNTN,MNTN Inc. Class A Common Stock,$10.37,0.18,1.766%,968726,775708800.00,United States,2025,Advertising,Consumer Discretionary
MNTS,Momentus Inc. Class A Common Stock,$3.70,-0.33,-8.189%,1282886,81264584.00,United States,2019,Military/Government/Technical,Industrials
MNY,MoneyHero Limited Class A Ordinary Shares,$0.7226,0.0476,7.052%,56720,32107443.00,Singapore,,Business Services,Consumer Discretionary
MNYWW,MoneyHero Limited Warrants,$0.025,-0.0005,-1.961%,20229,1110830.00,Singapore,,Business Services,Consumer Discretionary
MO,Altria Group Inc.,$68.72,-0.41,-0.593%,6868122,114744802595.00,United States,, Medicinal Chemicals and Botanical Products ,Health Care
MOB,Mobilicom Limited Ordinary Shares,$4.59,-0.04,-0.864%,61161,57987173.00,Israel,2022,Aerospace,Industrials
MOBBW,Mobilicom Limited Warrants,$1.23,-0.03,-2.381%,1926,15539046.00,Israel,2022,Aerospace,Industrials
MOBI,Mobia Medical Inc. Common Stock,$9.02,0.19,2.152%,313815,300285686.00,United States,2026,Medical/Dental Instruments,Health Care
MOBX,Mobix Labs Inc. Class A Common Stock,$0.8419,-0.0223,-2.58%,204900,15113827.00,United States,2021,Semiconductors,Technology
MOBXW,Mobix Labs Inc Warrants,$0.0683,-0.02,-22.65%,15091,1226125.00,United States,2021,Semiconductors,Technology
MOD,Modine Manufacturing Company Common Stock,$183.72,8.68,4.959%,1841078,9757866714.00,United States,,Auto Parts:O.E.M.,Consumer Discretionary
MODD,Modular Medical Inc. Common Stock,$1.95,-0.055,-2.743%,51394,15894105.00,United States,,Medical/Dental Instruments,Health Care
MOGU,MOGU Inc. American Depositary Shares (each  representing 25 Class A Ordinary Shares),$1.87,0.01,0.538%,391,15302758.00,,2018,Business Services,Consumer Discretionary
MOH,Molina Healthcare Inc Common Stock,$189.38,-0.26,-0.137%,661206,9885636000.00,United States,2003,Medical Specialities,Health Care
MOLN,Molecular Partners AG American Depositary Shares,$3.90,0.04,1.036%,674,146293536.00,Switzerland,2021,Biotechnology: Biological Products (No Diagnostic Substances),Health Care
MOMO,Hello Group Inc. American Depositary Shares,$4.84,-0.06,-1.224%,1316407,715097421.00,China,2014,Computer Software: Prepackaged Software,Technology
MORN,Morningstar Inc. Common Stock,$186.35,-5.21,-2.72%,291131,6990653956.00,United States,2005,Investment Managers,Finance
MOS,Mosaic Company (The) Common Stock,$22.42,0.17,0.764%,5329885,7127220383.00,United States,,Agricultural Chemicals,Industrials
MOV,Movado Group Inc. Common Stock,$33.59,0.11,0.329%,202335,749468310.00,United States,,Consumer Specialties,Consumer Discretionary
MOVE,Corvex Inc. Common Stock,$11.81,0.57,5.071%,121398,372632368.00,United States,2021,EDP Services,Technology
MP,MP Materials Corp. Common Stock,$45.43,-1.02,-2.196%,6893533,8091155143.00,United States,2020,Metal Mining,Basic Materials
MPA,Blackrock MuniYield Pennsylvania Quality Fund Common Stock,$9.59,-0.11,-1.134%,42994,0.00,United States,1992,Finance Companies,Finance
MPAA,Motorcar Parts  of America Inc. Common Stock,$10.55,0.02,0.19%,96649,199745334.00,United States,,Auto Parts:O.E.M.,Consumer Discretionary
MPB,Mid Penn Bancorp Common Stock,$35.75,-0.29,-0.805%,134327,905733936.00,United States,,Major Banks,Finance
MPC,Marathon Petroleum Corporation Common Stock,$392.03,2.59,0.665%,1898909,110091731839.00,United States,,Integrated oil Companies,Energy
MPLT,MapLight Therapeutics Inc. Common Stock,$10.15,-0.30,-2.871%,408325,657452101.00,United States,2025,Biotechnology: Pharmaceutical Preparations,Health Care
MPLX,MPLX LP Common Units Representing Limited Partner Interests,$57.05,-0.61,-1.058%,1752261,57840613220.00,United States,2012,Natural Gas Distribution,Energy
MPT,Medical Properties Trust Inc. common stock,$3.51,0.01,0.286%,11587102,2096172000.00,United States,,Real Estate Investment Trusts,Real Estate
MPTI,M-tron Industries Inc. Common Stock,$76.09,0.65,0.862%,66264,330723359.00,United States,2022,Industrial Machinery/Components,Technology
MPU,Mega Matrix Inc. Class A Ordinary Shares,$2.95,0.18,6.498%,6920,10092811.00,United States,1998,Movies/Entertainment,Consumer Discretionary
MPV,Barings Participation Investors Common Stock,$15.53,0.11,0.713%,22457,164644401.00,United States,1988,Finance Companies,Finance
MPWR,Monolithic Power Systems Inc. Common Stock,$1355.99,4.79,0.354%,450395,66637416570.00,United States,2004,Semiconductors,Technology
MQ,Marqeta Inc. Class A Common Stock,$17.01,0.12,0.71%,1217490,1770721166.00,United States,2021,Computer Software: Prepackaged Software,Technology
MQY,Blackrock MuniYield Quality Fund Inc. Common Stock,$9.91,-0.10,-0.999%,1560123,1474236088.00,United States,1992,Investment Bankers/Brokers/Service,Finance
MRAM,Everspin Technologies Inc. Common Stock,$18.63,0.50,2.758%,881138,453640668.00,United States,2016,Semiconductors,Technology
MRBK,Meridian Corporation Common Stock,$18.94,-0.17,-0.89%,59053,225936169.00,United States,2017,Major Banks,Finance
MRCO,Mercator Acquisition Corp. Class A Ordinary Shares,$9.87,0.01,0.101%,1529,0.00,United States,2026,Blank Checks,Finance
MRCOU,Mercator Acquisition Corp. Units,$10.05,0.00,0.00%,20,0.00,United States,2026,Blank Checks,Finance
MRCOW,Mercator Acquisition Corp. Warrant,$0.31,0.00,0.00%,1001,0.00,United States,2026,Blank Checks,Finance
MRCY,Mercury Systems Inc Common Stock,$82.64,2.52,3.145%,844598,5029766747.00,United States,1998,Electrical Products,Technology
MRDN,Meridian Holdings Inc. Common Stock,$12.00,-0.26,-2.121%,39602,152033748.00,United States,,Computer Software: Prepackaged Software,Technology
MREO,Mereo BioPharma Group plc American Depositary Shares,$0.3732,0.0032,0.865%,1549818,57900341.00,United Kingdom,,Biotechnology: Pharmaceutical Preparations,Health Care
MRK,Merck & Company Inc. Common Stock (new),$149.28,0.59,0.397%,8203977,368299382121.00,United States,,Biotechnology: Pharmaceutical Preparations,Health Care
MRKR,Marker Therapeutics Inc. Common Stock,$1.10,-0.025,-2.222%,90890,18340440.00,United States,,Biotechnology: Pharmaceutical Preparations,Health Care
MRLN,Merlin Inc. Common Stock,$1.78,0.03,1.714%,2206883,179900656.00,United States,2024,EDP Services,Technology
MRM,MEDIROM Healthcare Technologies Inc. American Depositary Share,$0.6849,0.0348,5.353%,11827,5412046.00,Japan,2020,Other Consumer Services,Consumer Discretionary
MRNA,Moderna Inc. Common Stock,$203.46,6.18,3.133%,13277951,81228533976.00,United States,2018,Biotechnology: Biological Products (No Diagnostic Substances),Health Care
MRNO,Murano Global Investments PLC Ordinary Shares,$0.3275,0.0275,9.167%,720386,25952041.00,Mexico,,Hotels/Resorts,Consumer Discretionary
MRNOW,Murano Global Investments PLC Warrants,$0.0059,-0.003,-33.708%,17116,467533.00,Mexico,,Hotels/Resorts,Consumer Discretionary
MRP,Millrose Properties Inc. Class A Common Stock,$26.51,0.17,0.645%,2206682,4401930545.00,United States,2025,Real Estate,Finance
MRSH,Marsh Common Stock,$170.42,1.39,0.822%,3565872,81326344293.00,United States,,Specialty Insurers,Finance
MRT,Marti Technologies Inc. Class A Ordinary Shares,$1.96,-0.20,-9.259%,44946,168643743.00,,2021,Rental/Leasing Companies,Consumer Discretionary
MRTN,Marten Transport Ltd. Common Stock,$13.07,0.15,1.161%,629651,1067318014.00,United States,1986,Trucking Freight/Courier Services,Industrials
MRVI,Maravai LifeSciences Holdings Inc. Class A Common Stock,$7.65,0.02,0.262%,1755506,1986503231.00,United States,2020,Biotechnology: Pharmaceutical Preparations,Health Care
MRVL,Marvell Technology Inc. Common Stock,$263.27,11.37,4.514%,17098959,230861463000.00,United States,2000,Semiconductors,Technology
MRX,Marex Group Limited Ordinary Shares,$72.13,0.84,1.178%,941573,5347201533.00,United Kingdom,2024,Investment Bankers/Brokers/Service,Finance
MS,Morgan Stanley Common Stock,$192.76,-0.88,-0.454%,4677336,302742358446.00,United States,,Investment Bankers/Brokers/Service,Finance
MS^A,Morgan Stanley Dep Shs repstg 1/1000 Pfd Ser A,$19.21,0.01,0.052%,61805,,United States,,,
MS^E,Morgan Stanley DEPOSITARY SHARES REP 1/1000TH SHARES FIXED/FLTG PREFERRED STOCK SERIES E,$25.34,-0.04,-0.158%,215606,,United States,,,
MS^F,Morgan Stanley Dep Shs Rpstg 1/1000th Int Prd Ser F Fxd to Flag,$25.00,-0.17,-0.675%,347218,,United States,,,
MS^I,Morgan Stanley Depository Shares Representing 1/1000th Preferred Series 1 Fixed to Floating Non (Cum),$23.28,-0.22,-0.936%,357848,,United States,,,
MS^K,Morgan Stanley Depositary Shares each representing 1/1000th of a share of Fixed-to-Floating Rate Non-Cumulative Preferred Stock  Series K,$21.42,-0.15,-0.695%,161081,,United States,,,
MS^L,Morgan Stanley Depositary Shares each representing 1/1000th of a share of 4.875% Non-Cumulative Preferred Stock Series L,$18.02,-0.21,-1.152%,82867,,United States,,,
MS^O,Morgan Stanley Depositary Shares each representing 1/1000th of a share of 4.250% Non-Cumulative Preferred Stock Series O,$15.62,-0.10,-0.636%,181211,,United States,,,
MS^P,Morgan Stanley Depositary Shares each representing 1/1000th of a share of 6.500% Non-Cumulative Preferred Stock Series P,$24.00,-0.32,-1.316%,272704,,United States,,,
MS^Q,Morgan Stanley Depositary Shares each representing 1/1000th of a share of 6.625% Non-Cumulative Preferred Stock Series Q,$24.35,-0.34,-1.377%,185486,,United States,,,
MSA,MSA Safety Incorporated Common Stock,$180.56,-1.76,-0.965%,206227,6965695862.00,United States,2000,Industrial Specialties,Health Care
MSAI,MultiSensor AI Holdings Inc. Common Stock,$4.75,0.05,1.064%,2297,10476828.00,United States,2021,Electronic Components,Technology
MSB,Mesabi Trust Common Stock,$20.13,0.17,0.852%,85578,264105801.00,United States,,Precious Metals,Industrials
MSBI,Midland States Bancorp Inc. Common Stock,$32.39,-0.78,-2.352%,139397,672160908.00,United States,2016,Major Banks,Finance
MSBIP,Midland States Bancorp Inc. Depositary Shares Each Representing a 1/40th Interest in a Share of 7.750% Fixed-Rate Reset Non-Cumulative Perpetual Preferred Stock Series A,$25.4432,0.1432,0.566%,6293,528000136.00,United States,,Major Banks,Finance
MSC,Studio City International Holdings Limited American depositary shares each representing four  Class A ordinary shares,$0.85,0.015,1.796%,185657,179108698.00,,2018,Hotels/Resorts,Consumer Discretionary
MSCI,MSCI Inc. Common Stock,$539.76,-2.96,-0.545%,603983,39240552000.00,United States,,Business Services,Consumer Discretionary
MSD,Morgan Stanley Emerging Markets Debt Fund Inc. Common Stock,$6.96,0.08,1.163%,64148,0.00,United States,1993,Trusts Except Educational Religious and Charitable,Finance
MSDL,Morgan Stanley Direct Lending Fund Common Stock,$14.27,0.11,0.777%,641374,0.00,United States,2024,,
MSEX,Middlesex Water Company Common Stock,$53.20,0.75,1.43%,152790,1002497927.00,United States,,Water Supply,Utilities
MSFT,Microsoft Corporation Common Stock,$508.96,-0.26,-0.051%,21341947,3779305633099.00,United States,1986,Computer Software: Prepackaged Software,Technology
MSGE,Madison Square Garden Entertainment Corp. Class A Common Stock,$81.65,-0.12,-0.147%,404757,3862472356.00,United States,2023,Services-Misc. Amusement & Recreation,Consumer Discretionary
MSGM,Motorsport Games Inc. Class A Common Stock,$4.54,0.12,2.715%,69301,20833161.00,United States,2021,Computer Software: Prepackaged Software,Technology
MSGS,Madison Square Garden Sports Corp. Class A Common Stock (New),$413.84,-2.50,-0.60%,285849,9965242783.00,United States,2015,Services-Misc. Amusement & Recreation,Consumer Discretionary
MSGY,Masonglory Limited Class A Ordinary Shares ,$4.44,1.31,41.853%,30282777,9411135.00,Hong Kong,2025,Engineering & Construction,Consumer Discretionary
MSI,Motorola Solutions Inc. Common Stock,$446.12,-5.96,-1.318%,894828,73830088703.00,United States,,Radio And Television Broadcasting And Communications Equipment,Technology
MSIF,MSC Income Fund Inc. Common Stock,$12.06,-0.02,-0.166%,195295,546863462.00,,2025,Finance/Investors Services,Finance
MSLE,Satellos Bioscience Inc. Common Stock,$8.60,-0.21,-2.384%,433308,182461375.00,Canada,,Biotechnology: Pharmaceutical Preparations,Health Care
MSM,MSC Industrial Direct Company Inc. Common Stock,$124.55,2.41,1.973%,818436,6955656416.00,United States,1995,Industrial Machinery/Components,Industrials
MSN,Emerson Radio Corporation Common Stock,$0.4058,-0.0042,-1.024%,94852,8539108.00,United States,1994,Consumer Electronics/Appliances,Consumer Staples
MSS,Maison Solutions Inc. Class A Common Stock,$1.79,0.13,7.831%,370997,1531057.00,United States,2023,Food Chains,Consumer Staples
MSTR,Strategy Inc Common Stock Class A,$154.67,-2.47,-1.572%,16376539,65038271454.00,United States,1998,Computer Software: Prepackaged Software,Technology
MT,Arcelor Mittal NY Registry Shares NEW,$67.96,-1.89,-2.706%,1417287,51726110659.00,Luxembourg,,Steel/Iron Ore,Industrials
MTA,Metalla Royalty & Streaming Ltd. Common Shares,$9.62,-0.03,-0.311%,194202,899430308.00,Canada,,Precious Metals,Basic Materials
MTAK,Market Technology Acquisition Corp Class A Ordinary Shares,$9.85,0.00,0.00%,5779,0.00,United States,2026,,
MTAKU,Market Technology Acquisition Corp Unit,$9.95,0.03,0.302%,2778,0.00,United States,2026,Blank Checks,Finance
MTAKW,Market Technology Acquisition Corp Warrants,$0.17,-0.01,-5.556%,20289,0.00,United States,2026,,
MTAL,Metals Acquisition Corp. II Class A Ordinary Shares,$10.16,0.00,0.00%,425,837814265.00,,2026,Metal Mining,Basic Materials
MTB,M&T Bank Corporation Common Stock,$217.50,-2.94,-1.334%,807590,31410536985.00,United States,,Major Banks,Finance
MTB^H,M&T Bank Corporation Perpetual Fixed-to-Floating Rate Non-Cumulative Preferred Stock Series H,$25.03,-0.03,-0.12%,87448,,United States,,,
MTB^J,M&T Bank Corporation Depositary Shares each representing a 1/400th ownership interest in a share of Perpetual 7.500% Non-Cumulative Preferred Stock Series J,$25.18,-0.05,-0.198%,52749,,United States,,,
MTB^K,M&T Bank Corporation Depositary Shares each representing a 1/400th interest in a share of Perpetual 6.350% Non-Cumulative Preferred Stock Series K,$22.54,-0.02,-0.089%,46428,,United States,,,
MTB^L,M&T Bank Corporation Depositary Shares each representing a 1/400th ownership interest in a share of Perpetual 6.625% Non-Cumulative Preferred Stock Series L,$23.31,-0.19,-0.809%,40379,,United States,,,
MTC,MMTec Inc. Common Shares,$5.03,-0.27,-5.094%,16878,500926689.00,China,2019,Computer Software: Prepackaged Software,Technology
MTCH,Match Group Inc. Common Stock,$40.13,0.62,1.569%,3101266,9211881028.00,United States,,Computer Software: Programming Data Processing,Technology
MTD,Mettler-Toledo International Inc. Common Stock,$1537.33,-7.93,-0.513%,144943,30802803247.00,Switzerland,1997,Biotechnology: Laboratory Analytical Instruments,Industrials
MTDR,Matador Resources Company Common Stock,$50.69,-0.76,-1.477%,1330627,6273101209.00,United States,2012,Oil & Gas Production,Energy
MTEK,Maris-Tech Ltd. Ordinary Shares,$0.8347,-0.1359,-14.002%,1510251,8095443.00,Israel,2022,Telecommunications Equipment,Telecommunications
MTEN,Mingteng International Corporation Inc. Class A Ordinary Shares,$1.01,-0.02,-1.942%,184574,7726364.00,China,2024,Building Products,Industrials
MTEX,Mannatech Incorporated Common Stock,$7.60,-0.23,-2.937%,6997,14665492.00,United States,, Medicinal Chemicals and Botanical Products ,Health Care
MTG,MGIC Investment Corporation Common Stock,$28.25,-0.10,-0.353%,2370778,5794776730.00,United States,1991,Property-Casualty Insurers,Finance
MTH,Meritage Homes Corporation Common Stock,$63.90,-1.10,-1.692%,638298,4164624543.00,United States,,Homebuilding,Consumer Discretionary
MTLS,Materialise NV American Depositary Shares,$8.75,0.17,1.981%,389613,516837878.00,Belgium,2014,Computer Software: Prepackaged Software,Technology
MTN,Vail Resorts Inc. Common Stock,$141.29,3.20,2.317%,2285905,5034911254.00,United States,1997,Services-Misc. Amusement & Recreation,Consumer Discretionary
MTNB,Matinas Biopharma Holdings Inc. Common Stock,$2.88,0.35,13.834%,764369,2821018.00,United States,2017,Biotechnology: Pharmaceutical Preparations,Health Care
MTNE,CH4 Natural Solutions Corporation Class A Ordinary Shares,$9.92,0.00,0.00%,8,0.00,,2026,,
MTR,Mesa Royalty Trust Common Stock,$2.41,0.01,0.417%,4514,4491252.00,United States,,Oil & Gas Production,Energy
MTRN,Materion Corporation,$268.56,6.57,2.508%,151362,5595105186.00,United States,,Industrial Specialties,Industrials
MTRX,Matrix Service Company Common Stock,$9.47,-0.16,-1.661%,445369,267924492.00,United States,1990,Engineering & Construction,Consumer Discretionary
MTSI,MACOM Technology Solutions Holdings Inc. Common Stock,$284.27,5.71,2.05%,912435,21709964555.00,United States,2012,Semiconductors,Technology
MTUS,Metallus Inc. Common Shares,$18.81,-0.16,-0.843%,379322,779661032.00,United States,2014,Steel/Iron Ore,Industrials
MTVA,MetaVia Inc. Common Stock,$1.66,-0.01,-0.599%,26076,10936248.00,United States,2016,Biotechnology: Pharmaceutical Preparations,Health Care
MTW,Manitowoc Company Inc. (The) Common Stock,$22.12,-0.05,-0.226%,1391229,797690754.00,United States,,Construction/Ag Equipment/Trucks,Industrials
MTX,Minerals Technologies Inc. Common Stock,$66.11,-0.75,-1.122%,135230,2057922456.00,United States,1992,Major Chemicals,Basic Materials
MTZ,MasTec Inc. Common Stock,$210.23,6.14,3.008%,1392536,16882509218.00,United States,,Water Sewer Pipeline Comm & Power Line Construction,Industrials
MU,Micron Technology Inc. Common Stock,$1065.08,11.10,1.053%,19723393,1202894057267.00,United States,,Semiconductors,Technology
MUA,Blackrock MuniAssets Fund Inc Common Stock,$9.40,0.08,0.858%,1050288,1398367227.00,United States,1993,Investment Bankers/Brokers/Service,Finance
MUC,Blackrock MuniHoldings California Quality Fund Inc.  Common Stock,$9.65,-0.02,-0.207%,971891,1435557845.00,United States,1998,Investment Bankers/Brokers/Service,Finance
MUFG,Mitsubishi UFJ Financial Group Inc. Common Stock,$23.13,-0.24,-1.027%,2434578,274500153580.00,Japan,,Commercial Banks,Finance
MUJ,Blackrock MuniHoldings New Jersey Quality Fund Inc. Common Stock,$11.16,0.02,0.18%,280015,1660189176.00,United States,1998,Investment Bankers/Brokers/Service,Finance
MUR,Murphy Oil Corporation Common Stock,$35.95,-0.70,-1.91%,1716289,5154551444.00,United States,,Oil & Gas Production,Energy
MUSA,Murphy USA Inc. Common Stock,$507.42,-12.70,-2.442%,162725,9326555675.00,United States,2013,Retail-Auto Dealers and Gas Stations,Consumer Discretionary
MUX,McEwen Inc. Common Stock,$17.98,-0.14,-0.773%,807194,1103227017.00,Canada,,Precious Metals,Basic Materials
MUZE,Muzero Acquisition Corp Class A Ordinary Shares,$10.00,0.00,0.00%,38,0.00,United States,2026,Blank Checks,Finance
MVBF,MVB Financial Corp. Common Stock,$29.50,-0.17,-0.573%,35439,382541457.00,United States,,Major Banks,Finance
MVIS,MicroVision Inc. Common Stock,$1.46,0.00,0.00%,1035966,44019039.00,United States,1996,Industrial Machinery/Components,Technology
MVST,Microvast Holdings Inc. Common Stock,$0.6477,0.0016,0.248%,4869515,249062987.00,United States,2019,Industrial Machinery/Components,Miscellaneous
MWA,MUELLER WATER PRODUCTS Common Stock,$21.47,-0.17,-0.786%,979865,3352018328.00,United States,2006,Metal Fabrications,Industrials
MWC,Micware Co. Ltd. American Depositary Shares,$1.87,-0.06,-3.109%,79726,114690821.00,Japan,2026,EDP Services,Technology
MWG,Multi Ways Holdings Limited Class A Ordinary Shares,$1.30,0.00,0.00%,3008,6684631.00,,2023,Miscellaneous manufacturing industries,Consumer Discretionary
MWH,SOLV Energy Inc. Class A Common Stock,$24.23,0.42,1.764%,1731789,4903830274.00,United States,2026,Military/Government/Technical,Industrials
MWYN,Marwynn Holdings Inc. Common stock,$0.9901,-0.0849,-7.898%,122115,19994875.00,United States,2025,Food Distributors,Consumer Discretionary
MX,Magnachip Semiconductor Corporation Common Stock,$3.89,0.10,2.639%,6153594,147711465.00,Luxembourg,2011,Semiconductors,Technology
MXC,Mexco Energy Corporation Common Stock,$9.97,0.00,0.00%,67363,20398620.00,United States,2003,Oil & Gas Production,Energy
MXCT,MaxCyte Inc. Common Stock,$1.18,0.02,1.724%,542870,121783323.00,United States,2021,Biotechnology: Commercial Physical & Biological Resarch,Health Care
MXE,Mexico Equity and Income Fund Inc. (The) Common Stock,$12.785,-0.115,-0.891%,5555,0.00,United States,,Finance Companies,Finance
MXF,Mexico Fund Inc. (The) Common Stock,$20.64,-0.06,-0.29%,23537,0.00,United States,,Trusts Except Educational Religious and Charitable,Finance
MXL,MaxLinear Inc. Common Stock,$92.72,2.72,3.022%,2957972,8409072670.00,United States,2010,Semiconductors,Technology
MYE,Myers Industries Inc. Common Stock,$31.26,-0.22,-0.699%,299880,1175940868.00,United States,1983,Plastic Products,Industrials
MYFW,First Western Financial Inc. Common Stock,$30.16,-0.36,-1.18%,33424,294516291.00,United States,2018,Major Banks,Finance
MYGN,Myriad Genetics Inc. Common Stock,$4.23,-0.01,-0.236%,1599418,404597998.00,United States,1995,Biotechnology: In Vitro & In Vivo Diagnostic Substances,Health Care
MYI,Blackrock MuniYield Quality Fund III Inc Common Stock,$9.52,-0.06,-0.626%,1276301,1416218724.00,United States,,Investment Bankers/Brokers/Service,Finance
MYN,Blackrock MuniYield New York Quality Fund Inc.Common Stock,$8.70,-0.07,-0.798%,482491,0.00,United States,1992,Finance Companies,Finance
MYND,Mynd.ai Inc. American Depositary Shares,$0.33,0.0136,4.298%,52659,15557720.00,,2017,Computer peripheral equipment,Technology
MYO,Myomo Inc. Common Stock,$1.57,0.01,0.641%,133751,62184331.00,United States,2017,Industrial Specialties,Health Care
MYPS,PLAYSTUDIOS Inc.  Class A Common Stock,$0.4585,-0.0018,-0.391%,322554,55075654.00,United States,2020,Computer Software: Prepackaged Software,Technology
MYRG,MYR Group Inc. Common Stock,$288.31,2.38,0.832%,234824,4488770468.00,United States,2008,Water Sewer Pipeline Comm & Power Line Construction,Industrials
MYSE,Myseum.AI Inc. Common Stock,$1.81,-0.04,-2.162%,17252,9405538.00,United States,2021,Telecommunications Equipment,Telecommunications
MYSZ,My Size Inc. Common Stock,$1.69,0.06,3.681%,38850,9117175.00,Israel,,Computer Software: Prepackaged Software,Technology
MYX,Maywood Acquisition Corp. 2 Class A Ordinary Share,$10.04,0.00,0.00%,27,0.00,United States,2026,Blank Checks,Finance
MYXXR,Maywood Acquisition Corp. 2 Rights,$0.18,-0.027,-13.043%,15691,0.00,United States,2026,Blank Checks,Finance
MZTI,The Marzetti Company Common Stock,$99.90,-1.20,-1.187%,250888,2726370900.00,United States,,Packaged Foods,Consumer Staples
MZYX,MOZAYYX Acquisition Corp. Class A Ordinary Shares,$9.995,-0.005,-0.05%,236,0.00,,2026,,
NA,Nano Labs Ltd Class A Ordinary Shares,$2.17,-0.02,-0.913%,21180,50374575.00,China,2022,Semiconductors,Technology
NAAS,NaaS Technology Inc. American Depositary Shares,$3.30,0.0716,2.218%,12444,81057468.00,China,2017,Other Specialty Stores,Consumer Discretionary
NABL,N-able Inc. Common Stock,$4.20,0.15,3.704%,1742276,793405410.00,United States,2021,Computer Software: Prepackaged Software,Technology
NAC,Nuveen California Quality Municipal Income Fund,$10.23,-0.04,-0.389%,1278437,0.00,United States,1999,Investment Managers,Finance
NAD,Nuveen Quality Municipal Income Fund Common Stock,$9.91,0.04,0.405%,3328306,0.00,United States,1999,Investment Managers,Finance
NAGE,Niagen Bioscience Inc. Common Stock,$2.95,-0.03,-1.007%,279151,233421706.00,United States,, Medicinal Chemicals and Botanical Products ,Health Care
NAII,Natural Alternatives International Inc. Common Stock,$1.47,-0.23,-13.529%,90172,9209325.00,United States,, Medicinal Chemicals and Botanical Products ,Health Care
NAK,Northern Dynasty Minerals Ltd. Common Stock,$1.45,-0.01,-0.685%,4601997,815076410.00,Canada,,Precious Metals,Basic Materials
NAKA,Nakamoto Inc. Common Stock,$9.76,0.04,0.412%,121003,174654644.00,United States,2024,Medical/Nursing Services,Health Care
NAMI,Jinxin Technology Holding Company American Depositary Shares,$2.57,0.33,14.732%,2564257,8128540.00,China,2024,Other Consumer Services,Real Estate
NAMM,Namib Minerals Ordinary Shares,$1.005,-0.065,-6.075%,794621,56131668.00,Cayman Islands,,Precious Metals,Basic Materials
NAMMW,Namib Minerals Warrants,$0.0756,-0.0254,-25.149%,145803,4222442.00,Cayman Islands,,Precious Metals,Basic Materials
NAMS,NewAmsterdam Pharma Company N.V. Ordinary Shares,$23.81,0.23,0.975%,1075590,2846179994.00,Netherlands,,Biotechnology: Pharmaceutical Preparations,Health Care
NAMSW,NewAmsterdam Pharma Company N.V. Warrant,$12.65,1.25,10.965%,199,1512145188.00,Netherlands,,Biotechnology: Pharmaceutical Preparations,Health Care
NAN,Nuveen New York Quality Municipal Income Fund Common Stock,$9.59,-0.19,-1.943%,286226,2899208522.00,United States,1999,Investment Managers,Finance
NAT,Nordic American Tankers Limited Common Stock,$7.98,0.19,2.439%,3305227,1689770291.00,Bermuda,1995,Marine Transportation,Consumer Discretionary
NATH,Nathan's Famous Inc. Common Stock,$101.55,0.07,0.069%,17353,416117475.00,United States,1993,Restaurants,Consumer Discretionary
NATL,NCR Atleos Corporation Common Stock,$45.44,-0.31,-0.678%,1442842,3357876681.00,United States,2023,Office Equipment/Supplies/Services,Miscellaneous
NATR,Nature's Sunshine Products Inc. Common Stock,$12.76,-0.07,-0.546%,64496,224518835.00,United States,,Biotechnology: Pharmaceutical Preparations,Health Care
NAUT,Nautilus Biotechnology Inc. Common Stock,$1.365,0.255,22.973%,22392480,173703379.00,United States,2020,Biotechnology: Laboratory Analytical Instruments,Industrials
NAVI,Navient Corporation Common Stock,$9.07,0.21,2.37%,1382777,850619320.00,United States,,Investment Bankers/Brokers/Service,Finance
NAVN,Navan Inc. Class A Common Stock,$20.69,0.71,3.554%,3242187,5387893100.00,United States,2025,Computer Software: Prepackaged Software,Technology
NAZ,Nuveen Arizona Quality Municipal Income Fund Common Stock,$10.53,0.14,1.347%,61986,0.00,United States,1992,Finance/Investors Services,Finance
NB,NioCorp Developments Ltd. Common Stock,$3.49,0.02,0.576%,2062921,509015209.00,United States,,Metal Mining,Basic Materials
NBB,Nuveen Taxable Municipal Income Fund Common Shares of Beneficial Interest,$14.12,0.07,0.498%,126287,0.00,United States,2010,Finance Companies,Finance
NBBK,NB Bancorp Inc. Common Stock,$22.27,-0.29,-1.285%,362235,975837772.00,United States,2023,Banks,Finance
NBH,Neuberger Municipal Fund Inc. Common Stock,$9.18,0.05,0.548%,167550,0.00,United States,2002,Finance/Investors Services,Finance
NBHC,National Bank Holdings Corporation Common Stock,$39.23,-0.41,-1.034%,385723,1747286429.00,United States,2012,Major Banks,Finance
NBIS,Nebius Group N.V. Class A Ordinary Shares,$237.355,5.475,2.361%,13102175,64526195268.00,Netherlands,2011,Computer Software: Programming Data Processing,Technology
NBIX,Neurocrine Biosciences Inc. Common Stock,$138.35,-2.09,-1.488%,1499651,14063164191.00,United States,1996,Biotechnology: Biological Products (No Diagnostic Substances),Health Care
NBN,Northeast Bank Common Stock,$124.32,-1.94,-1.537%,88672,1010721600.00,United States,,Major Banks,Finance
NBP,NovaBridge Biosciences American Depositary Shares,$1.37,0.01,0.735%,294606,158072918.00,China,2020,Biotechnology: Pharmaceutical Preparations,Health Care
NBR,Nabors Industries Ltd.,$77.28,-2.14,-2.695%,190056,1294006305.00,Bermuda,1951,Oil & Gas Production,Energy
NBRG,Newbridge Acquisition Limited Class A Ordinary Share,$10.055,-0.005,-0.05%,152,0.00,Hong Kong,2026,Blank Checks,Finance
NBRGR,Newbridge Acquisition Limited Rights,$0.35,-0.10,-22.222%,4047,0.00,Hong Kong,2026,,
NBTB,NBT Bancorp Inc. Common Stock,$50.22,-0.60,-1.181%,308678,2609434263.00,United States,,Major Banks,Finance
NBTX,Nanobiotix S.A. American Depositary Shares,$31.50,-1.10,-3.374%,163496,1600448945.00,France,2020,Biotechnology: Pharmaceutical Preparations,Health Care
NBXG,Neuberger Next Generation Connectivity Fund Inc. Common Stock,$15.57,0.24,1.566%,109293,0.00,United States,2021,Trusts Except Educational Religious and Charitable,Finance
NC,NACCO Industries Inc. Common Stock,$37.19,-0.59,-1.562%,12837,280661587.00,United States,,Coal Mining,Energy
NCA,Nuveen California Municipal Value Fund,$8.42,0.13,1.568%,270179,0.00,United States,,Investment Managers,Finance
NCDL,Nuveen Churchill Direct Lending Corp. Common Stock,$11.68,0.04,0.344%,358126,576840919.00,United States,2024,,
NCEL,NewcelX Ltd. Ordinary Shares,$2.97,0.05,1.712%,3106,17155100.00,Switzerland,2021,Biotechnology: Pharmaceutical Preparations,Health Care
NCEW,New Century Logistics (BVI) Limited Ordinary Shares,$17.62,-0.01,-0.057%,164,56384000.00,Hong Kong,2024,Integrated Freight & Logistics,Industrials
NCI,Neo-Concept International Group Holdings Limited Class A Ordinary Shares,$1.26,-1.12,-47.059%,8860962,2978995.00,Hong Kong,2024,Apparel,Consumer Discretionary
NCLH,Norwegian Cruise Line Holdings Ltd. Ordinary Shares,$14.80,0.49,3.424%,27712778,6795980121.00,United States,,Marine Transportation,Consumer Discretionary
NCMI,National CineMedia Inc. Common Stock,$2.30,0.09,4.072%,2036583,216362019.00,United States,2007,Advertising,Consumer Discretionary
NCNA,NuCana plc American Depositary Share,$1.21,-0.08,-6.202%,24817,5035985.00,United Kingdom,2017,Biotechnology: Pharmaceutical Preparations,Health Care
NCNO,nCino Inc. Common Stock,$17.95,-0.65,-3.495%,3873466,1897964323.00,United States,2020,Computer Software: Prepackaged Software,Technology
NCO,Southern Cross Acquisition I Corp. Ordinary Shares,$9.92,0.00,0.00%,1130,0.00,United States,2026,,
NCPL,Netcapital Inc. Common Stock,$1.22,0.14,12.963%,36540383,9574437.00,United States,,Finance: Consumer Services,Finance
NCPLW,Netcapital Inc. Warrants,$0.0274,-0.0001,-0.364%,156253,215032.00,United States,,Finance: Consumer Services,Finance
NCRA,Nocera Inc. Common Stock,$1.76,0.04,2.326%,53844,4182020.00,Taiwan,,Farming/Seeds/Milling,Consumer Staples
NCT,Intercont (Cayman) Limited Class A Ordinary shares,$1.89,-0.61,-24.40%,207317,2313564.00,China,2025,Restaurants,Consumer Discretionary
NCTY,The9 Limited American Depository Shares,$3.39,0.05,1.497%,145337,51776036.00,China,2004,Finance: Consumer Services,Finance
NCV,Virtus Convertible & Income Fund Common Shares of Beneficial Interest,$15.12,0.05,0.332%,168950,1366448363.00,United States,2003,Finance Companies,Finance
NCV^A,Virtus Convertible & Income Fund 5.625% Series A Cumulative Preferred Shares,$19.00,-0.10,-0.524%,3322,,United States,,,
NCZ,Virtus Convertible & Income Fund II Common Shares of Beneficial Interest,$14.06,0.15,1.078%,126514,1070187431.00,United States,2003,Finance Companies,Finance
NCZ^A,Virtus Convertible & Income Fund II 5.50% Series A Cumulative Preferred Shares,$18.51,0.01,0.054%,14831,,United States,,,
NDAQ,Nasdaq Inc. Common Stock,$91.85,-0.77,-0.831%,3049737,51342071618.00,United States,,Investment Bankers/Brokers/Service,Finance
NDLS,Noodles & Company Class A Common Stock,$13.795,0.345,2.565%,28453,82310075.00,United States,2013,Restaurants,Consumer Discretionary
NDMO,Nuveen Dynamic Municipal Opportunities Fund Common Shares of Beneficial Interest,$8.61,-0.05,-0.577%,763948,511995665.00,,2020,Trusts Except Educational Religious and Charitable,Finance
NDRA,ENDRA Life Sciences Inc. Common Stock,$5.88,0.08,1.379%,22132,8819047.00,United States,2017,Biotechnology: Electromedical & Electrotherapeutic Apparatus,Health Care
NDSN,Nordson Corporation Common Stock,$329.53,-1.79,-0.54%,324663,18354612078.00,United States,,Industrial Machinery/Components,Industrials
NE,Noble Corporation plc A Ordinary Shares,$41.94,-0.67,-1.572%,1146485,6695394623.00,United States,2022,Oil & Gas Production,Energy
NEA,Nuveen AMT-Free Quality Municipal Income Fund Common Shares of Beneficial Interest Par Value $.01,$9.76,0.04,0.412%,4552162,0.00,United States,2002,Finance/Investors Services,Finance
NECB,NorthEast Community Bancorp Inc. Common Stock,$26.34,-0.29,-1.089%,29729,362597994.00,United States,2021,Banks,Finance
NEE,NextEra Energy Inc. Common Stock,$75.89,0.40,0.53%,11349362,158304886281.00,United States,,Electric Utilities: Central,Utilities
NEE^N,NextEra Energy Capital Holdings Inc. Series N Junior Subordinated Debentures due March 1 2079,$19.10,-0.11,-0.573%,125848,,United States,,,
NEE^S,NextEra Energy Inc. 7.299% Corporate Units,$48.81,0.19,0.391%,520366,,United States,,,
NEE^T,NextEra Energy Inc. 7.234% Corporate Units,$45.54,0.21,0.463%,113713,,United States,,,
NEE^U,NextEra Energy Inc. Series U Junior Subordinated Debentures due June 1 2085,$22.15,-0.32,-1.424%,121316,,United States,,,
NEE^V,NextEra Energy Inc. 7.375% Corporate Units,$43.06,0.06,0.14%,153532,,United States,,,
NEE^W,NextEra Energy Capital Holdings Inc. Series Z Junior Subordinated Debentures due April 15 2086,$22.22,-0.30,-1.332%,106230,,United States,,,
NEGG,Newegg Commerce Inc. Common Shares,$13.23,0.19,1.457%,32509,277478386.00,China,2010,Other Specialty Stores,Consumer Discretionary
NEM,Newmont Corporation,$117.09,1.04,0.896%,4707322,123376828011.00,United States,,Precious Metals,Basic Materials
NEN,New England Realty Associates Limited Partnership Class A Depositary Receipts Evidencing Units of Limited Partnership,$50.00,0.00,0.00%,1147,138712700.00,United States,,Building operators,Real Estate
NEO,NeoGenomics Inc. Common Stock,$18.74,-0.55,-2.851%,2695774,2407629746.00,United States,,Precision Instruments,Health Care
NEOG,Neogen Corporation Common Stock,$12.73,-0.99,-7.216%,14824153,2776489444.00,United States,1989,Biotechnology: In Vitro & In Vivo Diagnostic Substances,Health Care
NEON,Neonode Inc. Common Stock,$0.90,0.0124,1.397%,88949,15104630.00,Sweden,,Industrial Machinery/Components,Technology
NEOV,NeoVolta Inc. Common Stock,$2.54,0.26,11.404%,2259316,149893647.00,United States,,Industrial Machinery/Components,Miscellaneous
NEOVW,NeoVolta Inc. Warrant,$0.8014,-0.0386,-4.595%,12486,47293216.00,United States,,Industrial Machinery/Components,Miscellaneous
NEPH,Nephros Inc. Common Stock,$3.89,-0.14,-3.474%,29233,42245867.00,United States,,Medical/Dental Instruments,Health Care
NERV,Minerva Neurosciences Inc Common Stock,$3.35,-0.05,-1.471%,33347,159954323.00,United States,2014,Biotechnology: Pharmaceutical Preparations,Health Care
NESR,National Energy Services Reunited Corp Ordinary Shares,$26.49,-3.32,-11.137%,5336213,2671562963.00,United States,,Oilfield Services/Equipment,Energy
NET,Cloudflare Inc. Class A Common Stock,$352.26,-1.73,-0.489%,2157011,125432640406.00,United States,2019,Computer Software: Prepackaged Software,Technology
NEU,NewMarket Corp Common Stock,$904.63,-7.81,-0.856%,107214,8319344760.00,United States,,Major Chemicals,Industrials
NEUP,Neuphoria Therapeutics Inc. Common Stock,$3.57,-0.08,-2.192%,15037,19318462.00,United States,2021,Biotechnology: Pharmaceutical Preparations,Health Care
NEWP,New Pacific Metals Corp. Common Shares,$6.39,0.02,0.314%,630530,1183472883.00,Canada,2021,Precious Metals,Basic Materials
NEWT,NewtekOne Inc. Common Stock,$11.22,0.03,0.268%,286383,324086682.00,United States,,Major Banks,Finance
NEWTG,NewtekOne Inc. 8.50% Fixed Rate Senior Notes due 2029,$25.23,0.1501,0.598%,3856,664100326.00,United States,,Major Banks,Finance
NEWTH,NewtekOne Inc. 8.625% Fixed Rate Senior Notes due 2029,$25.25,0.22,0.879%,6941,0.00,United States,,Major Banks,Finance
NEWTI,NewtekOne Inc. 8.00% Fixed Rate Senior Notes due 2028,$25.05,0.00,0.00%,613,659362393.00,United States,,Major Banks,Finance
NEWTO,NewtekOne Inc. 8.50% Fixed Rate Senior Notes due 2031,$25.995,0.00,0.00%,13,0.00,United States,,Major Banks,Finance
NEWTP,NewtekOne Inc. Depositary Shares Non-Cumulative Perpetual Preferred Stock Series B,$24.225,-0.16,-0.656%,4870,699732608.00,United States,,Major Banks,Finance
NEXA,Nexa Resources S.A. Common Shares,$12.38,0.15,1.226%,477223,1639594820.00,Luxembourg,2017,Metal Mining,Basic Materials
NEXM,NexMetals Mining Corp. Common Shares,$1.925,-0.10,-4.938%,67830,68622716.00,Canada,,Metal Mining,Basic Materials
NEXN,Nexxen International Ltd. Ordinary Shares,$8.93,0.15,1.708%,360394,497586556.00,Israel,2021,Computer Software: Programming Data Processing,Technology
NEXR,Nexera Technologies Ltd Ordinary Shares,$1.76,0.21,13.548%,3550802,2879342.00,Israel,2022,Other Specialty Stores,Consumer Discretionary
NEXRW,Nexera Technologies Ltd Warrant,$0.0148,-0.0043,-22.513%,9589,24213.00,Israel,2022,Other Specialty Stores,Consumer Discretionary
NEXT,NextDecade Corporation Common Stock,$6.34,-0.22,-3.354%,2812067,1687615645.00,United States,2015,Oil & Gas Production,Utilities
NFE,New Fortress Energy Inc. Class A Common Stock,$6.08,-0.40,-6.173%,425540,99235419.00,United States,2019,Oil/Gas Transmission,Utilities
NFEGP,New Fortress Energy Inc. Series A Mandatorily Convertible Preferred Stock,$390.00,-10.00,-2.50%,42102,6365429850.00,United States,,Oil/Gas Transmission,Utilities
NFG,National Fuel Gas Company Common Stock,$77.14,-0.62,-0.797%,1142906,7331778937.00,United States,,Oil/Gas Transmission,Utilities
NFGC,New Found Gold Corp Common Shares,$1.68,0.00,0.00%,583588,645720682.00,,2021,Precious Metals,Basic Materials
NFJ,Virtus Dividend Interest & Premium Strategy Fund Common Shares of Beneficial Interest,$15.05,-0.09,-0.594%,591169,0.00,United States,2005,Finance: Consumer Services,Finance
NFLX,Netflix Inc. Common Stock,$70.30,1.07,1.546%,34570830,292724959223.00,United States,2002,Consumer Electronics/Video Chains,Consumer Discretionary
NG,Novagold Resources Inc.,$6.57,-0.08,-1.203%,4906976,2882788634.00,Canada,2003,Precious Metals,Basic Materials
NGEN,NervGen Pharma Corp. Common stock,$1.92,0.04,2.128%,560146,204312255.00,Canada,,Biotechnology: Pharmaceutical Preparations,Health Care
NGG,National Grid Transco PLC National Grid PLC (NEW) American Depositary Shares,$74.94,-0.30,-0.399%,1002504,78684475871.00,United Kingdom,,Natural Gas Distribution,Utilities
NGL,NGL ENERGY PARTNERS LP Common Units representing Limited Partner Interests,$14.80,-0.08,-0.538%,171781,1847251477.00,United States,2011,Natural Gas Distribution,Utilities
NGL^B,NGL ENERGY PARTNERS LP 9.00% Class B Fixed-to-Floating Rate Cumulative Redeemable Perpetual Preferred Units representing limited partnership interests,$25.90,-0.0061,-0.024%,9228,,United States,,,
NGL^C,NGL ENERGY PARTNERS LP 9.625% Class C Fixed-to-Floating Rate Cumulative  Redeemable Perpetual Preferred Units representing  limited partner interests,$26.00,0.0099,0.038%,5049,,United States,,,
NGNE,Neurogene Inc. Common Stock ,$28.39,-0.09,-0.316%,176746,568123135.00,Canada,2014,Biotechnology: Pharmaceutical Preparations,Health Care
NGS,Natural Gas Services Group Inc. Common Stock,$31.98,-0.77,-2.351%,130266,412487154.00,United States,2002,Oilfield Services/Equipment,Energy
NGVC,Natural Grocers by Vitamin Cottage Inc. Common Stock,$30.39,-0.31,-1.01%,107008,700371435.00,United States,2012,Food Chains,Consumer Staples
NGVT,Ingevity Corporation Common Stock ,$71.06,-1.68,-2.31%,260226,2442895137.00,United States,2016,Major Chemicals,Industrials
NHC,National HealthCare Corporation Common Stock,$224.16,-1.81,-0.801%,105352,3510658303.00,United States,1986,Hospital/Nursing Management,Health Care
NHI,National Health Investors Inc. Common Stock,$66.66,-0.18,-0.269%,501621,3273701530.00,United States,,Real Estate Investment Trusts,Real Estate
NHIV,NewHold Investment Corp IV Class A Ordinary Shares,$10.05,0.00,0.00%,549,0.00,United States,2026,Blank Checks,Finance
NHIVW,NewHold Investment Corp IV Warrants,$0.4801,0.01,2.127%,5200,0.00,United States,2026,Blank Checks,Finance
NHP,National Healthcare Properties Inc. Class A Common Stock,$16.23,0.11,0.682%,742384,1183246137.00,United States,,Real Estate Investment Trusts,Real Estate
NHPBP,National Healthcare Properties Inc. 7.125% Series B Cumulative Redeemable Perpetual Preferred Stock,$25.43,0.01,0.039%,4617,1853970997.00,United States,,Real Estate Investment Trusts,Real Estate
NHS,Neuberger High Yield Strategies Fund Inc. Common Stock,$5.43,0.03,0.556%,288341,0.00,United States,,Trusts Except Educational Religious and Charitable,Finance
NHTC,Natural Health Trends Corp. Common Stock,$1.03,0.04,4.04%,69129,8835183.00,United States,,Consumer Specialties,Consumer Discretionary
NI,NiSource Inc Common Stock,$39.32,0.22,0.563%,6415356,18856303132.00,United States,,Power Generation,Utilities
NIC,Nicolet Bankshares Inc. Common Stock,$163.57,-3.18,-1.907%,195609,3428020401.00,United States,2022,Major Banks,Finance
NICE,NICE Ltd American Depositary Shares,$106.81,-2.28,-2.09%,528196,6344896380.00,Israel,,Computer Software: Prepackaged Software,Technology
NICM,Nicola Mining Inc. American Depositary Shares,$5.56,0.00,0.00%,62,110208024.00,Canada,,Metal Mining,Basic Materials
NIE,Virtus Equity & Convertible Income Fund Common Shares of Beneficial Interest,$25.18,0.13,0.519%,195281,697711739.00,United States,2007,Investment Managers,Finance
NIKI,Niki BioSolutions Inc. Common Stock,$4.74,0.04,0.851%,14640,13929083.00,Hong Kong,2018,Industrial Machinery/Components,Industrials
NIM,Nuveen Select Maturities Municipal Fund Common Stock,$8.66,0.01,0.116%,152130,0.00,United States,1992,Trusts Except Educational Religious and Charitable,Finance
NINE,Nine Energy Service Inc. Common Stock,$7.67,-0.66,-7.923%,45773,106996423.00,,2026,Oilfield Services/Equipment,Energy
NIO,NIO Inc. American depositary shares each  representing one Class A ordinary share,$3.40,-0.19,-5.292%,59699750,8519267875.00,United States,2018,Auto Manufacturing,Industrials
NIOBW,NioCorp Developments Ltd. Warrant,$0.72,-0.0001,-0.014%,2234,105011734.00,United States,,Metal Mining,Basic Materials
NIPG,NIP Group Inc. American Depositary Shares,$10.99,-0.71,-6.068%,2746,93652230.00,Sweden,2024,Services-Misc. Amusement & Recreation,Consumer Discretionary
NIQ,NIQ Global Intelligence plc Ordinary Shares,$17.40,-0.18,-1.024%,874807,5132232034.00,United States,2025,Computer Software: Programming Data Processing,Technology
NIU,Niu Technologies American Depositary Shares,$1.92,0.01,0.524%,586153,150597289.00,China,2018,Auto Manufacturing,Industrials
NIVF,NewGenIvf Group Limited Class A Ordinary Shares,$0.072,-0.2728,-79.118%,55991309,174055.00,Singapore,,Misc Health and Biotechnology Services,Health Care
NIVFW,NewGenIvf Group Limited Warrants,$0.0092,-0.0101,-52.332%,10163,22240.00,Singapore,,Misc Health and Biotechnology Services,Health Care
NIXX,Nixxy Inc. Common Stock,$0.3121,-0.004,-1.265%,173624,9022449.00,United States,,EDP Services,Technology
NJR,NewJersey Resources Corporation Common Stock,$50.83,0.43,0.853%,679827,5157615695.00,United States,,Oil/Gas Transmission,Utilities
NKE,Nike Inc. Common Stock,$35.84,-0.55,-1.511%,28959996,53168593516.00,United States,,Shoe Manufacturing,Consumer Discretionary
NKLR,Terra Innovatum Global N.V. Ordinary shares,$3.33,-0.07,-2.059%,359923,367968024.00,Italy,,Metal Fabrications,Industrials
NKSH,National Bankshares Inc. Common Stock,$42.25,-0.31,-0.728%,29310,269158695.00,United States,,Major Banks,Finance
NKTR,Nektar Therapeutics  Common Stock,$59.24,-1.16,-1.921%,1816547,2022630965.00,United States,,Biotechnology: Pharmaceutical Preparations,Health Care
NKTX,Nkarta Inc. Common Stock,$2.62,-0.05,-1.873%,524593,187656952.00,United States,2020,Biotechnology: Pharmaceutical Preparations,Health Care
NKX,Nuveen California AMT-Free Quality Municipal Income Fund,$10.51,-0.13,-1.222%,594139,0.00,United States,2002,Finance/Investors Services,Finance
NL,NLI Holdings Inc. Common Stock,$7.07,0.07,1.00%,11961,345714049.00,United States,,Major Chemicals,Basic Materials
NLOP,Net Lease Office Properties Common Shares of Beneficial Interest,$9.98,-0.02,-0.20%,94555,147844469.00,United States,2023,Real Estate Investment Trusts,Real Estate
NLY,Annaly Capital Management Inc. Common Stock,$20.32,-0.03,-0.147%,17682839,15315477461.00,United States,,Real Estate Investment Trusts,Real Estate
NLY^F,Annaly Capital Management Inc 6.95% Series F,$25.27,0.02,0.079%,86553,,United States,,,
NLY^G,Annaly Capital Management Inc 6.50% Series G Fixed-to-Floating Rate Cumulative Redeemable Preferred Stock,$25.16,0.04,0.159%,35194,,United States,,,
NLY^I,Annaly Capital Management Inc 6.750% Series I Fixed-to-Floating Rate Cumulative Redeemable Preferred Stock,$24.98,0.01,0.04%,316730,,United States,,,
NLY^J,Annaly Capital Management Inc. 8.875% Series J Fixed-Rate Cumulative Redeemable Preferred Stock,$25.56,0.13,0.511%,89128,,United States,,,
NMAD,Nomad Power Solutions Inc. Common Stock,$3.75,0.15,4.167%,228411,60379005.00,United States,,Biotechnology: Pharmaceutical Preparations,Health Care
NMAI,Nuveen Multi-Asset Income Fund Common Shares of Beneficial Interest,$14.22,0.22,1.571%,96174,0.00,United States,2021,Investment Managers,Finance
NMAX,Newsmax Inc. Class B Common Stock,$10.85,-0.05,-0.459%,605921,1401392998.00,United States,2025,Broadcasting,Industrials
NMCO,Nuveen Municipal Credit Opportunities Fund Common Shares,$8.74,-0.07,-0.795%,830134,478702683.00,,2019,Finance/Investors Services,Finance
NMFC,New Mountain Finance Corporation Common Stock,$7.015,0.045,0.646%,573229,662583516.00,United States,,Finance/Investors Services,Finance
NMFCZ,New Mountain Finance Corporation 8.250% Notes due 2028,$25.25,-0.06,-0.237%,16766,2685614265.00,United States,,,
NMG,Nouveau Monde Graphite Inc. Common Shares,$1.17,-0.08,-6.40%,733797,385113491.00,Canada,,Other Metals and Minerals,Basic Materials
NMI,Nuveen Municipal Income Fund Inc. Common Stock,$9.34,-0.37,-3.811%,171069,0.00,United States,1988,Trusts Except Educational Religious and Charitable,Finance
NMIH,NMI Holdings Inc. Common Stock,$40.73,-0.24,-0.586%,664137,3063623071.00,United States,2013,Property-Casualty Insurers,Finance
NML,Neuberger Energy Infrastructure and Income Fund Inc. Common Stock,$10.08,-0.06,-0.592%,143605,0.00,United States,2013,Finance/Investors Services,Finance
NMM,Navios Maritime Partners LP Common Units Representing Limited Partner Interests,$90.99,0.66,0.731%,75425,2654024254.00,Greece,2007,Marine Transportation,Consumer Discretionary
NMP,NMP Acquisition Corp. Class A Ordinary Shares,$10.38,0.00,0.00%,24,0.00,United States,2025,Blank Checks,Finance
NMPAR,NMP Acquisition Corp. Right,$0.2355,-0.0144,-5.762%,87878,0.00,United States,2025,Blank Checks,Finance
NMR,Nomura Holdings Inc ADR American Depositary Shares,$9.91,-0.11,-1.098%,549904,28752251890.00,Japan,,Investment Bankers/Brokers/Service,Finance
NMRA,Neumora Therapeutics Inc. Common Stock,$0.6776,-0.0142,-2.053%,1249394,127318270.00,United States,2023,Biotechnology: Biological Products (No Diagnostic Substances),Health Care
NMRK,Newmark Group Inc. Class A Common Stock,$12.47,-0.02,-0.16%,1721526,2259920979.00,United States,2017,Real Estate,Finance
NMS,Nuveen Minnesota Quality Municipal Income Fund ,$9.51,-0.23,-2.361%,40416,0.00,United States,2014,Finance Companies,Finance
NMT,Nuveen Massachusetts Quality Municipal Income Fund Common Stock,$10.26,0.03,0.293%,45617,0.00,United States,,Finance/Investors Services,Finance
NMTC,NeuroOne Medical Technologies Corporation Common Stock,$1.09,-0.21,-16.154%,315470,9925282.00,United States,,Medical/Dental Instruments,Health Care
NMZ,Nuveen Municipal High Income Opportunity Fund Common Stock $0.01 par value per share,$8.85,0.08,0.912%,1817220,0.00,United States,2003,Finance/Investors Services,Finance
NN,NextNav Inc. Common Stock,$13.89,-0.35,-2.458%,2599954,2344769650.00,United States,,Industrial Machinery/Components,Industrials
NNBR,NN Inc. Common Stock,$3.88,0.16,4.301%,4723128,320413752.00,United States,1994,Industrial Machinery/Components,Industrials
NNDM,Nano Dimension Ltd. American Depositary Shares,$1.58,0.02,1.282%,1138172,333125637.00,Israel,,Electrical Products,Technology
NNE,Nano Nuclear Energy Inc. Common Stock,$15.79,-0.37,-2.29%,1739449,847893725.00,United States,2024,Electric Utilities: Central,Utilities
NNI,Nelnet Inc. Common Stock,$124.03,-0.02,-0.016%,106040,4437723695.00,United States,2003,Finance: Consumer Services,Finance
NNN,NNN REIT Inc. Common Stock,$41.34,-0.06,-0.145%,2525610,7934444076.00,United States,,Real Estate Investment Trusts,Real Estate
NNNN,Anbio Biotechnology Class A Ordinary Shares,$6.16,0.07,1.149%,43158,886369792.00,Germany,2025,Biotechnology: In Vitro & In Vivo Diagnostic Substances,Health Care
NNOX,NANO-X IMAGING LTD Ordinary Shares,$0.656,0.0239,3.781%,816207,51554147.00,Israel,2020,Medical Electronics,Health Care
NNVC,NanoViricides Inc. Common Stock,$1.30,-0.20,-13.333%,968256,33182500.00,United States,,Biotechnology: Pharmaceutical Preparations,Health Care
NNY,Nuveen New York Municipal Value Fund Common Stock,$7.61,-0.02,-0.262%,75958,0.00,United States,1988,Investment Managers,Finance
NOA,North American Construction Group Ltd. Common Shares (no par),$11.95,-0.21,-1.727%,94087,331140021.00,Canada,2006,Oilfield Services/Equipment,Energy
NOAH,Noah Holdings Limited American Depositary Shares,$7.82,-0.14,-1.759%,75226,524343958.00,China,2010,Investment Managers,Finance
NOC,Northrop Grumman Corporation Common Stock,$504.61,-1.19,-0.235%,694289,71686423550.00,United States,,Industrial Machinery/Components,Industrials
NODK,NI Holdings Inc. Common Stock,$14.90,-0.01,-0.067%,23006,304030373.00,United States,2017,Property-Casualty Insurers,Finance
NOEM,CO2 Energy Transition Corp. Common Stock,$10.58,0.00,0.00%,52,0.00,United States,2025,,
NOEMU,CO2 Energy Transition Corp. Unit,$12.50,0.00,0.00%,4,0.00,United States,2024,,
NOG,Northern Oil and Gas Inc. Common Stock,$22.74,-0.47,-2.025%,2502165,2422927171.00,United States,2022,Oil & Gas Production,Energy
NOK,Nokia Corporation Sponsored American Depositary Shares,$10.36,0.24,2.372%,55521785,59489603251.00,Finland,1994,Radio And Television Broadcasting And Communications Equipment,Technology
NOMA,NOMADAR Corp. Class A Common Stock,$1.67,0.025,1.52%,26215,25523493.00,United States,,Services-Misc. Amusement & Recreation,Consumer Discretionary
NOMD,Nomad Foods Limited Ordinary Shares,$10.51,-0.15,-1.407%,969985,1493324827.00,United Kingdom,2016,Packaged Foods,Consumer Staples
NOV,NOV Inc. Common Stock,$18.98,-0.52,-2.667%,3783556,6765954813.00,United States,,Oil and Gas Field Machinery,Consumer Discretionary
NOVT,Novanta Inc. Common Stock,$141.22,-0.86,-0.605%,190334,5340625479.00,United States,,Industrial Machinery/Components,Miscellaneous
NOVTU,Novanta Inc. Tangible Equity Units,$59.87,-0.62,-1.025%,2150,2264149890.00,United States,,Industrial Machinery/Components,Miscellaneous
NOW,ServiceNow Inc. Common Stock,$129.94,-1.51,-1.149%,10080268,134357960000.00,United States,2012,Computer Software: Prepackaged Software,Technology
NP,Neptune Insurance Holdings Inc. Class A Common Stock,$27.71,-0.09,-0.324%,535126,3802728924.00,,2025,Specialty Insurers,Finance
NPAC,New Providence Acquisition Corp. III Class A Ordinary Shares,$10.5299,0.0399,0.38%,321,0.00,United States,2025,Blank Checks,Finance
NPACU,New Providence Acquisition Corp. III Units,$10.51,0.00,0.00%,56,0.00,United States,2025,Blank Checks,Finance
NPB,Northpointe Bancshares Inc. Common Stock,$14.83,-0.28,-1.853%,251551,512848717.00,United States,2025,Major Banks,Finance
NPCE,Neuropace Inc. Common Stock,$13.94,-0.21,-1.484%,100588,478480380.00,United States,2021,Medical/Dental Instruments,Health Care
NPCT,Nuveen Core Plus Impact Fund Common Shares of Beneficial Interest,$9.11,-0.06,-0.654%,182960,0.00,United States,2021,Investment Managers,Finance
NPFD,Nuveen Variable Rate Preferred & Income Fund Common Shares,$17.26,0.05,0.291%,50673,0.00,United States,2021,Trusts Except Educational Religious and Charitable,Finance
NPK,National Presto Industries Inc. Common Stock,$146.78,0.50,0.342%,104482,1047431914.00,United States,,Ordnance And Accessories,Industrials
NPKI,NPK International Inc. Common Stock,$11.40,-0.18,-1.554%,593206,967972792.00,United States,,Misc Corporate Leasing Services,Industrials
NPO,Enpro Inc. Common Stock,$307.72,0.28,0.091%,116525,6513718797.00,United States,,Metal Fabrications,Industrials
NPT,Texxon Holding Limited Ordinary shares,$2.68,-0.15,-5.30%,33648,59455800.00,China,2025,Specialty Chemicals,Consumer Discretionary
NPV,Nuveen Virginia Quality Municipal Income Fund Common Stock,$9.13,-0.08,-0.869%,215521,0.00,United States,1993,Investment Managers,Finance
NPWR,NET Power Inc. Class A Common Stock,$1.51,-0.05,-3.205%,490298,339536427.00,United States,2021,Industrial Machinery/Components,Energy
NRC,NRC Health Common Stock,$21.05,0.99,4.935%,135916,465616864.00,United States,,Biotechnology: Commercial Physical & Biological Resarch,Health Care
NRDS,NerdWallet Inc. Class A Common Stock,$8.54,0.02,0.235%,493355,545903906.00,United States,2021,EDP Services,Technology
NRDY,Nerdy Inc. Class A Common Stock,$8.50,0.01,0.118%,21175,108578941.00,United States,2020,Other Consumer Services,Real Estate
NREF,NexPoint Real Estate Finance Inc. Common Stock,$15.91,0.45,2.911%,100591,299872141.00,United States,2020,Real Estate Investment Trusts,Real Estate
NREF^A,NexPoint Real Estate Finance Inc. 8.50% Series A Cumulative Redeemable Preferred Stock,$24.895,-0.415,-1.64%,1428,,United States,,,
NRG,NRG Energy Inc. Common Stock,$97.17,0.17,0.175%,2404051,20426152633.00,United States,,Electric Utilities: Central,Utilities
NRGV,Energy Vault Holdings Inc. Common Stock,$3.97,-0.08,-1.975%,4757799,721903093.00,United States,2021,Industrial Machinery/Components,Miscellaneous
NRIM,Northrim BanCorp Inc Common Stock,$24.28,-0.24,-0.979%,119052,540102918.00,United States,,Savings Institutions,Finance
NRIX,Nurix Therapeutics Inc. Common stock,$23.675,0.005,0.021%,2275399,2457031345.00,United States,2020,Biotechnology: Pharmaceutical Preparations,Health Care
NRK,Nuveen New York AMT-Free Quality Municipal Income Fund ,$9.12,0.00,0.00%,990983,0.00,United States,2002,Trusts Except Educational Religious and Charitable,Finance
NRO,Neuberger Real Estate Securities Income Fund Inc. Common Stock,$2.61,0.03,1.163%,214312,0.00,United States,2003,Finance/Investors Services,Finance
NRP,Natural Resource Partners LP Limited Partnership,$110.23,0.52,0.474%,9932,1460592915.00,United States,2002,Coal Mining,Energy
NRSN,NeuroSense Therapeutics Ltd. Ordinary Shares,$4.78,-0.32,-6.275%,35873,9067192.00,Israel,2021,Biotechnology: Pharmaceutical Preparations,Health Care
NRSNW,NeuroSense Therapeutics Ltd. Warrant,$0.045,0.0049,12.219%,516,85361.00,Israel,2021,Biotechnology: Pharmaceutical Preparations,Health Care
NRT,North European Oil Royality Trust Common Stock,$8.17,-0.38,-4.444%,53252,75087120.00,United States,,Oil & Gas Production,Energy
NRUC,National Rural Utilities Cooperative Finance Corporation 5.500% Subordinated Notes due 2064 (Subordinated Deferrable Interest Notes),$20.74,-0.12,-0.575%,63359,0.00,United States,2019,Diversified Financial Services,Finance
NRXP,NRX Pharmaceuticals Inc. Common Stock,$2.92,0.05,1.742%,515799,126423640.00,United States,2017,Biotechnology: Pharmaceutical Preparations,Health Care
NRXS,Neuraxis Inc. Common Stock,$7.76,0.36,4.865%,103071,97448256.00,United States,2023,Biotechnology: Electromedical & Electrotherapeutic Apparatus,Health Care
NSAI,NorthStrive Acquisition Corp I. Class A Ordinary Shares,$9.875,0.005,0.051%,756,0.00,United States,2026,,
NSAIU,NorthStrive Acquisition Corp I. Units,$10.0201,0.0001,0.001%,225,0.00,United States,2026,,
NSC,Norfolk Southern Corporation Common Stock,$313.00,-0.05,-0.016%,489692,70302420749.00,United States,,Railroads,Industrials
NSIT,Insight Enterprises Inc. Common Stock,$155.64,-0.32,-0.205%,232565,4567855014.00,United States,1995,Catalog/Specialty Distribution,Consumer Discretionary
NSLR,Neostellar Capital Corp. Common Stock,$7.76,-0.08,-1.02%,213272,205432203.00,United States,2011,Finance: Consumer Services,Finance
NSLRL,Neostellar Capital Corp. 6.00% Notes due 2026,$24.9799,0.1099,0.442%,1310,661298438.00,United States,,Finance: Consumer Services,Finance
NSP,Insperity Inc. Common Stock,$46.52,-0.39,-0.831%,488364,1776843960.00,United States,,Professional Services,Consumer Discretionary
NSPR,InspireMD Inc. Common Stock,$0.6937,0.0042,0.609%,150064,32249501.00,Israel,,Medical/Dental Instruments,Health Care
NSRX,Nasus Pharma Ltd. Ordinary Shares,$3.57,-0.02,-0.557%,37372,41807585.00,,2025,Biotechnology: Pharmaceutical Preparations,Health Care
NSSC,NAPCO Security Technologies Inc. Common Stock,$35.57,0.51,1.455%,233222,1272283304.00,United States,,Telecommunications Equipment,Telecommunications
NSTS,NSTS Bancorp Inc. Common Stock,$14.185,0.055,0.389%,23168,74515663.00,United States,2022,Savings Institutions,Finance
NSYS,Nortech Systems Incorporated Common Stock,$11.16,0.16,1.455%,12774,31848029.00,United States,,Industrial Machinery/Components,Technology
NTAP,NetApp Inc. Common Stock,$209.18,4.77,2.334%,2720960,41086927466.00,United States,1995,Electronic Components,Technology
NTB,Bank of N.T. Butterfield & Son Limited (The) Voting Ordinary Shares,$58.43,-0.37,-0.629%,152509,2337200000.00,Bermuda,2016,Commercial Banks,Finance
NTCL,NETCLASS TECHNOLOGY INC Class A Ordinary Shares,$1.98,-0.105,-5.036%,17953,4809139.00,China,2024,Computer Software: Prepackaged Software,Technology
NTCT,NetScout Systems Inc. Common Stock,$39.00,-0.41,-1.04%,536706,2835585168.00,United States,1999,EDP Services,Technology
NTES,NetEase Inc. American Depositary Shares,$121.82,0.78,0.644%,838241,77736765751.00,China,,Computer Software: Prepackaged Software,Technology
NTGR,NETGEAR Inc. Common Stock,$22.04,0.06,0.273%,215129,599025623.00,United States,2003,Telecommunications Equipment,Utilities
NTHI,NeOnc Technologies Holdings Inc. Common Stock,$3.30,0.14,4.43%,180934,98228114.00,United States,,Biotechnology: Pharmaceutical Preparations,Health Care
NTIC,Northern Technologies International Corporation Common Stock,$7.80,0.00,0.00%,4226,74072224.00,United States,,Industrial Specialties,Industrials
NTIP,Network-1 Technologies Inc. Common Stock,$1.61,0.06,3.871%,10938,36809721.00,United States,,Multi-Sector Companies,Miscellaneous
NTLA,Intellia Therapeutics Inc. Common Stock,$12.03,0.61,5.342%,5017700,1685724117.00,United States,2016,Biotechnology: In Vitro & In Vivo Diagnostic Substances,Health Care
NTNX,Nutanix Inc. Class A Common Stock,$70.09,1.39,2.023%,2331932,18964263846.00,United States,2016,Computer Software: Prepackaged Software,Technology
NTR,Nutrien Ltd. Common Shares,$71.18,-0.80,-1.111%,1764074,34306071745.00,Canada,2004,Agricultural Chemicals,Industrials
NTRA,Natera Inc. Common Stock,$414.52,2.75,0.668%,2058207,59750641348.00,United States,2015,Medical Specialities,Health Care
NTRB,Nutriband Inc. Common Stock,$8.25,0.02,0.243%,140542,100284385.00,United States,,Industrial Specialties,Health Care
NTRBW,Nutriband Inc. Warrant,$1.73,0.07,4.217%,20748,21029332.00,United States,,Industrial Specialties,Health Care
NTRP,NextTrip Inc. Common Stock,$1.80,-0.09,-4.762%,82270,27154982.00,United States,,Transportation Services,Consumer Discretionary
NTRS,Northern Trust Corporation Common Stock,$172.94,-1.61,-0.922%,816802,31640350630.00,United States,,Major Banks,Finance
NTRSO,Northern Trust Corporation Depositary Shares Each Representing a 1/1000th Interest in a Share of Series E Non-Cumulative Perpetual Preferred Stock,$18.15,-0.06,-0.329%,61336,3320645102.00,United States,,Major Banks,Finance
NTSK,Netskope Inc. Class A Common Stock,$17.27,-0.58,-3.249%,5794969,7056310408.00,United States,2025,Computer Software: Prepackaged Software,Technology
NTST,NetSTREIT Corp. Common Stock,$17.93,-0.20,-1.103%,1812203,1820397004.00,United States,2020,Real Estate Investment Trusts,Real Estate
NTWK,NetSol Technologies Inc. Common  Stock,$5.56,0.19,3.538%,613404,66456278.00,United States,,Computer Software: Prepackaged Software,Technology
NTWO,Newbury Street II Acquisition Corp Class A Ordinary Shares,$10.825,0.00,0.00%,148622,0.00,United States,2024,,
NTWOU,Newbury Street II Acquisition Corp Unit,$11.40,0.00,0.00%,4,0.00,United States,2024,,
NTWOW,Newbury Street II Acquisition Corp Warrant,$0.90,-0.05,-5.263%,1350,0.00,United States,2024,,
NU,Nu Holdings Ltd. Class A Ordinary Shares,$12.35,0.12,0.981%,78304697,59967569355.00,Cayman Islands,2021,Finance: Consumer Services,Finance
NUAI,New Era Energy & Digital Inc. Common Stock,$6.76,-0.20,-2.874%,7046898,720341132.00,United States,,Oil & Gas Production,Energy
NUAIW,New Era Energy & Digital Inc. Warrants,$3.64,0.04,1.111%,2198,387875994.00,United States,,Oil & Gas Production,Energy
NUCL,Eagle Nuclear Energy Corp. Common stock,$6.30,-0.03,-0.474%,124887,186352727.00,United States,,Other Metals and Minerals,Basic Materials
NUCLW,Eagle Nuclear Energy Corp. Warrants,$0.60,0.00,0.00%,106814,17747879.00,United States,,Other Metals and Minerals,Basic Materials
NUE,Nucor Corporation Common Stock,$236.24,-8.25,-3.374%,1473668,53597109698.00,United States,,Steel/Iron Ore,Industrials
NUR,Nuran Wireless Inc. Common Shares,$0.9713,0.001,0.103%,634194,12816012.00,Canada,,,
NUS,Nu Skin Enterprises Inc. Common Stock,$4.59,-0.05,-1.078%,415448,223425750.00,United States,1996,Other Pharmaceuticals,Health Care
NUTX,Nutex Health Inc. Common Stock,$210.10,-2.635,-1.239%,147710,1438759127.00,United States,,Business Services,Consumer Discretionary
NUV,Nuveen Municipal Value Fund Inc. Common Stock,$8.21,0.06,0.736%,2362315,0.00,United States,1987,Trusts Except Educational Religious and Charitable,Finance
NUVB,Nuvation Bio Inc. Class A Common Stock,$5.62,0.02,0.357%,3068412,1973312569.00,United States,2020,Biotechnology: Pharmaceutical Preparations,Health Care
NUW,Nuveen AMT-Free Municipal Value Fund,$12.97,0.18,1.407%,325318,0.00,United States,2009,Investment Managers,Finance
NUWE,Nuwellis Inc. Common Stock,$0.7459,-0.0143,-1.881%,150996,2720494.00,United States,,Biotechnology: Electromedical & Electrotherapeutic Apparatus,Health Care
NVA,Nova Minerals Corp Common Stock,$5.40,0.06,1.124%,792471,2435552296.00,,2026,Precious Metals,Basic Materials
NVAX,Novavax Inc. Common Stock,$10.82,0.02,0.185%,4071343,1784712755.00,United States,,Biotechnology: Biological Products (No Diagnostic Substances),Health Care
NVCR,NovoCure Limited Ordinary Shares,$15.99,0.16,1.011%,728559,1861968982.00,Jersey,2015,Medical/Dental Instruments,Health Care
NVCT,Nuvectis Pharma Inc. Common Stock,$20.53,-0.28,-1.346%,160050,669566775.00,United States,2022,Biotechnology: Pharmaceutical Preparations,Health Care
NVDA,NVIDIA Corporation Common Stock,$227.21,-1.65,-0.721%,101835982,5475761000000.00,United States,1999,Semiconductors,Technology
NVEC,NVE Corporation Common Stock,$111.07,1.26,1.147%,69682,537264028.00,United States,,Semiconductors,Technology
NVG,Nuveen AMT-Free Municipal Credit Income Fund ,$10.45,-0.03,-0.286%,2230288,0.00,United States,2002,Investment Managers,Finance
NVGS,Navigator Holdings Ltd. Ordinary Shares (Marshall Islands),$22.99,0.07,0.305%,336046,1418482333.00,Marshall Islands,2013,Marine Transportation,Consumer Discretionary
NVMI,Nova Ltd. Ordinary Shares,$385.12,14.70,3.968%,207485,12240258177.00,Israel,2000,Electronic Components,Technology
NVNI,Nvni Group Limited Ordinary Shares,$0.91,-0.0299,-3.181%,32693,10639841.00,Cayman Islands,,Computer Software: Prepackaged Software,Technology
NVNIW,Nvni Group Limited Warrants,$0.0179,-0.0001,-0.556%,600,209289.00,Cayman Islands,,Computer Software: Prepackaged Software,Technology
NVNO,enVVeno Medical Corporation Common Stock,$8.625,-0.185,-2.10%,2065,5992874.00,United States,2018,Medical/Dental Instruments,Health Care
NVO,Novo Nordisk A/S Common Stock,$38.31,-0.40,-1.033%,9403516,169634018221.00,Denmark,,Biotechnology: Pharmaceutical Preparations,Health Care
NVR,NVR Inc. Common Stock,$6234.63,-33.26,-0.531%,26055,16614416102.00,United States,1998,Homebuilding,Consumer Discretionary
NVRI,Enviri Corporation Common Stock,$19.50,0.15,0.775%,511865,549707321.00,,2026,Diversified Commercial Services,Miscellaneous
NVS,Novartis AG Common Stock,$145.71,-1.17,-0.797%,1598812,278036781147.00,Switzerland,,Biotechnology: Pharmaceutical Preparations,Health Care
NVST,Envista Holdings Corporation Common Stock,$23.33,-0.40,-1.686%,2989875,3747211151.00,United States,2019,Medical/Dental Instruments,Health Care
NVT,nVent Electric plc Ordinary Shares ,$161.68,1.18,0.735%,1603682,26169191578.00,United Kingdom,2018,Industrial Machinery/Components,Industrials
NVTS,Navitas Semiconductor Corporation Common Stock,$11.73,0.00,0.00%,35618955,3062626614.00,United States,,Semiconductors,Technology
NVX,NOVONIX Limited American Depository Shares,$2.67,-0.02,-0.743%,14242,57465953.00,Australia,,Industrial Machinery/Components,Miscellaneous
NWAX,New America Acquisition I Corp. Class A Common Stock,$10.08,0.005,0.05%,27695,0.00,,2026,Blank Checks,Finance
NWBI,Northwest Bancshares Inc. Common Stock,$14.92,-0.20,-1.323%,1155700,2185170100.00,United States,2009,Major Banks,Finance
NWCL,newcleo plc Ordinary Shares,$7.18,-0.42,-5.526%,263688,3657340717.00,United Kingdom,,Metal Fabrications,Industrials
NWCLW,newcleo plc Warrants,$0.70,-0.05,-6.667%,18641,356565251.00,United Kingdom,,Metal Fabrications,Industrials
NWE,NorthWestern Energy Group Inc. Common Stock,$68.69,0.63,0.926%,444782,4225661117.00,United States,,Power Generation,Utilities
NWFL,Norwood Financial Corp. Common Stock,$33.34,-0.56,-1.652%,33252,363475147.00,United States,,Major Banks,Finance
NWG,NatWest Group plc American Depositary Shares (each representing two (2) Ordinary Shares),$18.26,-0.08,-0.436%,2607411,72584131668.00,United Kingdom,2022,Commercial Banks,Finance
NWGL,CL Workshop Group Limited American Depositary Shares,$1.46,0.12,8.955%,311629,42125621.00,China,2023,Forest Products,Basic Materials
NWL,Newell Brands Inc. Common Stock,$5.32,-0.12,-2.206%,4430508,2265788000.00,United States,,Plastic Products,Industrials
NWN,Northwest Natural Holding Company Common Stock,$47.02,0.22,0.47%,211753,1979238157.00,United States,,Oil/Gas Transmission,Utilities
NWPX,NWPX Infrastructure Inc. Common Stock,$102.35,-0.76,-0.737%,68265,986367625.00,United States,1995,Steel/Iron Ore,Industrials
NWS,News Corporation Class B Common Stock,$31.50,-0.74,-2.295%,1228410,17024049095.00,United States,,Newspapers/Magazines,Consumer Discretionary
NWSA,News Corporation Class A Common Stock,$28.52,-0.58,-1.993%,5906204,15413520006.00,United States,,Newspapers/Magazines,Consumer Discretionary
NWTG,Newton Golf Company Inc. Common Stock,$1.05,0.045,4.478%,73072,5937202.00,United States,2023,Recreational Games/Products/Toys,Consumer Discretionary
NX,Quanex Building Products Corporation Common Stock,$19.13,-0.25,-1.29%,254546,876655359.00,United States,,Metal Fabrications,Industrials
NXAT,Nexus Advanced Technologies Inc. Ordinary Shares,$1.05,-0.1025,-8.894%,68674,2845766.00,Cayman Islands,,Movies/Entertainment,Consumer Discretionary
NXB,NextBoat Inc. Common Stcok,$2.04,0.08,4.082%,16186,51291506.00,,2025,Marine Transportation,Industrials
NXDR,Nextdoor Holdings Inc. Class A Common Stock,$2.45,0.03,1.24%,1575679,947778585.00,United States,,Computer Software: Programming Data Processing,Technology
NXDT,NexPoint Diversified Real Estate Trust Common Stock,$5.28,0.05,0.956%,147995,280399823.00,United States,,Real Estate Investment Trusts,Real Estate
NXDT^A,NexPoint Diversified Real Estate Trust 5.50% Series A Cumulative Preferred Shares ($25.00 liquidation preference per share),$12.81,0.19,1.506%,4047,,United States,,,
NXE,Nexgen Energy Ltd. Common Shares,$9.03,0.04,0.445%,2887766,6054670092.00,Canada,2017,Other Metals and Minerals,Basic Materials
NXG,NXG NextGen Infrastructure Income Fund Common Shares of Beneficial Interest,$54.22,0.46,0.856%,36703,141064933.00,United States,2012,,
NXGL,NexGel Inc Common Stock,$0.176,-0.002,-1.124%,300072,1715589.00,United States,2021,Medical/Dental Instruments,Health Care
NXGLW,NexGel Inc Warrant,$0.0122,0.00,0.00%,8,118921.00,United States,2021,Medical/Dental Instruments,Health Care
NXH,Neighborhood Intelligence Inc. Common Stock,$2.99,-0.10,-3.236%,2708014,285538072.00,United States,2026,Catalog/Specialty Distribution,Consumer Discretionary
NXL,Nexalin Technology Inc. Common Stock,$4.35,0.08,1.874%,65857,3607890.00,United States,2022,Biotechnology: Electromedical & Electrotherapeutic Apparatus,Health Care
NXP,Nuveen Select Tax Free Income Portfolio Common Stock,$13.21,0.20,1.537%,574432,618216283.00,United States,1992,Trusts Except Educational Religious and Charitable,Finance
NXPI,NXP Semiconductors N.V. Common Stock,$236.47,0.15,0.063%,2439282,59629262226.00,Netherlands,2010,Semiconductors,Technology
NXPL,NextPlat Corp Common Stock,$9.00,-0.20,-2.174%,1791,24418998.00,United States,,Telecommunications Equipment,Telecommunications
NXRT,NexPoint Residential Trust Inc. Common Stock,$19.27,-0.57,-2.873%,1001050,492344897.00,United States,2015,Real Estate Investment Trusts,Real Estate
NXST,Nexstar Media Group Inc. Common Stock,$161.48,-0.30,-0.185%,299207,4974924445.00,United States,2003,Broadcasting,Industrials
NXT,Nextpower Inc. Common Stock,$79.31,0.18,0.227%,1815732,12033668231.00,United States,2023,Semiconductors,Technology
NXTC,NextCure Inc. Common Stock,$4.845,-0.235,-4.626%,55412,22177304.00,United States,2019,Biotechnology: Pharmaceutical Preparations,Health Care
NXTS,Nexentis Technologies Inc. Common Stock,$1.40,-0.065,-4.437%,7513,2034666.00,Israel,,Agricultural Chemicals,Industrials
NXTT,Next Technology Holding Inc. Ordinary Shares,$5.0994,-0.1406,-2.683%,12661,7511222.00,China,,EDP Services,Technology
NXXT,NextNRG Inc. Common Stock,$0.8623,-0.0192,-2.178%,172745,14498147.00,United States,2021,Retail-Auto Dealers and Gas Stations,Consumer Discretionary
NYAX,Nayax Ltd. Ordinary Shares,$44.57,-0.09,-0.202%,55784,1665099321.00,Israel,,Computer Software: Prepackaged Software,Technology
NYC,American Strategic Investment Co. Class A Common Stock,$6.11,-0.22,-3.476%,3189,19329792.00,,2020,Real Estate Investment Trusts,Real Estate
NYT,New York Times Company (The) Common Stock,$62.32,-1.85,-2.883%,3255505,10002538360.00,United States,,Newspapers/Magazines,Consumer Discretionary
NYXH,Nyxoah SA Ordinary Shares,$1.37,-0.22,-13.836%,337359,137099757.00,Belgium,2021,Medical/Dental Instruments,Health Care
NZF,Nuveen Municipal Credit Income Fund ,$10.61,-0.11,-1.026%,2692376,0.00,United States,2007,Finance Companies,Finance
O,Realty Income Corporation Common Stock,$55.14,-0.21,-0.379%,9648567,52174462340.00,United States,,Real Estate Investment Trusts,Real Estate
OABI,OmniAb Inc. Common Stock,$4.74,0.00,0.00%,1391953,689150487.00,United States,2021,Biotechnology: Commercial Physical & Biological Resarch,Health Care
OABIW,OmniAb Inc. Warrant,$0.3675,0.00,0.00%,12,53430971.00,United States,2021,Biotechnology: Commercial Physical & Biological Resarch,Health Care
OACC,Oaktree Acquisition Corp. III Life Sciences Class A Ordinary Share,$10.78,0.00,0.00%,8,0.00,United States,2024,Blank Checks,Finance
OACCW,Oaktree Acquisition Corp. III Life Sciences Warrant,$1.00,0.15,17.647%,320,0.00,United States,2024,Blank Checks,Finance
OAK^A,Brookfield Oaktree Holdings LLC 6.625% Series A Preferred Units,$20.33,0.02,0.098%,13931,,United States,,,
OAK^B,Brookfield Oaktree Holdings LLC 6.550% Series B Preferred Units,$20.22,-0.05,-0.247%,39589,,United States,,,
OBA,Oxley Bridge Acquisition Limited Class A Ordinary Shares,$10.34,0.00,0.00%,5004,0.00,Hong Kong,2025,Blank Checks,Finance
OBAI,Our Bond Inc. Common Stock,$0.2386,0.0158,7.092%,699918,7152161.00,United States,,Telecommunications Equipment,Consumer Discretionary
OBAWU,Oxley Bridge Acquisition Limited Unit,$10.37,-0.05,-0.48%,714,0.00,Hong Kong,2025,,
OBDC,Blue Owl Capital Corporation Common Stock,$10.81,0.04,0.371%,3669313,5330871171.00,United States,2019,Diversified Financial Services,Finance
OBE,Obsidian Energy Ltd. Common Shares,$10.23,-0.44,-4.124%,944406,682602581.00,Canada,2022,Oil & Gas Production,Energy
OBIO,Orchestra BioMed Holdings Inc. Ordinary Shares,$6.08,0.19,3.226%,237098,365438698.00,United States,2020, Medicinal Chemicals and Botanical Products ,Health Care
OBK,Origin Bancorp Inc. Common Stock,$52.75,-0.26,-0.49%,202431,1627320515.00,United States,,Major Banks,Finance
OBT,Orange County Bancorp Inc. Common Stock,$37.31,-0.37,-0.982%,55112,500251100.00,United States,,Major Banks,Finance
OBX,Obsidian Therapeutics Inc. Common Stock,$14.58,1.21,9.05%,378588,900648532.00,United States,,Biotechnology: Pharmaceutical Preparations,Health Care
OC,Owens Corning Inc Common Stock New,$118.36,-3.67,-3.007%,1014171,9356202120.00,United States,,Industrial Machinery/Components,Industrials
OCAC,Ocean Capital Acquisition Corporation Ordinary Shares,$9.99,0.01,0.10%,85455,0.00,,2026,Blank Checks,Finance
OCC,Optical Cable Corporation Common Stock,$16.00,1.05,7.023%,131490,141472384.00,United States,,Telecommunications Equipment,Industrials
OCCI,OFS Credit Company Inc. Common Stock,$2.28,0.05,2.242%,194054,26485643.00,United States,2018,Trusts Except Educational Religious and Charitable,Finance
OCCIM,OFS Credit Company Inc. 7.875% Series F Term Preferred Stock,$24.90,0.05,0.201%,4333,0.00,United States,,,
OCCIN,OFS Credit Company Inc. 5.25% Series E Term Preferred Stock Due 2026,$24.99,0.04,0.16%,3052,290296585.00,United States,,Trusts Except Educational Religious and Charitable,Finance
OCFC,OceanFirst Financial Corp. Common Stock,$16.67,-0.05,-0.299%,1336068,1611075801.00,United States,,Major Banks,Finance
OCG,Oriental Culture Holding LTD Ordinary Shares,$1.45,-0.03,-2.027%,20332,2810552.00,China,2020,Other Consumer Services,Consumer Discretionary
OCGN,Ocugen Inc. Common Stock,$1.09,0.06,5.825%,7556479,369630337.00,United States,2014,Biotechnology: Biological Products (No Diagnostic Substances),Health Care
OCLT,OceanLight Acquisition Corporation Ordinary Shares,$9.90,0.01,0.101%,20544,0.00,United States,2026,Blank Checks,Finance
OCLTR,OceanLight Acquisition Corporation Rights,$0.1609,0.0109,7.267%,579723,0.00,United States,2026,Blank Checks,Finance
OCLTU,OceanLight Acquisition Corporation Units,$10.08,-0.12,-1.176%,12143,0.00,United States,2026,Blank Checks,Finance
OCLTW,OceanLight Acquisition Corporation Warrants,$0.035,-0.0149,-29.86%,5300,0.00,United States,2026,Blank Checks,Finance
OCS,Oculis Holding AG Ordinary shares,$9.13,0.07,0.773%,373465,529397919.00,Switzerland,,Biotechnology: Pharmaceutical Preparations,Health Care
OCSAW,Oculis Holding AG Warrants,$2.90,0.164,5.994%,1601,168154870.00,Switzerland,,Biotechnology: Pharmaceutical Preparations,Health Care
OCSL,Oaktree Specialty Lending Corporation Common Stock,$12.10,0.10,0.833%,435756,1065834828.00,United States,,Finance: Consumer Services,Finance
OCTV,Octave Intelligence plc Class B Ordinary Shares,$18.63,0.05,0.269%,2149274,5000995990.00,United States,,Computer Software: Prepackaged Software,Technology
OCUL,Ocular Therapeutix Inc. Common Stock,$7.87,0.215,2.809%,5286831,1728376881.00,United States,2014,Biotechnology: Pharmaceutical Preparations,Health Care
ODC,Oil-Dri Corporation Of America Common Stock,$90.76,1.08,1.204%,83189,1314961285.00,United States,,Miscellaneous manufacturing industries,Consumer Discretionary
ODD,ODDITY Tech Ltd. Class A Ordinary Shares,$17.90,0.30,1.705%,934355,1014154662.00,Israel,2023,Package Goods/Cosmetics,Consumer Discretionary
ODFL,Old Dominion Freight Line Inc. Common Stock,$177.46,0.61,0.345%,2329346,36797506140.00,United States,1991,Trucking Freight/Courier Services,Industrials
ODTX,Odyssey Therapeutics Inc. Common Stock,$22.44,0.97,4.518%,201711,1078433346.00,United States,2026,Biotechnology: Biological Products (No Diagnostic Substances),Health Care
ODYS,Odysight.ai Inc. Common Stock,$3.00,0.00,0.00%,37343,60733215.00,Israel,,EDP Services,Technology
OEC,Orion S.A. Common Shares,$5.81,-0.06,-1.022%,385263,328396881.00,Luxembourg,2014,Major Chemicals,Industrials
OESX,Orion Energy Systems Inc. Common Stock,$30.425,-0.035,-0.115%,61609,124416527.00,United States,2015,Building Products,Consumer Discretionary
OFAL,OFA Group Class A Ordinary Shares,$0.5209,-0.0164,-3.052%,461004,13779618.00,Hong Kong,2025,Military/Government/Technical,Consumer Discretionary
OFG,OFG Bancorp Common Stock,$50.47,-0.73,-1.426%,220869,2133139482.00,Puerto Rico,,Major Banks,Finance
OFIX,Orthofix Medical Inc. Common Stock (DE),$9.75,-0.09,-0.915%,433774,397142928.00,Curacao,1992,Medical/Dental Instruments,Health Care
OFLX,Omega Flex Inc. Common Stock,$25.59,-0.08,-0.312%,26305,258313700.00,United States,,Industrial Specialties,Industrials
OFRM,Once Upon a Farm PBC Common Stock,$15.81,-0.63,-3.832%,800537,663872224.00,,2026,Packaged Foods,Consumer Staples
OFS,OFS Capital Corporation Common Stock,$3.60,-0.06,-1.639%,24953,48233081.00,United States,,Finance/Investors Services,Finance
OFSSH,OFS Capital Corporation 4.95% Notes due 2028,$23.84,0.00,0.00%,100,319410180.00,United States,,Finance Companies,Finance
OFSSO,OFS Capital Corporation 7.50% Notes due 2028,$26.00,0.42,1.642%,410,0.00,United States,,,
OGC,OceanaGold Corporation Common Shares,$27.69,0.76,2.822%,872938,6208597057.00,,2026,,
OGE,OGE Energy Corp Common Stock,$45.38,0.70,1.567%,2246823,9374658804.00,United States,,Electric Utilities: Central,Utilities
OGEN,Oragenics Inc. Common Stock,$0.48,0.0084,1.781%,42637,2165739.00,United States,,Biotechnology: Pharmaceutical Preparations,Health Care
OGG,Osisko Gold Group Inc. Common Shares,$2.80,0.02,0.719%,2292847,856345944.00,Canada,2022,Precious Metals,Basic Materials
OGGWZ,Osisko Gold Group Inc. Warrant expiring 5/27/2027,$0.0277,-0.0075,-21.307%,23877,8471708.00,Canada,,Precious Metals,Basic Materials
OGI,Organigram Global Inc. Common Shares,$1.07,-0.015,-1.382%,834179,150876952.00,Canada,,Biotechnology: Pharmaceutical Preparations,Health Care
OGN,Organon & Co. Common Stock ,$13.74,0.01,0.073%,1628865,3608253609.00,United States,2021,Biotechnology: Pharmaceutical Preparations,Health Care
OGS,ONE Gas Inc. Common Stock,$72.20,0.54,0.754%,645619,4538222694.00,United States,2014,Oil/Gas Transmission,Utilities
OHAC,Oceanhawk Acquisition Corp. Class A Ordinary Shares,$10.00,0.00,0.00%,6,0.00,United States,2026,,
OHI,Omega Healthcare Investors Inc. Common Stock,$46.54,-0.14,-0.30%,1115677,14102225020.00,United States,1992,Real Estate Investment Trusts,Real Estate
OI,O-I Glass Inc. Common Stock,$5.64,-0.14,-2.422%,4236291,866640973.00,United States,,Containers/Packaging,Consumer Discretionary
OIA,Invesco Municipal Income Opportunities Trust Common Stock,$5.61,0.23,4.275%,747948,267067354.00,United States,,Finance Companies,Finance
OIG,Orion180 Insurance Group Inc. Class A common stock,$10.18,0.82,8.761%,585531,1008150361.00,United States,2026,Specialty Insurers,Finance
OII,Oceaneering International Inc. Common Stock,$44.22,-1.62,-3.534%,1020117,4401200902.00,United States,,Oilfield Services/Equipment,Energy
OIM,OneIM Acquisition Corp. Class A Ordinary Shares,$10.15,0.00,0.00%,9,0.00,United States,2026,,
OIO,OIO Group Ordinary Shares,$1.77,0.32,22.069%,174581,615999131.00,Singapore,,Environmental Services,Utilities
OIOWW,OIO Group Warrants,$0.04,0.00,0.00%,50,13920884.00,Singapore,,Environmental Services,Utilities
OIS,Oil States International Inc. Common Stock,$8.01,-0.30,-3.61%,710254,483184178.00,United States,2001,Oil and Gas Field Machinery,Consumer Discretionary
OKE,ONEOK Inc. Common Stock,$86.86,-1.76,-1.986%,4427184,54753909276.00,United States,,Oil & Gas Production,Utilities
OKLO,Oklo Inc. Class A common stock,$37.11,0.00,0.00%,7553719,6903114992.00,United States,2021,Electric Utilities: Central,Utilities
OKTA,Okta Inc. Class A Common Stock,$204.88,2.70,1.335%,2928407,35817311729.00,United States,2017,Computer Software: Prepackaged Software,Technology
OKUR,OnKure Therapeutics Inc. Class A Common Stock,$2.60,-0.16,-5.797%,339838,105290403.00,United States,2021,Biotechnology: Pharmaceutical Preparations,Health Care
OKYO,OKYO Pharma Limited Ordinary Shares,$1.36,-0.01,-0.73%,44041,71372157.00,Guernsey,2022,Biotechnology: Biological Products (No Diagnostic Substances),Health Care
OLB,The OLB Group Inc. Common Stock,$0.1906,-0.0044,-2.256%,612250,4580676.00,United States,,Business Services,Consumer Discretionary
OLED,Universal Display Corporation Common Stock,$76.16,0.69,0.914%,566343,3500834154.00,United States,,Electrical Products,Technology
OLLI,Ollie's Bargain Outlet Holdings Inc. Common Stock,$86.78,1.25,1.461%,1708974,5154940532.00,United States,2015,Department/Specialty Retail Stores,Consumer Discretionary
OLMA,Olema Pharmaceuticals Inc. Common Stock,$8.54,-0.07,-0.813%,1081272,747229564.00,United States,2020,Biotechnology: Pharmaceutical Preparations,Health Care
OLN,Olin Corporation Common Stock,$15.43,-0.62,-3.863%,3696093,1758749821.00,United States,,Major Chemicals,Industrials
OLOX,Olenox Industries Inc. Common Stock,$0.8202,-0.0148,-1.772%,148839,1360996.00,United States,2017,RETAIL: Building Materials,Consumer Discretionary
OLP,One Liberty Properties Inc. Common Stock,$22.07,0.01,0.045%,104932,481678280.00,United States,1986,Real Estate Investment Trusts,Real Estate
OM,Outset Medical Inc. Common Stock,$3.03,0.07,2.365%,123405,56955407.00,United States,2020,Biotechnology: Electromedical & Electrotherapeutic Apparatus,Health Care
OMAB,Grupo Aeroportuario del Centro Norte S.A.B. de C.V. ADS,$98.82,-3.05,-2.994%,214442,4770157810.00,Mexico,2006,Aerospace,Consumer Discretionary
OMC,Omnicom Group Inc. Common Stock,$74.14,-0.96,-1.278%,2518993,20340009993.00,United States,,Advertising,Consumer Discretionary
OMCL,Omnicell Inc. Common Stock ($0.001 par value),$34.31,0.44,1.299%,573540,1565046670.00,United States,2001,Computer Manufacturing,Technology
OMDA,Omada Health Inc. Common Stock,$19.37,-0.02,-0.103%,1180117,1185767537.00,United States,2025,Medical/Nursing Services,Health Care
OMER,Omeros Corporation Common Stock,$19.25,-0.18,-0.926%,841882,1393475083.00,United States,2009,Biotechnology: Pharmaceutical Preparations,Health Care
OMEX,Odyssey Marine Exploration Inc. Common Stock,$0.675,-0.0109,-1.589%,227335,39616688.00,United States,,Marine Transportation,Consumer Discretionary
OMF,OneMain Holdings Inc. Common Stock,$56.35,0.12,0.213%,847376,6482586778.00,United States,2013,Finance: Consumer Services,Finance
OMH,Ohmyhome Limited Class A Ordinary Shares,$2.54,0.09,3.673%,84756,4289270.00,Singapore,2023,Real Estate,Finance
OMSE,OMS Energy Technologies Inc. Ordinary Shares,$4.45,0.22,5.201%,40748,188896733.00,Singapore,2025,Oil and Gas Field Machinery,Consumer Discretionary
ON,ON Semiconductor Corporation Common Stock,$75.95,0.30,0.397%,9410692,29568748657.00,United States,,Semiconductors,Technology
ONB,Old National Bancorp Common Stock,$24.84,-0.37,-1.468%,4398846,9503038800.00,United States,,Major Banks,Finance
ONBPO,Old National Bancorp Depositary Shares Each Representing a 1/40th Interest in a Share of Series C Preferred Stock,$24.73,-0.02,-0.081%,10017,9460956100.00,United States,,Major Banks,Finance
ONBPP,Old National Bancorp Depositary Shares Each Representing a 1/40th Interest in a Share of Series A Preferred Stock,$24.70,-0.09,-0.363%,3814,9449479000.00,United States,,Major Banks,Finance
ONC,BeOne Medicines Ltd. American Depositary Shares,$365.27,-1.73,-0.471%,372799,41531884612.00,Cayman Islands,2016,Biotechnology: Pharmaceutical Preparations,Health Care
ONCH,1RT Acquisition Corp. Class A Ordinary Share,$10.33,0.00,0.00%,965,0.00,United States,2025,,
ONCHU,1RT Acquisition Corp. Units,$10.43,0.00,0.00%,11,0.00,United States,2025,,
ONCO,Onconetix Inc. Common Stock,$0.82,-0.29,-26.126%,5472676,3592028.00,United States,2022,Biotechnology: Pharmaceutical Preparations,Health Care
ONCY,Oncolytics Biotech Inc. Common Stock,$0.6745,0.0115,1.735%,784337,86005836.00,Canada,,Biotechnology: Pharmaceutical Preparations,Health Care
ONDS,Ondas Inc. Common Stock,$7.48,-0.20,-2.604%,48882043,4355624189.00,United States,,Radio And Television Broadcasting And Communications Equipment,Technology
ONEG,OneConstruction Group Limited Ordinary Shares,$1.00,-0.01,-0.99%,41147,16000000.00,Hong Kong,2024,Homebuilding,Consumer Discretionary
ONEN,ONE Nuclear Energy Inc. Common Stock  ,$2.62,0.47,21.86%,831230,68181132.00,United States,2025,Electric Utilities: Central,Utilities
ONEW,OneWater Marine Inc. Class A Common Stock,$9.73,-0.03,-0.307%,110263,162156473.00,United States,2020,Auto & Home Supply Stores,Consumer Discretionary
ONFO,Onfolio Holdings Inc. Common Stock,$1.03,-0.03,-2.83%,2098335,2574225.00,United States,2022,EDP Services,Technology
ONFOW,Onfolio Holdings Inc. Warrant,$0.0131,-0.0044,-25.143%,113977,32740.00,United States,2022,EDP Services,Technology
ONIT,Onity Group Inc. Common Stock,$29.85,0.37,1.255%,133246,249382422.00,United States,,Finance: Consumer Services,Finance
ONL,Orion Properties Inc. Common Stock,$2.50,-0.01,-0.398%,158607,142611785.00,United States,2021,Real Estate Investment Trusts,Real Estate
ONMD,OneMedNet Corp Class A Common Stock,$5.2094,-1.1206,-17.703%,86142,30884683.00,United Kingdom,2021,Biotechnology: Commercial Physical & Biological Resarch,Health Care
ONMDW,OneMedNet Corp Warrant,$0.0299,0.0004,1.356%,2489,177266.00,United Kingdom,2021,Biotechnology: Commercial Physical & Biological Resarch,Health Care
ONON,On Holding AG Class A Ordinary Shares,$29.55,-0.45,-1.50%,8455891,17831388119.00,,2021,Shoe Manufacturing,Consumer Discretionary
ONT,Onterris Inc. Common Stock,$14.11,-0.53,-3.62%,585088,495506853.00,United States,2020,Professional Services,Consumer Discretionary
ONTO,Onto Innovation Inc. Common Stock,$304.69,15.95,5.524%,652470,14952432318.00,United States,,Industrial Machinery/Components,Industrials
OOMA,Ooma Inc. Common Stock,$21.29,0.11,0.519%,269634,587604000.00,United States,2015,EDP Services,Technology
OPAD,Offerpad Solutions Inc. Class A Common Stock,$3.27,0.00,0.00%,17032,15803089.00,United States,,Real Estate,Finance
OPAL,OPAL Fuels Inc. Class A Common Stock,$1.77,-0.03,-1.667%,1623737,309201300.00,United States,2021,Natural Gas Distribution,Utilities
OPBK,OP Bancorp Common Stock,$15.19,-0.02,-0.131%,37016,226826422.00,United States,2018,Major Banks,Finance
OPCH,Option Care Health Inc. Common Stock,$22.81,-0.09,-0.393%,1757975,3416601393.00,United States,,Medical/Nursing Services,Health Care
OPEN,Opendoor Technologies Inc Common Stock,$2.37,-0.06,-2.469%,26906840,2301485789.00,United States,,Real Estate,Finance
OPENL,Opendoor Technologies Inc  Series A Warrants each whole warrant exercisable to purchase one share of Common Stock at an exercise price of $13.00 per warrant,$0.077,0.0019,2.53%,749718,74774011.00,United States,,Real Estate,Finance
OPENW,Opendoor Technologies Inc  Series K Warrants each whole warrant exercisable to purchase one share of Common Stock at an exercise price of $9.00 per warrant,$0.129,0.007,5.738%,288384,125270745.00,United States,,Real Estate,Finance
OPENZ,Opendoor Technologies Inc  Series Z Warrants each whole warrant exercisable to purchase one share of Common Stock at an exercise price of $17.00 per warrant,$0.0788,-0.0082,-9.425%,628324,76521975.00,United States,,Real Estate,Finance
OPFI,OppFi Inc. Class A Common Stock,$6.08,-0.04,-0.654%,602533,518066142.00,United States,2020,Finance: Consumer Services,Finance
OPHC,OptimumBank Holdings Inc. Common Stock,$8.92,0.07,0.791%,42440,112592432.00,United States,,Major Banks,Finance
OPI,Office Properties Income Trust Common shares of beneficial interest,$15.95,-0.60,-3.625%,65123,350159553.00,United States,,Real Estate,Finance
OPK,OPKO Health Inc. Common Stock,$1.62,-0.01,-0.613%,1727902,1209051725.00,United States,,Biotechnology: Pharmaceutical Preparations,Health Care
OPLN,OPENLANE Inc. Common Stock,$34.61,-0.07,-0.202%,870495,4224838028.00,United States,,Retail-Auto Dealers and Gas Stations,Consumer Discretionary
OPP,RiverNorth/DoubleLine Strategic Opportunity Fund Inc. Common Stock,$6.91,0.04,0.582%,105941,0.00,United States,2016,Finance/Investors Services,Finance
OPP^A,RiverNorth/DoubleLine Strategic Opportunity Fund Inc. 4.375% Series A Cumulative Preferred Stock,$15.0001,-0.0499,-0.332%,2025,,United States,,,
OPP^B,RiverNorth/DoubleLine Strategic Opportunity Fund Inc. 4.75% Series B Cumulative Preferred Stock,$16.18,-0.13,-0.797%,14645,,United States,,,
OPP^C,RiverNorth/DoubleLine Strategic Opportunity Fund Inc. 6.00% Series C Term Preferred Stock (Liquidation Preference $10.00 per share),$10.1301,0.00,0.00%,4,,United States,,,
OPRA,Opera Limited American Depositary Shares,$17.56,0.16,0.92%,238459,1578301808.00,Norway,2018,Computer Software: Prepackaged Software,Technology
OPRT,Oportun Financial Corporation Common Stock,$8.23,-0.05,-0.604%,830545,378475092.00,United States,2019,Finance: Consumer Services,Finance
OPRX,OptimizeRx Corporation Common Stock,$8.36,0.55,7.042%,211700,157468550.00,United States,,Business Services,Consumer Discretionary
OPTH,Optimi Health Corp. Common Shares,$4.78,-0.07,-1.443%,43186,27369644.00,Canada,,Biotechnology: Pharmaceutical Preparations,Health Care
OPTT,Ocean Power Technologies Inc. Common Stock,$1.36,-0.31,-18.563%,665150,12368056.00,United States,2007,Electric Utilities: Central,Utilities
OPTU,Optimum Communications Inc. Class A common stock,$1.02,0.01,0.99%,1706595,464696552.00,United States,2017,Cable & Other Pay Television Services,Telecommunications
OPTX,Syntec Optics Holdings Inc. Class A Common Stock,$7.41,0.32,4.513%,439250,298473896.00,United States,2022,Electronic Components,Technology
OPTXW,Syntec Optics Holdings Inc. Warrant,$1.83,0.09,5.172%,17918,73712177.00,United States,2022,Electronic Components,Technology
OPXS,Optex Systems Holdings Inc. Common Stock,$10.55,0.10,0.957%,5372,73426660.00,United States,,Electronic Components,Technology
OPY,Oppenheimer Holdings Inc. Class A Common Stock (DE),$118.70,-1.10,-0.918%,93838,1271040194.00,United States,,Investment Bankers/Brokers/Service,Finance
OR,OR Royalties Inc. Common Shares,$34.34,0.06,0.175%,562571,6438607970.00,Canada,2016,Precious Metals,Basic Materials
ORA,Ormat Technologies Inc. Common Stock,$91.27,0.91,1.007%,489243,5612825805.00,United States,2004,Electric Utilities: Central,Utilities
ORBS,Eightco Holdings Inc. Common Stock,$1.18,0.02,1.724%,15292358,507137332.00,United States,,Finance Companies,Finance
ORC,Orchid Island Capital Inc. Common Stock,$5.77,0.09,1.585%,6489718,1151711837.00,United States,2013,Real Estate Investment Trusts,Real Estate
ORCL,Oracle Corporation Common Stock,$137.79,5.19,3.914%,45709815,417710543321.00,United States,1986,Computer Software: Prepackaged Software,Technology
ORCL^D,Oracle Corporation Depositary Shares each representing a 1/2000th interest in a sh of 6.50% Series D Mandatory Convertible Preferred Stock,$44.02,1.34,3.14%,6204365,,United States,,,
ORGO,Organogenesis Holdings Inc. Class A Common Stock,$1.385,0.005,0.362%,469656,178214249.00,United States,2016,Biotechnology: Pharmaceutical Preparations,Health Care
ORI,Old Republic International Corporation Common Stock,$38.05,0.03,0.079%,1407205,9186522682.00,United States,,Property-Casualty Insurers,Finance
ORIC,Oric Pharmaceuticals Inc. Common Stock,$13.37,0.10,0.754%,977350,1385836011.00,United States,2020,Biotechnology: Pharmaceutical Preparations,Health Care
ORIO,Orion Digital Corp. Common Shares,$0.98,-0.04,-3.922%,303094,23305380.00,Canada,,Finance: Consumer Services,Finance
ORIQ,Origin Investment Corp I Ordinary Shares,$10.41,0.00,0.00%,7,0.00,Singapore,2025,,
ORKA,Oruka Therapeutics Inc. Common Stock,$82.15,-2.04,-2.423%,1363432,5439126773.00,United States,,Biotechnology: In Vitro & In Vivo Diagnostic Substances,Health Care
ORKT,Orangekloud Technology Inc. Class A Ordinary Shares,$1.02,0.02,2.00%,120331,5956565.00,Singapore,2024,Computer Software: Prepackaged Software,Technology
ORLY,O'Reilly Automotive Inc. Common Stock,$86.07,-0.44,-0.509%,3675703,69627255367.00,United States,1993,Auto & Home Supply Stores,Consumer Discretionary
ORMP,Oramed Pharmaceuticals Inc. Common Stock,$4.69,-0.06,-1.263%,170682,195091590.00,Israel,,Biotechnology: Pharmaceutical Preparations,Health Care
ORN,Orion Group Holdings Inc. Common,$8.41,0.06,0.719%,632747,340565389.00,United States,,Military/Government/Technical,Industrials
ORRF,Orrstown Financial Services Inc. Common Stock,$40.87,-0.61,-1.471%,73870,803897615.00,United States,,Major Banks,Finance
OSBC,Old Second Bancorp Inc. Common Stock,$24.65,-0.20,-0.805%,496032,1254086399.00,United States,,Major Banks,Finance
OSCR,Oscar Health Inc. Class A Common Stock,$29.77,0.12,0.405%,3796607,9188361650.00,United States,2021,Medical Specialities,Health Care
OSG,Octave Specialty Group Inc. Common Stock,$4.10,0.00,0.00%,298827,184711093.00,United States,,Property-Casualty Insurers,Finance
OSIS,OSI Systems Inc. Common Stock (DE),$192.30,-0.74,-0.383%,174382,3065640446.00,United States,1997,Semiconductors,Technology
OSK,Oshkosh Corporation (Holding Company)Common Stock,$131.68,-1.11,-0.836%,594457,8129890148.00,United States,,Auto Manufacturing,Industrials
OSPN,OneSpan Inc. Common Stock,$17.82,-0.06,-0.336%,563292,656705723.00,United States,,EDP Services,Technology
OSPR,Osprey Acquisition Corp. III Class A Ordinary Shares,$9.83,0.01,0.102%,1644,0.00,United States,2026,Blank Checks,Finance
OSS,One Stop Systems Inc. Common Stock,$8.65,-0.26,-2.918%,708063,215732125.00,United States,2018,Computer Manufacturing,Technology
OSTX,OS Therapies Incorporated Common Stock,$1.61,-0.04,-2.424%,549537,74817972.00,,2024,Biotechnology: Pharmaceutical Preparations,Health Care
OSUR,OraSure Technologies Inc. Common Stock,$3.82,-0.13,-3.291%,538120,263460155.00,United States,,Medical/Dental Instruments,Health Care
OSW,OneSpaWorld Holdings Limited Common Shares,$23.15,0.37,1.624%,784294,2349695183.00,Bahamas,,Hotels/Resorts,Consumer Discretionary
OTAI,Starlink AI Acquisition Corporation Ordinary Shares,$10.019,0.0275,0.275%,1853,0.00,,2026,,
OTEX,Open Text Corporation Common Shares,$22.31,0.09,0.405%,877602,5590947955.00,Canada,1996,EDP Services,Technology
OTF,Blue Owl Technology Finance Corp. Common Stock,$10.27,0.05,0.489%,1972076,4705563945.00,United States,2025,,
OTGA,OTG Acquisition Corp. I Class A Ordinary Share ,$10.26,0.00,0.00%,25327,0.00,United States,2025,Blank Checks,Finance
OTGAU,OTG Acquisition Corp. I Unit,$10.38,0.02,0.193%,2255,0.00,United States,2025,Blank Checks,Finance
OTGAW,OTG Acquisition Corp. I Warrants,$0.31,0.0099,3.299%,700,0.00,United States,2025,Blank Checks,Finance
OTIS,Otis Worldwide Corporation Common Stock ,$65.63,-0.70,-1.055%,5119314,24983328719.00,United States,2020,Consumer Electronics/Appliances,Technology
OTLK,Outlook Therapeutics Inc. Common Stock,$0.6257,0.0046,0.741%,4583163,152325135.00,United States,2016,Biotechnology: Biological Products (No Diagnostic Substances),Health Care
OTLY,Oatly Group AB American Depositary Shares,$11.37,-0.49,-4.132%,61234,362842373.00,Sweden,2021,Packaged Foods,Consumer Staples
OTTR,Otter Tail Corporation Common Stock,$89.15,0.64,0.723%,131031,3743014457.00,United States,,Electric Utilities: Central,Utilities
OUST,Ouster Inc. Common Stock,$40.00,-0.90,-2.20%,2695976,2884493320.00,United States,,Industrial Machinery/Components,Industrials
OUT,OUTFRONT Media Inc. Common Stock,$27.99,0.08,0.287%,1261224,4930025675.00,United States,2014,Real Estate Investment Trusts,Real Estate
OVBC,Ohio Valley Banc Corp. Common Stock,$44.53,-0.16,-0.358%,40578,209780875.00,United States,,Major Banks,Finance
OVID,Ovid Therapeutics Inc. Common Stock,$2.54,0.08,3.252%,1163605,496056557.00,United States,2017,Biotechnology: Pharmaceutical Preparations,Health Care
OVLY,Oak Valley Bancorp (CA) Common Stock,$33.90,-0.38,-1.109%,7472,285190801.00,United States,,Major Banks,Finance
OVV,Ovintiv Inc. (DE),$58.83,-0.70,-1.176%,2116874,16631241000.00,Canada,,Oil & Gas Production,Energy
OWL,Blue Owl Capital Inc. Class A Common Stock,$9.28,0.13,1.421%,12426688,14468375829.00,United States,2020,Investment Managers,Finance
OWLS,OBOOK Holdings Inc. Class A Common Shares,$5.49,-0.05,-0.903%,5438,207661506.00,Taiwan,,Computer Software: Prepackaged Software,Technology
OWLT,Owlet Inc. Class A Common Stock,$5.24,0.13,2.544%,94014,153121587.00,United States,2020,Industrial Machinery/Components,Industrials
OXBR,Oxbridge Re Holdings Limited Ordinary Shares,$1.27,-0.1945,-13.281%,24687,10335993.00,Cayman Islands,2014,Property-Casualty Insurers,Finance
OXBRW,Oxbridge Re Holdings Limited Warrant expiring 3/26/2029,$0.1105,-0.0491,-30.764%,261,899313.00,Cayman Islands,2014,Property-Casualty Insurers,Finance
OXLC,Oxford Lane Capital Corp. Common Stock,$9.01,0.10,1.122%,950425,1564136000.00,United States,2011,Investment Managers,Finance
OXLCG,Oxford Lane Capital Corp. 7.95% Notes due 2032,$24.81,-0.0201,-0.081%,11017,0.00,United States,,Investment Managers,Finance
OXLCI,Oxford Lane Capital Corp. 8.75% Notes due 2030,$25.2599,0.0099,0.039%,4035,0.00,United States,,,
OXLCL,Oxford Lane Capital Corp. 6.75% Notes due 2031,$23.9199,0.0349,0.146%,1703,4152494640.00,United States,,Finance Companies,Finance
OXLCM,Oxford Lane Capital Corp. Preferred Stock Shares 8.25% Series 2031,$25.00,-0.05,-0.20%,9915,4340000000.00,United States,,Investment Managers,Finance
OXLCN,Oxford Lane Capital Corp. 7.125% Series 2029 Term Preferred Stock,$24.465,-0.035,-0.143%,1278,4247124000.00,United States,,Investment Managers,Finance
OXLCO,Oxford Lane Capital Corp. Preferred Stock Shares 6.00% Series 2029,$23.67,0.065,0.275%,4002,4109112000.00,United States,,Investment Managers,Finance
OXLCZ,Oxford Lane Capital Corp. 5.00% Notes due 2027,$24.91,0.01,0.04%,2774,4324376000.00,United States,,Finance Companies,Finance
OXM,Oxford Industries Inc. Common Stock,$25.01,-0.84,-3.25%,644044,374606633.00,United States,,Garments and Clothing,Industrials
OXSQ,Oxford Square Capital Corp. Common Stock,$1.28,0.01,0.787%,1150497,137865952.00,United States,2003,Blank Checks,Finance
OXSQG,Oxford Square Capital Corp. 5.50% Notes due 2028,$24.395,0.095,0.391%,343,1555372995.00,United States,,Other Consumer Services,Consumer Discretionary
OXSQH,Oxford Square Capital Corp. 7.75% Notes due 2030,$24.9704,-0.0696,-0.278%,5429,0.00,United States,,Blank Checks,Finance
OXY,Occidental Petroleum Corporation Common Stock,$54.94,-1.16,-2.068%,7588766,54920077163.00,United States,,Oil & Gas Production,Energy
OYSE,Oyster Enterprises II Acquisition Corp Class A Ordinary Shares,$10.405,0.0075,0.072%,28829,0.00,United States,2025,Blank Checks,Finance
OYSER,Oyster Enterprises II Acquisition Corp Rights,$0.12,0.0279,30.293%,1020,0.00,United States,2025,Blank Checks,Finance
OZ,Belpointe PREP LLC Class A Units,$41.52,-0.48,-1.143%,46684,168308212.00,,,Real Estate,Finance
OZK,Bank OZK Common Stock,$46.20,-0.41,-0.88%,1196605,5226889298.00,United States,,Major Banks,Finance
OZKAP,Bank OZK 4.625% Series A Non-Cumulative Perpetual Preferred Stock,$14.82,-0.07,-0.47%,43960,1676677476.00,United States,,Major Banks,Finance
P,Everpure Inc. Class A common stock,$130.05,0.65,0.502%,4512980,43336203993.00,United States,2015,Electronic Components,Technology
PAA,Plains All American Pipeline L.P. Common Units representing Limited Partner Interests,$23.93,-0.60,-2.446%,1958827,16884205388.00,United States,1998,Natural Gas Distribution,Energy
PAAC,Proem Acquisition Corp I Ordinary Shares,$10.06,-0.01,-0.099%,285586,145538020.00,United States,2026,Investment Managers,Finance
PAACU,Proem Acquisition Corp I Units,$10.27,-0.365,-3.432%,500000,0.00,United States,2026,Blank Checks,Finance
PAACW,Proem Acquisition Corp I Warrants,$0.4699,-0.0301,-6.02%,149392,0.00,United States,2026,Investment Managers,Finance
PAAI,Paradium.AI Inc. Common Stock,$1.40,-0.04,-2.778%,548592,66654914.00,United States,2022,EDP Services,Technology
PAAS,Pan American Silver Corp. Common Stock,$46.14,0.37,0.808%,2826135,19130474520.00,Canada,,Precious Metals,Basic Materials
PAC,Grupo Aeroportuario Del Pacifico S.A. B. de C.V. Grupo Aeroportuario Del Pacifico S.A. de C.V. (each representing 10 Series B shares),$210.41,-3.41,-1.595%,161845,12519777946.00,Mexico,2006,Aerospace,Consumer Discretionary
PACB,Pacific Biosciences of California Inc. Common Stock,$1.83,0.12,7.018%,17423819,568820289.00,United States,2010,Biotechnology: Laboratory Analytical Instruments,Industrials
PACH,Pioneer Acquisition I Corp Class A Ordinary Shares,$10.36,0.03,0.29%,10388,0.00,United States,2025,,
PACK,Ranpak Holdings Corp Class A Common Stock,$4.37,0.02,0.46%,563911,374763723.00,United States,2018,Containers/Packaging,Consumer Discretionary
PACS,PACS Group Inc. Common Stock,$42.25,-0.81,-1.881%,1077644,6689679607.00,United States,2024,Hospital/Nursing Management,Health Care
PAG,Penske Automotive Group Inc. Common Stock,$201.78,-5.44,-2.625%,610091,13249454514.00,United States,,Retail-Auto Dealers and Gas Stations,Consumer Discretionary
PAGP,Plains GP Holdings L.P. Class A Units representing Limited Partner Interests,$26.13,-0.47,-1.767%,1994668,5171234760.00,United States,,Natural Gas Distribution,Energy
PAGS,PagSeguro Digital Ltd. Class A Common Shares,$8.80,-0.10,-1.124%,3720351,2557963839.00,Cayman Islands,2018,EDP Services,Technology
PAHC,Phibro Animal Health Corporation Class A Common Stock,$35.45,-0.25,-0.70%,170558,1439326826.00,United States,2014,Biotechnology: Pharmaceutical Preparations,Health Care
PAI,Western Asset Investment Grade Income Fund Inc.,$11.42,0.00,0.00%,17904,0.00,United States,,Trusts Except Educational Religious and Charitable,Finance
PAII,Pyrophyte Acquisition Corp. II Class A Ordinary Shares,$10.33,0.00,0.00%,7,0.00,,2025,,
PAL,Proficient Auto Logistics Inc. Common Stock,$3.60,0.07,1.983%,800860,100990523.00,United States,2024,Transportation Services,Consumer Discretionary
PALI,Palisade Bio Inc. Common Stock,$1.45,-0.05,-3.333%,2165033,252692309.00,United States,,Biotechnology: Biological Products (No Diagnostic Substances),Health Care
PALO,Paloma Acquisition Corp I Class A Ordinary Shares,$9.97,0.00,0.00%,18,0.00,United States,2026,Blank Checks,Finance
PAM,Pampa Energia S.A.,$76.84,0.29,0.379%,229374,4190916225.00,Argentina,,Electric Utilities: Central,Utilities
PAMT,PAMT CORP Common Stock,$12.02,-0.09,-0.743%,18649,251725929.00,United States,,Trucking Freight/Courier Services,Industrials
PANL,Pangaea Logistics Solutions Ltd. Common Shares,$8.03,0.02,0.25%,259657,525754389.00,United States,2013,Marine Transportation,Consumer Discretionary
PANW,Palo Alto Networks Inc. Common Stock,$388.41,-3.68,-0.939%,5104320,317719380000.00,United States,,Computer peripheral equipment,Technology
PAPL,Pineapple Financial Inc. Common Stock,$0.9899,0.0199,2.052%,243164,25015958.00,,,Finance: Consumer Services,Finance
PAR,PAR Technology Corporation Common Stock,$13.51,-0.13,-0.953%,1255405,558810185.00,United States,,Office Equipment/Supplies/Services,Miscellaneous
PARA,Banzai International Inc. Class A Common Stock,$0.6862,-0.0178,-2.528%,131981,,United States,2021,Broadcasting,Industrials
PARK,Park Dental Partners Inc. Common Stock,$20.50,0.73,3.692%,23486,97483281.00,United States,2025,Misc Health and Biotechnology Services,Health Care
PARR,Par Pacific Holdings Inc.  Common Stock,$78.31,0.34,0.436%,747653,3923301790.00,United States,,Oil & Gas Production,Energy
PASG,Passage Bio Inc. Common Stock,$4.63,-0.045,-0.963%,24755,14898460.00,United States,2020,Biotechnology: Biological Products (No Diagnostic Substances),Health Care
PASW,Ping An Biomedical Co. Ltd. Class A Ordinary Shares,$0.121,-0.004,-3.20%,286427,15070550.00,Hong Kong,1999,Apparel,Consumer Discretionary
PATH,UiPath Inc. Class A Common Stock,$12.32,0.13,1.066%,36366672,6420634639.00,United States,2021,Computer Software: Prepackaged Software,Technology
PATK,Patrick Industries Inc. Common Stock,$69.12,0.12,0.174%,453841,2220014408.00,United States,,Auto Parts:O.E.M.,Consumer Discretionary
PAVM,PAVmed Inc. Common Stock,$3.815,0.02,0.527%,4972,30504427.00,United States,2016,Medical/Dental Instruments,Health Care
PAVS,Paranovus Entertainment Technology Ltd. Class A Ordinary Shares,$3.99,-0.39,-8.904%,22997,3469856.00,China,2019,EDP Services,Technology
PAX,Patria Investments Limited Class A Common Shares,$10.06,0.00,0.00%,982360,1632604413.00,Cayman Islands,2021,Investment Managers,Finance
PAXS,PIMCO Access Income Fund Common Shares of Beneficial Interest,$13.19,0.08,0.61%,260678,0.00,United States,2022,Investment Managers,Finance
PAY,Paymentus Holdings Inc. Class A Common Stock,$30.00,0.08,0.267%,855161,3778189410.00,United States,2021,Business Services,Consumer Discretionary
PAYC,Paycom Software Inc. Common Stock,$218.58,-2.00,-0.907%,746093,9851754481.00,United States,2014,Computer Software: Prepackaged Software,Technology
PAYO,Payoneer Global Inc. Common Stock,$7.14,0.00,0.00%,1381148,2419394969.00,United States,,Business Services,Consumer Discretionary
PAYP,PayPay Corporation American Depository Shares,$15.84,-0.16,-1.00%,692489,10725947258.00,Japan,2026,Business Services,Consumer Discretionary
PAYS,Paysign Inc. Common Stock,$12.85,0.13,1.022%,399508,725538705.00,United States,,EDP Services,Technology
PAYX,Paychex Inc. Common Stock,$99.31,0.01,0.01%,4052625,35352420774.00,United States,1983,Diversified Commercial Services,Industrials
PB,Prosperity Bancshares Inc. Common Stock,$66.91,-0.41,-0.609%,912187,8041027748.00,United States,,Major Banks,Finance
PBA,Pembina Pipeline Corp. Ordinary Shares (Canada),$44.53,-0.52,-1.154%,854619,25896644150.00,Canada,,Oil & Gas Production,Energy
PBAM,Private Bancorp of America Inc. Common Stock,$85.15,-0.65,-0.758%,85482,487891448.00,United States,,Major Banks,Finance
PBF,PBF Energy Inc. Class A Common Stock,$75.23,0.84,1.129%,2567791,8917526323.00,United States,2012,Integrated oil Companies,Energy
PBFS,Pioneer Bancorp Inc. Common Stock,$17.85,0.13,0.734%,15368,443423685.00,United States,2019,Banks,Finance
PBH,Prestige Consumer Healthcare Inc. Common Stock,$46.74,-0.19,-0.405%,566716,2214285158.00,United States,2005,Biotechnology: Pharmaceutical Preparations,Health Care
PBHC,Pathfinder Bancorp Inc. Common Stock (MD),$17.2033,0.00,0.00%,181,84267957.00,United States,,Major Banks,Finance
PBI,Pitney Bowes Inc. Common Stock,$16.29,-0.09,-0.549%,1562091,2233199553.00,United States,,Office Equipment/Supplies/Services,Miscellaneous
PBI^B,Pitney Bowes Inc 6.70% Notes Due 2043,$20.71,-0.04,-0.193%,109847,,United States,,,
PBK,PowerBank Corporation Common Stock,$0.2602,-0.0047,-1.774%,475723,12410831.00,Canada,,Power Generation,Utilities
PBLS,Parabilis Medicines Inc. Common Stock,$31.91,-0.66,-2.026%,453949,3891489277.00,United States,2026,Biotechnology: Pharmaceutical Preparations,Health Care
PBM,Psyence Biomedical Ltd. Common Shares,$5.43,-0.235,-4.148%,27754,20711801.00,Canada,,Biotechnology: Pharmaceutical Preparations,Health Care
PBMWW,Psyence Biomedical Ltd. Warrant,$0.022,-0.0017,-7.173%,408222,83915.00,Canada,,Biotechnology: Pharmaceutical Preparations,Health Care
PBR,Petroleo Brasileiro S.A. Petrobras ADS,$20.65,0.00,0.00%,16850768,133076165768.00,Brazil,,Oil & Gas Production,Energy
PBT,Permian Basin Royalty Trust Common Stock,$32.22,-0.55,-1.678%,99345,1501735407.00,United States,,Oil & Gas Production,Energy
PBYI,Puma Biotechnology Inc Common Stock,$9.78,-0.04,-0.407%,220594,504844245.00,United States,,Biotechnology: Pharmaceutical Preparations,Health Care
PCAP,ProCap Acquisition Corp Class A Ordinary Shares,$10.38,-0.01,-0.096%,3039,0.00,United States,2025,Blank Checks,Finance
PCAPW,ProCap Acquisition Corp Warrant,$0.2999,0.00,0.00%,768,0.00,United States,2025,Blank Checks,Finance
PCAR,PACCAR Inc. Common Stock,$111.80,0.15,0.134%,2805675,58847601745.00,United States,,Auto Manufacturing,Industrials
PCB,PCB Bancorp Common Stock,$27.73,0.14,0.507%,72252,389456813.00,United States,2018,Major Banks,Finance
PCF,High Income Securities Fund Common Stock,$5.20,0.02,0.386%,165459,0.00,United States,,Trusts Except Educational Religious and Charitable,Finance
PCG,Pacific Gas & Electric Co. Common Stock,$12.18,0.23,1.925%,46270431,32643745841.00,United States,,Power Generation,Utilities
PCG^A,Pacific Gas & Electric Co. 6% Preferred Stock,$19.83,-0.37,-1.832%,11200,,United States,,,
PCG^B,Pacific Gas & Electric Co. 5 1/2% Preferred Stock,$18.5001,0.0001,0.001%,914,,United States,,,
PCG^C,Pacific Gas & Electric Co. 5% 1st Preferred Stock,$16.8764,0.00,0.00%,9,,United States,,,
PCG^D,Pacific Gas & Electric Co. 5% 1st  Red. Preferred Stock,$16.25,-0.15,-0.915%,10786,,United States,,,
PCG^E,Pacific Gas & Electric Co. 5% 1st A Preferred Stock,$16.6955,0.00,0.00%,1192,,United States,,,
PCG^G,Pacific Gas & Electric Co. 4.80% 1st Preferred Stock,$16.0902,-0.0198,-0.123%,847,,United States,,,
PCG^H,Pacific Gas & Electric Co. 4.50% 1st Preferred Stock,$15.51,0.00,0.00%,279,,United States,,,
PCG^I,Pacific Gas & Electric Co. 4.36% 1st Preferred Stock,$14.40,-0.775,-5.107%,2988,,United States,,,
PCG^X,PG&E Corp 6.000% Series A Mandatory Convertible Preferred Stock,$31.32,0.27,0.87%,16975,,United States,,,
PCLA,PicoCELA Inc. American Depositary Shares,$6.62,-0.49,-6.892%,42798,63643389.00,Japan,2025,Building Products,Consumer Discretionary
PCM,PCM Fund Inc. Common Stock,$4.98,0.06,1.22%,37196,0.00,United States,1993,Trusts Except Educational Religious and Charitable,Finance
PCN,Pimco Corporate & Income Strategy Fund Common Stock,$10.69,0.09,0.849%,417776,0.00,United States,2001,Investment Managers,Finance
PCOR,Procore Technologies Inc. Common Stock,$49.54,0.48,0.978%,3865341,7527867445.00,United States,2021,Computer Software: Prepackaged Software,Technology
PCQ,PIMCO California Municipal Income Fund Common Stock,$7.58,-0.10,-1.302%,383329,0.00,United States,2001,Investment Managers,Finance
PCRX,Pacira BioSciences Inc. Common Stock,$25.65,0.26,1.024%,643608,1022457376.00,United States,2011,Biotechnology: Pharmaceutical Preparations,Health Care
PCSA,Processa Pharmaceuticals Inc. Common Stock,$1.76,-0.08,-4.348%,9253,4916359.00,United States,,Biotechnology: Pharmaceutical Preparations,Health Care
PCT,PureCycle Technologies Inc. Common stock,$4.43,-0.23,-4.936%,6275463,890008308.00,United States,,Major Chemicals,Industrials
PCTTW,PureCycle Technologies Inc. Warrant,$0.76,0.00,0.00%,131,152687656.00,United States,,Major Chemicals,Industrials
PCTY,Paylocity Holding Corporation Common Stock,$142.19,-0.53,-0.371%,621992,7544169569.00,United States,2014,Computer Software: Prepackaged Software,Technology
PCVX,Vaxcyte Inc. Common Stock,$56.69,-1.58,-2.712%,1493572,8435771210.00,United States,2020,Biotechnology: Biological Products (No Diagnostic Substances),Health Care
PCYO,Pure Cycle Corporation Common Stock,$10.99,0.06,0.549%,114343,264830096.00,United States,,Water Supply,Utilities
PD,PagerDuty Inc. Common Stock,$14.95,0.47,3.246%,1664482,1175815601.00,United States,2019,Computer Software: Prepackaged Software,Technology
PDC,Perpetuals.com Ltd American Depositary Shares,$3.31,-0.04,-1.194%,7903,26857797.00,Japan,2023,EDP Services,Technology
PDCC,Pearl Diver Credit Company Inc. Common Stock,$8.7999,0.1284,1.481%,1036,0.00,,2024,,
PDD,PDD Holdings Inc. American Depositary Shares,$77.50,-0.99,-1.261%,4749838,110313225805.00,China,2018,Business Services,Consumer Discretionary
PDEX,Pro-Dex Inc. Common Stock,$70.02,-1.60,-2.234%,50955,224297447.00,United States,,Medical/Dental Instruments,Health Care
PDFS,PDF Solutions Inc. Common Stock,$49.77,0.02,0.04%,542340,2101648540.00,United States,2001,Computer Software: Prepackaged Software,Technology
PDI,PIMCO Dynamic Income Fund Common Stock,$14.05,0.15,1.079%,3423626,3415414500.00,United States,2012,Trusts Except Educational Religious and Charitable,Finance
PDLB,Ponce Financial Group Inc. Common Stock,$20.01,-0.20,-0.99%,121859,483999899.00,United States,2017,Savings Institutions,Finance
PDM,Piedmont Realty Trust Inc. Class A Common Stock,$8.92,-0.18,-1.978%,2165308,1116184799.00,United States,,Building operators,Real Estate
PDO,PIMCO Dynamic Income Opportunities Fund Common Shares of Beneficial Interest,$11.79,0.12,1.028%,874701,1712230692.00,United States,2021,Trusts Except Educational Religious and Charitable,Finance
PDPA,Pearl Diver Credit Company Inc. 8.00% Series A Preferred Stock Due 2029,$24.805,-0.147,-0.589%,2974,0.00,,,,
PDS,Precision Drilling Corporation Common Stock,$79.24,-1.17,-1.455%,92332,997431123.00,Canada,,Oil & Gas Production,Energy
PDSB,PDS Biotechnology Corporation Common Stock,$0.7429,-0.023,-3.003%,2706453,53841089.00,United States,2015,Biotechnology: Pharmaceutical Preparations,Health Care
PDT,John Hancock Premium Dividend Fund,$11.71,0.13,1.123%,126819,0.00,United States,,Finance Companies,Finance
PDX,PIMCO Dynamic Income Strategy Fund Common Shares of Beneficial Interest,$20.19,-0.07,-0.346%,65358,902634330.00,,2019,Finance/Investors Services,Finance
PDYN,Palladyne AI Corp. Common Stock,$5.22,-0.06,-1.136%,849569,257547022.00,United States,,Computer Software: Prepackaged Software,Technology
PEB,Pebblebrook Hotel Trust Common Shares of Beneficial Interest,$18.71,-0.02,-0.107%,1936265,2111287216.00,United States,2009,Real Estate Investment Trusts,Real Estate
PEB^E,Pebblebrook Hotel Trust 6.375% Series E Cumulative Redeemable Preferred Shares of Beneficial Interest,$19.4901,-0.1499,-0.763%,5529,,United States,,,
PEB^F,Pebblebrook Hotel Trust 6.3% Series F Cumulative Redeemable Preferred Shares of Beneficial Interest,$19.57,0.00,0.00%,4105,,United States,,,
PEB^G,Pebblebrook Hotel Trust 6.375% Series G Cumulative Redeemable Preferred Shares of Beneficial Interest,$19.825,0.115,0.583%,19466,,United States,,,
PEB^H,Pebblebrook Hotel Trust 5.700% Series H Cumulative Redeemable Preferred Shares of Beneficial Interest,$18.20,-0.05,-0.274%,3488,,United States,,,
PEBK,Peoples Bancorp of North Carolina Inc. Common Stock,$43.55,0.40,0.927%,13806,237847890.00,United States,,Major Banks,Finance
PEBO,Peoples Bancorp Inc. Common Stock,$38.87,-0.24,-0.614%,242306,1397077784.00,United States,,Major Banks,Finance
PECE,Peace Acquisition Corp Ordinary Shares,$10.01,0.005,0.05%,819,0.00,United States,2026,Blank Checks,Finance
PECER,Peace Acquisition Corp Right,$0.37,0.0099,2.749%,1662,0.00,United States,2026,Blank Checks,Finance
PECEU,Peace Acquisition Corp Units,$10.42,0.00,0.00%,1,0.00,United States,2026,Blank Checks,Finance
PECEW,Peace Acquisition Corp Warrant,$0.08,0.00,0.00%,1,0.00,United States,2026,Blank Checks,Finance
PECO,Phillips Edison & Company Inc. Common Stock,$37.65,0.06,0.16%,1254562,4845555000.00,United States,2021,Real Estate Investment Trusts,Real Estate
PED,Pedevco Corp. Common Stock,$12.98,-0.12,-0.916%,20928,172530329.00,United States,,Oil & Gas Production,Energy
PEG,Public Service Enterprise Group Incorporated Common Stock,$67.68,0.95,1.424%,3753075,33733067630.00,United States,,Power Generation,Utilities
PEGA,Pegasystems Inc. Common Stock,$32.97,-0.26,-0.782%,1410138,5420431037.00,United States,1996,EDP Services,Technology
PEN,Penumbra Inc. Common Stock,$318.86,-0.32,-0.10%,189875,12559711099.00,United States,2015,Medical/Dental Instruments,Health Care
PENG,Penguin Solutions Inc. Common Stock,$55.79,0.81,1.473%,1196499,2858830177.00,United States,2017,Semiconductors,Technology
PENN,PENN Entertainment Inc. Common Stock,$14.61,-0.63,-4.134%,5246246,1958712895.00,United States,1994,Hotels/Resorts,Consumer Discretionary
PEO,Adams Natural Resources Fund Inc. Common Stock,$27.35,-0.35,-1.264%,67540,0.00,United States,,Finance/Investors Services,Finance
PEP,PepsiCo Inc. Common Stock,$128.69,0.19,0.148%,8416646,175647894599.00,United States,,Beverages (Production/Distribution),Consumer Staples
PEPG,PepGen Inc. Common Stock,$2.34,-0.25,-9.653%,2358371,162067270.00,United States,2022,Biotechnology: Pharmaceutical Preparations,Health Care
PERF,Perfect Corp. Class A Ordinary Share,$1.89,-0.01,-0.526%,119164,192493988.00,Taiwan,2022,Computer Software: Prepackaged Software,Technology
PERI,Perion Network Ltd. Ordinary Shares,$8.60,0.16,1.896%,242081,338240743.00,Israel,2006,EDP Services,Technology
PESI,Perma-Fix Environmental Services Inc. Common Stock,$15.41,-0.23,-1.471%,408954,326974789.00,United States,,Environmental Services,Industrials
PETS,PetMed Express Inc. Common Stock,$1.40,-0.005,-0.356%,73682,30350480.00,United States,,Retail-Drug Stores and Proprietary Stores,Consumer Staples
PETZ,TDH Holdings Inc. Common Shares,$1.35,-0.04,-2.878%,22743,13936412.00,China,2017,Real Estate,Finance
PEW,GrabAGun Digital Holdings Inc. Common Stock,$2.09,-0.02,-0.948%,121013,61683085.00,,2025,Other Specialty Stores,Consumer Discretionary
PFAI,Pinnacle Food Group Limited Class A Common Shares,$2.77,0.00,0.00%,243,32510327.00,Canada,2025,Farming/Seeds/Milling,Consumer Staples
PFBC,Preferred Bank Common Stock,$106.25,-2.77,-2.541%,324326,1525400438.00,United States,,Major Banks,Finance
PFD,Flaherty & Crumrine Preferred and Income Fund Incorporated,$10.64,-0.03,-0.281%,53337,0.00,United States,1991,Investment Managers,Finance
PFE,Pfizer Inc. Common Stock,$28.72,0.00,0.00%,33309428,163694625476.00,United States,,Biotechnology: Pharmaceutical Preparations,Health Care
PFG,Principal Financial Group Inc Common Stock,$113.97,-0.67,-0.584%,1046656,24401505935.00,United States,2001,Accident &Health Insurance,Finance
PFGC,Performance Food Group Company Common Stock,$91.99,0.02,0.022%,1563390,14491463614.00,United States,2015,Food Distributors,Consumer Discretionary
PFH,Prudential Financial Inc. 4.125% Junior Subordinated Notes due 2060,$15.11,0.23,1.546%,94130,5394270000.00,United States,2020,Life Insurance,Finance
PFIS,Peoples Financial Services Corp. Common Stock,$68.76,-0.60,-0.865%,51133,688312835.00,United States,,Major Banks,Finance
PFL,PIMCO Income Strategy Fund Shares of Beneficial Interest,$6.88,0.05,0.732%,341989,0.00,United States,2003,Finance Companies,Finance
PFLA,PennantPark Floating Rate Capital Ltd. 7.375% Notes Due 2031,$24.99,0.12,0.483%,746,0.00,United States,2026,Finance: Consumer Services,Finance
PFLT,PennantPark Floating Rate Capital Ltd. Common Stock,$7.00,0.05,0.719%,509804,694525272.00,United States,2022,Finance: Consumer Services,Finance
PFN,PIMCO Income Strategy Fund II,$6.29,0.09,1.452%,592416,0.00,United States,2004,Finance/Investors Services,Finance
PFO,Flaherty & Crumrine Preferred and Income Opportunity Fund Incorporated,$8.60,0.04,0.467%,17168,0.00,United States,1992,Finance Companies,Finance
PFS,Provident Financial Services Inc Common Stock,$22.22,-0.31,-1.376%,796116,2897990572.00,United States,2003,Savings Institutions,Finance
PFSA,Profusa Inc. Common Stock,$2.27,0.58,34.32%,10946270,1374819.00,United States,,Medical/Dental Instruments,Health Care
PFSI,PennyMac Financial Services Inc. Common Stock,$63.61,-0.05,-0.079%,579514,3304639495.00,United States,2013,Finance: Consumer Services,Finance
PFX,PhenixFIN Corporation Common Stock,$46.09,1.42,3.179%,2898,89012373.00,United States,,Finance: Consumer Services,Finance
PFXNZ,PhenixFIN Corporation  5.25% Notes due 2028,$23.9149,-0.1251,-0.52%,127,47922327.00,United States,,Finance: Consumer Services,Finance
PG,Procter & Gamble Company (The) Common Stock,$148.32,-0.71,-0.476%,7672522,344759911459.00,United States,,Package Goods/Cosmetics,Consumer Discretionary
PGAC,Pantages Capital Acquisition Corporation Class A Ordinary Shares,$10.78,0.00,0.00%,18,0.00,United States,2025,,
PGC,Peapack-Gladstone Financial Corporation Common Stock,$43.71,-0.41,-0.929%,164234,774888782.00,United States,,Commercial Banks,Finance
PGEN,Precigen Inc. Common Stock,$8.05,0.24,3.073%,4138364,2882183738.00,United States,,Biotechnology: Pharmaceutical Preparations,Health Care
PGNY,Progyny Inc. Common Stock,$24.79,-0.73,-2.861%,1552074,1902057322.00,United States,2019,Misc Health and Biotechnology Services,Health Care
PGP,Pimco Global StocksPlus & Income Fund Common Shares of Beneficial Interest,$8.17,0.05,0.616%,29956,0.00,United States,2005,Finance Companies,Finance
PGR,Progressive Corporation (The) Common Stock,$210.52,1.05,0.501%,2778676,122390385020.00,United States,,Property-Casualty Insurers,Finance
PGY,Pagaya Technologies Ltd. Class A Ordinary Shares,$17.37,0.37,2.176%,2881090,1449106893.00,United States,,Finance: Consumer Services,Finance
PGYWW,Pagaya Technologies Ltd. Warrants,$0.0163,-0.0004,-2.395%,9291,1359841.00,United States,,Finance: Consumer Services,Finance
PGZ,Principal Real Estate Income Fund Common Shares of Beneficial Interest,$8.93,-0.02,-0.223%,13817,0.00,,2013,Investment Managers,Finance
PH,Parker-Hannifin Corporation Common Stock,$970.37,0.82,0.085%,391411,122375704144.00,United States,,Metal Fabrications,Industrials
PHAR,Pharming Group N.V. ADS each representing 10 ordinary shares,$10.01,-0.51,-4.848%,26276,706958552.00,Netherlands,,Biotechnology: Pharmaceutical Preparations,Health Care
PHAT,Phathom Pharmaceuticals Inc. Common Stock,$7.36,0.01,0.136%,657272,595430874.00,United States,2019,Biotechnology: Pharmaceutical Preparations,Health Care
PHG,Koninklijke Philips N.V. NY Registry Shares,$24.77,-0.34,-1.354%,816330,24346056174.00,Netherlands,,Medical Electronics,Health Care
PHI,PLDT Inc. Sponsored ADR,$16.95,-0.16,-0.935%,250443,3662145386.00,Philippines,,Telecommunications Equipment,Telecommunications
PHIN,PHINIA Inc. Common Stock,$60.42,-0.32,-0.527%,513138,2213673277.00,United States,2023,Auto Parts:O.E.M.,Consumer Discretionary
PHIO,Phio Pharmaceuticals Corp. Common Stock,$1.03,0.02,1.98%,82157,11965768.00,United States,,Biotechnology: Pharmaceutical Preparations,Health Care
PHK,Pimco High Income Fund,$4.12,0.05,1.229%,1884368,0.00,United States,2003,Finance/Investors Services,Finance
PHM,PulteGroup Inc. Common Stock,$118.50,-0.63,-0.529%,1276888,22213125990.00,United States,,Homebuilding,Consumer Discretionary
PHOE,Phoenix Asia Holdings Limited Ordinary Shares,$18.34,-0.61,-3.219%,2816,396144000.00,Hong Kong,2025,Engineering & Construction,Consumer Discretionary
PHOS,First Phosphate Corp. American Depositary Shares,$15.78,-0.37,-2.291%,16629,298470068.00,Canada,,Mining & Quarrying of Nonmetallic Minerals (No Fuels),Industrials
PHR,Phreesia Inc. Common Stock,$10.01,-0.09,-0.891%,570761,621330149.00,United States,2019,Business Services,Consumer Discretionary
PHUN,Phunware Inc. Common Stock,$1.98,-0.02,-1.00%,43113,40516097.00,Greece,2016,EDP Services,Technology
PHVS,Pharvaris N.V. Ordinary Shares,$31.73,-0.18,-0.564%,459555,2210516554.00,Netherlands,2021,Biotechnology: Pharmaceutical Preparations,Health Care
PHXE^,Phoenix Energy One LLC Series A Cumulative Redeemable Preferred Shares,$26.80,0.55,2.095%,12041,,,,,
PI,Impinj Inc. Common Stock,$176.45,-0.43,-0.243%,214592,5391326174.00,United States,2016,Industrial Machinery/Components,Technology
PICS,PicS N.V. Class A Common Shares,$8.19,-0.13,-1.563%,312102,1061321977.00,Brazil,2026,Finance: Consumer Services,Finance
PII,Polaris Inc. Common Stock,$52.54,0.24,0.459%,748136,2989711151.00,United States,,Industrial Specialties,Consumer Discretionary
PIII,P3 Health Partners Inc. Class A Common Stock,$6.54,-0.40,-5.764%,4844,47486822.00,United States,2021,Medical/Nursing Services,Health Care
PIIIW,P3 Health Partners Inc. Warrant,$0.0176,0.0113,179.365%,6037580,127793.00,United States,2021,Medical/Nursing Services,Health Care
PIM,Franklin Master Intermediate Income Trust Shares of Beneficial Interest,$3.01,0.00,0.00%,36146,151262716.00,United States,1988,Finance Companies,Finance
PINE,Alpine Income Property Trust Inc. Common Stock,$17.32,0.43,2.546%,264106,310641249.00,United States,2019,Real Estate Investment Trusts,Real Estate
PINE^A,Alpine Income Property Trust Inc. 8.00% Series A Cumulative Redeemable Preferred Stock,$24.9501,-0.3599,-1.422%,14084,,United States,,,
PINS,Pinterest Inc. Class A Common Stock,$18.54,0.13,0.706%,9565214,10499443521.00,United States,2019,Computer Software: Programming Data Processing,Technology
PIPR,Piper Sandler Companies Common Stock,$64.72,-6.97,-9.722%,2429450,4573781234.00,United States,2026,Investment Bankers/Brokers/Service,Finance
PJT,PJT Partners Inc. Class A Common Stock,$144.84,-4.30,-2.883%,412910,5940121448.00,United States,2015,Investment Managers,Finance
PK,Park Hotels & Resorts Inc. Common Stock ,$15.57,-0.15,-0.954%,3605669,3134837798.00,United States,2016,Hotels/Resorts,Consumer Discretionary
PKBK,Parke Bancorp Inc. Common Stock,$33.37,-0.28,-0.832%,36948,392480254.00,United States,,Major Banks,Finance
PKE,Park Aerospace Corp. Common Stock,$29.60,-0.18,-0.604%,179537,643835846.00,United States,,Military/Government/Technical,Industrials
PKG,Packaging Corporation of America Common Stock,$233.28,-1.24,-0.529%,626542,20784851191.00,United States,2000,Containers/Packaging,Consumer Discretionary
PKOH,Park-Ohio Holdings Corp. Common Stock,$47.16,-0.28,-0.59%,52504,683348872.00,United States,,Industrial Specialties,Industrials
PKX,POSCO HOLDINGS INC. American Depositary Shares (Each representing 1/4th of a share of Common Stock),$56.36,-1.48,-2.559%,217677,18245524699.00,South Korea,1994,Steel/Iron Ore,Industrials
PL,Planet Labs PBC Class A Common Stock,$16.38,-0.39,-2.326%,10405204,5959830060.00,United States,2021,Radio And Television Broadcasting And Communications Equipment,Technology
PLAB,Photronics Inc. Common Stock,$31.07,0.57,1.869%,713018,1833041979.00,United States,1987,Semiconductors,Technology
PLAG,Planet Green Holdings Corp. Common Stock,$0.715,-0.005,-0.694%,154953,10176391.00,China,,Packaged Foods,Consumer Staples
PLAY,Dave & Buster's Entertainment Inc. Common Stock,$6.49,0.08,1.248%,1395419,226050880.00,United States,2014,Restaurants,Consumer Discretionary
PLBC,Plumas Bancorp,$61.57,-0.77,-1.235%,31684,428466615.00,United States,,Finance Companies,Finance
PLBL,Polibeli Group Ltd Class A Ordinary Shares,$5.83,0.22,3.922%,176408,2136038950.00,Indonesia,,Consumer Electronics/Appliances,Consumer Discretionary
PLBY,Playboy Inc. Common Stock,$1.03,0.00,0.00%,361878,123401919.00,United States,2020,Other Specialty Stores,Consumer Discretionary
PLCE,Children's Place Inc. (The) Common Stock,$2.11,0.00,0.00%,139710,46920211.00,United States,1997,Clothing/Shoe/Accessory Stores,Consumer Discretionary
PLCI,Pelican Acquisition II Corporation Ordinary Shares,$9.8901,0.00,0.00%,75,0.00,United States,2026,Blank Checks,Finance
PLD,Prologis Inc. Common Stock,$132.61,0.17,0.128%,4146858,125724358360.00,United States,,Real Estate Investment Trusts,Real Estate
PLG,Platinum Group Metals Ltd. Ordinary Shares (Canada),$1.28,-0.01,-0.775%,1130420,163692943.00,Canada,,Precious Metals,Basic Materials
PLGO,Pelagos Insurance Capital Limited Common Shares,$23.87,-0.05,-0.209%,390854,2064281061.00,Bermuda,2023,Property-Casualty Insurers,Finance
PLMK,Plum Acquisition Corp. IV Class A Ordinary Shares,$10.72,0.00,0.00%,21,0.00,United States,2025,,
PLMKW,Plum Acquisition Corp. IV Warrants,$0.39,0.01,2.632%,11700,0.00,United States,2025,,
PLMR,Palomar Holdings Inc. Common stock,$123.14,0.10,0.081%,206661,3240759485.00,United States,2019,Property-Casualty Insurers,Finance
PLNT,Planet Fitness Inc. Common Stock,$40.74,0.24,0.593%,2462701,3064339154.00,United States,2015,Hotels/Resorts,Consumer Discretionary
PLOW,Douglas Dynamics Inc. Common Stock,$39.85,0.31,0.784%,313970,919620283.00,United States,2010,Construction/Ag Equipment/Trucks,Industrials
PLPC,Preformed Line Products Company Common Stock,$412.76,-3.61,-0.867%,82411,2017860225.00,United States,,Water Sewer Pipeline Comm & Power Line Construction,Industrials
PLRX,Pliant Therapeutics Inc. Common Stock,$1.08,0.00,0.00%,214505,66875649.00,United States,2020,Biotechnology: Pharmaceutical Preparations,Health Care
PLRZ,Polyrizon Ltd. Ordinary Shares,$10.49,0.13,1.255%,8758,25476056.00,Israel,2024,Medical/Dental Instruments,Health Care
PLSE,Pulse Biosciences Inc Common Stock (DE),$50.89,-1.43,-2.733%,517039,3629607470.00,United States,2016,Medical/Dental Instruments,Health Care
PLSM,Pulsenmore Ltd. Ordinary Shares,$2.19,-0.086,-3.779%,53404,14241228.00,Israel,,Medical/Dental Instruments,Health Care
PLTK,Playtika Holding Corp. Common Stock,$2.15,0.02,0.939%,801944,820049100.00,Israel,2021,EDP Services,Technology
PLTR,Palantir Technologies Inc. Class A Common Stock,$186.97,-0.51,-0.272%,14754317,449111939156.00,United States,,Computer Software: Prepackaged Software,Technology
PLUG,Plug Power Inc. Common Stock,$1.91,0.05,2.688%,52774059,2668642981.00,United States,1999,Industrial Machinery/Components,Energy
PLUN,Plutonian Acquisition Corp II Class A Ordinary Shares,$10.08,0.00,0.00%,65,0.00,,2026,,
PLUR,Pluri Inc. Common Stock,$1.009,0.039,4.021%,14582,12455839.00,Israel,,Biotechnology: Biological Products (No Diagnostic Substances),Health Care
PLUS,ePlus inc. Common Stock,$89.82,0.41,0.459%,186296,2343441345.00,United States,1996,Retail: Computer Software & Peripheral Equipment,Technology
PLUT,Plutus Financial Group Limited Ordinary Shares,$2.50,0.39,18.483%,12906,38375000.00,Hong Kong,2025,Investment Bankers/Brokers/Service,Finance
PLX,Protalix BioTherapeutics Inc. (DE) Common Stock,$2.69,0.00,0.00%,898562,216737717.00,Israel,,Biotechnology: Biological Products (No Diagnostic Substances),Health Care
PLXS,Plexus Corp. Common Stock,$266.13,1.17,0.442%,129179,7092923107.00,United States,,Electrical Products,Technology
PLYX,Polaryx Therapeutics Inc. Common Stock,$2.07,0.03,1.471%,31020,103181206.00,United States,,Biotechnology: Pharmaceutical Preparations,Health Care
PM,Philip Morris International Inc Common Stock,$193.90,0.14,0.072%,3602530,302215145822.00,United States,, Medicinal Chemicals and Botanical Products ,Health Care
PMA,PMA Graphene Technology Group Inc. Class A Ordinary Shares,$1.35,0.048,3.687%,6626,220016250.00,Hong Kong,2024,Engineering & Construction,Consumer Discretionary
PMAX,Powell Max Limited Class A Ordinary Shares,$0.882,-0.378,-30.00%,819669,1730453.00,Hong Kong,2024,Other Consumer Services,Consumer Discretionary
PMCB,PharmaCyte  Biotech Inc. Common Stock,$0.419,-0.0009,-0.214%,110851,4498237.00,United States,,Biotechnology: Biological Products (No Diagnostic Substances),Health Care
PMEC,Primech Holdings Ltd. Ordinary Shares,$0.51,-0.016,-3.042%,9865,19593173.00,Singapore,2023,Diversified Commercial Services,Consumer Discretionary
PMI,Picard Medical Inc. Common Stock,$4.45,-0.16,-3.471%,21909,10406921.00,,2025,Medical/Dental Instruments,Health Care
PML,Pimco Municipal Income Fund II Common Shares of Beneficial Interest,$6.46,-0.04,-0.615%,997702,0.00,United States,2002,Investment Managers,Finance
PMM,Franklin Managed Municipal Income Trust Shares of Beneficial Interest,$5.48,-0.03,-0.544%,331727,267088673.00,United States,1989,Investment Managers,Finance
PMN,ProMIS Neurosciences Inc. Common Shares (ON),$10.635,-0.015,-0.141%,16942,95371415.00,Canada,,Biotechnology: Pharmaceutical Preparations,Health Care
PMO,Franklin Municipal Opportunities Trust Shares of Beneficial Interest,$9.07,0.01,0.11%,372396,308212813.00,United States,1993,Finance Companies,Finance
PMT,PennyMac Mortgage Investment Trust Common Shares of Beneficial Interest,$8.00,-0.07,-0.867%,1881901,697618896.00,United States,2009,Real Estate Investment Trusts,Real Estate
PMT^A,PennyMac Mortgage Investment Trust 8.125% Series A Fixed-to-Floating Rate Cumulative Redeemable Preferred Shares of Beneficial Interest,$21.385,-0.125,-0.581%,6498,,United States,,,
PMT^B,PennyMac Mortgage Investment Trust 8.00% Series B Fixed-to-Floating Rate Cumulative Redeemable Preferred Shares of Beneficial Interest,$21.21,-0.11,-0.516%,20977,,United States,,,
PMT^C,PennyMac Mortgage Investment Trust 6.75% Series C Cumulative Redeemable Preferred Shares of Beneficial Interest,$16.80,0.01,0.06%,28184,,United States,,,
PMTR,Perimeter Acquisition Corp. I Class A Ordinary Shares,$10.455,0.035,0.336%,122,0.00,United States,2025,Blank Checks,Finance
PMTRU,Perimeter Acquisition Corp. I Unit,$11.00,0.00,0.00%,25,0.00,United States,2025,Blank Checks,Finance
PMTS,CPI Card Group Inc. Common Stock,$24.77,-0.02,-0.081%,121037,287133394.00,United States,,Publishing,Consumer Discretionary
PMTU,PennyMac Mortgage Investment Trust 8.50% Senior Notes due 2028,$25.26,0.11,0.437%,970,2202731664.00,United States,2023,Real Estate Investment Trusts,Real Estate
PMTV,PennyMac Mortgage Investment Trust 9.00% Senior Notes due 2030,$25.285,0.075,0.298%,20447,0.00,United States,2025,Real Estate Investment Trusts,Real Estate
PMTW,PennyMac Mortgage Investment Trust 9.00% Senior Notes due 2030,$25.1501,0.0793,0.316%,7891,0.00,United States,2025,Real Estate Investment Trusts,Real Estate
PMVP,PMV Pharmaceuticals Inc. Common Stock,$1.43,0.07,5.147%,550862,107987068.00,United States,2020,Biotechnology: Pharmaceutical Preparations,Health Care
PN,PN Smart Energy Limited Class A Ordinary Shares,$2.84,0.22,8.397%,991934,41901431.00,China,2025,Retail: Computer Software & Peripheral Equipment,Technology
PNAQ,Pinnacle Acquisition Corporation Class A Ordinary Shares,$9.85,0.025,0.254%,2887,0.00,,2026,,
PNBK,Patriot National Bancorp Inc. Common Stock,$0.9509,-0.0491,-4.91%,58990,112911958.00,United States,,Major Banks,Finance
PNC,PNC Financial Services Group Inc. (The) Common Stock,$221.65,-2.02,-0.903%,1922182,88425863791.00,United States,,Major Banks,Finance
PNFP,Pinnacle Financial Partners Inc. Common stock,$93.52,0.06,0.064%,1211692,14132054093.00,United States,,Major Banks,Finance
PNFP^A,Pinnacle Financial Partners Inc. Fixed-to-Floating Rate Non-Cumulative Perpetual Preferred Stock Series A,$25.27,0.0951,0.378%,13570,,United States,,,
PNFP^B,Pinnacle Financial Partners Inc. Fixed-to-Floating Rate Non-Cumulative Perpetual Preferred Stock Series B,$25.8964,0.1864,0.725%,12604,,United States,,,
PNFP^C,Pinnacle Financial Partners Inc. Fixed-to-Floating Rate Non-Cumulative Perpetual Preferred Stock Series C,$24.63,0.22,0.901%,61176,,United States,,,
PNI,Pimco New York Municipal Income Fund II Common Shares of Beneficial Interest,$6.11,-0.08,-1.292%,87934,0.00,United States,2002,Trusts Except Educational Religious and Charitable,Finance
PNNT,PennantPark Investment Corporation Common Stock,$3.34,0.05,1.52%,390161,218088954.00,United States,2022,Finance: Consumer Services,Finance
PNR,Pentair plc. Ordinary Share,$53.47,0.44,0.83%,2043938,8535841187.00,Switzerland,,Industrial Machinery/Components,Industrials
PNRG,PrimeEnergy Resources Corporation Common Stock,$199.54,-7.24,-3.501%,36095,315792004.00,United States,,Oil & Gas Production,Energy
PNTG,The Pennant Group Inc. Common Stock ,$40.50,-0.40,-0.978%,311354,1414627497.00,United States,,Medical/Nursing Services,Health Care
PNW,Pinnacle West Capital Corporation Common Stock,$93.40,2.08,2.278%,1888070,11319821656.00,United States,,Electric Utilities: Central,Utilities
POAS,Phaos Technology Holdings (Cayman) Limited Class A Ordinary Shares,$0.164,-0.002,-1.205%,41043,5177808.00,,2025,Industrial Machinery/Components,Industrials
POCI,Precision Optics Corporation Inc. Common stock,$4.27,-0.255,-5.635%,251229,46853822.00,United States,,Biotechnology: Electromedical & Electrotherapeutic Apparatus,Health Care
PODC,PodcastOne Inc. Common Stock,$2.05,-0.02,-0.966%,102129,62018027.00,United States,,Computer Software: Programming Data Processing,Technology
PODD,Insulet Corporation Common Stock,$132.84,-0.27,-0.203%,1366342,9213011795.00,United States,2007,Medical/Dental Instruments,Health Care
POET,POET Technologies Inc. Common Shares,$7.67,0.26,3.509%,6907648,1327355535.00,Canada,,Semiconductors,Technology
POLA,Polar Power Inc. Common Stock,$1.23,-0.03,-2.381%,1549659,5300462.00,United States,2016,Industrial Machinery/Components,Miscellaneous
POLE,Andretti Acquisition Corp. II Class A Ordinary Shares,$10.74,0.01,0.093%,825,0.00,United States,2024,,
POLEW,Andretti Acquisition Corp. II Warrant,$0.1099,-0.0002,-0.182%,1531,0.00,United States,2024,,
POM,POMDOCTOR LIMITED American Depositary Shares,$0.93,0.02,2.198%,7101,6933385.00,China,2025,Other Specialty Stores,Consumer Discretionary
PONO,Pono Capital Four Inc. Class A Ordinary Shares,$10.02,0.00,0.00%,65,0.00,Cayman Islands,2026,Blank Checks,Finance
PONOR,Pono Capital Four Inc. Rights,$0.24,0.01,4.348%,25464,0.00,Cayman Islands,2026,Blank Checks,Finance
PONY,Pony AI Inc. American Depositary Shares ,$6.54,-0.40,-5.764%,5017711,2835361757.00,China,2024,EDP Services,Technology
POOL,Pool Corporation Common Stock,$162.52,-0.79,-0.484%,614151,5906098202.00,United States,1995,Industrial Specialties,Consumer Discretionary
POR,Portland General Electric Co Common Stock,$44.49,0.31,0.702%,2413511,5232368353.00,United States,,Electric Utilities: Central,Utilities
POST,Post Holdings Inc. Common Stock,$73.43,-1.44,-1.923%,796104,3227748191.00,United States,2012,Packaged Foods,Consumer Staples
POWI,Power Integrations Inc. Common Stock,$51.08,-0.76,-1.466%,1073187,2854008062.00,United States,1997,Semiconductors,Technology
POWL,Powell Industries Inc. Common Stock,$188.46,1.23,0.657%,303034,6866081011.00,United States,,Electrical Products,Energy
POWW,Outdoor Holding Company Common Stock,$2.29,0.02,0.881%,364286,265779532.00,United States,,Ordnance And Accessories,Industrials
POWWP,Outdoor Holding Company 8.75% Series A Cumulative Redeemable Perpetual Preferred Stock,$23.9901,-0.1099,-0.456%,2153,2784313341.00,United States,,Ordnance And Accessories,Industrials
PPBT,Purple Biotech Ltd. American Depositary Shares,$1.52,0.03,2.013%,29457,2472838.00,Israel,2015,Biotechnology: Pharmaceutical Preparations,Health Care
PPC,Pilgrim's Pride Corporation Common Stock,$27.27,-0.84,-2.988%,1524084,6493219449.00,United States,,Meat/Poultry/Fish,Consumer Staples
PPCB,Propanc Biopharma Inc. Common Stock,$0.5123,-0.0211,-3.956%,145253,3243431.00,Australia,,Biotechnology: Pharmaceutical Preparations,Health Care
PPG,PPG Industries Inc. Common Stock,$106.02,-0.99,-0.925%,1894063,23568246000.00,United States,,Paints/Coatings,Consumer Discretionary
PPHC,Public Policy Holding Company Inc. Common Stock,$10.27,-0.96,-8.549%,140026,307024618.00,United States,2026,,
PPIH,Perma-Pipe International Holdings Inc. Common Stock,$31.21,-0.67,-2.102%,67387,255771537.00,United States,,Pollution Control Equipment,Industrials
PPL,PPL Corporation Common Stock,$32.58,0.47,1.464%,7090825,24517910920.00,United States,,Electric Utilities: Central,Utilities
PPLC,PPL Corporation Corporate Units,$44.59,0.45,1.019%,85739,33555974460.00,United States,,Electric Utilities: Central,Utilities
PPLI,People Incorporated Common Stock,$40.74,1.10,2.775%,1920672,3033660305.00,United States,,Computer Software: Programming Data Processing,Technology
PPSI,Pioneer Power Solutions Inc. Common Stock,$3.285,-0.015,-0.455%,56129,36461089.00,United States,,Industrial Machinery/Components,Miscellaneous
PPT,Franklin Premier Income Trust Shares of Beneficial Interest,$3.24,0.00,0.00%,93069,322471572.00,United States,1988,Finance Companies,Finance
PPTA,Perpetua Resources Corp. Common Shares,$21.53,-0.29,-1.329%,1230444,2693312639.00,Canada,,Precious Metals,Basic Materials
PR,Permian Resources Corporation Class A Common Stock,$21.20,-0.10,-0.469%,7911538,17756209015.00,United States,2022,Oil & Gas Production,Energy
PRAA,PRA Group Inc. Common Stock,$19.44,-0.61,-3.042%,635799,731877237.00,United States,2002,Finance Companies,Finance
PRAX,Praxis Precision Medicines Inc. Common Stock,$281.00,-4.65,-1.628%,349634,7845516628.00,United States,2020,Biotechnology: Pharmaceutical Preparations,Health Care
PRCH,Porch Group Inc. Common Stock,$16.57,-0.26,-1.545%,1953647,2184456969.00,United States,2020,Computer Software: Prepackaged Software,Technology
PRCT,PROCEPT BioRobotics Corporation Common Stock,$18.22,0.97,5.623%,2186964,1043526067.00,United States,2021,Medical/Dental Instruments,Health Care
PRDO,Perdoceo Education Corporation Common Stock,$30.11,0.10,0.333%,744826,1884195126.00,United States,,Other Consumer Services,Real Estate
PRE,Prenetics Global Limited Class A Ordinary Share,$22.84,0.08,0.351%,65903,386857525.00,Hong Kong,,Blank Checks,Finance
PRFX,PRF Technologies Ltd. Ordinary Shares,$0.945,-0.0267,-2.748%,11834,2874529.00,Israel,2020,Biotechnology: Pharmaceutical Preparations,Health Care
PRG,PROG Holdings Inc. Common Stock,$31.49,-0.45,-1.409%,392181,1254298123.00,United States,,Diversified Commercial Services,Consumer Discretionary
PRGO,Perrigo Company plc Ordinary Shares,$15.00,-0.10,-0.662%,2598672,2081538675.00,United States,,Biotechnology: Pharmaceutical Preparations,Health Care
PRGS,Progress Software Corporation Common Stock (DE),$39.44,0.03,0.076%,472330,1617550432.00,United States,1991,Computer Software: Prepackaged Software,Technology
PRH,Prudential Financial Inc. 5.950% Junior Subordinated Notes due 2062,$21.06,-0.165,-0.777%,65078,7413120000.00,United States,2022,Life Insurance,Finance
PRHI,Presurance Holdings Inc. Common Stock,$6.71,-0.01,-0.149%,12038,25136277.00,United States,2015,Property-Casualty Insurers,Finance
PRHIZ,Presurance Holdings Inc. 9.75% Senior Unsecured Notes due 2028,$22.54,-1.7049,-7.032%,717,275503738.00,United States,,Property-Casualty Insurers,Finance
PRI,Primerica Inc. Common Stock,$275.88,0.43,0.156%,158714,8490855318.00,United States,2010,Life Insurance,Finance
PRIF^D,Priority Income Fund Inc. 7.00% Series D Term Preferred Stock due 2029,$24.45,-0.11,-0.448%,149,,,,,
PRIF^K,Priority Income Fund Inc. 7.000% Series K Cumulative Preferred Stock,$19.88,-0.72,-3.495%,12000,,,,,
PRIF^L,Priority Income Fund Inc. 6.375% Series L Term Preferred Stock Due 2029,$25.02,0.04,0.16%,4286,,,,,
PRIM,Primoris Services Corporation Common Stock,$74.28,3.16,4.443%,1652027,3998665250.00,United States,,Water Sewer Pipeline Comm & Power Line Construction,Industrials
PRK,Park National Corporation Common Stock,$179.90,-1.60,-0.882%,67028,3249742564.00,United States,1994,Major Banks,Finance
PRKS,United Parks & Resorts Inc. Common Stock,$32.18,0.14,0.437%,544888,1459083324.00,United States,2013,Services-Misc. Amusement & Recreation,Consumer Discretionary
PRLB,Proto Labs Inc. Common stock,$95.46,-1.44,-1.486%,220008,2283584288.00,United States,2012,Metal Fabrications,Industrials
PRLD,Prelude Therapeutics Incorporated Common Stock,$3.96,0.05,1.279%,458503,316021801.00,United States,2020,Biotechnology: Pharmaceutical Preparations,Health Care
PRM,Perimeter Solutions SA Common Stock,$26.92,-0.96,-3.443%,1330990,4406451967.00,Luxembourg,,Major Chemicals,Industrials
PRMB,Primo Brands Corporation Class A Common Stock,$19.25,-0.24,-1.231%,3199925,6975315366.00,United States,2024,Beverages (Production/Distribution),Consumer Staples
PRME,Prime Medicine Inc. Common Stock,$3.09,0.215,7.478%,3605683,560454485.00,United States,2022,Biotechnology: Biological Products (No Diagnostic Substances),Health Care
PROF,Profound Medical Corp. Common Stock,$5.72,-0.20,-3.378%,77668,208966438.00,Canada,,Medical/Dental Instruments,Health Care
PROK,ProKidney Corp. Class A Ordinary Shares,$1.63,0.02,1.242%,1003299,492785928.00,United States,2021,Biotechnology: Biological Products (No Diagnostic Substances),Health Care
PROP,Prairie Operating Co. Common Stock,$0.421,0.0144,3.542%,725624,47487962.00,United States,,Oil & Gas Production,Energy
PROV,Provident Financial Holdings Inc. Common Stock,$18.305,0.035,0.192%,6231,114112601.00,United States,,Savings Institutions,Finance
PRPL,Purple Innovation Inc. Common Stock,$2.26,-0.17,-6.996%,43106,9838026.00,United States,2015,Home Furnishings,Consumer Discretionary
PRPO,Precipio Inc.  Common Stock,$23.58,-0.53,-2.198%,63087,42212633.00,United States,,Biotechnology: Laboratory Analytical Instruments,Industrials
PRQR,ProQR Therapeutics N.V. Ordinary Shares,$1.65,0.00,0.00%,382275,232850435.00,Netherlands,2014,Biotechnology: Pharmaceutical Preparations,Health Care
PRS,Prudential Financial Inc. 5.625% Junior Subordinated Notes due 2058,$19.94,-0.23,-1.14%,60435,7018880000.00,United States,2018,Life Insurance,Finance
PRSO,Peraso Inc. Common Stock,$0.4837,-0.011,-2.224%,89882,7286687.00,United States,,Semiconductors,Technology
PRSU,Pursuit Attractions and Hospitality Inc. Common Stock,$50.10,0.45,0.906%,205304,1365934166.00,United States,,Services-Misc. Amusement & Recreation,Consumer Discretionary
PRT,PermRock Royalty Trust Units of Beneficial Interest,$1.95,-0.02,-1.015%,26723,23723177.00,United States,2018,Oil & Gas Production,Energy
PRTA,Prothena Corporation plc Ordinary Shares,$8.78,0.06,0.688%,603041,450738632.00,United States,,Biotechnology: Pharmaceutical Preparations,Health Care
PRTH,Priority Technology Holdings Inc. Common Stock,$7.79,0.02,0.257%,1629745,642210498.00,United States,2016,Business Services,Consumer Discretionary
PRTS,CarParts.com Inc. Common Stock,$8.31,0.16,1.963%,39375,67023740.00,United States,2007,Auto & Home Supply Stores,Consumer Discretionary
PRU,Prudential Financial Inc. Common Stock,$115.06,-1.03,-0.887%,1457094,39695700000.00,United States,2001,Life Insurance,Finance
PRVA,Privia Health Group Inc. Common Stock,$19.62,-0.25,-1.258%,998696,2506145141.00,United States,2021,Medical/Nursing Services,Health Care
PRZO,ParaZero Technologies Ltd. Ordinary Shares,$0.6257,0.0447,7.694%,361637,16223508.00,Israel,2023,Military/Government/Technical,Industrials
PS,Pershing Square Inc. Common Stock,$53.56,-5.61,-9.481%,333932,21424000000.00,,2026,Investment Managers,Finance
PSA,Public Storage Common Stock,$285.58,0.79,0.277%,823772,50153883448.00,United States,,Real Estate Investment Trusts,Real Estate
PSA^F,Public Storage Depositary Shares Each Representing 1/1000 of a 5.15% Cumulative Preferred Share of Beneficial Interest Series F par value $0.01 per share,$17.79,-0.3058,-1.69%,98379,,United States,,,
PSA^G,Public Storage Depositary Shares Each Representing 1/1000 of a 5.05% Cumulative Preferred Share of Beneficial Interest Series G,$17.75,-0.01,-0.056%,49683,,United States,,,
PSA^H,Public Storage Depositary Shares Each Representing 1/1000 of a  5.60% Cumulative Preferred  Share of Beneficial Interest Series H,$19.65,-0.08,-0.405%,133044,,United States,,,
PSA^I,Public Storage Depositary Shares Each Representing 1/1000 of a 4.875% Cumulative Preferred Share of Beneficial Interest Series I par value $0.01 per share,$16.85,-0.27,-1.577%,26125,,United States,,,
PSA^J,Public Storage Depositary Shares Each Representing 1/1000 of a 4.700% Cumulative Preferred Share of Beneficial Interest Series J par value $0.01 per share,$16.55,-0.10,-0.601%,28959,,United States,,,
PSA^K,Public Storage Depositary Shares Each Representing 1/1000 of a 4.75% Cumulative Preferred Share of Beneficial Interest Series K,$16.45,-0.19,-1.142%,31347,,United States,,,
PSA^L,Public Storage Depositary Shares Each Representing 1/1000 of a 4.625% Cumulative Preferred Share of Beneficial Interest Series L par value $0.01 per share,$16.00,-0.16,-0.99%,77215,,United States,,,
PSA^M,Public Storage Depositary Shares Each Representing 1/1000 of a 4.125% Cumulative Preferred Share of Beneficial Interest Series M,$14.28,-0.22,-1.517%,37260,,United States,,,
PSA^N,Public Storage Depositary Shares Each Representing 1/1000 of a 3.875% Cumulative Preferred Share of Beneficial Interest Series N,$13.51,-0.10,-0.735%,29234,,United States,,,
PSA^O,Public Storage Depositary Shares Each Representing 1/1000 of a 3.900% Cumulative Preferred Share of Beneficial Interest Series O,$13.53,-0.12,-0.879%,35818,,United States,,,
PSA^P,Public Storage Depositary Shares Each Representing 1/1000 of a 4.000% Cumulative Preferred Share of Bene cial Interest Series P,$13.82,-0.16,-1.144%,66138,,United States,,,
PSA^Q,Public Storage Depositary Shares Each Representing 1/1000 of a 3.950% Cumulative Preferred Share of Beneficial Interest Series Q par value $0.01 per share,$13.66,-0.17,-1.229%,47159,,United States,,,
PSA^R,Public Storage Depositary Shares Each Representing 1/1000 of a 4.00% Cumulative Preferred Share of Bene cial Interest Series R,$13.83,-0.185,-1.32%,48398,,United States,,,
PSA^S,Public Storage Depositary Shares Each Representing 1/1000 of a 4.100% Cumulative Preferred Share of Beneficial Interest Series S,$14.39,-0.13,-0.895%,15866,,United States,,,
PSA^T,Public Storage 6.000% Cumulative Preferred Shares of beneficial interest Series T,$20.99,-0.29,-1.363%,44007,,United States,,,
PSA^U,Public Storage 6.000% Cumulative Preferred Shares of Beneficial Interest Series U,$21.815,0.145,0.669%,1849,,United States,,,
PSBD,Palmer Square Capital BDC Inc. Common Stock,$9.97,0.19,1.943%,185737,0.00,,2024,,
PSEC,Prospect Capital Corporation Common Stock,$2.12,-0.01,-0.469%,4697572,1131691720.00,United States,2004,Finance: Consumer Services,Finance
PSEC^A,Prospect Capital Corporation 5.35% Series A Fixed Rate Cumulative Perpetual Preferred Stock,$15.23,-0.295,-1.90%,7309,,United States,,,
PSF,Cohen & Steers Select Preferred and Income Fund Inc. Common Stock,$18.05,-0.02,-0.111%,131274,886952235.00,,2010,Investment Managers,Finance
PSFE,Paysafe Limited Common Shares,$5.87,-0.15,-2.492%,478331,306504821.00,United Kingdom,2021,Business Services,Consumer Discretionary
PSHG,Performance Shipping Inc. Common Shares,$1.755,0.00,0.00%,13850,21817209.00,Greece,,Marine Transportation,Consumer Discretionary
PSIG,PS International Group Ltd. Ordinary Shares,$4.60,0.02,0.437%,2815802,70751781.00,Hong Kong,,Integrated Freight & Logistics,Industrials
PSIX,Power Solutions International Inc. Common Stock,$47.10,1.56,3.426%,253309,1086382695.00,United States,,Industrial Machinery/Components,Industrials
PSKY,Paramount Skydance Corporation Class B Common Stock,$9.99,-0.29,-2.821%,19006373,11208238332.00,United States,,Broadcasting,Industrials
PSMT,PriceSmart Inc. Common Stock,$170.38,-2.59,-1.497%,197485,5258016079.00,United States,,Department/Specialty Retail Stores,Consumer Discretionary
PSN,Parsons Corporation Common Stock,$41.55,-0.05,-0.12%,984002,4437764121.00,United States,2019,EDP Services,Technology
PSNL,Personalis Inc. Common Stock,$16.35,0.03,0.184%,1037893,1746177907.00,United States,2019,Medical Specialities,Health Care
PSNY,Polestar Automotive Holding UK PLC Class A ADS,$6.65,0.01,0.151%,220459,1092462858.00,Sweden,,Auto Manufacturing,Industrials
PSNYW,Polestar Automotive Holding UK PLC Class C-1 ADS (ADW),$4.05,0.03,0.746%,6339,665334522.00,Sweden,,Auto Manufacturing,Industrials
PSO,Pearson Plc Common Stock,$15.96,0.02,0.125%,465521,9603449492.00,United Kingdom,,Books,Consumer Discretionary
PSQH,PSQ Holdings Inc. Class A Common Stock,$4.96,-0.04,-0.80%,13333,18486753.00,,2021,Advertising,Consumer Discretionary
PSQL,Pasqal Holding SA Ordinary Share,$6.14,-0.56,-8.358%,832569,1303483263.00,France,,EDP Services,Technology
PSQLW,Pasqal Holding SA Warrant,$1.12,-0.11,-8.943%,246836,237768934.00,France,,EDP Services,Technology
PSTL,Postal Realty Trust Inc. Class A Common Stock,$23.29,0.07,0.301%,197199,704496252.00,United States,2019,Real Estate Investment Trusts,Real Estate
PSUS,Pershing Square USA Ltd. Common Shares,$36.64,-0.26,-0.705%,343289,958136000.00,,2026,,
PSX,Phillips 66 Common Stock,$252.25,-1.30,-0.513%,2190121,100653026061.00,United States,,Integrated oil Companies,Energy
PTA,Cohen & Steers Tax-Advantaged Preferred Securities and Income Fund Common Shares of Beneficial Interest,$17.43,0.34,1.989%,306289,963416356.00,United States,2020,Trusts Except Educational Religious and Charitable,Finance
PTAC,Patriot Acquisition Corp. Class A Ordinary Shares,$9.96,0.00,0.00%,6,0.00,United States,2026,Blank Checks,Finance
PTACU,Patriot Acquisition Corp. Units,$10.05,0.00,0.00%,1,0.00,United States,2026,,
PTACW,Patriot Acquisition Corp. Warrants,$0.19,0.0098,5.438%,127,0.00,United States,2026,Blank Checks,Finance
PTC,PTC Inc. Common Stock,$137.56,-2.13,-1.525%,1318812,14926121263.00,United States,,Computer Software: Prepackaged Software,Technology
PTCT,PTC Therapeutics Inc. Common Stock,$64.96,-0.99,-1.501%,900450,5421613698.00,United States,2013,Biotechnology: Pharmaceutical Preparations,Health Care
PTEN,Patterson-UTI Energy Inc. Common Stock,$10.55,-0.30,-2.765%,8348852,4023610421.00,United States,1993,Oil & Gas Production,Energy
PTGX,Protagonist Therapeutics Inc. Common Stock,$140.97,-1.47,-1.032%,508087,9121926936.00,United States,2016,Biotechnology: Pharmaceutical Preparations,Health Care
PTHS,Pelthos Therapeutics Inc. Common Stock,$20.92,-0.33,-1.553%,9450,80091571.00,,2024,Biotechnology: Biological Products (No Diagnostic Substances),Health Care
PTLE,PTL LTD Class A Ordinary Shares,$7.25,0.51,7.567%,49920,45538135.00,Singapore,2024,Oil Refining/Marketing,Energy
PTLO,Portillo's Inc. Class A Common Stock,$3.55,0.03,0.852%,2148337,269598445.00,United States,2021,Restaurants,Consumer Discretionary
PTN,Palatin Technologies Inc. Common Stock,$9.12,-0.46,-4.802%,32887,16242164.00,United States,,Biotechnology: Pharmaceutical Preparations,Health Care
PTON,Peloton Interactive Inc. Class A Common Stock,$5.04,0.24,5.00%,13774915,2211913877.00,United States,2019,Recreational Games/Products/Toys,Consumer Discretionary
PTOR,Praetorian Acquisition Corp. Class A Ordinary Shares,$9.96,0.01,0.101%,6341,0.00,United States,2026,Blank Checks,Finance
PTORU,Praetorian Acquisition Corp. Units,$10.08,0.00,0.00%,299,0.00,United States,2026,,
PTRN,Pattern Group Inc. Series A Common Stock,$16.89,0.12,0.716%,1393271,2996270613.00,United States,2025,Catalog/Specialty Distribution,Consumer Discretionary
PTY,Pimco Corporate & Income Opportunity Fund,$10.88,0.11,1.021%,1525063,0.00,United States,2002,Investment Managers,Finance
PUBM,PubMatic Inc. Class A Common Stock,$18.80,0.39,2.118%,701818,856341147.00,United States,2020,Computer Software: Programming Data Processing,Technology
PUK,Prudential Public Limited Company Common Stock,$25.23,0.03,0.119%,1044549,31532399100.00,United Kingdom,,Life Insurance,Finance
PULM,Pulmatrix Inc. Common Stock,$1.557,-0.033,-2.075%,7409,5686608.00,United States,2014,Biotechnology: Pharmaceutical Preparations,Health Care
PUMP,ProPetro Holding Corp. Common Stock,$8.88,-0.42,-4.516%,3685240,1090676383.00,United States,2017,Oilfield Services/Equipment,Energy
PURR,Hyperliquid Strategies Inc Common Stock,$11.92,-0.16,-1.325%,14615528,2835997913.00,United States,,Finance: Consumer Services,Finance
PUSA,Aureus Greenway Holdings Inc. Common Stock,$3.61,-0.04,-1.096%,418614,99793331.00,United States,2025,Hotels/Resorts,Consumer Discretionary
PVH,PVH Corp. Common Stock,$75.74,0.01,0.013%,753447,3494479471.00,United States,,Garments and Clothing,Industrials
PVL,Permianville Royalty Trust Units of Beneficial Interest,$1.82,0.00,0.00%,51706,60060000.00,United States,2011,Oil & Gas Production,Energy
PVLA,Palvella Therapeutics Inc. Common Stock,$139.00,-0.83,-0.594%,215022,2002768573.00,United States,,Biotechnology: Pharmaceutical Preparations,Health Care
PW,Power REIT (MD) Common Stock,$7.05,0.15,2.174%,5409,2588196.00,United States,1998,Real Estate Investment Trusts,Real Estate
PW^A,Power REIT 7.75% Series A Cumulative Perpetual Preferred Stock,$8.05,-0.20,-2.424%,219,,United States,,,
PWCM,PowerCompute Inc. Common Stock,$0.9869,-0.0231,-2.287%,35119,2389751.00,United States,2015,Finance: Consumer Services,Finance
PWP,Perella Weinberg Partners Class A Common Stock,$16.37,1.73,11.817%,12441304,1592986407.00,United States,2020,Finance: Consumer Services,Finance
PWR,Quanta Services Inc. Common Stock,$651.79,7.43,1.153%,755302,96028076654.00,United States,,Engineering & Construction,Industrials
PWRL,Powerlaw Corp. Common Stock,$11.14,0.38,3.532%,339657,0.00,United States,,,
PXED,Phoenix Education Partners Inc. Common Stock,$25.38,-0.10,-0.392%,45418,914882403.00,,2025,Other Consumer Services,Real Estate
PXLW,Pixelworks Inc.  Common Stock,$6.95,-0.03,-0.43%,23095,42043281.00,United States,2000,Computer Software: Prepackaged Software,Technology
PXS,Pyxis Tankers Inc. Common Stock,$6.44,-0.08,-1.227%,75659,66171895.00,Greece,,Marine Transportation,Consumer Discretionary
PYPD,PolyPid Ltd. Ordinary Shares,$5.29,-0.02,-0.377%,66046,107449242.00,Israel,2020,Medical/Dental Instruments,Health Care
PYPL,PayPal Holdings Inc. Common Stock,$53.89,-0.39,-0.718%,8049426,46100786500.00,United States,,Diversified Commercial Services,Industrials
PYT,PPlus Tr GSC-2 Tr Ctf Fltg Rate,$23.77,0.00,0.00%,6,0.00,United States,,Finance: Consumer Services,Finance
PYXS,Pyxis Oncology Inc. Common Stock,$2.90,0.00,0.00%,335475,241883345.00,United States,2021,Biotechnology: Pharmaceutical Preparations,Health Care
PZG,Paramount Gold Nevada Corp. Common Stock,$1.24,-0.01,-0.80%,102018,106907072.00,United States,2015,Metal Mining,Basic Materials
PZZA,Papa John's International Inc. Common Stock,$20.33,0.24,1.195%,1006196,669297897.00,United States,1993,Restaurants,Consumer Discretionary
Q,Qnity Electronics Inc. Common Stock,$125.61,0.70,0.56%,718462,26278685086.00,United States,2025,Semiconductors,Technology
QADR,QDRO Acquisition Corp. Class A Ordinary Shares,$10.00,0.00,0.00%,9,0.00,United States,2026,Blank Checks,Finance
QBTS,D-Wave Quantum Inc. Common Stock,$16.43,-0.35,-2.086%,14376366,6237265498.00,United States,,EDP Services,Technology
QCLS,Q/C Technologies Inc. Common Stock,$0.8933,0.0604,7.252%,979164,7315982.00,United States,2014,Biotechnology: In Vitro & In Vivo Diagnostic Substances,Health Care
QCOM,QUALCOMM Incorporated Common Stock,$184.10,-3.38,-1.803%,10027344,193348064856.00,United States,1991,Radio And Television Broadcasting And Communications Equipment,Technology
QCRH,QCR Holdings Inc. Common Stock,$99.02,-0.96,-0.96%,88925,1621513298.00,United States,,Major Banks,Finance
QDEL,QuidelOrtho Corporation Common Stock,$10.595,-0.235,-2.17%,895496,726556649.00,United States,,Biotechnology: In Vitro & In Vivo Diagnostic Substances,Health Care
QETA,Quetta Acquisition Corporation Common Stock,$11.81,0.00,0.00%,3429,0.00,United States,2023,Blank Checks,Finance
QETAR,Quetta Acquisition Corporation Right,$0.4102,0.00,0.00%,4,0.00,United States,2023,Blank Checks,Finance
QETAU,Quetta Acquisition Corporation Unit,$11.51,0.00,0.00%,1,0.00,United States,2023,Blank Checks,Finance
QFIN,Qfin Holdings Inc. American Depositary Shares,$6.76,-0.29,-4.113%,2562847,823042736.00,China,2018,Finance: Consumer Services,Finance
QGEN,Qiagen N.V. Common Shares,$44.40,-0.61,-1.355%,4232011,9149719033.00,Netherlands,2026,Biotechnology: Biological Products (No Diagnostic Substances),Health Care
QH,Quhuo Limited Class A Ordinary Shares,$3.70,-0.18,-4.639%,8478,10178304.00,China,2020,Business Services,Consumer Discretionary
QLEP,Quantum Leap Acquisition Corp Class A Ordinary Shares,$10.04,-0.01,-0.10%,76806,0.00,,2026,,
QLYS,Qualys Inc. Common Stock,$178.35,4.52,2.60%,500296,6170018428.00,United States,2012,Computer Software: Prepackaged Software,Technology
QMCO,Quantum Corporation Common Stock,$32.86,1.46,4.65%,1968052,1295012633.00,United States,,Electronic Components,Technology
QMLS,QumulusAI Inc. Common Stock,$6.53,-0.63,-8.799%,2074501,218484103.00,United States,,EDP Services,Technology
QNBC,QNB Corp. Common Stock,$45.69,0.05,0.11%,31360,276360031.00,United States,,Major Banks,Finance
QNC,Quantum eMotion Corp. Common Shares,$1.75,-0.45,-20.455%,4203173,383984423.00,,2026,,
QNCX,Quince Therapeutics Inc. Common Stock,$31.17,2.17,7.483%,21810,31701854.00,United States,2019,Biotechnology: Biological Products (No Diagnostic Substances),Health Care
QNME,Quanome Technologies Inc. Common Stock,$0.5867,-0.0632,-9.725%,885357,20198649.00,United States,2024,Integrated Freight & Logistics,Industrials
QNRX,Quoin Pharmaceuticals Ltd. American Depositary Shares,$4.88,-0.38,-7.224%,64369,23444306.00,Israel,2016,Biotechnology: Pharmaceutical Preparations,Health Care
QNST,QuinStreet Inc. Common Stock,$14.44,0.23,1.619%,845736,826305780.00,United States,2010,Business Services,Consumer Discretionary
QNT,Quantinuum Inc. Class A Common Stock,$48.73,-0.38,-0.774%,1838809,12831005760.00,United States,2026,EDP Services,Technology
QNTM,Quantum Biopharma Ltd. Class B Subordinate Voting Shares,$3.82,-0.14,-3.535%,120226,30894330.00,Canada,,Biotechnology: Pharmaceutical Preparations,Health Care
QQQX,Nuveen NASDAQ 100 Dynamic Overwrite Fund Shares of Beneficial Interest,$30.14,-0.19,-0.626%,102213,0.00,United States,,Finance Companies,Finance
QRED,QuasarEdge Acquisition Corporation Ordinary Shares,$10.05,0.00,0.00%,13,0.00,,2026,Blank Checks,Finance
QRHC,Quest Resource Holding Corporation Common Stock,$1.35,-0.02,-1.46%,4538,28475356.00,United States,,Environmental Services,Utilities
QRVO,Qorvo Inc. Common Stock,$116.75,0.45,0.387%,751328,10299875653.00,United States,,Semiconductors,Technology
QS,QuantumScape Corporation Class A Common Stock,$4.59,0.03,0.658%,11675977,2841730997.00,United States,,Industrial Machinery/Components,Miscellaneous
QSEA,Quartzsea Acquisition Corporation Ordinary Shares,$10.69,0.03,0.281%,86824,0.00,United States,2025,Blank Checks,Finance
QSEAR,Quartzsea Acquisition Corporation Rights,$0.2408,0.0158,7.022%,180,0.00,United States,2025,Blank Checks,Finance
QSI,Quantum-Si Incorporated Class A Common Stock,$0.9581,0.1631,20.516%,23007226,209712676.00,United States,2020,Industrial Machinery/Components,Industrials
QSR,Restaurant Brands International Inc. Common Shares,$71.48,0.05,0.07%,1482821,32488295672.00,Canada,2014,Restaurants,Consumer Discretionary
QTEX,QTREX Quantum Ltd. Ordinary Shares,$0.6816,-0.0063,-0.916%,4837399,38145017.00,Israel,2021,Medical/Dental Instruments,Health Care
QTI,QT Imaging Holdings Inc. Common Stock,$2.58,0.13,5.306%,28087,37762232.00,United States,,Biotechnology: Electromedical & Electrotherapeutic Apparatus,Health Care
QTRX,Quanterix Corporation Common Stock,$3.67,0.15,4.261%,623464,173565549.00,United States,2017,Biotechnology: Laboratory Analytical Instruments,Industrials
QTTB,Q32 Bio Inc. Common Stock,$9.53,0.30,3.25%,918187,283703011.00,United States,2018,Biotechnology: Pharmaceutical Preparations,Health Care
QTWO,Q2 Holdings Inc. Common Stock,$55.12,0.02,0.036%,550789,3436990788.00,United States,2014,Computer Software: Prepackaged Software,Technology
QUAD,Quad Graphics Inc Class A Common Stock,$9.30,-0.11,-1.169%,278021,478590109.00,United States,,Publishing,Consumer Discretionary
QUBT,Quantum Computing Inc. Common Stock,$8.46,-0.11,-1.284%,4550024,1914894444.00,United States,,Computer Software: Prepackaged Software,Technology
QUCY,Quantum Cyber N.V. Ordinary Shares,$1.29,-0.07,-5.147%,232355,108447968.00,Germany,2021,Biotechnology: Pharmaceutical Preparations,Health Care
QUIK,QuickLogic Corporation Common Stock,$11.19,0.28,2.566%,186907,204975522.00,United States,1999,Semiconductors,Technology
QUMS,Quantumsphere Acquisition Corp. Ordinary Shares,$10.34,0.00,0.00%,22,0.00,United States,2025,,
QURE,uniQure N.V. Ordinary Shares,$24.51,-14.60,-37.331%,29815015,1700170758.00,Netherlands,2014,Biotechnology: Pharmaceutical Preparations,Health Care
QVCG,QVC Group Inc. Common Stock,$14.32,0.18,1.273%,194060,715998525.00,United States,,Catalog/Specialty Distribution,Consumer Discretionary
QXL,Quantum X Labs Inc. Common Stock,$4.58,-0.03,-0.651%,72983,98780643.00,Israel,,Computer Software: Prepackaged Software,Technology
QXO,QXO Inc. Common Stock,$11.62,-0.50,-4.125%,22363892,12055642039.00,United States,,RETAIL: Building Materials,Consumer Discretionary
QXO^B,QXO Inc.  Depositary Shares each representing a 1/20th interest in a share of 5.50% Series B Mandatory Convertible Preferred Stock,$42.00,-0.52,-1.223%,138602,,United States,,,
R,Ryder System Inc. Common Stock,$230.87,-3.06,-1.308%,310393,8853141415.00,United States,,Rental/Leasing Companies,Consumer Discretionary
RA,Brookfield Real Assets Income Fund Inc. Common Stock,$11.61,0.07,0.607%,253754,0.00,United States,2016,Investment Managers,Finance
RAC,Rithm Acquisition Corp. Class A Ordinary Shares,$10.56,0.01,0.095%,58402,0.00,,2025,,
RAC/WS,Rithm Acquisition Corp.,$0.433,-0.0169,-3.756%,4580,,,,,
RACC,Research Alliance Corporation III Class A Ordinary Shares,$10.88,0.17,1.587%,13153,0.00,United States,2026,Blank Checks,Finance
RACD,Research Alliance Corporation IV Class A Ordinary Shares,$12.00,-0.10,-0.826%,2446,0.00,United States,2026,,
RACE,Ferrari N.V. Common Shares,$402.05,4.05,1.018%,298218,94057399895.00,Italy,2015,Auto Manufacturing,Industrials
RADX,Radiopharm Theranostics Limited American Depositary Shares,$1.52,0.00,0.00%,43397,21976917.00,Australia,,Biotechnology: Pharmaceutical Preparations,Health Care
RAIL,FreightCar America Inc. Common Stock,$6.89,-0.21,-2.958%,152029,225931919.00,United States,2005,Railroads,Industrials
RAIN,Rain Enhancement Technologies Holdco Inc. Class A Common Stock,$0.791,-0.1173,-12.914%,195903,9257904.00,United States,,Industrial Machinery/Components,Technology
RAINW,Rain Enhancement Technologies Holdco Inc. Warrants,$0.186,-0.004,-2.105%,108,2176953.00,United States,,Industrial Machinery/Components,Technology
RAL,Ralliant Corporation Common Stock,$69.98,0.02,0.029%,687445,7742587760.00,United States,2025,Industrial Machinery/Components,Industrials
RAMP,LiveRamp Holdings Inc. Common Stock,$37.65,0.02,0.053%,1132472,2288931072.00,United States,2018,EDP Services,Technology
RAND,Rand Capital Corporation Common Stock,$9.78,-0.22,-2.20%,855,29044781.00,United States,,Finance: Consumer Services,Finance
RANG,Range Capital Acquisition Corp. Ordinary Shares,$10.86,0.00,0.00%,593,0.00,United States,2025,Blank Checks,Finance
RANGR,Range Capital Acquisition Corp. Rights,$0.2766,0.0024,0.875%,200,0.00,United States,2025,Blank Checks,Finance
RANI,Rani Therapeutics Holdings Inc. Class A Common Stock,$0.8003,0.0243,3.131%,405628,111558074.00,United States,2021,Biotechnology: Pharmaceutical Preparations,Health Care
RAPP,Rapport Therapeutics Inc. Common Stock,$33.02,-0.42,-1.256%,626190,1584243004.00,United States,2024,Biotechnology: Pharmaceutical Preparations,Health Care
RARE,Ultragenyx Pharmaceutical Inc. Common Stock,$15.32,0.91,6.315%,5884644,1510381534.00,United States,2014,Biotechnology: Pharmaceutical Preparations,Health Care
RAVE,Rave Restaurant Group Inc. Common Stock,$2.35,0.00,0.00%,44345,33397180.00,United States,,Food Distributors,Consumer Discretionary
RAYA,Erayak Power Solution Group Inc. Class A Ordinary Shares,$1.86,0.06,3.333%,2962,1961761.00,China,2022,Metal Fabrications,Consumer Discretionary
RBA,RB Global Inc. Common Stock,$81.39,0.62,0.768%,1096036,14775255979.00,Canada,,Business Services,Consumer Discretionary
RBB,RBB Bancorp Common Stock,$26.11,-0.22,-0.836%,84209,441675820.00,United States,2017,Major Banks,Finance
RBBN,Ribbon Communications Inc. Common Stock,$1.79,0.06,3.468%,588221,320093800.00,United States,,EDP Services,Technology
RBC,RBC Bearings Incorporated Common Stock,$501.94,-2.26,-0.448%,245270,15891041435.00,United States,2022,Metal Fabrications,Industrials
RBCAA,Republic Bancorp Inc. Class A Common Stock,$92.38,-1.07,-1.145%,75204,1813802869.00,United States,1998,Major Banks,Finance
RBKB,Rhinebeck Bancorp Inc. Common Stock,$12.80,0.11,0.867%,72017,200140365.00,United States,2019,Banks,Finance
RBLX,Roblox Corporation Class A Common Stock,$41.18,-0.68,-1.624%,18406331,29418001250.00,United States,2021,Computer Software: Prepackaged Software,Technology
RBNE,Robin Energy Ltd. Common Stock,$2.34,-0.0181,-0.768%,5131,3117575.00,Cyprus,,Marine Transportation,Consumer Discretionary
RBRK,Rubrik Inc. Class A Common Stock,$114.77,1.68,1.486%,2047253,23792329775.00,United States,2024,Computer Software: Prepackaged Software,Technology
RC,Ready Capital Corporation Common Stock,$1.24,-0.06,-4.615%,1669578,204836830.00,United States,2013,Real Estate Investment Trusts,Real Estate
RC^C,Ready Capital Corporation 6.25% Series C Cumulative Convertible Preferred Stock,$11.484,0.679,6.284%,2712,,United States,,,
RC^E,Ready Capital Corporation 6.50% Series E Cumulative Redeemable Preferred Stock,$11.8668,0.1518,1.296%,8740,,United States,,,
RCAT,Red Cat Holdings Inc. Common Stock,$6.45,-0.05,-0.769%,5376985,985007635.00,United States,,Computer Software: Prepackaged Software,Technology
RCBC,River City Bank Common stock,$51.58,1.00,1.977%,120137,732420732.00,United States,,Major Banks,Finance
RCD,Ready Capital Corporation 9.00% Senior Notes due 2029,$22.9401,-0.0989,-0.429%,8871,0.00,United States,2024,Real Estate Investment Trusts,Real Estate
RCEL,Avita Medical Inc. Common Stock,$11.96,0.29,2.485%,253629,369885090.00,United States,,Medical/Dental Instruments,Health Care
RCG,RENN Fund Inc Common Stock,$2.9802,-0.0498,-1.644%,5776,0.00,United States,,Investment Managers,Finance
RCI,Rogers Communication Inc. Common Stock,$30.87,-0.56,-1.782%,1176937,16676723462.00,Canada,,Cable & Other Pay Television Services,Telecommunications
RCKT,Rocket Pharmaceuticals Inc. Common Stock,$2.59,-0.02,-0.766%,1154495,284316206.00,United States,2015,Biotechnology: Pharmaceutical Preparations,Health Care
RCKY,Rocky Brands Inc. Common Stock,$45.44,0.41,0.911%,43302,340432436.00,United States,1993,Shoe Manufacturing,Consumer Discretionary
RCL,Royal Caribbean Cruises Ltd. Common Stock,$260.67,18.08,7.453%,4041222,69716734736.00,United States,1993,Marine Transportation,Consumer Discretionary
RCMT,RCM Technologies Inc. Common Stock,$41.20,0.53,1.303%,47149,292963271.00,United States,,Professional Services,Consumer Discretionary
RCON,Recon Technology Ltd. Class A Ordinary Shares,$1.23,-0.11,-8.209%,313491,25784766.00,China,2009,Oilfield Services/Equipment,Energy
RCS,PIMCO Strategic Income Fund Inc.,$4.98,0.05,1.014%,145192,0.00,United States,1994,Investment Managers,Finance
RCT,RedCloud Holdings plc Ordinary Shares,$0.1855,-0.0011,-0.589%,176479,12684604.00,United Kingdom,2025,Computer Software: Programming Data Processing,Technology
RCUS,Arcus Biosciences Inc. Common Stock,$25.65,0.64,2.559%,1252534,3266101094.00,United States,2018,Biotechnology: Pharmaceutical Preparations,Health Care
RDAC,Rising Dragon Acquisition Corp. Ordinary Shares,$5.22,-0.10,-1.88%,7492,0.00,China,2024,,
RDACR,Rising Dragon Acquisition Corp. Rights,$0.103,0.00,0.00%,20,0.00,China,2024,Blank Checks,Finance
RDAG,Republic Digital Acquisition Company Class A Ordinary Shares,$10.44,0.00,0.00%,251,0.00,United States,2025,Blank Checks,Finance
RDCM,Radcom Ltd. Ordinary Shares,$10.18,0.06,0.593%,40783,169908852.00,Israel,1997,Computer peripheral equipment,Technology
RDDT,Reddit Inc. Class A Common Stock,$145.36,2.28,1.594%,4988550,27966756694.00,United States,2024,EDP Services,Technology
RDGT,Ridgetech Inc. Ordinary Shares,$0.80,-0.0061,-0.757%,83198,2903632.00,China,,Retail-Drug Stores and Proprietary Stores,Consumer Staples
RDHL,Redhill Biopharma Ltd. American Depositary Shares,$0.4813,-0.0242,-4.787%,92598,2926747.00,Israel,,Biotechnology: Pharmaceutical Preparations,Health Care
RDI,Reading International Inc Class A Common Stock,$1.99,0.02,1.015%,31414,45551353.00,United States,,Movies/Entertainment,Consumer Discretionary
RDIB,Reading International Inc Class B Common Stock,$15.92,-0.41,-2.511%,30891,364410822.00,United States,,Movies/Entertainment,Consumer Discretionary
RDN,Radian Group Inc. Common Stock,$32.75,-0.25,-0.758%,1246028,4332868165.00,United States,,Property-Casualty Insurers,Finance
RDNT,RadNet Inc. Common Stock,$70.65,-1.16,-1.615%,501093,5559961207.00,United States,,Medical Specialities,Health Care
RDNW,RideNow Group Inc. Class B Common Stock,$6.23,0.03,0.484%,26798,243039078.00,United States,,EDP Services,Technology
RDVT,Red Violet Inc. Common Stock ,$79.32,0.71,0.903%,185022,1272846057.00,United States,,Computer Software: Prepackaged Software,Technology
RDW,Redwire Corporation Common Stock,$10.73,-0.47,-4.196%,13794270,2682420695.00,United States,2021,Military/Government/Technical,Industrials
RDWR,Radware Ltd. Ordinary Shares,$29.25,-0.21,-0.713%,360172,1237478873.00,Israel,1999,Business Services,Consumer Discretionary
RDY,Dr. Reddy's Laboratories Ltd Common Stock,$12.85,0.34,2.718%,4804370,10725342065.00,India,,Biotechnology: Pharmaceutical Preparations,Health Care
RDZN,Roadzen Inc. Ordinary Shares,$1.37,0.115,9.163%,303887,116676136.00,United States,2022,Specialty Insurers,Finance
RDZNW,Roadzen Inc. Warrants,$0.0954,0.0004,0.421%,550,8124747.00,United States,2022,Specialty Insurers,Finance
REA,Rare Earths Americas Inc. Common Stock,$10.04,-0.20,-1.953%,112271,205944305.00,,2026,Metal Mining,Basic Materials
REAL,The RealReal Inc. Common Stock,$8.79,-0.02,-0.227%,1931472,1069489101.00,United States,2019,Other Specialty Stores,Consumer Discretionary
REAX,Real REMAX Group Inc. Common Stock,$16.42,0.39,2.433%,467982,359926400.00,Canada,,Real Estate,Finance
REBN,Reborn Coffee Inc. Common Stock,$1.49,0.07,4.93%,480566,12843982.00,United States,2022,Restaurants,Consumer Discretionary
RECT,Rectitude Holdings Ltd Ordinary Shares,$1.29,-0.079,-5.771%,1970,19972748.00,Singapore,2024,Industrial Machinery/Components,Consumer Discretionary
REED,Reed's Inc. Common Stock,$0.632,0.006,0.958%,40522,7493678.00,,2025,Beverages (Production/Distribution),Consumer Staples
REF,Reformation Inc. Common Stock,$12.27,-0.08,-0.648%,640136,724903256.00,,2026,Apparel,Consumer Discretionary
REFI,Chicago Atlantic Real Estate Finance Inc. Common Stock,$10.70,0.04,0.375%,375618,274146262.00,United States,2021,Real Estate Investment Trusts,Real Estate
REFR,Research Frontiers Incorporated Common Stock,$0.6987,-0.0757,-9.775%,204404,24362122.00,United States,,Multi-Sector Companies,Miscellaneous
REG,Regency Centers Corporation Common Stock,$72.66,-0.67,-0.914%,1004155,13305538945.00,United States,1993,Real Estate Investment Trusts,Real Estate
REGCO,Regency Centers Corporation 5.875% Series B Cumulative Redeemable Preferred Stock,$20.15,-0.55,-2.657%,7922,3689879022.00,United States,,Real Estate Investment Trusts,Real Estate
REGCP,Regency Centers Corporation 6.25% Series A Cumulative Redeemable Preferred Stock,$21.655,-0.155,-0.711%,6352,3965475445.00,United States,,Real Estate Investment Trusts,Real Estate
REGN,Regeneron Pharmaceuticals Inc. Common Stock,$750.51,-1.74,-0.231%,804336,77268748044.00,United States,1991,Biotechnology: Pharmaceutical Preparations,Health Care
REI,Ring Energy Inc. Common Stock,$1.29,-0.02,-1.527%,3239325,336096093.00,United States,,Oil & Gas Production,Energy
REKR,Rekor Systems Inc. Common Stock,$0.382,-0.0079,-2.026%,1409938,52577141.00,United States,,Telecommunications Equipment,Telecommunications
RELL,Richardson Electronics Ltd. Common Stock,$17.30,0.19,1.11%,96783,257150971.00,United States,1983,Electronic Components,Technology
RELX,RELX PLC PLC American Depositary Shares (Each representing One Ordinary Share),$33.24,0.17,0.514%,1854947,58088909757.00,United Kingdom,2015,Business Services,Consumer Discretionary
RELY,Remitly Global Inc. Common Stock,$21.47,-0.42,-1.919%,3190535,4544856639.00,United States,2021,Business Services,Consumer Discretionary
RENT,Rent the Runway Inc. Class A Common Stock,$1.68,0.07,4.348%,145540,56740523.00,United States,2021,Other Specialty Stores,Consumer Discretionary
RENX,RenX Enterprises Corp. Common Stock,$2.27,-0.10,-4.219%,181312,6006894.00,United States,,Environmental Services,Utilities
REPL,Replimune Group Inc. Common Stock,$13.00,0.44,3.503%,4365389,1224855242.00,United States,2018,Biotechnology: Biological Products (No Diagnostic Substances),Health Care
REPX,Riley Exploration Permian Inc. Common Stock,$39.79,-0.33,-0.823%,217443,881499105.00,United States,1999,Oil & Gas Production,Energy
RERE,ATRenew Inc. American Depositary Shares (every three of which representing two Class A ordinary shares),$3.80,-0.05,-1.299%,477236,833206985.00,Cayman Islands,2021,Other Specialty Stores,Consumer Discretionary
RES,RPC Inc. Common Stock,$5.64,-0.09,-1.571%,1881011,1250145548.00,United States,,Oilfield Services/Equipment,Energy
RETO,ReTo Eco-Solutions Inc. Class A Shares,$0.091,-0.051,-35.915%,74330576,12730746.00,China,2017,Industrial Machinery/Components,Industrials
REVB,Revelation Biosciences Inc. Common Stock,$0.814,-0.0453,-5.272%,52973,3242501.00,United States,2020,Biotechnology: Pharmaceutical Preparations,Health Care
REVBW,Revelation Biosciences Inc. Warrant,$0.005,0.0005,11.111%,25495,19917.00,United States,2020,Biotechnology: Pharmaceutical Preparations,Health Care
REX,REX American Resources Corporation,$42.59,-0.02,-0.047%,242568,1412950508.00,United States,,Major Chemicals,Industrials
REXR,Rexford Industrial Realty Inc. Common Stock,$37.40,0.21,0.565%,2246429,8339755838.00,United States,2013,Real Estate Investment Trusts,Real Estate
REXR^B,Rexford Industrial Realty Inc. 5.875% Series B Cumulative Redeemable Preferred Stock,$20.64,-0.11,-0.53%,4207,,United States,,,
REXR^C,Rexford Industrial Realty Inc. 5.625% Series C Cumulative Redeemable Preferred Stock par value $0.01 per share,$19.30,-0.3576,-1.819%,14365,,United States,,,
REYN,Reynolds Consumer Products Inc. Common Stock,$22.07,-0.01,-0.045%,1184633,4652156973.00,United States,2020,Containers/Packaging,Consumer Discretionary
REZI,Resideo Technologies Inc. Common Stock ,$18.12,-0.10,-0.549%,1482526,2751474489.00,United States,2018,Wholesale Distributors,Industrials
RF,Regions Financial Corporation Common Stock,$26.89,-0.37,-1.357%,13370530,22908384416.00,United States,,Major Banks,Finance
RF^C,Regions Financial Corporation Depositary Shares each Representing a 1/40th Interest in a  Share of 5.700% Fixed-to-Floating Rate Non-Cumulative  Perpetual Preferred Stock Series C,$24.08,-0.01,-0.042%,35352,,United States,,,
RF^E,Regions Financial Corporation Depositary Shares Each Representing a 1/40th Interest in a Share of 4.45% Non-Cumulative Perpetual Preferred Stock Series E,$15.55,0.09,0.582%,53124,,United States,,,
RF^F,Regions Financial Corporation Depositary Shares Each Representing a 1/40th Interest in a Share of Non-Cumulative Perpetual Preferred Stock Series F,$24.97,-0.07,-0.28%,38698,,United States,,,
RFAI,RF Acquisition Corp II Ordinary Shares,$39.40,2.40,6.486%,11816,0.00,Singapore,2024,,
RFAIR,RF Acquisition Corp II Right,$0.153,0.00,0.00%,2355,0.00,Singapore,2024,Computer Software: Prepackaged Software,Technology
RFAIU,RF Acquisition Corp II Unit,$42.31,-2.17,-4.879%,21787,0.00,Singapore,2024,Computer Software: Prepackaged Software,Technology
RFAM,RF Acquisition Corp III Ordinary Shares,$9.9901,0.0001,0.001%,422,0.00,Singapore,2026,,
RFAMU,RF Acquisition Corp III Units,$10.185,0.1049,1.041%,467,0.00,Singapore,2026,Blank Checks,Finance
RFI,Cohen & Steers Total Return Realty Fund Inc. Common Stock,$10.58,0.10,0.954%,71031,519886684.00,United States,1993,Investment Managers,Finance
RFIL,RF Industries Ltd. Common Stock,$7.81,-0.11,-1.389%,643114,84721013.00,United States,,Electrical Products,Technology
RFL,Rafael Holdings Inc. Class B Common Stock,$2.03,0.01,0.495%,85291,105559992.00,United States,2018,Biotechnology: Pharmaceutical Preparations,Health Care
RFM,RiverNorth Flexible Municipal Income Fund Inc. Common Stock,$12.68,-0.06,-0.471%,37279,77534383.00,,2020,Finance/Investors Services,Finance
RFMZ,RiverNorth Flexible Municipal Income Fund II Inc. Common Stock,$11.44,0.00,0.00%,208322,278584089.00,,2021,Finance/Investors Services,Finance
RGA,Reinsurance Group of America Incorporated Common Stock,$252.94,-0.03,-0.012%,373057,16517403145.00,United States,,Life Insurance,Finance
RGC,Regencell Bioscience Holdings Limited Ordinary Shares,$6.20,0.00,0.00%,54593,3065831230.00,Hong Kong,2021, Medicinal Chemicals and Botanical Products ,Health Care
RGCO,RGC Resources Inc. Common Stock,$21.53,-0.07,-0.324%,7083,224333041.00,United States,,Oil & Gas Production,Utilities
RGEN,Repligen Corporation Common Stock,$194.57,0.48,0.247%,1139110,9519012902.00,United States,1986,Biotechnology: Biological Products (No Diagnostic Substances),Health Care
RGLD,Royal Gold Inc. Common Stock,$238.93,-1.39,-0.578%,527645,20244026873.00,United States,,Precious Metals,Industrials
RGNT,Regentis Biomaterials Ltd. Ordinary Shares,$1.85,-0.04,-2.116%,58801,12994254.00,Israel,2025,Industrial Specialties,Health Care
RGNX,REGENXBIO Inc. Common Stock,$7.45,-0.02,-0.268%,2096086,491798280.00,United States,2015,Biotechnology: Biological Products (No Diagnostic Substances),Health Care
RGP,Resources Connection Inc. Common Stock,$3.77,0.01,0.266%,349228,130823909.00,United States,,Business Services,Consumer Discretionary
RGR,Sturm Ruger & Company Inc. Common Stock,$42.18,0.14,0.333%,136174,673962838.00,United States,,Ordnance And Accessories,Industrials
RGS,Regis Corporation Common Stock,$28.45,0.40,1.426%,3037,71129467.00,United States,1991,Other Consumer Services,Consumer Discretionary
RGT,Royce Global Trust Inc. Common Stock,$14.29,0.03,0.21%,4596,89554615.00,,2013,Trusts Except Educational Religious and Charitable,Finance
RGTI,Rigetti Computing Inc. Common Stock,$15.74,-0.21,-1.317%,13143913,5253520078.00,United States,,EDP Services,Technology
RGTIW,Rigetti Computing Inc. Warrants,$6.08,-0.14,-2.251%,61345,2029313982.00,United States,,EDP Services,Technology
RH,RH Common Stock,$122.21,0.13,0.106%,554661,2313821361.00,United States,2012,Other Specialty Stores,Consumer Discretionary
RHI,Robert Half Inc. Common Stock,$36.88,0.12,0.326%,1273912,3775104217.00,United States,,Professional Services,Consumer Discretionary
RHLD,Resolute Holdings Management Common Stock ,$120.17,-4.05,-3.26%,92034,939680731.00,United States,,Finance: Consumer Services,Finance
RHP,Ryman Hospitality Properties Inc. (REIT),$122.08,-0.01,-0.008%,446140,8421487978.00,United States,,Real Estate Investment Trusts,Real Estate
RIBB,Ribbon Acquisition Corp Class A Ordinary Shares,$8.38,-0.14,-1.643%,4722,0.00,Japan,2025,,
RIBBU,Ribbon Acquisition Corp Unit,$10.11,-1.38,-12.01%,214,0.00,Japan,2025,,
RICK,RCI Hospitality Holdings Inc. Common Stock,$27.48,-0.09,-0.326%,22198,210070860.00,United States,1995,Restaurants,Consumer Discretionary
RIG,Transocean Ltd (Switzerland) Common Stock,$5.21,-0.07,-1.326%,40446014,5818945243.00,Switzerland,,Oil & Gas Production,Energy
RIGL,Rigel Pharmaceuticals Inc. Common Stock,$48.89,-0.47,-0.952%,182278,913258551.00,United States,2000,Biotechnology: Pharmaceutical Preparations,Health Care
RILY,BRC Group Holdings Inc. Common Stock,$4.92,-0.57,-10.383%,2038950,197782795.00,United States,,Investment Managers,Finance
RILYG,BRC Group Holdings Inc. 5.00% Senior Notes due 2026,$24.71,-0.01,-0.04%,37304,753582501.00,United States,,Investment Managers,Finance
RILYL,BRC Group Holdings Inc. Depositary Shares each representing 1/1000th in a share of 7.375% Series B Cumulative Perpetual Preferred Stock par value $0.0001,$10.45,-1.0718,-9.302%,13282,420087440.00,United States,,Investment Managers,Finance
RILYP,BRC Group Holdings Inc. Depositary Shares each representing a 1/1000th fractional interest in a share of Series A Cumulative Perpetual Preferred Stock,$9.96,-0.9211,-8.465%,35916,400389560.00,United States,,Investment Managers,Finance
RILYT,BRC Group Holdings Inc. 6.00% Senior Notes Due 2028,$21.68,1.18,5.756%,150131,661176391.00,United States,,Investment Managers,Finance
RILYZ,BRC Group Holdings Inc. 5.25% Senior Notes due 2028,$19.84,0.53,2.745%,75923,605061789.00,United States,,Investment Managers,Finance
RIME,Algorhythm Holdings Inc. Common Stock,$0.163,0.0031,1.939%,1617804,3433831.00,United States,,EDP Services,Technology
RIO,Rio Tinto Plc Common Stock,$94.16,-0.25,-0.265%,1380007,118268593069.00,Australia,2002,Metal Mining,Basic Materials
RIOT,Riot Platforms Inc. Common Stock ,$21.39,-0.23,-1.064%,11873440,8026788620.00,United States,,Finance: Consumer Services,Finance
RITM,Rithm Capital Corp. Common Stock,$9.12,0.04,0.441%,8033402,5092672123.00,United States,,Real Estate Investment Trusts,Real Estate
RITM^A,Rithm Capital Corp. 7.50% Series A Fixed-to-Floating Rate Cumulative Redeemable Preferred Stock,$25.50,0.05,0.196%,8186,,United States,,,
RITM^B,Rithm Capital Corp. 7.125% Series B Fixed-to-Floating Rate Cumulative Redeemable Preferred Stock,$25.37,0.02,0.079%,12388,,United States,,,
RITM^C,Rithm Capital Corp. 6.375% Series C Fixed-to-Floating Rate Cumulative Redeemable Preferred Stock,$24.37,0.07,0.288%,28828,,United States,,,
RITM^D,Rithm Capital Corp. 7.00% Fixed-Rate Reset Series D Cumulative Redeemable Preferred Stock,$25.25,-0.04,-0.158%,36891,,United States,,,
RITM^E,Rithm Capital Corp. 8.75% Series E Fixed-Rate Cumulative Redeemable Preferred Stock,$23.6434,0.1734,0.739%,43896,,United States,,,
RITM^F,Rithm Capital Corp. 8.750% Series F Fixed-Rate Reset Cumulative Redeemable Preferred Stock,$24.36,0.05,0.206%,26748,,United States,,,
RIV,RiverNorth Opportunities Fund Inc. Common Stock,$10.48,0.10,0.963%,79811,0.00,United States,2015,Finance Companies,Finance
RIV^A,RiverNorth Opportunities Fund Inc. 6.00% Series A Perpetual Preferred Stock,$20.90,-0.03,-0.143%,3249,,United States,,,
RIVN,Rivian Automotive Inc. Class A Common Stock,$14.97,0.18,1.217%,28889533,21674473631.00,United States,2021,Auto Manufacturing,Industrials
RJET,Republic Airways Holdings Inc. Common Stock,$18.15,-0.23,-1.251%,50836,849773925.00,United States,2018,Air Freight/Delivery Services,Consumer Discretionary
RJF,Raymond James Financial Inc. Common Stock,$159.85,-1.31,-0.813%,898450,30749019503.00,United States,,Investment Bankers/Brokers/Service,Finance
RKDA,Arcadia Biosciences Inc. Common Stock,$0.2807,-0.0273,-8.864%,999985,676266.00,United States,2015,Oil & Gas Production,Energy
RKLB,Rocket Lab Corporation Common Stock,$69.70,-2.49,-3.449%,19684787,43754853808.00,United States,2020,Military/Government/Technical,Industrials
RKT,Rocket Companies Inc. Class A Common Stock,$11.69,0.05,0.43%,35040583,33101899901.00,United States,2020,Finance: Consumer Services,Finance
RKTO,Rocket One Inc. Common Stock,$0.7315,-0.0068,-0.921%,115996,18212581.00,United States,2019,Biotechnology: Pharmaceutical Preparations,Health Care
RL,Ralph Lauren Corporation Common Stock,$355.92,-1.24,-0.347%,425602,21206510505.00,United States,1997,Garments and Clothing,Industrials
RLAY,Relay Therapeutics Inc. Common Stock,$18.36,0.67,3.787%,3589119,4023440345.00,United States,2020,Biotechnology: Biological Products (No Diagnostic Substances),Health Care
RLGT,Radiant Logistics Inc. Common Stock,$8.78,0.03,0.343%,135387,411731691.00,United States,,Integrated Freight & Logistics,Industrials
RLI,RLI Corp. Common Stock (DE),$56.48,0.50,0.893%,711854,5183337346.00,United States,,Property-Casualty Insurers,Finance
RLJ,RLJ Lodging Trust Common Shares of Beneficial Interest $0.01 par value,$11.06,-0.01,-0.09%,1444550,1685277144.00,United States,2011,Real Estate Investment Trusts,Real Estate
RLJ^A,RLJ Lodging Trust $1.95 Series A Cumulative Convertible  Preferred Shares,$24.50,-0.19,-0.77%,25302,,United States,,,
RLMD,Relmada Therapeutics Inc. Common Stock,$3.73,-0.06,-1.583%,863556,397878526.00,United States,,Biotechnology: Pharmaceutical Preparations,Health Care
RLTY,Cohen & Steers Real Estate Opportunities and Income Fund Common Shares of Beneficial Interest,$13.99,0.04,0.287%,122107,0.00,,2022,Investment Managers,Finance
RLX,RLX Technology Inc. American Depositary Shares each representing the right to receive one (1) Class A ordinary share,$1.70,0.00,0.00%,1275076,2077832759.00,Cayman Islands,2021, Medicinal Chemicals and Botanical Products ,Health Care
RLYB,Rallybio Corporation Common Stock,$17.22,0.17,0.997%,16690,91446793.00,United States,2021,Biotechnology: Pharmaceutical Preparations,Health Care
RM,Regional Management Corp. Common Stock,$30.57,0.14,0.46%,59098,282032523.00,United States,2012,Finance: Consumer Services,Finance
RMBI,Richmond Mutual Bancorporation Inc. Common Stock,$14.92,-0.19,-1.257%,48734,250044966.00,United States,2019,Major Banks,Finance
RMBS,Rambus Inc. Common Stock,$103.12,1.00,0.979%,1324141,11184560501.00,United States,1997,Semiconductors,Technology
RMCF,Rocky Mountain Chocolate Factory Inc. Common Stock,$0.812,-0.0405,-4.751%,35980,7664945.00,United States,,Specialty Foods,Consumer Staples
RMCO,Royalty Management Holding Corporation Class A Common Stock,$2.51,-0.05,-1.953%,6529,38083497.00,United States,2023,Multi-Sector Companies,Miscellaneous
RMD,ResMed Inc. Common Stock,$222.83,0.73,0.329%,949404,32143741346.00,United States,,Medical/Dental Instruments,Health Care
RMI,RiverNorth Opportunistic Municipal Income Fund Inc. Common Stock,$13.39,0.01,0.075%,22491,85338059.00,,2018,Finance/Investors Services,Finance
RMIX,Suncrete Inc. Class A Common Stock,$12.51,-0.10,-0.793%,558210,919307783.00,United States,,Building Materials,Industrials
RML,Resolution Minerals Ltd American Depositary Shares,$5.80,-0.06,-1.024%,10636,64949873.00,Australia,,,
RMM,RiverNorth Managed Duration Municipal Income Fund Inc. Common Stock,$12.33,-0.05,-0.404%,195363,243389613.00,,2019,Trusts Except Educational Religious and Charitable,Finance
RMMZ,RiverNorth Managed Duration Municipal Income Fund II Inc. Common Stock,$12.99,-0.03,-0.23%,42366,256417768.00,,2022,Investment Managers,Finance
RMNI,Rimini Street Inc. (DE) Common Stock,$4.16,-0.05,-1.188%,844168,388360960.00,United States,2015,Business Services,Consumer Discretionary
RMR,The RMR Group Inc. Class A Common Stock,$18.32,-0.19,-1.026%,95776,587709740.00,United States,,Professional Services,Consumer Discretionary
RMSG,Real Messenger Corporation Ordinary Shares,$0.2965,0.0016,0.543%,327032,4794011.00,United States,,Computer Software: Programming Data Processing,Technology
RMSGW,Real Messenger Corporation Warrants,$0.024,-0.0082,-25.466%,10219,388048.00,United States,,Computer Software: Programming Data Processing,Technology
RMT,Royce Micro-Cap Trust Inc. Common Stock,$13.29,-0.10,-0.747%,61318,614916432.00,United States,,Investment Managers,Finance
RMTI,Rockwell Medical Inc. Common Stock,$8.68,0.05,0.579%,12977,34984436.00,United States,1998,Biotechnology: Pharmaceutical Preparations,Health Care
RNA,Atrium Therapeutics Inc. Common Stock,$8.42,0.00,0.00%,158815,144029514.00,United States,,Biotechnology: Pharmaceutical Preparations,Health Care
RNAC,Cartesian Therapeutics Inc. Common Stock,$7.24,0.03,0.416%,158069,219048748.00,United States,2016,Biotechnology: Pharmaceutical Preparations,Health Care
RNAQ,Rainier Acquisition Corporation Class A Ordinary Shares,$10.05,-0.04,-0.396%,543,0.00,United States,2026,Blank Checks,Finance
RNAQU,Rainier Acquisition Corporation Units,$10.20,0.021,0.206%,1337,0.00,United States,2026,Blank Checks,Finance
RNAZ,TransCode Therapeutics Inc. Common Stock,$1.63,-0.08,-4.678%,11012,27597105.00,United States,2021,Biotechnology: Pharmaceutical Preparations,Health Care
RNG,RingCentral Inc. Class A Common Stock,$74.43,-1.70,-2.233%,1519077,6215363638.00,United States,2013,EDP Services,Technology
RNGR,Ranger Energy Services Inc. Class A Common Stock,$15.04,-0.22,-1.442%,165486,351966426.00,United States,2017,Oilfield Services/Equipment,Energy
RNGT,Range Capital Acquisition Corp II Class A Ordinary Shares,$10.18,0.01,0.098%,655,0.00,United States,2025,Blank Checks,Finance
RNGTW,Range Capital Acquisition Corp II Warrants,$0.2986,-0.0114,-3.677%,881,0.00,United States,2025,Blank Checks,Finance
RNP,Cohen & Steers REIT and Preferred and Income Fund Inc. Common Shares,$18.86,0.11,0.587%,129760,926754524.00,United States,2003,Investment Managers,Finance
RNR,RenaissanceRe Holdings Ltd. Common Stock,$324.53,-0.37,-0.114%,261123,13484835835.00,Bermuda,,Property-Casualty Insurers,Finance
RNR^F,RenaissanceRe Holdings Ltd. Depositary Shares each Representing a 1/1000th Interest in a 5.750% Series F Preference Share,$19.81,0.13,0.661%,34842,,Bermuda,,,
RNR^G,RenaissanceRe Holdings Ltd. Depositary Shares each representing a 1/1000th interest in a share of 4.20% Series G Preference Shares,$14.12,-0.11,-0.773%,31501,,Bermuda,,,
RNST,Renasant Corporation Common Stock,$39.34,-0.52,-1.305%,737859,3595851653.00,United States,2023,Major Banks,Finance
RNTX,Rein Therapeutics Inc. Common Stock,$0.79,0.069,9.57%,388483,68150955.00,United States,2017,Biotechnology: Pharmaceutical Preparations,Health Care
RNW,ReNew Energy Global plc Class A Ordinary Shares,$6.85,0.01,0.146%,757068,2496158413.00,United Kingdom,,Electric Utilities: Central,Utilities
RNXT,RenovoRx Inc. Common Stock,$1.57,0.02,1.29%,370928,70853328.00,United States,2021,Biotechnology: Pharmaceutical Preparations,Health Care
ROAD,Construction Partners Inc. Class A Common Stock,$91.90,0.43,0.47%,887432,5272721605.00,United States,2018,Military/Government/Technical,Industrials
ROC,Rank One Computing Corporation Common stock,$3.91,-0.31,-7.346%,66325,74603297.00,United States,2026,Computer Software: Prepackaged Software,Technology
ROCK,Gibraltar Industries Inc. Common Stock,$40.01,-0.54,-1.332%,270060,1187652399.00,United States,1993,Steel/Iron Ore,Industrials
ROG,Rogers Corporation Common Stock,$138.17,1.53,1.12%,247958,2468867847.00,United States,1960,Major Chemicals,Industrials
ROIV,Roivant Sciences Ltd. Common Shares,$36.50,-0.48,-1.298%,6588018,26364790048.00,United Kingdom,,Biotechnology: Pharmaceutical Preparations,Health Care
ROK,Rockwell Automation Inc. Common Stock,$431.53,0.31,0.072%,356763,48018048938.00,United States,,Industrial Machinery/Components,Industrials
ROKU,Roku Inc. Class A Common Stock,$152.14,-0.53,-0.347%,1136952,22580461944.00,United States,2017,Cable & Other Pay Television Services,Telecommunications
ROL,Rollins Inc. Common Stock,$30.50,-0.09,-0.294%,12165209,14674934822.00,United States,,Diversified Commercial Services,Consumer Discretionary
ROLR,High Roller Technologies Inc. Common Stock,$5.50,-0.10,-1.786%,52109,60661222.00,,2024,Services-Misc. Amusement & Recreation,Consumer Discretionary
ROMA,Roma Green Finance Limited Class A Ordinary Shares,$9.03,0.51,5.986%,1592,537868076.00,Hong Kong,2024,Professional Services,Consumer Discretionary
ROOT,Root Inc. Class A Common Stock,$46.02,-0.71,-1.519%,236192,712999457.00,United States,2020,Property-Casualty Insurers,Finance
ROP,Roper Technologies Inc. Common Stock,$349.45,-4.55,-1.285%,609209,34560910419.00,United States,1992,Industrial Machinery/Components,Industrials
ROST,Ross Stores Inc. Common Stock,$234.40,-2.69,-1.135%,1485901,74879808984.00,United States,1985,Clothing/Shoe/Accessory Stores,Consumer Discretionary
RPAY,Repay Holdings Corporation Class A Common Stock,$3.72,-0.03,-0.80%,718831,334281607.00,United States,2018,Business Services,Consumer Discretionary
RPC,Ridgepost Capital Inc. Class A Common Stock,$7.35,0.02,0.273%,395876,810252534.00,United States,2021,Investment Managers,Finance
RPD,Rapid7 Inc. Common Stock,$11.705,-0.095,-0.805%,1028262,788924491.00,United States,2015,Computer Software: Prepackaged Software,Technology
RPGL,Republic Power Group Limited Class A Ordinary Shares,$12.9758,0.7058,5.752%,4871,13095735.00,Singapore,2025,Computer Software: Prepackaged Software,Technology
RPID,Rapid Micro Biosystems Inc. Class A Common Stock,$1.08,-0.015,-1.37%,334275,54172320.00,United States,2021,Biotechnology: Laboratory Analytical Instruments,Industrials
RPM,RPM International Inc. Common Stock,$99.97,-0.23,-0.23%,707717,12770308958.00,United States,,Paints/Coatings,Consumer Discretionary
RPRX,Royalty Pharma plc Class A Ordinary Shares ,$58.22,-0.15,-0.257%,2885396,33476570097.00,United States,2020,Biotechnology: Pharmaceutical Preparations,Health Care
RPT,Rithm Property Trust Inc. Common stock,$10.75,-0.03,-0.278%,15707,83555063.00,United States,2015,Real Estate Investment Trusts,Real Estate
RPT^C,Rithm Property Trust Inc. 9.875% Series C Fixed-to-Floating Rate Cumulative Redeemable Preferred Stock,$24.75,-0.15,-0.602%,4403,,United States,,,
RQI,Cohen & Steers Quality Income Realty Fund Inc Common Shares,$11.07,0.07,0.636%,753188,1486705517.00,United States,2002,Trusts Except Educational Religious and Charitable,Finance
RR,Richtech Robotics Inc. Class B Common Stock,$1.59,0.02,1.274%,4332912,357912089.00,United States,2023,Industrial Machinery/Components,Industrials
RRBI,Red River Bancshares Inc. Common Stock,$99.86,0.09,0.09%,83684,657488825.00,United States,2019,Major Banks,Finance
RRC,Range Resources Corporation Common Stock,$36.88,-0.98,-2.588%,2939696,8618100513.00,United States,,Oil & Gas Production,Energy
RREV,RRE Ventures Acquisition Corp. Class A Ordinary Shares,$9.92,0.00,0.00%,587,0.00,United States,2026,Blank Checks,Finance
RREVW,RRE Ventures Acquisition Corp. Warrants,$0.40,-0.0249,-5.86%,25496,0.00,United States,2026,Blank Checks,Finance
RRGB,Red Robin Gourmet Burgers Inc. Common Stock,$7.65,0.19,2.547%,221105,144613703.00,United States,2002,Restaurants,Consumer Discretionary
RRR,Red Rock Resorts Inc. Class A Common Stock,$48.85,-1.60,-3.171%,1077997,5130040833.00,United States,2016,Hotels/Resorts,Consumer Discretionary
RRX,Regal Rexnord Corporation Common Stock,$155.89,-0.59,-0.377%,725245,10381006147.00,United States,1976,Industrial Machinery/Components,Industrials
RS,Reliance Inc. Common Stock,$387.19,-4.34,-1.108%,173975,19767813150.00,United States,1994,Metal Fabrications,Industrials
RSF,RiverNorth Capital and Income Fund Common Stock,$14.36,0.08,0.56%,6574,47985046.00,,2019,Investment Managers,Finance
RSG,Republic Services Inc. Common Stock,$211.92,-1.01,-0.474%,974832,64892654298.00,United States,1998,Environmental Services,Utilities
RSI,Rush Street Interactive Inc. Class A Common Stock,$19.66,0.11,0.563%,3661569,4556664218.00,United States,2020,Services-Misc. Amusement & Recreation,Consumer Discretionary
RSKD,Riskified Ltd. Class A Ordinary Shares,$7.71,0.01,0.13%,2168552,1048299464.00,,2021,Business Services,Consumer Discretionary
RSSS,Research Solutions Inc Common Stock,$2.14,-0.01,-0.465%,16011,72252112.00,United States,,EDP Services,Technology
RSVR,Reservoir Media Inc. Common Stock,$9.50,-0.05,-0.524%,29111,626342059.00,United States,2021,Services-Misc. Amusement & Recreation,Consumer Discretionary
RTAC,Renatus Tactical Acquisition Corp I Class A Ordinary Shares,$10.43,-0.01,-0.096%,232692,0.00,United States,2025,Blank Checks,Finance
RTACU,Renatus Tactical Acquisition Corp I Unit,$10.74,0.00,0.00%,31,0.00,United States,2025,Blank Checks,Finance
RTACW,Renatus Tactical Acquisition Corp I Warrant,$0.5567,0.0067,1.218%,10900,0.00,United States,2025,Blank Checks,Finance
RTB,RTB Digital Inc. Common Stock,$9.43,0.07,0.748%,96456,141060296.00,United States,,Professional Services,Consumer Discretionary
RTO,Rentokil Initial plc American Depositary Shares (each representing five (5) Ordinary Shares),$20.05,-0.45,-2.195%,3055468,10113220000.00,United States,2022,Other Consumer Services,Consumer Discretionary
RTX,RTX Corporation Common Stock,$186.94,-0.72,-0.384%,3681573,251949907439.00,United States,,Aerospace,Industrials
RUBI,Rubico Inc. Common Stock,$1.12,-0.01,-0.885%,50185,2661879.00,Greece,,Marine Transportation,Consumer Discretionary
RUM,RUM Group Inc. Class A Common Stock,$7.72,-0.21,-2.648%,3254870,3827654698.00,United States,2021,Computer Software: Programming Data Processing,Technology
RUMBW,RUM Group Inc. Warrant,$1.69,-0.12,-6.63%,4748,837919228.00,United States,2021,Computer Software: Programming Data Processing,Technology
RUN,Sunrun Inc. Common Stock,$7.72,0.05,0.652%,8597673,1859338701.00,United States,2015,Industrial Machinery/Components,Miscellaneous
RUSHA,Rush Enterprises Inc. Common Stock Cl A,$46.285,-1.245,-2.619%,818011,5402864574.00,United States,,Retail-Auto Dealers and Gas Stations,Consumer Discretionary
RUSHB,Rush Enterprises Inc. Class B,$54.52,-0.57,-1.035%,82983,6364139064.00,United States,,Retail-Auto Dealers and Gas Stations,Consumer Discretionary
RVI,Robinhood Ventures Fund I Common Shares of Beneficial Interest,$27.52,-0.81,-2.859%,124624,0.00,,2026,,
RVII,Robinhood Ventures Fund II Common Shares of Beneficial Interest,$22.10,0.17,0.775%,80758,200367086.00,,2026,,
RVLV,Revolve Group Inc. Class A Common Stock,$21.27,0.03,0.141%,650041,1511986883.00,United States,2019,Catalog/Specialty Distribution,Consumer Discretionary
RVMD,Revolution Medicines Inc. Common Stock,$204.48,2.74,1.358%,1722398,43827510753.00,United States,2020,Biotechnology: Biological Products (No Diagnostic Substances),Health Care
RVMDW,Revolution Medicines Inc. Warrant,$11.25,0.03,0.267%,14809,2411284703.00,United States,,Biotechnology: Biological Products (No Diagnostic Substances),Health Care
RVP,Retractable Technologies Inc. Common Stock,$0.697,0.01,1.456%,28871,20866200.00,United States,2001,Medical/Dental Instruments,Health Care
RVSB,Riverview Bancorp Inc Common Stock,$5.97,0.03,0.505%,86620,120358860.00,United States,,Savings Institutions,Finance
RVSN,Rail Vision Ltd. Ordinary Share,$3.63,0.09,2.542%,12590,7957635.00,Israel,2022,Railroads,Industrials
RVSNW,Rail Vision Ltd. Warrant,$0.0237,0.0116,95.868%,2106,51955.00,Israel,2022,Railroads,Industrials
RVT,Royce Small-Cap Trust Inc. Common Stock,$17.12,-0.08,-0.465%,379022,1848218961.00,United States,1986,Trusts Except Educational Religious and Charitable,Finance
RVTY,Revvity Inc. Common Stock,$152.77,1.75,1.159%,1601289,17047054481.00,United States,,Biotechnology: Laboratory Analytical Instruments,Industrials
RWAY,Runway Growth Finance Corp. Common Stock,$6.72,0.03,0.448%,275296,281634555.00,United States,2021,Finance: Consumer Services,Finance
RWAYI,Runway Growth Finance Corp. 7.25% Notes due 2031,$24.76,0.29,1.185%,5472,0.00,United States,,Finance: Consumer Services,Finance
RWAYL,Runway Growth Finance Corp. 7.50% Notes due 2027,$25.155,0.0314,0.125%,6106,911029378.00,United States,,Finance: Consumer Services,Finance
RWT,Redwood Trust Inc. Common Stock,$3.85,0.16,4.336%,7311147,483607863.00,United States,1995,Real Estate Investment Trusts,Real Estate
RWT^A,Redwood Trust Inc. 10.00% Series A Fixed-Rate Reset Cumulative Redeemable Preferred Stock,$22.39,-0.035,-0.156%,13364,,United States,,,
RWTN,Redwood Trust Inc. 9.125% Senior Notes Due 2029,$23.91,0.13,0.547%,16948,3089733024.00,United States,2024,Real Estate Investment Trusts,Real Estate
RWTO,Redwood Trust Inc. 9.00% Senior Notes Due 2029,$22.60,0.15,0.668%,4133,2920450286.00,United States,2024,Real Estate Investment Trusts,Real Estate
RWTP,Redwood Trust Inc. 9.125% Senior Notes Due 2030,$22.70,0.15,0.665%,7772,0.00,United States,2025,Real Estate Investment Trusts,Real Estate
RWTQ,Redwood Trust Inc. 9.500% Senior Notes Due 2030,$20.50,0.00,0.00%,23262,0.00,United States,2025,Real Estate Investment Trusts,Real Estate
RWTS,Redwood Trust Inc. 9.75% Senior Notes Due 2031,$20.89,-0.0301,-0.144%,14418,0.00,United States,2026,Real Estate Investment Trusts,Real Estate
RXO,RXO Inc. Common Stock,$20.71,0.56,2.779%,1845312,3415620111.00,United States,2022,Transportation Services,Consumer Discretionary
RXRX,Recursion Pharmaceuticals Inc. Class A Common Stock,$4.03,0.33,8.919%,21564160,2157428945.00,United States,2021,Biotechnology: Biological Products (No Diagnostic Substances),Health Care
RXST,RxSight Inc. Common Stock,$4.77,0.10,2.141%,810934,198399831.00,United States,2021,Ophthalmic Goods,Health Care
RXT,Rackspace Technology Inc. Common Stock,$3.94,0.15,3.958%,4816713,1004199029.00,United States,2020,Computer Software: Programming Data Processing,Technology
RY,Royal Bank Of Canada Common Stock,$199.80,-1.15,-0.572%,854013,276609073840.00,Canada,,Commercial Banks,Finance
RYAAY,Ryanair Holdings plc American Depositary Shares,$55.49,0.36,0.653%,737217,29200712952.00,Ireland,1997,Air Freight/Delivery Services,Consumer Discretionary
RYAM,Rayonier Advanced Materials Inc. Common Stock,$8.01,-0.14,-1.718%,623502,541830106.00,United States,2014,Paper,Basic Materials
RYAN,Ryan Specialty Holdings Inc. Class A Common Stock,$37.85,-0.27,-0.708%,1154805,9682589612.00,United States,2021,Specialty Insurers,Finance
RYDE,Ryde Group Ltd. Class A Ordinary Shares,$0.7196,-0.0254,-3.409%,107713,129690850.00,,2024,Business Services,Consumer Discretionary
RYET,Ruanyun Edai Technology Inc. Ordinary shares,$0.8375,-0.0524,-5.888%,435982,31222003.00,China,2025,Computer Software: Prepackaged Software,Technology
RYM,RYTHM Inc. Common Stock,$21.23,-0.21,-0.979%,13018,46706000.00,United States,2021,Farming/Seeds/Milling,Consumer Staples
RYN,Rayonier Inc. REIT Common Stock,$18.58,-0.21,-1.118%,3896329,5528800267.00,United States,,Real Estate Investment Trusts,Real Estate
RYOJ,rYojbaba Co. Ltd. Common Shares,$2.99,-0.71,-19.189%,16195,34534500.00,Japan,2025,Professional Services,Consumer Discretionary
RYTM,Rhythm Pharmaceuticals Inc. Common Stock,$95.71,-2.85,-2.892%,810885,6589832768.00,United States,2017,Biotechnology: Pharmaceutical Preparations,Health Care
RYZ,Ryerson Holding Corporation Common Stock,$23.79,-0.50,-2.058%,322897,1234668955.00,United States,2014,Metal Fabrications,Industrials
RZC,Reinsurance Group of America Incorporated 7.125% Fixed-Rate Reset Subordinated Debentures due 2052,$25.32,-0.01,-0.039%,548175,1653438158.00,United States,2022,Life Insurance,Finance
RZLT,Rezolute Inc. Common Stock (NV),$4.09,-0.09,-2.153%,1518978,395594342.00,United States,,Biotechnology: Pharmaceutical Preparations,Health Care
RZLV,Rezolve AI PLC Ordinary Shares,$2.12,0.00,0.00%,7998317,848830544.00,United Kingdom,,Computer Software: Programming Data Processing,Technology
RZLVW,Rezolve AI PLC Warrants,$0.55,0.005,0.917%,5942,220215471.00,United Kingdom,,Computer Software: Programming Data Processing,Technology
S,SentinelOne Inc. Class A Common Stock,$23.31,0.57,2.507%,6998080,8113024917.00,United States,2021,Computer Software: Prepackaged Software,Technology
SA,Seabridge Gold Inc. Common Shares New,$28.73,0.24,0.842%,506023,3099140036.00,Canada,2026,Precious Metals,Basic Materials
SAAQ,Space Asset Acquisition Corp. Class A Ordinary Shares,$10.04,-0.01,-0.10%,316661,0.00,United States,2026,Blank Checks,Finance
SAAQU,Space Asset Acquisition Corp. Units,$10.23,-0.01,-0.098%,604,0.00,United States,2026,Blank Checks,Finance
SAAQW,Space Asset Acquisition Corp. Warrants,$0.49,-0.05,-9.259%,36890,0.00,United States,2026,Blank Checks,Finance
SABA,Saba Capital Income & Opportunities Fund II Shares of Beneficial Interest,$8.01,0.05,0.628%,45866,0.00,United States,,,
SABR,Sabre Corporation Common Stock,$2.13,0.03,1.429%,5553214,859632246.00,United States,2014,Computer Software: Programming Data Processing,Technology
SABS,SAB Biotherapeutics Inc. Common Stock,$3.22,0.005,0.156%,1061553,292976105.00,United States,2021,Biotechnology: Biological Products (No Diagnostic Substances),Health Care
SABSW,SAB Biotherapeutics Inc. Warrant,$0.014,0.00,0.00%,5449,1273809.00,United States,2021,Biotechnology: Biological Products (No Diagnostic Substances),Health Care
SAC,Safeguard Acquisition Corp. Class A Ordinary Shares,$10.09,-0.01,-0.099%,32763,0.00,,2026,Blank Checks,Finance
SACH,Sachem Capital Corp. Common Shares,$0.9144,0.0119,1.319%,214436,43849716.00,United States,2017,Real Estate Investment Trusts,Real Estate
SACH^A,Sachem Capital Corp. 7.75% Series A Cumulative Redeemable Preferred Stock,$21.055,0.305,1.47%,1955,,United States,,,
SAFE,Safehold Inc. New Common Stock ,$12.00,-0.21,-1.72%,712116,849795360.00,United States,2023,Real Estate Investment Trusts,Real Estate
SAFT,Safety Insurance Group Inc. Common Stock,$103.63,0.06,0.058%,119623,1521338350.00,United States,2002,Property-Casualty Insurers,Finance
SAFX,XCF Global Inc. Class A Common Stock,$0.3537,-0.018,-4.843%,3955046,146890512.00,United States,,Major Chemicals,Industrials
SAGT,SAGTEC GLOBAL LIMITED Class A Ordinary shares,$0.613,-0.0069,-1.113%,76750,12198700.00,Malaysia,2025,Computer Software: Prepackaged Software,Technology
SAGU,Shreya Acquisition Group Class A Ordinary Shares,$10.01,0.00,0.00%,37,0.00,,2026,Blank Checks,Finance
SAH,Sonic Automotive Inc. Common Stock,$59.85,-2.60,-4.163%,525836,1892145900.00,United States,1997,Retail-Auto Dealers and Gas Stations,Consumer Discretionary
SAIA,Saia Inc. Common Stock,$336.32,6.07,1.838%,202057,8971218288.00,United States,,Trucking Freight/Courier Services,Industrials
SAIC,Science Applications International Corporation Common Stock,$128.21,-2.72,-2.077%,413630,5371695783.00,United States,,EDP Services,Technology
SAIH,SAIHEAT Limited Class A Ordinary Shares,$30.82,-0.88,-2.776%,15611,55795295.00,Singapore,2021,EDP Services,Technology
SAIHW,SAIHEAT Limited Warrant,$0.0297,-0.0001,-0.336%,42,53768.00,Singapore,2021,EDP Services,Technology
SAIL,SailPoint Inc. Common Stock,$20.67,0.10,0.486%,3103297,11800743454.00,United States,2025,Computer Software: Prepackaged Software,Technology
SAJ,Saratoga Investment Corp 8.00% Notes due 2027,$25.175,0.0002,0.001%,14584,394445198.00,United States,2022,Investment Managers,Finance
SAM,Boston Beer Company Inc. (The) Common Stock,$162.49,-2.87,-1.736%,235335,1672295246.00,United States,,Beverages (Production/Distribution),Consumer Staples
SAMG,Silvercrest Asset Management Group Inc. Class A Common Stock,$10.59,0.21,2.023%,150795,125467853.00,United States,2013,Investment Managers,Finance
SAMO,Samos Energy Acquisition Corporation Class A Ordinary Shares,$9.83,0.00,0.00%,6,0.00,,2026,,
SAN,Banco Santander S.A. Sponsored ADR (Spain),$14.19,-0.03,-0.211%,6066428,205396112693.00,Spain,,Commercial Banks,Finance
SANA,Sana Biotechnology Inc. Common Stock,$2.91,-0.02,-0.683%,3047737,871139454.00,United States,2021,Biotechnology: Biological Products (No Diagnostic Substances),Health Care
SANG,Sangoma Technologies Corporation Common Shares,$4.93,1.34,37.326%,4073406,164360935.00,Canada,,Computer Software: Programming Data Processing,Technology
SANM,Sanmina Corporation Common Stock,$222.73,2.67,1.213%,563512,11937739102.00,United States,1993,Electrical Products,Technology
SAP,SAP  SE ADS,$210.85,1.54,0.736%,2369890,259030117317.00,Germany,,Computer Software: Prepackaged Software,Technology
SAR,Saratoga Investment Corp New,$17.03,0.23,1.369%,116202,273857999.00,United States,,Investment Managers,Finance
SARO,StandardAero Inc. Common Stock,$21.75,-0.47,-2.115%,5072244,7197497624.00,United States,2024,Aerospace,Industrials
SATA,Strive Inc. Variable Rate Series A Perpetual Preferred Stock,$100.01,0.0516,0.052%,440573,9701234926.00,United States,,Finance: Consumer Services,Finance
SATL,Satellogic Inc. Class A Common Stock,$5.60,-0.45,-7.438%,6165972,860943502.00,Uruguay,,Radio And Television Broadcasting And Communications Equipment,Technology
SATLW,Satellogic Inc. Warrant,$0.60,0.00,0.00%,81,92243947.00,Uruguay,,Radio And Television Broadcasting And Communications Equipment,Technology
SAV,Saratoga Investment Corp 7.50% Notes due 2031,$24.71,0.25,1.022%,2713,0.00,United States,2026,Investment Managers,Finance
SAX,Saratoga Investment Corp 8.00% Notes due 2031,$25.33,0.37,1.482%,101507,0.00,United States,2026,Investment Managers,Finance
SAY,Saratoga Investment Corp 8.125% Notes due 2027,$25.1699,0.0399,0.159%,5111,394365290.00,United States,2022,Investment Managers,Finance
SAZ,Saratoga Investment Corp 8.50% Notes due 2028,$25.31,-0.005,-0.02%,8127,396560396.00,United States,2023,Investment Managers,Finance
SB,Safe Bulkers Inc Common Stock ($0.001 par value),$8.30,0.05,0.606%,2135794,948231691.00,Monaco,2008,Marine Transportation,Consumer Discretionary
SB^C,Safe Bulkers Inc Cumulative Redeemable Perpetual Preferred Series C (Marshall Islands),$26.08,-0.015,-0.057%,814,,Monaco,,,
SB^D,Safe Bulkers Inc Perpetual Preferred Series D (Marshall Islands),$26.20,0.45,1.748%,1105,,Monaco,,,
SBAC,SBA Communications Corporation Class A Common Stock,$162.81,-0.62,-0.379%,828388,17272205189.00,United States,1999,Real Estate Investment Trusts,Real Estate
SBC,SBC Medical Group Holdings Incorporated Common Stock,$4.84,-0.19,-3.777%,254384,497779204.00,United States,2022,Medical/Nursing Services,Health Care
SBCF,Seacoast Banking Corporation of Florida Common Stock,$32.37,-0.18,-0.553%,1025884,3134154004.00,United States,,Major Banks,Finance
SBCWW,SBC Medical Group Holdings Incorporated Warrants,$0.40,0.05,14.286%,29843,41138777.00,United States,2022,Medical/Nursing Services,Health Care
SBET,Sharplink Inc. Common Stock,$9.46,-0.04,-0.421%,5966642,2054935294.00,United States,,Computer Software: Prepackaged Software,Technology
SBFG,SB Financial Group Inc. Common Stock,$29.62,-0.37,-1.234%,16980,185213623.00,United States,,Major Banks,Finance
SBFM,Sunshine Biopharma Inc. Common Stock,$0.7874,-0.0305,-3.729%,38054,3393931.00,Canada,,Biotechnology: Pharmaceutical Preparations,Health Care
SBGI,Sinclair Inc. Class A Common Stock,$12.76,-0.05,-0.39%,386324,922778446.00,United States,1995,Broadcasting,Industrials
SBH,Sally Beauty Holdings Inc. (Name to be changed from Sally Holdings Inc.) Common Stock,$16.46,-0.46,-2.719%,1274386,1541022926.00,United States,,Other Specialty Stores,Consumer Discretionary
SBI,Western Asset Intermediate Muni Fund Inc Common Stock,$6.93,0.02,0.289%,78955,0.00,United States,1992,Finance/Investors Services,Finance
SBLK,Star Bulk Carriers Corp. Common Shares,$29.20,-0.10,-0.341%,1596974,3256680380.00,Greece,,Marine Transportation,Consumer Discretionary
SBMT,Silver Bow Mining Corp. Common Shares,$8.59,0.19,2.262%,182872,253649815.00,,2026,Precious Metals,Basic Materials
SBR,Sabine Royalty Trust Common Stock,$70.11,-0.99,-1.392%,53476,1022157878.00,United States,,Oil & Gas Production,Energy
SBRA,Sabra Health Care REIT Inc. Common Stock,$19.78,-0.04,-0.202%,2282655,5053053314.00,United States,,Real Estate Investment Trusts,Real Estate
SBS,Companhia de saneamento Basico Do Estado De Sao Paulo - Sabesp American Depositary Shares (Each repstg 250 Common Shares),$5.18,0.04,0.778%,6272014,18257086250.00,Brazil,2002,Water Supply,Utilities
SBSI,Southside Bancshares Inc. Common Stock,$30.35,-0.40,-1.301%,130567,904672193.00,United States,,Major Banks,Finance
SBSW,D/B/A Sibanye-Stillwater Limited ADS,$10.19,0.05,0.493%,4913135,7210870105.00,South Africa,,Precious Metals,Basic Materials
SBUX,Starbucks Corporation Common Stock,$95.43,0.16,0.168%,6927986,108790200000.00,United States,1992,Restaurants,Consumer Discretionary
SBXE,SilverBox Corp V Class A Ordinary Shares,$10.10,0.00,0.00%,920,0.00,,2026,,
SCAG,Scage Future American Depositary Shares,$0.2209,-0.0142,-6.04%,224782,16039475.00,China,,Construction/Ag Equipment/Trucks,Consumer Discretionary
SCAGW,Scage Future Warrants,$0.0077,0.0001,1.316%,500,559094.00,China,,Construction/Ag Equipment/Trucks,Consumer Discretionary
SCATU,Southern Cross Acquisition II Corp. Units,$10.04,0.00,0.00%,200005,0.00,United States,2026,Blank Checks,Finance
SCCD,Sachem Capital Corp. 6.00% Notes due 2026,$24.76,0.00,0.00%,3253,1172195051.00,United States,,Real Estate Investment Trusts,Real Estate
SCCE,Sachem Capital Corp. 6.00% Notes due 2027,$24.50,-0.05,-0.204%,2576,1159886056.00,United States,2022,Real Estate Investment Trusts,Real Estate
SCCF,Sachem Capital Corp. 7.125% Notes due 2027,$24.72,0.04,0.162%,1359,1170301359.00,United States,2022,Real Estate Investment Trusts,Real Estate
SCCG,Sachem Capital Corp. 8.00% Notes due 2027,$24.80,0.1865,0.758%,7604,1174088742.00,United States,2022,Real Estate Investment Trusts,Real Estate
SCCO,Southern Copper Corporation Common Stock,$202.55,-0.08,-0.039%,829046,168993887050.00,United States,,Metal Mining,Basic Materials
SCD,LMP Capital and Income Fund Inc. Common Stock,$14.76,0.14,0.958%,97250,0.00,United States,2004,Trusts Except Educational Religious and Charitable,Finance
SCE^G,SCE Trust II Trust Preferred Securities,$16.39,0.02,0.122%,14068,,United States,,,
SCE^L,SCE TRUST VI,$16.32,0.1286,0.794%,43177,,United States,,,
SCE^M,SCE Trust VII 7.50% Trust Preference Securities,$22.40,-0.02,-0.089%,30836,,United States,,,
SCE^N,SCE Trust VIII 6.95% Trust Preference Securities,$20.74,-0.075,-0.36%,18077,,United States,,,
SCHL,Scholastic Corporation Common Stock,$34.80,1.22,3.633%,638790,640648651.00,United States,1992,Books,Consumer Discretionary
SCHW,Charles Schwab Corporation (The) Common Stock,$99.10,0.80,0.814%,8085193,171377169257.00,United States,,Investment Bankers/Brokers/Service,Finance
SCHW^D,The Charles Schwab Corporation Depositary Shares each representing 1/40th interest in a share of 5.95% Non-Cumulative Perpetual Preferred Stock Series D,$21.27,-0.22,-1.024%,105374,,United States,,,
SCHW^J,The Charles Schwab Corporation Depositary Shares Each Representing a 1/40th Interest in a Share of 4.450% Non-Cumulative Perpetual Preferred Stock Series J,$15.87,-0.08,-0.502%,100823,,United States,,,
SCI,Service Corporation International Common Stock,$76.83,-0.24,-0.311%,1398169,10496474187.00,United States,,Other Consumer Services,Consumer Discretionary
SCII,SC II Acquisition Corp. Class A ordinary share,$10.17,0.00,0.00%,16,0.00,United States,2026,,
SCIIU,SC II Acquisition Corp. Units,$10.27,0.00,0.00%,2,0.00,United States,2025,,
SCKT,Socket Mobile Inc. Common Stock,$0.45,-0.0015,-0.332%,39578,3731256.00,United States,,Computer Manufacturing,Technology
SCL,Stepan Company Common Stock,$62.19,-1.73,-2.707%,145738,1413736663.00,United States,,Package Goods/Cosmetics,Consumer Discretionary
SCLX,Scilex Holding Company Common Stock,$4.41,-0.08,-1.782%,12049,37454130.00,United States,2021,Biotechnology: Biological Products (No Diagnostic Substances),Health Care
SCLXW,Scilex Holding Company Warrant,$0.0901,0.0021,2.386%,1590,765219.00,United States,2021,Biotechnology: Biological Products (No Diagnostic Substances),Health Care
SCM,Stellus Capital Investment Corporation Common Stock,$7.60,0.09,1.198%,150281,216447521.00,United States,2012,Finance/Investors Services,Finance
SCNI,Scinai Immunotherapeutics Ltd. American Depositary Shares,$1.41,-0.06,-4.082%,98640,1908051.00,Israel,2015,Biotechnology: Biological Products (No Diagnostic Substances),Health Care
SCNX,Scienture Holdings Inc. Common Stock,$0.2666,-0.0031,-1.149%,378717,10947701.00,United States,,Biotechnology: Pharmaceutical Preparations,Health Care
SCOR,comScore Inc. Common Stock,$4.73,-0.13,-2.675%,10364,71821862.00,United States,2018,Business Services,Consumer Discretionary
SCPQ,Social Commerce Partners Corporation Class A Ordinary Shares,$10.05,0.00,0.00%,4,0.00,United States,2026,,
SCPQU,Social Commerce Partners Corporation Unit,$10.28,0.00,0.00%,100,0.00,United States,2025,,
SCSC,ScanSource Inc. Common Stock,$57.85,0.07,0.121%,198669,1165261674.00,United States,,Retail: Computer Software & Peripheral Equipment,Technology
SCTX,Scribe Therapeutics Inc. Common Stock,$23.03,1.26,5.788%,671449,435996590.00,United States,2026,Biotechnology: Biological Products (No Diagnostic Substances),Health Care
SCWO,374Water Inc. Common Stock,$2.89,-0.05,-1.701%,11310,51205485.00,United States,,Metal Fabrications,Consumer Discretionary
SCYX,SCYNEXIS Inc. Common Stock,$4.66,0.04,0.866%,542397,46365178.00,United States,2014,Biotechnology: Pharmaceutical Preparations,Health Care
SCZM,Santacruz Silver Mining Ltd. Common Shares,$8.975,-0.045,-0.499%,297260,834587799.00,Canada,,Precious Metals,Basic Materials
SD,SandRidge Energy Inc. Common Stock,$13.42,-0.18,-1.324%,314694,497550472.00,United States,2016,Oil & Gas Production,Energy
SDA,SunCar Technology Group Inc. Class A Ordinary Shares,$0.4518,-0.0498,-9.928%,155159,47731728.00,Hong Kong,2021,Automotive Aftermarket,Consumer Discretionary
SDAWW,SunCar Technology Group Inc. Warrant,$0.07,0.00,0.00%,104979,7395354.00,Hong Kong,2021,Automotive Aftermarket,Consumer Discretionary
SDEV,Stablecoin Development Corporation Common Stock,$3.27,1.70,108.28%,192555499,169226944.00,United States,,Biotechnology: Pharmaceutical Preparations,Health Care
SDGR,Schrodinger Inc. Common Stock,$30.33,0.83,2.814%,1864535,2268854697.00,United States,2020,Biotechnology: Pharmaceutical Preparations,Health Care
SDHC,Smith Douglas Homes Corp. Class A Common Stock,$10.25,-0.03,-0.292%,23156,520990905.00,United States,2024,Homebuilding,Consumer Discretionary
SDHI,Siddhi Acquisition Corp Class A Common stock,$10.55,0.00,0.00%,5195,0.00,United States,2025,Blank Checks,Finance
SDHY,PGIM Short Duration High Yield Opportunities Fund Common Shares,$15.36,0.13,0.854%,73494,378978140.00,,2020,Finance/Investors Services,Finance
SDOT,Sadot Group Inc. Common Stock,$10.32,-0.21,-1.994%,45263,15042318.00,United States,2020,Restaurants,Consumer Discretionary
SDRL,Seadrill Limited Common Shares,$44.57,-1.01,-2.216%,581435,2787472115.00,Bermuda,2022,Oil & Gas Production,Energy
SDST,Stardust Power Inc. Common Stock,$0.1042,-0.0037,-3.429%,9660489,4228126.00,United States,2021,Major Chemicals,Industrials
SDSTW,Stardust Power Inc. Warrant,$0.0677,0.00,0.00%,8905,2747064.00,United States,2021,Major Chemicals,Industrials
SE,Sea Limited American Depositary Shares each representing one Class A Ordinary Share,$98.62,-0.29,-0.293%,5146308,60403223560.00,United States,2017,Other Consumer Services,Consumer Discretionary
SEAL^A,Seapeak LLC 9.00% Series A Cumulative Redeemable Perpetual Preferred Units,$25.725,0.075,0.292%,1877,,Bermuda,,,
SEAL^B,Seapeak LLC 8.50% Series B Fixed-to-Floating Rate Cumulative Redeemable Perpetual Preferred Units,$25.89,0.19,0.739%,7748,,Bermuda,,,
SEAT,Vivid Seats Inc. Class A Common Stock,$3.85,0.07,1.852%,44744,45091804.00,United States,,Services-Misc. Amusement & Recreation,Consumer Discretionary
SEB,Seaboard Corporation Common Stock,$4055.45,-55.31,-1.345%,9377,3884285677.00,United States,1996,Farming/Seeds/Milling,Industrials
SECZ,Securitize Corp. Common Stock,$15.84,-0.79,-4.75%,3644882,2586128450.00,,2026,Finance: Consumer Services,Finance
SEDG,SolarEdge Technologies Inc. Common Stock,$31.52,-0.01,-0.032%,2876220,1939291577.00,Israel,2015,Semiconductors,Technology
SEED,Origin Agritech Limited Common Stock,$0.932,0.022,2.418%,5962,11317766.00,China,,Farming/Seeds/Milling,Consumer Staples
SEER,Seer Inc. Class A Common Stock,$2.15,0.12,5.911%,583357,119049832.00,United States,2020,Biotechnology: Laboratory Analytical Instruments,Industrials
SEG,Seaport Entertainment Group Inc. Common Stock,$23.33,0.24,1.039%,92623,298846475.00,United States,2024,Services-Misc. Amusement & Recreation,Consumer Discretionary
SEGG,Sports Entertainment Gaming Global Corporation Common Stock,$2.45,0.03,1.24%,21268,7985743.00,United States,2023,Computer Software: Prepackaged Software,Technology
SEI,Solaris Energy Infrastructure Inc. Class A Common Stock,$68.34,-0.81,-1.171%,2263162,5232547229.00,United States,2017,Oil and Gas Field Machinery,Consumer Discretionary
SEIC,SEI Investments Company Common Stock,$103.35,-1.47,-1.402%,552541,12403982460.00,United States,1981,Investment Bankers/Brokers/Service,Finance
SELF,Global Self Storage Inc. Common Stock,$4.88,0.06,1.245%,100082,55736530.00,United States,,Real Estate Investment Trusts,Real Estate
SENEA,Seneca Foods Corp. Class A Common Stock,$181.36,-1.17,-0.641%,143024,1227755875.00,United States,,Packaged Foods,Consumer Staples
SENEB,Seneca Foods Corp. Class B Common Stock,$179.84,-7.58,-4.044%,285,1217465905.00,United States,,Packaged Foods,Consumer Staples
SENS,Senseonics Holdings Inc. Common Stock,$10.05,0.21,2.134%,607012,531384233.00,United States,,Medical/Dental Instruments,Health Care
SEPN,Septerna Inc. Common Stock,$39.13,-0.61,-1.535%,564512,1826468936.00,United States,2024,Biotechnology: Pharmaceutical Preparations,Health Care
SER,Serina Therapeutics Inc. Common Stock,$2.08,0.07,3.483%,15781,52832984.00,United States,2018,Biotechnology: Pharmaceutical Preparations,Health Care
SERA,Sera Prognostics Inc. Class A Common Stock,$2.01,-0.01,-0.495%,4346,79293427.00,United States,2021,Medical Specialities,Health Care
SERV,Serve Robotics Inc. Common Stock,$4.63,0.20,4.515%,2867352,401455757.00,United States,,Industrial Machinery/Components,Industrials
SES,SES AI Corporation Class A Common Stock,$0.5343,0.0021,0.395%,16638429,198378858.00,United States,2021,Industrial Machinery/Components,Miscellaneous
SEV,Aptera Motors Corp. Class B Common Stock,$1.98,0.00,0.00%,115895,80275388.00,United States,,Auto Manufacturing,Industrials
SEVN,Seven Hills Realty Trust Common Stock,$7.22,0.00,0.00%,161396,163580695.00,United States,,Real Estate Investment Trusts,Real Estate
SEZL,Sezzle Inc. Common Stock,$107.97,-0.33,-0.305%,348562,3635891262.00,United States,,Finance: Consumer Services,Finance
SF,Stifel Financial Corporation Common Stock,$69.70,-0.71,-1.008%,1470282,10524820860.00,United States,,Investment Bankers/Brokers/Service,Finance
SF^B,Stifel Financial Corporation Depositary Shares Each Representing 1/1000th  Interest in a Share of 6.25% Non-Cumulative  Preferred Stock Series B,$23.35,-0.21,-0.891%,17703,,United States,,,
SF^C,Stifel Financial Corporation Depositary Shares Each Representing 1/1000th Interest in a Share of 6.125% Non Cumulative Preferred Stock Series C,$21.18,-0.26,-1.213%,14832,,United States,,,
SF^D,Stifel Financial Corporation Depositary Shares Each Representing 1/1000th Interest in a Share of 4.50% Non-Cumulative Preferred Stock Series D,$15.29,-0.3124,-2.002%,23520,,United States,,,
SFB,Stifel Financial Corporation 5.20% Senior Notes due 2047,$18.82,-0.24,-1.259%,10951,1922903501.00,United States,2017,Investment Bankers/Brokers/Service,Finance
SFBC,Sound Financial Bancorp Inc. Common Stock,$46.41,0.05,0.108%,3271,119182876.00,United States,,Savings Institutions,Finance
SFBS,ServisFirst Bancshares Inc. Common Stock,$40.08,-0.94,-2.292%,581820,4382548402.00,United States,,Major Banks,Finance
SFD,Smithfield Foods Inc. Common Stock,$19.01,-0.13,-0.679%,1402738,7485518863.00,United States,2025,Meat/Poultry/Fish,Consumer Staples
SFHG,Samfine Creation Holdings Group Limited Class A Ordinary Share,$2.285,-0.015,-0.652%,13851,9277100.00,Hong Kong,2024,Publishing,Consumer Discretionary
SFIX,Stitch Fix Inc. Class A Common Stock,$2.53,0.06,2.429%,5949283,338017328.00,United States,2017,Catalog/Specialty Distribution,Consumer Discretionary
SFL,SFL Corporation Ltd,$13.06,0.23,1.793%,1199510,1736885759.00,Bermuda,,Marine Transportation,Consumer Discretionary
SFM,Sprouts Farmers Market Inc. Common Stock,$64.65,1.20,1.891%,1853035,6028458956.00,United States,2013,Food Chains,Consumer Staples
SFNC,Simmons First National Corporation Class A Common Stock,$22.52,-0.31,-1.358%,1382737,3254450528.00,United States,,Major Banks,Finance
SFST,Southern First Bancshares Inc. Common Stock,$59.55,-0.38,-0.634%,93345,564043010.00,United States,,Major Banks,Finance
SFWL,Shengfeng Development Limited Class A Ordinary Shares,$8.90,0.00,0.00%,678,48948523.00,China,2023,Trucking Freight/Courier Services,Industrials
SG,Sweetgreen Inc. Class A Common Stock,$8.74,0.50,6.068%,7261698,1040421093.00,United States,2021,Restaurants,Consumer Discretionary
SGA,Saga Communications Inc. Class A Common Stock (FL),$8.28,-0.03,-0.361%,9706,52644141.00,United States,,Broadcasting,Consumer Discretionary
SGC,Superior Group of Companies Inc. Common Stock,$12.80,0.25,1.992%,32241,204098573.00,United States,,Apparel,Consumer Discretionary
SGHC,Super Group (SGHC) Limited Ordinary Shares,$11.60,-0.12,-1.024%,3464732,5893690741.00,,2022,Services-Misc. Amusement & Recreation,Consumer Discretionary
SGHT,Sight Sciences Inc. Common Stock,$9.35,0.08,0.863%,495517,515072707.00,United States,2021,Medical/Dental Instruments,Health Care
SGI,Somnigroup International Inc. Common Stock,$62.26,-0.02,-0.032%,2609677,14334691969.00,United States,,Home Furnishings,Consumer Discretionary
SGLD,Scorpio Gold Corporation American Depositary Shares ,$3.58,-0.04,-1.105%,32655,61963392.00,Canada,,,
SGLY,Singularity Future Technology Ltd. Common Stock,$0.7923,-0.0433,-5.182%,46826,4281421.00,United States,2008,Integrated Freight & Logistics,Industrials
SGML,Sigma Lithium Corporation Common Shares,$9.71,0.21,2.211%,1148964,1093038319.00,Canada,,Metal Mining,Basic Materials
SGMT,Sagimet Biosciences Inc. Series A Common Stock,$9.33,-0.61,-6.137%,860068,574645513.00,United States,2023,Biotechnology: Pharmaceutical Preparations,Health Care
SGP,SpyGlass Pharma Inc. Common Stock,$25.44,-0.54,-2.079%,67872,850916586.00,United States,2026,Medical/Dental Instruments,Health Care
SGRX,SANGRIX INC. Class A Ordinary Shares,$1.51,-0.05,-3.205%,58617,2873497.00,United States,2019,Finance: Consumer Services,Finance
SGRY,Surgery Partners Inc. Common Stock,$14.41,-0.28,-1.906%,1421058,1886532127.00,United States,2015,Hospital/Nursing Management,Health Care
SGU,Star Group L.P. Common Stock,$12.78,0.00,0.00%,8866,419327340.00,United States,,Other Specialty Stores,Consumer Discretionary
SHAK,Shake Shack Inc. Class A Common Stock,$57.88,0.36,0.626%,2268140,2477202531.00,United States,2015,Restaurants,Consumer Discretionary
SHAZ,SharonAI Holdings Inc. Class A Common Stock,$54.17,1.26,2.381%,1050621,1939475866.00,United States,,EDP Services,Technology
SHBI,Shore Bancshares Inc Common Stock,$22.48,-0.32,-1.404%,248794,750208764.00,United States,,Major Banks,Finance
SHC,Sotera Health Company Common Stock,$18.60,0.15,0.813%,1643403,5307971187.00,United States,2020,Misc Health and Biotechnology Services,Health Care
SHEL,Shell PLC American Depositary Shares (each representing two (2) Ordinary Shares) ,$95.14,-1.33,-1.379%,7477238,263164169902.00,Netherlands,2022,Oil & Gas Production,Energy
SHEN,Shenandoah Telecommunications Co Common Stock,$11.33,-0.02,-0.176%,1012600,604621824.00,United States,,Telecommunications Equipment,Telecommunications
SHFS,SHF Holdings Inc. Class A Common Stock,$0.1184,0.0093,8.524%,2283017,1460222.00,United States,2021,Finance: Consumer Services,Finance
SHFSW,SHF Holdings Inc. Warrants,$0.0096,-0.0028,-22.581%,68917,118396.00,United States,2021,Finance: Consumer Services,Finance
SHG,Shinhan Financial Group Co Ltd American Depositary Shares,$81.79,0.67,0.826%,201785,38821980186.00,South Korea,,Major Banks,Finance
SHIM,Shimmick Corporation Common Stock,$3.12,0.03,0.971%,115605,128967768.00,United States,2023,Military/Government/Technical,Industrials
SHIP,Seanergy Maritime Holdings Corp. Common Stock,$16.425,0.005,0.03%,475638,355900152.00,Greece,,Marine Transportation,Consumer Discretionary
SHLS,Shoals Technologies Group Inc. Class A Common Stock,$7.77,0.35,4.717%,4680462,1307690612.00,United States,2021,Semiconductors,Technology
SHMD,SCHMID Group N.V. Class A Ordinary Shares,$4.49,0.115,2.629%,2028587,273705474.00,Germany,,Industrial Machinery/Components,Technology
SHMDW,SCHMID Group N.V. Warrants,$1.25,0.17,15.741%,55374,76198629.00,Germany,,Industrial Machinery/Components,Technology
SHO,Sunstone Hotel Investors Inc. Sunstone Hotel Investors Inc. Common Shares,$11.30,0.00,0.00%,1412860,2101166533.00,United States,2004,Hotels/Resorts,Consumer Discretionary
SHO^H,Sunstone Hotel Investors Inc. 6.125% Series H Cumulative Redeemable Preferred Stock,$22.63,0.275,1.23%,255617,,United States,,,
SHO^I,Sunstone Hotel Investors Inc. 5.70% Series I Cumulative Redeemable Preferred Stock,$21.93,0.16,0.735%,351586,,United States,,,
SHOE,Shoe Station Group Inc. Common Stock,$13.07,-0.14,-1.06%,975824,355292462.00,United States,,Clothing/Shoe/Accessory Stores,Consumer Discretionary
SHOO,Steven Madden Ltd. Common Stock,$45.14,0.24,0.535%,1131496,3303214068.00,United States,1993,Shoe Manufacturing,Consumer Discretionary
SHOP,Shopify Inc. Class A Subordinate Voting Shares,$148.26,4.25,2.951%,8717208,192116942567.00,Canada,,Computer Software: Prepackaged Software,Technology
SHOT,RMG ML Sports Holdings Class A Ordinary Shares,$9.855,0.00,0.00%,165,0.00,United States,2026,,
SHPH,Shuttle Pharmaceuticals Holdings Inc. Common Stock,$3.92,-0.19,-4.623%,19767,18677608.00,United States,2022,Biotechnology: Pharmaceutical Preparations,Health Care
SHW,Sherwin-Williams Company (The) Common Stock,$330.44,-2.35,-0.706%,2223533,80217003416.00,United States,,RETAIL: Building Materials,Consumer Discretionary
SI,Shoulder Innovations Inc. Common Stock,$18.79,0.84,4.68%,162256,391188202.00,United States,2025,Medical/Dental Instruments,Health Care
SIBN,SI-BONE Inc. Common Stock,$19.15,0.39,2.079%,624184,858275711.00,United States,2018,Medical/Dental Instruments,Health Care
SID,Companhia Siderurgica Nacional S.A. Common Stock,$1.02,-0.09,-8.108%,28622642,1352615826.00,Brazil,,Steel/Iron Ore,Industrials
SIDU,Sidus Space Inc. Class A Common Stock,$1.83,-0.18,-8.955%,4372218,185242347.00,United States,2021,Telecommunications Equipment,Telecommunications
SIEB,Siebert Financial Corp. Common Stock,$2.15,-0.08,-3.587%,43358,88367012.00,United States,,Investment Bankers/Brokers/Service,Finance
SIF,SIFCO Industries Inc. Common Stock,$22.60,0.18,0.803%,25025,141343293.00,United States,1969,Aerospace,Industrials
SIFY,Sify Technologies Limited American Depositary Shares,$13.27,-0.06,-0.45%,23127,961207341.00,India,,Computer Software: Programming Data Processing,Technology
SIG,Signet Jewelers Limited Common Shares,$104.32,1.02,0.987%,571134,3997254790.00,Bermuda,,Consumer Specialties,Consumer Discretionary
SIGA,SIGA Technologies Inc. Common Stock,$3.44,-0.02,-0.578%,439970,247163023.00,United States,,Biotechnology: Pharmaceutical Preparations,Health Care
SIGI,Selective Insurance Group Inc. Common Stock,$84.63,-0.45,-0.529%,439572,5041334541.00,United States,,Property-Casualty Insurers,Finance
SIGIP,Selective Insurance Group Inc. Depositary Shares each representing a 1/1000th interest in a share of 4.60% Non-Cumulative Preferred Stock Series B,$15.00,0.02,0.134%,8472,893536785.00,United States,,Property-Casualty Insurers,Finance
SII,Sprott Inc. Common Shares,$120.25,-0.10,-0.083%,81845,3102450000.00,,2020,Finance: Consumer Services,Finance
SILC,Silicom Ltd Ordinary Shares,$51.37,0.28,0.548%,102933,295254777.00,Israel,,Computer Communications Equipment,Telecommunications
SILO,Silo Pharma Inc. Common Stock,$1.61,-0.04,-2.424%,29066,2822733.00,United States,,Biotechnology: Pharmaceutical Preparations,Health Care
SIM,Grupo Simec S.A.B. de C.V. American Depositary Shares,$28.85,-0.14,-0.483%,27666,4786303598.00,Mexico,1998,Steel/Iron Ore,Industrials
SIMA,SIM Acquisition Corp. I Class A Ordinary Shares,$10.93,0.00,0.00%,56,0.00,United States,2024,Industrial Machinery/Components,Miscellaneous
SIMAU,SIM Acquisition Corp. I Unit,$11.25,0.00,0.00%,10,0.00,United States,2024,Blank Checks,Finance
SIMAW,SIM Acquisition Corp. I Warrant,$0.1601,-0.0399,-19.95%,50000,0.00,United States,2024,Blank Checks,Finance
SIMO,Silicon Motion Technology Corporation American Depositary Shares,$276.16,-1.91,-0.687%,439528,9364098178.00,Taiwan,2005,Semiconductors,Technology
SIND,Sinda Ltd. Common Stock,$13.82,0.09,0.655%,125459,2194490031.00,,2026,Precious Metals,Basic Materials
SINT,SiNtx Technologies Inc. Common Stock,$2.03,0.04,2.01%,30238,13529004.00,United States,2014,Medical/Dental Instruments,Health Care
SION,Sionna Therapeutics Inc. Common Stock,$5.15,0.03,0.586%,797881,232843855.00,United States,2025,Biotechnology: Pharmaceutical Preparations,Health Care
SIRI,SiriusXM Holdings Inc. Common Stock,$25.76,-0.18,-0.694%,3100753,8682843112.00,United States,,Broadcasting,Consumer Discretionary
SITC,SITE Centers Corp. Common Stock,$3.11,0.06,1.967%,1178474,163198304.00,United States,,Real Estate Investment Trusts,Real Estate
SITE,SiteOne Landscape Supply Inc. Common Stock,$89.93,-1.00,-1.10%,919805,3925929223.00,United States,2016,Professional and commerical equipment,Consumer Discretionary
SITM,SiTime Corporation Common Stock,$651.43,-5.22,-0.795%,346765,19589174981.00,United States,2019,Semiconductors,Technology
SJ,Scienjoy Holding Corporation Class A Ordinary Shares ,$0.6769,0.0269,4.138%,10288,28743048.00,China,2019,EDP Services,Technology
SJM,The J.M. Smucker Company Common Stock,$120.70,0.07,0.058%,1341012,12893558188.00,United States,,Packaged Foods,Consumer Staples
SJT,San Juan Basin Royalty Trust Common Stock,$3.63,-0.09,-2.419%,411222,169189929.00,United States,,Oil & Gas Production,Energy
SKE,Skeena Resources Limited Common Shares,$30.18,0.31,1.038%,576567,3786464437.00,,2021,Precious Metals,Basic Materials
SKHY,SK hynix Inc. American Depositary Shares,$186.68,4.76,2.617%,13140665,1360646115400.00,South Korea,2026,Semiconductors,Technology
SKIL,Skillsoft Corp. Class A Common Stock,$5.80,-0.21,-3.494%,110657,52782575.00,United States,2019,Computer Software: Prepackaged Software,Technology
SKIN,SkinHealth Systems Inc. Class A Common Stock,$0.6211,-0.0289,-4.446%,228393,80830428.00,United States,2020,Medical/Dental Instruments,Health Care
SKK,SKK Holdings Limited Class A Ordinary Shares,$4.50,-0.07,-1.532%,17848,14357682.00,Singapore,2024,Water Sewer Pipeline Comm & Power Line Construction,Industrials
SKM,SK Telecom Co. Ltd. Common Stock,$35.91,0.41,1.155%,643332,13774357800.00,South Korea,,Telecommunications Equipment,Telecommunications
SKT,Tanger Inc. Common Stock,$34.86,0.09,0.259%,942535,4004681557.00,United States,1993,Real Estate Investment Trusts,Real Estate
SKWD,Skyward Specialty Insurance Group Inc. Common Stock,$53.48,-0.11,-0.205%,246731,2374324446.00,United States,2023,Property-Casualty Insurers,Finance
SKY,Champion Homes Inc. Common Stock,$86.69,-0.13,-0.15%,449595,4705544816.00,United States,,Homebuilding,Consumer Discretionary
SKYA,SkyAI Inc. Common Stock,$1.83,0.06,3.39%,401537,79142936.00,United States,2022,Medical/Dental Instruments,Health Care
SKYAW,SkyAI Inc. Warrant,$0.0447,0.0166,59.075%,20907,1933164.00,United States,2022,EDP Services,Technology
SKYE,Skye Bioscience Inc. Common Stock,$1.59,-0.02,-1.242%,48421,7040006.00,United States,,Biotechnology: Pharmaceutical Preparations,Health Care
SKYH,Sky Harbour Group Corporation Class A Common Stock,$9.85,-0.10,-1.005%,194104,804050654.00,United States,2022,Real Estate,Finance
SKYQ,Sky Quarry Inc. Common Stock,$2.50,-0.10,-3.846%,861945,22083475.00,United States,2024,Environmental Services,Industrials
SKYW,SkyWest Inc. Common Stock,$98.90,-1.82,-1.807%,313271,3840121343.00,United States,1986,Air Freight/Delivery Services,Consumer Discretionary
SKYX,SKYX Platforms Corp. Common Stock,$1.13,-0.04,-3.419%,842853,153037023.00,United States,2022,Building Products,Consumer Discretionary
SLAB,Silicon Laboratories Inc. Common Stock,$221.17,0.14,0.063%,453351,7379726530.00,United States,2000,Semiconductors,Technology
SLB,SLB Limited Common Shares,$49.87,-1.62,-3.146%,28577224,74014222930.00,France,,Oilfield Services/Equipment,Energy
SLBT,SL Science Holding Limited Ordinary Shares,$1.83,-0.10,-5.181%,29782,1026190355.00,Taiwan,,Biotechnology: Biological Products (No Diagnostic Substances),Health Care
SLDB,Solid Biosciences Inc. Common Stock,$7.16,-0.12,-1.648%,1392336,767732704.00,United States,2018,Biotechnology: Biological Products (No Diagnostic Substances),Health Care
SLDE,Slide Insurance Holdings Inc. Common Stock,$22.50,-0.36,-1.575%,1011985,2628263678.00,United States,2025,Property-Casualty Insurers,Finance
SLDP,Solid Power Inc. Class A Common Stock,$2.27,0.01,0.442%,3074026,517971351.00,United States,2021,Industrial Machinery/Components,Miscellaneous
SLDPW,Solid Power Inc. Warrant,$0.0201,-0.001,-4.739%,9986,4586442.00,United States,2021,Industrial Machinery/Components,Miscellaneous
SLE,Super League Enterprise Inc. Common Stock,$5.64,1.13,25.055%,261252,13948684.00,United States,2019,EDP Services,Technology
SLF,Sun Life Financial Inc. Common Stock,$79.06,-0.42,-0.528%,369613,44025731404.00,Canada,,Life Insurance,Finance
SLG,SL Green Realty Corp Common Stock,$49.02,-0.30,-0.608%,1022042,3473062441.00,United States,1997,Real Estate Investment Trusts,Real Estate
SLG^I,SL Green Realty Corporation Preferred Series I,$21.32,-0.03,-0.141%,11569,,United States,,,
SLGB,Smart Logistics Global Limited Class A Ordinary Shares,$0.2781,-0.0098,-3.404%,365535,12514500.00,Hong Kong,2025,Integrated Freight & Logistics,Industrials
SLGL,Sol-Gel Technologies Ltd. Ordinary Shares,$72.25,2.80,4.032%,30686,236546428.00,Israel,2018,Biotechnology: Pharmaceutical Preparations,Health Care
SLGN,Silgan Holdings Inc. Common Stock,$35.09,-0.86,-2.392%,1109552,3708382082.00,United States,2022,Containers/Packaging,Industrials
SLI,Standard Lithium Ltd. Common Shares,$1.80,-0.03,-1.639%,3509242,444211492.00,Canada,2021,Major Chemicals,Industrials
SLM,SLM Corporation Common Stock,$22.89,-0.01,-0.044%,2080604,4302105869.00,United States,,Finance: Consumer Services,Finance
SLMBP,SLM Corporation Floating Rate Non-Cumulative Preferred Stock Series B,$74.00,0.00,0.00%,693,13908074892.00,United States,,Finance: Consumer Services,Finance
SLMT,Brera Holdings PLC Class B Ordinary Shares,$4.52,0.13,2.961%,67047,49762009.00,Ireland,2023,Services-Misc. Amusement & Recreation,Consumer Discretionary
SLN,Silence Therapeutics Plc American Depository Share,$10.80,-0.40,-3.571%,884623,505440000.00,United Kingdom,,Biotechnology: Pharmaceutical Preparations,Health Care
SLND,Southland Holdings Inc. Common Stock,$0.69,0.08,13.115%,253625989,37560327.00,United States,,Military/Government/Technical,Industrials
SLNG,Stabilis Solutions Inc. Common Stock,$4.97,-0.18,-3.495%,15210,92423616.00,United States,,Oil/Gas Transmission,Utilities
SLNH,Soluna Holdings Inc. Common Stock,$1.17,-0.01,-0.847%,4001692,288641395.00,United States,,EDP Services,Technology
SLNHP,Soluna Holdings Inc 9.0% Series A Cumulative Perpetual Preferred Stock ,$12.82,0.00,0.00%,276,3162720243.00,United States,,EDP Services,Technology
SLP,Simulations Plus Inc. Common Stock,$18.48,0.00,0.00%,137139,373755006.00,United States,,EDP Services,Technology
SLQT,SelectQuote Inc. Common Stock,$0.4274,-0.0032,-0.743%,479446,76616494.00,United States,2020,Specialty Insurers,Finance
SLRC,SLR Investment Corp. Common Stock,$11.71,0.07,0.601%,422252,638834764.00,United States,2010,Finance/Investors Services,Finance
SLS,SELLAS Life Sciences Group Inc. Common Stock,$11.51,-0.08,-0.69%,3267355,2324395111.00,United States,,Biotechnology: Pharmaceutical Preparations,Health Care
SLSN,Solesence Inc. Common Stock,$0.82,-0.012,-1.442%,15565,57930577.00,United States,,Package Goods/Cosmetics,Consumer Discretionary
SLSR,Solaris Resources Inc. Common Shares,$7.05,0.09,1.293%,145739,1177599062.00,,2024,,
SLVM,Sylvamo Corporation Common Stock,$34.02,-0.96,-2.744%,321219,1352643467.00,United States,2021,Paper,Basic Materials
SLXN,Silexion Therapeutics Corp Ordinary Shares,$0.3184,0.07,28.18%,256569233,3514101.00,Israel,,Biotechnology: Biological Products (No Diagnostic Substances),Health Care
SLXNW,Silexion Therapeutics Corp Warrant,$0.0054,-0.0045,-45.455%,10306,59598.00,Israel,,Biotechnology: Biological Products (No Diagnostic Substances),Health Care
SM,SM Energy Company Common Stock,$33.11,-0.44,-1.311%,3423215,7875348191.00,United States,,Oil & Gas Production,Energy
SMA,SmartStop Self Storage REIT Inc. Common Stock,$32.35,1.15,3.686%,1279129,1791184012.00,United States,2025,Real Estate Investment Trusts,Real Estate
SMBC,Southern Missouri Bancorp Inc. Common Stock,$70.95,-0.55,-0.769%,58770,781392145.00,United States,,Banks,Finance
SMBK,SmartFinancial Inc. Common Stock,$49.54,-0.22,-0.442%,120760,847058352.00,United States,,Major Banks,Finance
SMC,Summit Midstream Corporation Common Stock,$30.22,-0.44,-1.435%,110455,613710329.00,United States,2012,Natural Gas Distribution,Utilities
SMCI,Super Micro Computer Inc. Common Stock,$41.02,-0.76,-1.819%,25272942,26948720052.00,United States,2020,Computer Manufacturing,Technology
SMCIP,Super Micro Computer Inc. Depositary Shares representing a 1/20th Interest in a Share of 7% Series A Mandatory Convertible Preferred Stock,$68.74,-1.19,-1.702%,675626,45159800496.00,United States,,Computer Manufacturing,Technology
SMFG,Sumitomo Mitsui Financial Group Inc Unsponsored American Depositary Shares (Japan),$26.02,-0.41,-1.551%,1487799,118686323669.00,Japan,,Commercial Banks,Finance
SMG,Scotts Miracle-Gro Company (The) Common Stock,$49.50,1.06,2.188%,1907178,2881903563.00,United States,1992,Agricultural Chemicals,Industrials
SMHI,SEACOR Marine Holdings Inc. Common Stock ,$8.23,-0.24,-2.834%,72554,223303158.00,United States,2017,Marine Transportation,Consumer Discretionary
SMID,Smith-Midland Corporation Common Stock,$23.50,-0.61,-2.53%,8559,124658241.00,United States,,Building Materials,Industrials
SMJF,SMJ International Holdings Inc. Class A Ordinary Shares,$2.57,0.34,15.247%,1485209,71201850.00,,2025,RETAIL: Building Materials,Consumer Discretionary
SMMT,Summit Therapeutics Inc. Common Stock ,$16.39,0.91,5.879%,27339975,13075115977.00,United States,2015,Biotechnology: Pharmaceutical Preparations,Health Care
SMP,Standard Motor Products Inc. Common Stock,$37.50,-0.34,-0.899%,113532,837760988.00,United States,,Auto Parts:O.E.M.,Consumer Discretionary
SMPL,The Simply Good Foods Company Common Stock,$9.61,0.01,0.104%,1487282,850105837.00,United States,,Packaged Foods,Consumer Staples
SMR,NuScale Power Corporation Class A Common Stock,$7.76,-0.15,-1.896%,29745583,3334652591.00,United States,2022,Metal Fabrications,Industrials
SMRT,SmartRent Inc. Class A Common Stock,$1.18,-0.01,-0.84%,497597,226101923.00,United States,,EDP Services,Technology
SMSI,Smith Micro Software Inc. Common Stock,$2.66,0.01,0.377%,12521,14869081.00,United States,1995,Computer Software: Prepackaged Software,Technology
SMTC,Semtech Corporation Common Stock,$180.10,5.32,3.044%,2743107,16807945243.00,United States,,Semiconductors,Technology
SMTI,Sanara MedTech Inc. Common Stock,$35.09,-0.01,-0.028%,85419,322408148.00,United States,,Industrial Specialties,Health Care
SMTK,SmartKem Inc. Common Stock,$1.59,-0.16,-9.143%,54921,1646920.00,United States,,Semiconductors,Technology
SMWB,Similarweb Ltd. Ordinary Shares,$7.69,0.10,1.318%,432079,668772016.00,,2021,Computer Software: Programming Data Processing,Technology
SMX,SMX (Security Matters) Public Limited Company Ordinary Shares,$7.30,0.48,7.038%,62455,7946838.00,Ireland,,Industrial Machinery/Components,Technology
SMXT,Solarmax Technology Inc. Common Stock,$2.25,-0.03,-1.316%,3611,10669984.00,United States,2024,Engineering & Construction,Consumer Discretionary
SMXWW,SMX (Security Matters) Public Limited Company Warrant,$0.015,0.0017,12.782%,7069,16329.00,Ireland,,Industrial Machinery/Components,Technology
SN,SharkNinja Inc. Ordinary Shares,$182.44,0.45,0.247%,910320,25700605947.00,United States,2023,Consumer Electronics/Appliances,Consumer Discretionary
SNA,Snap-On Incorporated Common Stock,$367.08,-2.13,-0.577%,171035,18987992678.00,United States,,Industrial Machinery/Components,Consumer Discretionary
SNAL,Snail Inc. Class A Common Stock,$2.40,-0.02,-0.826%,10281,21493946.00,United States,2022,Computer Software: Prepackaged Software,Technology
SNAP,Snap Inc. Class A Common Stock,$5.34,0.12,2.299%,23135107,9030995782.00,United States,2017,Computer Software: Programming Data Processing,Technology
SND,Smart Sand Inc. Common Stock,$5.06,-0.195,-3.711%,194592,214539249.00,United States,2016,Mining & Quarrying of Nonmetallic Minerals (No Fuels),Industrials
SNDA,Sonida Senior Living Inc. Common Stock,$37.61,0.00,0.00%,328561,1807084904.00,United States,,Hospital/Nursing Management,Health Care
SNDK,Sandisk Corporation Common Stock,$1729.76,16.87,0.985%,5963126,253269731170.00,United States,,Electronic Components,Technology
SNDL,SNDL Inc. Common Shares,$1.36,-0.03,-2.158%,1949596,334724346.00,Canada,2019, Medicinal Chemicals and Botanical Products ,Health Care
SNDR,Schneider National Inc. Common Stock,$31.98,0.40,1.267%,655410,5606122750.00,United States,2017,Trucking Freight/Courier Services,Industrials
SNDX,Syndax Pharmaceuticals Inc. Common Stock,$18.235,0.375,2.10%,1499489,1628332363.00,United States,2016,Biotechnology: Pharmaceutical Preparations,Health Care
SNES,SenesTech Inc. Common Stock,$0.65,0.0179,2.832%,33424,3525302.00,United States,2016,Agricultural Chemicals,Industrials
SNEX,StoneX Group Inc. Common Stock,$65.25,-0.65,-0.986%,588598,7870241959.00,United States,,Investment Bankers/Brokers/Service,Finance
SNFCA,Security National Financial Corporation Class A Common Stock,$8.80,0.00,0.00%,18519,240920143.00,United States,,Finance: Consumer Services,Finance
SNGX,Soligenix Inc. Common Stock,$0.365,-0.0124,-3.286%,406758,7944400.00,United States,,Biotechnology: Pharmaceutical Preparations,Health Care
SNN,Smith & Nephew SNATS Inc. Common Stock,$26.95,-0.13,-0.48%,673050,11284195800.00,United Kingdom,,Industrial Specialties,Health Care
SNOA,Sonoma Pharmaceuticals Inc. Common Stock,$1.245,-0.015,-1.19%,7612,5961589.00,United States,2007,Medical/Dental Instruments,Health Care
SNOW,Snowflake Inc. Common Stock,$330.31,2.19,0.667%,5712989,116533368000.00,United States,2020,Computer Software: Prepackaged Software,Technology
SNPS,Synopsys Inc. Common Stock,$415.09,-2.52,-0.603%,1615498,79546455388.00,United States,1992,Computer Software: Prepackaged Software,Technology
SNSC,SunScout Holding Limited Class A Ordinary Shares,$1.27,0.04,3.252%,13519,48387000.00,,2026,Semiconductors,Technology
SNT,Senstar Technologies Corporation Common Shares,$1.60,-0.04,-2.439%,5210,37330645.00,Canada,,Telecommunications Equipment,Telecommunications
SNTG,Sentage Holdings Inc. Class A Ordinary Shares,$1.75,0.03,1.744%,24725,4909319.00,China,2021,Finance: Consumer Services,Finance
SNTI,Senti Biosciences Holdings Inc. Common Stock,$0.3075,-0.0025,-0.806%,292772,9577012.00,United States,2021,Biotechnology: Biological Products (No Diagnostic Substances),Health Care
SNUS^H,Santander Holdings USA Inc. Depositary Shares Each Representing a 1/1000th Interest in a Share of Fixed-Rate Reset Non-Cumulative Perpetual Preferred Stock Series H,$20.92,0.00,0.00%,20407,,,,,
SNUS^I,Santander Holdings USA Inc. Depositary Shares Each Representing a 1/40th Interest in a Share of Fixed-Rate Reset Non-Cumulative Perpetual Preferred Stock Series I,$25.39,0.05,0.197%,32169,,,,,
SNWV,SANUWAVE Health Inc. Common Stock,$4.74,0.09,1.935%,36474,40774945.00,United States,,Medical/Dental Instruments,Health Care
SNX,TD SYNNEX Corporation Common Stock,$258.19,1.44,0.561%,1008680,20644550179.00,United States,2003,Retail: Computer Software & Peripheral Equipment,Technology
SNY,Sanofi ADS,$40.74,-0.44,-1.068%,3040467,99358919782.00,France,,Biotechnology: Pharmaceutical Preparations,Health Care
SO,Southern Company (The) Common Stock,$83.45,1.10,1.336%,9859864,95997789513.00,United States,,Electric Utilities: Central,Utilities
SOAR,Volato Group Inc. Class A Common Stock,$0.39,0.0712,22.334%,198311068,20916967.00,,2022,Transportation Services,Consumer Discretionary
SOBO,South Bow Corporation Common Shares,$33.26,-0.75,-2.205%,648278,6937524694.00,Canada,2024,Natural Gas Distribution,Energy
SOC,Sable Offshore Corp. Common Stock,$3.40,-0.17,-4.762%,12900922,652356545.00,United States,2021,Oil & Gas Production,Energy
SOCA,Solarius Capital Acquisition Corp. Class A Ordinary Share,$10.34,0.00,0.00%,10,0.00,United States,2025,,
SOCAU,Solarius Capital Acquisition Corp. Units,$10.40,0.00,0.00%,4,0.00,United States,2025,Blank Checks,Finance
SOFI,SoFi Technologies Inc. Common Stock  ,$15.91,-0.02,-0.126%,36075414,20548883855.00,United States,,Finance: Consumer Services,Finance
SOGP,Sound Group Inc. American Depositary Shares,$11.85,-0.18,-1.496%,3304,49463630.00,China,2020,Computer Software: Programming Data Processing,Technology
SOHU,Sohu.com Limited American Depositary Shares,$13.11,0.01,0.076%,31038,341764878.00,China,,EDP Services,Technology
SOJC,Southern Company (The) Series 2017B 5.25% Junior Subordinated Notes due December 1 2077,$18.50,-0.13,-0.698%,65536,20350877030.00,United States,2017,Electric Utilities: Central,Utilities
SOJD,Southern Company (The) Series 2020A 4.95% Junior Subordinated Notes due January 30 2080,$17.44,-0.11,-0.627%,140590,19184826778.00,United States,2020,Electric Utilities: Central,Utilities
SOJE,Southern Company (The) Series 2020C 4.20% Junior Subordinated Notes due October 15 2060,$15.51,-0.14,-0.895%,97111,16976714581.00,United States,2020,Electric Utilities: Central,Utilities
SOJF,Southern Company (The) Series 2025A 6.50% Junior Subordinated Notes due March 15 2085,$22.65,-0.51,-2.202%,70481,0.00,United States,2025,Electric Utilities: Central,Utilities
SOLS,Solstice Advanced Materials Inc. Common Stock ,$56.01,-0.92,-1.616%,1785198,8897041138.00,United States,,Major Chemicals,Industrials
SOLV,Solventum Corporation Common Stock,$89.32,-0.22,-0.246%,848820,15204383474.00,United States,2024,Medical/Dental Instruments,Health Care
SOMN,Southern Company (The) 2025 Series A Corporate Units,$45.12,0.48,1.075%,4018974,51904377026.00,United States,,Electric Utilities: Central,Utilities
SON,Sonoco Products Company Common Stock,$49.61,-0.36,-0.72%,867360,4905188899.00,United States,,Containers/Packaging,Consumer Discretionary
SONM,DNA X Inc. Common Stock,$4.19,-0.16,-3.678%,18543,6235843.00,United States,2019,Telecommunications Equipment,Utilities
SONO,Sonos Inc. Common Stock,$17.85,-0.12,-0.668%,2205149,2111547525.00,United States,2018,Consumer Electronics/Appliances,Consumer Staples
SONY,Sony Group Corporation American Depositary Shares ,$23.37,0.04,0.171%,3594083,137790748187.00,Japan,,Consumer Electronics/Appliances,Consumer Staples
SOPH,SOPHiA GENETICS SA Ordinary Shares,$8.30,-0.19,-2.238%,315163,706560948.00,Switzerland,2021,EDP Services,Technology
SOR,Source Capital Inc. Cmn Shs of BI,$45.24,-0.01,-0.022%,9902,377504411.00,United States,,Investment Managers,Finance
SORA,AsiaStrategy Ordinary Shares,$2.351,0.271,13.029%,33845,58455264.00,Hong Kong,2025,Other Specialty Stores,Industrials
SORN,Soren Acquisition Corp. Class A Ordinary Shares,$10.02,0.00,0.00%,13,0.00,United States,2026,Blank Checks,Finance
SOS,SOS Limited Class A Ordinary Shares,$0.3588,0.0214,6.343%,640728,6519511.00,China,,Investment Bankers/Brokers/Service,Finance
SOTK,Sono-Tek Corporation Common Stock,$4.98,-0.12,-2.353%,42756,78269281.00,United States,,Industrial Machinery/Components,Technology
SOUL,Soulpower Acquisition Corporation Class A Ordinary Shares,$10.485,0.005,0.048%,1025,0.00,,2025,Publishing,Consumer Discretionary
SOUN,SoundHound AI Inc Class A Common Stock,$5.84,0.01,0.172%,14915160,2809067349.00,United States,,Computer Software: Prepackaged Software,Technology
SOUNW,SoundHound AI Inc. Warrant,$0.5895,0.0195,3.421%,23318,283552261.00,United States,2021,Computer Software: Prepackaged Software,Technology
SOWG,Sow Good Inc. Common Stock,$2.26,0.06,2.727%,1532,45425758.00,United States,,Packaged Foods,Consumer Staples
SPAI,Safe Pro Group Inc. Common Stock,$4.455,0.435,10.821%,187936,90716550.00,United States,2024,Computer Software: Prepackaged Software,Technology
SPB,Spectrum Brands Holdings Inc. Common Stock,$80.63,-2.21,-2.668%,372469,1854134905.00,United States,,Industrial Machinery/Components,Miscellaneous
SPCB,SuperCom Ltd. Ordinary Shares (Israel),$9.18,0.12,1.325%,61209,57654549.00,Israel,,Semiconductors,Technology
SPCE,Virgin Galactic Holdings Inc. Common Stock,$3.04,-0.10,-3.185%,4233819,460851545.00,United States,2017,Transportation Services,Consumer Discretionary
SPCX,Space Exploration Technologies Corp. Class A Common Stock,$149.24,3.77,2.592%,80056984,2025607899315.00,United States,2026,Computer Software: Programming Data Processing,Technology
SPE,Special Opportunities Fund Inc Common Stock,$12.56,-0.25,-1.952%,108349,0.00,United States,,Finance/Investors Services,Finance
SPE^C,Special Opportunities Fund Inc. 2.75% Convertible Preferred Stock Series C,$24.7501,0.00,0.00%,14,,United States,,,
SPEG,Silver Pegasus Acquisition Corp Class A Ordinary Shares,$10.42,0.04,0.385%,1102,0.00,United States,2025,,
SPEGR,Silver Pegasus Acquisition Corp Rights.,$0.1699,0.00,0.00%,1037,0.00,United States,2025,,
SPEGU,Silver Pegasus Acquisition Corp Unit,$10.48,0.00,0.00%,192,0.00,United States,2025,,
SPFI,South Plains Financial Inc. Common Stock,$41.80,-0.52,-1.229%,102626,787474589.00,United States,2019,Major Banks,Finance
SPG,Simon Property Group Inc. Common Stock,$204.28,-0.25,-0.122%,1165253,66095103484.00,United States,,Real Estate Investment Trusts,Real Estate
SPG^J,Simon Property Group Inc. Simon Property Group 8 3/8% Series J Cumulative Redeemable Preferred Stock,$54.58,0.246,0.453%,224,,United States,,,
SPGI,S&P Global Inc. Common Stock,$392.45,-3.47,-0.876%,3368076,115694260000.00,United States,,Finance: Consumer Services,Finance
SPH,Suburban Propane Partners L.P. Common Stock,$16.61,0.14,0.85%,329540,1108092748.00,United States,1996,Other Specialty Stores,Consumer Discretionary
SPHL,Springview Holdings Ltd Class A Ordinary Shares,$2.40,-0.34,-12.409%,24745,29428752.00,Singapore,2024,Homebuilding,Consumer Discretionary
SPHR,Sphere Entertainment Co. Class A Common Stock,$134.30,-4.42,-3.186%,415735,4823197420.00,United States,2020,Services-Misc. Amusement & Recreation,Consumer Discretionary
SPIR,Spire Global Inc. Class A Common Stock,$11.15,-0.59,-5.026%,694953,452939437.00,United States,2020,Telecommunications Equipment,Consumer Discretionary
SPKL,Spark I Acquisition Corp. Class A Ordinary Share,$11.53,-0.03,-0.26%,22338,0.00,United States,2023,,
SPKLW,Spark I Acquisition Corp. Warrant,$0.98,-0.06,-5.769%,1434,0.00,United States,2023,,
SPMA,Sound Point Meridian Capital Inc. 8.00% Series A Preferred Shares Due 2029,$24.90,-0.01,-0.04%,5619,0.00,,,,
SPMC,Sound Point Meridian Capital Inc. Common Stock,$8.34,0.02,0.24%,13568,0.00,,2024,,
SPME,Sound Point Meridian Capital Inc. 7.875% Series B Preferred Shares due 2030,$24.71,-0.14,-0.563%,6990,0.00,,,,
SPNT,SiriusPoint Ltd. Common Shares,$24.84,0.01,0.04%,702822,2885538997.00,Bermuda,2013,Property-Casualty Insurers,Finance
SPOK,Spok Holdings Inc. Common Stock,$10.41,0.04,0.386%,90557,217757806.00,United States,,Telecommunications Equipment,Telecommunications
SPOT,Spotify Technology S.A. Ordinary Shares,$493.66,-3.85,-0.774%,1513350,101611285279.00,Luxembourg,2018,Broadcasting,Consumer Discretionary
SPPL,SIMPPLE LTD. Ordinary Shares,$2.00,-0.06,-2.913%,118939,19572368.00,Singapore,2023,Diversified Commercial Services,Consumer Discretionary
SPRB,Spruce Biosciences Inc. Common Stock,$47.27,-0.24,-0.505%,84224,135854595.00,United States,2020,Biotechnology: Pharmaceutical Preparations,Health Care
SPRC,SciSparc Ltd. Ordinary Shares,$4.705,-0.205,-4.175%,15799,2733478.00,Israel,,Biotechnology: Pharmaceutical Preparations,Health Care
SPRO,Spero Therapeutics Inc. Common Stock,$1.20,0.01,0.84%,334914,69881792.00,United States,2017,Biotechnology: Pharmaceutical Preparations,Health Care
SPRU,Spruce Power Holding Corporation Class A Common Stock,$1.79,-0.02,-1.105%,61385,34461413.00,United States,2019,Electric Utilities: Central,Utilities
SPRY,ARS Pharmaceuticals Inc. Common Stock,$4.40,0.27,6.538%,1274730,437568309.00,United States,2020,Biotechnology: Pharmaceutical Preparations,Health Care
SPSC,SPS Commerce Inc. Common Stock,$82.15,1.14,1.407%,397213,2957414294.00,United States,2010,Computer Software: Prepackaged Software,Technology
SPT,Sprout Social Inc Class A Common Stock,$9.41,-0.06,-0.634%,905971,570172715.00,United States,2019,Computer Software: Prepackaged Software,Technology
SPTX,Seaport Therapeutics Inc. Common Stock,$18.69,-0.95,-4.837%,288877,1000485980.00,United States,2026,Biotechnology: Pharmaceutical Preparations,Health Care
SPWH,Sportsman's Warehouse Holdings Inc. Common Stock,$1.13,-0.035,-3.004%,128451,44229855.00,United States,2014,Other Specialty Stores,Consumer Discretionary
SPWR,SunPower Inc. Common Stock,$0.3005,0.00,0.00%,2291807,96250254.00,United States,,Semiconductors,Technology
SPWRW,SunPower Inc. Warrants,$0.0214,-0.0036,-14.40%,18473,6854427.00,United States,,Semiconductors,Technology
SPXC,SPX Technologies Inc. Common Stock,$170.63,0.52,0.306%,726348,8546150292.00,United States,,Industrial Machinery/Components,Industrials
SPXX,Nuveen S&P 500 Dynamic Overwrite Fund,$18.43,0.03,0.163%,265722,0.00,United States,,Trusts Except Educational Religious and Charitable,Finance
SQFT,Presidio Property Trust Inc. Class A Common Stock,$1.34,0.00,0.00%,19930,1922139.00,United States,2020,Real Estate Investment Trusts,Real Estate
SQFTP,Presidio Property Trust Inc. 9.375% Series D Cumulative Redeemable Perpetual Preferred Stock $0.01 par value per share,$6.62,-0.02,-0.301%,1034,9495940.00,United States,,Real Estate Investment Trusts,Real Estate
SQFTW,Presidio Property Trust Inc. Series A Common Stock Purchase Warrants,$0.0141,0.004,39.604%,305,20225.00,United States,,Real Estate Investment Trusts,Real Estate
SQM,Sociedad Quimica y Minera S.A. Common Stock,$66.08,0.92,1.412%,1070625,18874946353.00,Chile,1993,Mining & Quarrying of Nonmetallic Minerals (No Fuels),Industrials
SQNS,Sequans Communications S.A. American Depositary Shares (each representing one hundred (100) Ordinary Shares),$2.75,0.03,1.103%,10742,41188579.00,France,,Semiconductors,Technology
SR,Spire Inc. Common Stock,$76.77,-0.07,-0.091%,477588,4538090193.00,United States,,Oil/Gas Transmission,Utilities
SRAD,Sportradar Group AG Class A Ordinary Shares,$11.56,-0.92,-7.372%,2948110,3603915128.00,Switzerland,2021,Computer Software: Programming Data Processing,Technology
SRBK,SR Bancorp Inc. Common stock,$19.04,-0.04,-0.21%,17953,151013780.00,United States,2023,Banks,Finance
SRCE,1st Source Corporation Common Stock,$84.91,-0.62,-0.725%,68476,2044787846.00,United States,,Major Banks,Finance
SRE,DBA Sempra Common Stock,$78.18,1.29,1.678%,3287842,51121929207.00,United States,,Natural Gas Distribution,Utilities
SREA,DBA Sempra 5.750% Junior Subordinated Notes due 2079,$18.80,-0.13,-0.687%,78795,11903142450.00,United States,2019,Natural Gas Distribution,Utilities
SRFM,Surf Air Mobility Inc. Common Stock,$1.20,0.01,0.84%,5085643,148373092.00,United States,2023,Transportation Services,Consumer Discretionary
SRG,Seritage Growth Properties Class A Common Stock,$1.72,-0.03,-1.714%,92471,96878324.00,United States,2015,Real Estate,Finance
SRG^A,Seritage Growth Properties 7.00% Series A Cumulative Redeemable Preferred Shares of Beneficial Interest,$21.105,-0.05,-0.236%,343,,United States,,,
SRI,Stoneridge Inc. Common Stock,$6.71,0.04,0.60%,112980,191388485.00,United States,1997,Auto Parts:O.E.M.,Consumer Discretionary
SRJN,Spire Inc. 6.375% Junior Subordinated Notes due 2086,$21.61,0.13,0.605%,66360,0.00,United States,,Oil/Gas Transmission,Utilities
SRL,Scully Royalty Ltd.,$5.00,-0.2114,-4.056%,13132,76131755.00,Canada,,Precious Metals,Industrials
SRPT,Sarepta Therapeutics Inc. Common Stock (DE),$18.64,-0.16,-0.851%,1368651,1968887671.00,United States,,Biotechnology: Pharmaceutical Preparations,Health Care
SRRK,Scholar Rock Holding Corporation Common Stock,$47.75,-1.38,-2.809%,1066834,5815247216.00,United States,2018,Biotechnology: Biological Products (No Diagnostic Substances),Health Care
SRTA,Strata Critical Medical Inc. Class A Common Stock,$5.10,-0.13,-2.486%,1216166,451180711.00,United States,2019,Medical/Nursing Services,Health Care
SRTS,Sensus Healthcare Inc. Common Stock,$3.07,0.075,2.504%,39666,50538521.00,United States,2016,Medical/Dental Instruments,Health Care
SRV,NXG Cushing Midstream Energy Fund Common Shares of Beneficial Interest,$41.24,-0.41,-0.984%,65760,0.00,United States,,Finance Companies,Finance
SRXH,SRX Global Inc. Common Stock,$1.60,0.02,1.266%,401147,32424626.00,,2021,Beverages (Production/Distribution),Consumer Staples
SRZN,Surrozen Inc. Common Stock,$31.98,2.34,7.895%,558168,375878785.00,United States,,Biotechnology: Biological Products (No Diagnostic Substances),Health Care
SSAC,SPACSphere Acquisition Corp. Class A Ordinary Shares,$10.1215,0.0015,0.015%,430,0.00,United States,2026,Blank Checks,Finance
SSACU,SPACSphere Acquisition Corp. Unit,$10.31,0.00,0.00%,138,0.00,United States,2026,Blank Checks,Finance
SSB,SouthState Bank Corporation Common Stock,$100.09,-1.60,-1.573%,621886,9706181108.00,United States,,Major Banks,Finance
SSBI,Summit State Bank Common Stock,$12.442,0.00,0.00%,935,83027083.00,United States,2006,Major Banks,Finance
SSD,Simpson Manufacturing Company Inc. Common Stock,$173.99,-0.80,-0.458%,225920,7130924821.00,United States,,Industrial Machinery/Components,Consumer Discretionary
SSEA,Starry Sea Acquisition Corp	Ordinary Shares,$10.37,0.02,0.193%,5226,0.00,United States,2025,Blank Checks,Finance
SSEAR,Starry Sea Acquisition Corp Rights,$0.0701,-0.0299,-29.90%,1363,0.00,United States,2025,Blank Checks,Finance
SSII,SS Innovations International Inc. Common Stock,$2.89,0.00,0.00%,54574,579113907.00,India,,Medical/Dental Instruments,Health Care
SSL,Sasol Ltd. American Depositary Shares,$13.85,-0.08,-0.574%,1297084,8971499130.00,South Africa,,Oil & Gas Production,Energy
SSM,Sono Group N.V. Ordinary Shares,$1.13,0.03,2.727%,165998,1610062.00,Germany,,Semiconductors,Technology
SSMR,Sunshine Silver Mining & Refining Company Common Stock,$14.91,0.02,0.134%,252002,2142963651.00,,2026,Precious Metals,Basic Materials
SSNC,SS&C Technologies Holdings Inc. Common Stock,$77.59,-0.41,-0.526%,1221004,18206881140.00,United States,2010,Computer Software: Prepackaged Software,Technology
SSP,E.W. Scripps Company (The) Class A Common Stock,$2.61,-0.08,-2.974%,508316,241866067.00,United States,,Broadcasting,Industrials
SSRM,SSR Mining Inc. Common Stock,$33.94,0.10,0.296%,1696565,6920682049.00,Canada,,Precious Metals,Industrials
SST,System1 Inc. Class A Common Stock,$2.70,-0.01,-0.369%,122702,28319352.00,United States,2020,Computer Software: Programming Data Processing,Technology
SSTI,SoundThinking Inc. Common Stock,$8.21,2.74,50.091%,5135075,108074716.00,United States,2017,Computer Software: Prepackaged Software,Technology
SSTK,Shutterstock Inc. Common Stock,$4.02,-0.04,-0.985%,926433,148529690.00,United States,2012,EDP Services,Technology
SSYS,Stratasys Ltd. Ordinary Shares (Israel),$8.51,0.11,1.31%,788084,733328307.00,United States,1994,Computer peripheral equipment,Technology
ST,Sensata Technologies Holding plc Ordinary Shares,$41.91,0.17,0.407%,945737,6099407976.00,Netherlands,2010,Industrial Machinery/Components,Industrials
STAA,STAAR Surgical Company Common Stock,$22.43,1.56,7.475%,1656754,1124729561.00,United States,,Ophthalmic Goods,Health Care
STAG,Stag Industrial Inc. Common Stock,$36.89,-0.12,-0.324%,1806063,7112699257.00,United States,2011,Real Estate Investment Trusts,Real Estate
STAK,STAK Inc. Class A Ordinary Shares,$1.11,-0.08,-6.723%,308266,21323487.00,China,2025,Oil and Gas Field Machinery,Consumer Discretionary
STBA,S&T Bancorp Inc. Common Stock,$48.76,-0.35,-0.713%,256790,1719545390.00,United States,,Major Banks,Finance
STC,Stewart Information Services Corporation Common Stock,$56.76,-0.78,-1.356%,300926,1732440015.00,United States,,Specialty Insurers,Finance
STDN,Standard Nuclear Inc. Class A Common Stock,$12.02,0.49,4.25%,483632,1881740075.00,,2026,Major Chemicals,Basic Materials
STE,STERIS plc (Ireland) Ordinary Shares,$210.65,-0.35,-0.166%,454460,20538398172.00,United States,,Industrial Specialties,Health Care
STEM,Stem Inc. Class A Common Stock,$4.67,0.12,2.637%,93367,44956894.00,United States,1992,EDP Services,Technology
STEP,StepStone Group Inc. Class A Common Stock,$43.15,0.04,0.093%,713328,5207198224.00,United States,2020,Investment Managers,Finance
STEW,SRH Total Return Fund Inc. Common Stock,$17.57,0.00,0.00%,64704,0.00,United States,,Investment Managers,Finance
STEX,Streamex Corp. Common Stock,$0.6756,-0.0292,-4.143%,782809,78684036.00,United States,,Finance: Consumer Services,Finance
STFS,Star Fashion Culture Holdings Limited Class A Ordinary Shares,$3.63,0.095,2.687%,77928,55153407.00,China,2024,Advertising,Consumer Discretionary
STG,Sunlands Technology Group American Depositary Shares representing Class A ordinary shares,$2.92,0.00,0.00%,268,39107548.00,,2018,Other Consumer Services,Real Estate
STGW,Stagwell Inc. Class A Common Stock,$8.18,-0.04,-0.487%,1005851,1999809189.00,Canada,,Advertising,Consumer Discretionary
STHO,Star Holdings Shares of Beneficial Interest,$8.58,0.11,1.299%,32693,103657837.00,United States,,Real Estate,Real Estate
STI,Solidion Technology Inc. Common Stock,$6.68,0.00,0.00%,89076,58295077.00,United States,2022,Industrial Machinery/Components,Miscellaneous
STIM,Neuronetics Inc. Common Stock,$2.36,-0.195,-7.632%,1270628,179825444.00,United States,2018,Medical/Dental Instruments,Health Care
STK,Columbia Seligman Premium Technology Growth Fund Inc,$52.87,0.88,1.693%,52430,0.00,United States,2009,Investment Managers,Finance
STKE,Sol Strategies Inc. Common Shares,$1.60,-0.07,-4.192%,449998,63179006.00,Canada,,,
STKH,Steakholder Foods Ltd. American Depositary Shares,$1.46,-0.17,-10.429%,58908,1625898.00,Israel,2021,Packaged Foods,Consumer Staples
STKS,The ONE Group Hospitality Inc. Common Stock,$1.67,0.00,0.00%,15697,52920670.00,United States,,Restaurants,Consumer Discretionary
STLA,Stellantis N.V. Common Shares,$4.43,-0.19,-4.113%,41006225,12835850558.00,United Kingdom,2014,Auto Manufacturing,Industrials
STLD,Steel Dynamics Inc.,$221.90,-8.49,-3.685%,1174669,31804502727.00,United States,1996,Steel/Iron Ore,Industrials
STLN,Starling Oncology Inc. Common Stock,$6.51,-0.13,-1.958%,972923,663473909.00,United States,2020,Medical/Nursing Services,Health Care
STLNW,Starling Oncology Inc. Warrant,$0.0489,0.0161,49.085%,1061,4983698.00,United States,2020,Medical/Nursing Services,Health Care
STM,STMicroelectronics N.V. Common Stock,$53.24,0.50,0.948%,9078528,47519106821.00,Switzerland,,Semiconductors,Technology
STN,Stantec Inc Common Stock,$67.24,-1.48,-2.154%,335852,7557756030.00,Canada,,Military/Government/Technical,Consumer Discretionary
STNE,StoneCo Ltd. Class A Common Shares,$9.28,0.01,0.108%,5450068,2289512110.00,Brazil,2018,EDP Services,Technology
STNG,Scorpio Tankers Inc. Common Shares,$83.57,0.38,0.457%,1284351,4325816360.00,Monaco,2010,Marine Transportation,Consumer Discretionary
STOK,Stoke Therapeutics Inc. Common Stock,$25.88,0.38,1.49%,1076566,1669939143.00,United States,2019,Biotechnology: Pharmaceutical Preparations,Health Care
STRA,Strategic Education Inc. Common Stock,$75.78,-0.13,-0.171%,214945,1682888821.00,United States,1996,Other Consumer Services,Real Estate
STRC,Strategy Inc Variable Rate Series A Perpetual Stretch Preferred Stock,$99.56,0.46,0.464%,1945327,41864681619.00,United States,,Computer Software: Prepackaged Software,Technology
STRD,Strategy Inc 10.00% Series A Perpetual Stride Preferred Stock,$72.98,0.43,0.593%,68602,30687871279.00,United States,,Computer Software: Prepackaged Software,Technology
STRF,Strategy Inc 10.00% Series A Perpetual Strife Preferred Stock,$103.83,0.28,0.27%,40200,43660203821.00,United States,,Computer Software: Prepackaged Software,Technology
STRK,Strategy Inc 8.00% Series A Perpetual Strike Preferred Stock,$74.66,-0.49,-0.652%,87602,31394306244.00,United States,,Computer Software: Prepackaged Software,Technology
STRL,Sterling Infrastructure Inc. Common Stock,$504.94,6.58,1.32%,372667,15445366279.00,United States,,Military/Government/Technical,Industrials
STRO,Sutro Biopharma Inc. Common Stock,$16.10,0.07,0.437%,202482,266956853.00,United States,2018,Biotechnology: Biological Products (No Diagnostic Substances),Health Care
STRR,Star Equity Holdings Inc. Common Stock,$9.75,-0.10,-1.015%,2020,35971679.00,United States,,Professional Services,Consumer Discretionary
STRRP,Star Equity Holdings Inc. 10% Series A Cumulative Perpetual Preferred Stock,$9.25,-0.01,-0.108%,8417,34126978.00,United States,,Professional Services,Consumer Discretionary
STRT,STRATTEC SECURITY CORPORATION Common Stock,$66.55,-0.04,-0.06%,84265,265202615.00,United States,,Auto Parts:O.E.M.,Consumer Discretionary
STRW,Strawberry Fields REIT Inc. Common Stock,$13.10,0.00,0.00%,96380,185461102.00,United States,2023,Real Estate Investment Trusts,Real Estate
STRZ,Starz Entertainment Corp. Common Shares,$22.18,0.68,3.163%,1022851,379814113.00,United States,,Movies/Entertainment,Consumer Discretionary
STT,State Street Corporation Common Stock,$177.78,-1.95,-1.085%,2210227,48836479782.00,United States,,Major Banks,Finance
STT^G,State Street Corporation Depositary shares each representing a 1/4000th ownership interest in a share of Fixed-to-Floating Rate Non-Cumulative,$19.65,-0.06,-0.304%,84544,,United States,,,
STTK,Shattuck Labs Inc. Common Stock,$6.54,0.11,1.711%,956839,656375675.00,United States,2020,Biotechnology: Pharmaceutical Preparations,Health Care
STUB,StubHub Holdings Inc. Class A Common Stock,$5.31,0.01,0.189%,8728965,2028897719.00,United States,2025,Services-Misc. Amusement & Recreation,Consumer Discretionary
STVN,Stevanato Group S.p.A. Ordinary Shares,$21.20,-0.21,-0.981%,205908,5787678313.00,Italy,2021,Medical/Dental Instruments,Health Care
STWD,STARWOOD PROPERTY TRUST INC. Starwood Property Trust Inc.,$14.36,0.04,0.279%,5053670,5315626122.00,United States,2009,Real Estate Investment Trusts,Real Estate
STX,Seagate Technology Holdings PLC Ordinary Shares (Ireland),$913.45,-8.06,-0.875%,2597380,208922960411.00,Ireland,2002,Electronic Components,Technology
STXS,Stereotaxis Inc. Common Stock,$1.25,-0.01,-0.794%,710838,125252723.00,United States,,Biotechnology: Electromedical & Electrotherapeutic Apparatus,Health Care
STZ,Constellation Brands Inc. Common Stock,$112.77,-0.15,-0.133%,1578509,19258684002.00,United States,,Beverages (Production/Distribution),Consumer Staples
SU,Suncor Energy  Inc. Common Stock,$67.51,-1.26,-1.832%,2405377,78961695106.00,Canada,,Integrated oil Companies,Energy
SUGP,SU Group Holdings Limited Class A Ordinary Shares,$0.5146,-0.0151,-2.851%,22758439,1197216.00,Hong Kong,2024,Diversified Commercial Services,Consumer Discretionary
SUI,Sun Communities Inc. Common Stock,$111.89,-0.39,-0.347%,959243,13628309079.00,United States,1993,Real Estate Investment Trusts,Real Estate
SUIG,Sui Group Holdings Limited Common Stock,$1.62,0.02,1.25%,926922,124420653.00,United States,,Finance: Consumer Services,Finance
SUJA,Suja Life Inc. Class A Common Stock,$9.78,0.84,9.396%,294693,377752617.00,United States,2026,Beverages (Production/Distribution),Consumer Staples
SUMA,SUMA Acquisition Corporation Class A Ordinary Shares,$9.95,0.00,0.00%,9,0.00,Canada,2026,,
SUMAR,SUMA Acquisition Corporation Rights,$0.235,0.00,0.00%,900,0.00,Canada,2026,Blank Checks,Finance
SUMAU,SUMA Acquisition Corporation Units,$10.16,-0.08,-0.781%,323,0.00,Canada,2026,Blank Checks,Finance
SUN,Sunoco LP Common Units representing limited partner interests,$72.61,-2.01,-2.694%,596066,14872316312.00,United States,2012,Integrated oil Companies,Energy
SUNB,Sunbelt Rentals Holdings Inc. Common Stock,$73.78,-1.11,-1.482%,4804833,30232454101.00,,2026,Diversified Commercial Services,Consumer Discretionary
SUNC,SunocoCorp LLC Common Units representing limited liability company interests,$73.08,-2.23,-2.961%,452359,3764876830.00,,2025,Integrated oil Companies,Energy
SUNE,SUNation Energy Inc. Common Stock,$2.31,-0.06,-2.532%,79099,15045279.00,United States,,Engineering & Construction,Consumer Discretionary
SUNS,Sunrise Realty Trust Inc. Common Stock,$6.99,-0.07,-0.992%,148226,94475798.00,United States,,Real Estate Investment Trusts,Real Estate
SUPN,Supernus Pharmaceuticals Inc. Common Stock,$43.97,-0.63,-1.413%,551604,2555844762.00,United States,2012,Biotechnology: Pharmaceutical Preparations,Health Care
SUPV,Grupo Supervielle S.A. American Depositary Shares each Representing five Class B shares,$6.96,0.00,0.00%,614364,635757469.00,,2016,Commercial Banks,Finance
SUPX,SuperX AI Technology Limited Ordinary Shares,$7.06,0.06,0.857%,357326,305108737.00,Hong Kong,2024,,
SURG,SurgePays Inc. Common Stock,$0.1507,0.0144,10.565%,8040373,7973299.00,United States,,Advertising,Consumer Discretionary
SUZ,Suzano S.A. American Depositary Shares (each representing One Ordinary Share),$8.52,-0.05,-0.583%,1447033,10770282080.00,Brazil,2018,Paper,Basic Materials
SVAQ,Silicon Valley Acquisition Corp. Class A Ordinary Shares,$10.12,0.01,0.099%,166619,0.00,United States,2026,Blank Checks,Finance
SVAQW,Silicon Valley Acquisition Corp. Warrants,$0.4157,0.0307,7.974%,13385,0.00,United States,2026,Blank Checks,Finance
SVC,Service Properties Trust Common Shares of Beneficial Interest,$6.37,-0.20,-3.044%,1390984,824975439.00,United States,,Real Estate Investment Trusts,Real Estate
SVCC,Stellar V Capital Corp. Class A Ordinary Shares,$10.72,0.00,0.00%,10,0.00,United States,2025,,
SVCCW,Stellar V Capital Corp. Warrant,$0.25,-0.03,-10.714%,12649,0.00,United States,2025,Blank Checks,Finance
SVCO,Silvaco Group Inc. Common Stock,$8.45,0.30,3.681%,350576,286334655.00,United States,2024,Computer Software: Prepackaged Software,Technology
SVIA,Silvia Inc. Common Stock,$3.83,-0.07,-1.795%,1291779,322908985.00,United States,2025,Finance: Consumer Services,Finance
SVIAW,Silvia Inc. Warrant,$0.41,-0.0134,-3.165%,1540,34567280.00,United States,2025,Finance: Consumer Services,Finance
SVIV,Spring Valley Acquisition Corp. IV Class A Ordinary Shares,$10.09,0.01,0.099%,599,0.00,United States,2026,Blank Checks,Finance
SVIVW,Spring Valley Acquisition Corp. IV Warrants,$0.61,0.00,0.00%,1,0.00,United States,2026,Blank Checks,Finance
SVM,Silvercorp Metals Inc. Common Shares,$10.83,0.07,0.651%,1708417,2395754573.00,Canada,,Precious Metals,Basic Materials
SVRA,Savara Inc. Common Stock,$5.08,0.01,0.197%,2034685,1043736876.00,United States,,Biotechnology: Pharmaceutical Preparations,Health Care
SVRE,SaverOne 2014 Ltd. American Depositary Shares,$1.76,-0.35,-16.588%,120515,4399710.00,Israel,2022,EDP Services,Technology
SVREW,SaverOne 2014 Ltd. Warrant,$0.0101,0.0021,26.25%,3057,1090728146.00,Israel,2022,EDP Services,Technology
SVRN,SVRN Inc. Common Stock,$67.33,15.275,29.344%,361279,126298691.00,Greece,,Marine Transportation,Consumer Discretionary
SVV,Savers Value Village Inc. Common Stock,$9.39,0.04,0.428%,1169853,1448465108.00,United States,2023,Other Specialty Stores,Consumer Discretionary
SW,Smurfit WestRock plc Ordinary Shares,$44.38,-0.69,-1.531%,3309279,23278326657.00,Ireland,2024,Containers/Packaging,Consumer Discretionary
SWAG,Stran & Company Inc. Common Stock,$1.44,0.04,2.857%,9390,26841008.00,United States,2021,Advertising,Consumer Discretionary
SWAGW,Stran & Company Inc. Warrant,$0.0029,-0.0003,-9.375%,36759,54055.00,United States,2021,Advertising,Consumer Discretionary
SWBI,Smith & Wesson Brands Inc. Common Stock,$14.06,0.03,0.214%,440733,630445901.00,United States,,Ordnance And Accessories,Industrials
SWIM,Latham Group Inc. Common Stock,$6.14,-0.07,-1.127%,702412,722346968.00,United States,2021,Plastic Products,Industrials
SWK,Stanley Black & Decker Inc. Common Stock,$88.79,0.06,0.068%,1645183,13408767554.00,United States,,Industrial Machinery/Components,Consumer Discretionary
SWKHL,SWK Holdings Corporation 9.00% Senior Notes due 2027,$25.05,0.04,0.16%,4352,304292145.00,United States,,,
SWKS,Skyworks Solutions Inc. Common Stock,$88.04,0.45,0.514%,3309469,13247623727.00,United States,,Semiconductors,Technology
SWMR,Swarmer Inc Common Stock,$16.37,-1.81,-9.956%,2158586,260888379.00,United States,2026,Computer Software: Prepackaged Software,Technology
SWRD,Stewards Inc Common Stock,$2.43,0.05,2.101%,109783,513094410.00,United States,,Finance Companies,Finance
SWVL,Swvl Holdings Corp Class A Common Shares,$4.27,-0.08,-1.839%,20583,128099026.00,United Arab Emirates,,Business Services,Consumer Discretionary
SWX,Southwest Gas Holdings Inc. Common Stock (DE),$82.24,0.37,0.452%,680384,5957946951.00,United States,,Oil & Gas Production,Utilities
SWZ,Total Return Securities Fund Common Stock,$5.73,-0.05,-0.865%,30090,0.00,United States,,Finance Companies,Finance
SXC,SunCoke Energy Inc. Common Stock,$9.33,-0.31,-3.216%,984376,791882351.00,United States,2011,Steel/Iron Ore,Industrials
SXI,Standex International Corporation Common Stock,$273.35,-5.12,-1.839%,184885,3357138458.00,United States,,Industrial Machinery/Components,Industrials
SXT,Sensient Technologies Corporation Common Stock,$128.72,-0.16,-0.124%,357964,5478685032.00,United States,,Major Chemicals,Industrials
SXTC,China SXT Pharmaceuticals Inc. Class A Ordinary Shares,$2.81,0.29,11.508%,872801,3713348.00,China,2019,Biotechnology: Pharmaceutical Preparations,Health Care
SXTP,60 Degrees Pharmaceuticals Inc. Common Stock,$1.25,0.00,0.00%,146885,4396235.00,United States,2023,Biotechnology: Pharmaceutical Preparations,Health Care
SXTPW,60 Degrees Pharmaceuticals Inc. Warrant,$0.0252,-0.0072,-22.222%,2395,88628.00,United States,2023,Biotechnology: Pharmaceutical Preparations,Health Care
SY,So-Young International Inc. American Depository Shares,$2.71,0.02,0.743%,293756,271818883.00,China,2019,EDP Services,Technology
SYBT,Stock Yards Bancorp Inc. Common Stock,$77.25,-0.77,-0.987%,111260,2399898172.00,United States,,Major Banks,Finance
SYF,Synchrony Financial Common Stock,$71.72,0.20,0.28%,2518996,26683967343.00,United States,2014,Finance: Consumer Services,Finance
SYF^A,Synchrony Financial Depositary Shares each Representing a 1/40th Interest in a Share of 5.625% Fixed Rate Non-Cumulative Perpetual Preferred Stock Series A,$18.00,-0.04,-0.222%,101551,,United States,,,
SYF^B,Synchrony Financial Depositary Shares Each Representing a 1/40th Interest in a Share of 8.250% Fixed Rate Reset Non-Cumulative Perpetual Preferred Stock Series B,$25.43,0.08,0.316%,16409,,United States,,,
SYK,Stryker Corporation Common Stock,$278.77,3.46,1.257%,2793525,106928658033.00,United States,,Medical/Dental Instruments,Health Care
SYM,Symbotic Inc. Class A Common Stock,$41.51,-0.49,-1.167%,1086726,25105318899.00,United States,2021,Industrial Machinery/Components,Industrials
SYNA,Synaptics Incorporated Common Stock $0.001 Par Value,$100.79,0.43,0.428%,396547,4000598306.00,United States,2002,Semiconductors,Technology
SYNX,Silynxcom Ltd. Ordinary Shares,$1.03,-0.02,-1.905%,10362,6833473.00,,2024,Consumer Electronics/Appliances,Consumer Staples
SYPR,Sypris Solutions Inc. Common Stock,$1.70,0.00,0.00%,11750,39144936.00,United States,,Industrial Machinery/Components,Industrials
SYRE,Spyre Therapeutics Inc. Common Stock,$84.72,-1.07,-1.247%,1053295,7470081117.00,United States,2016,Biotechnology: Pharmaceutical Preparations,Health Care
SYY,Sysco Corporation Common Stock,$78.49,-0.08,-0.102%,3631068,38610326720.00,United States,,Food Distributors,Consumer Discretionary
SZZL,Sizzle Acquisition Corp. II Class A ordinary shares,$10.49,0.00,0.00%,28,0.00,United States,2025,Blank Checks,Finance
SZZLR,Sizzle Acquisition Corp. II Right,$0.13,-0.02,-13.333%,749,0.00,United States,2025,Blank Checks,Finance
SZZLU,Sizzle Acquisition Corp. II Unit,$10.54,0.00,0.00%,80,0.00,United States,2025,Blank Checks,Finance
T,AT&T Inc.,$24.48,-0.42,-1.687%,33282780,167746400712.00,United States,,Telecommunications Equipment,Telecommunications
T^A,AT&T Inc. Depositary Shares each representing a 1/1000th interest in a share of 5.000% Perpetual Preferred Stock Series A,$17.43,-0.07,-0.40%,187774,,United States,,,
T^C,AT&T Inc. Depositary Shares each representing a 1/1000th interest in a share of 4.750% Perpetual Preferred Stock Series C,$16.37,-0.08,-0.486%,174662,,United States,,,
TAC,TransAlta Corporation Ordinary Shares,$11.79,-0.02,-0.169%,996156,3725640000.00,Canada,,Electric Utilities: Central,Utilities
TACH,Titan Acquisition Corp. Class A Ordinary Shares,$10.53,0.005,0.048%,90949,0.00,United States,2025,Blank Checks,Finance
TACHU,Titan Acquisition Corp. Units,$10.75,0.00,0.00%,22,0.00,United States,2025,Blank Checks,Finance
TACHW,Titan Acquisition Corp. Warrants,$0.5544,-0.0041,-0.734%,225,0.00,United States,2025,Blank Checks,Finance
TACO,Berto Acquisition Corp. Ordinary Shares,$10.45,-0.005,-0.048%,4568,380821324.00,United States,2025,Blank Checks,Finance
TACT,TransAct Technologies Incorporated Common Stock,$4.63,-0.08,-1.699%,25528,47802301.00,United States,1996,Computer peripheral equipment,Technology
TAK,Takeda Pharmaceutical Company Limited American Depositary Shares (each representing 1/2 of a share of Common Stock),$18.51,-0.39,-2.063%,2415225,58488723694.00,Japan,2018,Biotechnology: Pharmaceutical Preparations,Health Care
TAL,TAL Education Group American Depositary Shares,$11.73,-0.16,-1.346%,1428660,6506645709.00,China,,Other Consumer Services,Real Estate
TALO,Talos Energy Inc. Common Stock,$16.21,-0.25,-1.519%,1646768,2706510236.00,United States,2018,Oil & Gas Production,Energy
TANH,Tantech Holdings Ltd. Class A Common Shares,$14.62,-2.88,-16.457%,17080,9760999.00,China,2015,Major Chemicals,Industrials
TAOP,Taoping Inc. Ordinary Shares ,$0.458,-0.0658,-12.562%,131410,4375175.00,Hong Kong,,Computer Software: Prepackaged Software,Technology
TAOX,Tao Synergies Inc. Common Stock,$4.32,-0.03,-0.69%,147552,32327605.00,United States,,Finance: Consumer Services,Finance
TAP,Molson Coors Beverage Company Class B Common Stock,$36.01,-0.26,-0.717%,2976387,6714206127.00,Canada,,Beverages (Production/Distribution),Consumer Staples
TARA,Protara Therapeutics Inc.  Common Stock,$3.21,-0.04,-1.231%,391473,189696516.00,United States,2014,Biotechnology: Biological Products (No Diagnostic Substances),Health Care
TARS,Tarsus Pharmaceuticals Inc. Common Stock,$76.69,-0.12,-0.156%,417978,3588454553.00,United States,2020,Biotechnology: Biological Products (No Diagnostic Substances),Health Care
TASK,TaskUs Inc. Class A Common Stock,$8.23,0.13,1.605%,1050535,754584183.00,United States,2021,EDP Services,Technology
TATT,TAT Technologies Ltd. Ordinary Shares,$35.42,-0.22,-0.617%,132707,459862713.00,Israel,,Aerospace,Industrials
TAVI,Tavia Acquisition Corp. Ordinary Shares,$10.77,0.00,0.00%,15,0.00,United States,2024,Blank Checks,Finance
TAVIR,Tavia Acquisition Corp. Right,$0.08,0.00,0.00%,100,0.00,United States,2024,Blank Checks,Finance
TAVIU,Tavia Acquisition Corp. Unit,$10.81,0.01,0.093%,218,0.00,United States,2024,Blank Checks,Finance
TAYD,Taylor Devices Inc. Common Stock,$62.95,-2.19,-3.362%,51317,203036727.00,United States,,Industrial Machinery/Components,Industrials
TBB,AT&T Inc. 5.350% Global Notes due 2066,$19.02,-0.11,-0.575%,139763,136000331830.00,United States,2017,Telecommunications Equipment,Telecommunications
TBBB,BBB Foods Inc. Class A Common Shares,$52.40,-1.14,-2.129%,1386148,6175714608.00,Mexico,2024,Food Chains,Consumer Staples
TBBK,The Bancorp Inc Common Stock,$48.56,-0.60,-1.221%,384872,1980607445.00,United States,2004,Major Banks,Finance
TBCH,Turtle Beach Corporation Common Stock,$12.79,0.10,0.788%,283070,229065204.00,United States,,Telecommunications Equipment,Telecommunications
TBCVU,Thunder Bridge Capital Partners V Ltd. Units,$9.95,0.03,0.302%,464,0.00,United States,2026,Blank Checks,Finance
TBI,TrueBlue Inc. Common Stock,$9.32,-0.31,-3.219%,225857,283741286.00,United States,,Professional Services,Consumer Discretionary
TBLA,Taboola.com Ltd. Ordinary Shares,$3.41,0.01,0.294%,1640849,859714721.00,Israel,,Computer Software: Programming Data Processing,Technology
TBLD,Thornburg Income Builder Opportunities Trust Common Stock,$20.29,-0.02,-0.098%,54904,650941406.00,United States,2021,Investment Managers,Finance
TBN,Tamboran Resources Corporation Common stock,$33.02,-0.33,-0.99%,189886,1154379398.00,,2024,Oil & Gas Production,Energy
TC,Token Cat Limited American Depositary Shares,$1.71,-0.14,-7.568%,21744,45165924.00,China,2018,Business Services,Consumer Discretionary
TCBI,Texas Capital Bancshares Inc. Common Stock,$93.31,-1.39,-1.468%,610723,4056593371.00,United States,2003,Major Banks,Finance
TCBIO,Texas Capital Bancshares Inc. Depositary Shares 5.75% Fixed Rate Non-Cumulative Perpetual Preferred Stock Series B,$18.54,0.19,1.035%,47471,806014801.00,United States,,Major Banks,Finance
TCBK,TriCo Bancshares Common Stock,$51.54,-0.35,-0.675%,216911,1647560110.00,United States,,Major Banks,Finance
TCBS,Texas Community Bancshares Inc. Common Stock,$17.35,0.32,1.879%,1055,49841813.00,United States,2021,Banks,Finance
TCBX,Third Coast Bancshares Inc. Common Stock,$42.60,-0.58,-1.343%,120080,709501722.00,United States,,Banks,Finance
TCGX,TCGX Acquisition Corp. Class A Ordinary Shares,$13.37,-0.28,-2.051%,7169,0.00,United States,2026,,
TCI,Transcontinental Realty Investors Inc. Common Stock,$44.18,1.06,2.458%,10092,387633774.00,United States,,Real Estate Investment Trusts,Real Estate
TCMD,Tactile Systems Technology Inc. Common Stock,$22.53,-0.29,-1.271%,220958,510356004.00,United States,2016,Medical/Dental Instruments,Health Care
TCOM,Trip.com Group Limited American Depositary Shares,$38.64,-1.26,-3.158%,4627339,24331809778.00,China,2003,Business Services,Consumer Discretionary
TCPA,TransCanada PipeLines Limited 6.250% Junior Subordinated Notes due 2085,$20.24,-0.45,-2.175%,36248,0.00,Canada,2025,Natural Gas Distribution,Utilities
TCPC,BlackRock TCP Capital Corp. Common Stock,$4.08,0.10,2.513%,959255,342323322.00,United States,2012,Finance/Investors Services,Finance
TCRT,Alaunos Therapeutics Inc. Common Stock,$0.9605,-0.0595,-5.833%,36867,2446073.00,United States,,Biotechnology: Pharmaceutical Preparations,Health Care
TCRX,TScan Therapeutics Inc. Common Stock,$0.3175,-0.0225,-6.618%,753479,20162097.00,United States,2021,Biotechnology: Biological Products (No Diagnostic Substances),Health Care
TCX,Tucows Inc. Class A Common Stock,$9.64,0.05,0.521%,43875,107795560.00,Canada,,EDP Services,Technology
TD,Toronto Dominion Bank (The) Common Stock,$119.00,-0.55,-0.46%,854721,194969243000.00,Canada,,Commercial Banks,Finance
TDAC,Translational Development Acquisition Corp. Ordinary Shares,$10.87,0.02,0.184%,827,0.00,United States,2025,,
TDACU,Translational Development Acquisition Corp. Units,$12.57,0.00,0.00%,14,0.00,United States,2024,,
TDACW,Translational Development Acquisition Corp. Warrants,$1.50,0.00,0.00%,1323,0.00,United States,2025,,
TDAY,USA TODAY Co. Inc. Common Stock,$6.30,-0.07,-1.099%,1964361,924953028.00,United States,2014,Newspapers/Magazines,Consumer Discretionary
TDC,Teradata Corporation Common Stock,$28.69,0.14,0.49%,1474268,2668170000.00,United States,,Computer Software: Prepackaged Software,Technology
TDF,Templeton Dragon Fund Inc. Common Stock,$9.62,-0.07,-0.722%,87288,0.00,United States,,Finance/Investors Services,Finance
TDG,Transdigm Group Incorporated Common Stock,$1099.79,-9.43,-0.85%,456255,60792569430.00,United States,2006,Military/Government/Technical,Industrials
TDIC,Dreamland Limited Class A Ordinary Shares,$2.17,-0.56,-20.513%,310829,7563715.00,Hong Kong,2025,Other Consumer Services,Consumer Discretionary
TDOC,Teladoc Health Inc. Common Stock,$5.75,-0.14,-2.377%,3749886,1044683121.00,United States,2015,Medical/Nursing Services,Health Care
TDS,Telephone and Data Systems Inc. Common Shares,$34.16,-0.59,-1.698%,2058780,3931816000.00,United States,,Telecommunications Equipment,Telecommunications
TDS^U,Telephone and Data Systems Inc. Depositary Shares Each Representing a 1/1000th Interest in a 6.625% Series UU Cumulative Redeemable Perpetual Preferred Stock,$19.78,-0.01,-0.051%,19307,,United States,,,
TDS^V,Telephone and Data Systems Inc. Depositary Shares Each Representing a 1/1000th Interest in a 6.000% Series VV Cumulative Redeemable Perpetual Preferred Stock,$17.96,-0.005,-0.028%,51933,,United States,,,
TDTH,Trident Digital Tech Holdings Ltd Class B Ordinary Shares,$1.14,0.03,2.703%,1106820,33219023.00,Singapore,2024,Business Services,Consumer Discretionary
TDUP,ThredUp Inc. Class A Common Stock,$2.19,-0.01,-0.455%,1371743,287620694.00,United States,2021,Catalog/Specialty Distribution,Consumer Discretionary
TDW,Tidewater Inc. Common Stock,$81.14,-2.13,-2.558%,496099,4037220583.00,United States,2017,Marine Transportation,Consumer Discretionary
TDWD,Tailwind 2.0 Acquisition Corp. Class A Ordinary Shares,$10.13,0.00,0.00%,10,0.00,United States,2025,Blank Checks,Finance
TDWDR,Tailwind 2.0 Acquisition Corp. Rights,$0.1101,0.00,0.00%,2,0.00,United States,2025,Blank Checks,Finance
TDY,Teledyne Technologies Incorporated Common Stock,$605.59,-5.24,-0.858%,248812,28072532012.00,United States,,Industrial Machinery/Components,Industrials
TE,T1 Energy Inc. Common Stock,$3.77,0.20,5.602%,20900216,1110176499.00,Luxembourg,2021,Semiconductors,Technology
TEAD,Teads Holding Co. Common Stock,$0.5148,0.0847,19.693%,41207974,50483945.00,United States,2021,Computer Software: Programming Data Processing,Technology
TEAM,Atlassian Corporation Class A Common Stock,$175.96,-2.58,-1.445%,4584198,44542305887.00,Australia,2015,Computer Software: Prepackaged Software,Technology
TECH,Bio-Techne Corp Common Stock,$72.38,-0.13,-0.179%,3360251,11350504066.00,United States,,Biotechnology: Biological Products (No Diagnostic Substances),Health Care
TECK,Teck Resources Ltd Ordinary Shares,$64.85,-0.31,-0.476%,2926444,31746852526.00,Canada,,Mining & Quarrying of Nonmetallic Minerals (No Fuels),Industrials
TECX,Tectonic Therapeutic Inc. Common Stock,$23.34,-0.17,-0.723%,1050121,456282202.00,United States,2018,Biotechnology: Biological Products (No Diagnostic Substances),Health Care
TEI,Templeton Emerging Markets Income Fund Inc. Common Stock,$6.21,0.06,0.976%,123161,0.00,United States,1993,Finance Companies,Finance
TEL,TE Connectivity plc Ordinary Shares,$212.59,-2.12,-0.987%,1771723,61547617141.00,Ireland,,Electronic Components,Technology
TELA,TELA Bio Inc. Common Stock,$1.24,0.01,0.813%,128366,55977828.00,United States,2019,Medical/Dental Instruments,Health Care
TELO,Telomir Pharmaceuticals Inc. Common Stock,$1.17,-0.03,-2.50%,34617,80466699.00,United States,2024,Biotechnology: Pharmaceutical Preparations,Health Care
TEM,Tempus AI Inc. Class A Common Stock,$82.58,-2.50,-2.938%,6297999,14992907280.00,United States,2024,Computer Software: Programming Data Processing,Technology
TEN,Tsakos Energy Navigation Ltd Common Shares,$47.17,0.86,1.857%,455018,1421119034.00,Greece,,Marine Transportation,Consumer Discretionary
TEN^E,Tsakos Energy Navigation Ltd Series E Fixed-to-Floating Rate Cumulative Redeemable Perpetual Preferred Shares par value $1.00,$25.5217,-0.0682,-0.267%,6033,,Greece,,,
TEN^F,Tsakos Energy Navigation Ltd Series F Fixed-to-Floating Rate Cumulative Redeemable Perpetual Preferred Shares par value $1.00,$26.622,0.152,0.574%,2911,,Greece,,,
TENB,Tenable Holdings Inc. Common Stock,$34.99,0.52,1.509%,2136470,3853798005.00,United States,2018,Computer Software: Prepackaged Software,Technology
TENX,Tenax Therapeutics Inc. Common Stock,$1.84,-0.01,-0.541%,2271283,68860007.00,United States,,Biotechnology: Pharmaceutical Preparations,Health Care
TEO,Telecom Argentina SA,$12.15,0.07,0.579%,318266,5233461864.00,Argentina,,Telecommunications Equipment,Telecommunications
TER,Teradyne Inc. Common Stock,$403.02,1.72,0.429%,2568736,63008449065.00,United States,,Electrical Products,Industrials
TEVA,Teva Pharmaceutical Industries Limited Ordinary Shares,$39.81,0.93,2.392%,6822721,46390437104.00,Israel,,Biotechnology: Pharmaceutical Preparations,Health Care
TEX,Terex Corporation Common Stock,$53.37,-2.13,-3.838%,2156165,6100191000.00,United States,,Construction/Ag Equipment/Trucks,Industrials
TFC,Truist Financial Corporation Common Stock,$46.44,-0.65,-1.38%,7935090,56732320171.00,United States,,Major Banks,Finance
TFC^I,Truist Financial Corporation Depositary Shares,$18.31,0.09,0.494%,20292,,United States,,,
TFC^O,Truist Financial Corporation Depositary Shares Each Representing a 1/1000th Interest in a Share of Series O Non-Cumulative Perpetual Preferred Stock,$18.48,-0.22,-1.176%,81435,,United States,,,
TFC^R,Truist Financial Corporation Depositary Shares each representing 1/1000th interest in a share of Series R Non-Cumulative Perpetual Preferred Stock,$16.52,-0.19,-1.137%,145507,,United States,,,
TFII,TFI International Inc. Common Shares,$121.84,-0.53,-0.433%,212071,10014033377.00,Canada,,Trucking Freight/Courier Services,Industrials
TFIN,Triumph Financial Inc. Common Stock,$60.13,-0.50,-0.825%,218382,1436778510.00,United States,,Major Banks,Finance
TFIN^,Triumph Financial Inc. Depositary Shares Each Representing a 1/40th Interest in a Share of 7.125% Series C Fixed-Rate Non-Cumulative Perpetual Preferred Stock,$21.65,-0.1999,-0.915%,10625,,United States,,,
TFPM,Triple Flag Precious Metals Corp. Common Shares,$31.05,0.22,0.714%,444656,6415051468.00,Canada,2022,Precious Metals,Industrials
TFSL,TFS Financial Corporation Common Stock,$16.30,-0.15,-0.912%,718991,4571216907.00,United States,2007,Savings Institutions,Finance
TFX,Teleflex Incorporated Common Stock,$126.32,-1.06,-0.832%,982612,5352481189.00,United States,,Medical/Dental Instruments,Health Care
TG,Tredegar Corporation Common Stock,$7.04,0.01,0.142%,132592,246006915.00,United States,,Metal Fabrications,Industrials
TGB,Trekor Metals Limited Common Shares,$8.88,0.08,0.909%,4484144,3250287064.00,Canada,,Precious Metals,Basic Materials
TGE,The Generation Essentials Group Class A Ordinary Shares,$0.83,-0.0141,-1.67%,5213,40458855.00,,2025,Newspapers/Magazines,Consumer Discretionary
TGEN,Tecogen Inc. Common Stock,$2.95,-0.21,-6.646%,286365,89054075.00,United States,2025,Industrial Machinery/Components,Industrials
TGHL,The GrowHub Limited Class A Ordinary Shares,$0.7915,-0.0035,-0.44%,45584,20024800.00,Singapore,2025,EDP Services,Technology
TGL,Treasure Global Inc. Common Stock,$1.44,-0.05,-3.356%,1437273,2814958.00,United States,2022,Business Services,Consumer Discretionary
TGLS,Tecnoglass Holdings Inc. Common Stock,$34.75,0.12,0.347%,316888,1541670406.00,Colombia,2022,Electronic Components,Consumer Discretionary
TGS,Transportadora de Gas del Sur SA TGS Common Stock,$25.73,-0.13,-0.503%,235466,3873708415.00,Argentina,,Natural Gas Distribution,Utilities
TGT,Target Corporation Common Stock,$156.43,-2.00,-1.262%,3746091,71065638412.00,United States,,Department/Specialty Retail Stores,Consumer Discretionary
TGTX,TG Therapeutics Inc. Common Stock,$56.19,0.00,0.00%,1608193,8600950088.00,United States,,Biotechnology: Pharmaceutical Preparations,Health Care
TH,Target Hospitality Corp. Common Stock,$19.28,-0.02,-0.104%,1434599,1920739595.00,United States,2018,Hotels/Resorts,Consumer Discretionary
THC,Tenet Healthcare Corporation Common Stock,$257.60,-0.33,-0.128%,448219,20741694400.00,United States,,Hospital/Nursing Management,Health Care
THCH,TH International Limited Ordinary shares,$1.30,0.04,3.175%,1631,43216657.00,China,,Restaurants,Consumer Discretionary
THEO,BOA Acquisition Corp. II Class A Ordinary Shares,$9.90,0.01,0.101%,815,0.00,United States,2026,Blank Checks,Finance
THEOR,BOA Acquisition Corp. II Rights,$0.29,0.00,0.00%,30100,0.00,United States,2026,Blank Checks,Finance
THFF,First Financial Corporation Common Stock,$74.26,-0.68,-0.907%,142761,883092197.00,United States,,Major Banks,Finance
THG,Hanover Insurance Group Inc,$217.96,0.39,0.179%,183279,7589415369.00,United States,,Property-Casualty Insurers,Finance
THH,TryHard Holdings Limited Ordinary Shares,$1.53,-0.15,-8.929%,24655,7657076.00,Japan,2025,Services-Misc. Amusement & Recreation,Consumer Discretionary
THM,International Tower Hill Mines Ltd. Ordinary Shares (Canada),$2.54,-0.03,-1.167%,507728,664559181.00,Canada,,Metal Mining,Basic Materials
THO,Thor Industries Inc. Common Stock,$70.16,-1.22,-1.709%,807149,3621263568.00,United States,,Homebuilding,Industrials
THQ,abrdn Healthcare Opportunities Fund Shares of Beneficial Interest,$18.32,-0.17,-0.919%,169275,0.00,United States,2014,Finance Companies,Finance
THRM,Gentherm Inc Common Stock,$33.92,0.31,0.922%,647128,1041524353.00,United States,,Auto Parts:O.E.M.,Consumer Discretionary
THRY,Thryv Holdings Inc. Common Stock,$1.59,-0.015,-0.935%,534940,70658186.00,United States,,Advertising,Consumer Discretionary
THW,abrdn World Healthcare Fund Shares of Beneficial Interest,$13.03,-0.16,-1.213%,145851,0.00,United States,2015,Finance Companies,Finance
TIC,TIC Solutions Inc. Common Stock,$8.46,-0.27,-3.093%,1432062,1846144212.00,United States,2025,Business Services,Consumer Discretionary
TIGO,Millicom International Cellular S.A. Common Stock,$91.74,1.96,2.183%,717706,15370195652.00,Luxembourg,,Telecommunications Equipment,Telecommunications
TIGR,UP Fintech Holding Ltd American Depositary Share representing fifteen Class A Ordinary Shares,$4.55,-0.10,-2.151%,1565053,813088008.00,China,2019,Investment Bankers/Brokers/Service,Finance
TII,Titan Mining Corporation Common Shares,$2.61,-0.06,-2.247%,246468,258338651.00,,2025,,
TIL,Instil Bio Inc. Common Stock,$7.14,0.10,1.42%,4133,48423309.00,United States,2021,Biotechnology: Biological Products (No Diagnostic Substances),Health Care
TILE,Interface Inc. Common Stock,$34.94,-0.23,-0.654%,260634,2019548072.00,United States,,Home Furnishings,Consumer Discretionary
TIMB,TIM S.A. American Depositary Shares (Each representing 5 Common Shares) ,$17.86,0.22,1.247%,494276,8544673679.00,Brazil,2020,Telecommunications Equipment,Telecommunications
TIPT,Tiptree Inc. Common Stock,$17.20,-0.03,-0.174%,240798,640522702.00,United States,,Property-Casualty Insurers,Finance
TISI,Team Inc. Common Stock,$28.45,-0.02,-0.07%,17260,130392296.00,United States,,Other Consumer Services,Consumer Discretionary
TITN,Titan Machinery Inc. Common Stock,$23.48,0.01,0.043%,169419,552552422.00,United States,2007,Other Specialty Stores,Consumer Discretionary
TJGC,TJGC Group Limited Class A Ordinary Shares,$34.795,6.255,21.917%,138434,351430300.00,Hong Kong,2025,Advertising,Consumer Discretionary
TJX,TJX Companies Inc. (The) Common Stock,$133.80,3.55,2.726%,12020538,147176529362.00,United States,,Clothing/Shoe/Accessory Stores,Consumer Discretionary
TK,Teekay Corporation Ltd. Common Stock,$14.11,0.13,0.93%,554858,1224445087.00,Bermuda,,Marine Transportation,Consumer Discretionary
TKC,Turkcell Iletisim Hizmetleri AS Common Stock,$5.08,-0.02,-0.392%,5568396,4470400000.00,Turkey,,Telecommunications Equipment,Telecommunications
TKLF,Tokyo Lifestyle Co. Ltd. American Depositary Shares,$1.58,-0.05,-3.067%,36934,6687794.00,Japan,2022,Other Specialty Stores,Consumer Discretionary
TKNO,Alpha Teknova Inc. Common Stock,$9.08,-0.12,-1.304%,349694,487489274.00,United States,2021,Biotechnology: In Vitro & In Vivo Diagnostic Substances,Health Care
TKO,TKO Group Holdings Inc. Class A Common Stock,$177.58,-4.00,-2.203%,778664,33610515635.00,United States,2023,Services-Misc. Amusement & Recreation,Consumer Discretionary
TKR,Timken Company (The) Common Stock,$117.26,0.51,0.437%,878575,8125747341.00,United States,,Metal Fabrications,Industrials
TLAC,Three Lions Acquisition Corp. Ordinary Shares,$9.85,0.01,0.102%,1426,0.00,United States,2026,,
TLACU,Three Lions Acquisition Corp. Units,$10.11,-0.05,-0.492%,319,0.00,United States,2026,,
TLF,Tandy Leather Factory Inc. Common Stock,$2.52,-0.07,-2.703%,10559,20644029.00,United States,,Apparel,Consumer Discretionary
TLIH,Ten-League International Holdings Limited Ordinary Shares,$5.70,-0.08,-1.384%,1427,16760480.00,Singapore,2025,Industrial Specialties,Consumer Discretionary
TLK,PT Telekomunikasi Indonesia Tbk,$13.20,-0.03,-0.227%,640956,13076212591.00,Indonesia,,Telecommunications Equipment,Telecommunications
TLN,Talen Energy Corporation Common Stock,$314.84,11.34,3.736%,899467,15085325304.00,United States,,Electric Utilities: Central,Utilities
TLNC,Talon Capital Corp. Class A Ordinary Shares,$10.22,-0.02,-0.195%,18412,0.00,United States,2025,Blank Checks,Finance
TLNCW,Talon Capital Corp. Warrants,$0.4999,0.00,0.00%,19,0.00,United States,2025,,
TLPH,Talphera Inc. Common Stock,$1.17,-0.02,-1.681%,66902,60729781.00,United States,2011,Biotechnology: Pharmaceutical Preparations,Health Care
TLRY,Tilray Brands Inc. Common Stock ,$3.95,-0.07,-1.741%,3500982,583739457.00,United States,2018, Medicinal Chemicals and Botanical Products ,Health Care
TLS,Telos Corporation Common Stock,$4.04,-0.02,-0.493%,480019,301936628.00,United States,2020,EDP Services,Technology
TLSA,Tiziana Life Sciences Ltd. Common Shares,$0.9537,-0.0268,-2.733%,511428,121367033.00,United Kingdom,2018,Biotechnology: Pharmaceutical Preparations,Health Care
TLSI,TriSalus Life Sciences Inc. Common Stock,$4.25,-0.14,-3.189%,186383,261692050.00,United States,2021,Medical Specialities,Health Care
TLSIW,TriSalus Life Sciences Inc. Warrant,$1.02,0.2101,25.941%,868,62806092.00,United States,2021,Medical Specialities,Health Care
TLX,Telix Pharmaceuticals Limited American Depositary Shares,$11.34,-0.28,-2.41%,428331,3841731736.00,Australia,,Biotechnology: Pharmaceutical Preparations,Health Care
TLYS,Tilly's Inc. Common Stock,$4.79,0.32,7.159%,260822,146512999.00,United States,2012,Clothing/Shoe/Accessory Stores,Consumer Discretionary
TM,Toyota Motor Corporation Common Stock,$186.71,-1.59,-0.844%,293575,243356543812.00,Japan,,Auto Manufacturing,Industrials
TMC,TMC the metals company Inc. Common Stock,$3.74,-0.12,-3.109%,4922870,1649846703.00,Canada,,Metal Mining,Basic Materials
TMCI,Treace Medical Concepts Inc. Common Stock,$4.62,0.14,3.125%,141685,300459630.00,United States,2021,Medical/Dental Instruments,Health Care
TMCR,The Metals Royalty Company Inc. Common Stock,$3.92,-0.70,-15.152%,248607,264262966.00,Canada,,Precious Metals,Basic Materials
TMDE,TMD Energy Limited Ordinary Shares,$0.6697,-0.0003,-0.045%,86124,15781481.00,,2025,Oil Refining/Marketing,Energy
TMDX,TransMedics Group Inc. Common Stock,$84.07,1.34,1.62%,440205,2915139440.00,United States,2019,Biotechnology: Electromedical & Electrotherapeutic Apparatus,Health Care
TME,Tencent Music Entertainment Group American Depositary Shares each representing two Class A Ordinary Shares,$7.96,-0.41,-4.898%,8131510,12528279820.00,United States,2018,Broadcasting,Consumer Discretionary
TMO,Thermo Fisher Scientific Inc Common Stock,$679.61,1.01,0.149%,1850870,251283953038.00,United States,,Industrial Machinery/Components,Industrials
TMP,Tompkins Financial Corporation Common Stock,$96.96,-0.75,-0.768%,103135,1394566469.00,United States,1997,Major Banks,Finance
TMQ,Trilogy Metals Inc. Common Stock,$3.10,-0.06,-1.899%,979394,535511481.00,Canada,,Precious Metals,Basic Materials
TMS,Teamshares Inc. Common Stock,$7.74,0.01,0.129%,110353,570132394.00,United States,2025,,
TMSWW,Teamshares Inc. Warrants,$0.95,0.03,3.261%,5709,69977490.00,United States,2025,,
TMTS,Spartacus Acquisition Corp. II Class A Ordinary Shares,$10.025,0.00,0.00%,16,0.00,United States,2026,,
TMUS,T-Mobile US Inc. Common Stock,$162.98,-3.47,-2.085%,4312479,174824019487.00,United States,,Telecommunications Equipment,Telecommunications
TMUSI,T-Mobile US Inc. 5.500% Senior Notes due June 2070,$18.90,-0.08,-0.421%,9614,0.00,United States,,Telecommunications Equipment,Telecommunications
TMUSL,T-Mobile US Inc. 6.250% Senior Notes due 2069,$21.12,-0.055,-0.26%,15952,0.00,United States,,Telecommunications Equipment,Telecommunications
TMUSZ,T-Mobile US Inc. 5.500% Senior Notes due March 2070,$18.84,-0.12,-0.633%,12891,0.00,United States,,Telecommunications Equipment,Telecommunications
TNC,Tennant Company Common Stock,$67.35,-0.86,-1.261%,115341,1148270557.00,United States,,Industrial Machinery/Components,Industrials
TNDM,Tandem Diabetes Care Inc. Common Stock,$16.57,0.15,0.914%,1892552,1152919175.00,United States,2013,Medical/Dental Instruments,Health Care
TNET,TriNet Group Inc. Common Stock,$62.71,-0.68,-1.073%,436278,2878686120.00,United States,2014,Business Services,Consumer Discretionary
TNGX,Tango Therapeutics Inc.,$24.42,0.12,0.494%,2992266,4117465162.00,United States,2020,Biotechnology: Pharmaceutical Preparations,Health Care
TNK,Teekay Tankers Ltd.,$96.81,1.10,1.149%,349987,3353871893.00,Bermuda,2007,Marine Transportation,Consumer Discretionary
TNL,Travel   Leisure Co. Common  Stock,$63.98,0.11,0.172%,588521,3915846763.00,United States,,Hotels/Resorts,Consumer Discretionary
TNMG,TNL Mediagene Ordinary Shares,$4.19,-0.20,-4.556%,166576,3186801.00,Taiwan,,Advertising,Consumer Discretionary
TNON,Tenon Medical Inc. Common Stock,$2.73,-0.13,-4.545%,283584,2818938.00,United States,2022,Medical/Dental Instruments,Health Care
TNONW,Tenon Medical Inc. Warrant,$0.0052,-0.0008,-13.333%,109673,5369.00,United States,,Medical/Dental Instruments,Health Care
TNXP,Tonix Pharmaceuticals Holding Corp. Common Stock,$9.65,-0.25,-2.525%,394382,165507382.00,United States,,Biotechnology: Pharmaceutical Preparations,Health Care
TNYA,Tenaya Therapeutics Inc. Common Stock,$0.5931,0.0033,0.56%,1735832,132990820.00,United States,2021,Biotechnology: Biological Products (No Diagnostic Substances),Health Care
TOL,Toll Brothers Inc. Common Stock,$135.88,-0.63,-0.462%,1160750,12520934360.00,United States,,Homebuilding,Consumer Discretionary
TOMZ,TOMI Environmental Solutions Inc. Common Stock,$1.39,0.03,2.206%,83741,13611667.00,United States,,Major Chemicals,Industrials
TONT,Graf Global Corp. Class A ordinary shares,$10.91,0.0001,0.001%,784,0.00,,2024,,
TONX,TON Strategy Company Common Stock,$3.95,-0.03,-0.754%,199070,217534357.00,United States,,Finance: Consumer Services,Finance
TOON,Kartoon Studios Inc. Common Stock,$0.621,0.0478,8.339%,1303502,38628749.00,United States,,Movies/Entertainment,Consumer Discretionary
TOP,TOP Financial Group Limited Class A Ordinary Shares,$14.93,-0.20,-1.322%,93094,1876783309.00,Hong Kong,2022,Investment Bankers/Brokers/Service,Finance
TOPP,Toppoint Holdings Inc. Common Stock,$0.126,-0.009,-6.667%,338133,3112200.00,,2025,Trucking Freight/Courier Services,Industrials
TOPS,TOP Ships Inc. Common Stock,$0.6233,-0.0177,-2.761%,899874,3454123.00,Greece,,Marine Transportation,Consumer Discretionary
TORO,Toro Corp. Common Shares,$5.15,-0.09,-1.718%,44377,177980550.00,Cyprus,,Marine Transportation,Consumer Discretionary
TOST,Toast Inc. Class A Common Stock,$30.46,0.08,0.263%,6468603,17605880000.00,United States,2021,EDP Services,Technology
TOUR,Tuniu Corporation American Depositary Shares,$5.02,-0.16,-3.089%,2583,54536060.00,China,2014,Transportation Services,Consumer Discretionary
TOVX,Theriva Biologics Inc. Common Stock,$0.21,-0.0065,-3.002%,462743,9637460.00,United States,,Biotechnology: Pharmaceutical Preparations,Health Care
TOWN,TowneBank Common Stock,$35.82,-0.27,-0.748%,582459,2672792761.00,United States,,Major Banks,Finance
TOYO,TOYO Co. Ltd Ordinary Shares,$4.26,0.05,1.188%,587291,162619076.00,Japan,,Miscellaneous manufacturing industries,Consumer Discretionary
TP,Ticketplus Ltd. Ordinary Shares,$8.0999,0.5899,7.855%,6355,103499518.00,,2026,Services-Misc. Amusement & Recreation,Consumer Discretionary
TPB,Turning Point Brands Inc. Common Stock,$60.08,-0.30,-0.497%,378875,1204539234.00,United States,2016,Tobacco,Consumer Discretionary
TPC,Tutor Perini Corporation Common Stock,$84.40,0.42,0.50%,317775,4436833475.00,United States,1970,General Bldg Contractors - Nonresidential Bldgs,Consumer Discretionary
TPCS,TechPrecision Corporation Common stock,$5.21,-0.01,-0.192%,5082,52794290.00,United States,,Metal Fabrications,Industrials
TPET,Trio Petroleum Corp. Common Stock,$1.69,-0.01,-0.588%,130581,8997403.00,,2023,Oil & Gas Production,Energy
TPG,TPG Inc. Class A Common Stock,$43.50,0.01,0.023%,2070156,16439466321.00,United States,2022,Investment Managers,Finance
TPGXL,TPG Operating Group II L.P. 6.950% Fixed-Rate Junior Subordinated Notes due 2064,$20.15,-0.37,-1.803%,25082,7351239366.00,United States,,,
TPL,Texas Pacific Land Corporation Common Stock,$328.70,-9.45,-2.795%,269820,22671978302.00,United States,,Oil & Gas Production,Energy
TPR,Tapestry Inc. Common Stock,$114.12,0.67,0.591%,2630966,22795518159.00,United States,,Apparel,Consumer Discretionary
TPST,Tempest Therapeutics Inc. Common Stock,$0.8103,-0.0213,-2.561%,154632,13402173.00,United States,,Biotechnology: Pharmaceutical Preparations,Health Care
TPTS,Terra Property Trust Inc. 7.00% Senior Secured Notes due 2029,$14.60,0.02,0.137%,4320,0.00,,2026,Real Estate Investment Trusts,Real Estate
TPVG,TriplePoint Venture Growth BDC Corp. Common Stock,$4.89,0.11,2.301%,292264,199070545.00,United States,2014,Other Consumer Services,Consumer Discretionary
TR,Tootsie Roll Industries Inc. Common Stock,$38.01,0.23,0.609%,156087,2853473340.00,United States,,Specialty Foods,Consumer Staples
TRAD,APEX Tech Acquisition Inc. Ordinary Shares,$10.08,0.03,0.299%,656,0.00,,2026,Investment Bankers/Brokers/Service,Finance
TRAK,ReposiTrak Inc. Common Stock,$8.16,-0.04,-0.488%,99315,148521825.00,United States,,EDP Services,Technology
TRAW,Traws Pharma Inc. Common Stock,$0.626,0.047,8.117%,391875,9620541.00,United States,2013,Biotechnology: Pharmaceutical Preparations,Health Care
TRAX,First Tracks Biotherapeutics Inc. Ordinary Shares ,$35.98,-0.665,-1.815%,645585,1285595731.00,United States,,Biotechnology: Pharmaceutical Preparations,Health Care
TRBG,TurboGen Ltd. Ordinary Shares,$3.57,-0.03,-0.833%,25121,90877884.00,Israel,,Power Generation,Utilities
TRC,Tejon Ranch Co Common Stock,$16.36,-0.05,-0.305%,74330,442070824.00,United States,2000,Real Estate,Finance
TRDA,Entrada Therapeutics Inc. Common Stock,$6.26,0.04,0.643%,268590,243743548.00,United States,2021,Biotechnology: Pharmaceutical Preparations,Health Care
TREE,LendingTree Inc. Common Stock,$24.35,0.14,0.578%,376035,341863310.00,United States,,Finance: Consumer Services,Finance
TREO,Tactical Resources Corp. Common Shares,$2.95,0.22,8.059%,35038,40155500.00,Canada,,Metal Mining,Basic Materials
TREX,Trex Company Inc. Common Stock,$44.06,-0.38,-0.855%,1555744,4488180271.00,United States,,Forest Products,Basic Materials
TRGP,Targa Resources Inc. Common Stock,$273.49,-3.94,-1.42%,1089256,58644739933.00,United States,2010,Natural Gas Distribution,Utilities
TRGS,TRG Latin America Acquisitions Corp. Class A Ordinary Shares,$9.96,0.00,0.00%,7,0.00,United States,2026,Blank Checks,Finance
TRGSR,TRG Latin America Acquisitions Corp. Rights,$0.1503,-0.0049,-3.157%,6453,0.00,United States,2026,Blank Checks,Finance
TRI,Thomson Reuters Corporation Common Shares,$96.24,-1.09,-1.12%,1463389,41691168000.00,United States,,Publishing,Consumer Discretionary
TRIB,Trinity Biotech plc American Depositary Shares,$6.70,-0.02,-0.298%,9612,5447984.00,Ireland,1992,Biotechnology: In Vitro & In Vivo Diagnostic Substances,Health Care
TRIN,Trinity Capital Inc. Common Stock,$17.76,0.26,1.486%,677003,1681757874.00,United States,,Finance: Consumer Services,Finance
TRIP,TripAdvisor Inc. Common Stock,$8.40,-0.01,-0.119%,3205416,984474473.00,United States,,Computer Software: Programming Data Processing,Technology
TRLV,Trulieve Cannabis Corp. Subordinate Voting Shares,$12.41,0.07,0.567%,1722690,2389735398.00,,, Medicinal Chemicals and Botanical Products ,Health Care
TRMB,Trimble Inc. Common Stock,$57.34,-0.17,-0.296%,2355400,13370532484.00,United States,1990,Industrial Machinery/Components,Industrials
TRMD,TORM plc Class A Common Stock,$36.15,0.73,2.061%,1171952,3710825589.00,United Kingdom,,Marine Transportation,Consumer Discretionary
TRMK,Trustmark Corporation Common Stock,$45.24,-0.38,-0.833%,280827,2627112903.00,United States,,Major Banks,Finance
TRN,Trinity Industries Inc. Common Stock,$26.71,-0.89,-3.225%,589916,2127971971.00,United States,,Railroads,Industrials
TRNI,Trinity Capital Inc. 7.875% Notes Due 2029,$25.01,0.06,0.24%,12971,1758557142.00,United States,,Finance: Consumer Services,Finance
TRNO,Terreno Realty Corporation Common Stock,$66.25,-0.32,-0.481%,855452,7219283038.00,United States,2010,Real Estate,Finance
TRNR,Interactive Strength Inc. Common Stock,$2.30,-0.11,-4.564%,22672,3725315.00,United States,2023,Consumer Electronics/Appliances,Technology
TRNS,Transcat Inc. Common Stock,$87.57,1.62,1.885%,175823,822132906.00,United States,,Electrical Products,Industrials
TRNZ,Trinity Capital Inc. 7.875% Notes due 2029,$25.0201,-0.0024,-0.01%,10635,1759267315.00,United States,,Finance: Consumer Services,Finance
TRON,Tron Inc. Common Stock,$1.37,-0.045,-3.18%,627409,649903428.00,United States,2023,Finance: Consumer Services,Finance
TROO,TROOPS Inc. Ordinary Shares ,$1.67,-0.03,-1.765%,57589,204007477.00,China,,Diversified Financial Services,Finance
TROW,T. Rowe Price Group Inc. Common Stock,$104.51,0.70,0.674%,1285608,22293639484.00,United States,1986,Investment Managers,Finance
TROX,Tronox Holdings plc Ordinary Shares (UK),$3.99,0.02,0.504%,2305739,637203116.00,United States,,Major Chemicals,Basic Materials
TRP,TC Energy Corporation Common Stock,$58.26,-0.42,-0.716%,3504752,58260000000.00,Canada,,Natural Gas Distribution,Utilities
TRS,TriMas Corporation Common Stock,$39.30,-0.11,-0.279%,319887,1409843209.00,United States,2007,Industrial Specialties,Industrials
TRSG,Tungray Technologies Inc Class A Ordinary Shares,$1.21,-0.01,-0.82%,50380,19787717.00,Singapore,2024,Industrial Machinery/Components,Industrials
TRST,TrustCo Bank Corp NY Common Stock,$54.58,-0.77,-1.391%,97026,929374049.00,United States,,Major Banks,Finance
TRT,Trio-Tech International Common Stock,$6.62,0.20,3.115%,409028,68746701.00,Singapore,,Industrial Machinery/Components,Technology
TRTN^A,Triton International Limited 8.50% Series A Cumulative Redeemable Perpetual  Preference Shares,$25.35,-0.04,-0.158%,16021,,United States,,,
TRTN^B,Triton International Limited 8.00% Series B Cumulative Redeemable Perpetual Preference Shares,$24.55,0.04,0.163%,3177,,United States,,,
TRTN^C,Triton International Limited 7.375% Series C Cumulative Redeemable Perpetual Preference Shares,$22.53,-0.25,-1.097%,14745,,United States,,,
TRTN^D,Triton International Limited 6.875% Series D Cumulative Redeemable Perpetual Preference Shares,$21.28,-0.22,-1.023%,10066,,United States,,,
TRTN^E,Triton International Limited 5.75% Series E Cumulative Redeemable Perpetual Preference Shares,$18.04,0.04,0.222%,8889,,United States,,,
TRTN^F,Triton International Limited 7.625% Series F Cumulative Redeemable Perpetual Preference Shares,$23.20,-0.0901,-0.387%,17435,,United States,,,
TRTN^G,Triton International Limited 7.500% Series G Cumulative Redeemable Perpetual Preference Shares,$23.18,0.04,0.173%,16981,,United States,,,
TRTX,TPG RE Finance Trust Inc. Common Stock,$6.34,0.01,0.158%,1127850,486715517.00,United States,2017,Real Estate Investment Trusts,Real Estate
TRTX^C,TPG RE Finance Trust Inc. 6.25% Series C Cumulative Redeemable Preferred Stock $0.001 par value per share,$16.67,0.18,1.092%,7532,,United States,,,
TRU,TransUnion Common Stock,$64.29,-1.90,-2.871%,4068035,12317964000.00,United States,2015,Finance: Consumer Services,Finance
TRUG,TruGolf Holdings Inc. Class A Common Stock,$2.96,0.302,11.362%,1259980,3577193.00,United States,2021,Recreational Games/Products/Toys,Consumer Discretionary
TRUP,Trupanion Inc. Common Stock,$23.61,0.34,1.461%,522172,1035832346.00,United States,,Medical Specialities,Health Care
TRV,The Travelers Companies Inc. Common Stock,$363.21,0.05,0.014%,1140863,75756533741.00,United States,,Property-Casualty Insurers,Finance
TRVG,trivago N.V. American Depositary Shares,$5.59,0.02,0.359%,53829,394763978.00,Germany,2016,EDP Services,Technology
TRVI,Trevi Therapeutics Inc. Common Stock,$14.42,0.02,0.139%,2045187,2054501627.00,United States,2019,Biotechnology: Pharmaceutical Preparations,Health Care
TRX,TRX Gold Corporation Common Stock,$1.24,0.02,1.639%,2381685,406067771.00,Canada,,Precious Metals,Basic Materials
TS,Tenaris S.A. American Depositary Shares,$55.05,-1.07,-1.907%,960637,29146240722.00,Luxembourg,,Steel/Iron Ore,Industrials
TSAT,Telesat Corporation Class A Common Shares and Class B Variable Voting Shares ,$45.81,-1.58,-3.334%,110220,1656398346.00,Canada,,Metal Fabrications,Industrials
TSBK,Timberland Bancorp Inc. Common Stock,$44.88,-0.14,-0.311%,18428,348971980.00,United States,,Banks,Finance
TSCO,Tractor Supply Company Common Stock,$31.51,-0.56,-1.746%,7504401,16417974717.00,United States,1994,RETAIL: Building Materials,Consumer Discretionary
TSEM,Tower Semiconductor Ltd. Ordinary Shares,$234.43,8.39,3.712%,1189660,26497857330.00,Israel,1994,Semiconductors,Technology
TSHA,Taysha Gene Therapies Inc. Common Stock,$4.99,0.00,0.00%,6570250,1625909390.00,United States,2020,Biotechnology: Biological Products (No Diagnostic Substances),Health Care
TSI,TCW Strategic Income Fund Inc. Common Stock,$4.29,0.02,0.468%,240117,0.00,United States,,Investment Managers,Finance
TSLA,Tesla Inc. Common Stock,$352.84,-4.61,-1.29%,32493355,1393558302499.00,United States,2010,Auto Manufacturing,Industrials
TSLX,Sixth Street Specialty Lending Inc. Common Stock,$18.34,0.23,1.27%,550386,1748593169.00,,2014,Investment Managers,Finance
TSM,Taiwan Semiconductor Manufacturing Company Ltd.,$456.94,4.06,0.896%,9939685,2369921550834.00,Taiwan,1997,Semiconductors,Technology
TSN,Tyson Foods Inc. Common Stock,$50.98,0.03,0.059%,3242927,17934841082.00,United States,,Meat/Poultry/Fish,Consumer Staples
TSQ,Townsquare Media Inc. Class A Common Stock,$4.72,0.11,2.386%,57437,86053336.00,United States,2014,Broadcasting,Consumer Discretionary
TSSI,TSS Inc. Common Stock,$9.82,0.10,1.029%,808174,277111267.00,United States,,Professional Services,Consumer Discretionary
TT,Trane Technologies plc,$455.59,3.53,0.781%,1187864,100240359209.00,Ireland,,Auto Parts:O.E.M.,Industrials
TTAM,Titan America SA Common Shares,$13.76,0.00,0.00%,174113,2536827518.00,United States,2025,Mining & Quarrying of Nonmetallic Minerals (No Fuels),Industrials
TTAN,ServiceTitan Inc. Class A Common Stock,$63.52,3.60,6.008%,2981290,6127641199.00,United States,2024,Computer Software: Prepackaged Software,Technology
TTC,Toro Company (The) Common Stock,$97.42,0.35,0.361%,610879,9222106285.00,United States,,Tools/Hardware,Consumer Discretionary
TTD,The Trade Desk Inc. Class A Common Stock,$12.05,-0.29,-2.35%,22670379,5697181003.00,United States,2016,Computer Software: Programming Data Processing,Technology
TTE,TotalEnergies SE Ordinary Shares,$87.71,-2.63,-2.911%,1328056,191371098829.00,France,,Oil & Gas Production,Energy
TTEC,TTEC Holdings Inc. Common Stock,$1.24,0.01,0.813%,193505,61126966.00,United States,1996,Professional Services,Consumer Discretionary
TTEK,Tetra Tech Inc. Common Stock,$33.70,-0.19,-0.561%,1488489,8628697224.00,United States,1991,Military/Government/Technical,Consumer Discretionary
TTGT,TechTarget Inc. Common Stock,$3.74,-0.04,-1.058%,361545,270524148.00,United States,,Telecommunications Equipment,Telecommunications
TTI,Tetra Technologies Inc. Common Stock,$5.81,-0.10,-1.692%,1541178,860302846.00,United States,,Oil & Gas Production,Energy
TTMI,TTM Technologies Inc. Common Stock,$122.80,-1.39,-1.119%,2217436,12936840499.00,United States,2000,Electrical Products,Technology
TTRX,Turn Therapeutics Inc. Common Stock,$13.41,0.37,2.837%,79544,399457616.00,United States,,Biotechnology: Pharmaceutical Preparations,Health Care
TTWO,Take-Two Interactive Software Inc. Common Stock,$202.78,0.43,0.213%,1956901,37915894232.00,United States,1997,Computer Software: Prepackaged Software,Technology
TU,Telus Corporation Ordinary Shares,$8.16,-0.20,-2.392%,7406887,12966240000.00,Canada,,Telecommunications Equipment,Telecommunications
TULP,Bloomia Holdings Inc. Common Stock,$2.90,0.00,0.00%,177,14009799.00,United States,,Farming/Seeds/Milling,Consumer Staples
TURB,Turbo Energy S.A. American Depositary Shares,$1.14,0.10,9.615%,13533686,13699540.00,Spain,2023,Industrial Machinery/Components,Miscellaneous
TUSK,Mammoth Energy Services Inc. Common Stock,$2.85,-0.06,-2.062%,47469,137163617.00,United States,2016,Oilfield Services/Equipment,Energy
TUYA,Tuya Inc. American Depositary Shares each representing one Class A Ordinary Share,$1.69,-0.03,-1.744%,279985,1036453516.00,China,2021,Computer Software: Prepackaged Software,Technology
TV,Grupo Televisa S.A.B. Common Stock,$2.35,0.01,0.427%,627938,1450334460.00,Mexico,1993,Broadcasting,Industrials
TVA,Texas Ventures Acquisition III Corp Class A Ordinary Share,$10.57,0.00,0.00%,18949,0.00,United States,2025,,
TVACU,Texas Ventures Acquisition III Corp Unit,$10.64,-0.01,-0.094%,8879,0.00,United States,2025,Blank Checks,Finance
TVACW,Texas Ventures Acquisition III Corp Warrants,$0.1702,-0.0398,-18.952%,32207,0.00,United States,2025,,
TVAI,Thayer Ventures Acquisition Corporation II Class A Ordinary Shares,$10.40,0.00,0.00%,51,0.00,United States,2025,,
TVC,Tennessee Valley Authority Common Stock,$23.7489,0.0489,0.206%,7493,0.00,United States,,Electric Utilities: Central,Utilities
TVE,Tennessee Valley Authority,$23.13,0.01,0.043%,1494,0.00,United States,,Electric Utilities: Central,Utilities
TVGN,Tevogen Inc. Common Stock,$6.75,-0.01,-0.148%,1384,43952895.00,United States,2022,Biotechnology: Biological Products (No Diagnostic Substances),Health Care
TVGNW,Tevogen Inc. Warrant,$0.0601,0.00,0.00%,286575,391344.00,United States,2022,Biotechnology: Biological Products (No Diagnostic Substances),Health Care
TVIV,Texas Ventures Acquisition IV Corp Class A Ordinary Shares,$9.94,-0.01,-0.101%,3228,0.00,United States,2026,,
TVRD,Tvardi Therapeutics Inc. Common Stock,$1.28,-0.05,-3.759%,254096,17073847.00,United States,2014,Biotechnology: Pharmaceutical Preparations,Health Care
TVTX,Travere Therapeutics Inc. Common Stock,$59.99,-1.58,-2.566%,1565188,5654722309.00,United States,,Biotechnology: Pharmaceutical Preparations,Health Care
TW,Tradeweb Markets Inc. Class A Common Stock,$100.61,-0.16,-0.159%,1131626,23545583440.00,United States,2019,Investment Bankers/Brokers/Service,Finance
TWAV,TaoWeave Inc. Common Stock,$1.54,-0.04,-2.532%,20022,5970917.00,United States,,Computer Software: Programming Data Processing,Technology
TWFG,TWFG Inc. Class A Common Stock,$24.17,0.01,0.041%,86110,1306431861.00,United States,2024,Specialty Insurers,Finance
TWG,Top Wealth Group Holding Limited Class A Ordinary Shares,$0.1088,-0.0248,-18.563%,6463169,6826825.00,France,2024,Packaged Foods,Consumer Staples
TWI,Titan International Inc. (DE) Common Stock,$6.93,-0.07,-1.00%,758004,447278499.00,United States,,Steel/Iron Ore,Industrials
TWIN,Twin Disc Incorporated Common Stock,$26.45,-0.01,-0.038%,68707,384554328.00,United States,,Industrial Machinery/Components,Industrials
TWLO,Twilio Inc. Class A Common Stock,$290.78,3.80,1.324%,2779498,44656602472.00,United States,2016,Computer Software: Prepackaged Software,Technology
TWLV,Twelve Seas Investment Company III Class A Ordinary Shares,$10.07,0.01,0.099%,560,0.00,United States,2026,Blank Checks,Finance
TWLVR,Twelve Seas Investment Company III Rights,$0.1196,0.00,0.00%,269,0.00,United States,2026,Blank Checks,Finance
TWN,Taiwan Fund Inc. (The) Common Stock,$102.62,0.52,0.509%,14864,0.00,United States,1986,Trusts Except Educational Religious and Charitable,Finance
TWOD,Two Harbors Investments Corp 9.375% Senior Notes due 2030,$26.31,0.01,0.038%,9214,0.00,United States,2025,Real Estate Investment Trusts,Real Estate
TWST,Twist Bioscience Corporation Common Stock,$186.13,6.53,3.636%,3685348,12340637517.00,United States,2018,Biotechnology: Biological Products (No Diagnostic Substances),Health Care
TX,Ternium S.A. Ternium S.A. American Depositary Shares (each representing ten shares USD1.00 par value),$53.45,-1.02,-1.873%,378483,10492645389.00,Luxembourg,,Steel/Iron Ore,Industrials
TXG,10x Genomics Inc. Class A Common Stock,$90.04,1.54,1.74%,3454309,11731416767.00,United States,2019,Biotechnology: Laboratory Analytical Instruments,Industrials
TXMD,TherapeuticsMD Inc. Common Stock,$2.04,-0.05,-2.392%,8042,23611698.00,United States,,Biotechnology: Pharmaceutical Preparations,Health Care
TXN,Texas Instruments Incorporated Common Stock,$281.69,3.38,1.214%,5034139,257252740669.00,United States,,Semiconductors,Technology
TXNM,TXNM Energy Inc. Common Stock,$58.50,0.23,0.395%,1154784,6442356785.00,United States,,Electric Utilities: Central,Utilities
TXO,TXO Partners L.P. Common Units Representing Limited Partner Interests,$14.10,-0.17,-1.191%,86261,781794339.00,United States,2023,Oil & Gas Production,Energy
TXRH,Texas Roadhouse Inc. Common Stock,$157.21,-1.24,-0.783%,1087448,10319409976.00,United States,2004,Restaurants,Consumer Discretionary
TXT,Textron Inc. Common Stock,$77.63,0.26,0.336%,1956334,13351344367.00,United States,,Aerospace,Industrials
TY,Tri Continental Corporation Common Stock,$34.30,-0.08,-0.233%,20852,1864237071.00,United States,,Finance Companies,Finance
TY^,Tri Continental Corporation Preferred Stock,$39.8838,0.3838,0.972%,3964,,United States,,,
TYG,Tortoise Energy Infrastructure Corporation Common Stock,$38.20,-0.22,-0.573%,386944,455645895.00,United States,2004,Investment Managers,Finance
TYGO,Tigo Energy Inc. Common Stock,$0.8405,0.0205,2.50%,2061077,64528304.00,United States,2021,Semiconductors,Technology
TYL,Tyler Technologies Inc. Common Stock,$316.26,-7.76,-2.395%,840681,12951566175.00,United States,,Computer Software: Prepackaged Software,Technology
TYRA,Tyra Biosciences Inc. Common Stock,$21.98,0.53,2.471%,501813,1511255539.00,United States,2021,Biotechnology: Pharmaceutical Preparations,Health Care
TZOO,Travelzoo Common Stock,$5.50,-0.01,-0.181%,35567,56112854.00,United States,,Advertising,Consumer Discretionary
U,Unity Software Inc. Common Stock,$39.72,-0.14,-0.351%,12694105,17480332419.00,United States,2020,Computer Software: Prepackaged Software,Technology
UA,Under Armour Inc. Class C Common Stock,$4.22,-0.02,-0.472%,2689033,1812682183.00,United States,2016,Apparel,Consumer Discretionary
UAA,Under Armour Inc. Class A Common Stock,$4.27,-0.01,-0.234%,8622260,1834159460.00,United States,,Apparel,Consumer Discretionary
UAC,United Acquisition Corp. I Class A Ordinary Shares,$10.00,0.00,0.00%,31381,0.00,,2026,Blank Checks,Finance
UAL,United Airlines Holdings Inc. Common Stock,$112.65,1.14,1.022%,3094540,36564361916.00,United States,,Air Freight/Delivery Services,Consumer Discretionary
UAMY,United States Antimony Corporation Common Stock,$4.18,-0.08,-1.878%,4579402,625618025.00,United States,,Metal Fabrications,Industrials
UAN,CVR Partners LP Common Units representing Limited Partner Interests,$123.71,0.13,0.105%,8113,1307569793.00,United States,2011,Agricultural Chemicals,Industrials
UAVS,AgEagle Aerial Systems Inc. Common Stock,$0.9544,-0.0136,-1.405%,383694,60037206.00,United States,,Aerospace,Industrials
UBCP,United Bancorp Inc. Common Stock,$14.75,0.00,0.00%,10456,84598891.00,United States,,Major Banks,Finance
UBER,Uber Technologies Inc. Common Stock,$69.36,1.20,1.761%,14777477,141671969993.00,United States,2019,Business Services,Consumer Discretionary
UBS,UBS Group AG Registered Ordinary Shares,$48.78,0.16,0.329%,1650970,151385571934.00,Switzerland,2014,Major Banks,Finance
UBSI,United Bankshares Inc. Common Stock,$46.15,-0.57,-1.22%,1040312,6286210152.00,United States,,Major Banks,Finance
UCAR,U Power Limited Class A Ordinary Shares,$4.05,-0.2784,-6.432%,13605,7188499.00,China,2023,Industrial Machinery/Components,Miscellaneous
UCB,United Community Banks Inc. Common Stock,$33.60,-0.39,-1.147%,859234,4051336901.00,United States,2024,Major Banks,Finance
UCL,uCloudlink Group Inc. American Depositary Shares,$0.32,-0.0297,-8.493%,674293,12189520.00,Hong Kong,2020,Telecommunications Equipment,Consumer Discretionary
UCTT,Ultra Clean Holdings Inc. Common Stock,$80.46,2.39,3.061%,887950,3642989753.00,United States,2004,Semiconductors,Technology
UDR,UDR Inc. Common Stock,$33.95,0.12,0.355%,3096553,10906920337.00,United States,,Real Estate Investment Trusts,Real Estate
UE,Urban Edge Properties Common Shares of Beneficial Interest,$19.78,-0.13,-0.653%,1205930,2497115537.00,United States,2015,Real Estate,Finance
UEC,Uranium Energy Corp. Common Stock,$9.29,0.08,0.869%,16824055,4597364280.00,Canada,,Other Metals and Minerals,Basic Materials
UEIC,Universal Electronics Inc. Common Stock,$5.29,0.02,0.38%,15865,68161978.00,United States,1993,Consumer Electronics/Appliances,Consumer Staples
UFCS,United Fire Group Inc. Common Stock,$53.525,0.185,0.347%,98283,1375883622.00,United States,,Property-Casualty Insurers,Finance
UFG,Uni-Fuels Holdings Limited Class A Ordinary Shares,$0.477,-0.0023,-0.48%,129327,15485805.00,Singapore,2025,Oil Refining/Marketing,Energy
UFI,Unifi Inc. New Common Stock,$6.66,-0.01,-0.15%,43790,123801654.00,United States,,Textiles,Consumer Discretionary
UFPI,UFP Industries Inc. Common Stock,$78.77,-0.65,-0.818%,419253,4345070646.00,United States,1993,Forest Products,Basic Materials
UFPT,UFP Technologies Inc. Common Stock,$296.92,-2.30,-0.769%,88373,2299879967.00,United States,1993,Medical/Dental Instruments,Health Care
UG,United-Guardian Inc. Common Stock,$7.22,0.1195,1.683%,29530,33170983.00,United States,,Package Goods/Cosmetics,Consumer Discretionary
UGI,UGI Corporation Common Stock,$36.15,-0.09,-0.248%,2139185,7753993057.00,United States,,Natural Gas Distribution,Utilities
UGP,Ultrapar Participacoes S.A. (New) American Depositary Shares (Each representing one Common Share),$7.34,0.21,2.945%,5923709,8168026809.00,Brazil,,Oil/Gas Transmission,Utilities
UHAL,U-Haul Holding Company Common Stock,$60.88,0.16,0.264%,116257,11834675976.00,United States,2022,Rental/Leasing Companies,Consumer Discretionary
UHS,Universal Health Services Inc. Common Stock,$175.73,-1.75,-0.986%,639579,10356913781.00,United States,,Hospital/Nursing Management,Health Care
UHT,Universal Health Realty Income Trust Common Stock,$38.01,-0.78,-2.011%,311137,528288979.00,United States,,Real Estate Investment Trusts,Real Estate
UI,Ubiquiti Inc. Common Stock,$559.32,5.95,1.075%,81854,33854734061.00,United States,,Radio And Television Broadcasting And Communications Equipment,Technology
UIS,Unisys Corporation New Common Stock,$2.28,0.04,1.786%,475443,166248377.00,United States,,EDP Services,Technology
UK,Ucommune International Ltd Class A Ordinary Shares,$1.97,-0.06,-2.956%,11338,1335563.00,United States,2019,Business Services,Consumer Discretionary
UL,Unilever PLC American Depositary Shares (each representing One Ordinary Share),$61.24,-1.29,-2.063%,3581112,131931006547.00,United Kingdom,2025,Package Goods/Cosmetics,Consumer Discretionary
ULBI,Ultralife Corporation Common Stock,$6.38,0.33,5.455%,93418,106311656.00,United States,1992,Industrial Machinery/Components,Miscellaneous
ULCC,Frontier Group Holdings Inc. Common Stock,$6.095,0.015,0.247%,2241452,1403165124.00,United States,2021,Air Freight/Delivery Services,Consumer Discretionary
ULH,Universal Logistics Holdings Inc. Common Stock,$17.54,0.14,0.805%,42450,462491300.00,United States,2005,Trucking Freight/Courier Services,Industrials
ULS,UL Solutions Inc. Class A Common Stock,$64.92,0.12,0.185%,791942,13107229391.00,United States,2024,Precision Instruments,Health Care
ULTA,Ulta Beauty Inc. Common Stock,$547.89,-1.24,-0.226%,434833,23426390786.00,United States,2007,Other Specialty Stores,Consumer Discretionary
UMAC,Unusual Machines Inc. Common Stock,$24.94,0.98,4.09%,2559919,1245915235.00,United States,2024,Radio And Television Broadcasting And Communications Equipment,Technology
UMBF,UMB Financial Corporation Common Stock,$131.84,-1.58,-1.184%,656937,10013251955.00,United States,,Major Banks,Finance
UMBFO,UMB Financial Corporation Depositary Shares Each Representing a 1/400th Interest in a Share of 7.750% Fixed-Rate Reset Non-Cumulative Perpetual Preferred Stock Series B,$25.93,0.02,0.077%,22451,1969384278.00,United States,,Major Banks,Finance
UMC,United Microelectronics Corporation (NEW) Common Stock,$24.72,0.87,3.648%,10915837,62235844970.00,Taiwan,,Semiconductors,Technology
UMH,UMH Properties Inc. Common Stock,$15.47,-0.08,-0.514%,528034,1320915232.00,United States,1994,Real Estate Investment Trusts,Real Estate
UMH^D,UMH Properties Inc. 6.375% Series D Cumulative Redeemable Preferred Stock Liquidation Preference $25 per share,$20.705,0.055,0.266%,22383,,United States,,,
UNB,Union Bankshares Inc. Common Stock,$23.07,-0.07,-0.303%,3561,114101175.00,United States,,Major Banks,Finance
UNCY,Unicycive Therapeutics Inc. Common Stock,$4.55,-0.09,-1.94%,2306674,126741419.00,United States,2021,Biotechnology: Pharmaceutical Preparations,Health Care
UNF,Unifirst Corporation Common Stock,$254.54,-4.90,-1.889%,413624,4603145395.00,United States,,Other Consumer Services,Consumer Discretionary
UNFI,United Natural Foods Inc. Common Stock,$45.47,-0.28,-0.612%,475029,2742617809.00,United States,2019,Food Distributors,Consumer Discretionary
UNH,UnitedHealth Group Incorporated Common Stock (DE),$374.94,-2.89,-0.765%,3286573,336544211934.00,United States,,Medical Specialities,Health Care
UNIT,Uniti Group Inc. Common Stock,$8.57,-0.08,-0.925%,2368114,2080154407.00,United States,,Real Estate Investment Trusts,Real Estate
UNM,Unum Group Common Stock,$88.24,-2.88,-3.161%,1787610,13968991856.00,United States,,Accident &Health Insurance,Finance
UNMA,Unum Group 6.250% Junior Subordinated Notes due 2058,$21.46,-0.01,-0.047%,24614,3654922130.00,United States,2018,Accident &Health Insurance,Finance
UNP,Union Pacific Corporation Common Stock,$274.15,0.05,0.018%,1839091,162865797777.00,United States,,Railroads,Industrials
UNTY,Unity Bancorp Inc. Common Stock,$54.84,-1.09,-1.949%,47692,550734978.00,United States,,Major Banks,Finance
UONE,Urban One Inc. Class A Common Stock,$4.1248,-0.0852,-2.024%,604,19035804.00,United States,,Broadcasting,Consumer Discretionary
UONEK,Urban One Inc. Class D Common Stock,$3.59,0.10,2.865%,9025,16567721.00,United States,,Broadcasting,Consumer Discretionary
UP,Wheels Up Experience Inc. Class A Common Stock,$3.42,-0.16,-4.469%,55920,124063376.00,Singapore,2020,Transportation Services,Consumer Discretionary
UPB,Upstream Bio Inc. Common Stock,$5.19,-0.11,-2.075%,784221,284261703.00,United States,2024,Biotechnology: Pharmaceutical Preparations,Health Care
UPBD,Upbound Group Inc. Common Stock,$15.62,-0.17,-1.077%,1095275,910636706.00,United States,,Diversified Commercial Services,Consumer Discretionary
UPC,Universe Pharmaceuticals Inc. Class A Ordinary Shares,$4.52,-0.28,-5.833%,13697,22710243.00,China,2021,Biotechnology: Pharmaceutical Preparations,Health Care
UPLD,Upland Software Inc. Common Stock,$3.20,-0.09,-2.736%,35183,9463011.00,United States,2014,Computer Software: Prepackaged Software,Technology
UPS,United Parcel Service Inc. Common Stock,$93.93,-0.32,-0.34%,4290054,79913913997.00,United States,1999,Trucking Freight/Courier Services,Industrials
UPST,Upstart Holdings Inc. Common stock,$23.14,0.11,0.478%,4046576,2251823884.00,United States,2020,Finance: Consumer Services,Finance
UPWK,Upwork Inc. Common Stock,$8.10,0.03,0.372%,1690731,1011717257.00,United States,2018,EDP Services,Technology
UPXI,Upexi Inc. Common Stock,$1.15,-0.04,-3.361%,3116476,94417845.00,United States,2021,Finance: Consumer Services,Finance
URBN,Urban Outfitters Inc. Common Stock,$75.64,0.20,0.265%,940333,6479336091.00,United States,1993,Clothing/Shoe/Accessory Stores,Consumer Discretionary
URG,Ur Energy Inc Common Shares (Canada),$1.11,-0.01,-0.893%,7844309,441628729.00,Canada,,Precious Metals,Basic Materials
URGN,UroGen Pharma Ltd. Ordinary Shares,$40.45,-0.45,-1.10%,642830,1977218814.00,Israel,2017,Biotechnology: Pharmaceutical Preparations,Health Care
URI,United Rentals Inc. Common Stock,$1014.54,-29.38,-2.814%,1125834,63147494790.00,United States,1997,Diversified Commercial Services,Consumer Discretionary
UROY,Uranium Royalty Corp. Common Stock,$4.08,0.08,2.00%,3269796,1539019342.00,Canada,,Investment Bankers/Brokers/Service,Finance
USA,Liberty All-Star Equity Fund Common Stock,$5.81,-0.02,-0.343%,1364146,0.00,United States,1986,Finance Companies,Finance
USAC,USA Compression Partners LP Common Units Representing Limited Partner Interests,$25.01,-0.32,-1.263%,352465,3625033058.00,United States,2013,Natural Gas Distribution,Utilities
USAR,USA Rare Earth Inc. Class A Common Stock,$14.075,-0.34,-2.359%,12312229,5279202681.00,United States,2023,Metal Mining,Basic Materials
USAS,Americas Gold and Silver Corporation Common Shares no par value,$4.50,0.00,0.00%,2952463,1521709263.00,Canada,2017,Metal Mining,Basic Materials
USAU,U.S. Gold Corp. Common Stock,$14.75,-0.05,-0.338%,133813,243797779.00,United States,,Metal Mining,Basic Materials
USB,U.S. Bancorp Common Stock,$58.14,-0.64,-1.089%,7642461,90585111070.00,United States,,Major Banks,Finance
USB^A,U.S. Bancorp Depositary Shares Each representing a 1/100th interest in a share of Series A Non-CumulativePerpetual Pfd Stock,$774.00,-1.00,-0.129%,2969,,United States,,,
USB^H,U.S. Bancorp Depositary Shares repstg 1/1000th Pfd Ser B,$18.61,-0.04,-0.214%,183291,,United States,,,
USB^P,U.S. Bancorp Depositary Shares each representing a 1/1000th interest in a share of Series K Non-Cumulative Perpetual Preferred Stock,$20.43,-0.09,-0.439%,97058,,United States,,,
USB^Q,U.S. Bancorp Depositary Shares Each Representing a 1/1000th Interest in a Share of Series L Non-Cumulative Perpetual Preferred Stock,$13.92,-0.04,-0.287%,52956,,United States,,,
USB^R,U.S. Bancorp Depositary Shares Each Representing a 1/1000th Interest in a Share of Series M Non-Cumulative Perpetual Preferred Stock,$14.74,-0.05,-0.338%,128934,,United States,,,
USB^S,U.S. Bancorp Depositary Shares each representing a 1/1000th interest in a share of Series O Non-Cumulative Perpetual Preferred Stock,$16.30,-0.18,-1.092%,96207,,United States,,,
USBC,USBC Inc. Common Stock,$0.5399,0.0129,2.448%,788055,209559177.00,United States,,Finance: Consumer Services,Finance
USCB,USCB Financial Holdings Inc. Class A Common Stock,$22.29,-0.36,-1.589%,55944,411795936.00,United States,2021,Major Banks,Finance
USDE,StablecoinX Inc. Class A Common Stock,$15.32,-0.24,-1.542%,4182753,416506816.00,United States,,Finance: Consumer Services,Finance
USDEW,StablecoinX Inc. Warrants,$4.53,-0.31,-6.405%,249451,123157694.00,United States,,Finance: Consumer Services,Finance
USEA,United Maritime Corporation Common Stock,$2.52,-0.07,-2.703%,153824,24036110.00,Greece,,Marine Transportation,Consumer Discretionary
USFD,US Foods Holding Corp. Common Stock,$93.70,-0.02,-0.021%,1402431,20270188745.00,United States,2016,Food Distributors,Consumer Discretionary
USGO,U.S. GoldMining Inc. Common stock,$6.74,-0.18,-2.601%,77053,94600861.00,United States,2023,Precious Metals,Basic Materials
USIO,Usio Inc. Common Stock,$2.575,0.225,9.574%,217056,73375691.00,United States,,Investment Bankers/Brokers/Service,Finance
USLM,United States Lime & Minerals Inc. Common Stock,$110.50,-0.82,-0.737%,96059,3170064112.00,United States,,Mining & Quarrying of Nonmetallic Minerals (No Fuels),Industrials
USNA,USANA Health Sciences Inc. Common Stock,$14.70,-0.12,-0.81%,102329,271605050.00,United States,, Medicinal Chemicals and Botanical Products ,Health Care
USPH,U.S. Physical Therapy Inc. Common Stock,$86.15,0.06,0.07%,208188,1285590433.00,United States,1992,Medical/Nursing Services,Health Care
UTF,Cohen & Steers Infrastructure Fund Inc Common Stock,$24.38,0.48,2.008%,628009,0.00,United States,2004,Finance Companies,Finance
UTG,Reaves Utility Income Fund Common Shares of Beneficial Interest,$34.29,0.39,1.15%,353945,0.00,United States,2004,Investment Managers,Finance
UTHR,United Therapeutics Corporation Common Stock,$481.47,-4.07,-0.838%,440134,20650581477.00,United States,1999,Biotechnology: Pharmaceutical Preparations,Health Care
UTI,Universal Technical Institute Inc Common Stock,$18.63,0.16,0.866%,2165717,1026424154.00,United States,2003,Other Consumer Services,Real Estate
UTL,UNITIL Corporation Common Stock,$50.99,0.64,1.271%,187873,929888007.00,United States,1985,Power Generation,Utilities
UTMD,Utah Medical Products Inc. Common Stock,$74.95,0.46,0.618%,29895,238627159.00,United States,,Medical/Dental Instruments,Health Care
UTSI,UTStarcom Holdings Corp. Ordinary Shares,$2.35,-0.005,-0.212%,633,22311159.00,China,2000,Telecommunications Equipment,Telecommunications
UTZ,Utz Brands Inc Class A Common Stock ,$14.25,0.00,0.00%,1099626,2051461535.00,United States,2018,Packaged Foods,Consumer Staples
UUU,Universal Safety Products Inc. Common Stock,$4.88,0.00,0.00%,3688,14778899.00,United States,2003,Electronic Components,Technology
UUUU,Energy Fuels Inc Ordinary Shares (Canada),$10.99,-0.04,-0.363%,5508371,2746038330.00,Canada,,Mining & Quarrying of Nonmetallic Minerals (No Fuels),Industrials
UVE,UNIVERSAL INSURANCE HOLDINGS INC Common Stock,$42.24,-0.06,-0.142%,125606,1175554195.00,United States,,Property-Casualty Insurers,Finance
UVSP,Univest Financial Corporation Common Stock,$41.23,-0.37,-0.889%,181667,1137155065.00,United States,,Major Banks,Finance
UVV,Universal Corporation Common Stock,$41.65,-0.22,-0.525%,374288,1037054054.00,United States,,Farming/Seeds/Milling,Industrials
UWMC,UWM Holdings Corporation Class A Common Stock,$1.24,-0.01,-0.80%,7803137,1992079412.00,United States,,Finance: Consumer Services,Finance
UXIN,Uxin Limited ADS,$1.23,-0.12,-8.889%,216936,270575721.00,China,2018,Business Services,Consumer Discretionary
UYSC,UY Scuti Acquisition Corp. Ordinary Shares,$11.00,0.00,0.00%,88,0.00,United States,2025,Blank Checks,Finance
UYSCR,UY Scuti Acquisition Corp. Rights,$0.1397,0.0298,27.116%,1514,0.00,United States,2025,Blank Checks,Finance
UZD,Array Digital Infrastructure Inc. 6.250% Senior Notes due 2069,$17.95,0.0201,0.112%,5533,1543700000.00,United States,2020,Telecommunications Equipment,Telecommunications
UZE,Array Digital Infrastructure Inc. 5.500% Senior Notes due 2070,$16.09,0.13,0.815%,16121,1383740000.00,United States,2020,Telecommunications Equipment,Telecommunications
UZF,Array Digital Infrastructure Inc. 5.500% Senior Notes due 2070,$16.00,-0.1301,-0.807%,2224,1376000000.00,United States,2021,Telecommunications Equipment,Telecommunications
UZX,Linkage Global Inc. Class A Ordinary Shares,$1.60,0.23,16.788%,358149,5337936.00,Japan,2023,Catalog/Specialty Distribution,Consumer Discretionary
V,Visa Inc.,$365.88,-1.86,-0.506%,5472579,653738001723.00,United States,,Business Services,Consumer Discretionary
VABK,Virginia National Bankshares Corporation Common Stock,$48.17,-0.74,-1.513%,10288,261335834.00,United States,,Major Banks,Finance
VAC,Marriott Vacations Worldwide Corporation Common Stock,$104.68,0.12,0.115%,378397,3600502098.00,United States,,Real Estate,Finance
VACI,Viking Acquisition Corp. I Class A Ordinary Shares,$6.54,0.28,4.473%,20457,0.00,,2025,Telecommunications Equipment,Telecommunications
VAI,Valor Energy Incorporated Common Stock,$2.09,0.03,1.456%,27100,30425152.00,China,2018,Rental/Leasing Companies,Consumer Discretionary
VAL,Valaris Limited Common Shares,$78.45,-1.17,-1.469%,504973,5447239059.00,United States,2021,Oil & Gas Production,Energy
VALE,VALE S.A.  American Depositary Shares Each Representing one common share,$13.30,-0.29,-2.134%,26583701,56784540895.00,Brazil,,Metal Mining,Basic Materials
VALN,Valneva SE American Depositary Shares,$6.14,-0.33,-5.10%,9638,582597701.00,France,2021,Biotechnology: Biological Products (No Diagnostic Substances),Health Care
VALU,Value Line Inc. Common Stock,$40.34,0.555,1.395%,1150,378473833.00,United States,1983,Investment Managers,Finance
VANI,Vivani Medical Inc. Common Stock (DE),$1.23,-0.02,-1.60%,82919,110950128.00,United States,2014,Biotechnology: Electromedical & Electrotherapeutic Apparatus,Health Care
VATE,INNOVATE Corp. Common Stock,$7.55,0.15,2.027%,37377,102996088.00,United States,,Metal Fabrications,Industrials
VBF,Invesco Bond Fund Common Stock,$14.26,0.06,0.423%,60688,0.00,United States,,Trusts Except Educational Religious and Charitable,Finance
VBIO,Valion Bio Inc. Common Stock,$2.83,0.13,4.815%,381300,3638319.00,United States,2021,Biotechnology: Electromedical & Electrotherapeutic Apparatus,Health Care
VBNK,VersaBank Common Shares,$22.17,-0.38,-1.685%,125840,718730981.00,Canada,,Commercial Banks,Finance
VC,Visteon Corporation Common Stock,$87.06,0.11,0.127%,776822,2324104049.00,United States,,Auto Parts:O.E.M.,Consumer Discretionary
VCEL,Vericel Corporation Common Stock,$40.61,0.37,0.919%,526904,2079500595.00,United States,,Biotechnology: Biological Products (No Diagnostic Substances),Health Care
VCIG,VCI Global Limited Ordinary Share,$1.62,-0.005,-0.308%,51968,2051724.00,Malaysia,2023,Diversified Commercial Services,Consumer Discretionary
VCRE,Vicore Pharma Holding AB American Depositary Shares,$9.52,-0.07,-0.73%,65529,2680123645.00,Sweden,,Biotechnology: Pharmaceutical Preparations,Health Care
VCTR,Victory Capital Holdings Inc. Class A Common Stock,$110.40,0.80,0.73%,466724,6790656749.00,United States,2018,Investment Managers,Finance
VCV,Invesco California Value Municipal Income Trust Common Stock,$9.00,0.07,0.784%,387560,431014725.00,United States,,Trusts Except Educational Religious and Charitable,Finance
VCX,Fundrise Innovation Fund LLC Common Shares of Limited Liability Company Interests,$29.74,1.57,5.573%,485603,0.00,,2026,,
VCYT,Veracyte Inc. Common Stock,$46.08,0.85,1.879%,1594924,3704404884.00,United States,2013,Medical Specialities,Health Care
VECA,Vernal Capital Acquisition Corp. Ordinary Shares,$10.02,0.00,0.00%,6,0.00,,2026,Blank Checks,Finance
VECO,Veeco Instruments Inc. Common Stock,$51.37,2.30,4.687%,905341,3140229607.00,United States,1994,Industrial Machinery/Components,Technology
VEEA,Veea Inc. Common Stock,$2.50,-0.36,-12.587%,176477,7776770.00,United States,2021,EDP Services,Technology
VEEAW,Veea Inc. Warrant,$0.0202,-0.0033,-14.043%,31928,62836.00,United States,2021,EDP Services,Technology
VEEE,Twin Vee PowerCats Co. Common Stock,$13.39,-0.30,-2.191%,26799,7824058.00,United States,2021,Marine Transportation,Industrials
VEEV,Veeva Systems Inc. Class A Common Stock,$278.57,-1.39,-0.496%,1104982,45102948345.00,United States,2013,Computer Software: Prepackaged Software,Technology
VEL,Velocity Financial Inc. Common Stock,$15.12,-0.08,-0.526%,290467,596959630.00,United States,2020,Finance: Consumer Services,Finance
VELO,Velo3D Inc. Common stock,$10.80,-0.17,-1.55%,828418,347210474.00,United States,,Industrial Machinery/Components,Technology
VENU,Venu Holding Corporation Common Stock,$1.51,0.08,5.594%,560438,88892702.00,United States,2024,Services-Misc. Amusement & Recreation,Consumer Discretionary
VEON,VEON Ltd. ADS,$73.97,4.56,6.57%,279461,5093662594.00,Netherlands,,Telecommunications Equipment,Telecommunications
VERA,Vera Therapeutics Inc. Class A Common Stock,$32.375,-0.125,-0.385%,1457521,2333050471.00,United States,2021,Biotechnology: Pharmaceutical Preparations,Health Care
VERI,Veritone Inc. Common Stock,$1.32,0.04,3.125%,1517302,132603330.00,United States,2017,EDP Services,Technology
VERU,Veru Inc. Common Stock,$2.56,0.035,1.386%,33115,43648819.00,United States,,Biotechnology: Pharmaceutical Preparations,Health Care
VERX,Vertex Inc. Class A Common Stock,$11.15,0.09,0.814%,1247554,1808730477.00,United States,2020,Computer Software: Prepackaged Software,Technology
VET,Vermilion Energy Inc. Common (Canada),$11.30,-0.22,-1.91%,1106966,1731160000.00,Canada,,Oil & Gas Production,Energy
VFC,V.F. Corporation Common Stock,$14.50,0.08,0.555%,11097573,5700451265.00,United States,,Garments and Clothing,Industrials
VFF,Village Farms International Inc. Common Shares,$3.10,-0.04,-1.274%,516775,379087521.00,Canada,,Farming/Seeds/Milling,Consumer Staples
VFS,VinFast Auto Ltd. Ordinary Shares,$3.16,0.02,0.637%,179278,7392933792.00,Singapore,,Auto Manufacturing,Industrials
VFSWW,VinFast Auto Ltd. Warrant,$0.2357,0.00,0.00%,15,551428638.00,Singapore,,Auto Manufacturing,Industrials
VG,Venture Global Inc. Class A common stock,$12.54,-0.35,-2.715%,10124944,31351164352.00,United States,2025,Oil/Gas Transmission,Utilities
VGAS,Verde Clean Fuels Inc. Class A Common Stock,$1.13,-0.01,-0.877%,16556,50341072.00,United States,2021,Major Chemicals,Industrials
VGASW,Verde Clean Fuels Inc. Warrant,$0.014,-0.008,-36.364%,96017,623695.00,United States,2021,Major Chemicals,Industrials
VGI,Virtus Global Multi-Sector Income Fund Common Shares of Beneficial Interest,$6.73,0.06,0.90%,57899,0.00,United States,2012,Investment Managers,Finance
VGM,Invesco Trust for Investment Grade Municipals Common Stock (DE),$8.66,-0.06,-0.688%,796913,469648843.00,United States,,Trusts Except Educational Religious and Charitable,Finance
VGNT,Versigent PLC Ordinary Shares,$45.66,0.26,0.573%,520199,3234338200.00,United Kingdom,2026,Auto Parts:O.E.M.,Consumer Discretionary
VGZ,Vista Gold Corp Common Stock,$2.68,-0.01,-0.372%,2023250,391203207.00,United States,1986,Precious Metals,Basic Materials
VHC,VirnetX Holding Corp Common Stock,$10.32,0.09,0.88%,4622,43515653.00,United States,,Multi-Sector Companies,Miscellaneous
VHCP,Vine Hill Capital Investment Corp. II Class A Ordinary Shares,$10.06,0.00,0.00%,20,0.00,United States,2026,,
VHCPU,Vine Hill Capital Investment Corp. II Units,$10.24,0.00,0.00%,5,0.00,United States,2025,Blank Checks,Finance
VHI,Valhi Inc. Common Stock,$15.83,0.32,2.063%,7055,448324485.00,United States,,Major Chemicals,Basic Materials
VHUB,VenHub Global Inc. Common Stock,$0.531,-0.029,-5.179%,74410,51734192.00,United States,,Industrial Machinery/Components,Technology
VIA,Via Transportation Inc. Class A Common Stock,$29.25,0.15,0.515%,534132,2384039180.00,United States,2025,Computer Software: Prepackaged Software,Technology
VIAV,Viavi Solutions Inc. Common Stock,$41.82,0.95,2.324%,6107612,10319077807.00,United States,,Semiconductors,Technology
VICI,VICI Properties Inc. Common Stock,$23.20,0.01,0.043%,12580518,25544999438.00,United States,2018,Real Estate Investment Trusts,Real Estate
VICR,Vicor Corporation Common Stock,$290.68,5.58,1.957%,540630,13402304858.00,United States,,Industrial Machinery/Components,Technology
VIDA,VIDA Global Inc. Class A Common Stock,$1.65,0.01,0.61%,25750,24061838.00,,2026,Computer Software: Prepackaged Software,Technology
VII,Viking Acquisition Corp. II Class A Ordinary Shares,$9.85,0.01,0.102%,155,0.00,,2026,,
VIK,Viking Holdings Ltd Ordinary Shares,$78.71,-0.59,-0.744%,6063826,35087819130.00,United States,2024,Marine Transportation,Consumer Discretionary
VINP,Vinci Compass Investments Ltd. Class A Common Shares,$9.32,0.03,0.323%,36937,609733953.00,Brazil,2021,Investment Managers,Finance
VIOT,Viomi Technology Co. Ltd American Depositary Shares,$1.47,-0.12,-7.547%,707520,98962943.00,China,2018,Consumer Electronics/Appliances,Consumer Discretionary
VIP,Vulcan Infrastructure and Power Inc. Class A Common Stock,$1.62,0.01,0.621%,67953,29856441.00,United States,,Finance: Consumer Services,Finance
VIPS,Vipshop Holdings Limited American Depositary Shares each representing two ordinary shares,$12.38,-0.09,-0.722%,2286407,5945749285.00,China,2012,Catalog/Specialty Distribution,Consumer Discretionary
VIR,Vir Biotechnology Inc. Common Stock,$10.65,0.14,1.332%,1573705,1802149953.00,United States,2019,Biotechnology: Biological Products (No Diagnostic Substances),Health Care
VIRC,Virco Manufacturing Corporation Common Stock,$6.50,0.00,0.00%,8361,102464798.00,United States,,Industrial Specialties,Consumer Discretionary
VIRT,Virtu Financial Inc. Class A Common Stock,$53.75,1.78,3.425%,1472927,8342012201.00,United States,,Investment Bankers/Brokers/Service,Finance
VISN,Vistance Networks Inc. Common Stock,$5.94,-0.15,-2.463%,6745677,1369920887.00,United States,2013,Radio And Television Broadcasting And Communications Equipment,Technology
VIST,Vista Energy S.A.B. de C.V. American Depositary Shares each representing one series A share with no par value,$66.71,-0.20,-0.299%,607140,7425983887.00,Mexico,2019,Oil & Gas Production,Energy
VITL,Vital Farms Inc. Common Stock,$9.39,-0.28,-2.896%,2558670,403126992.00,United States,2020,Packaged Foods,Consumer Staples
VIV,Telefonica Brasil S.A. American Depositary Shares (Each representing One Common Share),$11.38,0.09,0.797%,680173,18183000143.00,Brazil,2020,Telecommunications Equipment,Telecommunications
VIVK,Vivakor Inc. Common Stock,$0.5192,-0.0106,-2.001%,333074,4248939.00,United States,,Environmental Services,Utilities
VIVO,VivoPower PLC Class A Ordinary Shares,$3.68,-0.26,-6.599%,760975,117736282.00,United Kingdom,,Power Generation,Utilities
VIVS,VivoSim Labs Inc. Common Stock,$0.2025,-0.0177,-8.038%,647758,3358765.00,United States,,Biotechnology: Biological Products (No Diagnostic Substances),Health Care
VKI,Invesco Advantage Municipal Income Trust II Common Shares of Beneficial Interest (DE),$7.58,-0.05,-0.655%,607057,336597632.00,United States,1993,Finance Companies,Finance
VKQ,Invesco Municipal Trust Common Stock,$8.37,-0.18,-2.105%,517871,463158261.00,United States,,Trusts Except Educational Religious and Charitable,Finance
VKTX,Viking Therapeutics Inc. Common Stock,$31.81,-1.22,-3.694%,8025768,3998155988.00,United States,2015,Biotechnology: Pharmaceutical Preparations,Health Care
VLGEA,Village Super Market Inc. Class A Common Stock,$45.61,-0.50,-1.084%,35776,675460885.00,United States,,Food Chains,Consumer Staples
VLN,Valens Semiconductor Ltd. Ordinary Shares,$1.83,0.02,1.105%,401186,192685641.00,,,Semiconductors,Technology
VLO,Valero Energy Corporation Common Stock,$387.72,-1.85,-0.475%,2651670,111635235179.00,United States,,Integrated oil Companies,Energy
VLOS,Velos Acquisition I Corp. Class A Ordinary shares,$10.68,0.00,0.00%,278152,0.00,United States,2024,,
VLOSU,Velos Acquisition I Corp. Units,$10.78,-0.03,-0.278%,201,0.00,United States,2024,Blank Checks,Finance
VLOSW,Velos Acquisition I Corp. Warrant,$0.43,-0.02,-4.444%,731,0.00,United States,2024,Blank Checks,Finance
VLRS,Controladora Vuela Compania de Aviacion S.A.B. de C.V. American Depositary Shares each representing ten (10) Ordinary Participation Certificates,$6.71,-0.05,-0.74%,245416,779674630.00,,2013,Air Freight/Delivery Services,Consumer Discretionary
VLT,Invesco High Income Trust II,$9.08,0.01,0.11%,27833,0.00,United States,1989,Trusts Except Educational Religious and Charitable,Finance
VLTO,Veralto Corp Common Stock ,$96.65,0.45,0.468%,1546095,23562626698.00,United States,2023,Electrical Products,Industrials
VLY,Valley National Bancorp Common Stock,$12.72,-0.06,-0.469%,10140893,7029138475.00,United States,,Major Banks,Finance
VLYPN,Valley National Bancorp 8.250% Fixed-Rate Reset Non-Cumulative Perpetual Preferred Stock Series C,$25.30,-0.07,-0.276%,19443,13980912218.00,United States,,Major Banks,Finance
VLYPO,Valley National Bancorp 5.50% Fixed-to-Floating Rate Non-Cumulative Perpetual Preferred Stock Series B,$24.85,0.08,0.323%,5735,13732239866.00,United States,,Major Banks,Finance
VLYPP,Valley National Bancorp 6.25% Fixed-to-Floating Rate Non-Cumulative Perpetual Preferred Stock Series A,$24.94,-0.072,-0.288%,7472,13781974336.00,United States,,Major Banks,Finance
VMAR,Vision Marine Technologies Inc. Common Shares,$7.625,0.225,3.041%,28962,4979476.00,Canada,2020,Marine Transportation,Industrials
VMC,Vulcan Materials Company (Holding Company) Common Stock,$242.75,-3.40,-1.381%,1653827,31455238892.00,United States,,Mining & Quarrying of Nonmetallic Minerals (No Fuels),Industrials
VMD,Viemed Healthcare Inc. Common Shares,$9.23,0.12,1.317%,230906,351554344.00,United States,,Misc Health and Biotechnology Services,Health Care
VMET,Versamet Royalties Corporation Common Stock,$9.025,0.105,1.177%,201144,982186301.00,Canada,,Precious Metals,Industrials
VMI,Valmont Industries Inc. Common Stock,$467.21,-0.63,-0.135%,208455,9019422706.00,United States,,Metal Fabrications,Industrials
VMO,Invesco Municipal Opportunity Trust Common Stock,$8.34,-0.03,-0.358%,817102,562455313.00,United States,,Trusts Except Educational Religious and Charitable,Finance
VMRK,Vivmark Residential Common Shares of Beneficial Interest,$61.35,-0.02,-0.033%,3673656,48313125000.00,United States,,Real Estate Investment Trusts,Real Estate
VNCE,Vince Holding Corp. Common Stock,$10.14,-0.68,-6.285%,301280,131259755.00,United States,,Clothing/Shoe/Accessory Stores,Consumer Discretionary
VNDA,Vanda Pharmaceuticals Inc. Common Stock,$5.03,-0.14,-2.708%,2669442,304127316.00,United States,2006,Biotechnology: Pharmaceutical Preparations,Health Care
VNET,VNET Group Inc. American Depositary Shares,$5.71,-0.27,-4.515%,6045279,1626370507.00,China,2011,Computer Software: Programming Data Processing,Technology
VNME,Vendome Acquisition Corporation I Class A Ordinary Shares,$10.30,-0.01,-0.097%,5008,0.00,United States,2025,Blank Checks,Finance
VNMEW,Vendome Acquisition Corporation I Warrant,$0.25,0.0485,24.069%,10291,0.00,United States,2025,Blank Checks,Finance
VNO,Vornado Realty Trust Common Stock,$33.89,-0.21,-0.616%,1768709,6327958796.00,United States,,Real Estate Investment Trusts,Real Estate
VNO^L,Vornado Realty Trust Pfd Ser L %,$16.16,-0.0501,-0.309%,16217,,United States,,,
VNO^M,Vornado Realty Trust 5.25% Series M Cumulative Redeemable Preferred Shares of Beneficial Interest liquidation preference $25.00 per share no par value per share,$16.23,0.07,0.433%,18883,,United States,,,
VNO^N,Vornado Realty Trust 5.25% Series N Cumulative Redeemable Preferred Shares of Beneficial Interest liquidation preference $25.00 per share,$15.80,0.00,0.00%,9270,,United States,,,
VNO^O,Vornado Realty Trust 4.45% Series O Cumulative Redeemable Preferred Shares Liquidation Preference $25.00 Per Share,$13.35,0.00,0.00%,64846,,United States,,,
VNOM,Viper Energy Inc. Class A Common Stock,$40.08,-0.45,-1.11%,1279971,14396531311.00,United States,2014,Oil & Gas Production,Energy
VNRX,VolitionRX Limited Common Stock,$0.2561,0.0032,1.265%,2105676,7146042.00,Singapore,2015,Biotechnology: In Vitro & In Vivo Diagnostic Substances,Health Care
VNT,Vontier Corporation Common Stock ,$31.57,0.61,1.97%,1432544,4268264000.00,United States,2020,Industrial Machinery/Components,Industrials
VNTG,Vantage Corp Class A Ordinary Shares,$0.7073,-0.024,-3.282%,382041,21686447.00,Singapore,2025,Integrated Freight & Logistics,Industrials
VOC,VOC Energy Trust Units of Beneficial Interest,$3.41,-0.03,-0.872%,52846,57970000.00,United States,2011,Oil & Gas Production,Energy
VOD,Vodafone Group Plc American Depositary Shares,$16.33,-0.25,-1.508%,3764603,37792455558.00,United Kingdom,,Telecommunications Equipment,Telecommunications
VOGX,Vogenx Inc Common Stock,$24.315,2.315,10.523%,138022,361201440.00,United States,2026,Biotechnology: Pharmaceutical Preparations,Health Care
VOR,Vor Biopharma Inc. Common Stock,$18.33,0.02,0.109%,1384026,1084444849.00,United States,2021,Biotechnology: Biological Products (No Diagnostic Substances),Health Care
VOXR,Vox Royalty Corp. Common Stock,$5.065,-0.045,-0.881%,724740,351993613.00,Canada,,Precious Metals,Basic Materials
VOYA,Voya Financial Inc. Common Stock,$95.09,-0.89,-0.927%,669086,8614806826.00,United States,2013,Life Insurance,Finance
VOYA^B,Voya Financial Inc. Depositary Shares each representing a 1/40th interest in a share of 5.35% Fixed-Rate Reset Non-Cumulative Preferred Stock Series B,$23.11,-0.13,-0.559%,21455,,United States,,,
VOYG,Voyager Technologies Inc. Class A Common Stock,$30.74,-2.44,-7.354%,2722287,1904888881.00,United States,2025,Military/Government/Technical,Industrials
VPG,Vishay Precision Group Inc. Common Stock,$71.70,0.82,1.157%,237212,955074831.00,United States,,Electrical Products,Technology
VPV,Invesco Pennsylvania Value Municipal Income Trust Common Stock (DE),$10.45,0.07,0.674%,21830,249018735.00,United States,,Trusts Except Educational Religious and Charitable,Finance
VRA,Vera Bradley Inc. Common Stock,$4.27,0.12,2.892%,284537,122500595.00,United States,2010,Apparel,Consumer Discretionary
VRAX,Virax Biolabs Group Limited Ordinary Shares,$2.23,-0.0844,-3.647%,97113,2999323.00,United Kingdom,2022,Biotechnology: In Vitro & In Vivo Diagnostic Substances,Health Care
VRCA,Verrica Pharmaceuticals Inc. Common Stock,$4.46,-0.14,-3.043%,3710,76617386.00,United States,2018,Biotechnology: Pharmaceutical Preparations,Health Care
VRDN,Viridian Therapeutics Inc. Common Stock,$19.995,-0.575,-2.795%,1233611,2265278919.00,United States,2014,Biotechnology: Pharmaceutical Preparations,Health Care
VREX,Varex Imaging Corporation Common Stock,$18.47,0.01,0.054%,206094,777587000.00,United States,,Industrial Machinery/Components,Technology
VRM,Vroom Inc. Common Stock,$9.59,-0.16,-1.641%,7574,50197445.00,United States,,Retail-Auto Dealers and Gas Stations,Consumer Discretionary
VRME,VerifyMe Inc. Common Stock,$8.14,-1.76,-17.778%,119227,10716473.00,United States,,EDP Services,Technology
VRNS,Varonis Systems Inc. Common Stock,$47.11,-0.815,-1.701%,1198139,5411077448.00,United States,2014,Computer Software: Prepackaged Software,Technology
VRRM,Verra Mobility Corporation Class A Common Stock,$3.04,0.05,1.672%,6406748,462027724.00,United States,2017,Transportation Services,Consumer Discretionary
VRSK,Verisk Analytics Inc. Common Stock,$165.94,-1.83,-1.091%,1686183,21598088631.00,United States,2009,EDP Services,Technology
VRSN,VeriSign Inc. Common Stock,$279.84,-2.23,-0.791%,693730,25269552000.00,United States,1998,EDP Services,Technology
VRT,Vertiv Holdings LLC Class A Common Stock,$248.34,4.30,1.762%,3298861,95607962883.00,United States,2018,Industrial Machinery/Components,Technology
VRTS,Virtus Investment Partners Inc. Common Stock,$131.26,1.71,1.32%,178352,869294289.00,United States,,Investment Managers,Finance
VRTX,Vertex Pharmaceuticals Incorporated Common Stock,$526.73,-0.94,-0.178%,688929,133505472499.00,United States,1991,Biotechnology: Pharmaceutical Preparations,Health Care
VRXA,Veraxa Biotech AG Ordinary Shares,$1.31,-0.06,-4.38%,53079,185244235.00,Switzerland,,Biotechnology: Pharmaceutical Preparations,Health Care
VRXAW,Veraxa Biotech AG Warrants,$0.0701,0.0001,0.143%,167761,9912688.00,Switzerland,,Biotechnology: Pharmaceutical Preparations,Health Care
VS,Versus Systems Inc. Common Stock,$1.04,0.00,0.00%,19297,6461152.00,Canada,,EDP Services,Technology
VSA,VisionSys AI Inc. American Depositary Shares,$2.23,-0.11,-4.701%,25062,6228247.00,China,2014,Other Consumer Services,Real Estate
VSAT,ViaSat Inc. Common Stock,$69.09,-2.56,-3.573%,1483147,9517548913.00,United States,1996,Telecommunications Equipment,Consumer Discretionary
VSEC,VSE Corporation Common Stock,$171.59,-3.06,-1.752%,298893,4815668545.00,United States,,Military/Government/Technical,Consumer Discretionary
VSECU,VSE Corporation Tangible Equity Units,$45.87,-0.14,-0.304%,20396,1287340266.00,United States,,,
VSH,Vishay Intertechnology Inc. Common Stock,$32.46,0.23,0.714%,2328352,4978687761.00,United States,,Electrical Products,Technology
VSME,VS Media Holdings Limited Class A Ordinary Shares,$0.924,-0.056,-5.714%,71662,2541724.00,Singapore,2023,Advertising,Consumer Discretionary
VSNT,Versant Media Group Inc. Class A Common Stock ,$32.17,-0.29,-0.893%,1269240,4464948388.00,United States,,Broadcasting,Industrials
VST,Vistra Corp. Common Stock,$140.83,2.81,2.036%,4861108,47267504512.00,United States,,Electric Utilities: Central,Utilities
VSTM,Verastem Inc. Common Stock,$7.92,0.15,1.931%,2677209,717262453.00,United States,2012,Biotechnology: Pharmaceutical Preparations,Health Care
VSTS,Vestis Corporation Common Stock,$13.46,0.01,0.074%,1170373,1778875013.00,United States,2023,Consumer Specialties,Consumer Discretionary
VSXY,Victorias Secret & Co. Common Stock ,$89.23,0.94,1.065%,1212388,7117345200.00,United States,2021,Clothing/Shoe/Accessory Stores,Consumer Discretionary
VTAK,Catheter Precision Inc. Common Stock,$0.143,-0.0037,-2.522%,446295,2713003.00,,2018,Medical/Dental Instruments,Health Care
VTEX,VTEX Class A Common Shares,$3.59,0.01,0.279%,542793,621046590.00,United Kingdom,2021,Computer Software: Prepackaged Software,Technology
VTGN,Vistagen Therapeutics Inc. Common Stock,$0.298,0.001,0.337%,2025645,13224319.00,United States,,Biotechnology: Pharmaceutical Preparations,Health Care
VTIX,Virtuix Holdings Inc. Class A Common Stock,$1.20,-0.01,-0.826%,215267,40765619.00,United States,,Computer peripheral equipment,Technology
VTMX,Corporacion Inmobiliaria Vesta S.A.B de C.V. American Depositary Shares each representing ten (10) Common Shares,$32.39,-0.34,-1.039%,56596,2864851579.00,,2023,Real Estate,Finance
VTN,Invesco Trust for Investment Grade New York Municipals Common Stock,$9.13,-0.02,-0.219%,148043,177906988.00,United States,,Finance Companies,Finance
VTOL,Bristow Group Inc. Common Stock,$40.98,-1.18,-2.799%,193802,1214729160.00,United States,,Transportation Services,Consumer Discretionary
VTR,Ventas Inc. Common Stock,$86.91,-0.13,-0.149%,2378534,44580168061.00,United States,,Real Estate Investment Trusts,Real Estate
VTRS,Viatris Inc. Common Stock,$18.12,-0.15,-0.821%,13858371,20812466456.00,United States,,Biotechnology: Pharmaceutical Preparations,Health Care
VTS,Vitesse Energy Inc. Common Stock,$16.70,-0.05,-0.299%,495425,703142094.00,United States,2023,Oil & Gas Production,Energy
VTSI,VirTra Inc. Common Stock,$2.71,-0.11,-3.901%,22943,30676181.00,United States,,Miscellaneous manufacturing industries,Consumer Discretionary
VTVT,vTv Therapeutics Inc. Class A Common Stock,$30.00,-0.52,-1.704%,85148,118617840.00,United States,2015,Biotechnology: Pharmaceutical Preparations,Health Care
VUZI,Vuzix Corporation Common Stock,$2.77,0.00,0.00%,783702,233827417.00,United States,,Radio And Television Broadcasting And Communications Equipment,Technology
VVOS,Vivos Therapeutics Inc. Common Stock,$0.1505,0.0164,12.23%,76758358,3027762.00,United States,2020,Medical/Dental Instruments,Health Care
VVR,Invesco Senior Income Trust Common Stock (DE),$2.87,0.00,0.00%,1025579,0.00,United States,1998,Trusts Except Educational Religious and Charitable,Finance
VVV,Valvoline Inc. Common Stock,$29.65,1.17,4.108%,3407082,3782937294.00,United States,2016,Major Chemicals,Industrials
VVX,V2X Inc. Common Stock,$72.80,-0.91,-1.235%,471833,2281942062.00,United States,2014,Diversified Commercial Services,Consumer Discretionary
VWAV,VisionWave Holdings Inc. Common Stock,$4.16,-0.41,-8.972%,208205,9874887.00,United States,,Computer Software: Prepackaged Software,Technology
VWAVW,VisionWave Holdings Inc. Warrant,$0.06,0.0054,9.89%,11851,142426.00,United States,,Computer Software: Prepackaged Software,Technology
VYGR,Voyager Therapeutics Inc. Common Stock,$2.64,-0.06,-2.222%,628617,162671383.00,United States,2015,Biotechnology: Biological Products (No Diagnostic Substances),Health Care
VYX,NCR Voyix Corporation Common Stock,$6.62,-0.21,-3.075%,2807552,914022725.00,United States,,Office Equipment/Supplies/Services,Miscellaneous
VZ,Verizon Communications Inc. Common Stock,$45.98,-0.70,-1.50%,19114272,191036563788.00,United States,,Telecommunications Equipment,Telecommunications
VZLA,Vizsla Silver Corp. Common Shares,$3.84,0.02,0.524%,3539427,1363418388.00,Canada,2024,Precious Metals,Basic Materials
W,Wayfair Inc. Class A Common Stock,$101.95,3.32,3.366%,2526213,13963894737.00,United States,2014,Catalog/Specialty Distribution,Consumer Discretionary
WAB,Westinghouse Air Brake Technologies Corporation Common Stock,$291.23,-1.14,-0.39%,605313,49191907137.00,United States,,Railroads,Industrials
WABC,Westamerica Bancorporation Common Stock,$58.37,-1.01,-1.701%,247098,1348998001.00,United States,,Major Banks,Finance
WAFD,WaFd Inc. Common Stock,$30.29,-0.56,-1.815%,883147,2241315759.00,United States,,Major Banks,Finance
WAFDP,WaFd Inc. Depositary Shares,$15.96,0.01,0.063%,17033,1180963998.00,United States,,Major Banks,Finance
WAFU,Wah Fu Education Group Limited Ordinary Shares,$1.43,-0.02,-1.379%,79110,6307099.00,China,2019,Other Consumer Services,Real Estate
WAL,Western Alliance Bancorporation Common Stock (DE),$75.76,-0.79,-1.032%,1423998,8265481457.00,United States,2005,Major Banks,Finance
WAL^A,Western Alliance Bancorporation Depositary Shares Each Representing a 1/400th Interest in a Share of 4.250% Fixed-Rate Non-Cumulative Perpetual Preferred Stock Series A,$24.82,-0.05,-0.201%,43047,,United States,,,
WALD,Waldencast plc Class A Ordinary Share,$0.9277,-0.1323,-12.481%,287908,119303067.00,United States,2021,Package Goods/Cosmetics,Consumer Discretionary
WALDW,Waldencast plc Warrant ,$0.0056,0.0006,12.00%,271254,720165.00,United States,2021,Package Goods/Cosmetics,Consumer Discretionary
WASH,Washington Trust Bancorp Inc. Common Stock,$37.94,-0.55,-1.429%,104685,723679739.00,United States,,Major Banks,Finance
WAT,Waters Corporation Common Stock,$443.26,0.32,0.072%,625638,43549457682.00,United States,1995,Biotechnology: Laboratory Analytical Instruments,Industrials
WATR,Air Water Ventures Limited Ordinary Shares,$1.57,-0.14,-8.187%,71503,49673943.00,United Arab Emirates,,Beverages (Production/Distribution),Consumer Staples
WATT,Energous Corporation Common Stock,$13.17,0.43,3.375%,129291,72791525.00,United States,2014,Radio And Television Broadcasting And Communications Equipment,Technology
WAVE,Eco Wave Power Global AB (publ) American Depositary Shares,$5.88,-0.17,-2.81%,12388,36689224.00,Israel,2021,Electric Utilities: Central,Utilities
WAY,Waystar Holding Corp. Common Stock,$25.07,-0.67,-2.603%,2015426,4807132789.00,United States,2024,EDP Services,Technology
WB,Weibo Corporation American Depositary Share,$6.42,-0.05,-0.773%,1186516,1577217912.00,China,2014,Computer Software: Programming Data Processing,Technology
WBD,Warner Bros. Discovery Inc. Series A Common Stock ,$30.85,-0.05,-0.162%,46827999,77455197237.00,United States,,Cable & Other Pay Television Services,Telecommunications
WBI,WaterBridge Infrastructure LLC Class A Shares Representing Limited Liability Company Interests,$28.46,-0.49,-1.693%,815078,3513563708.00,,2025,Oilfield Services/Equipment,Energy
WBTN,WEBTOON Entertainment Inc. Common stock,$10.97,0.02,0.183%,297419,1488750438.00,United States,2024,Publishing,Consumer Discretionary
WBUY,WEBUY GLOBAL LTD. Class A Ordinary Shares,$0.94,0.04,4.444%,1215807,5152238.00,Singapore,2023,Other Specialty Stores,Consumer Discretionary
WBX,Wallbox N.V. Class A Ordinary Shares,$2.76,0.03,1.099%,18706,65939433.00,Spain,,Industrial Specialties,Consumer Discretionary
WCC,WESCO International Inc. Common Stock,$365.06,0.39,0.107%,367676,17790415681.00,United States,1999,Telecommunications Equipment,Consumer Discretionary
WCCB,West Coast Community Bancorp Common Stock,$60.34,-0.07,-0.116%,43605,635023168.00,United States,,Major Banks,Finance
WCN,Waste Connections Inc. Common Shares,$155.56,-0.60,-0.384%,1476126,39702805356.00,Canada,,Environmental Services,Utilities
WCT,Wellchange Holdings Company Limited Class A Ordinary shares,$8.06,0.12,1.511%,1026098,86572992.00,Hong Kong,2024,Computer Software: Prepackaged Software,Technology
WD,Walker & Dunlop Inc Common Stock,$36.30,-0.74,-1.998%,372801,1246024544.00,United States,2010,Finance: Consumer Services,Finance
WDAY,Workday Inc. Class A Common Stock,$189.17,0.57,0.302%,1806981,45589970000.00,United States,,EDP Services,Technology
WDC,Western Digital Corporation Common Stock,$453.48,0.25,0.055%,6118486,163498107285.00,United States,,Electronic Components,Technology
WDFC,WD-40 Company Common Stock,$202.99,-0.91,-0.446%,181992,2724348277.00,United States,1973,Major Chemicals,Industrials
WDH,Waterdrop Inc. American Depositary Shares (each representing the right to receive 10 Class A Ordinary Shares),$1.03,0.00,0.00%,763488,370081012.00,Cayman Islands,2021,Specialty Insurers,Finance
WDI,Western Asset Diversified Income Fund Common Shares of Beneficial Interest,$11.80,-0.02,-0.169%,380746,0.00,United States,2021,Trusts Except Educational Religious and Charitable,Finance
WDS,Woodside Energy Group Limited American Depositary Shares each representing one Ordinary Share,$21.70,-0.39,-1.766%,533469,41253873103.00,Australia,2022,Oil & Gas Production,Energy
WEA,Western Asset Bond Fund Share of Beneficial Interest,$9.94,0.11,1.119%,48306,0.00,United States,2002,Trusts Except Educational Religious and Charitable,Finance
WEAV,Weave Communications Inc. Common Stock,$7.36,-0.01,-0.136%,1254527,588793516.00,United States,2021,Computer Software: Prepackaged Software,Technology
WEC,WEC Energy Group Inc. Common Stock,$102.58,1.13,1.114%,3408090,33425629708.00,United States,,Power Generation,Utilities
WELL,Welltower Inc. Common Stock,$232.90,-0.06,-0.026%,1898565,167861499088.00,United States,,Real Estate Investment Trusts,Real Estate
WEN,Wendy's Company (The) Common Stock,$6.54,0.15,2.347%,5271025,1246981342.00,United States,,Restaurants,Consumer Discretionary
WENC,West Enclave Merger Corp. Ordinary Shares,$10.00,0.00,0.00%,11,0.00,,2026,Blank Checks,Finance
WENN,Wen Acquisition Corp Class A Ordinary Shares,$10.41,0.00,0.00%,136,0.00,United States,2025,,
WENNW,Wen Acquisition Corp Warrant,$0.24,-0.01,-4.00%,2141,0.00,United States,2025,Blank Checks,Finance
WERN,Werner Enterprises Inc. Common Stock,$34.05,0.52,1.551%,511331,2042222162.00,United States,1986,Trucking Freight/Courier Services,Industrials
WES,Western Midstream Partners LP Common Units Representing Limited Partner Interests,$44.94,-0.33,-0.729%,826435,18568066209.00,United States,2012,Natural Gas Distribution,Utilities
WEST,Westrock Coffee Company Common Stock,$8.12,-0.13,-1.576%,275472,792734382.00,United States,,Beverages (Production/Distribution),Consumer Staples
WETH,Wetouch Technology Inc. Common Stock,$1.02,0.01,0.99%,39470,13649165.00,China,,Computer peripheral equipment,Technology
WETO,Wetour Robotics Limited Ordinary Shares,$1.10,-0.57,-34.132%,10025981,1185581.00,China,2025,Other Transportation,Industrials
WEX,WEX Inc. common stock,$171.46,-5.60,-3.163%,658661,5843633022.00,United States,,Business Services,Consumer Discretionary
WEYS,Weyco Group Inc. Common Stock,$48.47,1.33,2.821%,33314,462936146.00,United States,,Apparel,Consumer Staples
WF,Woori Financial Group Inc. American Depositary Shares (each representing three (3) shares of Common Stock),$79.68,0.42,0.53%,81126,19416391803.00,South Korea,,Commercial Banks,Finance
WFC,Wells Fargo & Company Common Stock,$80.48,-0.33,-0.408%,12885691,243371466561.00,United States,,Major Banks,Finance
WFC^A,Wells Fargo & Company Depositary Shares each representing a 1/1000th interest in a share of Non-Cumulative Perpetual Class A Preferred Stock Series AA,$16.74,-0.11,-0.653%,175547,,United States,,,
WFC^C,Wells Fargo & Company Depositary Shares each representing a 1/1000th interest in a share of Non-Cumulative Perpetual Class A Preferred Stock Series CC,$15.52,-0.02,-0.129%,194359,,United States,,,
WFC^D,Wells Fargo & Company Depositary Shares each representing a 1/1000th interest in  a share of Non-Cumulative Perpetual Class A Preferred Stock Series DD,$15.18,-0.10,-0.654%,173776,,United States,,,
WFC^L,Wells Fargo & Company 7.50% Non-Cumulative Perpetual Convertible Class A Preferred Stock Series L,$1064.33,-6.74,-0.629%,10067,,United States,,,
WFC^Y,Wells Fargo & Company Depositary Shares each representing a 1/1000th interest in a share of Non-Cumulative Perpetual Class A Preferred Stock Series Y,$20.04,0.00,0.00%,168732,,United States,,,
WFC^Z,Wells Fargo & Company Depositary Shares each representing a 1/1000th interest in a share of Non-Cumulative Perpetual Class A Preferred Stock Series Z,$16.81,-0.03,-0.178%,423065,,United States,,,
WFCF,Where Food Comes From Inc. Common Stock,$10.90,-0.68,-5.872%,190484,54278327.00,United States,,Computer Software: Prepackaged Software,Technology
WFF,WF Holding Limited Ordinary Shares,$2.35,0.18,8.295%,170170,98511845.00,Malaysia,2025,Miscellaneous manufacturing industries,Consumer Discretionary
WFG,West Fraser Timber Co. Ltd Common stock,$70.79,-0.68,-0.951%,94995,5543127559.00,Canada,2021,Forest Products,Basic Materials
WFRD,Weatherford International plc Ordinary Shares,$80.41,-2.39,-2.886%,790633,5750288283.00,United States,,Oil and Gas Field Machinery,Consumer Discretionary
WGO,Winnebago Industries Inc. Common Stock,$26.66,-0.35,-1.296%,607784,753648687.00,United States,,Homebuilding,Industrials
WGS,GeneDx Holdings Corp. Class A Common Stock,$75.79,-10.14,-11.80%,1334591,2260250382.00,United States,2020,Medical/Nursing Services,Health Care
WH,Wyndham Hotels & Resorts Inc. Common Stock ,$72.44,1.61,2.273%,1351947,5375853678.00,United States,2018,Hotels/Resorts,Consumer Discretionary
WHD,Cactus Inc. Class A Common Stock,$63.72,-0.52,-0.809%,689223,5109032451.00,United States,2018,Oil and Gas Field Machinery,Consumer Discretionary
WHF,WhiteHorse Finance Inc. Common Stock,$7.05,0.08,1.148%,59620,151409121.00,United States,,Finance Companies,Finance
WHFCL,WhiteHorse Finance Inc. 7.875% Notes due 2028,$25.06,0.02,0.08%,1492,582471785.00,United States,,,
WHG,Westwood Holdings Group Inc Common Stock,$19.00,-0.20,-1.042%,9025,181319888.00,United States,,Investment Managers,Finance
WHK,WhiteHawk Minerals Corp Class A Common Stock,$24.89,-0.83,-3.227%,321755,685606251.00,,2026,Oil & Gas Production,Energy
WHLR,Wheeler Real Estate Investment Trust Inc. Common Stock,$3.34,-0.75,-18.337%,347514,1897825.00,United States,2012,Real Estate Investment Trusts,Real Estate
WHLRD,Wheeler Real Estate Investment Trust Inc. Series D Cumulative Preferred Stock,$36.25,0.00,0.00%,2,20597649.00,United States,,Real Estate Investment Trusts,Real Estate
WHLRL,Wheeler Real Estate Investment Trust Inc. 7.00% Senior Subordinated Convertible Notes Due 2031,$80.00,0.00,0.00%,15,45456880.00,United States,,Real Estate Investment Trusts,Real Estate
WHLRP,Wheeler Real Estate Investment Trust Inc. Class B Preferred Stock,$8.96,0.20,2.283%,1457,5091171.00,United States,,Real Estate Investment Trusts,Real Estate
WHR,Whirlpool Corporation Common Stock,$30.67,-0.73,-2.325%,2427248,1999664923.00,United States,,Consumer Electronics/Appliances,Consumer Discretionary
WHR^A,Whirlpool Corporation Depositary Shares each representing a 1/20th interest in a share of 8.50% Series A Mandatory Convertible Preferred Stock,$28.21,-0.51,-1.776%,30438,,United States,,,
WHWK,Whitehawk Therapeutics Inc. Common Stock,$3.73,-0.03,-0.798%,221868,212643607.00,United States,,Biotechnology: Pharmaceutical Preparations,Health Care
WIA,Western Asset Inflation-Linked Income Fund,$7.60,0.00,0.00%,80775,0.00,United States,2003,Trusts Except Educational Religious and Charitable,Finance
WIMI,WiMi Hologram Cloud Inc. Class B Ordinary Shares,$0.7272,-0.0057,-0.778%,79282,13369611.00,China,2020,Computer Software: Prepackaged Software,Technology
WINA,Winmark Corporation Common Stock,$305.94,6.30,2.103%,68353,1098988184.00,United States,,Other Specialty Stores,Consumer Discretionary
WING,Wingstop Inc. Common Stock,$108.62,6.82,6.699%,1890622,2959085347.00,United States,2015,Restaurants,Consumer Discretionary
WIT,Wipro Limited Common Stock,$1.61,-0.01,-0.617%,8646707,15944715173.00,India,,EDP Services,Technology
WIW,Western Asset Inflation-Linked Opportunities & Income Fund,$7.92,0.01,0.126%,302011,0.00,United States,2004,Finance Companies,Finance
WIX,Wix.com Ltd. Ordinary Shares,$70.90,1.30,1.868%,875322,2967130330.00,Israel,2013,Computer Software: Programming Data Processing,Technology
WK,Workiva Inc. Class A Common Stock,$65.15,-3.04,-4.458%,1670846,3545234193.00,United States,2014,Computer Software: Prepackaged Software,Technology
WKC,World Kinect Corporation Common Stock,$35.84,0.62,1.76%,1175788,1833274061.00,United States,,Oil Refining/Marketing,Energy
WKEY,WISeKey International Holding Ltd American Depositary Shares,$6.07,0.02,0.331%,12671,69066487.00,Switzerland,,EDP Services,Technology
WKHS,Workhorse Group Inc. Common Stock,$2.90,0.00,0.00%,36824,31692897.00,United States,,Auto Manufacturing,Industrials
WKSP,Worksport Ltd. Common Stock,$0.4506,-0.0064,-1.40%,114374,6893429.00,Canada,,Auto Parts:O.E.M.,Consumer Discretionary
WLCO,Wilco 63 Corporation Class A Ordinary Shares,$9.83,0.01,0.102%,224,0.00,Cayman Islands,2026,Blank Checks,Finance
WLCOU,Wilco 63 Corporation Units,$9.99,0.00,0.00%,4,0.00,Cayman Islands,2026,Blank Checks,Finance
WLDN,Willdan Group Inc. Common Stock,$75.72,-1.49,-1.93%,188083,1153373931.00,United States,2006,Military/Government/Technical,Consumer Discretionary
WLDS,Wearable Devices Ltd. Ordinary Share,$1.49,-0.03,-1.974%,25790,3665014.00,Israel,2022,Computer Communications Equipment,Telecommunications
WLFC,Willis Lease Finance Corporation Common Stock,$50.74,-1.56,-2.983%,209275,1072852192.00,United States,1996,Industrial Specialties,Consumer Discretionary
WLII,Willow Lane Acquisition Corp. II Class A Ordinary Shares,$10.25,0.00,0.00%,688,0.00,United States,2026,Blank Checks,Finance
WLIIW,Willow Lane Acquisition Corp. II Warrants,$0.75,0.00,0.00%,3,0.00,United States,2026,Blank Checks,Finance
WLK,Westlake Corporation Common Stock,$63.39,-3.45,-5.162%,1498935,8101023178.00,United States,2004,Major Chemicals,Industrials
WLKP,Westlake Chemical Partners LP Common Units representing limited partner interests,$21.43,-0.12,-0.557%,9564,755319187.00,United States,2014,Major Chemicals,Industrials
WLTH,Wealthfront Corporation Common Stock,$10.10,0.10,1.00%,1848793,1577382044.00,United States,2025,Finance: Consumer Services,Finance
WLY,John Wiley & Sons Inc. Common Stock,$47.74,0.13,0.273%,326154,2419650818.00,United States,,Books,Consumer Discretionary
WLYB,John Wiley & Sons Inc. Common Stock,$47.60,-0.17,-0.356%,27741,2412555068.00,United States,,Books,Consumer Discretionary
WM,Waste Management Inc. Common Stock,$207.09,0.65,0.315%,1536757,82777017455.00,United States,,Environmental Services,Utilities
WMB,Williams Companies Inc. (The) Common Stock,$68.63,-0.35,-0.507%,6697064,83945983603.00,United States,,Natural Gas Distribution,Utilities
WMG,Warner Music Group Corp. Class A Common Stock,$27.62,0.48,1.769%,2407468,14448291820.00,United States,2020,Services-Misc. Amusement & Recreation,Consumer Discretionary
WMK,Weis Markets Inc. Common Stock,$72.86,-0.03,-0.041%,127448,1802891337.00,United States,,Food Chains,Consumer Staples
WMS,Advanced Drainage Systems Inc. Common Stock,$128.49,-2.29,-1.751%,678063,9688832394.00,United States,2014,Containers/Packaging,Consumer Discretionary
WMT,Walmart Inc. Common Stock,$106.80,-1.93,-1.775%,27274938,847324098539.00,United States,,Department/Specialty Retail Stores,Consumer Discretionary
WNC,Wabash National Corporation Common Stock,$12.68,0.03,0.237%,983124,516547354.00,United States,1991,Construction/Ag Equipment/Trucks,Industrials
WNEB,Western New England Bancorp Inc. Common Stock,$13.83,-0.14,-1.002%,53448,277234410.00,United States,,Savings Institutions,Finance
WNW,Meiwu Technology Company Limited Ordinary Shares,$2.37,-0.03,-1.25%,29468,62403216.00,China,2020,Package Goods/Cosmetics,Consumer Discretionary
WOK,WORK Medical Technology Group LTD Class A Ordinary Shares,$1.81,-0.04,-2.162%,22883,8086316.00,China,2024,Medical/Dental Instruments,Health Care
WOLF,Wolfspeed Inc. Common Stock New,$28.13,0.55,1.994%,2043007,1488936906.00,United States,2025,Semiconductors,Technology
WOOF,Petco Health and Wellness Company Inc. Class A Common Stock,$2.28,0.01,0.441%,2016955,653036134.00,United States,2021,Other Specialty Stores,Consumer Discretionary
WOR,Worthington Enterprises Inc. Common Shares,$59.94,-0.93,-1.528%,377272,2932671433.00,United States,,Steel/Iron Ore,Industrials
WPAC,White Pearl Acquisition Corp. Class A Ordinary Shares,$10.061,0.00,0.00%,7,0.00,,2026,Blank Checks,Finance
WPC,W. P. Carey Inc. REIT,$65.98,0.16,0.243%,1944448,15031357676.00,United States,,Real Estate Investment Trusts,Real Estate
WPM,Wheaton Precious Metals Corp Common Shares (Canada),$135.39,-0.23,-0.17%,2465094,61488718068.00,Canada,,Precious Metals,Basic Materials
WPP,WPP plc American Depositary Shares,$25.26,-0.31,-1.212%,343786,5450109523.00,Ireland,,Advertising,Consumer Discretionary
WPRT,Westport Fuel Systems Inc Common Shares,$1.975,-0.075,-3.659%,40291,37516575.00,Canada,2008,Industrial Machinery/Components,Industrials
WRAP,Wrap Technologies Inc. Common Stock,$1.38,0.04,2.985%,464490,89115669.00,United States,,Ordnance And Accessories,Industrials
WRB,W.R. Berkley Corporation Common Stock,$68.22,0.56,0.828%,1916469,25325142028.00,United States,,Property-Casualty Insurers,Finance
WRB^E,W.R. Berkley Corporation 5.70% Subordinated Debentures due 2058,$20.10,0.00,0.00%,25473,,United States,,,
WRB^F,W.R. Berkley Corporation 5.10% Subordinated Debentures due 2059,$18.11,-0.01,-0.055%,51736,,United States,,,
WRB^G,W.R. Berkley Corporation 4.25% Subordinated Debentures due 2060,$15.55,0.16,1.04%,1462,,United States,,,
WRB^H,W.R. Berkley Corporation 4.125% Subordinated Debentures due 2061,$14.90,-0.10,-0.667%,28412,,United States,,,
WRBY,Warby Parker Inc. Class A Common Stock,$27.47,2.81,11.395%,5198226,3395513243.00,United States,2021,Ophthalmic Goods,Health Care
WRD,WeRide Inc. American Depositary Shares,$5.26,-0.27,-4.882%,4026987,1763449059.00,China,2024,EDP Services,Technology
WRLD,World Acceptance Corporation Common Stock,$172.51,1.13,0.659%,42526,804445182.00,United States,1991,Finance: Consumer Services,Finance
WRN,Western Copper and Gold Corporation Common Stock,$2.22,-0.02,-0.893%,1392229,502109446.00,Canada,2011,Metal Mining,Basic Materials
WS,Worthington Steel Inc. Common Shares,$35.64,-1.23,-3.336%,393781,1815737501.00,United States,2023,Steel/Iron Ore,Industrials
WSBC,WesBanco Inc. Common Stock,$37.73,-0.52,-1.359%,679849,3618529192.00,United States,,Major Banks,Finance
WSBCO,WesBanco Inc. Depositary Shares each representing 1/40th interest in a share of 7.375% Fixed-Rate Reset Non-Cumulative Perpetual Preferred Stock Series B,$25.03,-0.13,-0.517%,10442,2400524402.00,United States,,Major Banks,Finance
WSBF,Waterstone Financial Inc. Common Stock (MD),$19.98,-0.22,-1.089%,54769,359181019.00,United States,2005,Savings Institutions,Finance
WSBK,Winchester Bancorp Inc. Common Stock,$12.97,0.26,2.046%,7790,120561027.00,United States,2025,Banks,Finance
WSC,WillScot Holdings Corporation Class A Common Stock,$17.45,-0.42,-2.35%,3636754,3161782217.00,United States,2015,Misc Corporate Leasing Services,Industrials
WSE,Wise Group plc Class A Ordinary Shares,$11.38,-0.12,-1.043%,2081487,13991747679.00,United Kingdom,,Diversified Commercial Services,Industrials
WSFS,WSFS Financial Corporation Common Stock,$75.84,-0.60,-0.785%,310963,3874711483.00,United States,,Major Banks,Finance
WSHP,WeShop Holdings Limited Class A Ordinary Shares,$5.99,-0.35,-5.521%,215772,145060627.00,Jersey,,Other Specialty Stores,Consumer Discretionary
WSM,Williams-Sonoma Inc. Common Stock (DE),$229.96,-1.07,-0.463%,658032,27084498623.00,United States,,Home Furnishings,Consumer Discretionary
WSO,Watsco Inc. Common Stock,$300.80,-12.42,-3.965%,652219,12408659955.00,United States,,Industrial Machinery/Components,Consumer Discretionary
WSO/B,Watsco Inc.,$310.90,0.00,0.00%,19,,United States,,,
WST,West Pharmaceutical Services Inc. Common Stock,$376.63,0.98,0.261%,560465,26505623242.00,United States,,Medical/Dental Instruments,Health Care
WSTN,Westin Acquisition Corp Class A Ordinary Share,$10.15,0.00,0.00%,8,81758250.00,Singapore,2025,EDP Services,Technology
WT,WisdomTree Inc. Common Stock,$24.27,0.21,0.873%,2317609,3677198934.00,United States,2022,Investment Bankers/Brokers/Service,Finance
WTBA,West Bancorporation Common Stock,$28.58,-0.38,-1.312%,36891,487110175.00,United States,,Major Banks,Finance
WTF,Waton Financial Limited Ordinary Shares,$2.59,0.13,5.285%,535,124935052.00,Hong Kong,2025,Investment Bankers/Brokers/Service,Finance
WTFC,Wintrust Financial Corporation Common Stock,$143.49,-0.53,-0.368%,536285,9680691605.00,United States,,Major Banks,Finance
WTFCN,Wintrust Financial Corporation Depositary Shares Each Representing a 1/1000th Interest in a Share of 7.875% Fixed-Rate Reset Non-Cumulative Perpetual Preferred StocK,$26.00,-0.0506,-0.194%,25192,1754115142.00,United States,,Major Banks,Finance
WTG,Wintergreen Acquisition Corp. Ordinary Shares,$10.63,0.01,0.094%,6728,0.00,China,2025,Blank Checks,Finance
WTGUR,Wintergreen Acquisition Corp. Rights,$0.13,0.00,0.00%,8,0.00,China,2025,Blank Checks,Finance
WTI,W&T Offshore Inc. Common Stock,$3.49,-0.09,-2.514%,3666768,526790902.00,United States,2005,Oil & Gas Production,Energy
WTM,White Mountains Insurance Group Ltd. Common Stock,$2021.51,6.54,0.325%,12843,4824780369.00,United States,,Property-Casualty Insurers,Finance
WTRG,Essential Utilities Inc. Common Stock,$39.23,0.27,0.693%,2357685,11132634674.00,United States,,Water Supply,Utilities
WTS,Watts Water Technologies Inc. Class A Common Stock,$357.69,-0.32,-0.089%,119400,11940783155.00,United States,1986,Metal Fabrications,Industrials
WTTR,Select Water Solutions Inc. Class A common stock,$19.34,-0.84,-4.163%,2187839,2678219310.00,United States,2017,Oilfield Services/Equipment,Energy
WTW,Willis Towers Watson Public Limited Company Ordinary Shares,$288.57,-3.54,-1.212%,660568,26800054860.00,United Kingdom,,Specialty Insurers,Finance
WU,Western Union Company (The) Common Stock,$5.97,-0.15,-2.451%,7874718,1861917517.00,United States,,Business Services,Consumer Discretionary
WULF,TeraWulf Inc. Common Stock,$15.09,-0.03,-0.198%,21395391,7529437336.00,United States,,Finance: Consumer Services,Finance
WVE,Wave Life Sciences Inc. Common Stock,$3.64,-0.03,-0.817%,2765592,717255357.00,Singapore,2015,Biotechnology: Pharmaceutical Preparations,Health Care
WVVI,Willamette Valley Vineyards Inc. Common Stock,$1.78,0.01,0.565%,8283,8863562.00,United States,,Beverages (Production/Distribution),Consumer Staples
WVVIP,Willamette Valley Vineyards Inc. Series A Redeemable Preferred Stock,$3.095,-0.025,-0.801%,19600,15411642.00,United States,,Beverages (Production/Distribution),Consumer Staples
WW,WW International Inc.  Common Stock,$17.10,2.07,13.772%,1277204,170978796.00,United States,,Other Consumer Services,Consumer Discretionary
WWD,Woodward Inc. Common Stock,$329.78,3.84,1.178%,743154,19472130520.00,United States,,Industrial Machinery/Components,Energy
WWR,Westwater Resources Inc. Common Stock,$0.5156,-0.0045,-0.865%,513173,66288028.00,United States,,Metal Mining,Basic Materials
WWW,Wolverine World Wide Inc. Common Stock,$19.24,0.11,0.575%,626654,1578956362.00,United States,,Shoe Manufacturing,Consumer Discretionary
WXM,WF International Limited Ordinary Shares,$3.655,0.095,2.669%,3551,11394780.00,China,2025,Engineering & Construction,Consumer Discretionary
WY,Weyerhaeuser Company Common Stock,$19.55,-0.17,-0.862%,5276219,14090388800.00,United States,,Real Estate Investment Trusts,Real Estate
WYFI,WhiteFiber Inc. Ordinary Shares,$18.53,-0.30,-1.593%,795413,719855627.00,United States,2025,Finance: Consumer Services,Finance
WYHG,Wing Yip Food Holdings Group Limited American Depositary Shares,$3.81,-0.07,-1.804%,16707,135570209.00,China,2024,Specialty Foods,Consumer Staples
WYNN,Wynn Resorts Limited Common stock,$78.23,-2.285,-2.838%,2250602,8055647493.00,United States,2002,Hotels/Resorts,Consumer Discretionary
WYY,WidePoint Corporation Common Stock,$7.35,1.45,24.576%,1262640,73487174.00,United States,,EDP Services,Technology
XAIR,Beyond Air Inc. Common Stock,$2.83,0.24,9.266%,77200,2710096.00,United States,,Medical/Dental Instruments,Health Care
XBIO,Xenetic Biosciences Inc. Common Stock,$2.26,-0.07,-3.004%,12355,5295589.00,United States,,Biotechnology: Pharmaceutical Preparations,Health Care
XBIT,XBiotech Inc. Common Stock,$2.18,0.03,1.395%,9552,66463254.00,United States,2015,Biotechnology: Pharmaceutical Preparations,Health Care
XBP,XBP Global Holdings Inc. Common Stock,$3.17,-0.0282,-0.882%,12950,44876371.00,United States,2021,EDP Services,Technology
XBPEW,XBP Europe Holdings Inc. Warrant,$0.052,0.0119,29.676%,1600,736142.00,United States,2021,EDP Services,Technology
XCBE,X3 Acquisition Corp. Ltd. Class A Ordinary Shares,$10.025,0.005,0.05%,811,0.00,United States,2026,,
XCH,XCHG Limited American Depositary Share,$3.31,0.21,6.774%,38939,14651497.00,Germany,2024,Industrial Machinery/Components,Miscellaneous
XCUR,Exicure Inc. Common Stock,$1.14,-0.095,-7.692%,29340,7462434.00,United States,,Biotechnology: Pharmaceutical Preparations,Health Care
XE,X-Energy Inc. Class A Common Stock,$14.29,-0.14,-0.97%,7068430,5806971683.00,United States,2026,Metal Fabrications,Industrials
XEL,Xcel Energy Inc. Common Stock,$70.69,1.30,1.873%,6568843,44155399091.00,United States,,Power Generation,Utilities
XELB,Xcel Brands Inc. Common Stock,$0.7128,0.0028,0.394%,24996,4676163.00,United States,,Multi-Sector Companies,Miscellaneous
XELLL,Xcel Energy Inc. 6.25% Junior Subordinated Notes Series due 2085,$20.96,-0.25,-1.179%,104413,0.00,United States,,Power Generation,Utilities
XENE,Xenon Pharmaceuticals Inc. Common Shares,$37.25,0.53,1.443%,2752588,3607306092.00,Canada,2014,Biotechnology: Pharmaceutical Preparations,Health Care
XERS,Xeris Biopharma Holdings Inc. Common Stock,$9.98,0.15,1.526%,19314827,1819556654.00,United States,2018,Biotechnology: Pharmaceutical Preparations,Health Care
XFLH,XFLH Capital Corporation Ordinary Shares,$10.06,0.02,0.199%,257,0.00,,2026,Blank Checks,Finance
XFLT,XAI Floating Rate & Alternative Income Trust Common Shares of Beneficial Interest,$19.15,-0.01,-0.052%,144135,679222388.00,United States,2017,Investment Managers,Finance
XFOR,X4 Pharmaceuticals Inc. Common Stock,$2.90,-0.115,-3.814%,1710145,287525555.00,United States,2017,Biotechnology: Biological Products (No Diagnostic Substances),Health Care
XGN,Exagen Inc. Common Stock,$8.30,-0.18,-2.123%,217834,201070314.00,United States,2019,Medical Specialities,Health Care
XHG,XChange TEC.INC American Depositary Shares ,$1.97,-0.30,-13.216%,2428,101549414.00,China,2019,Specialty Insurers,Finance
XHLD,TEN Holdings Inc. Common Stock,$0.7432,-0.2348,-24.008%,8236555,8903494.00,United States,2025,Business Services,Consumer Discretionary
XHR,Xenia Hotels & Resorts Inc. Common Stock,$18.33,-0.09,-0.489%,817713,1690866156.00,United States,2015,Hotels/Resorts,Consumer Discretionary
XIFR,XPLR Infrastructure LP Common Units representing limited partner interests,$10.44,0.08,0.772%,609778,984207980.00,United States,2014,Electric Utilities: Central,Utilities
XIII,Churchill Capital Corp XIII Class A Ordinary Shares,$10.30,0.05,0.488%,301487,0.00,United States,2026,,
XIIIU,Churchill Capital Corp XIII Units,$10.5499,-0.0601,-0.566%,871,0.00,United States,2026,,
XIIIW,Churchill Capital Corp XIII Warrants,$1.57,-0.27,-14.674%,965,0.00,United States,2026,,
XLAB,Exascale Labs Holdings Inc. Class A Common Stock,$2.07,-0.33,-13.75%,89164,133173013.00,United States,,Computer Software: Prepackaged Software,Technology
XLABW,Exascale Labs Holdings Inc. Warrant,$0.155,-0.0375,-19.481%,27225,9971892.00,United States,,Computer Software: Prepackaged Software,Technology
XLO,Xilio Therapeutics Inc. Common Stock,$8.9378,-0.1122,-1.24%,3120,58812056.00,United States,2021,Biotechnology: Pharmaceutical Preparations,Health Care
XMAX,XMAX Inc. Common Stock,$8.65,-0.11,-1.256%,377653,561174165.00,United States,,Home Furnishings,Consumer Discretionary
XMTR,Xometry Inc. Class A Common Stock,$104.23,1.09,1.057%,798030,5974836014.00,United States,2021,Business Services,Consumer Discretionary
XNCR,Xencor Inc. Common Stock,$25.00,-0.60,-2.344%,1621006,1858834925.00,United States,2013,Biotechnology: Pharmaceutical Preparations,Health Care
XNDU,Xanadu Quantum Technologies Limited Class B Subordinate Voting Shares,$4.77,0.00,0.00%,10002413,1451148594.00,Canada,,Computer Manufacturing,Technology
XNET,Xunlei Limited American Depositary Shares,$4.79,-0.08,-1.643%,187511,1524508132.00,China,2014,Computer Software: Prepackaged Software,Technology
XOM,ExxonMobil Holdings Corporation Common Stock,$161.35,-1.17,-0.72%,9160809,663456994746.00,United States,,Integrated oil Companies,Energy
XOS,Xos Inc. Common Stock,$2.81,0.19,7.252%,403412,39952164.00,United States,2020,Auto Parts:O.E.M.,Consumer Discretionary
XP,XP Inc. Class A Common Stock,$20.27,0.04,0.198%,6871992,10506183004.00,Brazil,2019,Investment Bankers/Brokers/Service,Finance
XPEL,XPEL Inc. Common Stock,$44.18,1.22,2.84%,212341,1218075647.00,United States,,Industrial Specialties,Industrials
XPER,Xperi Inc. Common Stock ,$5.53,0.05,0.912%,407016,269708176.00,United States,2022,Computer Software: Prepackaged Software,Technology
XPEV,XPeng Inc. American depositary shares each representing two Class A ordinary shares,$9.47,-0.48,-4.824%,13686686,9072924510.00,China,2020,Auto Manufacturing,Industrials
XPL,Solitario Resources Corp. Common Stock,$0.5761,-0.0139,-2.356%,159595,54547719.00,United States,,Precious Metals,Basic Materials
XPO,XPO Inc. Common Stock,$177.37,0.71,0.402%,792485,20767626297.00,United States,,Transportation Services,Consumer Discretionary
XPOF,Xponential Fitness Inc. Class A Common Stock,$4.40,0.49,12.532%,966722,217025600.00,United States,2021,Services-Misc. Amusement & Recreation,Consumer Discretionary
XPON,Expion Energy Inc. Common Stock,$4.55,0.11,2.477%,45240,4606866.00,United States,2022,Industrial Machinery/Components,Miscellaneous
XPRO,Expro Ltd Ordinary Shares,$15.97,-0.35,-2.145%,936735,1810922670.00,Cayman Islands,,Oilfield Services/Equipment,Energy
XRAY,DENTSPLY SIRONA Inc. Common Stock,$8.98,-0.30,-3.233%,4599769,1790197806.00,United States,1987,Medical/Dental Instruments,Health Care
XRN,Chiron Real Estate Inc. Common Stock,$35.31,-0.11,-0.311%,88823,467427777.00,United States,2016,Real Estate Investment Trusts,Real Estate
XRN^A,Chiron Real Estate Inc. Series A Cumulative Redeemable Preferred Stock,$24.73,-0.08,-0.322%,14784,,United States,,,
XRN^B,Chiron Real Estate Inc. 8.00% Series B Cumulative Redeemable Preferred Stock $0.001 par value per share,$25.44,0.00,0.00%,113,,United States,,,
XRPN,Armada Acquisition Corp. II Class A Ordinary Shares,$12.90,2.325,21.986%,3780582,0.00,United States,2025,Blank Checks,Finance
XRPNU,Armada Acquisition Corp. II Units,$12.63,1.22,10.692%,1312,0.00,United States,2025,Blank Checks,Finance
XRPNW,Armada Acquisition Corp. II Warrant,$1.38,0.18,15.00%,826121,0.00,United States,2025,Blank Checks,Finance
XRTX,XORTX Therapeutics Inc. Common Shares,$1.70,-0.01,-0.585%,71437,3088161.00,Canada,,Biotechnology: Pharmaceutical Preparations,Health Care
XRX,Xerox Holdings Corporation Common Stock,$3.21,-0.05,-1.534%,2032426,421519580.00,United States,,Computer peripheral equipment,Technology
XRXDW,Xerox Holdings Corporation Warrants,$0.2912,-0.0095,-3.159%,98670,38238786.00,United States,,Computer peripheral equipment,Technology
XSLL,Xsolla SPAC 1 Class A Ordinary Shares,$9.98,0.00,0.00%,78,0.00,United States,2026,Blank Checks,Finance
XSLLW,Xsolla SPAC 1 Warrants,$0.20,0.00,0.00%,62,0.00,United States,2026,Blank Checks,Finance
XTER,Karman Line Acquisition Corp. Class A Ordinary Shares,$9.79,0.00,0.00%,3108,0.00,United States,2026,Blank Checks,Finance
XTIA,XTI Aerospace Inc. Common Stock,$0.8224,-0.0978,-10.628%,1094637,31644134.00,United States,2014,EDP Services,Technology
XTLB,XTL Biopharmaceuticals Ltd. American Depositary Shares,$2.2099,-0.0201,-0.901%,24253,5430747.00,Israel,,Biotechnology: Pharmaceutical Preparations,Health Care
XTND,Xtend AI Robotics Inc. Common Stock,$3.68,0.07,1.939%,966199,1048221703.00,,2026,Military/Government/Technical,Industrials
XTNT,Xtant Medical Holdings Inc. Common Stock,$0.3591,0.0033,0.927%,187696,50377406.00,United States,,Medical/Dental Instruments,Health Care
XWEL,XWELL Inc. Common Stock,$0.86,-0.036,-4.018%,30487,7386769.00,United States,,Other Consumer Services,Consumer Discretionary
XXI,Twenty One Capital Inc. Class A Common Stock,$6.53,-0.21,-3.116%,1392189,3672290610.00,,2025,Finance: Consumer Services,Finance
XXII,22nd Century Group Inc. Common Stock,$0.8018,-0.1529,-16.016%,254435,572480.00,United States,, Medicinal Chemicals and Botanical Products ,Health Care
XYF,X Financial American Depositary Shares each representing six Class A Ordinary Shares,$5.17,0.04,0.78%,42798,283227283.00,Cayman Islands,2018,Finance: Consumer Services,Finance
XYL,Xylem Inc. Common Stock New,$100.93,0.02,0.02%,2210708,23565823935.00,United States,2011,Fluid Controls,Industrials
XYZ,Block Inc. Class A Common Stock,$74.05,0.74,1.009%,5098048,44488869750.00,United States,2015,Computer Software: Prepackaged Software,Technology
XZO,Exzeo Group Inc. Common Stock,$14.55,-0.54,-3.579%,178915,1310750107.00,,2025,Computer Software: Prepackaged Software,Technology
YAAS,Youxin Technology Ltd Class A Ordinary shares,$1.17,-0.04,-3.306%,29684,18386125.00,China,2024,Computer Software: Prepackaged Software,Technology
YALA,Yalla Group Limited American Depositary Shares each representing one Class A Ordinary Share,$5.42,-0.05,-0.914%,256350,822913110.00,United Arab Emirates,2020,Computer Software: Programming Data Processing,Technology
YARW,Yarrow Bioscience Inc. Common Stock,$24.19,0.19,0.792%,100660,225072493.00,United States,2018,Biotechnology: Pharmaceutical Preparations,Health Care
YB,Yuanbao Inc. American Depositary Shares,$12.08,0.00,0.00%,18437,556648828.00,China,2025,Specialty Insurers,Finance
YCBD,cbdMD Inc. Common Stock,$0.469,0.0055,1.187%,60994,5255166.00,United States,2017,Package Goods/Cosmetics,Consumer Discretionary
YCY,AA Mission Acquisition Corp. II Class A Ordinary Shares,$10.23,0.00,0.00%,114,0.00,,2025,,
YDDL,One and One Green Technologies. Inc Class A Ordinary Shares,$1.42,0.02,1.429%,26949,79567333.00,Philippines,2025,Industrial Specialties,Consumer Discretionary
YDES,YD Bio Limited Ordinary Shares,$7.61,0.50,7.032%,349781,539026543.00,United States,,Medical Specialities,Health Care
YDESW,YD Bio Limited Warrants,$0.75,0.0401,5.649%,194478,53123510.00,United States,,Medical Specialities,Health Care
YDKG,Yueda Digital Holding Class A Ordinary Share,$1.005,0.0883,9.632%,390381,5569973.00,China,2007,Advertising,Consumer Discretionary
YELP,Yelp Inc. Common Stock,$18.28,0.69,3.923%,1775478,991938992.00,United States,2012,Other Consumer Services,Consumer Discretionary
YETI,YETI Holdings Inc. Common Stock,$42.55,-0.78,-1.80%,1264221,3105673270.00,United States,2018,Recreational Games/Products/Toys,Consumer Discretionary
YEXT,Yext Inc. Common Stock,$6.48,0.05,0.778%,1038006,641382002.00,United States,2017,EDP Services,Technology
YFOR,YYForce Inc. Class A Ordinary Shares,$1.44,-0.07,-4.636%,2120057,18485827.00,Singapore,2024,Professional Services,Consumer Discretionary
YHC,LQR House Inc. Common Stock,$1.31,0.00,0.00%,46283,1708053.00,United States,2023,Beverages (Production/Distribution),Consumer Staples
YHGJ,Yunhong Green CTI Ltd. Common Stock,$2.63,0.19,7.787%,18015,6862312.00,United States,,Specialty Chemicals,Industrials
YHNA,YHN Acquisition I Limited Ordinary Shares,$11.21,0.01,0.089%,222,0.00,Hong Kong,2024,,
YHNAU,YHN Acquisition I Limited Unit,$10.91,0.00,0.00%,3,0.00,Hong Kong,2024,,
YI,111 Inc. American Depositary Shares,$3.50,-0.02,-0.568%,10472,30789374.00,China,2018,Retail-Drug Stores and Proprietary Stores,Consumer Staples
YIBO,Planet Image International Limited Class A Ordinary Shares,$1.12,0.00,0.00%,7456,66342328.00,China,2024,Computer peripheral equipment,Technology
YICC,Yorkville International Capital Corp. Class A Ordinary Shares,$9.925,0.005,0.05%,513,0.00,United States,2026,Blank Checks,Finance
YICCU,Yorkville International Capital Corp. Units,$10.50,0.00,0.00%,13,0.00,United States,2026,Blank Checks,Finance
YJ,Yunji Inc. American Depository Shares,$1.74,0.00,0.00%,36197,8570440.00,China,2019,Other Specialty Stores,Consumer Discretionary
YMAT,J-Star Holding Co. Ltd. Class A Ordinary Shares,$1.50,-0.07,-4.459%,163127,6015155.00,Taiwan,2025,Recreational Games/Products/Toys,Consumer Discretionary
YMM,Full Truck Alliance Co. Ltd. American Depositary Shares (each representing 20 Class A Ordinary Shares),$8.27,0.07,0.854%,9120336,8580491601.00,China,2021,Computer Software: Prepackaged Software,Technology
YMT,Yimutian Inc. American Depositary Shares,$1.79,0.02,1.13%,30753068,45444645.00,China,2025,EDP Services,Technology
YORW,York Water Company (The) Common Stock,$30.72,0.10,0.327%,209489,498542008.00,United States,,Water Supply,Utilities
YOU,Clear Secure Inc. Class A Common Stock,$41.22,0.86,2.131%,2111889,5576574740.00,United States,2021,Computer Software: Prepackaged Software,Technology
YOUL,Youlife Group Inc. American Depositary Shares,$0.4177,-0.0172,-3.955%,34044,58357286.00,China,,Other Consumer Services,Real Estate
YPF,YPF Sociedad Anonima American Depositary Shares,$50.31,-1.06,-2.063%,1189411,19787566616.00,Argentina,1993,Integrated oil Companies,Energy
YQ,17 Education & Technology Group Inc. American Depositary Shares,$3.595,-0.095,-2.575%,1698,39026198.00,China,2020,Other Consumer Services,Real Estate
YRD,Yiren Digital Ltd. American Depositary Shares each representing two ordinary shares,$0.9992,0.0228,2.335%,262113,87418470.00,China,2015,Finance: Consumer Services,Finance
YSG,Yatsen Holding Limited American Depositary Shares each representing twenty (20) Class A Ordinary Shares,$2.55,0.02,0.791%,65377,239356775.00,China,,Package Goods/Cosmetics,Consumer Discretionary
YSS,York Space Systems Inc. Common Stock,$8.83,-0.31,-3.392%,1630757,1212867652.00,,2026,Military/Government/Technical,Industrials
YSWY,Yesway Inc. Class A Common Stock,$20.08,0.67,3.452%,539283,1268950500.00,United States,2026,Food Chains,Consumer Staples
YSXT,YSX Tech. Co. Ltd Class A Ordinary Shares,$1.2828,-0.0172,-1.323%,994,40898871.00,China,2024,Automotive Aftermarket,Consumer Discretionary
YTRA,Yatra Online Inc. Ordinary Shares,$0.9512,-0.006,-0.627%,3236,60849487.00,India,,Transportation Services,Consumer Discretionary
YUM,Yum! Brands Inc.,$137.73,-0.55,-0.398%,1621047,37586666437.00,United States,,Restaurants,Consumer Discretionary
YUMC,Yum China Holdings Inc. Common Stock,$40.80,-0.30,-0.73%,1352493,13972291949.00,United States,2016,Restaurants,Consumer Discretionary
YXT,YXT.COM GROUP HOLDING LIMITED American Depository Shares,$2.40,-0.06,-2.439%,21982,15864638.00,China,2024,Computer Software: Prepackaged Software,Technology
YYAI,AiRWA Inc. Common Stock,$0.9217,0.057,6.592%,365431,4223153.00,United States,,Computer Software: Programming Data Processing,Technology
Z,Zillow Group Inc. Class C Capital Stock,$27.34,-0.10,-0.364%,6774807,6148081242.00,United States,,Business Services,Consumer Discretionary
ZBAO,Zhibao Technology Inc. Class A Ordinary Shares,$0.0798,-0.0068,-7.852%,2168667,37193289.00,China,2024,Specialty Insurers,Finance
ZBH,Zimmer Biomet Holdings Inc. Common Stock,$91.34,-0.28,-0.306%,1462121,17421980513.00,United States,,Industrial Specialties,Health Care
ZBIO,Zenas BioPharma Inc. Common Stock,$26.76,-0.79,-2.868%,440661,1744129107.00,United States,2024,Biotechnology: Pharmaceutical Preparations,Health Care
ZBRA,Zebra Technologies Corporation Class A Common Stock,$375.97,4.10,1.103%,594885,17787388840.00,United States,1991,Industrial Machinery/Components,Industrials
ZCMD,Zhongchao Inc. Class A Ordinary Shares,$0.90,0.0396,4.603%,93093,7986128.00,China,2020,Other Consumer Services,Real Estate
ZD,Ziff Davis Inc. Common Stock,$56.33,0.65,1.167%,477062,1931398427.00,United States,,Telecommunications Equipment,Telecommunications
ZDAI,DirectBooking Technology Co. Ltd. Class A Ordinary Shares,$1.50,-0.15,-9.091%,17401,12582710.00,Hong Kong,2024,General Bldg Contractors - Nonresidential Bldgs,Consumer Discretionary
ZDGE,Zedge Inc. Class B Common Stock ,$2.95,-0.14,-4.531%,83888,46270980.00,,2016,Computer Software: Prepackaged Software,Technology
ZENA,ZenaTech Inc. Common Stock,$1.47,0.09,6.522%,1862260,126293624.00,Canada,,Computer Software: Prepackaged Software,Technology
ZEO,Zeo Energy Corporation Class A Common Stock,$0.3416,-0.0016,-0.466%,1378816,21241880.00,United States,2021,Industrial Machinery/Components,Miscellaneous
ZEOWW,Zeo Energy Corporation Warrants,$0.0251,-0.004,-13.746%,194,1560806.00,United States,2021,Industrial Machinery/Components,Miscellaneous
ZEPP,Zepp Health Corporation American depositary shares each representing sixteen Class A ordinary shares,$3.96,0.07,1.799%,32492,58073325.00,China,,Computer Manufacturing,Technology
ZETA,Zeta Global Holdings Corp. Class A Common Stock,$28.96,-0.03,-0.103%,3656246,7269354001.00,United States,2021,Computer Software: Prepackaged Software,Technology
ZG,Zillow Group Inc. Class A Common Stock,$28.01,-0.14,-0.497%,1465101,6298747462.00,United States,2011,Business Services,Consumer Discretionary
ZGN,Ermenegildo Zegna N.V. Ordinary Shares,$12.62,-0.02,-0.158%,836329,3386098071.00,,2021,Apparel,Consumer Discretionary
ZH,Zhihu Inc. American Depositary Shares each representing three (3) Class A Ordinary Shares,$3.60,-0.20,-5.263%,514752,319625150.00,China,,Business Services,Consumer Discretionary
ZIM,ZIM Integrated Shipping Services Ltd. Ordinary Shares,$28.75,0.36,1.268%,3041249,3463394855.00,,2021,Marine Transportation,Consumer Discretionary
ZION,Zions Bancorporation N.A. Common Stock,$62.61,-0.58,-0.918%,1334815,9138139557.00,United States,,Major Banks,Finance
ZIONP,Zions Bancorporation N.A. Depositary Shares (Each representing 1/40th Interest in a Share of Series A Floating-Rate Non-Cumulative Perpetual Preferred Stock),$17.78,-0.29,-1.605%,4138,2595050652.00,United States,,Major Banks,Finance
ZIP,ZipRecruiter Inc. Class A Common Stock,$3.39,-0.09,-2.586%,528514,278746693.00,United States,2021,Computer Software: Programming Data Processing,Technology
ZJK,ZJK Industrial Co. Ltd. Class A Ordinary Shares,$2.08,0.05,2.463%,2159,133790278.00,China,2024,Metal Fabrications,Industrials
ZJYL,JIN MEDICAL INTERNATIONAL LTD. Class A Ordinary Shares,$1.88,-0.07,-3.59%,7459,297405722.00,China,2023,Industrial Specialties,Health Care
ZKH,ZKH Group Limited American Depositary Shares each representing thirty-five (35) Class A Ordinary Shares,$2.76,-0.09,-3.158%,100540,438617315.00,Cayman Islands,2023,RETAIL: Building Materials,Consumer Discretionary
ZKIN,ZK International Group Co. Ltd Ordinary Share,$1.90,-0.23,-10.798%,41191,108893385.00,China,2017,Metal Fabrications,Industrials
ZKP,Lafayette Digital Acquisition Corp. I Class A Ordinary Shares,$10.03,0.00,0.00%,135,0.00,United States,2026,Blank Checks,Finance
ZKPU,Lafayette Digital Acquisition Corp. I Unit,$10.08,0.00,0.00%,6,0.00,United States,2026,Blank Checks,Finance
ZKPW,Lafayette Digital Acquisition Corp. I Warrant,$0.25,-0.01,-3.846%,875,0.00,United States,2026,Blank Checks,Finance
ZLAB,Zai Lab Limited American Depositary Shares,$25.93,0.24,0.934%,549110,2911063292.00,China,2017,Biotechnology: Pharmaceutical Preparations,Health Care
ZM,Zoom Communications Inc. Class A Common Stock,$88.355,1.055,1.208%,2412611,25780549785.00,United States,2019,Computer Software: Programming Data Processing,Technology
ZNB,Zeta Network Group Class A Ordinary Shares,$1.25,-0.04,-3.101%,31048,4593815.00,United States,,Other Consumer Services,Real Estate
ZNTL,Zentalis Pharmaceuticals Inc. Common Stock,$2.715,0.115,4.423%,4779754,257025162.00,United States,2020,Biotechnology: Pharmaceutical Preparations,Health Care
ZONE,Zone Frontier Inc. Class B Common Stock,$0.1277,0.0008,0.63%,9368895,64977624.00,,2024,Specialty Chemicals,Consumer Discretionary
ZOOZ,ZOOZ Strategy Ltd. Ordinary Shares,$7.62,0.02,0.263%,4033,61033213.00,Israel,,Industrial Machinery/Components,Technology
ZS,Zscaler Inc. Common Stock,$198.355,-1.035,-0.519%,1728569,32342714622.00,United States,2018,EDP Services,Technology
ZSQR,Z Squared Inc. Common Stock,$4.15,-0.39,-8.59%,566487,219951648.00,United States,2020,Finance: Consumer Services,Finance
ZSTK,ZeroStack Corp. Common Stock,$4.84,0.60,14.151%,98727,105611351.00,Canada,2021,Other Pharmaceuticals,Health Care
ZTG,Zenta Group Company Limited Class A Ordinary Shares,$0.9942,-0.1408,-12.405%,786695,23947473.00,Macau,2025,Professional Services,Consumer Discretionary
ZTO,ZTO Express (Cayman) Inc. American Depositary Shares each representing one Class A ordinary share.,$19.60,-0.07,-0.356%,2461126,15090053583.00,China,2016,Trucking Freight/Courier Services,Industrials
ZTR,Virtus Total Return Fund Inc.,$6.00,0.04,0.671%,198518,0.00,United States,1988,Investment Managers,Finance
ZTS,Zoetis Inc. Class A Common Stock,$70.30,-1.13,-1.582%,3521311,29049619221.00,United States,2013,Biotechnology: Pharmaceutical Preparations,Health Care
ZUMZ,Zumiez Inc. Common Stock,$13.78,-0.36,-2.546%,269645,211255847.00,United States,2005,Clothing/Shoe/Accessory Stores,Consumer Discretionary
ZURA,Zura Bio Limited Class A Ordinary Shares,$4.00,-0.10,-2.439%,2044160,383316548.00,Cayman Islands,,Biotechnology: Biological Products (No Diagnostic Substances),Health Care
ZVIA,Zevia PBC Class A Common Stock,$1.22,-0.05,-3.937%,432416,94361389.00,United States,2021,Beverages (Production/Distribution),Consumer Staples
ZVRA,Zevra Therapeutics Inc. Common Stock,$11.34,0.04,0.354%,1347163,673412077.00,United States,,Biotechnology: Pharmaceutical Preparations,Health Care
ZWS,Zurn Elkay Water Solutions Corporation Common Stock,$46.79,0.06,0.128%,754358,7760781099.00,United States,2012,Industrial Machinery/Components,Industrials
ZYBT,Zhengye Biotechnology Holding Limited Class A Ordinary Shares,$1.24,-0.06,-4.615%,20545,58765306.00,China,2025,Biotechnology: Pharmaceutical Preparations,Health Care
ZYME,Zymeworks Inc. Common Stock,$27.20,0.08,0.295%,999925,1930091355.00,United States,,Biotechnology: Pharmaceutical Preparations,Health Care
