symbol,name,lastsale,netchange,pctchange,volume,marketCap,country,ipoyear,industry,sector
A,Agilent Technologies Inc. Common Stock,$165.32,-1.94,-1.16%,3238629,46608478143.00,United States,1999,Biotechnology: Laboratory Analytical Instruments,Industrials
AA,Alcoa Corporation Common Stock ,$44.02,-0.69,-1.543%,3282013,11617293769.00,United States,2016,Aluminum,Industrials
AAC,Ares Acquisition Corporation III Class A Ordinary Shares,$10.08,-0.01,-0.099%,1471,711690941.00,,2026,Metal Fabrications,Industrials
AACG,ATA Creativity Global American Depositary Shares,$0.825,0.025,3.125%,7089,56482817.00,China,2008,Other Consumer Services,Real Estate
AACI,Armada Acquisition Corp. III Class A Ordinary Share,$10.04,0.00,0.00%,75,0.00,United States,2026,Blank Checks,Finance
AACIU,Armada Acquisition Corp. III Units,$10.14,0.00,0.00%,2,0.00,United States,2026,Blank Checks,Finance
AACIW,Armada Acquisition Corp. III Warrant,$0.2281,-0.0073,-3.101%,5992,0.00,United States,2026,Blank Checks,Finance
AACO,Abony Acquisition Corp. I Class A Ordinary Share,$10.00,0.01,0.10%,2409,0.00,United States,2026,,
AACOW,Abony Acquisition Corp. I Warrants,$0.435,0.00,0.00%,82,0.00,United States,2026,,
AACP,Apogee Acquisition Corp Class A Ordinary Shares,$10.10,0.02,0.198%,253,0.00,United States,2026,Blank Checks,Finance
AACPR,Apogee Acquisition Corp Rights,$0.1761,-0.0139,-7.316%,822,0.00,United States,2026,Blank Checks,Finance
AACPW,Apogee Acquisition Corp Warrant,$0.07,0.00,0.00%,36,0.00,United States,2026,Blank Checks,Finance
AADX,Applied Aerospace & Defense Inc. Common Stock,$12.69,0.03,0.237%,1282852,2187673743.00,,2026,Military/Government/Technical,Industrials
AAL,American Airlines Group Inc. Common Stock,$13.35,-0.26,-1.91%,64861806,8837298846.00,United States,,Air Freight/Delivery Services,Consumer Discretionary
AAME,Atlantic American Corporation Common Stock,$1.39,0.03,2.206%,4960,28352147.00,United States,,Life Insurance,Finance
AAMI,Acadian Asset Management Inc. Common Stock,$91.51,-0.39,-0.424%,301172,3247701613.00,United Kingdom,2014,Investment Managers,Finance
AAOI,Applied Optoelectronics Inc. Common Stock,$101.06,-5.94,-5.551%,6603601,8580629566.00,United States,2013,Semiconductors,Technology
AAON,AAON Inc. Common Stock,$82.36,3.09,3.898%,1916978,6790881708.00,United States,,Industrial Machinery/Components,Industrials
AAP,Advance Auto Parts Inc.,$41.10,-1.56,-3.657%,2013104,2482440000.00,United States,,Auto & Home Supply Stores,Consumer Discretionary
AAPG,Ascentage Pharma Group International American Depository Shares,$15.58,-0.29,-1.827%,1466,1454089938.00,China,2025,Biotechnology: Pharmaceutical Preparations,Health Care
AAPL,Apple Inc. Common Stock,$337.02,-2.73,-0.804%,31659024,4918530543600.00,United States,1980,Computer Manufacturing,Technology
AARD,Aardvark Therapeutics Inc. Common Stock,$5.56,-0.19,-3.304%,54842,121679744.00,United States,2025,Biotechnology: Pharmaceutical Preparations,Health Care
AAT,American Assets Trust Inc. Common Stock,$21.49,-0.52,-2.363%,358488,1319576537.00,United States,2011,Real Estate Investment Trusts,Real Estate
AAUC,Allied Gold Corporation Common Shares,$22.38,-0.57,-2.484%,290499,3118605845.00,,2025,,
AB,AllianceBernstein Holding L.P.  Units,$35.82,-0.37,-1.022%,319172,3333954345.00,United States,,Investment Managers,Finance
ABAT,American Battery Technology Company Common Stock,$2.31,-0.08,-3.347%,2168173,329354621.00,United States,,Mining & Quarrying of Nonmetallic Minerals (No Fuels),Industrials
ABBV,AbbVie Inc. Common Stock,$265.08,-0.13,-0.049%,3469247,468427449908.00,United States,2012,Biotechnology: Pharmaceutical Preparations,Health Care
ABCB,Ameris Bancorp Common Stock,$81.63,-1.06,-1.282%,479708,5477963920.00,United States,1994,Major Banks,Finance
ABCL,AbCellera Biologics Inc. Common Shares,$12.31,-0.34,-2.688%,3855107,3987277062.00,Canada,2020,Biotechnology: Pharmaceutical Preparations,Health Care
ABEO,Abeona Therapeutics Inc. Common Stock,$5.53,-0.29,-4.983%,1190119,316227614.00,United States,,Biotechnology: Pharmaceutical Preparations,Health Care
ABEV,Ambev S.A. American Depositary Shares (Each representing 1 Common Share),$2.93,-0.08,-2.658%,13058443,46181601555.00,Brazil,2013,Beverages (Production/Distribution),Consumer Staples
ABG,Asbury Automotive Group Inc Common Stock,$181.52,-5.54,-2.962%,291528,3258631974.00,United States,2002,Retail-Auto Dealers and Gas Stations,Consumer Discretionary
ABLV,Able View Global Inc. Class B Ordinary Shares,$0.9699,-0.0401,-3.97%,19301,53558679.00,China,,Other Consumer Services,Consumer Discretionary
ABLVW,Able View Global Inc. Warrant,$0.0131,-0.0044,-25.143%,6613,723393.00,China,,Other Consumer Services,Consumer Discretionary
ABM,ABM Industries Incorporated Common Stock,$49.69,-0.25,-0.501%,372651,2912559076.00,United States,,Diversified Commercial Services,Consumer Discretionary
ABNB,Airbnb Inc. Class A Common Stock,$149.58,-12.23,-7.558%,13684341,89566362314.00,United States,2020,Diversified Commercial Services,Consumer Discretionary
ABOS,Acumen Pharmaceuticals Inc. Common Stock,$2.305,-0.345,-13.019%,471453,166691342.00,United States,2021,Biotechnology: Biological Products (No Diagnostic Substances),Health Care
ABR,Arbor Realty Trust Common Stock,$4.19,-0.20,-4.556%,3710014,781678200.00,United States,2004,Real Estate Investment Trusts,Real Estate
ABR^D,Arbor Realty Trust 6.375% Series D Cumulative Redeemable Preferred Stock Liquidation Preference $25.00 per Share,$15.27,-0.11,-0.715%,10981,,United States,,,
ABR^E,Arbor Realty Trust 6.25% Series E Cumulative Redeemable Preferred Stock,$15.13,-0.04,-0.264%,10807,,United States,,,
ABR^F,Arbor Realty Trust 6.25% Series F Fixed-to-Floating Rate Cumulative Redeemable Preferred Stock Liquidation Preference $25.00 per share,$21.82,-0.30,-1.356%,18310,,United States,,,
ABSI,Absci Corporation Common Stock,$9.745,-0.965,-9.01%,4721329,1672378527.00,United States,2021,Biotechnology: Commercial Physical & Biological Resarch,Health Care
ABT,Abbott Laboratories Common Stock,$103.49,-0.20,-0.193%,12184001,179077367303.00,United States,,Biotechnology: Pharmaceutical Preparations,Health Care
ABTC,American Bitcoin Corp. Class A Common Stock,$9.91,-0.36,-3.505%,1126881,721643356.00,United States,2018,Finance: Consumer Services,Finance
ABTS,Abits Group Inc Ordinary Shares,$1.27,-0.02,-1.55%,15123,4082345.00,China,,Finance: Consumer Services,Finance
ABUS,Arbutus Biopharma Corporation Common Stock,$4.85,-0.16,-3.194%,10842074,959562000.00,Canada,,Biotechnology: Pharmaceutical Preparations,Health Care
ABVC,ABVC BioPharma Inc. Common Stock,$1.14,-0.02,-1.724%,75371,30385976.00,United States,,Biotechnology: Pharmaceutical Preparations,Health Care
ABVX,Abivax SA American Depositary Shares,$94.13,-4.16,-4.232%,2637422,8104078580.00,France,2023,Biotechnology: Pharmaceutical Preparations,Health Care
ABX,Abacus Global Management Inc. Class A Common Stock,$7.82,-0.20,-2.494%,1117334,764735387.00,United States,,Investment Managers,Finance
ABXL,Abacus Global Management Inc. 9.875% Fixed Rate Senior Notes due 2028,$25.3099,-0.0902,-0.355%,22802,1889418127.00,United States,,Investment Managers,Finance
ACA,Arcosa Inc. Common Stock ,$146.50,-0.10,-0.068%,642203,7194147519.00,United States,2018,Metal Fabrications,Industrials
ACAA,Averin Capital Acquisition Corp. Class A Ordinary Shares,$9.9801,0.00,0.00%,10,0.00,United States,2026,Blank Checks,Finance
ACAD,ACADIA Pharmaceuticals Inc. Common Stock,$25.43,-0.98,-3.711%,1306114,4381729323.00,United States,1985,Biotechnology: Pharmaceutical Preparations,Health Care
ACB,Aurora Cannabis Inc. Common Shares,$4.22,-0.05,-1.171%,1351597,261458219.00,Canada,, Medicinal Chemicals and Botanical Products ,Health Care
ACCL,Acco Group Holdings Limited Class A Ordinary Shares,$2.63,-0.15,-5.396%,9713,36557000.00,Hong Kong,2025,Professional Services,Consumer Discretionary
ACCO,Acco Brands Corporation Common Stock,$4.25,-0.08,-1.848%,460428,392307164.00,United States,,Publishing,Consumer Discretionary
ACCS,ACCESS Newswire Inc. Common Stock,$4.85,-0.08,-1.623%,4740,18562424.00,United States,,Professional Services,Consumer Discretionary
ACDC,ProFrac Holding Corp. Class A Common Stock,$4.64,-0.08,-1.695%,893182,845049616.00,United States,2022,Oilfield Services/Equipment,Energy
ACEL,Accel Entertainment Inc. ,$11.08,-0.11,-0.983%,375477,899623703.00,United States,2017,Services-Misc. Amusement & Recreation,Consumer Discretionary
ACET,Adicet Bio Inc. Common Stock,$8.49,-0.655,-7.162%,263263,79479050.00,United States,2018,Biotechnology: Pharmaceutical Preparations,Health Care
ACFN,Acorn Energy Inc. Common Stock,$20.735,-0.345,-1.637%,50774,52036929.00,United States,,Military/Government/Technical,Consumer Discretionary
ACGC,ACP Holdings Acquisition Corp. Class A Ordinary Shares,$10.06,0.01,0.10%,3175,0.00,United States,2026,Blank Checks,Finance
ACGCW,ACP Holdings Acquisition Corp. Warrants,$0.42,-0.015,-3.448%,32888,0.00,United States,2026,Blank Checks,Finance
ACGL,Arch Capital Group Ltd. Common Stock,$95.16,0.21,0.221%,4787654,32471363630.00,Bermuda,,Property-Casualty Insurers,Finance
ACGLN,Arch Capital Group Ltd. Depositary Shares each Representing a 1/1000th Interest in a 4.550% Non-Cumulative Preferred Share Series G,$15.30,-0.03,-0.196%,57379,5220805628.00,Bermuda,,Property-Casualty Insurers,Finance
ACGLO,Arch Capital Group Ltd. Depositary Shares Each Representing 1/1000th Interest in a Share of 5.45% Non-Cumulative Preferred Shares Series F,$18.76,0.04,0.214%,56935,6401458404.00,Bermuda,,Property-Casualty Insurers,Finance
ACH,Accendra Health Inc. Common Stock,$0.7501,-0.0999,-11.753%,1777368,57686218.00,United States,,Medical Specialities,Health Care
ACHC,Acadia Healthcare Company Inc. Common Stock,$28.51,-0.86,-2.928%,2465020,2654288840.00,United States,,Medical Specialities,Health Care
ACHR,Archer Aviation Inc. Class A Common Stock,$5.71,0.02,0.351%,19342638,4444007767.00,United States,2020,Aerospace,Industrials
ACHV,Achieve Life Sciences Inc. Common Shares,$7.83,-0.29,-3.571%,1328082,805726497.00,United States,,Biotechnology: In Vitro & In Vivo Diagnostic Substances,Health Care
ACI,Albertsons Companies Inc. Class A Common Stock,$11.70,-0.37,-3.065%,7051570,5678310491.00,United States,2020,Food Chains,Consumer Staples
ACIC,American Coastal Insurance Corporation Common Stock,$9.11,-0.10,-1.086%,231325,430646353.00,United States,,Property-Casualty Insurers,Finance
ACIU,AC Immune SA Common Stock,$2.83,0.10,3.663%,492838,288019212.00,Switzerland,2016,Biotechnology: Pharmaceutical Preparations,Health Care
ACIW,ACI Worldwide Inc. Common Stock,$49.22,0.03,0.061%,537360,4969016962.00,United States,,Computer Software: Prepackaged Software,Technology
ACLS,Axcelis Technologies Inc. Common Stock,$118.43,2.69,2.324%,402392,3657294742.00,United States,2000,Industrial Machinery/Components,Technology
ACM,AECOM Common Stock,$61.45,-0.82,-1.317%,1096670,7908395316.00,United States,2007,Military/Government/Technical,Consumer Discretionary
ACMR,ACM Research Inc. Class A Common Stock,$80.67,4.87,6.425%,2824028,5618600641.00,United States,2017,Industrial Machinery/Components,Technology
ACN,Accenture plc Class A Ordinary Shares (Ireland),$183.52,-0.20,-0.109%,4021845,122501473739.00,Ireland,2001,Business Services,Consumer Discretionary
ACNB,ACNB Corporation Common Stock,$62.87,-1.07,-1.673%,42766,639383499.00,United States,,Major Banks,Finance
ACNT,Ascent Industries Co. Common Stock,$14.70,-0.115,-0.776%,13283,132438959.00,United States,,Major Chemicals,Industrials
ACOG,Alpha Cognition Inc. Common Stock,$8.78,-0.17,-1.899%,59056,191176633.00,Canada,,,
ACON,Aclarion Inc. Common Stock,$2.94,0.31,11.787%,309157,8474171.00,United States,2022,Medical Specialities,Health Care
ACONW,Aclarion Inc. Warrant,$0.0279,-0.0017,-5.743%,20074,80418.00,United States,2022,Medical Specialities,Health Care
ACP,abrdn Income Credit Strategies Fund Common Shares,$4.50,-0.05,-1.099%,889354,0.00,United States,2011,Investment Managers,Finance
ACP^A,abrdn Income Credit Strategies Fund 5.250% Series A Perpetual Preferred Stock,$18.28,-0.10,-0.544%,793,,United States,,,
ACR,ACRES Commercial Realty Corp. Common Stock,$11.87,-0.54,-4.351%,48884,88769344.00,United States,,Real Estate Investment Trusts,Real Estate
ACR^C,ACRES Commercial Realty Corp. 8.625% Fixed-to-Floating Series C Cumulative Redeemable Preferred Stock ,$23.885,-0.015,-0.063%,10241,,United States,,,
ACR^D,ACRES Commercial Realty Corp. 7.875% Series D Cumulative Redeemable Preferred Stock,$19.25,-0.2399,-1.231%,5184,,United States,,,
ACRE,Ares Commercial Real Estate Corporation Common Stock,$4.22,-0.23,-5.169%,640215,234130297.00,United States,2012,Real Estate Investment Trusts,Real Estate
ACRS,Aclaris Therapeutics Inc. Common Stock,$5.26,-0.46,-8.042%,1962850,774266177.00,United States,2015,Biotechnology: Pharmaceutical Preparations,Health Care
ACRV,Acrivon Therapeutics Inc. Common Stock,$2.06,-0.09,-4.186%,435437,88277926.00,United States,2022,Biotechnology: Pharmaceutical Preparations,Health Care
ACT,Enact Holdings Inc. Common Stock,$47.75,0.14,0.294%,313900,6564845290.00,United States,2021,Specialty Insurers,Finance
ACTG,Acacia Research Corporation (Acacia Tech) Common Stock,$4.32,-0.02,-0.461%,215366,421574998.00,United States,,Multi-Sector Companies,Miscellaneous
ACTU,Actuate Therapeutics Inc. Common stock,$0.7316,-0.0758,-9.388%,223256,17568790.00,United States,2024,Biotechnology: Pharmaceutical Preparations,Health Care
ACU,Acme United Corporation. Common Stock,$62.76,-0.63,-0.994%,45061,240610731.00,United States,1988,Industrial Machinery/Components,Consumer Discretionary
ACV,Virtus Diversified Income & Convertible Fund Common Shares of Beneficial Interest,$25.25,-0.38,-1.483%,25052,261664589.00,United States,2015,Finance/Investors Services,Finance
ACVA,ACV Auctions Inc. Class A Common Stock,$10.43,-0.02,-0.191%,14193018,1771097231.00,United States,2025,Business Services,Consumer Discretionary
ACXP,Acurx Pharmaceuticals Inc. Common Stock,$1.37,0.01,0.735%,58705,7616385.00,United States,2021,Biotechnology: Pharmaceutical Preparations,Health Care
AD,Array Digital Infrastructure Inc. Common Shares,$34.94,-0.44,-1.244%,207539,3022310000.00,United States,1988,Telecommunications Equipment,Telecommunications
ADAC,American Drive Acquisition Company Class A Ordinary Shares,$10.12,0.00,0.00%,45,0.00,United States,2026,,
ADACW,American Drive Acquisition Company Warrant,$0.37,0.00,0.00%,44,0.00,United States,2026,,
ADAG,Adagene Inc. American Depositary Shares,$2.97,-0.26,-8.05%,208030,196173234.00,China,2021,Biotechnology: Pharmaceutical Preparations,Health Care
ADAM,Adamas Trust Inc. Common Stock,$8.43,-0.37,-4.205%,1338849,757686596.00,United States,,Real Estate Investment Trusts,Real Estate
ADAMG,Adamas Trust Inc. 9.125% Senior Notes Due 2030,$25.00,0.06,0.241%,5665,0.00,United States,,Real Estate Investment Trusts,Real Estate
ADAMH,Adamas Trust Inc. 9.875% Senior Notes Due 2030,$25.16,-0.0704,-0.279%,26372,0.00,United States,,Real Estate Investment Trusts,Real Estate
ADAMI,Adamas Trust Inc. 9.125% Senior Notes Due 2029,$25.05,0.00,0.00%,2967,2269015197.00,United States,,Real Estate Investment Trusts,Real Estate
ADAMK,Adamas Trust Inc. 9.600% Senior Notes Due 2031 ,$25.082,-0.018,-0.072%,11280,0.00,United States,,Real Estate Investment Trusts,Real Estate
ADAML,Adamas Trust Inc. 6.875% Series F Fixed-to-Floating Rate Cumulative Redeemable Preferred Stock $0.01 par value per share,$25.0604,0.0204,0.081%,17163,2252423389.00,United States,,Real Estate Investment Trusts,Real Estate
ADAMM,Adamas Trust Inc. 7.875% Series E Fixed-to-Floating Rate Cumulative Redeemable Preferred Stock,$25.705,0.025,0.097%,9070,2310359899.00,United States,,Real Estate Investment Trusts,Real Estate
ADAMN,Adamas Trust Inc. 8.00% Series D Fixed-to-Floating Rate Cumulative Redeemable Preferred Stock,$24.55,-0.09,-0.365%,11447,2206548746.00,United States,,Real Estate Investment Trusts,Real Estate
ADAMO,Adamas Trust Inc. 9.250% Senior Notes Due 2031,$24.86,-0.0999,-0.40%,9647,0.00,United States,,Real Estate Investment Trusts,Real Estate
ADAMZ,Adamas Trust Inc. 7.000% Series G Cumulative Redeemable Preferred Stock $0.01 par value per share,$18.2264,-0.0736,-0.402%,3149,1638184932.00,United States,,Real Estate Investment Trusts,Real Estate
ADBE,Adobe Inc. Common Stock,$240.69,2.44,1.024%,3856306,93676548000.00,United States,1986,Computer Software: Prepackaged Software,Technology
ADBT,Advasa Holdings Inc. Common Stock,$0.12,-0.0048,-3.846%,9793578,58447884.00,Japan,,Computer Software: Prepackaged Software,Technology
ADC,Agree Realty Corporation Common Stock,$67.12,-0.20,-0.297%,2067429,8348339287.00,United States,,Real Estate Investment Trusts,Real Estate
ADC^A,Agree Realty Corporation Depositary Shares each representing 1/1000th of a 4.250% Series A Cumulative Redeemable Preferred Stock,$15.76,-0.29,-1.807%,19520,,United States,,,
ADCT,ADC Therapeutics SA Common Shares,$1.31,0.08,6.504%,1972389,167244680.00,Switzerland,2020,Biotechnology: Pharmaceutical Preparations,Health Care
ADEA,Adeia Inc. Common Stock,$25.05,-0.78,-3.02%,723269,2762517758.00,United States,2003,Cable & Other Pay Television Services,Telecommunications
ADGM,Adagio Medical Holdings Inc Common Stock,$0.228,-0.2575,-53.038%,36573673,5063985.00,United States,,Medical/Dental Instruments,Health Care
ADI,Analog Devices Inc. Common Stock,$385.23,-5.14,-1.317%,3204483,186669154082.00,United States,,Semiconductors,Technology
ADIG,ADI Global Distribution Inc. Common Stock,$20.68,-0.34,-1.618%,462921,1570091735.00,United States,2026,Wholesale Distributors,Industrials
ADIL,Adial Pharmaceuticals Inc Common Stock,$4.04,-0.16,-3.81%,60947,10608596.00,United States,2018,Biotechnology: Pharmaceutical Preparations,Health Care
ADM,Archer-Daniels-Midland Company Common Stock,$82.15,-0.19,-0.231%,2545551,39592979743.00,United States,,Packaged Foods,Consumer Staples
ADMA,ADMA Biologics Inc Common Stock,$9.70,-0.11,-1.121%,2595497,2172651396.00,United States,,Biotechnology: Biological Products (No Diagnostic Substances),Health Care
ADNT,Adient plc Ordinary Shares ,$17.88,-0.42,-2.295%,854445,1378493144.00,United States,2016,Auto Parts:O.E.M.,Consumer Discretionary
ADP,Automatic Data Processing Inc. Common Stock,$263.68,-5.96,-2.21%,2726238,104750238492.00,United States,,EDP Services,Technology
ADPT,Adaptive Biotechnologies Corporation Common Stock,$27.89,-0.17,-0.606%,1079770,4451128033.00,United States,2019,Biotechnology: Biological Products (No Diagnostic Substances),Health Care
ADSE,ADS-TEC ENERGY PLC Ordinary Shares,$10.98,-0.01,-0.091%,4960,824924435.00,Ireland,,Industrial Specialties,Consumer Discretionary
ADSEW,ADS-TEC ENERGY PLC Warrant,$0.31,0.0399,14.772%,21753,23290216.00,Ireland,,Industrial Specialties,Consumer Discretionary
ADSK,Autodesk Inc. Common Stock,$217.15,-2.47,-1.125%,1475690,45384350000.00,United States,,Computer Software: Prepackaged Software,Technology
ADT,ADT Inc. Common Stock,$6.34,-0.20,-3.058%,7981448,4631745632.00,United States,2018,Diversified Commercial Services,Consumer Discretionary
ADTN,ADTRAN Holdings Inc. Common Stock,$7.11,-0.18,-2.469%,994572,579332804.00,United States,1994,Telecommunications Equipment,Utilities
ADUR,Aduro Clean Technologies Inc. Common Stock,$12.68,0.01,0.079%,244110,452736205.00,Canada,,Major Chemicals,Industrials
ADUS,Addus HomeCare Corporation Common Stock,$114.93,0.69,0.604%,209238,2146237299.00,United States,2009,Medical/Nursing Services,Health Care
ADV,Advantage Solutions Inc. Class A Common Stock,$33.54,0.495,1.498%,48186,430057594.00,United States,2019,Business Services,Consumer Discretionary
ADVB,Advanced Biomed Inc. Common Stock,$6.32,-0.06,-0.94%,12357,10441481.00,Taiwan,2025,Medical Specialities,Health Care
ADX,Adams Diversified Equity Fund Inc.,$25.92,-0.24,-0.917%,216267,0.00,United States,,Investment Managers,Finance
ADXN,Addex Therapeutics Ltd American Depositary Shares,$3.45,-0.05,-1.429%,12948,5877810.00,Switzerland,,Biotechnology: Pharmaceutical Preparations,Health Care
AEAQ,Activate Energy Acquisition Corp. Class A Ordinary Share,$10.08,0.00,0.00%,28,0.00,Cayman Islands,2026,,
AEAQU,Activate Energy Acquisition Corp. Unit,$10.19,0.00,0.00%,27,0.00,Cayman Islands,2025,,
AEBI,Aebi Schmidt Holding AG Common Stock ,$11.60,-0.41,-3.414%,301990,900152854.00,Switzerland,,Auto Manufacturing,Industrials
AEC,Anfield Energy Inc. Common Shares,$3.67,-0.16,-4.178%,39020,73216412.00,Canada,,Metal Mining,Basic Materials
AEE,Ameren Corporation Common Stock,$99.74,-1.92,-1.889%,1398970,27612345855.00,United States,,Power Generation,Utilities
AEF,abrdn Emerging Markets ex-China Fund Inc. Common Stock,$9.59,-0.24,-2.442%,66346,1029606375.00,United States,,Finance/Investors Services,Finance
AEFC,Aegon Funding Company LLC 5.10% Subordinated Notes due 2049,$18.04,-0.03,-0.166%,117511,0.00,United States,2019,,
AEG,Aegon Ltd. New York Registry Shares,$8.75,-0.20,-2.235%,4023819,16703316963.00,Netherlands,,Life Insurance,Finance
AEHL,Antelope Enterprise Holdings Limited Class A Ordinary Shares,$8.225,0.495,6.404%,164591,155985941.00,China,,Telecommunications Equipment,Consumer Discretionary
AEHR,Aehr Test Systems Common Stock,$97.38,-3.22,-3.201%,2565877,3180386589.00,United States,1997,Electrical Products,Industrials
AEI,Alset Inc. Common Stock (TX),$0.7736,-0.0533,-6.446%,11354,30089814.00,United States,2020,Real Estate,Finance
AEIS,Advanced Energy Industries Inc. Common Stock,$279.43,6.00,2.194%,524662,11191295008.00,United States,1995,Industrial Machinery/Components,Technology
AEM,Agnico Eagle Mines Limited Common Stock,$195.57,-7.98,-3.92%,2103139,99263704379.00,Canada,,Precious Metals,Basic Materials
AEMD,Aethlon Medical Inc. Common Stock,$6.81,0.24,3.653%,301988,10923887.00,United States,,Medical/Dental Instruments,Health Care
AENT,Alliance Entertainment Holding Corporation Class A Common Stock,$4.98,-0.07,-1.386%,37579,253878557.00,United States,,Durable Goods,Consumer Discretionary
AENTW,Alliance Entertainment Holding Corporation Warrant,$0.25,0.0001,0.04%,131,12744908.00,United States,,Durable Goods,Consumer Discretionary
AEO,American Eagle Outfitters Inc. Common Stock,$15.92,0.00,0.00%,5781617,2667767461.00,United States,,Clothing/Shoe/Accessory Stores,Consumer Discretionary
AEON,AEON Biopharma Inc. Class A Common Stock,$0.2639,0.0019,0.725%,1287786,13164068.00,United States,,Biotechnology: Pharmaceutical Preparations,Health Care
AEP,American Electric Power Company Inc. Common Stock,$118.40,-1.87,-1.555%,5493992,64456646477.00,United States,,Electric Utilities: Central,Utilities
AER,AerCap Holdings N.V. Ordinary Shares,$144.76,0.54,0.374%,831011,22355296209.00,Netherlands,2006,Diversified Commercial Services,Consumer Discretionary
AERO,Grupo Aeromexico S.A.B. de C.V. American Depositary Shares (each representing ten (10) Common Shares),$15.80,-0.63,-3.834%,297896,2305273862.00,,2025,Air Freight/Delivery Services,Consumer Discretionary
AERT,Aeries Technology Inc. Class A Ordinary Share,$7.02,0.12,1.739%,15625,36839921.00,United States,2021,Professional Services,Consumer Discretionary
AERTW,Aeries Technology Inc. Warrant,$0.0183,0.002,12.27%,4371,96036.00,United States,2021,Professional Services,Consumer Discretionary
AES,The AES Corporation Common Stock,$14.81,-0.01,-0.067%,10759284,10566026110.00,United States,,Electric Utilities: Central,Industrials
AESI,Atlas Energy Solutions Inc. Common Stock,$11.52,-0.48,-4.00%,3630933,1440039756.00,United States,2023,Mining & Quarrying of Nonmetallic Minerals (No Fuels),Industrials
AESP,Aeon Acquisition I Corp. Class A Ordinary Shares,$9.97,0.00,0.00%,9,0.00,United States,2026,Blank Checks,Finance
AEVA,Aeva Technologies Inc. Common Stock,$15.22,-0.19,-1.233%,1146055,1060921637.00,United States,,Auto Parts:O.E.M.,Consumer Discretionary
AEXA,American Exceptionalism Acquisition Corp. A Class A Ordinary Shares,$11.20,-0.05,-0.444%,106790,0.00,,2025,,
AEYE,AudioEye Inc. Common Stock,$7.14,-0.15,-2.058%,54827,89747472.00,United States,,Computer Software: Prepackaged Software,Technology
AFB,AllianceBernstein National Municipal Income Fund Inc,$9.87,-0.16,-1.595%,192165,0.00,United States,2002,Trusts Except Educational Religious and Charitable,Finance
AFCG,Advanced Flower Capital Inc. Common Stock,$3.50,0.00,0.00%,53834,79351717.00,United States,2021,Real Estate,Finance
AFG,American Financial Group Inc. Common Stock,$139.64,-0.83,-0.591%,320962,11579153512.00,United States,,Property-Casualty Insurers,Finance
AFGB,American Financial Group Inc. 5.875% Subordinated Debentures due 2059,$22.04,0.20,0.916%,26590,1827589111.00,United States,2019,Property-Casualty Insurers,Finance
AFGC,American Financial Group Inc. 5.125% Subordinated Debentures due 2059,$18.67,0.09,0.484%,21434,1548143770.00,United States,2019,Property-Casualty Insurers,Finance
AFGD,American Financial Group Inc. 5.625% Subordinated Debentures due 2060,$21.47,0.03,0.14%,20492,1780323875.00,United States,2020,Property-Casualty Insurers,Finance
AFGE,American Financial Group Inc. 4.500% Subordinated Debentures due 2060,$16.86,0.06,0.357%,10983,1398055917.00,United States,2020,Property-Casualty Insurers,Finance
AFJK,Aimei Health Technology Co. Ltd Ordinary Share,$12.14,0.12,0.998%,1792,0.00,United States,2024,,
AFJKR,Aimei Health Technology Co. Ltd Right,$0.09,-0.04,-30.769%,28365,0.00,United States,2024,,
AFL,AFLAC Incorporated Common Stock,$115.23,0.63,0.55%,1928683,57769788229.00,United States,,Accident &Health Insurance,Finance
AFRI,Forafric Global PLC Ordinary Shares,$11.04,-0.03,-0.271%,27800,297680518.00,Gibraltar,,Packaged Foods,Consumer Staples
AFRIW,Forafric Global PLC Warrants,$1.35,0.05,3.846%,2246,36401150.00,Gibraltar,,Packaged Foods,Consumer Staples
AFRM,Affirm Holdings Inc. Class A Common Stock,$68.09,-3.68,-5.127%,6217633,22975013321.00,United States,2021,Finance: Consumer Services,Finance
AFYA,Afya Limited Class A Common Shares,$13.58,0.09,0.667%,297135,1272756045.00,Brazil,2019,Other Consumer Services,Real Estate
AG,First Majestic Silver Corp. Ordinary Shares (Canada),$19.05,-1.27,-6.25%,10638701,9389866596.00,Canada,,Precious Metals,Basic Materials
AGBK,AGI Inc Class A Common Shares,$5.83,-0.21,-3.477%,247592,933587470.00,Cayman Islands,2026,Commercial Banks,Finance
AGCC,Agencia Comercial Spirits Ltd Class A Ordinary Shares,$14.21,0.2101,1.501%,5822,529841165.00,Taiwan,2025,Beverages (Production/Distribution),Consumer Staples
AGCO,AGCO Corporation Common Stock,$121.68,1.03,0.854%,1075230,8521460785.00,United States,,Industrial Machinery/Components,Industrials
AGD,abrdn Global Dynamic Dividend Fund Common Shares of Beneficial Interest,$11.84,-0.11,-0.921%,46203,0.00,United States,2006,Trusts Except Educational Religious and Charitable,Finance
AGEN,Agenus Inc. Common Stock,$8.40,-0.30,-3.448%,610318,379360094.00,United States,2000,Biotechnology: Biological Products (No Diagnostic Substances),Health Care
AGI,Alamos Gold Inc. Class A Common Shares,$34.49,-1.80,-4.96%,4358800,14484607025.00,Canada,2015,Precious Metals,Basic Materials
AGIG,Abundia Global Impact Group Inc. Common stock,$1.28,0.06,4.918%,52705,56512411.00,United States,,Oil & Gas Production,Energy
AGIO,Agios Pharmaceuticals Inc. Common Stock,$34.19,-0.78,-2.23%,752498,2041207346.00,United States,2013,Biotechnology: Pharmaceutical Preparations,Health Care
AGL,agilon health inc. Common Stock,$84.56,-2.28,-2.626%,211935,1419864718.00,United States,2021,Misc Health and Biotechnology Services,Health Care
AGM,Federal Agricultural Mortgage Corporation Common Stock,$217.17,-1.66,-0.759%,84594,2356991616.00,United States,,Finance Companies,Finance
AGM^D,Federal Agricultural Mortgage Corporation 5.700% Non-Cumulative Preferred Stock Series D,$20.4199,-0.3501,-1.686%,4434,,United States,,,
AGM^E,Federal Agricultural Mortgage Corporation 5.750% Non-Cumulative Preferred Stock Series E,$20.20,-0.1388,-0.682%,3614,,United States,,,
AGM^F,Federal Agricultural Mortgage Corporation 5.250% Non-Cumulative Preferred Stock Series F,$18.37,-0.035,-0.19%,7994,,United States,,,
AGM^G,Federal Agricultural Mortgage Corporation 4.875% Non-Cumulative Preferred Stock Series G,$16.94,-0.11,-0.645%,8547,,United States,,,
AGM^H,Federal Agricultural Mortgage Corporation 6.500% Non-Cumulative Preferred Stock Series H,$22.12,-0.67,-2.94%,15914,,United States,,,
AGM^I,Federal Agricultural Mortgage Corporation 6.875% Non-Cumulative Preferred Stock Series I,$24.37,-0.3646,-1.474%,8106,,United States,,,
AGMB,AgomAb Therapeutics NV American Depositary Shares,$10.765,-0.725,-6.31%,98694,530154451.00,Belgium,2026,Biotechnology: Biological Products (No Diagnostic Substances),Health Care
AGMH,AGM Group Holdings Inc. Class A Ordinary Shares,$0.7815,-0.0248,-3.076%,81919,3748367.00,Hong Kong,2018,EDP Services,Technology
AGNC,AGNC Investment Corp. Common Stock,$9.91,-0.18,-1.784%,29238452,11748121140.00,United States,2008,Real Estate Investment Trusts,Real Estate
AGNCL,AGNC Investment Corp. Depositary Shares Each Representing a 1/1000th Interest in a Share of 7.75% Series G Fixed-Rate Reset Cumulative Redeemable Preferred Stock,$25.37,0.04,0.158%,6258,30075664310.00,United States,,Real Estate Investment Trusts,Real Estate
AGNCM,AGNC Investment Corp. Depositary Shares rep 6.875% Series D Fixed-to-Floating Cumulative Redeemable Preferred Stock,$25.18,-0.19,-0.749%,13911,29850422835.00,United States,,Real Estate Investment Trusts,Real Estate
AGNCN,AGNC Investment Corp. Depositary Shares Each Representing a 1/1000th Interest in a Share of 7.00% Series C Fixed-To-Floating Rate Cumulative Redeemable Preferred Stock,$25.79,0.00,0.00%,14554,30573566518.00,United States,,Real Estate Investment Trusts,Real Estate
AGNCO,AGNC Investment Corp. Depositary Shares each representing a 1/1000th interest in a share of 6.50% Series E Fixed-to-Floating Cumulative Redeemable Preferred Stock,$25.60,-0.04,-0.156%,24612,30348325043.00,United States,,Real Estate Investment Trusts,Real Estate
AGNCP,AGNC Investment Corp. Depositary Shares Each Representing a 1/1000th Interest in a Share of 6.125% Series F Fixed-to-Floating Rate Cumulative Redeemable Preferred Stock,$25.32,-0.07,-0.276%,44874,30016390238.00,United States,,Real Estate Investment Trusts,Real Estate
AGNCZ,AGNC Investment Corp. Depositary Shares Each Representing a 1/1000th Interest in a Share of 8.75% Series H Fixed-Rate Cumulative Redeemable Preferred Stock,$25.185,-0.065,-0.257%,49879,29856350243.00,United States,,Real Estate Investment Trusts,Real Estate
AGNT,AGNT Inc. Common Stock,$3.54,-0.29,-7.572%,1954164,591597497.00,United States,,Real Estate,Finance
AGO,Assured Guaranty Ltd. Common Stock,$68.99,-1.75,-2.474%,555259,3034125560.00,Bermuda,2004,Property-Casualty Insurers,Finance
AGPU,Axe Compute Inc. Common Stock,$11.495,-0.995,-7.966%,624474,133239970.00,United States,,Industrial Specialties,Health Care
AGRO,Adecoagro S.A. Common Shares,$10.85,-0.08,-0.732%,467435,1565746856.00,Luxembourg,2011,Farming/Seeds/Milling,Consumer Staples
AGRZ,Agroz Inc. Class A Ordinary Shares,$0.2425,0.0032,1.337%,553896,4952695.00,Malaysia,2025,Farming/Seeds/Milling,Consumer Staples
AGX,Argan Inc. Common Stock,$374.40,3.15,0.848%,251747,5252772845.00,United States,,Engineering & Construction,Consumer Discretionary
AGYS,Agilysys Inc. Common Stock (DE),$101.18,0.81,0.807%,225719,2853861630.00,United States,,EDP Services,Technology
AHCO,AdaptHealth Corp. Common Stock,$5.70,-0.07,-1.213%,1986548,777161917.00,United States,2018,Medical/Nursing Services,Health Care
AHG,Akso Health Group ADS,$0.7699,0.0298,4.026%,3868,659576546.00,China,2017,Business Services,Consumer Discretionary
AHL^D,Aspen Insurance Holdings Limited 5.625% Perpetual Non-Cumulative Preference Shares,$17.85,-0.13,-0.723%,39318,,Bermuda,,,
AHL^E,Aspen Insurance Holdings Limited Depositary Shares each representing a 1/1000th interest in a share of 5.625% Perpetual Non-Cumulative Preference Shares,$17.58,-0.22,-1.236%,15825,,Bermuda,,,
AHL^F,Aspen Insurance Holdings Limited Depositary Shares each representing a 1/1000th Interest in a 7.00% Perpetual Non-Cumulative Preference Share,$22.70,-0.13,-0.569%,22512,,Bermuda,,,
AHMA,Ambitions Enterprise Management Co. L.L.C Class A Ordinary Shares,$1.32,-0.04,-2.941%,45518,39237000.00,United Arab Emirates,2025,Services-Misc. Amusement & Recreation,Consumer Discretionary
AHR,American Healthcare REIT Inc. Common Stock,$51.70,0.01,0.019%,3870926,12055674840.00,United States,2024,Real Estate Investment Trusts,Real Estate
AHRT,AH Realty Trust Inc. Common Stock,$5.95,-0.24,-3.877%,849602,443828302.00,United States,2013,Real Estate,Finance
AHRT^A,AH Realty Trust Inc. 6.75% Series A Cumulative Redeemable Perpetual Preferred Stock,$20.8601,-0.5999,-2.795%,8781,,United States,,,
AHT,Ashford Hospitality Trust Inc Common Stock,$2.56,-0.10,-3.759%,31614,16562724.00,United States,2003,Real Estate Investment Trusts,Real Estate
AHT^D,Ashford Hospitality Trust Inc 8.45% Series D Cumulative Preferred Stock,$5.40,0.00,0.00%,272,,United States,,,
AHT^F,Ashford Hospitality Trust Inc 7.375% Series F Cumulative Preferred Stock,$5.25,0.00,0.00%,48,,United States,,,
AHT^G,Ashford Hospitality Trust Inc 7.375% Series G Cumulative Preferred Stock,$4.63,0.00,0.00%,3517,,United States,,,
AHT^H,Ashford Hospitality Trust Inc 7.50% Series H Cumulative Preferred Stock,$4.62,0.00,0.00%,1133,,United States,,,
AHT^I,Ashford Hospitality Trust Inc 7.50% Series I Cumulative Preferred Stock,$4.67,0.00,0.00%,20,,United States,,,
AI,C3.ai Inc. Class A Common Stock,$10.86,0.01,0.092%,3094367,1746069236.00,United States,2020,Computer Software: Prepackaged Software,Technology
AIAI,AIAI Holdings Corporation Class A Common Stock,$3.27,-0.23,-6.571%,266386,231665400.00,United States,,EDP Services,Technology
AIB,AIB Data Centers Inc. Common Stock,$1.46,0.10,7.353%,1160033,110930020.00,,2026,Investment Bankers/Brokers/Service,Finance
AIBZ,Bitzero Holdings Inc. Common Shares,$4.58,-0.16,-3.376%,191867,284921763.00,Canada,,Services-Misc. Amusement & Recreation,Consumer Discretionary
AIDX,20/20 Biolabs Inc. Common Stock,$0.4266,-0.0439,-9.33%,77713,5447811.00,United States,,Precision Instruments,Health Care
AIFA,All In FutureTech Alliance Inc. Common Stock,$3.53,0.29,8.951%,54389,22663715.00,United States,2017,Services-Misc. Amusement & Recreation,Consumer Discretionary
AIFC,AI Financial Corporation Common Stock,$0.5505,0.0405,7.941%,1013712,76979999.00,United States,,Investment Bankers/Brokers/Service,Finance
AIFF,Firefly Neuroscience Inc. Common Stock,$1.15,-0.05,-4.167%,88369,18043863.00,United States,,Computer Software: Prepackaged Software,Technology
AIFU,AIFU Inc. Class A Ordinary Share,$10.17,1.62,18.947%,19000,62806930.00,China,2007,Specialty Insurers,Finance
AIG,American International Group Inc. New Common Stock,$75.58,0.40,0.532%,3569394,39520265713.00,United States,,Property-Casualty Insurers,Finance
AII,American Integrity Insurance Group Inc. Common Stock,$24.97,-0.99,-3.814%,178110,489247872.00,United States,2025,Property-Casualty Insurers,Finance
AIIA,AI Infrastructure Acquisition Corp. Class A Ordinary Shares,$10.28,0.02,0.195%,630,0.00,,2025,Blank Checks,Finance
AIIO,Robo.ai Inc. Class B Ordinary Shares,$1.50,-0.06,-3.846%,401282,178553364.00,United Arab Emirates,,Auto Manufacturing,Industrials
AIIOW,Robo.ai Inc. Warrant,$0.0145,0.0015,11.538%,11657,1726016.00,United Arab Emirates,,Auto Manufacturing,Industrials
AIIR,Air Global PLC Ordinary Shares,$7.49,0.00,0.00%,1077,1201295649.00,United Arab Emirates,,Tobacco,Consumer Discretionary
AIM,AIM ImmunoTech Inc. Common Stock,$0.21,-0.0056,-2.597%,1444490,7456676.00,,,Biotechnology: Biological Products (No Diagnostic Substances),Health Care
AIMD,Ainos Inc. Common Stock,$1.395,-0.015,-1.064%,27124,11918982.00,United States,,Computer peripheral equipment,Technology
AIMDW,Ainos Inc. Warrants,$0.0745,0.00,0.00%,600,636533.00,United States,,Computer peripheral equipment,Technology
AIN,Albany International Corporation Common Stock,$60.77,0.55,0.913%,162074,1725868000.00,United States,,Textiles,Consumer Discretionary
AIO,Virtus Artificial Intelligence & Technology Opportunities Fund Common Shares of Beneficial Interest,$24.95,-0.42,-1.655%,54634,856807251.00,,2019,Finance/Investors Services,Finance
AIOS,AIOS Tech Inc. Class A Common Shares,$13.20,-1.29,-8.903%,5429,42890166.00,China,2016,Metal Fabrications,Industrials
AIOT,PowerFleet Inc. Common Stock,$2.90,-0.08,-2.685%,1285352,389255162.00,United States,,Telecommunications Equipment,Telecommunications
AIP,Arteris Inc. Common Stock,$24.19,-0.59,-2.381%,468030,1188989347.00,United States,2021,Semiconductors,Technology
AIR,AAR Corp. Common Stock,$119.46,1.71,1.452%,353115,4809321026.00,United States,,Aerospace,Industrials
AIRE,reAlpha Tech Corp. Common Stock,$1.38,-0.05,-3.497%,22520,8289141.00,United States,,Real Estate,Finance
AIRG,Airgain Inc. Common Stock,$5.24,-0.09,-1.689%,15942,68645226.00,United States,2016,Radio And Television Broadcasting And Communications Equipment,Technology
AIRI,Air Industries Group Common Stock,$2.63,-0.03,-1.128%,1495,12757231.00,United States,,Military/Government/Technical,Industrials
AIRJ,AirJoule Technologies Corporation Class A Common Stock,$4.14,-0.22,-5.046%,626835,311356558.00,United States,2022,Industrial Machinery/Components,Industrials
AIRJW,AirJoule Technologies Corporation Warrant,$0.94,-0.0266,-2.752%,4240,70694484.00,United States,2022,Industrial Machinery/Components,Industrials
AIRO,AIRO Group Holdings Inc. Common Stock,$7.16,-0.08,-1.105%,303261,225940366.00,United States,2025,Aerospace,Industrials
AIRS,AirSculpt Technologies Inc. Common Stock,$2.16,-0.37,-14.625%,730181,155725651.00,United States,2021,Medical/Nursing Services,Health Care
AIRT,Air T Inc. Common Stock,$29.38,-2.15,-6.819%,48943,78789756.00,United States,,Air Freight/Delivery Services,Consumer Discretionary
AIRTP,Air T Inc. Air T Funding Alpha Income Trust Preferred Securities,$18.905,-0.071,-0.374%,1307,50698446.00,United States,,Air Freight/Delivery Services,Consumer Discretionary
AISP,Airship AI Holdings Inc. Class A Common Stock,$1.94,-0.035,-1.772%,283192,66812750.00,United States,2021,Computer Software: Prepackaged Software,Technology
AISPW,Airship AI Holdings Inc. Warrants,$0.40,-0.01,-2.439%,14972,13775825.00,United States,2021,Computer Software: Prepackaged Software,Technology
AIT,Applied Industrial Technologies Inc. Common Stock,$333.47,3.68,1.116%,239569,12249651966.00,United States,,Industrial Specialties,Consumer Discretionary
AIV,Apartment Investment and Management Company Common Stock,$2.20,0.04,1.852%,5178171,319521176.00,United States,1994,Real Estate Investment Trusts,Real Estate
AIXC,AIxCrypto Holdings Inc. Common Stock,$1.66,0.25,17.73%,990981,35040747.00,United States,2015,Finance: Consumer Services,Finance
AIXI,XIAO-I Corporation American Depositary Shares,$1.90,-0.14,-6.863%,591937,249875.00,China,2023,Computer Software: Prepackaged Software,Technology
AIZ,Assurant Inc. Common Stock,$266.97,-4.11,-1.516%,603348,13167966076.00,United States,2004,Property-Casualty Insurers,Finance
AIZN,Assurant Inc. 5.25% Subordinated Notes due 2061,$18.22,0.03,0.165%,12333,919366824.00,United States,2020,Property-Casualty Insurers,Finance
AJG,Arthur J. Gallagher & Co. Common Stock,$229.64,-0.81,-0.351%,1847724,58856732000.00,United States,,Specialty Insurers,Finance
AKA,a.k.a. Brands Holding Corp. Common Stock,$10.89,-0.11,-1.00%,3045,119692633.00,,2021,Catalog/Specialty Distribution,Consumer Discretionary
AKAM,Akamai Technologies Inc. Common Stock,$118.44,0.10,0.085%,3923530,17021795170.00,United States,1999,Business Services,Consumer Discretionary
AKAN,Akanda Corp. Common Shares,$3.11,-0.12,-3.715%,342675,1682016.00,United Kingdom,2022, Medicinal Chemicals and Botanical Products ,Health Care
AKBA,Akebia Therapeutics Inc. Common Stock,$0.9326,-0.0474,-4.837%,5390912,258429284.00,United States,2014,Biotechnology: Pharmaceutical Preparations,Health Care
AKO/A,Embotelladora Andina S.A.,$23.21,0.00,0.00%,25,,Chile,,,
AKO/B,Embotelladora Andina S.A.,$30.60,-0.82,-2.61%,4584,,Chile,,,
AKR,Acadia Realty Trust Common Stock,$19.11,-0.26,-1.342%,946905,2624428317.00,United States,,Real Estate Investment Trusts,Real Estate
AKTS,Aktis Oncology Inc. Common stock,$19.72,-2.39,-10.81%,589457,1096816520.00,United States,2026,Biotechnology: Pharmaceutical Preparations,Health Care
AKTX,Akari Therapeutics plc ADS,$9.66,-0.39,-3.881%,86426,18807846.00,United Kingdom,,Biotechnology: Pharmaceutical Preparations,Health Care
ALAB,Astera Labs Inc. Common Stock,$360.46,-3.00,-0.825%,3309552,62534440588.00,United States,2024,Semiconductors,Technology
ALAR,Alarum Technologies Ltd. American Depositary Share,$1.81,-0.21,-10.396%,121289,13123353.00,Israel,2018,Computer Software: Prepackaged Software,Technology
ALB,Albemarle Corporation Common Stock,$113.47,-3.33,-2.851%,2202540,13390033818.00,United States,,Major Chemicals,Industrials
ALB^A,Albemarle Corporation Depositary Shares each representing a 1/20th of 7.25% Series A Mandatory Convertible Preferred Stock,$47.37,-1.46,-2.99%,49679,,United States,,,
ALC,Alcon Inc. Ordinary Shares,$65.39,-0.20,-0.305%,1054024,32675383000.00,Switzerland,2019,Ophthalmic Goods,Health Care
ALCO,Alico Inc. Common Stock,$39.42,-0.31,-0.78%,17469,292439675.00,United States,,Farming/Seeds/Milling,Consumer Staples
ALDF,Aldel Financial II Inc. Class A Ordinary Shares,$10.82,-0.01,-0.092%,15054,0.00,United States,2024,,
ALDFU,Aldel Financial II Inc. Units,$10.90,0.00,0.00%,227,0.00,United States,2024,Blank Checks,Finance
ALDX,Aldeyra Therapeutics Inc. Common Stock,$1.35,-0.045,-3.226%,633739,81440668.00,United States,2014,Biotechnology: Pharmaceutical Preparations,Health Care
ALEC,Alector Inc. Common Stock,$2.02,0.01,0.498%,1182757,225546976.00,United States,2019,Biotechnology: Biological Products (No Diagnostic Substances),Health Care
ALF,Centurion Acquisition Corp. Class A Ordinary Shares,$10.92,0.00,0.00%,17,0.00,United States,2024,,
ALFUW,Centurion Acquisition Corp. Warrant,$0.27,0.07,35.00%,305,0.00,United States,2024,Blank Checks,Finance
ALG,Alamo Group Inc. Common Stock,$164.64,-0.87,-0.526%,314911,2003827678.00,United States,,Industrial Machinery/Components,Industrials
ALGM,Allegro MicroSystems Inc. Common Stock,$35.11,-0.40,-1.126%,2521295,6544575835.00,United States,2020,Semiconductors,Technology
ALGN,Align Technology Inc. Common Stock,$148.17,-5.12,-3.34%,1327237,10525974871.00,United States,2001,Industrial Specialties,Health Care
ALGS,Aligos Therapeutics Inc. Common Stock,$5.56,-0.12,-2.113%,35088,34719742.00,United States,2020,Biotechnology: Biological Products (No Diagnostic Substances),Health Care
ALGT,Allegiant Travel Company Common Stock,$77.26,-4.40,-5.388%,486540,2112114951.00,United States,2006,Air Freight/Delivery Services,Consumer Discretionary
ALH,Alliance Laundry Holdings Inc. Common Stock,$21.07,-0.52,-2.409%,820538,4188486253.00,United States,2025,Industrial Machinery/Components,Industrials
ALHC,Alignment Healthcare Inc. Common Stock,$7.86,-0.13,-1.627%,13722061,1630440271.00,United States,2021,Medical Specialities,Health Care
ALIS,Calisa Acquisition Corp Ordinary shares,$10.34,0.00,0.00%,721,0.00,United States,2025,,
ALISR,Calisa Acquisition Corp Right,$0.80,0.00,0.00%,30,0.00,United States,2025,Blank Checks,Finance
ALIT,Alight Inc. Class A Common Stock,$12.54,-0.37,-2.866%,379498,337816226.00,United States,2021,Business Services,Consumer Discretionary
ALK,Alaska Air Group Inc. Common Stock,$39.70,-2.21,-5.273%,4081168,4430643864.00,United States,,Air Freight/Delivery Services,Consumer Discretionary
ALKS,Alkermes plc Ordinary Shares,$42.13,-1.16,-2.68%,2475720,7067866649.00,Ireland,1991,Biotechnology: Pharmaceutical Preparations,Health Care
ALKT,Alkami Technology Inc. Common Stock,$14.60,-3.49,-19.292%,7762166,1561352908.00,United States,2021,Computer Software: Prepackaged Software,Technology
ALL,Allstate Corporation (The) Common Stock,$225.66,-3.84,-1.673%,4131708,57059924997.00,United States,,Property-Casualty Insurers,Finance
ALL^B,Allstate Corporation (The) 5.100% Fixed-to-Floating Rate Subordinated Debentures due 2053,$25.80,-0.08,-0.309%,26362,,United States,,,
ALL^H,Allstate Corporation (The) Depositary Shares each representing a 1/1000th interest in a share of Fixed Rate Noncumulative Perpetual Preferred Stock Series H,$18.46,-0.18,-0.966%,187331,,United States,,,
ALL^I,Allstate Corporation (The) Depositary Shares each representing a 1/1000th interest in a share of Fixed Rate Noncumulative Perpetual Preferred Stock Series I,$17.30,-0.24,-1.368%,48402,,United States,,,
ALL^J,Allstate Corporation (The) Depositary Shares each representing a 1/1000th interest in a share of Fixed Rate Noncumulative Perpetual Preferred Stock Series J,$26.12,-0.03,-0.115%,46858,,United States,,,
ALLE,Allegion plc Ordinary Shares,$154.09,0.14,0.091%,902907,13103318355.00,United States,2013,Diversified Commercial Services,Consumer Discretionary
ALLO,Allogene Therapeutics Inc. Common Stock,$1.67,-0.04,-2.339%,5966029,576969771.00,United States,2018,Biotechnology: Biological Products (No Diagnostic Substances),Health Care
ALLR,Allarity Therapeutics Inc. Common Stock,$1.04,-0.07,-6.306%,167754,16547153.00,United States,,Biotechnology: Pharmaceutical Preparations,Health Care
ALLT,Allot Ltd. Ordinary Shares,$8.47,0.16,1.925%,434240,414378649.00,Israel,2006,Computer Communications Equipment,Telecommunications
ALLY,Ally Financial Inc. Common Stock,$38.58,-0.49,-1.254%,3885395,11736024156.00,United States,2014,Major Banks,Finance
ALM,Almonty Industries Inc. Common Shares,$13.62,-0.73,-5.087%,4819416,3929107815.00,Canada,,Other Metals and Minerals,Basic Materials
ALMR,Alamar Biosciences Inc. Common Stock,$32.14,-1.08,-3.251%,353122,2230283499.00,United States,2026,Biotechnology: Laboratory Analytical Instruments,Industrials
ALMS,Alumis Inc. Common Stock,$7.44,-0.67,-8.261%,2695017,962998178.00,United States,2024,Biotechnology: Pharmaceutical Preparations,Health Care
ALMU,Aeluma Inc. Common Stock,$13.18,-0.72,-5.18%,478238,253921544.00,United States,,Semiconductors,Technology
ALNT,Allient Inc. Common Stock,$113.60,5.54,5.127%,254540,1931485250.00,United States,,Electrical Products,Industrials
ALNY,Alnylam Pharmaceuticals Inc. Common Stock,$246.51,-5.14,-2.043%,1481716,32985285678.00,United States,2004,Biotechnology: Pharmaceutical Preparations,Health Care
ALOV,Aldabra 4 Liquidity Opportunity Vehicle Inc. Class A Ordinary Shares,$10.04,0.00,0.00%,45,0.00,United States,2026,,
ALOVW,Aldabra 4 Liquidity Opportunity Vehicle Inc. Warrants,$0.3684,0.00,0.00%,10,0.00,United States,2026,,
ALOY,REalloys Inc. Common Stock,$8.67,-0.36,-3.987%,1548306,601862132.00,United States,,Metal Mining,Basic Materials
ALP,Alpha Compute Corp Ordinary Shares,$4.54,0.19,4.368%,141128,7036310.00,Canada,,Finance: Consumer Services,Finance
ALPS,ALPS Group Inc Ordinary Share,$0.40,0.0001,0.025%,46886,66560126.00,Malaysia,,Medical/Nursing Services,Health Care
ALPX,Alpex Acquisition Corporation Class A Ordinary Shares,$9.95,0.00,0.00%,632,0.00,United States,2026,Blank Checks,Finance
ALPXR,Alpex Acquisition Corporation Rights,$0.18,0.00,0.00%,22,0.00,United States,2026,Blank Checks,Finance
ALPXW,Alpex Acquisition Corporation Warrants,$0.06,0.00,0.00%,20,0.00,United States,2026,Blank Checks,Finance
ALRM,Alarm.com Holdings Inc. Common Stock,$53.35,0.19,0.357%,425363,2618963664.00,United States,2015,Computer Software: Prepackaged Software,Technology
ALRS,Alerus Financial Corporation Common Stock,$31.77,-0.43,-1.335%,131661,791947501.00,United States,2019,Major Banks,Finance
ALSN,Allison Transmission Holdings Inc. Common Stock,$114.59,-0.79,-0.685%,638964,9462617374.00,United States,2012,Auto Parts:O.E.M.,Consumer Discretionary
ALT,Altimmune Inc. Common Stock,$3.19,-0.22,-6.452%,4531574,620511466.00,United States,,Biotechnology: Pharmaceutical Preparations,Health Care
ALTG,Alta Equipment Group Inc. Class A Common Stock,$6.01,-0.27,-4.299%,360802,196327901.00,United States,2019,Industrial Machinery/Components,Industrials
ALTG^A,Alta Equipment Group Inc. Depositary Shares (each representing 1/1000th in a share of 10% Series A Cumulative Perpetual Preferred Stock),$25.6618,-0.2833,-1.092%,690,,United States,,,
ALTI,AlTi Global Inc. Class A Common Stock,$3.04,-0.12,-3.797%,55762,474068033.00,United States,2021,Investment Managers,Finance
ALTO,Alto Ingredients Inc. Common Stock,$3.73,-0.09,-2.356%,969697,289327014.00,United States,,Major Chemicals,Industrials
ALUB,Alussa Energy Acquisition Corp. II Class A Ordinary Shares,$10.12,0.00,0.00%,345987,0.00,,2026,,
ALV,Autoliv Inc. Common Stock,$115.40,-3.37,-2.837%,1080061,8451574842.00,Sweden,,Auto Parts:O.E.M.,Consumer Discretionary
ALVO,Alvotech Ordinary Shares,$5.81,-0.03,-0.514%,774334,2268406899.00,Luxembourg,,Biotechnology: Biological Products (No Diagnostic Substances),Health Care
ALX,Alexander's Inc. Common Stock,$247.87,-0.53,-0.213%,31449,1265943972.00,United States,,Real Estate Investment Trusts,Real Estate
ALXO,ALX Oncology Holdings Inc. Common Stock,$1.47,-0.13,-8.125%,1277341,203267186.00,United States,2020,Biotechnology: Pharmaceutical Preparations,Health Care
ALZN,Alzamend Neuro Inc. Common Stock,$1.94,0.00,0.00%,45871,9361903.00,United States,2021,Biotechnology: Pharmaceutical Preparations,Health Care
AM,Antero Midstream Corporation Common Stock,$21.38,0.26,1.231%,1866678,10148530120.00,United States,2017,Natural Gas Distribution,Utilities
AMAC,AMR Resources Acquisition Corp Class A Ordinary Shares,$9.80,0.01,0.102%,16747,0.00,Cayman Islands,2026,Blank Checks,Finance
AMACU,AMR Resources Acquisition Corp Units,$9.92,0.00,0.00%,2010,0.00,Cayman Islands,2026,Blank Checks,Finance
AMACW,AMR Resources Acquisition Corp Warrants,$0.26,0.0262,11.206%,1514,0.00,Cayman Islands,2026,Blank Checks,Finance
AMAL,Amalgamated Financial Corp. Common Stock (DE),$46.56,-0.73,-1.544%,135035,1392150844.00,United States,2018,Major Banks,Finance
AMAN,Amanat Acquisition Corp Class A Ordinary Shares,$10.68,-0.04,-0.373%,4524,0.00,United States,2026,Blank Checks,Finance
AMAT,Applied Materials Inc. Common Stock,$474.38,1.92,0.406%,4591345,376466755010.00,United States,1972,Semiconductors,Technology
AMBA,Ambarella Inc. Ordinary Shares,$67.62,0.56,0.835%,3414982,2984812459.00,United States,2012,Semiconductors,Technology
AMBO,Ambow Education Holding Ltd. American Depository Shares (each representing twenty (20) Class A Ordinary Shares),$2.1401,0.0351,1.667%,16053,6121375.00,China,,Other Consumer Services,Real Estate
AMBP,Ardagh Metal Packaging S.A. Ordinary Shares,$4.45,-0.07,-1.549%,1561546,2659763158.00,,,Containers/Packaging,Industrials
AMBQ,Ambiq Micro Inc. Common Stock,$69.13,-1.92,-2.702%,365511,1671876974.00,United States,2025,Semiconductors,Technology
AMBR,Amber International Holding Limited American Depositary Shares,$1.92,0.03,1.587%,262900,181008482.00,Hong Kong,2017,Finance: Consumer Services,Finance
AMC,AMC Entertainment Holdings Inc. Class A Common Stock,$2.87,-0.10,-3.367%,21354797,2561775311.00,United States,2013,Movies/Entertainment,Consumer Discretionary
AMCI,AMC Robotics Corporation Common Stock,$3.23,0.05,1.572%,182605,74956746.00,United States,2023,Home Furnishings,Consumer Discretionary
AMCR,Amcor plc Ordinary Shares,$42.80,-0.44,-1.018%,2647914,19788395532.00,United Kingdom,2019,Miscellaneous manufacturing industries,Consumer Discretionary
AMCX,AMC Global Media Inc. Class A Common Stock,$12.00,-0.08,-0.662%,384419,494999652.00,United States,,Cable & Other Pay Television Services,Telecommunications
AMD,Advanced Micro Devices Inc. Common Stock,$614.61,-9.16,-1.468%,16338622,1003335485564.00,United States,,Semiconductors,Technology
AME,AMETEK Inc.,$246.45,1.04,0.424%,1466649,56501433584.00,United States,,Industrial Machinery/Components,Industrials
AMG,Affiliated Managers Group Inc. Common Stock,$366.17,5.89,1.635%,272687,9469131667.00,United States,,Investment Managers,Finance
AMGN,Amgen Inc. Common Stock,$406.09,-4.15,-1.012%,2822972,219545250910.00,United States,1983,Biotechnology: Biological Products (No Diagnostic Substances),Health Care
AMH,American Homes 4 Rent Common Shares of Beneficial Interest,$30.93,-0.35,-1.119%,3020682,11109435668.00,United States,2013,Real Estate Investment Trusts,Real Estate
AMH^G,American Homes 4 Rent Series G cumulative redeemable perpetual preferred shares of beneficial interest,$21.1519,-0.1731,-0.812%,1578,,United States,,,
AMH^H,American Homes 4 Rent Series H cumulative redeemable perpetual Preferred Shares of Beneficial Interest,$22.17,0.05,0.226%,4655,,United States,,,
AMIX,Autonomix Medical Inc. Common Stock,$3.98,-0.15,-3.632%,55337,7800553.00,United States,2024,Medical/Dental Instruments,Health Care
AMKR,Amkor Technology Inc. Common Stock,$53.32,-1.27,-2.326%,2567181,13247485807.00,United States,1998,Semiconductors,Technology
AMLX,Amylyx Pharmaceuticals Inc. Common Stock,$30.605,-2.395,-7.258%,1824941,3839650751.00,United States,2022,Biotechnology: Pharmaceutical Preparations,Health Care
AMN,AMN Healthcare Services Inc,$33.91,-0.63,-1.824%,347487,1313333995.00,United States,,Professional Services,Consumer Discretionary
AMOD,Alpha Modus Holdings Inc. Class A Common Stock,$1.66,-0.24,-12.632%,91775,8277198.00,United States,,Multi-Sector Companies,Miscellaneous
AMODW,Alpha Modus Holdings Inc. Warrant,$0.0179,-0.0005,-2.717%,25632,89254.00,United States,,Multi-Sector Companies,Miscellaneous
AMP,Ameriprise Financial Inc. Common Stock,$502.79,-9.58,-1.87%,728387,45199354864.00,United States,,Investment Managers,Finance
AMPG,Amplitech Group Inc. Common Stock,$3.38,-0.025,-0.734%,569516,101548338.00,United States,,Telecommunications Equipment,Telecommunications
AMPGZ,Amplitech Group Inc. Series B Right,$0.1699,0.0279,19.648%,3710,5104456.00,United States,,Telecommunications Equipment,Telecommunications
AMPH,Amphastar Pharmaceuticals Inc. Common Stock,$24.96,0.64,2.632%,508133,1061747082.00,United States,2014,Biotechnology: Pharmaceutical Preparations,Health Care
AMPL,Amplitude Inc. Class A Common Stock,$13.755,0.615,4.68%,1512724,1718220488.00,United States,,Computer Software: Prepackaged Software,Technology
AMPX,Amprius Technologies Inc. Common Stock,$9.73,-0.25,-2.505%,5335602,1421364413.00,United States,2022,Industrial Machinery/Components,Miscellaneous
AMPY,Amplify Energy Corp. Common Stock,$4.23,0.00,0.00%,572524,175360784.00,United States,2016,Oil & Gas Production,Energy
AMR,Alpha Metallurgical Resources Inc. Common Stock,$180.40,-8.17,-4.333%,203713,2287299718.00,United States,2018,Coal Mining,Energy
AMRC,Ameresco Inc. Class A Common Stock,$22.73,-1.49,-6.152%,399839,1206194976.00,United States,2010,Engineering & Construction,Consumer Discretionary
AMRN,Amarin Corporation plc,$13.72,-0.03,-0.218%,59846,289805282.00,Ireland,,Biotechnology: Pharmaceutical Preparations,Health Care
AMRX,Amneal Pharmaceuticals Inc. Class A Common Stock,$19.33,-0.17,-0.872%,3575347,6732562009.00,United States,,Biotechnology: Pharmaceutical Preparations,Health Care
AMRZ,Amrize Ltd Ordinary Shares,$37.90,-1.10,-2.821%,3469079,20728481908.00,Switzerland,2025,Building Materials,Industrials
AMS,American Shared Hospital Services Common Stock,$1.45,-0.02,-1.361%,6423,9642500.00,United States,1988,Medical Specialities,Health Care
AMSC,American Superconductor Corporation Common Stock,$31.05,-0.19,-0.608%,879405,1504128540.00,United States,1991,Metal Fabrications,Consumer Discretionary
AMSF,AMERISAFE Inc. Common Stock,$24.37,-0.19,-0.774%,380895,451723733.00,United States,2005,Property-Casualty Insurers,Finance
AMSS,AMASS Brands Inc. Common Stock,$0.7259,-0.0594,-7.564%,175342,8424128.00,United States,,Beverages (Production/Distribution),Consumer Staples
AMST,Amesite Inc. Common Stock,$1.04,-0.03,-2.804%,38761,6811845.00,United States,2020,Computer Software: Prepackaged Software,Technology
AMT,American Tower Corporation (REIT) Common Stock,$170.78,-4.47,-2.551%,3024005,79576656997.00,United States,,Real Estate Investment Trusts,Real Estate
AMTB,Amerant Bancorp Inc. Class A Common Stock,$28.69,-0.50,-1.713%,258679,1124357026.00,United States,,Major Banks,Finance
AMTD,AMTD IDEA Group American Depositary Shares each representing six (6) Class A Ordinary Shares,$0.7198,-0.0002,-0.028%,4442,68888858.00,,,Finance: Consumer Services,Finance
AMTM,Amentum Holdings Inc. Common Stock,$19.71,0.01,0.051%,1203566,4819221400.00,United States,2024,Business Services,Consumer Discretionary
AMTX,Aemetis Inc. (DE) Common Stock,$1.90,-0.215,-10.165%,1173560,137122229.00,United States,,Major Chemicals,Industrials
AMWL,American Well Corporation Class A Common Stock,$13.21,0.00,0.00%,53599,224685693.00,United States,2020,Business Services,Consumer Discretionary
AMX,America Movil S.A.B. de C.V. American Depositary Shares (each representing the right to receive twenty (20) Series B Shares,$22.08,-0.21,-0.942%,2358049,66455280000.00,Mexico,2023,Telecommunications Equipment,Telecommunications
AMZE,Amaze Holdings Inc. Common Stock,$0.1368,-0.0028,-2.006%,2797001,2848746.00,,2021,Catalog/Specialty Distribution,Consumer Discretionary
AMZN,Amazon.com Inc. Common Stock,$249.27,-5.71,-2.239%,44209312,2688704384092.00,United States,1997,Catalog/Specialty Distribution,Consumer Discretionary
AN,AutoNation Inc. Common Stock,$165.05,-4.56,-2.689%,467667,5456686030.00,United States,,Retail-Auto Dealers and Gas Stations,Consumer Discretionary
ANAB,AnaptysBio Inc. Common Stock,$50.77,-3.15,-5.842%,779627,1503222580.00,United States,2017,Biotechnology: Pharmaceutical Preparations,Health Care
ANDE,Andersons Inc. (The) Common Stock,$67.39,0.45,0.672%,267738,2289613662.00,United States,,Farming/Seeds/Milling,Industrials
ANDG,Andersen Group Inc. Class A Common Stock,$53.95,0.78,1.467%,1081215,6095727039.00,,2025,Business Services,Consumer Discretionary
ANET,Arista Networks Inc. Common Stock,$203.47,-1.72,-0.838%,3967863,256621379129.00,United States,,Computer Communications Equipment,Telecommunications
ANF,Abercrombie & Fitch Company Common Stock,$132.25,-3.96,-2.907%,1094701,5611946358.00,United States,,Clothing/Shoe/Accessory Stores,Consumer Discretionary
ANG^D,American National Group Inc. Depositary Shares each representing a 1/1000th interest in a share of 7.375% Fixed-Rate Non-Cumulative Preferred Stock Series D,$23.89,0.11,0.463%,37230,,United States,,,
ANGH,Anghami Inc. Ordinary Shares,$3.8945,-0.0203,-0.519%,1617,35302895.00,United Arab Emirates,,Telecommunications Equipment,Consumer Discretionary
ANGHW,Anghami Inc. Warrants,$0.0076,-0.0013,-14.607%,30081,68893.00,United Arab Emirates,,Telecommunications Equipment,Consumer Discretionary
ANGI,Angi Inc. Class A Common Stock,$5.05,-0.49,-8.845%,1127361,204809068.00,United States,,Advertising,Consumer Discretionary
ANGO,AngioDynamics Inc. Common Stock,$15.51,-0.16,-1.021%,503370,641065353.00,United States,2004,Medical/Dental Instruments,Health Care
ANGX,Angel Studios Inc. Class A Common Stock,$4.85,-0.25,-4.902%,2045840,905768147.00,United States,2025,Movies/Entertainment,Consumer Discretionary
ANIK,Anika Therapeutics Inc. Common Stock,$20.375,-0.515,-2.465%,61989,272677932.00,United States,,Medical/Dental Instruments,Health Care
ANIP,ANI Pharmaceuticals Inc.,$74.43,-3.48,-4.467%,433676,1708874692.00,United States,,Biotechnology: Pharmaceutical Preparations,Health Care
ANIX,Anixa Biosciences Inc. Common Stock,$2.75,-0.04,-1.434%,391175,95600456.00,United States,,Biotechnology: Pharmaceutical Preparations,Health Care
ANL,Adlai Nortye Group Ltd. American Depositary Shares,$15.75,-0.85,-5.12%,218144,1014267524.00,Cayman Islands,2023,Biotechnology: Pharmaceutical Preparations,Health Care
ANNA,AleAnna Inc. Class A Common Stock,$2.75,0.01,0.365%,216182,184069600.00,United States,,Oil & Gas Production,Energy
ANNAW,AleAnna Inc. Warrant,$0.2499,-0.0201,-7.444%,2041,16726907.00,United States,,Oil & Gas Production,Energy
ANNX,Annexon Inc. Common Stock,$3.87,-0.31,-7.416%,2423569,733671249.00,United States,2020,Biotechnology: Pharmaceutical Preparations,Health Care
ANPA,Rich Sparkle Holdings Limited Ordinary Shares,$1.97,0.00,0.00%,17167,29750457.00,Hong Kong,2025,Other Consumer Services,Consumer Discretionary
ANRO,Alto Neuroscience Inc. Common Stock,$27.50,-3.28,-10.656%,639896,1079157860.00,United States,2024,Biotechnology: Pharmaceutical Preparations,Health Care
ANTA,Antalpha Platform Holding Company Class A Ordinary Shares,$3.10,-0.10,-3.125%,5828,116560000.00,Singapore,2025,Investment Bankers/Brokers/Service,Finance
ANTX,AN2 Therapeutics Inc. Common Stock,$4.83,0.00,0.00%,306163,182266025.00,United States,2022,Biotechnology: Pharmaceutical Preparations,Health Care
ANVS,Annovis Bio Inc. Common Stock,$1.27,0.01,0.794%,1145530,54202405.00,United States,2020,Biotechnology: Pharmaceutical Preparations,Health Care
AOD,abrdn Total Dynamic Dividend Fund Common Shares of Beneficial Interest,$10.35,-0.13,-1.24%,314558,0.00,United States,2007,Investment Managers,Finance
AOMD,Angel Oak Mortgage REIT Inc. 9.750% Senior Notes due 2030,$25.175,-0.12,-0.474%,215,0.00,United States,2025,Real Estate,Finance
AOMN,Angel Oak Mortgage REIT Inc. 9.500% Senior Notes due 2029,$25.36,0.00,0.00%,4961,0.00,United States,2024,Real Estate,Finance
AOMR,Angel Oak Mortgage REIT Inc. Common Stock,$7.58,-0.35,-4.414%,201146,175968768.00,United States,2021,Real Estate,Finance
AON,Aon plc Class A Ordinary Shares (Ireland),$281.60,-4.50,-1.573%,1794912,59734522214.00,United States,,Specialty Insurers,Finance
AORT,Artivion Inc. Common Stock,$23.53,-0.60,-2.487%,504239,1147233880.00,United States,,Medical/Dental Instruments,Health Care
AOS,A.O. Smith Corporation Common Stock,$57.74,-0.42,-0.722%,1097893,7847361005.00,United States,,Consumer Electronics/Appliances,Consumer Discretionary
AOSL,Alpha and Omega Semiconductor Limited Common Shares,$27.71,-0.57,-2.016%,378847,838483956.00,Bermuda,2010,Semiconductors,Technology
AOUT,American Outdoor Brands Inc. Common Stock ,$16.51,-0.17,-1.019%,69206,208376425.00,United States,,Recreational Games/Products/Toys,Consumer Discretionary
AP,Ampco-Pittsburgh Corporation Common Stock,$8.42,-0.25,-2.884%,119569,173945589.00,United States,,Fluid Controls,Industrials
APA,APA Corporation Common Stock,$43.70,1.40,3.31%,5587350,15310360987.00,United States,,Oil & Gas Production,Energy
APAC,StoneBridge Acquisition II Corporation Class A Ordinary Shares,$10.26,0.00,0.00%,6,0.00,United States,2025,Blank Checks,Finance
APACR,StoneBridge Acquisition II Corporation Rights,$0.115,0.00,0.00%,99,0.00,United States,2025,,
APAM,Artisan Partners Asset Management Inc. Class A Common Stock,$35.62,-0.31,-0.863%,729083,2887808470.00,United States,2013,Investment Managers,Finance
APC,ARKO Petroleum Corp. Class A Common Stock,$16.97,-0.60,-3.415%,120910,213316684.00,United States,2026,Oil Refining/Marketing,Energy
APD,Air Products and Chemicals Inc. Common Stock,$286.97,-0.89,-0.309%,925521,63904066544.00,United States,,Major Chemicals,Basic Materials
APEI,American Public Education Inc. Common Stock,$41.38,0.80,1.971%,213433,757317849.00,United States,2007,Other Consumer Services,Real Estate
APG,APi Group Corporation Common Stock,$37.82,0.06,0.159%,2389394,16344302433.00,United States,2020,Diversified Commercial Services,Consumer Discretionary
APH,Amphenol Corporation Common Stock,$82.19,-0.65,-0.785%,13005442,202677820662.00,United States,,Electrical Products,Technology
API,Agora Inc. American Depositary Shares,$4.33,-0.06,-1.367%,153876,362745750.00,China,2020,Computer Software: Prepackaged Software,Technology
APLD,Applied Digital Corporation Common Stock,$27.23,-1.31,-4.59%,13725531,7936703920.00,United States,2022,EDP Services,Technology
APLE,Apple Hospitality REIT Inc. Common Shares,$15.83,0.05,0.317%,4102149,3737189109.00,United States,2015,Real Estate Investment Trusts,Real Estate
APLM,Apollomics Inc. Class A Ordinary Shares,$23.40,-0.32,-1.349%,24965,67767640.00,United States,,Biotechnology: Pharmaceutical Preparations,Health Care
APLMW,Apollomics Inc. Warrant,$0.0116,0.00,0.00%,2563,33594.00,United States,,Biotechnology: Pharmaceutical Preparations,Health Care
APMC,AmperCap Acquisition Company Ordinary Shares,$9.96,0.00,0.00%,709,0.00,United States,2026,Blank Checks,Finance
APMD,Apnimed Inc. Common Stock,$22.49,-3.02,-11.838%,858205,936276220.00,United States,2026,Biotechnology: Pharmaceutical Preparations,Health Care
APO,Apollo Global Management Inc. (New) Common Stock,$124.36,0.21,0.169%,3066712,73439947253.00,United States,,Investment Managers,Finance
APOG,Apogee Enterprises Inc. Common Stock,$36.78,-0.80,-2.129%,215072,767535853.00,United States,,Auto Parts:O.E.M.,Consumer Discretionary
APOS,Apollo Global Management Inc. 7.625% Fixed-Rate Resettable Junior Subordinated Notes due 2053,$25.33,-0.06,-0.236%,34400,14426303084.00,United States,1987,Investment Managers,Finance
APP,Applovin Corporation Class A Common Stock,$315.25,-13.48,-4.101%,6813499,105498727750.00,United States,2021,Computer Software: Programming Data Processing,Technology
APPF,AppFolio Inc. Class A Common Stock,$210.01,3.74,1.813%,268128,7437922490.00,United States,2015,Computer Software: Prepackaged Software,Technology
APPN,Appian Corporation Class A Common Stock,$37.96,1.06,2.873%,673831,2718983582.00,United States,2017,Computer Software: Prepackaged Software,Technology
APPS,Digital Turbine Inc. Common Stock,$11.54,-0.65,-5.332%,2582933,1396527525.00,United States,,Multi-Sector Companies,Miscellaneous
APRE,Aprea Therapeutics Inc. Common stock,$0.78,0.0476,6.499%,282123,9821086.00,United States,2019,Biotechnology: Pharmaceutical Preparations,Health Care
APT,Alpha Pro Tech Ltd. Common Stock,$5.11,-0.18,-3.403%,11131,52153774.00,Canada,2000,Industrial Specialties,Health Care
APTV,Aptiv PLC Ordinary Shares,$45.17,0.56,1.255%,3124500,9378797561.00,United Kingdom,,Auto Parts:O.E.M.,Consumer Discretionary
APUR,Aperture AC Class A Ordinary Shares,$10.03,0.01,0.10%,210641,0.00,United States,2026,Blank Checks,Finance
APURR,Aperture AC Rights,$0.3141,-0.0235,-6.961%,359,0.00,United States,2026,Blank Checks,Finance
APUS,Apimeds Pharmaceuticals US Inc. Common Stock,$2.29,0.44,23.784%,152535,3455880.00,,2025,Biotechnology: Pharmaceutical Preparations,Health Care
APVO,Aptevo Therapeutics Inc. Common Stock,$1.89,0.04,2.162%,54324,3405723.00,United States,,Biotechnology: Pharmaceutical Preparations,Health Care
APWC,Asia Pacific Wire & Cable Corporation Ltd. Ordinary Shares (Bermuda),$1.33,0.00,0.00%,2182,54839164.00,Taiwan,,Telecommunications Equipment,Industrials
APXT,Apex Treasury Corporation Class A Ordinary Share,$10.13,0.00,0.00%,167990,0.00,United States,2025,Blank Checks,Finance
APXTU,Apex Treasury Corporation Units,$10.30,0.00,0.00%,4,0.00,United States,2025,Blank Checks,Finance
APXTW,Apex Treasury Corporation Warrants,$0.2901,0.00,0.00%,394,0.00,United States,2025,Blank Checks,Finance
APYX,Apyx Medical Corporation Common Stock,$2.95,0.00,0.00%,86070,124265868.00,United States,,Medical/Dental Instruments,Health Care
AQB,AquaBounty Technologies Inc. Common Stock,$1.04,-0.05,-4.587%,79457,5353092.00,United States,,Meat/Poultry/Fish,Consumer Staples
AQMS,Aqua Metals Inc. Common Stock,$2.5049,0.0248,1.00%,38980,8926289.00,United States,2015,Metal Fabrications,Industrials
AQN,Algonquin Power & Utilities Corp. Common Shares,$5.06,-0.15,-2.879%,4887013,3894923281.00,United States,2016,Electric Utilities: Central,Utilities
AQNB,Algonquin Power & Utilities Corp. 6.20% Fixed-to-Floating Subordinated Notes Series 2019-A due July 1 2079,$26.12,-0.07,-0.267%,9900,20060813026.00,United States,2019,Electric Utilities: Central,Utilities
AQST,Aquestive Therapeutics Inc. Common Stock,$4.70,-0.25,-5.051%,1952019,589904746.00,United States,2018,Biotechnology: Pharmaceutical Preparations,Health Care
AR,Antero Resources Corporation Common Stock,$35.65,1.23,3.574%,5586124,10960200350.00,United States,2013,Oil & Gas Production,Energy
ARAI,Arrive AI Inc. Common Stock,$0.2427,-0.0072,-2.881%,1365646,12590356.00,United States,,Diversified Commercial Services,Consumer Discretionary
ARAY,Accuray Incorporated Common Stock,$0.2255,-0.0045,-1.957%,389332,26933564.00,United States,2007,Medical/Dental Instruments,Health Care
ARBB,ARB IOT Group Limited Ordinary Shares,$4.20,-0.36,-7.895%,7068,7414075.00,Malaysia,2023,EDP Services,Technology
ARBE,Arbe Robotics Ltd. Ordinary Shares,$0.6719,-0.0157,-2.283%,997205,85602788.00,Israel,,EDP Services,Technology
ARBEW,Arbe Robotics Ltd. Warrant,$0.0064,-0.0009,-12.329%,60712,815386.00,Israel,,EDP Services,Technology
ARBK,Argo Blockchain plc American Depositary Shares,$2.48,-0.12,-4.615%,13761,33132884.00,United Kingdom,2021,Finance: Consumer Services,Finance
ARCB,ArcBest Corporation Common Stock,$131.08,-0.63,-0.478%,149208,2929815482.00,United States,,Trucking Freight/Courier Services,Industrials
ARCC,Ares Capital Corporation Common Stock,$19.15,-0.21,-1.085%,5485034,13750137482.00,United States,2004,Finance: Consumer Services,Finance
ARCI,Archimedes Tech SPAC Partners III Co. Ordinary Share,$10.10,0.00,0.00%,297415,0.00,United States,2026,,
ARCL,ARC Group Acquisition I Corp Class A Ordinary Shares,$9.99,0.00,0.00%,199992,0.00,United States,2026,Blank Checks,Finance
ARCLR,ARC Group Acquisition I Corp Right,$0.1516,-0.008,-5.013%,400,0.00,United States,2026,Blank Checks,Finance
ARCLU,ARC Group Acquisition I Corp Unit,$10.22,0.00,0.00%,19,0.00,United States,2026,Blank Checks,Finance
ARCO,Arcos Dorados Holdings Inc. Class A Shares,$7.41,-0.21,-2.756%,1090137,1561013252.00,Argentina,2011,Restaurants,Consumer Discretionary
ARCT,Arcturus Therapeutics Holdings Inc. Common Stock,$13.30,-1.08,-7.51%,1076942,378026818.00,Israel,2013,Biotechnology: Pharmaceutical Preparations,Health Care
ARDC,Ares Dynamic Credit Allocation Fund Inc. Common Shares,$11.68,-0.16,-1.351%,162261,267646488.00,United States,2012,Investment Managers,Finance
ARDT,Ardent Health Inc. Common Stock,$10.64,-0.31,-2.831%,427235,1500728450.00,United States,2024,Hospital/Nursing Management,Health Care
ARDX,Ardelyx Inc. Common Stock,$3.48,-0.14,-3.867%,6280228,867172751.00,United States,2014,Biotechnology: Pharmaceutical Preparations,Health Care
ARE,Alexandria Real Estate Equities Inc. Common Stock,$51.86,-1.99,-3.695%,1937860,9036478980.00,United States,,Real Estate Investment Trusts,Real Estate
AREC,American Resources Corporation Class A Common Stock,$1.885,-0.145,-7.143%,1696139,201640848.00,United States,,Coal Mining,Energy
ARES,Ares Management Corporation Class A Common Stock,$121.48,-3.24,-2.598%,1637925,40122077779.00,United States,2014,Investment Managers,Finance
ARES^B,Ares Management Corporation 6.75% Series B Mandatory Convertible Preferred Stock,$39.38,-0.93,-2.307%,72807,,United States,,,
ARGX,argenx SE American Depositary Shares,$945.82,-17.97,-1.865%,426736,58700320728.00,Netherlands,2017,Biotechnology: Biological Products (No Diagnostic Substances),Health Care
ARHS,Arhaus Inc. Class A Common Stock,$9.02,-0.27,-2.906%,1738252,1278600632.00,United States,2021,Other Specialty Stores,Consumer Discretionary
ARI,Apollo Commercial Real Estate Finance Inc,$6.26,-0.15,-2.34%,3991459,802607702.00,United States,2009,Real Estate Investment Trusts,Real Estate
ARIS,Aris Mining Corporation Common Shares,$18.89,-0.95,-4.788%,2204651,3898896000.00,,2023,,
ARKO,ARKO Corp. Common Stock,$4.23,-0.12,-2.759%,581092,474545600.00,United States,,Food Chains,Consumer Staples
ARKR,Ark Restaurants Corp. Common Stock,$4.74,0.2199,4.865%,30503,17093184.00,United States,,Restaurants,Consumer Discretionary
ARL,American Realty Investors Inc. Common Stock,$14.36,-1.53,-9.629%,15923,231943337.00,United States,,Real Estate,Finance
ARLO,Arlo Technologies Inc. Common Stock,$13.66,0.25,1.864%,1299223,1469997733.00,United States,2018,Diversified Commercial Services,Consumer Discretionary
ARLP,Alliance Resource Partners L.P. Common Units representing Limited Partners Interests,$25.55,-0.31,-1.199%,283550,3287232366.00,United States,1999,Coal Mining,Energy
ARM,Arm Holdings plc American Depositary Shares,$332.56,-0.64,-0.192%,6982319,353862214605.00,United Kingdom,2023,Semiconductors,Technology
ARMK,Aramark Common Stock,$55.77,-0.82,-1.449%,2255117,14702368704.00,United States,2013,Restaurants,Consumer Discretionary
ARMP,Armata Pharmaceuticals Inc. Common Stock,$3.64,-0.56,-13.333%,287081,135342404.00,United States,,Biotechnology: Biological Products (No Diagnostic Substances),Health Care
AROC,Archrock Inc. Common Stock,$30.84,0.44,1.447%,960135,5407429625.00,United States,,Natural Gas Distribution,Utilities
AROW,Arrow Financial Corporation Common Stock,$36.97,-0.49,-1.308%,56931,684822039.00,United States,,Major Banks,Finance
ARQ,Arq Inc. Common Stock,$2.04,-0.03,-1.449%,97740,89083705.00,United States,,Major Chemicals,Industrials
ARQQ,Arqit Quantum Inc. Ordinary Shares,$22.54,-0.50,-2.17%,237539,543001786.00,United Kingdom,,Computer Software: Prepackaged Software,Technology
ARQT,Arcutis Biotherapeutics Inc. Common Stock,$26.38,-1.40,-5.04%,2512252,3315753931.00,United States,2020,Biotechnology: Pharmaceutical Preparations,Health Care
ARR,ARMOUR Residential REIT Inc.,$14.60,-0.39,-2.602%,3384712,2439622011.00,United States,,Real Estate Investment Trusts,Real Estate
ARR^C,ARMOUR Residential REIT Inc. 7% Series C Cumulative Redeemable Preferred Stock (liquidation preference $25.00 per share),$20.07,0.0301,0.15%,14596,,United States,,,
ARRY,Array Technologies Inc. Common Stock,$3.86,-0.10,-2.525%,5645665,594469691.00,United States,2020,Semiconductors,Technology
ARTC,Art Technology Acquisition Corp. Class A Ordinary Shares,$9.972,0.00,0.00%,12,0.00,United States,2026,Blank Checks,Finance
ARTL,Artelo Biosciences Inc. Common Stock,$7.31,3.16,76.145%,25131040,4004228.00,United States,,Biotechnology: Pharmaceutical Preparations,Health Care
ARTNA,Artesian Resources Corporation Class A Common Stock,$33.75,-0.55,-1.603%,30670,348540334.00,United States,,Water Supply,Utilities
ARTV,Artiva Biotherapeutics Inc. Common Stock,$7.72,-0.37,-4.574%,407804,377431734.00,United States,2024,Biotechnology: Biological Products (No Diagnostic Substances),Health Care
ARTW,Art's-Way Manufacturing Co. Inc. Common Stock,$3.17,-0.02,-0.627%,7219,16488394.00,United States,,Industrial Machinery/Components,Industrials
ARVN,Arvinas Inc. Common Stock,$7.83,-0.68,-7.991%,761422,511973876.00,United States,2018,Biotechnology: Pharmaceutical Preparations,Health Care
ARW,Arrow Electronics Inc. Common Stock,$226.82,4.99,2.249%,429268,11546368045.00,United States,,Electronic Components,Technology
ARWR,Arrowhead Pharmaceuticals Inc. Common Stock,$66.96,-4.90,-6.819%,2555722,9458399110.00,United States,,Biotechnology: Pharmaceutical Preparations,Health Care
ARX,Accelerant Holdings Class A Common Shares,$19.72,-0.07,-0.354%,2301106,4282958245.00,Cayman Islands,2025,Specialty Insurers,Finance
ARXS,Arxis Inc. Class A Common Stock,$51.16,0.14,0.274%,957460,21357988769.00,United States,2026,Military/Government/Technical,Industrials
AS,Amer Sports Inc. Ordinary Shares,$26.90,-0.75,-2.712%,5706231,15001252710.00,,2024,Apparel,Consumer Discretionary
ASA,ASA  Gold and Precious Metals Limited,$57.09,-2.44,-4.099%,31363,1040005276.00,United States,,Precious Metals,Industrials
ASAN,Asana Inc. Class A Common Stock,$9.47,0.39,4.295%,8549666,2168347008.00,United States,2020,Computer Software: Prepackaged Software,Technology
ASB,Associated Banc-Corp Common Stock,$28.68,-0.34,-1.172%,1579352,5416208220.00,United States,,Major Banks,Finance
ASB^E,Associated Banc-Corp Depositary Shares each representing a 1/40th interest in a share of 5.875% Non-Cumulative Perpetual Preferred Stock Series E,$19.275,-0.025,-0.13%,6171,,United States,,,
ASB^F,Associated Banc-Corp Depositary Shares each representing a 1/40th interest in a share of Associated Banc-Corp 5.625% Non-Cumulative Perpetual Preferred Stock Series F,$18.76,0.01,0.053%,6647,,United States,,,
ASBA,Associated Banc-Corp 6.625% Fixed-Rate Reset Subordinated Notes due 2033,$24.89,0.01,0.04%,27200,3755921285.00,United States,2023,Major Banks,Finance
ASBH,American Savings Bank N.A. Common Stock,$18.25,-0.50,-2.667%,159122,147044630.00,,2026,,
ASBP,Aspire-Lakewood Holdings Inc. Common Stock,$8.33,0.13,1.585%,31386,11683300.00,United States,2022,Biotechnology: Pharmaceutical Preparations,Health Care
ASC,Ardmore Shipping Corporation Common Stock,$17.61,-0.16,-0.90%,459093,718534033.00,,2013,Marine Transportation,Consumer Discretionary
ASG,Liberty All-Star Growth Fund Inc.,$5.07,-0.03,-0.588%,177742,0.00,United States,,Investment Managers,Finance
ASGI,abrdn Global Infrastructure Income Fund Common Shares of Beneficial Interest,$19.31,-0.39,-1.98%,219448,0.00,United States,2020,Investment Managers,Finance
ASH,Ashland Inc. Common Stock,$69.01,-0.65,-0.933%,704475,3160200464.00,United States,,Specialty Chemicals,Consumer Discretionary
ASIC,Ategrity Specialty Insurance Company Holdings Common Stock,$26.52,-0.50,-1.85%,99055,1271022131.00,,2025,Property-Casualty Insurers,Finance
ASIX,AdvanSix Inc. Common Stock ,$16.53,-0.19,-1.136%,200414,446329605.00,United States,2016,Major Chemicals,Industrials
ASLE,AerSale Corporation Common Stock,$5.48,-0.06,-1.083%,331791,261542661.00,United States,2019,Industrial Specialties,Consumer Discretionary
ASM,Avino Silver & Gold Mines Ltd. Common Shares (Canada),$6.04,-0.45,-6.934%,3375100,1025925837.00,Canada,,Metal Mining,Basic Materials
ASMB,Assembly Biosciences Inc. Common Stock,$23.97,-1.48,-5.815%,275270,488043486.00,United States,2010,Biotechnology: Pharmaceutical Preparations,Health Care
ASML,ASML Holding N.V. New York Registry Shares,$1744.61,-3.29,-0.188%,1255365,672403512536.00,Netherlands,1995,Industrial Machinery/Components,Technology
ASND,Ascendis Pharma A/S Ordinary Share,$223.13,-14.44,-6.078%,1218513,14653679859.00,Denmark,2015,Biotechnology: Pharmaceutical Preparations,Health Care
ASO,Academy Sports and Outdoors Inc. Common Stock,$48.31,-1.19,-2.404%,1171029,2974876224.00,United States,2020,Other Specialty Stores,Consumer Discretionary
ASPC,A SPAC III Acquisition Corp. Class A Ordinary Shares,$10.8101,-0.0099,-0.091%,942,0.00,China,2025,Blank Checks,Finance
ASPCR,A SPAC III Acquisition Corp. Right,$0.0998,-0.0002,-0.20%,1696,0.00,China,2025,Blank Checks,Finance
ASPI,ASP Isotopes Inc. Common Stock,$3.01,-0.17,-5.346%,2632005,461461234.00,United States,2022,Major Chemicals,Industrials
ASPN,Aspen Aerogels Inc. Common Stock,$5.68,0.20,3.65%,1098994,471376293.00,United States,2014,RETAIL: Building Materials,Consumer Discretionary
ASPS,Altisource Portfolio Solutions S.A. Common Stock,$5.49,-0.13,-2.313%,4875,62696931.00,Luxembourg,,Other Consumer Services,Consumer Discretionary
ASPSW,Altisource Portfolio Solutions S.A. Net Settle Stakeholder Warrants,$0.223,0.003,1.364%,36887,2546706.00,Luxembourg,,Other Consumer Services,Consumer Discretionary
ASPSZ,Altisource Portfolio Solutions S.A. Cash Exercise Stakeholder Warrants,$0.15,-0.0196,-11.557%,42736,1713031.00,Luxembourg,,Other Consumer Services,Consumer Discretionary
ASR,Grupo Aeroportuario del Sureste S.A. de C.V. Common Stock,$239.49,-5.22,-2.133%,67531,7184700000.00,Mexico,,Aerospace,Consumer Discretionary
ASRV,AmeriServ Financial Inc. Common Stock,$4.70,0.17,3.753%,6059,79802555.00,United States,,Major Banks,Finance
ASST,Strive Inc. Class A Common Stock,$28.99,-0.36,-1.227%,6075498,2812106795.00,United States,2023,Finance: Consumer Services,Finance
ASTC,Astrotech Corporation (DE) Common Stock,$7.42,0.46,6.609%,75242,15638362.00,United States,,Biotechnology: Laboratory Analytical Instruments,Industrials
ASTE,Astec Industries Inc. Common Stock,$41.38,-0.90,-2.129%,180673,952789686.00,United States,1986,Construction/Ag Equipment/Trucks,Industrials
ASTH,Astrana Health Inc. Common Stock,$34.34,-0.77,-2.193%,405155,1703413928.00,United States,,Professional Services,Consumer Discretionary
ASTI,Ascent Solar Technologies Inc. Common Stock,$2.91,-0.23,-7.325%,259052,28565814.00,United States,,Semiconductors,Technology
ASTL,Algoma Steel Group Inc. Common Shares,$4.36,-0.07,-1.58%,526288,459494379.00,Canada,,Steel/Iron Ore,Industrials
ASTLW,Algoma Steel Group Inc. Warrant,$0.013,0.0051,64.557%,91857,1370052.00,Canada,,Steel/Iron Ore,Industrials
ASTS,AST SpaceMobile Inc. Class A Common Stock,$59.98,-3.71,-5.825%,8544433,23342266290.00,United States,2019,Telecommunications Equipment,Consumer Discretionary
ASUR,Asure Software Inc Common Stock,$7.90,-0.27,-3.305%,91657,228146691.00,United States,,EDP Services,Technology
ASX,ASE Technology Holding Co. Ltd. American Depositary Shares (each representing Two Common Shares) ,$43.93,-1.27,-2.81%,5533853,97827663889.00,Taiwan,2018,Semiconductors,Technology
ASYS,Amtech Systems Inc. Common Stock,$15.43,0.13,0.85%,195980,270149998.00,United States,,Industrial Machinery/Components,Technology
ATAT,Atour Lifestyle Holdings Limited American Depositary Shares,$32.27,-0.94,-2.83%,835917,4390113935.00,China,2022,Hotels/Resorts,Consumer Discretionary
ATCH,AtlasClear Holdings Inc. Common Stock,$0.1965,0.0041,2.131%,2995628,29541373.00,,2024,Finance: Consumer Services,Finance
ATCX,Atlas Critical Minerals Corporation Common Stock,$3.10,-0.08,-2.516%,994,15758342.00,Brazil,,Precious Metals,Basic Materials
ATEC,Alphatec Holdings Inc. Common Stock,$10.03,-0.30,-2.904%,1629764,1549144292.00,United States,2006,Medical/Dental Instruments,Health Care
ATEN,A10 Networks Inc. Common Stock,$26.75,0.05,0.187%,747645,1942291312.00,United States,2014,Computer Communications Equipment,Telecommunications
ATER,Aterian Inc. Common Stock,$0.635,-0.0222,-3.378%,128596,11408988.00,United States,2019,Home Furnishings,Consumer Discretionary
ATEX,Anterix Inc. Common Stock,$83.98,-1.26,-1.478%,153006,1646829828.00,United States,2015,Telecommunications Equipment,Telecommunications
ATGL,Alpha Technology Group Limited Class A Ordinary Shares,$5.55,0.05,0.909%,9423,91366875.00,China,2023,EDP Services,Technology
ATH^A,Athene Holding Ltd. Depositary Shares Each Representing a 1/1000th Interest in a 6.35% Fixed-to-Floating Rate Perpetual Non-Cumulative Preference Share Series A,$23.80,-0.05,-0.21%,82978,,Bermuda,,,
ATH^B,Athene Holding Ltd. Depositary Shares Each Representing a 1/1000th Interest in a 5.625% Fixed Rate Perpetual Non- Cumulative Preference Share Series B par value $1.00 per share,$17.6199,-0.2001,-1.123%,32204,,Bermuda,,,
ATH^D,Athene Holding Ltd. Depositary Shares Each Representing a 1/1000th Interest in a 4.875% Fixed-Rate Perpetual Non-Cumulative Preference Share Series D,$15.34,-0.14,-0.904%,82943,,Bermuda,,,
ATH^E,Athene Holding Ltd. Depositary Shares Each Representing a 1/1000th Interest in a 7.750% Fixed-Rate Reset Perpetual Non-Cumulative Preference Share Series E,$24.95,-0.04,-0.16%,46264,,Bermuda,,,
ATHE,Alterity Therapeutics Limited American Depositary Shares,$3.55,-0.23,-6.085%,15666,64639706.00,Australia,,Biotechnology: Pharmaceutical Preparations,Health Care
ATHM,Autohome Inc. American Depositary Shares each representing four class A ordinary shares.,$21.35,0.04,0.188%,380129,2458898950.00,China,2013,EDP Services,Technology
ATHR,Aether Holdings Inc. Common Stock,$3.62,-0.08,-2.162%,4113,44301774.00,United States,2025,Computer Software: Prepackaged Software,Technology
ATHS,Athene Holding Ltd. 7.250% Fixed-Rate Reset Junior Subordinated Debentures due 2064,$24.4701,-0.2199,-0.891%,20353,4987128731.00,Bermuda,2024,Life Insurance,Finance
ATI,ATI Inc. Common Stock,$184.18,-2.38,-1.276%,1354826,25079861141.00,United States,,Steel/Iron Ore,Industrials
ATII,Archimedes Tech SPAC Partners II Co. Ordinary Shares,$10.68,-0.02,-0.187%,85850,0.00,United States,2025,,
ATIIU,Archimedes Tech SPAC Partners II Co. Unit,$11.30,-0.0001,-0.001%,105,0.00,United States,2025,Blank Checks,Finance
ATIIW,Archimedes Tech SPAC Partners II Co. Warrant,$1.345,-0.105,-7.241%,3449,0.00,United States,2025,Blank Checks,Finance
ATKR,Atkore Inc. Common Stock,$94.51,0.01,0.011%,340149,3191843701.00,United States,2016,Industrial Machinery/Components,Miscellaneous
ATLC,Atlanticus Holdings Corporation Common Stock,$90.97,-1.08,-1.173%,156660,1380018357.00,United States,1995,Finance: Consumer Services,Finance
ATLCL,Atlanticus Holdings Corporation 6.125% Senior Notes due 2026,$25.21,-0.0101,-0.04%,8626,381312569.00,United States,,Finance: Consumer Services,Finance
ATLCP,Atlanticus Holdings Corporation 7.625% Series B Cumulative Perpetual Preferred Stock no par value per share,$23.9954,-0.0296,-0.123%,4447,364011130.00,United States,,Finance: Consumer Services,Finance
ATLCZ,Atlanticus Holdings Corporation 9.25% Senior Notes due 2029,$25.73,0.08,0.312%,10077,389177803.00,United States,,Finance: Consumer Services,Finance
ATLO,Ames National Corporation Common Stock,$31.09,-0.96,-2.995%,16831,275370970.00,United States,,Major Banks,Finance
ATLQ,JAB Acquisition Corp I Class A Ordinary Shares,$9.96,0.00,0.00%,994,0.00,United States,2026,Blank Checks,Finance
ATLQR,JAB Acquisition Corp I Rights,$0.14,0.009,6.87%,551,0.00,United States,2026,Blank Checks,Finance
ATLQW,JAB Acquisition Corp I Warrants,$0.0499,0.0098,24.439%,9151,0.00,United States,2026,Blank Checks,Finance
ATLX,Atlas Lithium Corporation Common Stock,$2.75,-0.31,-10.131%,330914,82774464.00,United States,,Mining & Quarrying of Nonmetallic Minerals (No Fuels),Industrials
ATMU,Atmus Filtration Technologies Inc. Common Stock,$44.94,-0.46,-1.013%,511308,3666902983.00,United States,2023,Auto Parts:O.E.M.,Consumer Discretionary
ATNI,ATN International Inc. Common Stock,$29.08,-0.54,-1.823%,68502,447929622.00,United States,,Telecommunications Equipment,Telecommunications
ATNM,Actinium Pharmaceuticals Inc. (Delaware) Common Stock,$1.18,0.01,0.855%,130430,37100894.00,United States,,Biotechnology: Pharmaceutical Preparations,Health Care
ATO,Atmos Energy Corporation Common Stock,$156.24,-1.10,-0.699%,1066763,26402771521.00,United States,,Oil/Gas Transmission,Utilities
ATOM,Atomera Incorporated Common Stock,$4.31,-0.17,-3.795%,382840,168193621.00,United States,2016,Semiconductors,Technology
ATOS,Atossa Therapeutics Inc. Common Stock,$2.18,-0.08,-3.54%,37199,21754870.00,United States,2012,Biotechnology: Pharmaceutical Preparations,Health Care
ATPC,Agape ATP Corporation Common Stock,$2.24,0.03,1.357%,7659,2241402.00,Malaysia,,Medical/Nursing Services,Health Care
ATR,AptarGroup Inc. Common Stock,$124.74,-0.71,-0.566%,335352,7931110031.00,United States,,Plastic Products,Industrials
ATRA,Atara Biotherapeutics Inc. Common Stock,$8.56,-0.37,-4.143%,40480,85922798.00,United States,2014,Biotechnology: Biological Products (No Diagnostic Substances),Health Care
ATRC,AtriCure Inc. Common Stock,$59.955,1.125,1.912%,1206289,3049688657.00,United States,2005,Medical/Dental Instruments,Health Care
ATRO,Astronics Corporation Common Stock,$69.14,-0.56,-0.803%,517438,2973646685.00,United States,,Military/Government/Technical,Industrials
ATS,ATS Corporation Common Shares,$19.21,0.10,0.523%,196230,1863513710.00,Canada,2023,Industrial Machinery/Components,Industrials
ATTO,Attovia Therapeutics Inc. Common Stock,$18.52,-2.31,-11.09%,689052,845461372.00,United States,2026,Biotechnology: Biological Products (No Diagnostic Substances),Health Care
ATTT,Atlas Trinity Tech Limited Ordinary Shares,$2.80,-0.04,-1.408%,18731,16449280.00,Hong Kong,2024,Consumer Electronics/Appliances,Consumer Discretionary
ATXG,Addentax Group Corp. Common Stock,$3.44,0.05,1.475%,4550,4052231.00,China,,Professional Services,Consumer Discretionary
ATYR,aTyr Pharma Inc. Common Stock,$0.3752,0.0188,5.275%,1198119,36802402.00,United States,2015,Biotechnology: Biological Products (No Diagnostic Substances),Health Care
AU,AngloGold Ashanti PLC Ordinary Shares,$98.74,-5.86,-5.602%,3149018,49939656337.00,South Africa,,Precious Metals,Basic Materials
AUB,Atlantic Union Bankshares Corporation Common Stock,$38.25,-0.41,-1.061%,1003431,5462669772.00,United States,,Major Banks,Finance
AUB^A,Atlantic Union Bankshares Corporation Depositary Shares each representing a 1/400th ownership interest in a share of 6.875% Perpetual Non-Cumulative Preferred Stock Series A,$23.64,-0.26,-1.088%,12640,,United States,,,
AUBN,Auburn National Bancorporation Inc. Common Stock,$26.282,-0.628,-2.334%,658,91574162.00,United States,,Major Banks,Finance
AUC,ATIF Holdings Limited Ordinary Shares,$8.77,-0.43,-4.674%,11511,194065875.00,United States,2019,Professional Services,Consumer Discretionary
AUDC,AudioCodes Ltd. Common Stock,$10.365,-0.045,-0.432%,137200,254884150.00,Israel,1999,Telecommunications Equipment,Utilities
AUGO,Aura Minerals Inc. Common Shares,$85.34,-7.43,-8.009%,1420702,7150572291.00,United States,,Metal Mining,Basic Materials
AUID,authID Inc. Common Stock,$0.4102,0.0002,0.049%,200609,6858683.00,United States,,Computer Software: Prepackaged Software,Technology
AUNA,Auna SA Class A Ordinary Shares,$5.15,-0.07,-1.341%,154116,381166770.00,Peru,2024,Medical/Nursing Services,Health Care
AUPH,Aurinia Pharmaceuticals Inc Ordinary Shares,$16.40,-0.27,-1.62%,787324,2182039155.00,Canada,,Biotechnology: Pharmaceutical Preparations,Health Care
AUR,Aurora Innovation Inc. Class A Common Stock,$6.32,-0.14,-2.167%,54305208,12666261294.00,United States,2021,EDP Services,Technology
AURA,Aura Biosciences Inc. Common Stock,$6.02,-0.43,-6.667%,1037135,624302950.00,United States,2021,Biotechnology: Biological Products (No Diagnostic Substances),Health Care
AURE,Aurelion Inc. Class A Ordinary Shares,$1.12,-0.065,-5.485%,73107,42112000.00,Hong Kong,2023,Finance: Consumer Services,Finance
AUROW,Aurora Innovation Inc. Warrant,$0.0316,-0.0084,-21.00%,52515,63331306.00,United States,2021,EDP Services,Technology
AUST,Austin Gold Corp. Common Shares,$1.12,-0.01,-0.885%,46412,15336161.00,,2022,Precious Metals,Basic Materials
AUTL,Autolus Therapeutics plc American Depositary Share,$1.95,-0.08,-3.941%,1442582,519016953.00,United Kingdom,2018,Biotechnology: Biological Products (No Diagnostic Substances),Health Care
AUUD,Auddia Inc. Common Stock,$1.31,-0.02,-1.504%,7703830,7601996.00,United States,2021,EDP Services,Technology
AUXX,Gold X2 Mining Inc. Common Shares,$5.53,-0.30,-5.146%,15583,559551988.00,,2026,,
AVA,Avista Corporation Common Stock,$35.45,-0.55,-1.528%,775740,2969037824.00,United States,,Power Generation,Utilities
AVAH,Aveanna Healthcare Holdings Inc. Common Stock,$12.79,-0.43,-3.253%,2427006,2791029912.00,United States,2021,Medical/Nursing Services,Health Care
AVAL,Grupo Aval Acciones y Valores S.A. ADR (Each representing 20 preferred shares),$5.03,-0.07,-1.373%,192409,5971484154.00,,2014,Commercial Banks,Finance
AVAT,Avalanche Treasury Corporation Class A Common Stock,$2.21,-0.05,-2.212%,2535794,96622181.00,United States,,Finance: Consumer Services,Finance
AVAV,AeroVironment Inc. Common Stock,$155.94,-0.21,-0.134%,1183162,7924980270.00,United States,2007,Aerospace,Industrials
AVBC,Avidia Bancorp Inc. Common Stock,$21.63,-0.15,-0.689%,106122,431957719.00,United States,2025,Banks,Finance
AVBH,Avidbank Holdings Inc. Common stock,$31.12,-0.68,-2.138%,53280,341805898.00,United States,,Commercial Banks,Finance
AVBP,ArriVent BioPharma Inc. Common Stock,$30.30,-0.02,-0.066%,1206034,1494024189.00,United States,2024,Biotechnology: Pharmaceutical Preparations,Health Care
AVD,American Vanguard Corporation Common Stock ($0.10 Par Value),$2.03,-0.06,-2.871%,346817,59886283.00,United States,1998,Agricultural Chemicals,Industrials
AVEX,AEVEX Corp. Class A Common Stock,$16.44,0.54,3.396%,1043243,1874845548.00,,2026,Aerospace,Industrials
AVGO,Broadcom Inc. Common Stock,$354.99,-9.55,-2.62%,23387994,1694590865776.00,United States,2009,Semiconductors,Technology
AVIR,Atea Pharmaceuticals Inc. Common Stock,$5.28,-0.36,-6.383%,232341,423480811.00,United States,2020,Biotechnology: Pharmaceutical Preparations,Health Care
AVK,Advent Convertible and Income Fund,$11.85,-0.26,-2.147%,142480,0.00,United States,2003,Trusts Except Educational Religious and Charitable,Finance
AVLN,Avalyn Pharma Inc. Common Stock,$29.67,-2.78,-8.567%,252048,1315362929.00,United States,2026,Biotechnology: Pharmaceutical Preparations,Health Care
AVNT,Avient Corporation Common Stock,$40.97,-0.27,-0.655%,497137,3757749964.00,United States,,Major Chemicals,Industrials
AVNW,Aviat Networks Inc. Common Stock,$19.86,-0.18,-0.898%,92668,255372412.00,United States,,Radio And Television Broadcasting And Communications Equipment,Technology
AVO,Mission Produce Inc. Common Stock,$12.70,0.04,0.316%,635824,1113515731.00,United States,2020,Farming/Seeds/Milling,Consumer Staples
AVPT,AvePoint Inc. Class A Common Stock,$13.12,0.02,0.153%,840630,2775738389.00,United States,2019,Computer Software: Prepackaged Software,Technology
AVR,Anteris Technologies Global Corp. Common Stock,$7.62,-0.51,-6.273%,868793,742633572.00,United States,2024,Industrial Specialties,Health Care
AVT,Avnet Inc. Common Stock,$101.15,2.90,2.952%,1765290,8301681826.00,United States,,Electronic Components,Technology
AVTR,Avantor Inc. Common Stock,$14.76,-0.18,-1.205%,10569503,9983056478.00,United States,2019,Biotechnology: Laboratory Analytical Instruments,Industrials
AVTX,Avalo Therapeutics Inc. Common Stock,$15.30,-1.21,-7.329%,1111213,820538832.00,United States,2015,Biotechnology: Pharmaceutical Preparations,Health Care
AVX,Avax One Technology Ltd. Common Shares,$4.10,-0.31,-7.029%,319898,30329270.00,Canada,2021,Finance: Consumer Services,Finance
AVXL,Anavex Life Sciences Corp. Common Stock,$2.35,-0.12,-4.858%,779185,217837579.00,United States,,Biotechnology: Biological Products (No Diagnostic Substances),Health Care
AVY,Avery Dennison Corporation Common Stock,$172.66,0.57,0.331%,541956,13085580598.00,United States,,Containers/Packaging,Consumer Discretionary
AWF,Alliancebernstein Global High Income Fund,$9.79,-0.10,-1.011%,385299,0.00,United States,1993,Trusts Except Educational Religious and Charitable,Finance
AWI,Armstrong World Industries Inc Common Stock,$163.97,0.16,0.098%,342689,6929835579.00,United States,,Plastic Products,Industrials
AWK,American Water Works Company Inc. Common Stock,$133.06,-0.76,-0.568%,2119694,26442879276.00,United States,2008,Water Supply,Utilities
AWP,abrdn Global Premier Properties Fund Common Shares of Beneficial Interest,$10.69,-0.19,-1.746%,190558,0.00,United States,2007,Trusts Except Educational Religious and Charitable,Finance
AWR,American States Water Company Common Stock,$83.24,-1.15,-1.363%,277519,3299269508.00,United States,,Water Supply,Utilities
AWRE,Aware Inc. Common Stock,$1.16,-0.01,-0.855%,30161,25302659.00,United States,1996,Computer Software: Prepackaged Software,Technology
AWX,Avalon Holdings Corporation Common Stock,$2.60,-0.0201,-0.767%,2099,10138521.00,United States,1998,Environmental Services,Utilities
AX,Axos Financial Inc. Common Stock,$87.61,-1.52,-1.705%,273816,4970539508.00,United States,2018,Savings Institutions,Finance
AXG,Solowin Holdings Class A Ordinary Share,$1.64,0.005,0.306%,468878,329657840.00,Hong Kong,2023,Investment Bankers/Brokers/Service,Finance
AXGN,Axogen Inc. Common Stock,$43.32,-1.22,-2.739%,1247170,2541649943.00,United States,,Biotechnology: Electromedical & Electrotherapeutic Apparatus,Health Care
AXIL,AXIL Brands Inc. Common Stock,$6.175,-0.065,-1.042%,11254,42130055.00,,2024,Package Goods/Cosmetics,Consumer Discretionary
AXIN,Axiom Intelligence Acquisition Corp 1 Class A Ordinary Shares,$10.35,0.02,0.194%,241430,0.00,United Kingdom,2025,Blank Checks,Finance
AXINR,Axiom Intelligence Acquisition Corp 1 Right,$0.1873,-0.0027,-1.421%,87906,0.00,United Kingdom,2025,Blank Checks,Finance
AXINU,Axiom Intelligence Acquisition Corp 1 Units,$10.53,-0.215,-2.001%,145,0.00,United Kingdom,2025,Blank Checks,Finance
AXON,Axon Enterprise Inc. Common Stock,$450.61,-8.71,-1.896%,770930,36606391573.00,United States,2001,Ordnance And Accessories,Industrials
AXP,American Express Company Common Stock,$301.96,-3.11,-1.019%,3635507,203916557173.00,United States,,Finance: Consumer Services,Finance
AXR,AMREP Corporation Common Stock,$22.91,0.31,1.372%,10660,121992291.00,United States,,Homebuilding,Real Estate
AXS,Axis Capital Holdings Limited Common Stock,$95.31,-0.97,-1.007%,712913,6954419673.00,Bermuda,2003,Property-Casualty Insurers,Finance
AXS^E,Axis Capital Holdings Limited Depositary Shares each representing 1/100th interest in a share of a 5.50% Series E Preferred Shares,$17.86,0.01,0.056%,63408,,Bermuda,,,
AXSM,Axsome Therapeutics Inc. Common Stock,$193.45,-9.65,-4.751%,912997,10133069242.00,United States,2015,Biotechnology: Pharmaceutical Preparations,Health Care
AXTA,Axalta Coating Systems Ltd. Common Shares,$32.43,-0.61,-1.846%,2208608,6940668503.00,United States,2014,Paints/Coatings,Consumer Discretionary
AXTI,AXT Inc Common Stock,$72.98,-4.81,-6.183%,5354661,4785533012.00,United States,1998,Semiconductors,Technology
AYA,Aya Gold & Silver Inc. Common Shares,$28.19,-2.19,-7.209%,1284308,4060379576.00,Canada,,Precious Metals,Basic Materials
AYI,Acuity Inc. Common Stock,$306.06,-4.71,-1.516%,332636,9162073515.00,United States,,Building Products,Consumer Discretionary
AYTU,Aytu BioPharma Inc.  Common Stock,$2.28,0.05,2.242%,187905,24776094.00,United States,,Biotechnology: Pharmaceutical Preparations,Health Care
AZ,A2Z Cust2Mate Solutions Corp. Common Shares,$5.75,-0.26,-4.326%,162175,253152185.00,Canada,,Industrial Machinery/Components,Industrials
AZI,Autozi Internet Technology (Global) Ltd. Class A Ordinary Shares,$1.23,0.05,4.237%,96927,81610579.00,China,2024,Automotive Aftermarket,Consumer Discretionary
AZIO,Azio AI Holdings Inc. Common Stock,$1.30,-0.05,-3.704%,156599,22370202.00,United States,,Auto Parts:O.E.M.,Consumer Discretionary
AZN,AstraZeneca PLC Ordinary Shares,$163.33,-5.04,-2.993%,2361346,253280056184.00,United Kingdom,2026,Biotechnology: Pharmaceutical Preparations,Health Care
AZO,AutoZone Inc. Common Stock,$2843.34,-51.39,-1.775%,656677,46418534886.00,United States,,Auto & Home Supply Stores,Consumer Discretionary
AZTA,Azenta Inc.,$34.09,-0.19,-0.554%,769273,1493428117.00,United States,,Industrial Machinery/Components,Technology
AZTR,Azitra Inc Common Stock,$0.1655,-0.0051,-2.989%,849465,10029919.00,,2023,Biotechnology: Pharmaceutical Preparations,Health Care
AZUL,Azul S.A. American Depositary Shares each representing two (2) Common Shares,$6.25,-0.37,-5.589%,36189,1151743513.00,,,Air Freight/Delivery Services,Consumer Discretionary
AZZ,AZZ Inc.,$137.80,0.96,0.702%,222403,4141096838.00,United States,,Industrial Specialties,Industrials
B,Barrick Mining Corporation Common Shares,$42.49,-1.39,-3.168%,9356839,69933628963.00,Canada,,Precious Metals,Basic Materials
BA,Boeing Company (The) Common Stock,$199.93,2.21,1.118%,10022932,158018678099.00,United States,,Aerospace,Industrials
BA^A,Boeing Company (The) Depositary Shares each representing a 1/20th interest in a share of 6.00% Series A Mandatory Convertible Preferred Stock par value $1.00,$61.73,-0.19,-0.307%,508478,,United States,,,
BABA,Alibaba Group Holding Limited American Depositary Shares each representing eight Ordinary share,$110.80,-5.51,-4.737%,12223770,268411450794.00,China,2014,Business Services,Consumer Discretionary
BAC,Bank of America Corporation Common Stock,$56.00,-0.20,-0.356%,36727771,391593908440.00,United States,,Major Banks,Finance
BAC^B,Bank of America Corporation Depositary Shares each representing a 1/1000th interest in a share of 6.000% Non-Cumulative Preferred Stock Series GG,$22.91,-0.145,-0.629%,187376,,United States,,,
BAC^E,Bank of America Corporation Depositary Sh repstg 1/1000th Perp Pfd Ser E,$18.61,-0.12,-0.641%,2956,,United States,,,
BAC^K,Bank of America Corporation Depositary Shares each representing a 1/1000th interest in a share of 5.875% Non- Cumulative Preferred Stock Series HH,$22.43,-0.25,-1.102%,149568,,United States,,,
BAC^L,Bank of America Corporation Non Cumulative Perpetual Conv Pfd Ser L,$1230.02,-6.38,-0.516%,7101,,United States,,,
BAC^M,Bank of America Corporation Depositary Shares each representing a 1/1000th interest in a share of 5.375% Non-Cumulative Preferred Stock Series KK,$19.75,-0.11,-0.554%,226590,,United States,,,
BAC^N,Bank of America Corporation Depositary shares each representing 1/1000th interest in a share of 5.000% Non-Cumulative Preferred Stock Series LL,$18.5086,-0.1014,-0.545%,155913,,United States,,,
BAC^O,Bank of America Corporation Depositary shares each representing 1/1000th interest in a share of 4.375% Non-Cumulative Preferred Stock Series NN,$16.34,-0.09,-0.548%,91873,,United States,,,
BAC^P,Bank of America Corporation Depositary Shares each representing a 1/1000th interest in a share of 4.125% Non-Cumulative Preferred Stock Series PP,$15.63,-0.12,-0.762%,147138,,United States,,,
BAC^Q,Bank of America Corporation Depositary shares each representing 1/1000th interest in a share of 4.250% Non-Cumulative Preferred Stock Series QQ,$15.86,-0.22,-1.368%,137533,,United States,,,
BAC^S,Bank of America Corporation Depositary shares each representing 1/1000th interest in a share of 4.750% Non-Cumulative Preferred Stock Series SS,$17.79,-0.14,-0.781%,109188,,United States,,,
BACC,Blue Acquisition Corp. Class A Ordinary Shares,$10.50,0.00,0.00%,113329,0.00,United States,2025,Blank Checks,Finance
BAER,Bridger Aerospace Group Holdings Inc. Common Stock,$0.8788,-0.0212,-2.356%,571637,51696412.00,United States,,Aerospace,Industrials
BAERW,Bridger Aerospace Group Holdings Inc. Warrant,$0.085,-0.0175,-17.073%,16733,5000222.00,United States,,Aerospace,Industrials
BAFN,BayFirst Financial Corp. Common Stock,$8.31,-0.67,-7.461%,71132,224060993.00,United States,,Major Banks,Finance
BAH,Booz Allen Hamilton Holding Corporation Common Stock,$75.65,-0.63,-0.826%,1509349,9099558207.00,United States,2010,Professional Services,Consumer Discretionary
BAK,Braskem SA ADR,$1.54,-0.13,-7.784%,1654845,613850032.00,Brazil,,Major Chemicals,Industrials
BALL,Ball Corporation Common Stock,$58.82,-1.15,-1.918%,2091518,15569851459.00,United States,,Containers/Packaging,Industrials
BALY,Bally's Corporation Common Stock,$12.21,-0.10,-0.812%,185200,616232864.00,United States,2024,Hotels/Resorts,Consumer Discretionary
BAM,Brookfield Asset Management Inc Class A Limited Voting Shares,$45.26,-0.75,-1.63%,1786513,72290947435.00,,2022,Building operators,Real Estate
BANC,Banc of California Inc. Common Stock,$17.72,-0.38,-2.099%,2175993,2798883374.00,United States,,Major Banks,Finance
BANC^F,Banc of California Inc. Depositary Shares each representing a 1/40th interest in a share of 7.75% non-cumulative perpetual preferred stock Series F,$24.85,-0.10,-0.401%,152729,,United States,,,
BAND,Bandwidth Inc. Class A Common Stock,$59.13,0.73,1.25%,1280785,1902849994.00,United States,2017,Computer Software: Prepackaged Software,Technology
BANF,BancFirst Corporation Common Stock,$106.98,-1.26,-1.164%,101460,3594393740.00,United States,1993,Major Banks,Finance
BANFP,BancFirst Corporation - BFC Capital Trust II Cumulative Trust Preferred Securities,$26.86,-0.39,-1.431%,190,902462291.00,United States,,Major Banks,Finance
BANL,CBL International Limited Class B Ordinary Shares,$5.23,-0.14,-2.607%,9106,10977550.00,Malaysia,2023,Oil Refining/Marketing,Energy
BANR,Banner Corporation Common Stock,$68.07,-0.81,-1.176%,200519,2494048859.00,United States,,Major Banks,Finance
BANX,ArrowMark Financial Corp. Common Stock,$21.015,-0.055,-0.261%,37831,149261685.00,United States,,Trusts Except Educational Religious and Charitable,Finance
BAOS,Baosheng Media Group Holdings Limited Ordinary shares,$0.2669,-0.0129,-4.61%,731467,8906404.00,China,2021,Business Services,Consumer Discretionary
BAP,Credicorp Ltd. Common Stock,$385.38,-7.84,-1.994%,238517,36373057325.00,Peru,,Commercial Banks,Finance
BARK,BARK Inc. Class A Common Stock,$8.23,-0.37,-4.302%,78490,74345351.00,United States,2020,Other Specialty Stores,Consumer Discretionary
BATL,Battalion Oil Corporation Common Stock,$1.10,0.01,0.917%,3773490,63010371.00,United States,,Oil & Gas Production,Energy
BATRA,Atlanta Braves Holdings Inc. Series A Common Stock,$58.09,0.35,0.606%,46067,3727513137.00,United States,,Services-Misc. Amusement & Recreation,Consumer Discretionary
BATRK,Atlanta Braves Holdings Inc. Series C Common Stock,$53.32,0.485,0.918%,477517,3421432268.00,United States,,Services-Misc. Amusement & Recreation,Consumer Discretionary
BAX,Baxter International Inc. Common Stock,$23.49,-0.19,-0.802%,9441880,12144236017.00,United States,,Medical/Dental Instruments,Health Care
BB,BlackBerry Limited Common Stock,$8.38,-0.24,-2.784%,25093745,4911194591.00,Canada,,Computer Software: Prepackaged Software,Technology
BBAI,BigBear.ai Inc. Common Stock,$2.84,-0.05,-1.73%,11838339,1361764360.00,United States,2021,Computer Software: Prepackaged Software,Technology
BBAR,Banco BBVA Argentina S.A. ADS,$13.67,-0.46,-3.255%,357439,2791915593.00,Argentina,,Commercial Banks,Finance
BBBYW,Neighborhood Intelligence Inc. Warrants,$0.56,-0.005,-0.885%,56235,53478702.00,United States,,Catalog/Specialty Distribution,Consumer Discretionary
BBCP,Concrete Pumping Holdings Inc. Common Stock,$9.685,-0.335,-3.343%,96603,488060273.00,United States,2017,Engineering & Construction,Consumer Discretionary
BBD,Banco Bradesco Sa American Depositary Shares,$3.46,-0.11,-3.081%,33054605,38700772036.00,Brazil,,Major Banks,Finance
BBDC,Barings BDC Inc. Common Stock,$8.66,-0.10,-1.142%,371969,906761615.00,United States,,Diversified Financial Services,Finance
BBDO,Banco Bradesco Sa American Depositary Shares (each representing one Common Share),$3.11,-0.09,-2.813%,52446,34785954055.00,Brazil,,Major Banks,Finance
BBGI,Beasley Broadcast Group Inc. Class A Common Stock,$16.60,-0.31,-1.833%,13450,30755667.00,United States,2000,Broadcasting,Consumer Discretionary
BBIO,BridgeBio Pharma Inc. Common Stock,$65.71,-3.52,-5.085%,3677929,12845481917.00,United States,2019,Biotechnology: Pharmaceutical Preparations,Health Care
BBLG,Bone Biologics Corp Common Stock,$0.5063,0.0214,4.413%,448682,1395392.00,United States,,Industrial Specialties,Health Care
BBN,BlackRock Taxable Municipal Bond Trust Common Shares of Beneficial Interest,$14.65,-0.34,-2.268%,555867,0.00,United States,2010,Finance Companies,Finance
BBNX,Beta Bionics Inc. Common Stock,$22.19,-0.62,-2.718%,1396410,1168122940.00,United States,2025,Medical/Dental Instruments,Health Care
BBOT,BridgeBio Oncology Therapeutics Inc. Common Stock  ,$4.16,-0.50,-10.73%,540256,333524951.00,United States,2024,Biotechnology: Pharmaceutical Preparations,Health Care
BBSI,Barrett Business Services Inc. Common Stock,$32.61,-0.65,-1.954%,80186,790309220.00,United States,1993,Professional Services,Consumer Discretionary
BBT,Beacon Financial Corporation Common stock,$27.91,-0.51,-1.795%,1159874,2339306960.00,United States,,Banks,Finance
BBUC,Brookfield Business Corporation Class A Subordinate Voting Shares,$25.53,-0.69,-2.632%,379260,5307687000.00,,,Engineering & Construction,Consumer Discretionary
BBVA,Banco Bilbao Vizcaya Argentaria S.A. Common Stock,$28.09,-0.58,-2.023%,1141923,160364930783.00,Spain,,Commercial Banks,Finance
BBW,Build-A-Bear Workshop Inc. Common Stock,$25.96,-0.41,-1.555%,775365,319809937.00,United States,2004,Recreational Games/Products/Toys,Consumer Discretionary
BBWI,Bath & Body Works Inc.,$17.02,-0.16,-0.931%,6311496,3432003227.00,United States,,Other Specialty Stores,Consumer Discretionary
BBY,Best Buy Co. Inc. Common Stock,$90.80,-4.02,-4.24%,4865996,19043274978.00,United States,,Consumer Electronics/Video Chains,Consumer Discretionary
BC,Brunswick Corporation Common Stock,$66.23,-0.36,-0.541%,886587,4291533656.00,United States,,Industrial Machinery/Components,Industrials
BC^C,Brunswick Corporation 6.375% Notes due 2049,$23.75,-0.0728,-0.306%,11416,,United States,,,
BCAL,California BanCorp Common Stock,$21.52,0.02,0.093%,402159,691879642.00,United States,,Major Banks,Finance
BCAT,BlackRock Capital Allocation Term Trust Common Shares of Beneficial Interest,$13.95,-0.23,-1.622%,1202574,1508483250.00,United States,2020,Finance/Investors Services,Finance
BCAX,Bicara Therapeutics Inc. Common Stock,$20.485,-2.295,-10.075%,954781,1355552553.00,United States,2024,Biotechnology: Pharmaceutical Preparations,Health Care
BCBP,BCB Bancorp Inc. (NJ) Common Stock,$8.69,0.02,0.231%,743364,362823333.00,United States,2005,Savings Institutions,Finance
BCC,Boise Cascade L.L.C. Common Stock,$77.76,-1.24,-1.57%,197994,2713151454.00,United States,2013,RETAIL: Building Materials,Consumer Discretionary
BCCQ,Bleichroeder Acquisition Corp. III Class A Ordinary Shares,$9.995,0.015,0.15%,16203,0.00,United States,2026,Blank Checks,Finance
BCCQU,Bleichroeder Acquisition Corp. III Units,$10.25,0.00,0.00%,83,0.00,United States,2026,Blank Checks,Finance
BCDA,BioCardia Inc. Common Stock,$1.05,0.00,0.00%,141362,15895721.00,United States,,Biotechnology: Biological Products (No Diagnostic Substances),Health Care
BCE,BCE Inc. Common Stock,$21.61,-0.09,-0.415%,4158026,20151882905.00,Canada,,Telecommunications Equipment,Telecommunications
BCG,Binah Capital Group Inc. Common Stock,$1.18,-0.05,-4.065%,45622,20130955.00,United States,,Finance: Consumer Services,Finance
BCGWW,Binah Capital Group Inc. Warrants,$0.0725,-0.0075,-9.375%,7368,1236859.00,United States,,Finance: Consumer Services,Finance
BCH,Banco De Chile ADS,$41.80,-0.49,-1.159%,583015,21112569971.00,Chile,,Commercial Banks,Finance
BCHT,Birchtech Corp. Common Stock,$1.73,0.08,4.848%,101643,45509321.00,,2026,Industrial Machinery/Components,Industrials
BCIC,BCP Investment Corporation Common Stock,$7.10,0.01,0.141%,20772,87923929.00,United States,2006,Finance: Consumer Services,Finance
BCML,BayCom Corp Common Stock,$29.64,-0.29,-0.969%,35839,323672268.00,United States,2018,Major Banks,Finance
BCO,Brinks Company (The) Common Stock,$104.96,-2.16,-2.016%,275500,4323263985.00,United States,,Integrated Freight & Logistics,Industrials
BCPC,Balchem Corporation Common Stock,$168.24,-0.16,-0.095%,145673,5363158253.00,United States,,Major Chemicals,Industrials
BCRX,BioCryst Pharmaceuticals Inc. Common Stock,$8.57,-0.21,-2.392%,4467292,2189935850.00,United States,1994,Biotechnology: Biological Products (No Diagnostic Substances),Health Care
BCS,Barclays PLC Common Stock,$24.29,-0.68,-2.723%,4668177,81620920529.00,United Kingdom,,Commercial Banks,Finance
BCSF,Bain Capital Specialty Finance Inc. Common Stock,$11.07,-0.15,-1.337%,428545,718094372.00,United States,2018,Finance/Investors Services,Finance
BCSS,Bain Capital GSS Investment Corp. Class A Ordinary Shares,$10.31,-0.03,-0.29%,317,0.00,,2025,,
BCTX,BriaCell Therapeutics Corp. Common Shares,$4.01,-0.08,-1.956%,65896,34886146.00,Canada,,Biotechnology: Pharmaceutical Preparations,Health Care
BCTXL,BriaCell Therapeutics Corp. Warrant expiring 2031,$1.0101,0.0601,6.326%,5803,8787655.00,Canada,,Biotechnology: Pharmaceutical Preparations,Health Care
BCTXZ,BriaCell Therapeutics Corp. Warrant expiring 2030,$0.20,0.00,0.00%,10358,1739957.00,Canada,,Biotechnology: Pharmaceutical Preparations,Health Care
BCV,Bancroft Fund Ltd.,$24.1499,-0.2001,-0.822%,20350,0.00,United States,1972,Finance/Investors Services,Finance
BCV^A,Bancroft Fund Limited 5.375% Series A Cumulative Preferred Shares,$19.30,0.11,0.573%,7390,,United States,,,
BCX,BlackRock Resources Common Shares of Beneficial Interest,$12.29,-0.09,-0.727%,107903,1042904943.00,United States,2011,Finance/Investors Services,Finance
BCYC,Bicycle Therapeutics plc American Depositary Shares,$3.60,-0.13,-3.485%,374260,251974336.00,United Kingdom,2019,Biotechnology: Pharmaceutical Preparations,Health Care
BDC,Belden Inc Common Stock,$114.13,1.11,0.982%,395046,4459993939.00,United States,,Telecommunications Equipment,Industrials
BDCI,BTC Development Corp. Class A Ordinary Shares,$10.15,-0.005,-0.049%,5188,0.00,United States,2025,Blank Checks,Finance
BDCIW,BTC Development Corp. Warrant,$0.39,-0.0351,-8.257%,106,0.00,United States,2025,Blank Checks,Finance
BDJ,Blackrock Enhanced Equity Dividend Trust,$9.55,-0.07,-0.728%,275890,1690244549.00,United States,2005,Finance Companies,Finance
BDL,Flanigan's Enterprises Inc. Common Stock,$43.62,1.22,2.877%,22128,81074182.00,United States,1972,Restaurants,Consumer Discretionary
BDMD,Baird Medical Investment Holdings Ltd Ordinary Share,$0.79,-0.0001,-0.013%,187901,33344923.00,China,,Medical/Dental Instruments,Health Care
BDMDW,Baird Medical Investment Holdings Ltd Warrant,$0.0301,-0.0009,-2.903%,9000,1270484.00,China,,Medical/Dental Instruments,Health Care
BDN,Brandywine Realty Trust Common Stock,$2.91,-0.04,-1.356%,2059523,508018770.00,United States,,Real Estate Investment Trusts,Real Estate
BDRX,Biodexa Pharmaceuticals plc American Depositary Shs,$0.6894,0.0084,1.233%,374490,709438.00,United Kingdom,,Biotechnology: Pharmaceutical Preparations,Health Care
BDSX,Biodesix Inc. Common Stock,$29.29,1.14,4.05%,68987,309042246.00,United States,2020,Medical Specialities,Health Care
BDTX,Black Diamond Therapeutics Inc. Common Stock,$1.90,-0.08,-4.04%,613856,109162119.00,United States,2020,Biotechnology: Biological Products (No Diagnostic Substances),Health Care
BDX,Becton Dickinson and Company Common Stock,$182.52,-0.48,-0.262%,1022795,49716038736.00,United States,,Medical/Dental Instruments,Health Care
BE,Bloom Energy Corporation Class A Common Stock,$275.19,-1.34,-0.485%,8193496,81050980346.00,United States,2018,Industrial Machinery/Components,Energy
BEAG,Bold Eagle Acquisition Corp. Class A Ordinary Shares,$10.72,-0.1001,-0.925%,332975,0.00,United States,2024,,
BEAGR,Bold Eagle Acquisition Corp. Right,$0.24,0.04,20.00%,39806,0.00,United States,2024,,
BEAM,Beam Therapeutics Inc. Common Stock,$24.37,-1.56,-6.016%,1900131,2517120396.00,United States,2020,Biotechnology: Biological Products (No Diagnostic Substances),Health Care
BEAT,Heartbeam Inc. Common Stock,$0.3889,-0.0448,-10.33%,599209,21914193.00,United States,2021,Medical/Dental Instruments,Health Care
BEATW,Heartbeam Inc. Warrant,$0.0097,0.00,0.00%,299,546587.00,United States,2021,Medical/Dental Instruments,Health Care
BEBE,TGE Value Creative Solutions Corp Class A Ordinary Shares,$10.04,0.00,0.00%,12,129214800.00,,2026,Diversified Commercial Services,Consumer Discretionary
BEEM,Beam Global Common Stock,$1.225,-0.055,-4.297%,330301,27725811.00,United States,,Industrial Machinery/Components,Miscellaneous
BEEP,Mobile Infrastructure Corporation Common Stock,$2.84,0.01,0.353%,32448,117292000.00,United States,,Real Estate,Finance
BEKE,KE Holdings Inc American Depositary Shares (each representing three Class A Ordinary Shares),$16.59,0.21,1.282%,5231307,18744044173.00,China,2020,Real Estate,Finance
BELFA,Bel Fuse Inc. Class A Common Stock,$204.16,0.95,0.467%,64700,2947958112.00,United States,,,
BELFB,Bel Fuse Inc. Class B Common Stock,$254.08,4.52,1.811%,212296,3668775456.00,United States,,,
BEN,Franklin Templeton Inc. Common Stock,$32.71,-0.42,-1.268%,6780600,16619195726.00,United States,,Investment Managers,Finance
BENF,Beneficient Class A Common Stock,$2.90,2.3617,438.733%,295022196,44821594.00,United States,,Finance: Consumer Services,Finance
BENFW,Beneficient Warrant,$0.0139,0.0056,67.47%,7701922,214835.00,United States,,Finance: Consumer Services,Finance
BEP,Brookfield Renewable Partners L.P. Limited Partnership Units,$29.08,-0.70,-2.351%,882898,19780181831.00,Canada,,Electric Utilities: Central,Utilities
BEP^A,Brookfield Renewable Partners L.P. 5.25% Class A Preferred Limited Partnership Units Series 17,$16.49,-0.01,-0.061%,6238,,Canada,,,
BEPC,Brookfield Renewable Corporation Brookfield Renewable Corporation Class A Subordinate Voting Shares,$29.22,-0.78,-2.60%,1274175,11012615757.00,United States,,Electric Utilities: Central,Utilities
BEPH,Brookfield BRP Holdings (Canada) Inc. 4.625% Perpetual Subordinated Notes,$14.90,0.0899,0.607%,16579,4278748666.00,Canada,,Electric Utilities: Central,Utilities
BEPI,Brookfield BRP Holdings (Canada) Inc. 4.875% Perpetual Subordinated Notes,$15.965,-0.025,-0.156%,27430,4584578688.00,Canada,2021,Electric Utilities: Central,Utilities
BEPJ,Brookfield BRP Holdings (Canada) Inc. 7.250% Perpetual Subordinated Notes,$22.54,-0.02,-0.089%,12964,6472684224.00,Canada,2024,Electric Utilities: Central,Utilities
BESS,Bimergen Energy Corporation Common Stock,$2.80,0.00,0.00%,50097,19873204.00,,2026,Electric Utilities: Central,Utilities
BETA,Beta Technologies Inc. Class A Common Stock,$24.34,1.06,4.553%,2212221,5694125400.00,United States,2025,Aerospace,Industrials
BETR,Better Home & Finance Holding Company Class A Common Stock,$12.16,-0.98,-7.458%,464465,231022721.00,United Kingdom,2021,Finance: Consumer Services,Finance
BETRW,Better Home & Finance Holding Company Warrant,$0.1499,0.0169,12.707%,3620,2847887.00,United Kingdom,2021,Finance: Consumer Services,Finance
BF/A,Brown Forman Corporation,$26.62,-0.32,-1.188%,142232,,United States,,,
BF/B,Brown Forman Corporation,$26.29,-0.27,-1.017%,1937838,,United States,,,
BFAM,Bright Horizons Family Solutions Inc. Common Stock,$66.51,1.55,2.386%,1198056,3234734202.00,United States,2013,Other Consumer Services,Consumer Discretionary
BFC,Bank First Corporation Common Stock,$148.39,-1.84,-1.225%,80938,1644993223.00,United States,,Major Banks,Finance
BFH,Bread Financial Holdings Inc. Common Stock,$99.19,-3.50,-3.408%,924472,3810807193.00,United States,,Business Services,Consumer Discretionary
BFH^A,Bread Financial Holdings Inc. Depositary Shares each representing a 1/40th interest in a share of 8.625% Non-Cumulative Perpetual Preferred Stock Series A,$24.33,-0.099,-0.405%,3805,,United States,,,
BFH^B,Bread Financial Holdings Inc. Depositary Shares each representing a 1/40th interest in a share of 8.875% Fixed Rate Reset Non-Cumulative Perpetual Preferred Stock Series B,$24.69,-0.08,-0.323%,35960,,United States,,,
BFLY,Butterfly Network Inc. Class A Common Stock,$9.20,-0.73,-7.351%,7793206,2449823684.00,United States,2020,Medical Electronics,Health Care
BFRG,Bullfrog AI Holdings Inc. Common Stock,$0.95,0.35,58.333%,191727281,17614568.00,United States,2023,Biotechnology: Pharmaceutical Preparations,Health Care
BFRGW,Bullfrog AI Holdings Inc. Warrants,$0.2582,0.1505,139.74%,446195,4787454.00,United States,2023,Biotechnology: Pharmaceutical Preparations,Health Care
BFRI,Biofrontera Inc. Common Stock,$1.15,-0.02,-1.709%,288945,17080213.00,United States,2021,Biotechnology: Pharmaceutical Preparations,Health Care
BFRIW,Biofrontera Inc. Warrants,$0.02,-0.0006,-2.913%,3046,297047.00,United States,2021,Biotechnology: Pharmaceutical Preparations,Health Care
BFS,Saul Centers Inc. Common Stock,$29.79,-0.44,-1.456%,126805,736322439.00,United States,1993,Real Estate Investment Trusts,Real Estate
BFS^D,Saul Centers Inc. Depositary Shares each representing 1/100th of a share of 6.125% Series D Cumulative Redeemable Preferred Stock,$19.74,-0.51,-2.519%,5970,,United States,,,
BFS^E,Saul Centers Inc. Depositary shares each representing a 1/100th fractional interest in a share of 6.000% Series E Cumulative Redeemable Preferred Stock,$19.23,-0.96,-4.755%,5147,,United States,,,
BFST,Business First Bancshares Inc. Common Stock,$30.35,-0.32,-1.043%,188061,987888949.00,United States,,Major Banks,Finance
BG,Bunge Limited Common Shares,$111.48,1.48,1.345%,1947086,21417439832.00,United States,,Packaged Foods,Consumer Staples
BGB,Blackstone Strategic Credit 2027 Term Fund Common Shares of Beneficial Interest,$11.22,-0.10,-0.883%,369388,0.00,United States,2012,Trusts Except Educational Religious and Charitable,Finance
BGC,BGC Group Inc. Class A Common Stock,$12.10,-0.17,-1.385%,2825399,5753144916.00,United States,,Investment Bankers/Brokers/Service,Finance
BGDE,Big Digital Energy Inc. Common Stock,$6.15,-0.05,-0.806%,83565,34835685.00,Australia,,Finance: Consumer Services,Finance
BGH,Barings Global Short Duration High Yield Fund Common Shares of Beneficial Interests,$13.44,-0.10,-0.739%,146524,0.00,United States,2012,Investment Managers,Finance
BGIN,Bgin Blockchain Limited Class A Ordinary Shares,$1.885,-0.025,-1.309%,1942,213261249.00,China,2025,Finance: Consumer Services,Finance
BGL,Blue Gold Limited Class A Ordinary Shares,$0.2181,-0.0085,-3.751%,349304,8906718.00,United Kingdom,,Metal Mining,Basic Materials
BGLC,BioNexus Gene Lab Corp Common stock,$1.47,0.01,0.685%,3343,4312160.00,Malaysia,,Medical Specialities,Health Care
BGLWW,Blue Gold Limited Warrant,$0.03,0.0002,0.671%,3238,1225133.00,United Kingdom,,Metal Mining,Basic Materials
BGM,BGM Group Ltd. Class A Ordinary Shares,$0.255,-0.0029,-1.124%,71242,102158956.00,China,2021,Biotechnology: Pharmaceutical Preparations,Health Care
BGMS,Bio Green Med Solution Inc. Common Stock,$0.9622,0.0345,3.719%,8829,6372452.00,United States,,Biotechnology: Pharmaceutical Preparations,Health Care
BGR,BlackRock Energy and Resources Trust,$17.15,0.10,0.587%,60958,2325303227.00,United States,2004,Trusts Except Educational Religious and Charitable,Finance
BGS,B&G Foods Inc. Common Stock,$2.98,-0.06,-1.974%,1115761,242201500.00,United States,,Packaged Foods,Consumer Staples
BGSF,BGSF Inc. Common Stock,$4.96,-0.04,-0.80%,7506,52971634.00,United States,,Professional Services,Consumer Discretionary
BGSI,Boyd Group Services Inc. Common Shares,$79.61,-1.24,-1.534%,38825,2216058590.00,Canada,,,
BGT,BlackRock Floating Rate Income Trust,$10.64,-0.11,-1.023%,198208,0.00,United States,2004,Trusts Except Educational Religious and Charitable,Finance
BGX,Blackstone Long Short Credit Income Fund Common Shares,$10.52,-0.19,-1.774%,72023,0.00,,2011,Trusts Except Educational Religious and Charitable,Finance
BGY,Blackrock Enhanced International Dividend Trust,$5.76,-0.09,-1.538%,184815,0.00,United States,2007,Trusts Except Educational Religious and Charitable,Finance
BH,Biglari Holdings Inc. Class B Common Stock,$346.96,0.66,0.191%,92186,807219788.00,United States,2018,Restaurants,Consumer Discretionary
BHAV,BHAV Acquisition Corp Class A Ordinary Shares,$10.03,0.01,0.10%,2272,0.00,United States,2026,Blank Checks,Finance
BHAVR,BHAV Acquisition Corp Rights,$0.1514,0.0013,0.866%,400,0.00,United States,2026,Blank Checks,Finance
BHB,Bar Harbor Bankshares Inc. Common Stock,$39.41,-0.72,-1.794%,60496,660751213.00,United States,1997,Major Banks,Finance
BHC,Bausch Health Companies Inc. Common Stock,$5.71,-0.10,-1.721%,1818024,2135486103.00,Canada,,Biotechnology: Pharmaceutical Preparations,Health Care
BHE,Benchmark Electronics Inc. Common Stock,$83.11,0.88,1.07%,366453,2985305632.00,United States,,Electrical Products,Technology
BHF,Brighthouse Financial Inc. Common Stock,$51.99,0.09,0.173%,1483827,2990026160.00,United States,,Life Insurance,Finance
BHFAL,Brighthouse Financial Inc. 6.25% Junior Subordinated Debentures due 2058,$15.90,0.30,1.923%,51100,914433852.00,United States,,Life Insurance,Finance
BHFAM,Brighthouse Financial Inc. Depositary shares each representing a 1/1000th Interest in a Share of 4.625% Non-Cumulative Preferred Stock Series D,$10.23,0.24,2.402%,55364,588343289.00,United States,,Life Insurance,Finance
BHFAN,Brighthouse Financial Inc. Depositary shares each representing a 1/1000th interest in a share of 5.375% Non-Cumulative Preferred Stock Series C,$11.775,0.465,4.111%,356506,677198654.00,United States,,Life Insurance,Finance
BHFAO,Brighthouse Financial Inc. Depositary Shares 6.75% Non-Cumulative Preferred Stock Series B,$14.58,0.47,3.331%,64662,838518589.00,United States,,Life Insurance,Finance
BHFAP,Brighthouse Financial Inc. Depositary Shares 6.6% Non-Cumulative Preferred Stock Series A,$14.28,0.46,3.329%,71762,821265120.00,United States,,Life Insurance,Finance
BHK,Blackrock Core Bond Trust,$8.32,-0.17,-2.002%,500242,0.00,United States,2001,Finance Companies,Finance
BHM,Bluerock Homes Trust Inc. Class A Common Stock,$8.6316,0.4316,5.263%,4850,35458854.00,,2022,Real Estate Investment Trusts,Real Estate
BHP,BHP Group Limited American Depositary Shares (Each representing two Ordinary Shares),$84.95,-2.88,-3.279%,4111551,215950647865.00,Australia,,Coal Mining,Energy
BHR,Braemar Hotels & Resorts Inc. Common Stock,$1.76,-0.06,-3.297%,500037,120875600.00,United States,2013,Real Estate Investment Trusts,Real Estate
BHR^B,Braemar Hotels & Resorts Inc. 5.50% Series B Cumulative Convertible Preferred Stock par value $0.01 per share,$13.17,-0.23,-1.716%,5113,,United States,,,
BHR^D,Braemar Hotels & Resorts Inc. 8.25% Series D Cumulative Preferred Stock  par value $0.01 per share,$17.17,-0.17,-0.98%,740,,United States,,,
BHRB,Burke & Herbert Financial Services Corp. Common Stock,$68.84,-0.61,-0.878%,163598,1389675352.00,United States,,Major Banks,Finance
BHST,BioHarvest Sciences Inc. Common Stock,$1.46,-0.05,-3.311%,41317,33095049.00,Canada,,,
BHV,BlackRock Virginia Municipal Bond Trust,$12.6168,-0.0503,-0.397%,1878,0.00,United States,2002,Finance/Investors Services,Finance
BHVN,Biohaven Ltd. Common Shares ,$13.67,-1.18,-7.946%,2742947,2064768486.00,United States,2022,Biotechnology: Pharmaceutical Preparations,Health Care
BIAF,bioAffinity Technologies Inc. Common Stock,$7.94,-0.615,-7.189%,207908,9263003.00,United States,2022,Biotechnology: Commercial Physical & Biological Resarch,Health Care
BIAFW,bioAffinity Technologies Inc. Warrant,$0.32,0.00,0.00%,192,373320.00,United States,2022,Biotechnology: Commercial Physical & Biological Resarch,Health Care
BID,Tribeca Strategic Acquisition Corp. Class A Ordinary Shares,$9.925,0.025,0.253%,1987,0.00,United States,2026,Blank Checks,Finance
BIDU,Baidu Inc. ADS,$89.78,-2.65,-2.867%,2548148,30547883725.00,China,2005,Computer Software: Programming Data Processing,Technology
BIIB,Biogen Inc. Common Stock,$227.53,2.17,0.963%,1494495,33618467165.00,United States,,Biotechnology: Biological Products (No Diagnostic Substances),Health Care
BIII,Black Spade Acquisition III Co Class A Ordinary Shares,$10.05,0.00,0.00%,4171,0.00,,2026,Blank Checks,Finance
BILI,Bilibili Inc. American Depositary Shares,$15.01,-0.28,-1.831%,2703284,6253520941.00,China,2018,EDP Services,Technology
BILL,BILL Holdings Inc. Common Stock,$45.92,-0.57,-1.226%,1103586,3915909829.00,United States,2019,Computer Software: Prepackaged Software,Technology
BIO,Bio-Rad Laboratories Inc. Class A Common Stock,$378.88,-0.69,-0.182%,177270,10130559744.00,United States,1980,Biotechnology: Laboratory Analytical Instruments,Industrials
BIO/B,Bio-Rad Laboratories Inc.,$365.08,0.00,0.00%,110,,United States,,,
BIOA,BioAge Labs Inc. Common Stock,$7.89,-0.57,-6.738%,618485,362126612.00,United States,2024,Biotechnology: Pharmaceutical Preparations,Health Care
BIOT,Instinct Bio Technical Company Holdings Inc. Ordinary Shares,$0.4112,-0.0239,-5.493%,173022,11823583.00,Japan,,Package Goods/Cosmetics,Consumer Discretionary
BIOTW,Instinct Bio Technical Company Holdings Inc. Warrants,$0.018,0.0028,18.421%,6103,517569.00,Japan,,Package Goods/Cosmetics,Consumer Discretionary
BIOX,Bioceres Crop Solutions Corp. Ordinary Shares,$0.392,0.0321,8.919%,414011,25015829.00,Argentina,,Agricultural Chemicals,Industrials
BIP,Brookfield Infrastructure Partners LP Limited Partnership Units,$35.22,-0.56,-1.565%,992730,16120704584.00,Bermuda,,Marine Transportation,Consumer Discretionary
BIP^A,Brookfield Infrastructure Partners LP 5.125% Class A Preferred Limited Partnership Units Series 13,$16.6023,-0.0527,-0.316%,4602,,Bermuda,,,
BIP^B,Brookfield Infrastructure Partners LP 5.000% Class A Preferred Limited Partnership Units Series 14,$16.3401,0.0666,0.409%,17887,,Bermuda,,,
BIPC,Brookfield Infrastructure Corporation Brookfield Infrastructure Corporation,$35.48,-0.53,-1.472%,852436,4364593382.00,Canada,,Marine Transportation,Consumer Discretionary
BIPH,Brookfield Infrastructure Corporation 5.000% Subordinated Notes due 2081,$15.49,-0.025,-0.161%,11411,7146218126.00,Canada,2021,Marine Transportation,Consumer Discretionary
BIPI,BIP Bermuda Holdings I Limited 5.125% Perpetual Subordinated Notes,$16.05,0.13,0.817%,13059,152104245.00,Bermuda,2022,Marine Transportation,Consumer Discretionary
BIPJ,Brookfield Infrastructure Corporation 7.250% Subordinated Notes due 2084,$23.375,-0.025,-0.107%,7142,10783915346.00,Canada,2024,Marine Transportation,Consumer Discretionary
BIRD,Smartbird Inc. Class A Common Stock,$2.37,0.01,0.424%,158616,27987787.00,United States,2021,Apparel,Consumer Discretionary
BIRK,Birkenstock Holding plc Ordinary Shares,$31.42,-0.26,-0.821%,1307890,5188265330.00,,2023,Shoe Manufacturing,Consumer Discretionary
BIT,BlackRock Multi-Sector Income Trust Common Shares of Beneficial Interest,$11.27,-0.26,-2.255%,1259505,0.00,United States,2013,Trusts Except Educational Religious and Charitable,Finance
BIVI,BioVie Inc. Class A Common Stock,$1.63,0.00,0.00%,216470,13775371.00,United States,,Biotechnology: Pharmaceutical Preparations,Health Care
BIVIW,BioVie Inc. Warrant,$0.30,0.00,0.00%,11511,2535344.00,United States,,Biotechnology: Pharmaceutical Preparations,Health Care
BIXI,Bitcoin Infrastructure Acquisition Corp Ltd. Class A Ordinary Shares,$10.15,0.00,0.00%,147,0.00,United States,2025,,
BIXIW,Bitcoin Infrastructure Acquisition Corp Ltd. Warrant,$0.3801,0.08,26.658%,181,0.00,United States,2025,,
BIYA,Baiya International Group Inc Class A Ordinary Shares,$2.07,-0.02,-0.957%,50777,13208157.00,China,2025,Diversified Commercial Services,Consumer Discretionary
BJ,BJ's Wholesale Club Holdings Inc. Common Stock,$89.98,-0.99,-1.088%,2370668,11365795986.00,United States,2018,Department/Specialty Retail Stores,Consumer Discretionary
BJDX,Bluejay Diagnostics Inc. Common Stock,$0.9688,-0.0312,-3.12%,744224,4328648.00,United States,2021,Medical/Dental Instruments,Health Care
BJRI,BJ's Restaurants Inc. Common Stock,$61.54,-0.01,-0.016%,280144,1309187498.00,United States,,Restaurants,Consumer Discretionary
BKD,Brookdale Senior Living Inc. Common Stock,$11.17,-0.22,-1.932%,2513096,2667588705.00,United States,2005,Hospital/Nursing Management,Health Care
BKE,Buckle Inc. (The) Common Stock,$41.44,-0.31,-0.743%,432774,2134675265.00,United States,,Clothing/Shoe/Accessory Stores,Consumer Discretionary
BKH,Black Hills Corporation Common Stock,$70.51,-1.26,-1.756%,953922,5376608972.00,United States,,Electric Utilities: Central,Utilities
BKHA,Black Hawk Acquisition Corporation Class A Ordinary Shares,$12.10,0.00,0.00%,80,0.00,United States,2024,Biotechnology: Biological Products (No Diagnostic Substances),Health Care
BKKT,Bakkt Inc. Class A Common Stock,$8.81,-0.92,-9.455%,1518440,397061925.00,United States,,Finance: Consumer Services,Finance
BKNG,Booking Holdings Inc. Common Stock,$155.90,-8.32,-5.066%,13881559,117140219950.00,United States,,Transportation Services,Consumer Discretionary
BKR,Baker Hughes Company Class A Common Stock,$58.03,0.77,1.345%,8651913,57604876340.00,United States,,Oil and Gas Field Machinery,Consumer Discretionary
BKSY,BlackSky Technology Inc. Class A Common Stock,$22.25,-0.94,-4.053%,534349,910577824.00,United States,2019,Radio And Television Broadcasting And Communications Equipment,Technology
BKT,BlackRock Income Trust Inc. (The),$9.61,-0.08,-0.826%,236847,1429607346.00,United States,,Investment Bankers/Brokers/Service,Finance
BKTI,BK Technologies Corporation Common Stock,$74.50,0.98,1.333%,38000,280819481.00,United States,,Radio And Television Broadcasting And Communications Equipment,Technology
BKU,BankUnited Inc. Common Stock,$43.36,-0.42,-0.959%,636850,3088630317.00,United States,2011,Savings Institutions,Finance
BKV,BKV Corporation Common Stock,$23.27,0.37,1.616%,1639069,2546618304.00,United States,2024,Oil & Gas Production,Energy
BKYI,BIO-key International Inc. Common Stock,$2.49,0.11,4.622%,646253,3576497.00,United States,,Computer Software: Prepackaged Software,Technology
BL,BlackLine Inc. Common Stock,$28.13,0.28,1.005%,634092,1635063845.00,United States,2016,Computer Software: Prepackaged Software,Technology
BLBD,Blue Bird Corporation Common Stock,$58.09,-1.08,-1.825%,384929,1840061106.00,United States,2014,Construction/Ag Equipment/Trucks,Consumer Discretionary
BLCO,Bausch + Lomb Corporation Common Shares,$17.05,-0.27,-1.559%,299102,6089667444.00,,2022,Ophthalmic Goods,Health Care
BLDP,Ballard Power Systems Inc. Common Shares,$2.19,-0.05,-2.232%,2381154,768888646.00,Canada,,Industrial Machinery/Components,Energy
BLDR,Builders FirstSource Inc. Common Stock,$59.16,-1.71,-2.809%,1813445,6365406396.00,United States,2005,RETAIL: Building Materials,Consumer Discretionary
BLFS,BioLife Solutions Inc. Common Stock,$37.74,-0.33,-0.867%,929697,1845739009.00,United States,,Biotechnology: Electromedical & Electrotherapeutic Apparatus,Health Care
BLIN,Bridgeline Digital Inc. Common Stock,$0.8269,-0.0181,-2.142%,9709,10418840.00,United States,2007,Computer Software: Prepackaged Software,Technology
BLIV,BeLive Holdings Ordinary Share,$2.315,0.165,7.674%,798,25152017.00,Singapore,2025,EDP Services,Technology
BLK,BlackRock Inc. Common Stock,$1060.89,-5.77,-0.541%,460778,164299248181.00,United States,1999,Investment Bankers/Brokers/Service,Finance
BLKB,Blackbaud Inc. Common Stock,$42.89,0.76,1.804%,436635,1946781260.00,United States,2004,Computer Software: Prepackaged Software,Technology
BLLN,BillionToOne Inc. Class A Common Stock,$114.42,-1.65,-1.422%,397869,5399140888.00,United States,2025,Medical Specialities,Health Care
BLMN,Bloomin' Brands Inc. Common Stock,$8.55,0.00,0.00%,2021243,732058840.00,United States,2012,Restaurants,Consumer Discretionary
BLND,Blend Labs Inc. Class A Common Stock,$1.12,-0.05,-4.274%,2018662,264894917.00,United States,2021,Computer Software: Programming Data Processing,Technology
BLNE,Beeline Holdings Inc. Common Stock,$0.9657,-0.008,-0.822%,264659,31798713.00,United States,,Finance: Consumer Services,Finance
BLNK,Blink Charging Co. Common Stock,$0.5652,-0.0211,-3.599%,534175,81919362.00,United States,,Industrial Machinery/Components,Miscellaneous
BLRK,Bluerock Acquisition Corp. Class A Ordinary Shares,$10.12,0.01,0.099%,3224,0.00,United States,2026,,
BLRKW,Bluerock Acquisition Corp. Warrants,$0.2321,0.00,0.00%,35,0.00,United States,2026,,
BLRX,BioLineRx Ltd. American Depositary Shares,$2.56,0.13,5.35%,12670,12413417.00,Israel,,Biotechnology: Pharmaceutical Preparations,Health Care
BLSH,Bullish Ordinary Shares,$40.11,-0.59,-1.45%,1246294,6403209414.00,Cayman Islands,2025,Finance: Consumer Services,Finance
BLSM,BlossomHill Therapeutics Inc. Common Stock,$22.34,-2.91,-11.525%,219683,710074867.00,United States,2026,Biotechnology: Pharmaceutical Preparations,Health Care
BLTE,Belite Bio Inc American Depositary Shares,$168.67,-6.68,-3.81%,153850,6792702528.00,United States,2022,Biotechnology: Pharmaceutical Preparations,Health Care
BLUW,Blue Water Acquisition Corp. III Class A Ordinary Shares,$10.3601,0.0001,0.001%,521,75058925.00,United States,2025,,
BLUWW,Blue Water Acquisition Corp. III Warrant.,$0.27,-0.01,-3.571%,2042,1956150.00,United States,2025,,
BLW,Blackrock Limited Duration Income Trust,$11.68,-0.13,-1.101%,287842,417107435.00,United States,2003,Other Consumer Services,Consumer Discretionary
BLX,Bladex Inc. Class E Common Stock,$55.25,-0.30,-0.54%,149334,2077340275.00,Panama,1992,Commercial Banks,Finance
BLZE,Backblaze Inc. Class A Common Stock,$14.06,-0.24,-1.678%,2648266,870314000.00,United States,2021,Computer Software: Prepackaged Software,Technology
BLZR,Trailblazer Acquisition Corp. Class A Ordinary Shares,$10.22,0.01,0.098%,4978,0.00,United States,2025,Blank Checks,Finance
BLZRU,Trailblazer Acquisition Corp. Unit,$10.31,0.02,0.194%,721,0.00,United States,2025,,
BLZRW,Trailblazer Acquisition Corp. Warrant,$0.3199,-0.0001,-0.031%,126,0.00,United States,2025,Blank Checks,Finance
BMA,Banco Macro S.A.  ADR (representing Ten Class B Common Shares),$72.00,-2.60,-3.485%,262278,4603610160.00,Argentina,,Commercial Banks,Finance
BMBL,Bumble Inc. Class A Common Stock,$2.68,-0.15,-5.30%,1660195,353675082.00,United States,2021,Computer Software: Programming Data Processing,Technology
BME,Blackrock Health Sciences Trust,$44.62,-0.37,-0.822%,39008,594919263.00,United States,2005,Trusts Except Educational Religious and Charitable,Finance
BMEA,Biomea Fusion Inc. Common Stock,$1.44,-0.26,-15.294%,9301346,104376747.00,United States,2021,Biotechnology: Pharmaceutical Preparations,Health Care
BMEZ,BlackRock Health Sciences Term Trust Common Shares of Beneficial Interest,$16.70,-0.17,-1.008%,141861,222661401.00,United States,2020,Trusts Except Educational Religious and Charitable,Finance
BMGL,Basel Medical Group Ltd Ordinary Shares,$4.09,-0.10,-2.387%,41144,6470834.00,Singapore,2025,Medical/Nursing Services,Health Care
BMHL,Bluemount Holdings Limited Class B Ordinary Shares,$5.53,0.00,0.00%,80,141126413.00,Hong Kong,2025,Finance: Consumer Services,Finance
BMI,Badger Meter Inc. Common Stock,$133.00,0.74,0.56%,470048,3855250651.00,United States,1971,Industrial Machinery/Components,Industrials
BML^G,Bank of America Corporation Depositary Shares (Each representing a 1/1200th interest in a share of Floating Rate Non-Cumulative Preferred Stock  Series 1),$18.41,0.01,0.054%,5658,,United States,,,
BML^H,Bank of America Corporation Depositary Shares (Each representing a 1/1200th interest in a Share of Floating Rate Non-Cumulative Preferred Stock Series 2),$18.46,0.035,0.19%,17001,,United States,,,
BML^J,Bank of America Corporation Depositary Shares (Each representing a 1/1200th interest in a Share of Floating Rate Non-Cumulative Preferred Stock Series 4),$19.53,0.00,0.00%,8124,,United States,,,
BML^L,Bank of America Corporation Depositary Shares (Each representing a 1/1200th Interest in a Share of Floating Rate Non-Cumulative Preferred Stock Series 5),$19.50,-0.08,-0.409%,32379,,United States,,,
BMM,Blue Moon Metals Inc. Common Shares,$5.26,-0.515,-8.918%,390519,551579385.00,Canada,,,
BMN,BlackRock 2037 Municipal Target Term Trust Common Shares of Beneficial Interest,$24.07,0.06,0.25%,10627,0.00,,2022,Trusts Except Educational Religious and Charitable,Finance
BMNP,BitMine Immersion Technologies Inc. 9.5% Series A Perpetual Preferred Stock,$99.4979,0.1379,0.139%,3516,60019759428.00,,,Finance: Consumer Services,Finance
BMNR,BitMine Immersion Technologies Inc. Common Stock,$27.46,-1.30,-4.52%,36313215,16564596779.00,United States,2025,Finance: Consumer Services,Finance
BMO,Bank Of Montreal Common Stock,$170.37,-3.98,-2.283%,538951,118422864418.00,Canada,,Commercial Banks,Finance
BMR,Beamr Imaging Ltd. Ordinary Share,$1.35,0.01,0.746%,20213,20965303.00,Israel,2023,Computer Software: Prepackaged Software,Technology
BMRA,Biomerica Inc. Common Stock,$2.605,-0.175,-6.295%,37583,11954262.00,United States,,Biotechnology: In Vitro & In Vivo Diagnostic Substances,Health Care
BMRC,Bank of Marin Bancorp Common Stock,$27.58,-0.42,-1.50%,175949,446637360.00,United States,,Major Banks,Finance
BMRN,BioMarin Pharmaceutical Inc. Common Stock,$62.21,-1.16,-1.831%,2105232,12042223547.00,United States,1999,Biotechnology: Pharmaceutical Preparations,Health Care
BMY,Bristol-Myers Squibb Company Common Stock,$61.15,-1.10,-1.767%,15843193,124912001214.00,United States,,Biotechnology: Pharmaceutical Preparations,Health Care
BN,Brookfield Corporation Class A Limited Voting Shares,$37.09,-0.76,-2.008%,6167909,90898305075.00,Canada,1925,Building operators,Real Estate
BNAI,Brand Engagement Network Inc. Common Stock,$6.49,-0.47,-6.753%,180771,48695664.00,United States,2021,EDP Services,Technology
BNAIW,Brand Engagement Network Inc. Warrant,$0.0599,-0.0201,-25.125%,11954,449441.00,United States,2021,EDP Services,Technology
BNC,CEA Industries Inc. Common Stock,$6.11,-0.23,-3.628%,1014195,251572224.00,United States,,Farming/Seeds/Milling,Consumer Staples
BNCWW,CEA Industries Inc. Warrant,$0.0124,0.00,0.00%,7,510556.00,United States,,Farming/Seeds/Milling,Consumer Staples
BNCWZ,CEA Industries Inc. Warrant,$0.1601,-0.0416,-20.625%,24532,6591933.00,United States,,Farming/Seeds/Milling,Consumer Staples
BNED,Barnes & Noble Education Inc Common Stock,$11.21,0.08,0.719%,162976,388594426.00,United States,2015,Other Specialty Stores,Consumer Discretionary
BNGO,Bionano Genomics Inc. Common Stock,$1.70,-0.12,-6.593%,914298,20020900.00,United States,2018,Biotechnology: Laboratory Analytical Instruments,Industrials
BNH,Brookfield Finance Inc. 4.625% Subordinated Notes due October 16 2080,$14.90,-0.04,-0.268%,20104,22466174764.00,Canada,2020,Building operators,Real Estate
BNJ,Brookfield Finance Inc. 4.50% Perpetual Subordinated Notes,$14.39,0.00,0.00%,22247,21697198312.00,Canada,2020,Building operators,Real Estate
BNKK,Bonk Inc. Common Stock,$1.43,-0.09,-5.921%,57216,11441344.00,United States,2020,Package Goods/Cosmetics,Consumer Discretionary
BNL,Broadstone Net Lease Inc. Common Stock,$18.91,-0.21,-1.098%,2050127,3628696082.00,United States,2020,Real Estate Investment Trusts,Real Estate
BNR,Burning Rock Biotech Limited American Depositary Shares,$15.075,-1.375,-8.359%,24104,158986121.00,China,2020,Medical Specialities,Health Care
BNS,Bank Nova Scotia Halifax Pfd 3 Ordinary Shares,$92.25,-1.81,-1.924%,1491947,113171133960.00,Canada,,Major Banks,Finance
BNT,Brookfield Wealth Solutions Ltd. Class A Exchangeable Limited Voting Shares,$37.08,-0.75,-1.983%,18036,12533569873.00,,2021,Property-Casualty Insurers,Finance
BNTC,Benitec Biopharma Inc. Common Stock,$9.83,-1.12,-10.228%,644188,342897197.00,United States,2015,Biotechnology: Pharmaceutical Preparations,Health Care
BNTX,BioNTech SE American Depositary Share,$98.46,-2.41,-2.389%,1087594,24733581876.00,Germany,2019,Biotechnology: Biological Products (No Diagnostic Substances),Health Care
BNY,The Bank of New York Mellon Corporation Common Stock,$149.51,-0.66,-0.44%,3786207,101443154270.00,United States,,Major Banks,Finance
BNY^K,The Bank Of New York Mellon Corporation  Depositary Shares each representing a 1/4000th interest in a share of Series K Noncumulative Perpetual Preferred Stock,$24.26,-0.31,-1.262%,54798,,United States,,,
BOBS,Bob's Discount Furniture Inc. Common Stock,$13.57,-1.72,-11.249%,1489679,1773423621.00,,2026,Other Specialty Stores,Consumer Discretionary
BOC,Boston Omaha Corporation Class A Common Stock,$13.38,-0.11,-0.815%,181534,403093453.00,United States,2022,Real Estate,Finance
BODI,The Beachbody Company Inc. Class A Common Stock,$4.90,-0.08,-1.606%,13980,35578812.00,United States,,Other Consumer Services,Consumer Discretionary
BOE,Blackrock Enhanced Global Dividend Trust Common Shares of Beneficial Interest,$12.16,-0.13,-1.058%,67307,0.00,United States,2005,Trusts Except Educational Religious and Charitable,Finance
BOF,BranchOut Food Inc. Common Stock,$3.64,-0.04,-1.087%,9283,59185330.00,United States,2023,Packaged Foods,Consumer Staples
BOH,Bank of Hawaii Corporation Common Stock,$70.34,-1.15,-1.609%,763582,2774940855.00,United States,,Major Banks,Finance
BOH^A,Bank of Hawaii Corporation Depositary Shares Each Representing a 1/40th Interest in a Share of 4.375% Fixed Rate Non-Cumulative Perpetual Preferred Stock Series A,$15.40,-0.10,-0.645%,19423,,United States,,,
BOH^B,Bank of Hawaii Corporation Depositary Shares Each Representing a 1/40th Interest in a Share of 8.000% Fixed Rate Non-Cumulative Perpetual Preferred Stock Series B,$25.65,-0.17,-0.658%,18872,,United States,,,
BOKF,BOK Financial Corporation Common Stock,$130.58,-0.47,-0.359%,232078,7934937493.00,United States,,Major Banks,Finance
BOLD,Boundless Bio Inc. Common Stock,$2.70,-0.18,-6.25%,170132,61419560.00,United States,2024,Biotechnology: Pharmaceutical Preparations,Health Care
BOLT,Bolt Biotherapeutics Inc. Common Stock,$3.65,-0.06,-1.617%,5109,7031159.00,United States,2021,Biotechnology: Pharmaceutical Preparations,Health Care
BON,Bon Natural Life Limited Class A Ordinary Shares,$1.195,-0.015,-1.24%,12480,9713928.00,China,2021, Medicinal Chemicals and Botanical Products ,Health Care
BOOM,DMC Global Inc. Common Stock,$5.92,-0.15,-2.471%,96856,121602418.00,United States,,Industrial Specialties,Industrials
BOOT,Boot Barn Holdings Inc. Common Stock,$124.49,-4.79,-3.705%,463717,3770160230.00,United States,2014,Clothing/Shoe/Accessory Stores,Consumer Discretionary
BORR,Borr Drilling Limited Common Shares,$4.36,-0.10,-2.242%,4885862,1341576687.00,Bermuda,2019,Oil & Gas Production,Energy
BOSC,B.O.S. Better Online Solutions Common Stock,$4.73,0.00,0.00%,11411,33345601.00,Israel,,Computer Communications Equipment,Telecommunications
BOT,RoboStrategy Inc. Common Stock,$28.385,0.105,0.371%,174951,0.00,Puerto Rico,,,
BOTJ,Bank of the James Financial Group Inc. Common Stock,$26.50,-0.20,-0.749%,149986,120398457.00,United States,,Major Banks,Finance
BOW,Bowhead Specialty Holdings Inc. Common Stock,$33.84,-0.02,-0.059%,198648,1114791289.00,United States,2024,Property-Casualty Insurers,Finance
BOX,Box Inc. Class A Common Stock,$32.76,-0.11,-0.335%,1988008,4494697323.00,United States,2015,Computer Software: Prepackaged Software,Technology
BOXL,Boxlight Corporation Class A Common Stock,$4.93,0.11,2.282%,21948,4163602.00,United States,2017,Other Consumer Services,Real Estate
BP,BP p.l.c. Common Stock,$44.49,1.39,3.225%,8705398,116471723540.00,United Kingdom,,Integrated oil Companies,Energy
BPAC,Blueport Acquisition Ltd Class A Ordinary Shares,$10.19,0.00,0.00%,6,0.00,United States,2026,,
BPACR,Blueport Acquisition Ltd Rights,$0.14,0.0101,7.775%,3875,0.00,United States,2026,Blank Checks,Finance
BPOP,Popular Inc. Common Stock,$158.88,-1.31,-0.818%,394551,10133128239.00,United States,,Major Banks,Finance
BPOPM,Popular Inc. Popular Capital Trust II - 6.125% Cumulative Monthly Income Trust Preferred Securities,$25.09,-0.04,-0.159%,571,1600202590.00,United States,,Major Banks,Finance
BPRE,Bluerock Private Real Estate Fund Common Shares of Beneficial Interest,$12.37,0.20,1.643%,2167798,0.00,,2025,,
BPRN,Princeton Bancorp Inc. Common Stock (PA),$42.56,-1.06,-2.43%,36598,289969835.00,United States,,Major Banks,Finance
BPYPM,Brookfield Property Partners L.P. 6.25% Class A Cumulative Redeemable Preferred Units Series 1,$16.30,-0.13,-0.791%,12047,20191258283.00,Bermuda,,Real Estate,Finance
BPYPN,Brookfield Property Partners L.P. 5.750% Class A Cumulative Redeemable Perpetual Preferred Units Series 3,$13.27,-0.13,-0.97%,22367,16437913952.00,Bermuda,,Real Estate,Finance
BPYPO,Brookfield Property Partners L.P. 6.375% Class A Cumulative Redeemable Perpetual Preferred Units Series 2,$14.7669,-0.0831,-0.56%,12016,18292165149.00,Bermuda,,Real Estate,Finance
BPYPP,Brookfield Property Partners L.P. 6.50% Class A Cumulative Redeemable Perpetual Preferred Units,$15.3599,-0.2301,-1.476%,35056,19026730558.00,Bermuda,,Real Estate,Finance
BQ,Boqii Holding Limited Class A Ordinary Shares,$0.848,0.027,3.289%,68313,6681913.00,,2025,Other Specialty Stores,Consumer Discretionary
BR,Broadridge Financial Solutions Inc. Common Stock,$163.45,0.43,0.264%,824585,18636862883.00,United States,,Business Services,Consumer Discretionary
BRAG,Bragg Gaming Group Inc. Common Shares,$1.42,0.00,0.00%,297,44110034.00,Canada,,Office Equipment/Supplies/Services,Technology
BRAI,Braiin Limited Common Stock,$5.62,-0.03,-0.531%,6692,1158215841.00,Australia,,EDP Services,Technology
BRBI,BRBI BR Partners S.A. ADSs,$11.24,0.00,0.00%,83,563534777.00,Brazil,,Finance: Consumer Services,Finance
BRBR,BellRing Brands Inc. Common Stock ,$8.44,-0.55,-6.118%,2334091,981387957.00,United States,2022,Packaged Foods,Consumer Staples
BRBS,Blue Ridge Bankshares Inc. Common Stock,$3.81,-0.06,-1.55%,554436,341714530.00,United States,,Major Banks,Finance
BRC,Brady Corporation Common Stock,$83.82,0.43,0.516%,211146,3931092117.00,United States,,Miscellaneous manufacturing industries,Consumer Discretionary
BRCB,Black Rock Coffee Bar Inc. Class A Common Stock,$7.12,-0.03,-0.42%,266534,356517474.00,United States,2025,Restaurants,Consumer Discretionary
BRCC,BRC Inc. Class A Common Stock,$8.97,-0.32,-3.445%,90827,224507852.00,United States,2022,Beverages (Production/Distribution),Consumer Staples
BREZ,Breeze Acquisition Corp. II Ordinary Shares,$10.02,0.00,0.00%,107473,0.00,United States,2026,Blank Checks,Finance
BREZR,Breeze Acquisition Corp. II Right,$0.28,0.00,0.00%,6,0.00,United States,2026,Blank Checks,Finance
BRFH,Barfresh Food Group Inc. Common Stock,$1.04,-0.06,-5.455%,15983,16960499.00,United States,,Packaged Foods,Consumer Staples
BRIA,BrilliA Inc Class A Ordinary Shares,$1.41,0.01,0.714%,4465,43181250.00,,2024,Apparel,Consumer Discretionary
BRID,Bridgford Foods Corporation Common Stock,$5.895,0.00,0.00%,337,53507925.00,United States,,Specialty Foods,Consumer Staples
BRK/A,Berkshire Hathaway Inc.,$765020.00,9370.94,1.24%,314,1125248027480.00,United States,,,
BRK/B,Berkshire Hathaway Inc.,$507.17,3.68,0.731%,5404773,1118974938030.00,United States,,,
BRKH,Burtech Acquisition Corp II Class A Ordinary Shares,$10.03,0.02,0.20%,2914,0.00,United States,2026,Blank Checks,Finance
BRKHU,Burtech Acquisition Corp II Unit,$10.09,0.00,0.00%,1,0.00,United States,2026,Semiconductors,Technology
BRKHW,Burtech Acquisition Corp II Warrants,$0.14,0.00,0.00%,1,0.00,United States,2026,Blank Checks,Finance
BRKR,Bruker Corporation Common Stock,$59.67,-1.54,-2.516%,2498710,9091280386.00,United States,,Biotechnology: Laboratory Analytical Instruments,Industrials
BRKRP,Bruker Corporation 6.375% Mandatory Convertible Preferred Stock Series A,$439.16,-15.34,-3.375%,1786,66910117215.00,United States,,Biotechnology: Laboratory Analytical Instruments,Industrials
BRLS,Borealis Foods Inc. Class A Common Shares,$1.30,-0.01,-0.763%,3474,27902298.00,Canada,2021,Packaged Foods,Consumer Staples
BRLT,Brilliant Earth Group Inc. Class A Common Stock,$1.43,0.02,1.418%,52608,145606597.00,United States,2021,Consumer Specialties,Consumer Discretionary
BRN,Barnwell Industries Inc. Common Stock,$0.99,0.0198,2.041%,3235,14289967.00,United States,1965,Oil & Gas Production,Energy
BRNX,BrenX Ltd. Ordinary Shares,$2.38,0.05,2.146%,292255,8667958.00,Israel,,Building Products,Industrials
BRO,Brown & Brown Inc. Common Stock,$61.70,-0.74,-1.185%,2486124,20645459027.00,United States,,Specialty Insurers,Finance
BROS,Dutch Bros Inc. Class A Common Stock,$38.43,-0.33,-0.851%,4528202,6713018346.00,United States,2021,Restaurants,Consumer Discretionary
BRSL,Brightstar Lottery PLC Trading under the Legal Name to begin at the market open on July 21 2025. Ordinary Shares,$10.26,-0.16,-1.536%,1844964,1892970000.00,United States,2015,Services-Misc. Amusement & Recreation,Consumer Discretionary
BRSP,BrightSpire Capital Inc. Class A Common Stock,$4.05,-0.23,-5.374%,3190564,512422929.00,United States,2018,Real Estate Investment Trusts,Real Estate
BRT,BRT Apartments Corp. (MD) Common Stock,$13.84,-0.29,-2.052%,56756,260098954.00,United States,,Real Estate Investment Trusts,Real Estate
BRTM,B&R Technology Merger Corp. Class A Ordinary Shares,$9.83,0.01,0.102%,10160,0.00,United States,2026,Blank Checks,Finance
BRTMU,B&R Technology Merger Corp. Units,$9.9401,-0.0099,-0.099%,5839,0.00,United States,2026,,
BRTMW,B&R Technology Merger Corp. Warrants,$0.2999,-0.0001,-0.033%,44333,0.00,United States,2026,Blank Checks,Finance
BRTX,BioRestorative Therapies Inc. Common Stock (NV),$2.60,0.05,1.961%,85232,3590933.00,United States,,Managed Health Care,Health Care
BRUN,Boost Run Inc. Class A Common Stock,$16.51,-0.58,-3.394%,1243429,1312337651.00,United States,,EDP Services,Technology
BRVE,Braveheart Bio Inc. Common Stock,$21.46,-2.15,-9.106%,521841,1932236275.00,United States,2026,Biotechnology: Pharmaceutical Preparations,Health Care
BRW,Saba Capital Income & Opportunities Fund SBI,$6.13,-0.03,-0.487%,271040,0.00,United States,,Trusts Except Educational Religious and Charitable,Finance
BRX,Brixmor Property Group Inc. Common Stock,$27.64,-0.32,-1.144%,2535697,8481950814.00,United States,2013,Real Estate Investment Trusts,Real Estate
BRZE,Braze Inc. Class A Common Stock,$25.87,0.35,1.371%,1818340,2938429126.00,United States,2021,Computer Software: Prepackaged Software,Technology
BSAA,BEST SPAC I Acquisition Corp. Class A Ordinary Shares,$11.30,0.00,0.00%,12,,Hong Kong,2025,Blank Checks,Finance
BSAC,Banco Santander - Chile ADS,$34.30,-0.77,-2.196%,331226,16159255373.00,Chile,,Commercial Banks,Finance
BSBK,Bogota Financial Corp. Common Stock,$9.125,-0.0729,-0.793%,437,116446981.00,United States,2020,Banks,Finance
BSBR,Banco Santander Brasil SA American Depositary Shares each representing one unit,$5.70,-0.14,-2.397%,1864622,42585829347.00,Brazil,2009,Commercial Banks,Finance
BSEM,BioStem Technologies Inc. Common Stock,$3.80,-0.18,-4.523%,84039,67827990.00,United States,,Biotechnology: Biological Products (No Diagnostic Substances),Health Care
BSET,Bassett Furniture Industries Incorporated Common Stock,$17.60,0.02,0.114%,13752,152385534.00,United States,,Home Furnishings,Consumer Discretionary
BSIN,Big Sky Industrial Inc. Common Stock,$1.47,-0.05,-3.289%,526033,77165339.00,United States,,Oil & Gas Production,Energy
BSL,Blackstone Senior Floating Rate 2027 Term Fund Common Shares of Beneficial Interest,$12.95,-0.09,-0.69%,104199,0.00,United States,2010,Trusts Except Educational Religious and Charitable,Finance
BSM,Black Stone Minerals L.P. Common units representing limited partner interests,$14.56,-0.20,-1.355%,347390,3097065914.00,United States,2015,Oil & Gas Production,Energy
BSP,Bending Spoons S.p.A. Ordinary Shares,$34.64,-1.53,-4.23%,3679268,23841994952.00,Italy,2026,Computer Software: Programming Data Processing,Technology
BSRR,Sierra Bancorp Common Stock,$39.40,-0.61,-1.525%,33138,510757842.00,United States,,Major Banks,Finance
BST,BlackRock Science and Technology Trust Common Shares of Beneficial Interest,$49.43,-0.58,-1.16%,88763,1095261537.00,United States,2014,Finance Companies,Finance
BSTZ,BlackRock Science and Technology Term Trust Common Shares of Beneficial Interest,$29.60,-0.32,-1.07%,51859,655871768.00,United States,2019,Trusts Except Educational Religious and Charitable,Finance
BSVN,Bank7 Corp. Common stock,$55.10,0.56,1.027%,43210,524874666.00,United States,2018,Major Banks,Finance
BSX,Boston Scientific Corporation Common Stock,$44.62,-0.30,-0.668%,18567874,64664621450.00,United States,,Medical/Dental Instruments,Health Care
BSY,Bentley Systems Incorporated Class B Common Stock,$32.72,0.86,2.699%,3108481,9884479328.00,United States,2020,Computer Software: Prepackaged Software,Technology
BTBD,BT Brands Inc. Common Stock,$1.84,0.07,3.955%,7204,11379892.00,United States,2021,Restaurants,Consumer Discretionary
BTBDW,BT Brands Inc. Warrant,$0.0499,-0.0049,-8.942%,563,308618.00,United States,2021,Restaurants,Consumer Discretionary
BTBT,Bit Digital Inc. Ordinary Shares,$1.77,-0.09,-4.839%,24783664,638321300.00,United States,2018,Finance: Consumer Services,Finance
BTCS,BTCS Inc. Common Stock,$1.565,-0.085,-5.152%,1422825,82118588.00,United States,,Finance: Consumer Services,Finance
BTCT,BTC Digital Ltd. Ordinary Shares,$1.20,-0.12,-9.091%,1869297,14160680.00,China,,Finance: Consumer Services,Finance
BTDR,Bitdeer Technologies Group Class A Ordinary Shares,$12.31,-0.79,-6.031%,7545543,3345639436.00,Singapore,,Finance: Consumer Services,Finance
BTE,Baytex Energy Corp Common Shares,$4.58,0.00,0.00%,18359166,3246707040.00,Canada,2023,Oil & Gas Production,Energy
BTG,B2Gold Corp Common shares (Canada),$5.35,-0.23,-4.122%,14127694,7067728577.00,Canada,,Precious Metals,Basic Materials
BTGO,BitGo Holdings Inc. Class A Common Stock,$8.10,-0.18,-2.174%,1165587,952119538.00,United States,2026,Finance: Consumer Services,Finance
BTI,British American Tobacco  Industries p.l.c. Common Stock ADR,$55.85,0.10,0.179%,6030314,120654629047.00,United Kingdom,1998, Medicinal Chemicals and Botanical Products ,Health Care
BTLN,Brightline Interactive Inc. Common Stock,$0.678,0.0429,6.755%,706894,14711795.00,United States,2021,EDP Services,Technology
BTMD,Biote Corp. Class A Common Stock,$1.30,-0.02,-1.515%,69111,46705708.00,United States,, Medicinal Chemicals and Botanical Products ,Health Care
BTO,John Hancock Financial Opportunities Fund Common Stock,$36.68,-0.34,-0.918%,44025,0.00,United States,1994,Investment Managers,Finance
BTOC,Armlogi Holding Corp. Common Stock,$0.2555,-0.0045,-1.731%,29241,11610707.00,United States,2024,Office Equipment/Supplies/Services,Consumer Discretionary
BTQ,BTQ Technologies Corp. Common Stock,$2.73,0.05,1.866%,3572338,401530248.00,Canada,,,
BTSG,BrightSpring Health Services Inc. Common Stock,$55.78,-0.77,-1.362%,1726074,11036867363.00,United States,2024,Medical/Nursing Services,Health Care
BTSGU,BrightSpring Health Services Inc. Tangible Equity Unit,$187.63,0.00,0.00%,1327,37125267539.00,United States,2024,Medical/Nursing Services,Health Care
BTT,BlackRock Municipal 2030 Target Term Trust,$21.78,-0.37,-1.67%,81220,0.00,United States,2012,Investment Managers,Finance
BTTC,Black Titan Corporation Ordinary Shares,$0.549,-0.0168,-2.969%,1740040,7520588.00,Malaysia,,Biotechnology: Biological Products (No Diagnostic Substances),Health Care
BTU,Peabody Energy Corporation Common Stock ,$26.41,-0.38,-1.418%,1907097,3219379000.00,United States,2017,Coal Mining,Energy
BTX,BlackRock Technology and Private Equity Term Trust Common Shares of Beneficial Interest,$8.98,-0.07,-0.773%,421410,2117449643.00,United States,2021,,
BTZ,BlackRock Credit Allocation Income Trust,$9.43,-0.16,-1.668%,563283,1019713050.00,United States,2006,Finance/Investors Services,Finance
BUD,Anheuser-Busch Inbev SA Sponsored ADR (Belgium),$77.06,-1.14,-1.458%,1724476,151972573141.00,Belgium,,Beverages (Production/Distribution),Consumer Staples
BUDA,Buda Juice Inc. Common Stock,$7.55,0.08,1.071%,6097,94878328.00,,2026,Beverages (Production/Distribution),Consumer Staples
BUI,BlackRock Utility Infrastructure & Power Opportunities Trust,$25.25,-0.32,-1.251%,80911,0.00,United States,2011,Trusts Except Educational Religious and Charitable,Finance
BULL,Webull Corporation Class A Ordinary Shares,$7.65,-0.44,-5.439%,9118744,4134709370.00,United States,,Investment Bankers/Brokers/Service,Finance
BULLW,Webull Corporation Warrants,$2.43,-0.23,-8.647%,600,1313378271.00,United States,,Investment Bankers/Brokers/Service,Finance
BUR,Burford Capital Limited Ordinary Shares,$3.81,-0.29,-7.073%,2227420,833672162.00,,2020,Finance: Consumer Services,Finance
BURL,Burlington Stores Inc. Common Stock,$257.33,0.48,0.187%,1099156,16164234129.00,United States,2013,Department/Specialty Retail Stores,Consumer Discretionary
BURU,Nuburu Inc. Common Stock,$1.06,0.02,1.923%,863347,9818086.00,United States,,Industrial Machinery/Components,Miscellaneous
BUSE,First Busey Corporation Class A Common Stock,$29.64,-0.07,-0.236%,766388,2465736810.00,United States,,Major Banks,Finance
BUSEP,First Busey Corporation Depositary Shares Each Representing a 1/40thInterest in a Share of 8.25% Fixed-Rate Series B Non-Cumulative Perpetual Preferred Stock $0.001 par value,$25.80,-0.09,-0.348%,7483,2146289126.00,United States,,Major Banks,Finance
BUUU,BUUU Group Limited Class A Ordinary Share,$46.975,-1.215,-2.521%,127367,885361313.00,Hong Kong,2025,Services-Misc. Amusement & Recreation,Consumer Discretionary
BV,BrightView Holdings Inc. Common Stock,$10.14,-0.53,-4.967%,633566,938964000.00,United States,2018,Farming/Seeds/Milling,Consumer Staples
BVC,BitVentures Limited Ordinary Shares,$12.53,-0.27,-2.109%,106244,2105040000.00,China,2021,Investment Managers,Finance
BVFL,BV Financial Inc. Common Stock,$20.80,-0.53,-2.485%,12741,176188563.00,United States,2023,Savings Institutions,Finance
BVN,Buenaventura Mining Company Inc.,$33.42,-1.28,-3.689%,1213840,8488241095.00,Peru,1996,Metal Mining,Basic Materials
BVS,Bioventus Inc. Class A Common Stock,$13.61,-0.04,-0.293%,329576,1144490487.00,United States,2021,Medical/Dental Instruments,Health Care
BW,Babcock & Wilcox Enterprises Inc. Common Stock,$6.64,-0.70,-9.537%,6149657,989128038.00,United States,2015,Building Products,Industrials
BW^A,Babcock & Wilcox Enterprises Inc. 7.75% Series A Cumulative Perpetual Preferred Stock,$20.93,-0.96,-4.386%,39567,,United States,,,
BWA,BorgWarner Inc. Common Stock,$60.55,-0.56,-0.916%,2649121,12331997735.00,United States,,Auto Parts:O.E.M.,Consumer Discretionary
BWAY,BrainsWay Ltd. American Depositary Shares,$13.45,-0.18,-1.321%,90442,538444200.00,Israel,2019,Medical/Dental Instruments,Health Care
BWB,Bridgewater Bancshares Inc. Common Stock,$20.48,-0.35,-1.68%,91942,571060695.00,United States,2018,Major Banks,Finance
BWBBP,Bridgewater Bancshares Inc. Depositary Shares Each Representing a 1/100th Interest in a Share of 5.875% Non-Cumulative Perpetual Preferred Stock Series A,$19.54,-0.02,-0.102%,1833,544849901.00,United States,,Major Banks,Finance
BWEN,Broadwind Inc. Common Stock,$4.32,-0.09,-2.041%,95285,102199851.00,United States,,Metal Fabrications,Telecommunications
BWFG,Bankwell Financial Group Inc. Common Stock,$65.46,-0.70,-1.058%,57906,521845287.00,United States,2014,Major Banks,Finance
BWG,BrandywineGLOBAL Global Income Opportunities Fund Inc.,$7.10,-0.18,-2.473%,184843,0.00,United States,2012,Finance/Investors Services,Finance
BWIN,The Baldwin Insurance Group Inc. Class A Common Stock,$31.85,-0.10,-0.313%,3626090,4443021938.00,United States,2019,Specialty Insurers,Finance
BWIV,Blue Water Acquisition Corp. IV Class A Ordinary Shares,$10.00,0.04,0.402%,635,0.00,,2026,Blank Checks,Finance
BWLP,BW LPG Limited Common Shares,$24.30,-0.14,-0.573%,263761,3870552600.00,,2024,Transportation Services,Consumer Discretionary
BWMN,Bowman Consulting Group Ltd. Common Stock,$42.56,0.00,0.00%,648648,737799391.00,United States,2021,Professional Services,Consumer Discretionary
BWMX,Betterware de Mexico S.A.P.I. de C.V. Ordinary Shares,$16.51,-0.24,-1.433%,53209,651898225.00,Mexico,,Catalog/Specialty Distribution,Consumer Discretionary
BWXT,BWX Technologies Inc. Common Stock,$141.81,-2.70,-1.868%,774332,12992912984.00,United States,,Industrial Machinery/Components,Industrials
BX,Blackstone Inc. Common Stock,$119.27,-4.74,-3.822%,5703046,89527057347.00,United States,2007,Investment Managers,Finance
BXBL,BOXABL Inc. Common stock,$3.98,-0.22,-5.238%,162530,961143505.00,United States,2025,Homebuilding,Consumer Discretionary
BXC,Bluelinx Holdings Inc. Common Stock,$79.81,-2.68,-3.249%,238781,627323919.00,United States,2004,Wholesale Distributors,Consumer Discretionary
BXDC,Blackstone Digital Infrastructure Trust Inc. Common Stock,$19.32,-0.21,-1.075%,1160782,1944556165.00,,2026,Real Estate,Finance
BXMT,Blackstone Mortgage Trust Inc. Common Stock,$12.57,-0.57,-4.338%,3785117,2118592939.00,United States,,Real Estate Investment Trusts,Real Estate
BXP,BXP Inc. Common Stock,$62.36,-1.95,-3.032%,1379810,9956494632.00,United States,1997,Real Estate Investment Trusts,Real Estate
BXSL,Blackstone Secured Lending Fund Common Shares of Beneficial Interest,$24.61,-0.11,-0.445%,1063637,0.00,,2021,Trusts Except Educational Religious and Charitable,Finance
BY,Byline Bancorp Inc. Common Stock,$36.88,-0.12,-0.324%,189635,1666475170.00,United States,2017,Major Banks,Finance
BYAH,Park Ha Biological Technology Co. Ltd. Class A Ordinary Shares,$2.64,0.12,4.762%,37733,9043391.00,China,2024,Package Goods/Cosmetics,Consumer Discretionary
BYD,Boyd Gaming Corporation Common Stock,$71.74,-0.34,-0.472%,946465,5212299400.00,United States,1993,Hotels/Resorts,Consumer Discretionary
BYFC,Broadway Financial Corporation Class A Common Stock,$11.8914,-0.1086,-0.905%,1069,110334890.00,United States,,Savings Institutions,Finance
BYND,Beyond Meat Inc. Common Stock,$10.03,-1.48,-12.858%,3135687,172455479.00,United States,2019,Packaged Foods,Consumer Staples
BYRN,Byrna Technologies Inc. Common Stock,$3.62,0.15,4.323%,333883,84725209.00,United States,,Industrial Machinery/Components,Miscellaneous
BYSI,BeyondSpring Inc. Ordinary Shares,$0.7266,-0.0137,-1.851%,13392,29877661.00,United States,2017,Biotechnology: Pharmaceutical Preparations,Health Care
BZ,KANZHUN LIMITED American Depository Shares,$14.41,-0.41,-2.767%,4551923,6669030180.00,China,2021,Computer Software: Programming Data Processing,Technology
BZAI,Blaize Holdings Inc. Common Stock,$0.5553,-0.0196,-3.409%,2242154,80425231.00,United States,2025,Semiconductors,Technology
BZAIW,Blaize Holdings Inc. Warrants,$0.11,0.002,1.852%,63260,15931524.00,United States,2025,Semiconductors,Technology
BZFD,BuzzFeed Inc. Class A Common Stock,$1.03,-0.06,-5.505%,852965,87585775.00,United States,2021,Telecommunications Equipment,Consumer Discretionary
BZFDW,BuzzFeed Inc. Warrant,$0.005,-0.0019,-27.536%,40367,425174.00,United States,2021,Telecommunications Equipment,Consumer Discretionary
BZH,Beazer Homes USA Inc. Common Stock,$33.35,-0.01,-0.03%,516117,889765427.00,United States,1994,Homebuilding,Consumer Discretionary
BZUN,Baozun Inc. American Depositary Shares,$3.00,0.01,0.334%,159553,174385167.00,China,2015,Catalog/Specialty Distribution,Consumer Discretionary
C,Citigroup Inc. Common Stock,$131.93,-0.54,-0.408%,8735703,221304234781.00,United States,,Major Banks,Finance
C^N,Citigroup Capital XIII 7.875% Fixed rate Floating Rate trust Preferred Securities (TruPS),$26.45,-0.03,-0.113%,294316,,United States,,,
C^R,Citigroup Inc. Depositary Shares Each Representing a 1/1000th Interest in a Share of 6.250% Noncumulative Preferred Stock Series II,$23.14,-0.11,-0.473%,72666,,United States,,,
CAAP,Corporacion America Airports SA Common Shares,$23.73,-0.29,-1.207%,108735,3920650335.00,,2018,Aerospace,Consumer Discretionary
CAAS,China Automotive Systems Inc. Ordinary Share,$5.08,0.01,0.197%,8301,153267166.00,China,,Auto Parts:O.E.M.,Consumer Discretionary
CABA,Cabaletta Bio Inc. Common Stock,$2.22,-0.28,-11.20%,8677300,376390888.00,United States,2019,Biotechnology: Biological Products (No Diagnostic Substances),Health Care
CABO,Cable One Inc. Common Stock,$15.83,-1.23,-7.21%,363285,89818233.00,United States,2015,Cable & Other Pay Television Services,Telecommunications
CABR,Caring Brands Inc. Common Stock,$1.25,-0.06,-4.58%,6903,12960283.00,United States,,Package Goods/Cosmetics,Consumer Discretionary
CAC,Camden National Corporation Common Stock,$56.35,-0.51,-0.897%,75109,952148711.00,United States,,Major Banks,Finance
CACC,Credit Acceptance Corporation Common Stock,$555.13,-7.21,-1.282%,120176,5762571375.00,United States,1992,Finance: Consumer Services,Finance
CACI,CACI International Inc. Class A Common Stock,$616.68,3.46,0.564%,158342,13628379478.00,United States,,EDP Services,Technology
CADL,Candel Therapeutics Inc. Common Stock,$11.29,-0.56,-4.726%,1287846,863894599.00,United States,2021,Biotechnology: Biological Products (No Diagnostic Substances),Health Care
CAE,CAE Inc. Common Shares,$24.41,-0.16,-0.651%,717570,7848026391.00,Canada,,Industrial Machinery/Components,Miscellaneous
CAES,Cantor Equity Partners VII Inc. Class A Ordinary Shares,$10.0604,-0.0146,-0.145%,11415,0.00,United States,2026,Blank Checks,Finance
CAF,Morgan Stanley China A Share Fund Inc. Common Stock,$18.70,-0.13,-0.69%,10380,0.00,United States,2006,Investment Managers,Finance
CAG,ConAgra Brands Inc. Common Stock,$14.78,0.00,0.00%,12685282,7095399438.00,United States,,Packaged Foods,Consumer Staples
CAH,Cardinal Health Inc. Common Stock,$221.27,-0.77,-0.347%,1215984,51237136268.00,United States,,Other Pharmaceuticals,Health Care
CAI,Caris Life Sciences Inc. Common Stock,$31.65,0.18,0.572%,4359881,8944137637.00,United States,2025,Medical Specialities,Health Care
CAII,Collective Acquisition Corp. II Class A Ordinary Shares,$9.99,0.01,0.10%,5256,0.00,United States,2026,Blank Checks,Finance
CAIIU,Collective Acquisition Corp. II Units,$10.05,-0.0389,-0.386%,600,0.00,United States,2026,Blank Checks,Finance
CAIIW,Collective Acquisition Corp. II Warrants,$0.16,-0.0149,-8.519%,202,0.00,United States,2026,Blank Checks,Finance
CAKE,Cheesecake Factory Incorporated (The) Common Stock,$104.41,1.37,1.33%,1776445,5195507796.00,United States,1992,Restaurants,Consumer Discretionary
CAL,Caleres Inc. Common Stock,$12.36,-0.43,-3.362%,481637,426481516.00,United States,,Shoe Manufacturing,Consumer Discretionary
CALC,CalciMedica Inc. Common Stock,$1.79,-0.08,-4.278%,70143,12222643.00,United States,2023,Biotechnology: Pharmaceutical Preparations,Health Care
CALM,Cal-Maine Foods Inc. Common Stock,$71.73,-1.40,-1.914%,1049222,3365277148.00,United States,1996,Farming/Seeds/Milling,Consumer Staples
CALX,Calix Inc Common Stock,$34.54,-0.61,-1.735%,1028407,2174776180.00,United States,2010,Telecommunications Equipment,Consumer Discretionary
CALY,Callaway Golf Company Common Stock,$14.59,-0.22,-1.485%,1751044,2604468501.00,United States,,Recreational Games/Products/Toys,Consumer Discretionary
CAMP,CAMP4 Therapeutics Corporation Common Stock,$3.72,-0.43,-10.361%,192938,233441904.00,United States,2024,Biotechnology: Pharmaceutical Preparations,Health Care
CAMT,Camtek Ltd. Ordinary Shares,$147.06,-4.30,-2.841%,487063,6845438145.00,Israel,2000,Electronic Components,Technology
CAN,Canaan Inc. American Depositary Shares,$0.3864,-0.0254,-6.168%,9946547,274873041.00,China,2019,Finance: Consumer Services,Finance
CANF,Can-Fite Biopharma Ltd American Depositary Shares each representing two (2) Ordinary Shares,$2.16,-0.07,-3.139%,43617,4627902.00,Israel,,Biotechnology: Pharmaceutical Preparations,Health Care
CANG,Cango Inc. Class A Ordinary Shares,$2.01,-0.21,-9.459%,330217,82454154.00,China,2025,Finance: Consumer Services,Finance
CAPL,CrossAmerica Partners LP Common Units representing limited partner interests,$21.93,-0.02,-0.091%,20215,837139482.00,United States,2012,Oil Refining/Marketing,Energy
CAPN,Cayson Acquisition Corp Ordinary shares,$11.30,0.13,1.164%,1575,0.00,United States,2024,,
CAPNR,Cayson Acquisition Corp Right,$0.0739,0.00,0.00%,12,0.00,United States,2024,Blank Checks,Finance
CAPNU,Cayson Acquisition Corp Unit,$11.35,0.10,0.889%,100,0.00,United States,2024,,
CAPR,Capricor Therapeutics Inc. Common Stock,$8.67,-0.67,-7.173%,3147373,504065035.00,United States,,Biotechnology: Pharmaceutical Preparations,Health Care
CAPS,Capstone Holding Corp. Common Stock,$0.2038,0.0253,14.174%,80012743,4432650.00,United States,,RETAIL: Building Materials,Consumer Discretionary
CAQ,Cambridge Acquisition Corp. Class A Ordinary Shares,$10.00,0.01,0.10%,909,0.00,United States,2026,,
CAQUW,Cambridge Acquisition Corp. Warrants,$0.3156,0.0156,5.20%,1357,0.00,United States,2026,,
CAR,Avis Budget Group Inc. Common Stock,$105.67,-2.06,-1.912%,432891,3732872425.00,United States,,Rental/Leasing Companies,Consumer Discretionary
CARE,Carter Bankshares Inc. Common Stock,$29.93,-0.35,-1.156%,200492,663366455.00,United States,,Major Banks,Finance
CARG,CarGurus Inc. Class A Common Stock ,$30.57,-1.37,-4.289%,2203319,2722976222.00,United States,2017,EDP Services,Technology
CARL,Carlsmed Inc. Common Stock,$14.76,-0.66,-4.28%,61845,402988487.00,United States,2025,Medical/Dental Instruments,Health Care
CARR,Carrier Global Corporation Common Stock ,$55.10,-0.16,-0.29%,5305750,45420310641.00,United States,2020,Industrial Machinery/Components,Industrials
CARS,Cars.com Inc. Common Stock ,$10.35,-0.45,-4.167%,944008,554063590.00,United States,2017,EDP Services,Technology
CART,Maplebear Inc. Common Stock,$42.96,-1.45,-3.265%,6307277,9945242878.00,United States,2023,Business Services,Consumer Discretionary
CASH,Pathward Financial Inc. Common Stock,$73.27,-1.29,-1.73%,163118,1522064234.00,United States,1993,Major Banks,Finance
CASS,Cass Information Systems Inc Common Stock,$54.03,-0.79,-1.441%,54275,691916230.00,United States,,Business Services,Consumer Discretionary
CAST,FreeCast Inc. Class A Common Stock,$1.31,-0.08,-5.755%,597701,62331191.00,United States,,EDP Services,Technology
CASY,Casey's General Stores Inc. Common Stock,$597.31,12.48,2.134%,1024514,22076677351.00,United States,1983,Retail-Auto Dealers and Gas Stations,Consumer Discretionary
CAT,Caterpillar Inc. Common Stock,$812.02,4.01,0.496%,2790278,373265203366.00,United States,,Construction/Ag Equipment/Trucks,Industrials
CATL, Catalyst Acquisition Corp. Class A Ordinary Share,$9.85,0.02,0.203%,7788,0.00,United States,2026,Blank Checks,Finance
CATLR,Catalyst Acquisition Corp. Rights,$0.1883,-0.0017,-0.895%,200,0.00,United States,2026,Blank Checks,Finance
CATO,Cato Corporation (The) Class A Common Stock,$2.46,-0.01,-0.405%,54002,48983395.00,United States,,Clothing/Shoe/Accessory Stores,Consumer Discretionary
CATX,Perspective Therapeutics Inc. Common Stock,$2.62,-0.34,-11.486%,3161086,299077357.00,United States,,Biotechnology: Pharmaceutical Preparations,Health Care
CATY,Cathay General Bancorp Common Stock,$60.47,-0.23,-0.379%,427949,4034184695.00,United States,,Major Banks,Finance
CAVA,CAVA Group Inc. Common Stock,$53.10,0.44,0.836%,3228297,6202409114.00,United States,2023,Restaurants,Consumer Discretionary
CB,Chubb Limited  Common Stock,$335.21,-0.56,-0.167%,1820656,129323970735.00,Switzerland,,Property-Casualty Insurers,Finance
CBAN,Colony Bankcorp Inc. Common Stock,$20.44,-0.41,-1.966%,151050,433756525.00,United States,,Major Banks,Finance
CBAT,CBAK Energy Technology Limited Ordinary Shares,$1.46,0.17,13.178%,1637518,129422921.00,China,,Industrial Machinery/Components,Miscellaneous
CBC,Central Bancompany Inc. Class A Common Stock,$31.37,-0.32,-1.01%,1194838,7513276022.00,United States,,Major Banks,Finance
CBFV,CB Financial Services Inc. Common Stock,$37.11,-0.76,-2.007%,3967,188577582.00,United States,,Major Banks,Finance
CBIO,Crescent Biopharma Inc. Common Stock,$14.19,-2.25,-13.686%,727702,527072509.00,United States,2014,Biotechnology: Pharmaceutical Preparations,Health Care
CBK,Commercial Bancgroup Inc. Common Stock,$31.47,-0.89,-2.75%,38018,431178967.00,United States,2025,Major Banks,Finance
CBL,CBL & Associates Properties Inc. Common Stock,$53.06,-0.91,-1.686%,177405,1641822686.00,United States,2021,Real Estate Investment Trusts,Real Estate
CBLL,CeriBell Inc. Common Stock,$23.62,-0.63,-2.598%,353819,906490746.00,United States,2024,Biotechnology: Electromedical & Electrotherapeutic Apparatus,Health Care
CBNA,Chain Bridge Bancorp Inc. Class A Common Stock,$48.46,-0.85,-1.724%,35152,317985652.00,,2024,Major Banks,Finance
CBNK,Capital Bancorp Inc. Common Stock,$35.62,-0.33,-0.918%,45317,580266043.00,United States,2018,Major Banks,Finance
CBOE,Cboe Global Markets Inc. Common Stock,$268.87,2.04,0.765%,830590,30064707313.00,,2010,Investment Bankers/Brokers/Service,Finance
CBRE,CBRE Group Inc Common Stock Class A,$136.41,-4.64,-3.29%,2374731,39500966400.00,United States,,Real Estate,Finance
CBRL,Cracker Barrel Old Country Store Inc Common Stock,$47.52,2.04,4.485%,2836849,1062141379.00,United States,1981,Restaurants,Consumer Discretionary
CBRS,Cerebras Systems Inc. Class A Common Stock,$205.24,-7.17,-3.376%,3837205,48757643775.00,United States,2026,Semiconductors,Technology
CBSH,Commerce Bancshares Inc. Common Stock,$55.59,-0.09,-0.162%,970817,7973394775.00,United States,,Major Banks,Finance
CBT,Cabot Corporation Common Stock,$78.80,-0.67,-0.843%,335871,4068523352.00,United States,,Major Chemicals,Industrials
CBU,Community Financial System Inc. Common Stock,$60.69,-0.45,-0.736%,284175,3193259274.00,United States,,Major Banks,Finance
CBUS,Cibus Inc. Class A Common Stock,$1.54,-0.05,-3.145%,46377,117700605.00,United States,2017,Agricultural Chemicals,Industrials
CBZ,CBIZ Inc. Common Stock,$54.66,-0.02,-0.037%,499012,2966063626.00,United States,,Business Services,Consumer Discretionary
CC,Chemours Company (The) Common Stock,$14.74,-0.24,-1.602%,1053967,2218355186.00,United States,2015,Major Chemicals,Industrials
CCAP,Crescent Capital BDC Inc. Common stock,$9.67,-0.09,-0.922%,187127,356300356.00,United States,,Finance: Consumer Services,Finance
CCAQ,Collective Acquisition Corp. Class A Ordinary Shares,$10.70,0.00,0.00%,29,0.00,United States,2025,Blank Checks,Finance
CCAQU,Collective Acquisition Corp. Units,$10.68,0.00,0.00%,2,0.00,United States,2025,Blank Checks,Finance
CCAQW,Collective Acquisition Corp. Warrants,$0.20,0.02,11.111%,840,0.00,United States,2025,Blank Checks,Finance
CCB,Coastal Financial Corporation Common Stock,$43.91,-1.18,-2.617%,94673,671222619.00,United States,2018,Major Banks,Finance
CCBG,Capital City Bank Group Common Stock,$48.75,-0.98,-1.971%,94595,834273229.00,United States,,Major Banks,Finance
CCC,CCC Intelligent Solutions Holdings Inc. Common Stock,$6.66,0.09,1.37%,13353607,3922704729.00,United States,,Computer Software: Prepackaged Software,Technology
CCCC,C4 Therapeutics Inc. Common Stock,$3.08,-0.23,-6.949%,4594788,378917419.00,United States,2020,Biotechnology: Biological Products (No Diagnostic Substances),Health Care
CCCT,Columbus Circle Capital Corp III Class A Ordinary Shares,$9.84,0.00,0.00%,155,0.00,United States,2026,,
CCCTU,Columbus Circle Capital Corp III Units,$10.03,-0.03,-0.298%,100,0.00,United States,2026,,
CCD,Calamos Dynamic Convertible & Income Fund Common Stock,$23.645,-0.335,-1.397%,43565,0.00,United States,,Trusts Except Educational Religious and Charitable,Finance
CCEC,Capital Clean Energy Carriers Corp. Common Share,$21.74,0.07,0.323%,2326,1310699774.00,Greece,2007,Marine Transportation,Consumer Discretionary
CCEL,Cryo-Cell International Inc. Common Stock,$3.99,-0.17,-4.087%,1204,32169974.00,United States,2022,Misc Health and Biotechnology Services,Health Care
CCEP,Coca-Cola Europacific Partners plc Ordinary Shares,$99.69,-2.62,-2.561%,1999107,45257508746.00,United Kingdom,,Beverages (Production/Distribution),Consumer Staples
CCG,Cheche Group Inc. Class A Ordinary Shares,$12.94,-0.06,-0.462%,43242,32420212.00,China,,Specialty Insurers,Finance
CCGWW,Cheche Group Inc. Warrant,$0.015,0.0004,2.74%,41793,37581.00,China,,Specialty Insurers,Finance
CCHH,CCH Holdings Ltd Class A Ordinary Shares,$1.035,0.035,3.50%,23031,20509277.00,Malaysia,2025,Restaurants,Consumer Discretionary
CCI,Crown Castle Inc. Common Stock,$70.23,-2.14,-2.957%,2907444,29879735481.00,United States,,Real Estate Investment Trusts,Real Estate
CCID,Carlyle Credit Income Fund 7.375% Series D Term Preferred Shares due 2028,$24.80,-0.17,-0.681%,4723,0.00,,,,
CCIF,Carlyle Credit Income Fund Shares of Beneficial Interest,$2.33,-0.10,-4.115%,100550,0.00,,2019,Finance/Investors Services,Finance
CCII,Cohen Circle Acquisition Corp. II Class A Ordinary Shares,$10.31,0.01,0.097%,42177,0.00,United States,2025,,
CCIIW,Cohen Circle Acquisition Corp. II Warrant,$0.68,-0.0086,-1.249%,14053,0.00,United States,2025,,
CCJ,Cameco Corporation Common Stock,$90.80,-3.79,-4.007%,2590607,39546394402.00,Canada,1996,Other Metals and Minerals,Basic Materials
CCK,Crown Holdings Inc.,$109.73,0.09,0.082%,1111752,11934290872.00,United States,,Containers/Packaging,Industrials
CCL,Carnival Corporation Ltd. Common Shares,$21.80,-0.48,-2.154%,28796018,29858350794.00,United States,1987,Marine Transportation,Consumer Discretionary
CCLD,CareCloud Inc. Common Stock,$2.06,-0.09,-4.186%,220187,87537350.00,United States,2014,Computer Software: Prepackaged Software,Technology
CCM,Concord Medical Services Holdings Limited American Depositary Shares (Each represents thirty (30) Class A ordinary shares),$3.85,0.14,3.774%,4500,16715634.00,China,2024,Medical/Nursing Services,Health Care
CCNE,CNB Financial Corporation Common Stock,$33.43,-0.29,-0.86%,120909,990226186.00,United States,,Major Banks,Finance
CCNEP,CNB Financial Corporation Depositary Shares each representing a 1/40th ownership interest in a share of 7.125% Series A Fixed-Rate Non-Cumulative Perpetual Preferred Stock,$25.00,0.05,0.20%,2063,740522125.00,United States,,Major Banks,Finance
CCO,Clear Channel Outdoor Holdings Inc. Common Stock,$2.35,-0.03,-1.261%,5628991,1196370536.00,United States,2005,Advertising,Consumer Discretionary
CCOI,Cogent Communications Holdings Inc.,$8.13,-1.18,-12.675%,2082522,416383934.00,United States,,Telecommunications Equipment,Consumer Discretionary
CCS,Century Communities Inc. Common Stock,$61.40,-2.47,-3.867%,171099,1745780060.00,United States,2014,Homebuilding,Consumer Discretionary
CCSI,Consensus Cloud Solutions Inc. Common Stock,$35.80,-0.67,-1.837%,94883,656032208.00,United States,,Computer Software: Prepackaged Software,Technology
CCTG,CCSC Technology International Holdings Limited Class A Ordinary Shares,$0.5131,-0.0053,-1.022%,16719,6967993.00,Hong Kong,2024,Building Products,Consumer Discretionary
CCU,Compania Cervecerias Unidas S.A. Common Stock,$11.13,-0.04,-0.358%,72020,2056283483.00,Chile,,Beverages (Production/Distribution),Consumer Staples
CCXI,Churchill Capital Corp XI Class A Ordinary Shares,$12.72,-0.42,-3.196%,1091652,0.00,United States,2026,Blank Checks,Finance
CCXIU,Churchill Capital Corp XI Units,$13.25,-0.74,-5.289%,1071,0.00,United States,2025,Blank Checks,Finance
CCXIW,Churchill Capital Corp XI Warrants,$6.26,-0.44,-6.567%,24570,0.00,United States,2026,,
CCZ,Comcast Holdings ZONES,$64.67,0.00,0.00%,6,229490327176.00,United States,,Cable & Other Pay Television Services,Telecommunications
CD,Chaince Digital Holdings Inc. Ordinary Shares,$4.28,-0.345,-7.459%,178221,470816264.00,China,2015,Finance: Consumer Services,Finance
CDE,Coeur Mining Inc. Common Stock,$19.32,-1.17,-5.71%,43891170,19859704161.00,United States,,Precious Metals,Basic Materials
CDIO,Cardio Diagnostics Holdings Inc. Common stock,$1.92,0.00,0.00%,34679,5682180.00,United States,2022,Biotechnology: In Vitro & In Vivo Diagnostic Substances,Health Care
CDIOW,Cardio Diagnostics Holdings Inc. Warrant,$0.01,-0.0003,-2.913%,2048,29595.00,United States,2022,Biotechnology: In Vitro & In Vivo Diagnostic Substances,Health Care
CDLR,Cadeler A/S American Depositary Share (each representing four (4) Ordinary Shares),$24.58,-0.94,-3.683%,42068,2371744773.00,,2023,Marine Transportation,Consumer Discretionary
CDLX,Cardlytics Inc. Common Stock,$3.44,-0.14,-3.911%,25114,20257183.00,United States,2018,Computer Software: Programming Data Processing,Technology
CDNA,CareDx Inc. Common Stock,$54.31,-2.18,-3.859%,1907525,2809685651.00,United States,2014,Medical Specialities,Health Care
CDNL,Cardinal Infrastructure Group Inc. Class A Common Stock,$28.68,-1.43,-4.749%,455751,1361527332.00,United States,2025,Military/Government/Technical,Industrials
CDNS,Cadence Design Systems Inc. Common Stock,$309.09,6.14,2.027%,3590190,85121222370.00,United States,,Computer Software: Prepackaged Software,Technology
CDP,COPT Defense Properties Common Shares of Beneficial Interest,$33.77,-0.57,-1.66%,811441,3829871167.00,United States,,Real Estate Investment Trusts,Real Estate
CDR^B,Cedar Realty Trust Inc. 7.25% Series B Cumulative Redeemable Preferred Stock,$16.50,0.30,1.852%,6296,,United States,,,
CDR^C,Cedar Realty Trust Inc. 6.50% Series C Cumulative Redeemable Preferred Stock,$15.25,0.0154,0.101%,2047,,United States,,,
CDRE,Cadre Holdings Inc. Common Stock,$26.70,-0.18,-0.67%,507915,1143313598.00,United States,2021,Industrial Specialties,Health Care
CDRO,Codere Online Luxembourg S.A. Ordinary Shares,$9.23,0.23,2.556%,7208,419687315.00,Luxembourg,,Services-Misc. Amusement & Recreation,Consumer Discretionary
CDT,CDT Equity Inc. Common Stock,$0.1349,-0.0074,-5.20%,11650737,2599283.00,United States,2022,Biotechnology: Pharmaceutical Preparations,Health Care
CDTG,CDT Environmental Technology Investment Holdings Limited ordinary shares,$1.21,-0.03,-2.419%,194796,3655410.00,China,2024,Miscellaneous,Industrials
CDTTW,CDT Equity Inc. Warrant,$0.0128,0.0029,29.293%,24085,246633.00,United States,2022,Biotechnology: Pharmaceutical Preparations,Health Care
CDW,CDW Corporation Common Stock,$146.16,-1.27,-0.861%,1005319,18272546984.00,United States,2013,Catalog/Specialty Distribution,Consumer Discretionary
CDXS,Codexis Inc. Common Stock,$1.38,-0.01,-0.719%,627716,151117956.00,United States,2010,Major Chemicals,Industrials
CDZI,CADIZ Inc. Common Stock,$3.82,0.13,3.523%,840354,323466427.00,United States,,Water Supply,Utilities
CDZIP,Cadiz Inc. Depositary Shares,$21.75,-0.25,-1.136%,1246,1841726381.00,United States,,Water Supply,Utilities
CE,Celanese Corporation Common Stock,$48.49,1.05,2.213%,2964657,5321725422.00,United States,2005,Major Chemicals,Industrials
CECO,CECO Environmental Corp. Common Stock,$74.985,1.275,1.73%,575467,4391858703.00,United States,1998,Pollution Control Equipment,Industrials
CEE,The Central and Eastern Europe Fund Inc. (The) Common Stock,$19.39,-0.27,-1.373%,12019,0.00,United States,,Finance Companies,Finance
CEG,Constellation Energy Corporation Common Stock ,$263.88,0.42,0.159%,2984186,93494631171.00,United States,,Electric Utilities: Central,Utilities
CELC,Celcuity Inc. Common Stock,$79.99,-4.11,-4.887%,739501,3914063321.00,United States,2017,Medical Specialities,Health Care
CELH,Celsius Holdings Inc. Common Stock,$29.18,-0.205,-0.698%,4794674,7383562671.00,United States,,Beverages (Production/Distribution),Consumer Staples
CELU,Celularity Inc. Class A Common Stock,$1.15,-0.03,-2.542%,77132,33287855.00,United States,2019,Biotechnology: Pharmaceutical Preparations,Health Care
CELZ,Creative Medical Technology Holdings Inc. Common Stock,$0.9738,0.0338,3.596%,366935,6419832.00,United States,,Biotechnology: Biological Products (No Diagnostic Substances),Health Care
CENN,Cenntro Inc. Common Stock,$4.51,-0.01,-0.221%,2999,79269799.00,New Zealand,,Auto Manufacturing,Industrials
CENT,Central Garden & Pet Company Common Stock,$39.49,-0.74,-1.839%,110372,2471781695.00,United States,1993,Consumer Specialties,Consumer Discretionary
CENTA,Central Garden & Pet Company Class A Common Stock Nonvoting,$34.16,-0.54,-1.556%,263307,2138163148.00,United States,,Consumer Specialties,Consumer Discretionary
CENX,Century Aluminum Company Common Stock,$38.82,-0.58,-1.472%,1099619,3842919712.00,United States,1996,Aluminum,Industrials
CEPF,Cantor Equity Partners IV Inc. Class A Ordinary Shares,$10.28,-0.035,-0.339%,741182,0.00,United States,2025,Blank Checks,Finance
CEPL,Capstone Energy Plus Inc. Common Stock,$5.48,-0.47,-7.899%,447495,178711508.00,United States,,Industrial Machinery/Components,Industrials
CEPO,Cantor Equity Partners I Inc. Class A Ordinary Shares,$10.76,-0.03,-0.278%,22553,0.00,United States,2025,Blank Checks,Finance
CEPS,Cantor Equity Partners VI Inc. Class A Ordinary Shares,$10.30,0.00,0.00%,18,0.00,United States,2026,Blank Checks,Finance
CEPU,Central Puerto S.A. American Depositary Shares (each represents ten Common Shares),$13.43,-0.12,-0.886%,278954,2032993405.00,,2018,Electric Utilities: Central,Utilities
CEPV,Cantor Equity Partners V Inc. Class A Ordinary Shares,$10.36,0.00,0.00%,15,0.00,United States,2025,,
CERS,Cerus Corporation Common Stock,$2.60,-0.07,-2.622%,1635883,523964735.00,United States,1997,Medical/Dental Instruments,Health Care
CERT,Certara Inc. Common Stock,$8.64,-0.19,-2.152%,2586016,1317935059.00,United States,2020,Computer Software: Prepackaged Software,Technology
CET,Central Securities Corporation Common Stock,$56.44,-0.55,-0.965%,28469,13659902288.00,United States,1951,Finance/Investors Services,Finance
CETX,Cemtrex Inc. Common Stock,$2.08,-0.05,-2.347%,38011,3579973.00,United States,,Electrical Products,Technology
CETY,Clean Energy Technologies Inc. Common Stock,$1.01,0.00,0.00%,6095,12287767.00,United States,,Oil/Gas Transmission,Utilities
CEV,Eaton Vance California Municipal Income Trust Shares of Beneficial Interest,$10.20,0.12,1.19%,28801,71742465.00,United States,1999,Finance/Investors Services,Finance
CEVA,CEVA Inc. Common Stock,$33.62,0.26,0.779%,727701,946539901.00,United States,,Computer Software: Programming Data Processing,Technology
CF,CF Industries Holdings Inc. Common Stock,$120.64,0.05,0.041%,1999718,18257432003.00,United States,2005,Agricultural Chemicals,Industrials
CFBK,CF Bankshares Inc. Common Stock,$33.91,-0.49,-1.424%,32090,217550012.00,United States,,Major Banks,Finance
CFFI,C&F Financial Corporation Common Stock,$91.39,-2.55,-2.714%,43279,297172040.00,United States,,Major Banks,Finance
CFFN,Capitol Federal Financial Inc. Common Stock,$8.69,-0.14,-1.586%,743523,1092318079.00,United States,,Savings Institutions,Finance
CFG,Citizens Financial Group Inc. Common Stock,$64.61,-0.88,-1.344%,4702266,27212232273.00,United States,2014,Major Banks,Finance
CFG^E,Citizens Financial Group Inc. Depositary Shares Each Representing 1/40th Interest in a Share of 5.000% Fixed-Rate Non-Cumulative Perpetual Preferred Stock Series E,$17.26,-0.31,-1.764%,45904,,United States,,,
CFG^H,Citizens Financial Group Inc. Depositary Shares Each Representing a 1/40th Interest in a Share of 7.375% Fixed-Rate Non-Cumulative Perpetual Preferred Stock Series H,$25.29,-0.35,-1.365%,63862,,United States,,,
CFG^I,Citizens Financial Group Inc. Depositary Shares Each Representing a 1/40th Interest in a Share of 6.500% Fixed-Rate Reset Non-Cumulative Perpetual Preferred Stock Series I,$24.2501,-0.1699,-0.696%,28014,,United States,,,
CFND,C1 Fund Inc. Common Stock,$3.17,-0.08,-2.462%,50198,0.00,,2025,,
CFR,Cullen/Frost Bankers Inc. Common Stock,$154.26,-1.89,-1.21%,406782,9587071574.00,United States,,Major Banks,Finance
CFR^B,Cullen/Frost Bankers Inc. Depositary Shares each representing a 1/40th ownership interest in a share of 4.450% non-cumulative perpetual preferred stock Series B,$16.1837,0.0637,0.395%,33485,,United States,,,
CFTR^A,Cantor Fitzgerald Income Trust Inc. 9.50% Series A Cumulative Redeemable Preferred Stock,$25.52,-0.18,-0.70%,2406,,,,,
CG,The Carlyle Group Inc. Common Stock,$39.92,-0.31,-0.771%,2621213,14224805296.00,United States,2012,Investment Managers,Finance
CGABL,The Carlyle Group Inc. 4.625% Subordinated Notes due 2061,$15.67,-0.045,-0.286%,25638,5667915893.00,United States,,Investment Managers,Finance
CGAU,Centerra Gold Inc. Common Shares,$22.61,-0.86,-3.664%,1075400,4515450358.00,Canada,2021,Precious Metals,Basic Materials
CGBD,Carlyle Secured Lending Inc. Common Stock,$11.22,-0.25,-2.18%,326582,771987399.00,United States,2017,Finance: Consumer Services,Finance
CGC,Canopy Growth Corporation Common Shares,$0.9354,-0.0318,-3.288%,2155403,395709441.00,Canada,, Medicinal Chemicals and Botanical Products ,Health Care
CGCF,Cartesian Growth Corporation IV Class A Ordinary Shares,$9.80,0.02,0.204%,209187,0.00,United States,2026,Blank Checks,Finance
CGCFW,Cartesian Growth Corporation IV Warrants,$0.30,0.00,0.00%,26855,0.00,United States,2026,Blank Checks,Finance
CGEM,Cullinan Therapeutics Inc. Common Stock,$16.87,-4.80,-22.15%,2595585,1085663688.00,United States,2021,Biotechnology: Biological Products (No Diagnostic Substances),Health Care
CGEN,Compugen Ltd. Ordinary Shares,$2.34,-0.15,-6.024%,288338,221328048.00,Israel,2000,Biotechnology: Biological Products (No Diagnostic Substances),Health Care
CGNT,Cognyte Software Ltd. Ordinary Shares,$8.73,0.10,1.159%,664375,645150326.00,Israel,,Computer Software: Prepackaged Software,Technology
CGNX,Cognex Corporation Common Stock,$58.19,-0.78,-1.323%,1846341,9788945366.00,United States,1989,Industrial Machinery/Components,Industrials
CGO,Calamos Global Total Return Fund Common Stock,$12.80,-0.195,-1.501%,7168,0.00,United States,2005,Investment Managers,Finance
CGON,CG Oncology Inc. Common stock,$73.36,-4.38,-5.634%,830999,6502657910.00,United States,2024,Biotechnology: Biological Products (No Diagnostic Substances),Health Care
CGTL,Creative Global Technology Holdings Limited Class A Ordinary Shares,$3.78,0.12,3.279%,5673,6498784.00,China,2024,Retail: Computer Software & Peripheral Equipment,Technology
CGTX,Cognition Therapeutics Inc. Common Stock,$0.95,-0.0313,-3.19%,563724,90339059.00,United States,2021,Biotechnology: Biological Products (No Diagnostic Substances),Health Care
CHA,Chagee Holdings Limited American Depositary Shares,$11.28,-0.38,-3.259%,731283,2151810317.00,China,2025,Restaurants,Consumer Discretionary
CHAD,DeFi Development Corp. Variable Rate Series C Perpetual Preferred Stock,$8.90,0.09,1.022%,26431,290325031.00,United States,,Finance: Consumer Services,Finance
CHAI,Core AI Holdings Inc. Common Shares,$0.3049,0.0154,5.32%,1280810,7886801.00,Canada,2020,Telecommunications Equipment,Telecommunications
CHAR,Charlton Aria Acquisition Corporation Class A Ordinary Shares,$11.015,0.055,0.502%,1518,0.00,United States,2024,,
CHCI,Comstock Holding Companies Inc. Class A Common Stock,$19.70,-0.84,-4.09%,70078,202554454.00,United States,2004,Real Estate,Finance
CHCO,City Holding Company Common Stock,$139.25,-0.34,-0.244%,139007,1955788530.00,United States,,Major Banks,Finance
CHCT,Community Healthcare Trust Incorporated Common Stock,$14.27,-0.16,-1.109%,330961,408890325.00,United States,2015,Real Estate Investment Trusts,Real Estate
CHD,Church & Dwight Company Inc. Common Stock,$96.02,-0.10,-0.104%,1147929,22776319150.00,United States,,Package Goods/Cosmetics,Consumer Discretionary
CHDN,Churchill Downs Incorporated Common Stock,$80.46,0.97,1.22%,1269949,5608081552.00,United States,,Services-Misc. Amusement & Recreation,Consumer Discretionary
CHE,Chemed Corp,$498.09,1.47,0.296%,138579,6510016874.00,United States,,Medical/Nursing Services,Health Care
CHEC,Chenghe Acquisition III Co. Class A Ordinary Share,$10.27,0.00,0.00%,6,0.00,Singapore,2025,,
CHECW,Chenghe Acquisition III Co. Warrants,$0.0738,-0.0161,-17.909%,1056,0.00,Singapore,2025,,
CHEF,The Chefs' Warehouse Inc. Common Stock,$108.89,0.53,0.489%,465896,4442285478.00,United States,2011,Food Distributors,Consumer Discretionary
CHGA,Change Agents Corporation Common Stock,$2.22,0.15,7.246%,47840,2486880.00,United States,,EDP Services,Technology
CHGG,Chegg Inc. Common Stock,$0.7328,-0.016,-2.137%,377650,81360939.00,United States,2013,Other Consumer Services,Real Estate
CHH,Choice Hotels International Inc. Common Stock,$101.64,1.32,1.316%,427914,4592038282.00,United States,,Hotels/Resorts,Consumer Discretionary
CHI,Calamos Convertible Opportunities and Income Fund Common Stock,$12.05,-0.27,-2.192%,120714,0.00,United States,2002,Investment Managers,Finance
CHKP,Check Point Software Technologies Ltd. Ordinary Shares,$141.16,4.03,2.939%,1166407,14412525495.00,Israel,1996,Computer Software: Prepackaged Software,Technology
CHMG,Chemung Financial Corp Common Stock,$81.22,-0.75,-0.915%,42939,391599956.00,United States,,Major Banks,Finance
CHMI,Cherry Hill Mortgage Investment Corporation Common Stock,$2.76,-0.09,-3.158%,361296,101974807.00,,2013,Real Estate Investment Trusts,Real Estate
CHMI^A,Cherry Hill Mortgage Investment Corporation 8.20% Series A Cumulative Redeemable Preferred Stock,$21.615,-0.145,-0.666%,3421,,,,,
CHMI^B,Cherry Hill Mortgage Investment Corporation 8.250% Series B Fixed-to-Floating Rate Cumulative Redeemable Preferred Stock,$23.71,-0.1201,-0.504%,3961,,,,,
CHNR,China Natural Resources Inc. Common Stock,$3.81,0.04,1.061%,10655,4698572.00,Hong Kong,,Precious Metals,Basic Materials
CHOW,ChowChow Cloud International Holdings Limited Ordinary Shares,$0.655,0.03,4.80%,127001,23245950.00,,2025,Computer Software: Prepackaged Software,Technology
CHPG,ChampionsGate Acquisition Corporation Class A Ordinary Share,$10.45,0.01,0.096%,158,0.00,United States,2025,,
CHPGR,ChampionsGate Acquisition Corporation Rights,$0.162,0.0519,47.139%,505,0.00,United States,2025,,
CHPT,ChargePoint Holdings Inc. Common Stock,$9.23,-0.62,-6.294%,1528908,247828491.00,United States,2019,Industrial Machinery/Components,Miscellaneous
CHR,Cheer Holding Inc. Class A Ordinary Share,$1.57,0.00,0.00%,272572,3682361.00,China,2018,EDP Services,Technology
CHRD,Chord Energy Corporation Common Stock,$137.72,1.83,1.347%,539717,7532990932.00,United States,,Oil & Gas Production,Energy
CHRN,ChronoScale Holdings Corporation Common Stock,$20.51,-0.69,-3.255%,75352,2987024141.00,United States,,Industrial Machinery/Components,Industrials
CHRS,Coherus Oncology Inc. Common Stock,$1.26,-0.04,-3.077%,1617127,194671217.00,United States,2014,Biotechnology: Biological Products (No Diagnostic Substances),Health Care
CHRW,C.H. Robinson Worldwide Inc. Common Stock,$149.67,0.11,0.074%,1267416,17489127785.00,United States,1997,Integrated Freight & Logistics,Industrials
CHSCL,CHS Inc Class B Cumulative Redeemable Preferred Stock Series 4,$25.095,-0.074,-0.294%,37894,307965915.00,United States,,Farming/Seeds/Milling,Industrials
CHSCM,CHS Inc Class B Reset Rate Cumulative Redeemable Preferred Stock Series 3,$24.0902,-0.0098,-0.041%,20694,295635007.00,United States,,Farming/Seeds/Milling,Industrials
CHSCN,CHS Inc Preferred Class B Series 2 Reset Rate,$24.78,-0.04,-0.161%,26903,304100234.00,United States,,Farming/Seeds/Milling,Industrials
CHSCO,CHS Inc. Class B Cumulative Redeemable Preferred Stock,$25.65,0.02,0.078%,10690,314776877.00,United States,,Farming/Seeds/Milling,Industrials
CHSCP,CHS Inc. 8%  Cumulative Redeemable Preferred Stock,$25.88,-0.12,-0.462%,13738,317599438.00,United States,,Farming/Seeds/Milling,Industrials
CHSN,Chanson International Holding Class A Ordinary Shares,$1.07,-0.025,-2.283%,17255,3969472.00,China,2023,Packaged Foods,Consumer Staples
CHT,Chunghwa Telecom Co. Ltd.,$46.20,0.09,0.195%,311950,35839403015.00,Taiwan,,Telecommunications Equipment,Telecommunications
CHTR,Charter Communications Inc. Class A Common Stock New,$116.61,-0.65,-0.554%,4392818,13360881342.00,United States,,Cable & Other Pay Television Services,Telecommunications
CHTRP,Charter Communications Inc. Series A Cumulative Redeemable Preferred Stock,$22.76,-0.125,-0.546%,14222,2607783718.00,United States,,Cable & Other Pay Television Services,Telecommunications
CHW,Calamos Global Dynamic Income Fund Common Stock,$8.32,-0.12,-1.422%,187341,0.00,United States,2007,Investment Managers,Finance
CHWY,Chewy Inc. Class A Common Stock,$18.55,-1.11,-5.646%,16781279,7455750469.00,United States,2019,Catalog/Specialty Distribution,Consumer Discretionary
CHY,Calamos Convertible and High Income Fund Common Stock,$12.40,-0.26,-2.054%,133206,0.00,United States,2003,Investment Managers,Finance
CHYM,Chime Financial Inc. Class A Common Stock,$26.46,-2.16,-7.547%,10022130,10017362037.00,United States,2025,Finance: Consumer Services,Finance
CI,The Cigna Group Common Stock,$268.27,-5.47,-1.998%,1829760,70887795179.00,United States,,Medical Specialities,Health Care
CIA,Citizens Inc. Class A Common Stock ($1.00 Par),$3.53,-0.18,-4.852%,97844,178770171.00,United States,1994,Life Insurance,Finance
CIB,Grupo Cibest S.A. American Depositary Shares each representing four Preferred Shares,$95.65,-2.31,-2.358%,480218,22793745653.00,Colombia,2025,Commercial Banks,Finance
CICB,CION Investment Corporation 7.50% Notes due 2029,$24.96,-0.14,-0.558%,4849,0.00,United States,2024,Finance/Investors Services,Finance
CICC,CION Investment Corporation 7.50% Notes due 2031,$24.43,-0.13,-0.529%,3970,0.00,United States,2026,Finance/Investors Services,Finance
CIEN,Ciena Corporation Common Stock,$355.91,-12.65,-3.432%,1855643,50471072133.00,United States,1997,Telecommunications Equipment,Utilities
CIFR,Cipher Digital Inc. Common Stock,$18.35,-0.74,-3.876%,30313101,7615813749.00,United States,2020,Finance: Consumer Services,Finance
CIG,Comp En De Mn Cemig ADS American Depositary Shares,$2.09,-0.09,-4.128%,4392915,5981124161.00,Brazil,,Electric Utilities: Central,Utilities
CIGI,Colliers International Group Inc. Subordinate Voting Shares,$91.31,-1.14,-1.233%,403994,4666289896.00,Canada,,Real Estate,Finance
CIGL,Concorde International Group Ltd Class A Ordinary Shares,$0.4209,0.0007,0.167%,54230,95538183.00,Singapore,2025,Diversified Commercial Services,Consumer Discretionary
CII,BlackRock Enhanced Large Cap Core Fund Inc. Common Stock,$24.14,-0.13,-0.536%,44155,3591126050.00,United States,2004,Investment Bankers/Brokers/Service,Finance
CIIT,Tianci International Inc. Common Stock,$2.615,0.095,3.77%,43987,2529727.00,Hong Kong,,Computer Communications Equipment,Telecommunications
CIK,UBS Asset Management Income Fund Inc. Common Stock,$2.34,-0.02,-0.847%,630154,0.00,United States,,Finance/Investors Services,Finance
CIM,Chimera Investment Corporation Common Stock,$10.75,-0.40,-3.587%,1601116,899902044.00,United States,2007,Real Estate Investment Trusts,Real Estate
CIM^A,Chimera Investment Corporation 8.00% Series A Cumulative Redeemable Preferred Stock,$20.0579,-0.2221,-1.095%,20442,,United States,,,
CIM^B,Chimera Investment Corporation 8.00% Series B Fixed-to-Floating Rate Cumulative Redeemable Preferred Stock,$23.61,-0.08,-0.338%,18940,,United States,,,
CIM^C,Chimera Investment Corporation 7.75% Series C Fixed-to-Floating Rate  Cumulative Redeemable  Preferred Stock,$22.145,-0.225,-1.006%,6288,,United States,,,
CIM^D,Chimera Investment Corporation 8.00% Series D Fixed-to-Floating Rate Cumulative Redeemable Preferred Stock,$23.40,-0.14,-0.595%,4104,,United States,,,
CIMN,Chimera Investment Corporation 9.000% Senior Notes due 2029,$25.1756,-0.0044,-0.017%,14337,2027408590.00,United States,2024,Real Estate Investment Trusts,Real Estate
CIMO,Chimera Investment Corporation 9.250% Senior Notes due 2029,$25.32,-0.05,-0.197%,9637,0.00,United States,2024,Real Estate Investment Trusts,Real Estate
CIMP,Chimera Investment Corporation 8.875% Senior Notes due 2030,$24.95,-0.15,-0.598%,5641,0.00,United States,2025,Real Estate Investment Trusts,Real Estate
CINF,Cincinnati Financial Corporation Common Stock,$162.57,-2.32,-1.407%,800712,24950925776.00,United States,,Property-Casualty Insurers,Finance
CING,Cingulate Inc. Common Stock,$4.98,-0.165,-3.207%,119530,72418293.00,United States,2021,Biotechnology: Pharmaceutical Preparations,Health Care
CINGW,Cingulate Inc. Warrants,$0.006,-0.0007,-10.448%,20125,87251.00,United States,2021,Biotechnology: Pharmaceutical Preparations,Health Care
CINT,CI&T Inc Class A Common Shares,$3.04,-0.03,-0.977%,15704,391824849.00,,2021,EDP Services,Technology
CION,CION Investment Corporation Common Stock,$7.18,-0.02,-0.278%,282682,353275415.00,United States,2021,Finance/Investors Services,Finance
CIRC,Circle8 Group Inc. Common Stock,$0.34,-0.0561,-14.163%,990259,38898354.00,United States,2024,Biotechnology: Laboratory Analytical Instruments,Industrials
CISO,CISO Global Inc. Common Stock,$0.2412,-0.0073,-2.938%,119280,10980788.00,United States,,Professional Services,Consumer Discretionary
CISS,C3is Inc. Common Stock,$1.10,-0.04,-3.509%,507916,1636767.00,Greece,,Marine Transportation,Consumer Discretionary
CITR,CitroTech Inc. Common Stock,$4.59,-0.01,-0.217%,37466,103520446.00,,,Major Chemicals,Industrials
CIVB,Civista Bancshares Inc. Common Stock,$26.59,-0.44,-1.628%,79467,552918788.00,United States,,Major Banks,Finance
CIX,CompX International Inc. Common Stock,$35.66,-2.69,-7.014%,20114,439925189.00,United States,1998,Industrial Machinery/Components,Consumer Discretionary
CJMB,Callan JMB Inc. Common Stock,$2.12,0.11,5.473%,68172,12195020.00,United States,2025,Business Services,Consumer Discretionary
CKX,CKX Lands Inc. Common Stock,$10.955,-0.02,-0.182%,4018,22492028.00,United States,2003,Oil & Gas Production,Energy
CL,Colgate-Palmolive Company Common Stock,$85.93,-1.12,-1.287%,6221546,68501061196.00,United States,,Package Goods/Cosmetics,Consumer Discretionary
CLAR,Clarus Corporation Common Stock,$3.50,-0.07,-1.961%,123690,134008543.00,United States,,Recreational Games/Products/Toys,Consumer Discretionary
CLB,Core Laboratories Inc. Common Stock,$10.63,-0.31,-2.834%,644425,487752681.00,Netherlands,2023,Oilfield Services/Equipment,Energy
CLBK,Columbia Financial Inc. Common Stock,$11.18,-0.20,-1.757%,3651901,1163250703.00,United States,2018,Savings Institutions,Finance
CLBR,Colombier Acquisition Corp. III Class A Ordinary Shares,$10.215,-0.01,-0.098%,21102,0.00,,2026,,
CLBT,Cellebrite DI Ltd. Ordinary Shares,$11.50,-0.16,-1.372%,3444474,2890422190.00,Israel,,Computer Software: Prepackaged Software,Technology
CLDI,Calidi Biotherapeutics Inc. Common Stock,$1.09,-0.02,-1.802%,2882789,4017575.00,,2021,Biotechnology: Biological Products (No Diagnostic Substances),Health Care
CLDT,Chatham Lodging Trust (REIT) Common Shares of Beneficial Interest,$13.08,-0.16,-1.208%,217981,609078231.00,United States,2010,Real Estate Investment Trusts,Real Estate
CLDT^A,Chatham Lodging Trust (REIT) 6.625% Series A Cumulative Redeemable Preferred Shares of Beneficial Interest,$20.0801,-0.0514,-0.255%,4255,,United States,,,
CLDX,Celldex Therapeutics Inc.,$31.12,-2.39,-7.132%,4236074,2443839036.00,United States,,Biotechnology: In Vitro & In Vivo Diagnostic Substances,Health Care
CLF,Cleveland-Cliffs Inc. Common Stock,$12.87,0.34,2.713%,20088629,7342850405.00,United States,,Metal Mining,Basic Materials
CLFD,Clearfield Inc. Common Stock,$31.07,-0.76,-2.388%,60596,422053482.00,United States,,Telecommunications Equipment,Utilities
CLGN,CollPlant Biotechnologies Ltd Ordinary Shares,$4.04,0.19,4.935%,44308,7638917.00,Israel,,Industrial Specialties,Health Care
CLH,Clean Harbors Inc. Common Stock,$313.15,0.30,0.096%,429981,16530326711.00,United States,,Environmental Services,Industrials
CLIK,Click Holdings Limited Class A Ordinary Share,$1.17,-0.02,-1.681%,22994,10018749.00,Hong Kong,2024,Diversified Commercial Services,Consumer Discretionary
CLIR,ClearSign Technologies Corporation Common Stock (DE),$3.54,-0.21,-5.60%,36859,24098391.00,United States,2012,Industrial Machinery/Components,Industrials
CLLS,Cellectis S.A. American Depositary Shares,$1.44,-0.12,-7.692%,169811,144759277.00,France,2015,Biotechnology: Pharmaceutical Preparations,Health Care
CLM,Cornerstone Strategic Investment Fund Inc. Common Shares,$6.37,0.01,0.157%,1310767,0.00,United States,2003,Finance/Investors Services,Finance
CLMB,Climb Global Solutions Inc. Common Stock,$30.63,-0.17,-0.552%,221520,571575373.00,United States,,Retail: Computer Software & Peripheral Equipment,Technology
CLMT,Calumet Inc. Common Stock,$54.38,-2.04,-3.616%,2215007,4779905965.00,United States,2006,Integrated oil Companies,Energy
CLNE,Clean Energy Fuels Corp. Common Stock,$1.62,-0.06,-3.571%,915288,357120924.00,United States,2007,Natural Gas Distribution,Utilities
CLNN,Clene Inc. Common Stock,$4.29,-0.09,-2.055%,75260,60977978.00,United States,,Biotechnology: Pharmaceutical Preparations,Health Care
CLOV,Clover Health Investments Corp. Class A Common Stock,$4.57,-0.10,-2.141%,3337199,2427384122.00,United States,,Medical Specialities,Health Care
CLPR,Clipper Realty Inc. Common Stock,$3.45,0.00,0.00%,46519,55743603.00,United States,2017,Real Estate Investment Trusts,Real Estate
CLPS,CLPS Incorporation Common Stock,$1.01,0.005,0.498%,18878,30040887.00,China,2018,Computer Software: Prepackaged Software,Technology
CLPT,ClearPoint Neuro Inc. Common Stock,$14.97,-0.82,-5.193%,579261,456648278.00,United States,,Medical/Dental Instruments,Health Care
CLRB,Cellectar Biosciences Inc.  Common Stock,$2.09,-0.14,-6.278%,72948,19754906.00,United States,,Biotechnology: Pharmaceutical Preparations,Health Care
CLRO,ClearOne Inc. Common Stock,$4.22,-0.06,-1.402%,11490,11290239.00,United States,,Telecommunications Equipment,Utilities
CLS,Celestica Inc. Common Stock,$361.84,5.75,1.615%,2392231,41601869037.00,Canada,1998,Electrical Products,Technology
CLSK,CleanSpark Inc. Common Stock,$14.46,-0.68,-4.491%,16917172,3713574876.00,United States,,Finance: Consumer Services,Finance
CLSKW,CleanSpark Inc. Warrant,$0.27,-0.0049,-1.782%,132646,69340610.00,United States,,Finance: Consumer Services,Finance
CLST,Catalyst Bancorp Inc. Common Stock,$18.04,-0.0099,-0.055%,2754,72769590.00,United States,2021,Savings Institutions,Finance
CLVT,Clarivate Plc Ordinary Shares,$1.83,-0.06,-3.175%,3900204,1170585125.00,United Kingdom,2019,EDP Services,Technology
CLW,Clearwater Paper Corporation Common Stock,$21.38,-0.53,-2.419%,82091,344811594.00,United States,,Paper,Basic Materials
CLWT,Euro Tech Holdings Company Limited Common Stock,$1.505,-0.005,-0.331%,1878,11154253.00,Hong Kong,1997,Professional and commerical equipment,Consumer Discretionary
CLX,Clorox Company (The) Common Stock,$83.94,-3.21,-3.683%,2281296,10150948560.00,United States,,Specialty Chemicals,Consumer Discretionary
CLYM,Climb Bio Inc. Common Stock,$12.52,-1.69,-11.893%,2141765,719101913.00,United States,2021,Biotechnology: Pharmaceutical Preparations,Health Care
CM,Canadian Imperial Bank of Commerce Common Stock,$111.45,-3.31,-2.884%,855707,101191711580.00,Canada,,Commercial Banks,Finance
CMBT,CMB.TECH NV Ordinary Shares,$19.16,-0.18,-0.931%,715369,6054131717.00,,2015,Marine Transportation,Consumer Discretionary
CMC,Commercial Metals Company Common Stock,$64.66,-0.34,-0.523%,670285,7152969501.00,United States,,Steel/Iron Ore,Industrials
CMCL,Caledonia Mining Corporation Plc Common Shares,$24.13,-0.81,-3.248%,168002,466555456.00,Canada,,Precious Metals,Basic Materials
CMCM,Cheetah Mobile Inc. American Depositary Shares each representing fifty (50) Class A Ordinary Shares,$2.65,-0.01,-0.376%,5495,82615971.00,China,2022,Computer Software: Prepackaged Software,Technology
CMCO,Columbus McKinnon Corporation Common Stock,$16.51,0.07,0.426%,306715,476548668.00,United States,1996,Construction/Ag Equipment/Trucks,Industrials
CMCSA,Comcast Corporation Class A Common Stock,$22.55,0.13,0.58%,38897090,80021754721.00,United States,,Cable & Other Pay Television Services,Telecommunications
CMCT,Creative Media & Community Trust Corporation Common stock,$2.205,-0.345,-13.529%,46469,6499222.00,United States,,Real Estate Investment Trusts,Real Estate
CMDB,Costamare Bulkers Holdings Limited Common Stock,$22.32,-0.43,-1.89%,60001,539708135.00,,2025,Marine Transportation,Consumer Discretionary
CME,CME Group Inc. Class A Common Stock,$270.80,3.59,1.344%,1369816,97374064420.00,United States,2002,Investment Bankers/Brokers/Service,Finance
CMG,Chipotle Mexican Grill Inc. Common Stock,$32.71,0.08,0.245%,18156665,41391822780.00,United States,2006,Restaurants,Consumer Discretionary
CMI,Cummins Inc. Common Stock,$524.65,-1.48,-0.281%,1416229,72225673105.00,United States,,Industrial Machinery/Components,Industrials
CMMB,Chemomab Therapeutics Ltd. American Depositary Share,$2.28,-0.10,-4.202%,133521,16519986.00,Israel,2019,Biotechnology: Pharmaceutical Preparations,Health Care
CMND,Clearmind Medicine Inc. Common Shares,$0.85,0.0688,8.807%,373678,1823429.00,Canada,,Biotechnology: Pharmaceutical Preparations,Health Care
CMP,Compass Minerals Intl Inc Common Stock,$23.20,-0.60,-2.521%,261014,973956277.00,United States,2003,Mining & Quarrying of Nonmetallic Minerals (No Fuels),Industrials
CMPR,Cimpress plc Ordinary Shares (Ireland),$77.99,-1.46,-1.838%,192731,1899015633.00,Netherlands,2005,Publishing,Consumer Discretionary
CMPS,COMPASS Pathways Plc American Depository Shares,$13.75,-1.03,-6.969%,2581990,1904056303.00,United Kingdom,2020,Biotechnology: Pharmaceutical Preparations,Health Care
CMPX,Compass Therapeutics Inc. Common Stock,$1.17,-0.07,-5.645%,7693396,210702861.00,United States,,Biotechnology: Biological Products (No Diagnostic Substances),Health Care
CMRC,Commerce.com Inc. Series 1 Common Stock,$3.24,-0.13,-3.858%,470725,268463131.00,United States,2020,Computer Software: Prepackaged Software,Technology
CMRE,Costamare Inc. Common Stock $0.0001 par value,$14.68,-0.19,-1.278%,264151,1770242982.00,Greece,2010,Marine Transportation,Consumer Discretionary
CMRE^B,Costamare Inc. Perpetual Preferred Stock Series B (Marshall Islands),$25.40,0.00,0.00%,3496,,Greece,,,
CMRE^C,Costamare Inc. Perpetual Preferred Series C (Marshall Islands),$26.66,-0.169,-0.63%,8016,,Greece,,,
CMRE^D,Costamare Inc. 8.75% Series D Cumulative Redeemable Perpetual Preferred Stock,$26.44,0.0486,0.184%,10825,,Greece,,,
CMS,CMS Energy Corporation Common Stock,$63.15,-1.12,-1.743%,4024084,19802396138.00,United States,,Power Generation,Utilities
CMS^B,CMS Energy Corporation Preferred Stock,$75.75,-0.73,-0.954%,692,,United States,,,
CMS^C,CMS Energy Corporation Depositary Shares each representing a 1/1000th interest in a share of 4.200% Cumulative Redeemable Perpetual Preferred Stock Series C,$16.60,0.13,0.789%,44383,,United States,,,
CMSA,CMS Energy Corporation 5.625% Junior Subordinated Notes due 2078,$19.32,-0.18,-0.923%,20299,5783161107.00,United States,2018,Power Generation,Utilities
CMSC,CMS Energy Corporation 5.875% Junior Subordinated Notes due 2078,$20.508,-0.102,-0.495%,17820,6138771634.00,United States,2018,Power Generation,Utilities
CMSD,CMS Energy Corporation 5.875% Junior Subordinated Notes due 2079,$20.34,-0.08,-0.392%,70331,6088483277.00,United States,2019,Power Generation,Utilities
CMT,Core Molding Technologies Inc Common Stock,$22.94,-0.86,-3.613%,35618,202996840.00,United States,1996,Plastic Products,Industrials
CMTG,Claros Mortgage Trust Inc. Common Stock,$1.32,-0.06,-4.348%,1062412,186231152.00,United States,2021,Real Estate,Finance
CMTL,Comtech Telecommunications Corp. Common Stock,$1.44,-0.02,-1.37%,152745,43144461.00,United States,,Radio And Television Broadcasting And Communications Equipment,Technology
CMTV,Community Bancorp. Common Stock,$39.20,-1.06,-2.633%,11134,219555358.00,United States,,Major Banks,Finance
CNA,CNA Financial Corporation Common Stock,$47.11,-0.36,-0.758%,1071609,12748009718.00,United States,,Property-Casualty Insurers,Finance
CNC,Centene Corporation Common Stock,$62.08,-1.22,-1.927%,3418417,30667209600.00,United States,,Medical Specialities,Health Care
CNCK,Coincheck Group N.V. Ordinary Shares,$1.68,-0.12,-6.667%,43895,322220595.00,Netherlands,,Finance: Consumer Services,Finance
CNDT,Conduent Incorporated Common Stock ,$1.60,-0.05,-3.03%,740553,248833280.00,United States,,Business Services,Consumer Discretionary
CNET,ZW Data Action Technologies Inc. Common Stock,$1.31,0.00,0.00%,715,4805642.00,China,,Computer Software: Programming Data Processing,Technology
CNEY,CN Energy Group Inc. Class A Ordinary Shares,$0.5798,-0.0003,-0.052%,21840,4756277.00,China,2021,Major Chemicals,Industrials
CNF,CNFinance Holdings Limited American Depositary Shares each representing two hundred (200) Ordinary Shares,$1.74,-0.08,-4.396%,7188,30968320.00,,,Finance: Consumer Services,Finance
CNH,CNH Industrial N.V. Common Shares,$13.75,0.08,0.585%,17129830,17018731923.00,United Kingdom,2013,Construction/Ag Equipment/Trucks,Industrials
CNI,Canadian National Railway Company Common Stock,$119.49,-0.03,-0.025%,1329874,72183909000.00,Canada,,Railroads,Industrials
CNK,Cinemark Holdings Inc Cinemark Holdings Inc. Common Stock,$35.79,-0.09,-0.251%,1861493,4148485290.00,United States,2007,Movies/Entertainment,Consumer Discretionary
CNL,Collective Mining Ltd. Common Shares,$13.23,-0.45,-3.289%,263883,1226986014.00,United States,,,
CNM,Core & Main Inc. Class A Common Stock,$42.76,-0.25,-0.581%,2605199,8145525578.00,United States,2021,Durable Goods,Consumer Discretionary
CNMD,CONMED Corporation Common Stock,$45.80,-0.37,-0.801%,491165,1371767158.00,United States,1987,Biotechnology: Electromedical & Electrotherapeutic Apparatus,Health Care
CNNE,Cannae Holdings Inc. Common Stock,$15.79,0.15,0.959%,613669,684879044.00,United States,2017,Restaurants,Consumer Discretionary
CNO,CNO Financial Group Inc. Common Stock,$54.02,0.06,0.111%,1266104,4998004461.00,United States,,Accident &Health Insurance,Finance
CNO^A,CNO Financial Group Inc. 5.125% Subordinated Debentures due 2060,$16.54,-0.02,-0.121%,7421,,United States,,,
CNOB,ConnectOne Bancorp Inc. Common Stock,$30.50,-0.70,-2.244%,354343,1656009090.00,United States,,Major Banks,Finance
CNOBP,ConnectOne Bancorp Inc. Depositary Shares each representing a 1/40th interest in a share of 5.25% Fixed-Rate Reset Non-Cumulative Perpetual Preferred Stock Series A,$25.2501,-0.1399,-0.551%,3572,1370963775.00,United States,,Major Banks,Finance
CNP,CenterPoint Energy Inc (Holding Co) Common Stock,$37.16,-0.69,-1.823%,7224609,24478045902.00,United States,,Electric Utilities: Central,Utilities
CNQ,Canadian Natural Resources Limited Common Stock,$47.64,-0.13,-0.272%,5879852,98559537600.00,Canada,,Oil & Gas Production,Energy
CNR,Core Natural Resources Inc. Common Stock,$92.15,-1.78,-1.895%,387891,4573981083.00,United States,2017,Coal Mining,Energy
CNS,Cohen & Steers Inc Common Stock,$75.44,0.90,1.207%,393737,3879240450.00,United States,2004,Investment Managers,Finance
CNSP,CNS Pharmaceuticals Inc. Common Stock,$5.15,-0.0892,-1.703%,2948,7526462.00,United States,2019,Biotechnology: Pharmaceutical Preparations,Health Care
CNSY,Cerenome Inc. Common Stock ,$1.95,-0.08,-3.941%,66325,14799769.00,United States,,Medical/Dental Instruments,Health Care
CNTB,Connect Biopharma Holdings Limited Ordinary Shares,$1.07,-0.145,-11.934%,1410208,67382511.00,China,2021,Biotechnology: Pharmaceutical Preparations,Health Care
CNTN,Canton Strategic Holdings Inc. Common Stock,$2.24,-0.21,-8.571%,535353,178486249.00,United States,2022,Biotechnology: Pharmaceutical Preparations,Health Care
CNTX,Context Therapeutics Inc. Common Stock,$0.3826,-0.0065,-1.671%,1107090,35152973.00,United States,2021,Biotechnology: Pharmaceutical Preparations,Health Care
CNTY,Century Casinos Inc. Common Stock,$1.11,-0.045,-3.896%,43290,31232838.00,United States,,Hotels/Resorts,Consumer Discretionary
CNVS,Cineverse Corp. Class A Common Stock,$2.04,-0.04,-1.923%,95674,48493629.00,United States,,Consumer Electronics/Video Chains,Consumer Discretionary
CNX,CNX Resources Corporation Common Stock,$33.00,0.19,0.579%,1985317,4882140021.00,United States,1999,Oil & Gas Production,Energy
CNXC,Concentrix Corporation Common Stock,$30.21,-0.30,-0.983%,2472842,1843364354.00,United States,,Computer Software: Prepackaged Software,Technology
CNXN,PC Connection Inc. Common Stock,$88.57,1.73,1.992%,122771,2235338428.00,United States,,Catalog/Specialty Distribution,Consumer Discretionary
CNXU,Conexeu Sciences Inc. Common Stock,$4.21,-0.19,-4.318%,235374,118750199.00,United States,,Industrial Specialties,Health Care
COAG,Hemab Therapeutics Holdings Inc. Common Stock,$36.73,-1.52,-3.974%,417082,1715736057.00,United States,2026,Biotechnology: Biological Products (No Diagnostic Substances),Health Care
COCH,Envoy Medical Inc. Class A Common Stock,$0.722,0.0066,0.923%,33574,55734498.00,United States,2021,Industrial Specialties,Health Care
COCO,The Vita Coco Company Inc. Common Stock,$57.98,-1.62,-2.718%,874299,3403089600.00,United States,2021,Beverages (Production/Distribution),Consumer Staples
COCP,Cocrystal Pharma Inc. Common Stock,$1.19,0.00,0.00%,26059,22923208.00,United States,,Biotechnology: Pharmaceutical Preparations,Health Care
CODA,Coda Octopus Group Inc. Common stock,$10.97,-0.19,-1.703%,44499,123775618.00,United States,,Industrial Machinery/Components,Industrials
CODI,D/B/A Compass Diversified Holdings Shares of Beneficial Interest,$11.35,0.02,0.177%,300586,853928214.00,United States,2006,Home Furnishings,Consumer Discretionary
CODI^A,Compass Diversified Holdings 7.250% Series A Preferred Shares representing beneficial interest in Compass Diversified Holdings,$19.31,-0.19,-0.974%,3313,,United States,,,
CODI^B,Compass Diversified Holdings 7.875% Series B Fixed-to-Floating Rate Cumulative Preferred Shares representing beneficial interests in Compass Diversified Holdings,$22.26,-0.01,-0.045%,10163,,United States,,,
CODI^C,Compass Diversified Holdings 7.875% Series C Cumulative Preferred Shares,$21.80,-0.11,-0.502%,7476,,United States,,,
CODX,Co-Diagnostics Inc. Common Stock,$1.10,0.02,1.852%,85330,7711328.00,United States,2026,Medical/Dental Instruments,Health Care
COE,51Talk Online Education Group American depositary shares each representing 60 Class A ordinary shares,$11.57,0.06,0.521%,28580,69504635.00,China,2016,Other Consumer Services,Real Estate
COF,Capital One Financial Corporation Common Stock,$196.10,-4.45,-2.219%,4938495,120304376340.00,United States,1994,Major Banks,Finance
COF^I,Capital One Financial Corporation Depositary shares each representing a 1/40th interest in a share of Fixed Rate Non-Cumulative Perpetual Preferred Stock Series I of the Issuer,$17.19,-0.17,-0.979%,136644,,United States,,,
COF^J,Capital One Financial Corporation Depositary Shares Each Representing a 1/40th Interest in a Share of Fixed Rate Non- Cumulative Perpetual Preferred Stock Series J,$16.44,-0.21,-1.261%,112922,,United States,,,
COF^K,Capital One Financial Corporation Depositary Shares Each Representing a 1/40th Ownership Interest in a Share of Fixed Rate Non-Cumulative Perpetual Preferred Stock Series K,$15.8701,-0.2099,-1.305%,19474,,United States,,,
COF^L,Capital One Financial Corporation Depositary Shares Each Representing a 1/40th Interest in a Share of Fixed Rate Non-Cumulative Perpetual Preferred Stock Series L,$15.1379,-0.0771,-0.507%,95772,,United States,,,
COF^N,Capital One Financial Corporation Depositary Shares Each Representing a 1/40th Ownership Interest in a Share of Fixed Rate Non-Cumulative Perpetual Preferred Stock Series N,$14.882,-0.179,-1.189%,33423,,United States,,,
COFS,ChoiceOne Financial Services Inc. Common Stock,$32.44,-0.43,-1.308%,57454,485157069.00,United States,,Major Banks,Finance
COGT,Cogent Biosciences Inc. Common Stock,$31.41,-1.22,-3.739%,2330333,5450419685.00,United States,2018,Biotechnology: Pharmaceutical Preparations,Health Care
COHN,Cohen & Company Inc.,$10.25,0.10,0.985%,2637,33096943.00,United States,,Investment Bankers/Brokers/Service,Finance
COHR,Coherent Corp. Common Stock,$300.60,-9.79,-3.154%,5712553,58867173148.00,United States,,Electronic Components,Technology
COHU,Cohu Inc. Common Stock,$64.48,-0.06,-0.093%,621876,3052382160.00,United States,,Electrical Products,Industrials
COIN,Coinbase Global Inc. Class A Common Stock,$198.13,-2.94,-1.462%,7183824,52274009554.00,United States,,Finance: Consumer Services,Finance
COKE,Coca-Cola Consolidated Inc. Common Stock,$187.49,-3.49,-1.827%,476540,12480139482.00,United States,1972,Beverages (Production/Distribution),Consumer Staples
COLA,Columbus Acquisition Corp Ordinary Shares,$10.70,-0.04,-0.372%,2756,0.00,Singapore,2025,Blank Checks,Finance
COLAR,Columbus Acquisition Corp Rights,$0.398,-0.062,-13.478%,1110,0.00,Singapore,2025,Blank Checks,Finance
COLAU,Columbus Acquisition Corp Unit,$10.80,0.00,0.00%,14,0.00,Singapore,2025,,
COLB,Columbia Banking System Inc. Common Stock,$28.85,-0.49,-1.67%,2600929,8161730432.00,United States,1992,Major Banks,Finance
COLD,Americold Realty Trust Inc. Common Stock,$14.37,-0.18,-1.237%,2474393,4102355518.00,United States,2018,Real Estate Investment Trusts,Real Estate
COLL,Collegium Pharmaceutical Inc. Common Stock,$22.45,-0.33,-1.449%,878459,730873512.00,United States,2015,Biotechnology: Pharmaceutical Preparations,Health Care
COLM,Columbia Sportswear Company Common Stock,$56.78,-1.65,-2.824%,534870,2906749555.00,United States,1998,Apparel,Consumer Discretionary
COMP,Compass Inc. Class A Common Stock,$9.16,-0.51,-5.274%,18088006,6938903325.00,United States,2021,Real Estate,Finance
CON,Concentra Group Holdings Parent Inc. Common Stock,$34.79,-0.09,-0.258%,815448,4436342035.00,United States,2024,Medical Specialities,Health Care
COO,The Cooper Companies Inc. Common Stock,$56.07,0.78,1.411%,4136486,10662007335.00,United States,,Ophthalmic Goods,Health Care
COOK,Traeger Inc. Common Stock,$48.18,-1.20,-2.43%,42616,134818432.00,United States,2021,Consumer Electronics/Appliances,Consumer Discretionary
COOT,Australian Oilseeds Holdings Limited Ordinary Shares,$0.4751,0.0131,2.835%,998587,14285594.00,Australia,,Packaged Foods,Consumer Staples
COP,ConocoPhillips Common Stock,$128.09,2.82,2.251%,5060436,153879317685.00,United States,,Integrated oil Companies,Energy
COPL,Copley Acquisition Corp Ordinary Shares,$10.555,0.015,0.142%,281,0.00,,2025,,
COPR,Idaho Copper Corporation Common Stock,$3.13,0.02,0.643%,23107,58777031.00,,2026,Metal Mining,Basic Materials
COR,Cencora Inc. Common Stock,$312.28,-2.15,-0.684%,1103060,59591507086.00,United States,,Other Pharmaceuticals,Health Care
CORT,Corcept Therapeutics Incorporated Common Stock,$112.94,-4.565,-3.885%,810038,12208632957.00,United States,2004,Biotechnology: Pharmaceutical Preparations,Health Care
CORZ,Core Scientific Inc. Common Stock,$18.10,-0.69,-3.672%,9102749,5816261982.00,United States,,Finance: Consumer Services,Finance
CORZW,Core Scientific Inc. Tranche 1 Warrants,$11.36,-0.69,-5.726%,92336,3650427410.00,United States,,Finance: Consumer Services,Finance
CORZZ,Core Scientific Inc. Tranche 2 Warrants,$18.2201,-0.5199,-2.774%,2167,5854854969.00,United States,,Finance: Consumer Services,Finance
COSM,Cosmos Health Inc. Common Stock,$0.4066,0.0524,14.794%,13569202,40917692.00,United States,,Other Pharmaceuticals,Health Care
COSO,CoastalSouth Bancshares Inc. Common Stock,$26.31,-0.35,-1.313%,112138,314521474.00,United States,2025,Major Banks,Finance
COST,Costco Wholesale Corporation Common Stock,$904.70,5.29,0.588%,2284042,401215273979.00,United States,,Department/Specialty Retail Stores,Consumer Discretionary
COTY,Coty Inc. Class A Common Stock,$2.64,-0.03,-1.124%,4916700,2325012265.00,United States,2013,Package Goods/Cosmetics,Consumer Discretionary
COUR,Coursera Inc. Common Stock,$5.12,-0.02,-0.389%,4648092,1353728000.00,United States,2021,Computer Software: Prepackaged Software,Technology
COYA,Coya Therapeutics Inc. Common Stock,$5.04,-0.26,-4.906%,158623,118227559.00,United States,2022,Biotechnology: Pharmaceutical Preparations,Health Care
CP,Canadian Pacific Kansas City Limited Common Shares,$88.28,0.29,0.33%,1564986,78769056827.00,Canada,,Railroads,Industrials
CPA,Copa Holdings S.A. Class A Common Stock,$129.93,-5.20,-3.848%,443003,5345132191.00,Panama,2005,Air Freight/Delivery Services,Consumer Discretionary
CPAC,Cementos Pacasmayo S.A.A. American Depositary Shares (Each representing five Common Shares),$12.31,-0.08,-0.646%,13261,1043564124.00,Peru,,Building Materials,Industrials
CPAY,Corpay Inc. Common Stock,$395.16,2.21,0.562%,468473,25946047141.00,United States,,Business Services,Consumer Discretionary
CPB,The Campbell's Company Common Stock,$20.34,0.13,0.643%,6079945,6065514983.00,United States,,Packaged Foods,Consumer Staples
CPBI,Central Plains Bancshares Inc. Common Stock,$20.15,0.15,0.75%,784,84070555.00,United States,2023,Savings Institutions,Finance
CPF,Central Pacific Financial Corp New,$36.32,-0.44,-1.197%,156670,935146730.00,United States,,Major Banks,Finance
CPHC,Canterbury Park Holding Corporation 'New' Common Stock,$15.78,0.13,0.831%,816,81793957.00,United States,,Services-Misc. Amusement & Recreation,Consumer Discretionary
CPHI,China Pharma Holdings Inc. Common Stock,$0.7199,0.0499,7.448%,223186,30971539.00,China,,Biotechnology: Pharmaceutical Preparations,Health Care
CPIX,Cumberland Pharmaceuticals Inc. Common Stock,$7.94,-0.26,-3.171%,76225,118965870.00,United States,2009,Biotechnology: Pharmaceutical Preparations,Health Care
CPK,Chesapeake Utilities Corporation Common Stock,$129.64,-2.28,-1.728%,187931,3125160826.00,United States,,Oil & Gas Production,Utilities
CPNG,Coupang Inc. Class A Common Stock,$14.28,-0.33,-2.259%,10614091,25668467105.00,United States,2021,Catalog/Specialty Distribution,Consumer Discretionary
CPOP,Pop Culture Group Co. Ltd Class A Ordinary Shares,$5.17,0.46,9.766%,387677,5213873.00,China,2021,Services-Misc. Amusement & Recreation,Consumer Discretionary
CPRI,Capri Holdings Limited Ordinary Shares,$15.43,0.24,1.58%,4750187,1753644466.00,Hong Kong,2011,Apparel,Consumer Discretionary
CPRT,Copart Inc. (DE) Common Stock,$28.865,0.07,0.243%,11026835,26723548428.00,United States,1994,Retail-Auto Dealers and Gas Stations,Consumer Discretionary
CPS,Cooper-Standard Holdings Inc. Common Stock,$23.01,-0.95,-3.965%,184671,408869476.00,United States,,Auto Parts:O.E.M.,Consumer Discretionary
CPSH,CPS Technologies Corp. Common Stock,$3.87,-0.11,-2.764%,128233,75031336.00,United States,,Building Materials,Consumer Discretionary
CPSS,Consumer Portfolio Services Inc. Common Stock,$9.34,-0.30,-3.112%,25835,201321029.00,United States,1992,Finance: Consumer Services,Finance
CPT,Camden Property Trust Common Stock,$97.68,-1.63,-1.641%,1369606,9820683708.00,United States,1993,Real Estate Investment Trusts,Real Estate
CPZ,Calamos Long/Short Equity & Dynamic Income Trust Common Stock,$12.81,-0.14,-1.081%,81524,251488405.00,United States,2019,Trusts Except Educational Religious and Charitable,Finance
CQP,Cheniere Energy Partners LP Common Units,$64.29,-1.78,-2.694%,113632,31120069790.00,United States,2007,Oil/Gas Transmission,Utilities
CR,Crane Company Common Stock,$204.33,2.06,1.018%,296960,11810346741.00,United States,2023,Metal Fabrications,Industrials
CRAC,Crown Reserve Acquisition Corp. I Class A Ordinary Shares,$10.23,0.00,0.00%,35,0.00,Cayman Islands,2025,,
CRAI,CRA International Inc. Common Stock,$162.02,3.28,2.066%,164032,1016976857.00,United States,1998,Other Consumer Services,Consumer Discretionary
CRAN,Crane Harbor Acquisition Corp. II Class A Ordinary Shares,$10.10,0.00,0.00%,11,0.00,United States,2026,Blank Checks,Finance
CRANR,Crane Harbor Acquisition Corp. II Rights,$0.17,0.0061,3.722%,1110,0.00,United States,2026,Blank Checks,Finance
CRAQ,Cal Redwood Acquisition Corp. Class A Ordinary Shares,$10.40,0.0199,0.192%,5181,0.00,United States,2025,Blank Checks,Finance
CRBD,Corebridge Financial Inc. 6.375% Junior Subordinated Notes due 2064,$21.16,-0.30,-1.398%,87579,0.00,United States,2024,Life Insurance,Finance
CRBG,Corebridge Financial Inc. Common Stock,$33.89,0.05,0.148%,3485945,15107230771.00,United States,2022,Life Insurance,Finance
CRBP,Corbus Pharmaceuticals Holdings Inc. Common Stock,$7.74,-0.135,-1.714%,787834,149701608.00,United States,,Biotechnology: Pharmaceutical Preparations,Health Care
CRBU,Caribou Biosciences Inc. Common Stock,$1.29,-0.05,-3.731%,700036,138297692.00,United States,2021,Biotechnology: Biological Products (No Diagnostic Substances),Health Care
CRC,California Resources Corporation Common Stock,$52.10,0.07,0.135%,682832,4627516425.00,United States,2020,Oil & Gas Production,Energy
CRCL,Circle Internet Group Inc. Class A Common Stock,$91.72,-2.87,-3.034%,10946181,23285495805.00,United States,2025,Finance: Consumer Services,Finance
CRCT,Cricut Inc. Class A Common Stock,$5.89,0.08,1.377%,536423,1233627610.00,United States,2021,Industrial Machinery/Components,Technology
CRD/A,Crawford & Company,$12.38,-0.46,-3.583%,101605,,United States,,,
CRD/B,Crawford & Company,$11.81,-0.62,-4.988%,16859,,United States,,,
CRDF,Cardiff Oncology Inc. Common Stock,$1.31,-0.02,-1.504%,590237,101911776.00,United States,,Biotechnology: Biological Products (No Diagnostic Substances),Health Care
CRDL,Cardiol Therapeutics Inc. Class A Common Shares,$1.77,-0.12,-6.349%,2112342,213568988.00,Canada,,Biotechnology: Biological Products (No Diagnostic Substances),Health Care
CRDO,Credo Technology Group Holding Ltd Ordinary Shares,$193.87,1.31,0.68%,7813456,36438238343.00,United States,2022,Semiconductors,Technology
CRE,Cre8 Enterprise Limited Class A Ordinary Shares,$2.91,-0.04,-1.356%,129315,5860696.00,Hong Kong,2025,Publishing,Consumer Discretionary
CRESY,Cresud S.A.C.I.F. y A. American Depositary Shares,$12.71,0.31,2.50%,308715,901459241.00,Argentina,1997,Real Estate,Finance
CREX,Creative Realities Inc. Common Stock,$2.54,-0.06,-2.308%,55806,34357325.00,United States,,EDP Services,Technology
CRF,Cornerstone Total Return Fund Inc. (The) Common Stock,$6.10,-0.04,-0.651%,805654,0.00,United States,2003,Finance/Investors Services,Finance
CRGO,Freightos Limited Ordinary shares,$1.04,0.005,0.483%,80054,54156424.00,Israel,,Integrated Freight & Logistics,Industrials
CRGOW,Freightos Limited Warrants,$0.0281,-0.0019,-6.333%,27963,1463265.00,Israel,,Integrated Freight & Logistics,Industrials
CRGY,Crescent Energy Company Class A Common Stock,$13.18,0.17,1.307%,5871332,4354720713.00,United States,2021,Oil & Gas Production,Energy
CRH,CRH PLC Ordinary Shares,$85.23,-2.81,-3.192%,5036429,57047799789.00,Ireland,,Building Materials,Industrials
CRI,Carter's Inc. Common Stock,$29.77,-1.09,-3.532%,1255006,1092891977.00,United States,2003,Apparel,Consumer Discretionary
CRIS,Curis Inc. Common Stock,$0.9519,-0.0481,-4.81%,144161,1989544.00,United States,,Biotechnology: Biological Products (No Diagnostic Substances),Health Care
CRK,Comstock Resources Inc. Common Stock,$13.45,0.13,0.976%,2103584,3949196371.00,United States,,Oil & Gas Production,Energy
CRL,Charles River Laboratories International Inc. Common Stock,$277.33,-7.78,-2.729%,1594353,13239421372.00,United States,2000,Biotechnology: Commercial Physical & Biological Resarch,Health Care
CRM,Salesforce Inc. Common Stock,$237.58,4.30,1.843%,12357601,195528340000.00,United States,2004,Computer Software: Prepackaged Software,Technology
CRMD,CorMedix Inc. Common Stock,$7.69,-0.09,-1.157%,812588,599391852.00,United States,,Biotechnology: Pharmaceutical Preparations,Health Care
CRML,Critical Metals Corp. Ordinary Shares,$7.72,-0.82,-9.602%,13876091,1133981173.00,British Virgin Islands,,Metal Mining,Basic Materials
CRMLW,Critical Metals Corp. Warrants,$2.875,-0.47,-14.051%,22905,422305165.00,British Virgin Islands,,Metal Mining,Basic Materials
CRMT,America's Car-Mart Inc Common Stock,$1.67,-0.03,-1.765%,125400,13925258.00,United States,,Retail-Auto Dealers and Gas Stations,Consumer Discretionary
CRNC,Cerence Inc. Common Stock,$8.07,-0.16,-1.944%,471684,365008174.00,United States,,Computer Software: Prepackaged Software,Technology
CRNT,Ceragon Networks Ltd. Ordinary Shares,$2.19,0.08,3.791%,669161,199904321.00,Israel,,Radio And Television Broadcasting And Communications Equipment,Technology
CRON,Cronos Group Inc. Common Share,$3.40,-0.03,-0.875%,512833,1252603738.00,Canada,, Medicinal Chemicals and Botanical Products ,Health Care
CROX,Crocs Inc. Common Stock,$124.62,0.04,0.032%,1382369,5974915247.00,United States,2006,Shoe Manufacturing,Consumer Discretionary
CRS,Carpenter Technology Corporation Common Stock,$395.03,-4.99,-1.247%,951456,19577120327.00,United States,,Steel/Iron Ore,Industrials
CRSP,CRISPR Therapeutics AG Common Shares,$55.76,-3.27,-5.54%,2362537,5391582331.00,Switzerland,2016,Biotechnology: Biological Products (No Diagnostic Substances),Health Care
CRSR,Corsair Gaming Inc. Common Stock,$13.52,-0.06,-0.442%,1322416,1462552486.00,United States,2020,Computer peripheral equipment,Technology
CRT,Cross Timbers Royalty Trust Common Stock,$11.83,-0.41,-3.35%,73062,70980000.00,United States,1992,Oil & Gas Production,Energy
CRTO,Criteo S.A. Ordinary Shares,$16.55,-0.30,-1.78%,263569,810909601.00,France,2013,Advertising,Consumer Discretionary
CRUS,Cirrus Logic Inc. Common Stock,$120.45,0.07,0.058%,479480,6036660222.00,United States,1989,Semiconductors,Technology
CRVL,CorVel Corp. Common Stock,$73.30,-0.29,-0.394%,163307,3702864654.00,United States,,Specialty Insurers,Finance
CRVO,CervoMed Inc. Common Stock,$2.51,-0.02,-0.791%,123588,37948931.00,United States,,Biotechnology: Pharmaceutical Preparations,Health Care
CRVS,Corvus Pharmaceuticals Inc. Common Stock,$12.54,-0.90,-6.696%,946788,1054876638.00,United States,2016,Biotechnology: Pharmaceutical Preparations,Health Care
CRWD,CrowdStrike Holdings Inc. Class A Common Stock,$262.49,12.43,4.971%,13225780,268772656677.00,United States,2019,Computer Software: Prepackaged Software,Technology
CRWS,Crown Crafts Inc Common Stock,$2.59,0.01,0.388%,77947,27869143.00,United States,,Textiles,Consumer Discretionary
CRWV,CoreWeave Inc. Class A Common Stock,$86.90,0.14,0.161%,31705075,47928530714.00,United States,2025,Computer Software: Prepackaged Software,Technology
CSAI,Cloudastructure Inc. Class A Common Stock,$3.47,-0.01,-0.287%,22031,3010128.00,United States,,Computer Software: Programming Data Processing,Technology
CSBR,Champions Oncology Inc. Common Stock,$5.02,-0.27,-5.104%,1503,69871216.00,United States,,Biotechnology: Biological Products (No Diagnostic Substances),Health Care
CSCO,Cisco Systems Inc. Common Stock (DE),$106.43,-0.01,-0.009%,17637931,419609520893.00,United States,1990,Computer Communications Equipment,Telecommunications
CSGP,CoStar Group Inc. Common Stock,$28.26,-0.51,-1.773%,5671025,11450883837.00,United States,1998,Real Estate,Finance
CSHR,CoinShares PLC Ordinary Shares,$5.86,-0.06,-1.014%,291568,772232025.00,Jersey,,Investment Bankers/Brokers/Service,Finance
CSHRW,CoinShares PLC Warrants,$1.07,-0.01,-0.926%,10641,141004824.00,Jersey,,Investment Bankers/Brokers/Service,Finance
CSIQ,Canadian Solar Inc. Common Shares (ON),$11.34,-0.43,-3.653%,1600144,769041650.00,Canada,2006,Semiconductors,Technology
CSL,Carlisle Companies Incorporated Common Stock,$323.96,-4.59,-1.397%,378450,12865790527.00,United States,,Specialty Chemicals,Industrials
CSPI,CSP Inc. Common Stock,$7.42,-0.34,-4.381%,8209,74798386.00,United States,1982,EDP Services,Technology
CSQ,Calamos Strategic Total Return Common Stock,$20.75,-0.31,-1.472%,161951,3296918157.00,United States,2004,Finance Companies,Finance
CSQR,Csquare Inc. Common Stock,$18.53,-0.34,-1.802%,893424,3087727724.00,,2026,Computer Software: Programming Data Processing,Technology
CSR,D/B/A Centerspace Common Stock,$55.08,-0.86,-1.537%,149633,925021837.00,United States,,Real Estate Investment Trusts,Real Estate
CSTE,Caesarstone Ltd. Ordinary Shares,$2.79,-0.04,-1.413%,24313,96470039.00,Israel,2012,Building Materials,Industrials
CSTL,Castle Biosciences Inc. Common Stock,$34.88,0.03,0.086%,348346,1065566804.00,United States,2019,Medical Specialities,Health Care
CSTM,Constellium SE Ordinary Shares (France),$24.96,-0.37,-1.461%,3370484,3382772091.00,Netherlands,2013,Metal Fabrications,Industrials
CSV,Carriage Services Inc. Common Stock,$31.72,-0.14,-0.439%,139663,503786429.00,United States,,Other Consumer Services,Consumer Discretionary
CSW,CSW Industrials Inc. Common Stock,$297.93,-5.19,-1.712%,102786,4854318582.00,United States,,Home Furnishings,Industrials
CSWC,Capital Southwest Corporation Common Stock,$23.15,-0.19,-0.814%,654825,1438557807.00,United States,,Textiles,Consumer Discretionary
CSX,CSX Corporation Common Stock,$47.19,0.60,1.288%,10643475,87418291333.00,United States,,Railroads,Industrials
CTA^A,EIDP Inc. Preferred Stock $3.50 Series,$51.0001,-0.9599,-1.847%,982,,United States,,,
CTA^B,EIDP Inc. Preferred Stock $4.50 Series,$65.78,0.24,0.366%,2558,,United States,,,
CTAA,ClearThink 1 Acquisition Corp. Class A Ordinary Shares,$9.95,0.00,0.00%,8,0.00,United States,2026,Blank Checks,Finance
CTAS,Cintas Corporation Common Stock,$191.97,-6.83,-3.436%,3295223,76695233761.00,United States,1983,Garments and Clothing,Industrials
CTBI,Community Trust Bancorp Inc. Common Stock,$74.40,-0.69,-0.919%,104144,1351695778.00,United States,,Major Banks,Finance
CTEV,Claritev Corporation Class A Common Stock,$25.04,-4.41,-14.975%,174322,424364474.00,United States,2020,Business Services,Consumer Discretionary
CTGG,Qwest Corporation 6.500% Senior Notes due 2051 (denominations of $25),$16.22,-0.08,-0.491%,68997,0.00,,2026,Telecommunications Equipment,Telecommunications
CTGO,Contango Silver & Gold Inc. Common Stock,$18.38,-1.44,-7.265%,250402,614639901.00,United States,2021,Precious Metals,Basic Materials
CTHH,Qwest Corporation 6.750% Senior Notes due 2052 (denominations of $25),$16.79,0.07,0.419%,51838,0.00,,2026,Telecommunications Equipment,Telecommunications
CTKB,Cytek Biosciences Inc. Common Stock,$5.68,-0.03,-0.525%,1261190,738304877.00,United States,2021,Biotechnology: Laboratory Analytical Instruments,Industrials
CTM,Castellum Inc. Common Stock,$0.6326,-0.0074,-1.156%,294166,59958642.00,,2022,Professional Services,Consumer Discretionary
CTMX,CytomX Therapeutics Inc. Common Stock,$2.78,-0.16,-5.442%,4955462,605760010.00,United States,2015,Biotechnology: Pharmaceutical Preparations,Health Care
CTNM,Contineum Therapeutics Inc. Class A Common Stock,$12.51,-0.89,-6.642%,550266,470640361.00,United States,2024,Biotechnology: Pharmaceutical Preparations,Health Care
CTNT,Cheetah Net Supply Chain Service Inc Class A Common Stock,$0.0384,-0.0058,-13.122%,193135708,121321.00,United States,2023,Motor Vehicles,Consumer Discretionary
CTO,CTO Realty Growth Inc. Common Stock,$20.25,-0.13,-0.638%,485678,759080444.00,United States,1992,Real Estate Investment Trusts,Real Estate
CTO^A,CTO Realty Growth Inc. 6.375% Series A Cumulative Redeemable Preferred Stock,$20.05,-0.0572,-0.284%,5128,,United States,,,
CTOR,Citius Oncology Inc. Common Stock,$1.01,-0.06,-5.607%,56972,93911016.00,United States,2022,Biotechnology: Pharmaceutical Preparations,Health Care
CTOS,Custom Truck One Source Inc. Common Stock,$9.51,-0.12,-1.246%,690234,2163577638.00,Cayman Islands,2017,Diversified Commercial Services,Consumer Discretionary
CTRE,CareTrust REIT Inc. Common Stock,$37.17,-0.26,-0.695%,1889964,8783018207.00,United States,2022,Real Estate Investment Trusts,Real Estate
CTRI,Centuri Holdings Inc. Common Stock,$20.17,0.14,0.699%,2236342,2036424779.00,United States,2024,Oil & Gas Production,Utilities
CTRM,Castor Maritime Inc. Common Shares,$2.13,-0.04,-1.843%,43513,20580814.00,Cyprus,,Marine Transportation,Consumer Discretionary
CTRN,Citi Trends Inc. Common Stock,$50.56,-3.47,-6.422%,184327,421642440.00,United States,2005,Clothing/Shoe/Accessory Stores,Consumer Discretionary
CTS,CTS Corporation Common Stock,$59.24,0.29,0.492%,173418,1691668992.00,United States,,Electrical Products,Technology
CTSH,Cognizant Technology Solutions Corporation Class A Common Stock,$59.14,0.46,0.784%,4520522,26639270520.00,United States,1998,EDP Services,Technology
CTSO,Cytosorbents Corporation Common Stock,$4.91,-0.41,-7.707%,6132,15471906.00,United States,,Medical/Dental Instruments,Health Care
CTVA,Corteva Inc. Common Stock ,$80.42,0.08,0.10%,5550013,53655902320.00,United States,2019,Farming/Seeds/Milling,Consumer Staples
CTW,CTW Class A Ordinary Shares,$2.13,0.01,0.472%,14781,132912000.00,Japan,2025,EDP Services,Technology
CTXR,Citius Pharmaceuticals Inc. Common Stock,$0.5686,-0.0296,-4.948%,223146,15609531.00,United States,,Biotechnology: Pharmaceutical Preparations,Health Care
CUB,Lionheart Holdings Class A Ordinary Shares,$10.89,0.01,0.092%,299978,345959793.00,United States,2024,Industrial Machinery/Components,Industrials
CUBB,Customers Bancorp Inc 5.375% Subordinated Notes Due 2034,$21.22,-0.08,-0.376%,3409,671050458.00,United States,2019,Major Banks,Finance
CUBE,CubeSmart Common Shares,$38.14,-0.42,-1.089%,3820021,8587688329.00,United States,,Real Estate Investment Trusts,Real Estate
CUBI,Customers Bancorp Inc Common Stock,$76.72,-0.63,-0.814%,260062,2591893059.00,United States,,Major Banks,Finance
CUBWW,Lionheart Holdings Warrant,$0.1799,0.0239,15.321%,112,0.00,United States,2024,Industrial Machinery/Components,Industrials
CUE,Cue Biopharma Inc. Common Stock,$31.71,0.81,2.621%,696629,230354568.00,United States,2018,Biotechnology: Pharmaceutical Preparations,Health Care
CULP,Culp Inc. Common Stock,$3.58,-0.02,-0.556%,133777,45592460.00,United States,,Textiles,Consumer Discretionary
CUPR,Cuprina Holdings (Cayman) Limited Class A Ordinary Shares,$1.88,-0.11,-5.528%,97056,13167065.00,Singapore,2025,Industrial Specialties,Health Care
CURB,Curbline Properties Corp. Common Stock,$28.16,-0.64,-2.222%,871368,3239470784.00,United States,2024,Real Estate,Finance
CURI,CuriosityStream Inc. Class A Common Stock,$2.88,0.02,0.699%,820685,170893521.00,United States,2020,Movies/Entertainment,Consumer Discretionary
CURR,Currenc Group Inc. Ordinary Shares,$3.09,0.03,0.98%,268929,346951025.00,Singapore,,Business Services,Consumer Discretionary
CURV,Torrid Holdings Inc. Common Stock,$2.38,-0.04,-1.653%,107776,237332255.00,United States,2021,Clothing/Shoe/Accessory Stores,Consumer Discretionary
CURX,Curanex Pharmaceuticals Inc Common Stock,$4.475,-0.105,-2.293%,4344,7017878.00,United States,2025,Biotechnology: Pharmaceutical Preparations,Health Care
CUVL,Clinuvel Pharmaceuticals Limited American Depositary Shares,$5.79,-0.01,-0.172%,8327,289851453.00,Australia,,Miscellaneous,Miscellaneous
CUZ,Cousins Properties Incorporated Common Stock,$28.25,-0.65,-2.249%,2413901,4650008139.00,United States,,Real Estate Investment Trusts,Real Estate
CV,CapsoVision Inc. Common Stock,$6.05,-0.25,-3.968%,443204,321833332.00,United States,2025,Biotechnology: Electromedical & Electrotherapeutic Apparatus,Health Care
CVBF,CVB Financial Corporation Common Stock,$22.01,-0.15,-0.677%,1418753,3873703544.00,United States,,Major Banks,Finance
CVCO,Cavco Industries Inc. Common Stock When Issued,$541.84,-16.55,-2.964%,80162,4166425580.00,United States,,Homebuilding,Consumer Discretionary
CVE,Cenovus Energy Inc Common Stock,$31.08,-0.24,-0.766%,11430103,58275000000.00,Canada,,Oil & Gas Production,Energy
CVEO,Civeo Corporation (Canada) Common Shares,$33.20,-0.89,-2.611%,78553,343183719.00,,2014,Hotels/Resorts,Consumer Discretionary
CVGI,Commercial Vehicle Group Inc. Common Stock,$3.03,0.00,0.00%,244194,123117026.00,United States,2004,Auto Parts:O.E.M.,Consumer Discretionary
CVI,CVR Energy Inc. Common Stock,$51.80,-0.33,-0.633%,1231411,5207485028.00,United States,2007,Integrated oil Companies,Energy
CVKD,Cadrenal Therapeutics Inc. Common Stock,$1.32,0.20,17.857%,271113,4709221.00,United States,2023,Biotechnology: Pharmaceutical Preparations,Health Care
CVLG,Covenant Logistics Group Inc. Class A Common Stock,$34.15,-0.19,-0.553%,133284,866651119.00,United States,,Trucking Freight/Courier Services,Industrials
CVLT,Commvault Systems Inc. Common Stock,$149.43,3.02,2.063%,480582,6193061199.00,United States,2006,Computer Software: Prepackaged Software,Technology
CVM,Cel-Sci Corporation Common Stock,$1.68,-0.02,-1.176%,171401,29549498.00,United States,1997,Biotechnology: Biological Products (No Diagnostic Substances),Health Care
CVNA,Carvana Co. Class A Common Stock,$63.95,-1.45,-2.217%,8567199,70374658092.00,United States,2017,Retail-Auto Dealers and Gas Stations,Consumer Discretionary
CVR,Chicago Rivet & Machine Co. Common Stock,$10.099,0.0192,0.19%,2395,9756967.00,United States,1930,Industrial Machinery/Components,Industrials
CVRX,CVRx Inc. Common Stock,$2.72,-0.17,-5.882%,482046,72465144.00,United States,2021,Medical/Dental Instruments,Health Care
CVS,CVS Health Corporation Common Stock,$85.86,-1.24,-1.424%,7315535,109812395882.00,United States,,Retail-Drug Stores and Proprietary Stores,Consumer Staples
CVSA,Covista Inc. Common Shares,$123.19,0.19,0.154%,260887,4193242236.00,United States,,Other Consumer Services,Real Estate
CVU,CPI Aerostructures Inc. Common Stock,$5.10,-0.02,-0.391%,7312,67573643.00,United States,2022,Military/Government/Technical,Industrials
CVV,CVD Equipment Corporation Common Stock,$4.43,0.00,0.00%,43048,30793829.00,United States,,Industrial Machinery/Components,Technology
CVX,Chevron Corporation Common Stock,$205.51,3.10,1.532%,8264178,406040754520.00,United States,,Integrated oil Companies,Energy
CW,Curtiss-Wright Corporation Common Stock,$545.15,-5.12,-0.93%,538973,20134812147.00,United States,,Industrial Machinery/Components,Technology
CWBC,Community West Bancshares Common Stock,$25.42,-0.32,-1.243%,170984,689672003.00,United States,,Major Banks,Finance
CWCO,Consolidated Water Co. Ltd. Ordinary Shares,$28.09,-0.50,-1.749%,71487,449801378.00,Cayman Islands,,Water Supply,Utilities
CWD,CaliberCos Inc. Class A Common Stock,$0.754,0.0257,3.529%,2017028,7830028.00,United States,2023,Real Estate,Finance
CWEN,Clearway Energy Inc. Class C Common Stock,$30.12,-0.53,-1.729%,1095190,4937080945.00,United States,2015,Electric Utilities: Central,Utilities
CWH,Camping World Holdings Inc. Class A Common Stock,$5.36,-0.34,-5.965%,1743147,553660750.00,United States,2016,Retail-Auto Dealers and Gas Stations,Consumer Discretionary
CWK,Cushman & Wakefield Ltd. Common Shares,$12.33,-0.53,-4.121%,1564551,2894020020.00,United States,2018,Real Estate,Finance
CWST,Casella Waste Systems Inc. Class A Common Stock,$84.80,-0.96,-1.119%,557410,5396675901.00,United States,1997,Environmental Services,Utilities
CWT,California Water Service Group Common Stock,$46.07,-1.22,-2.58%,412628,2848927383.00,United States,,Water Supply,Utilities
CX,Cemex S.A.B. de C.V. Sponsored ADR,$9.76,-0.48,-4.688%,10645546,14795341282.00,Mexico,,Building Materials,Industrials
CXAI,CXApp Inc. Class A Common Stock,$2.50,-0.02,-0.794%,74967,5843515.00,United States,2021,EDP Services,Technology
CXDO,Crexendo Inc. Common Stock,$5.80,-0.01,-0.172%,256462,192871982.00,United States,,Telecommunications Equipment,Telecommunications
CXII,Churchill Capital Corp XII Class A Ordinary Shares,$10.6995,-0.1005,-0.931%,326,0.00,United States,2026,Blank Checks,Finance
CXIIW,Churchill Capital Corp XII Warrants,$1.69,-0.38,-18.357%,1350,0.00,United States,2026,Blank Checks,Finance
CXM,Sprinklr Inc. Class A Common Stock,$5.43,0.05,0.929%,1770572,1260690376.00,United States,2021,Computer Software: Prepackaged Software,Technology
CXT,Crane NXT Co. Common Stock,$48.42,-0.02,-0.041%,747831,2787118340.00,United States,,Metal Fabrications,Industrials
CXW,CoreCivic Inc. Common Stock,$32.28,0.81,2.574%,1771883,3192281825.00,United States,,Real Estate Investment Trusts,Real Estate
CYAB,Cyabra Inc. Common Stock,$0.2551,-0.013,-4.849%,1497103,4489013.00,Israel,,Computer Software: Prepackaged Software,Technology
CYCU,Cycurion Inc. Common Stock,$3.01,-0.22,-6.811%,144708,9722426.00,United States,2025,EDP Services,Technology
CYCUW,Cycurion Inc. Warrant,$0.048,-0.002,-4.00%,6006,155042.00,United States,2025,EDP Services,Technology
CYD,China Yuchai International Limited Common Stock,$34.60,-0.45,-1.284%,62622,1298133941.00,Singapore,1994,Industrial Machinery/Components,Industrials
CYH,Community Health Systems Inc. Common Stock,$3.01,-0.01,-0.331%,997017,424438165.00,United States,2000,Hospital/Nursing Management,Health Care
CYN,Cyngn Inc. Common Stock,$0.7698,-0.0068,-0.876%,70949,11815107.00,United States,2021,EDP Services,Technology
CYPH,Cypherpunk Technologies Inc. Common Stock,$3.61,-0.12,-3.217%,19770171,389029419.00,United States,,Biotechnology: Pharmaceutical Preparations,Health Care
CYRX,CryoPort Inc. Common Stock,$17.49,-0.08,-0.455%,568881,885852759.00,United States,,Biotechnology: Pharmaceutical Preparations,Health Care
CYTK,Cytokinetics Incorporated Common Stock,$65.81,-1.78,-2.634%,2051015,9149131139.00,United States,2004,Biotechnology: Pharmaceutical Preparations,Health Care
CZFS,Citizens Financial Services Inc. Common Stock,$78.28,-2.25,-2.794%,39488,376515449.00,United States,,Major Banks,Finance
CZNC,Citizens & Northern Corp Common Stock,$25.22,-0.46,-1.791%,55379,452317346.00,United States,,Major Banks,Finance
CZR,Caesars Entertainment Inc. Common Stock,$29.61,-0.01,-0.034%,15355412,6032160215.00,United States,,Hotels/Resorts,Consumer Discretionary
CZWI,Citizens Community Bancorp Inc. Common Stock,$21.23,-0.40,-1.849%,36654,204874404.00,United States,2006,Savings Institutions,Finance
D,Dominion Energy Inc. Common Stock,$61.17,-1.26,-2.018%,4908097,53800602300.00,United States,,Electric Utilities: Central,Utilities
DAAQ,Digital Asset Acquisition Corp. Class A Ordinary shares,$10.45,0.00,0.00%,116,0.00,United States,2025,Blank Checks,Finance
DAAQW,Digital Asset Acquisition Corp. Warrant,$0.1401,0.0201,16.75%,1763,0.00,United States,2025,Blank Checks,Finance
DAC,Danaos Corporation Common Stock,$154.42,-1.58,-1.013%,111772,2810980610.00,Greece,2006,Marine Transportation,Consumer Discretionary
DAIC,CID HoldCo Inc. Common Stock,$3.33,-0.135,-3.896%,2432353,6535471.00,United States,,EDP Services,Technology
DAICW,CID HoldCo Inc. Warrants,$0.0075,0.0005,7.143%,11479,14720.00,United States,,EDP Services,Technology
DAIO,Data I/O Corporation Common Stock,$2.86,-0.02,-0.694%,6765,29731493.00,United States,1981,Electrical Products,Industrials
DAKT,Daktronics Inc. Common Stock,$17.65,-0.33,-1.835%,395591,848835273.00,United States,1994,Miscellaneous manufacturing industries,Consumer Discretionary
DAL,Delta Air Lines Inc. Common Stock,$81.75,-2.17,-2.586%,6651912,53760682703.00,United States,,Air Freight/Delivery Services,Consumer Discretionary
DAN,Dana Incorporated Common Stock ,$29.70,-0.51,-1.688%,1282698,3195027366.00,United States,,Auto Parts:O.E.M.,Consumer Discretionary
DAO,Youdao Inc. American Depositary Shares each representing one Class A Ordinary Share,$14.62,-0.12,-0.814%,65872,1763678305.00,China,2019,Other Consumer Services,Real Estate
DAR,Darling Ingredients Inc. Common Stock,$61.36,-0.27,-0.438%,3533000,9682786926.00,United States,1997,Packaged Foods,Consumer Staples
DARE,Dare Bioscience Inc. Common Stock,$0.8074,-0.0426,-5.012%,100045,15880818.00,United States,2014,Biotechnology: Pharmaceutical Preparations,Health Care
DASH,DoorDash Inc. Class A Common Stock,$189.27,-2.94,-1.53%,5836892,82010300536.00,United States,,Business Services,Consumer Discretionary
DAVA,Endava plc American Depositary Shares (each representing one Class A Ordinary Share),$2.00,-0.11,-5.213%,2779445,108655206.00,United Kingdom,2018,EDP Services,Technology
DAVE,Dave Inc. Class A Common Stock,$326.19,-27.38,-7.744%,644400,4160718828.00,United States,,Finance: Consumer Services,Finance
DAVEW,Dave Inc. Warrants,$0.96,-0.44,-31.429%,33881,12245287.00,United States,,Finance: Consumer Services,Finance
DB,Deutsche Bank AG Common Stock,$35.87,-1.69,-4.499%,3812638,67485818000.00,Germany,,Major Banks,Finance
DBCA,D. Boral Acquisition I Corp. Class A Ordinary Shares,$10.04,-0.01,-0.10%,824,0.00,United States,2026,Blank Checks,Finance
DBCAW,D. Boral Acquisition I Corp. Warrants,$0.35,-0.0199,-5.38%,162,0.00,United States,2026,Blank Checks,Finance
DBD,Diebold Nixdorf Incorporated Common stock,$63.04,-1.35,-2.097%,176548,2139992908.00,United States,2023,Office Equipment/Supplies/Services,Miscellaneous
DBGI,Digital Brands Group Inc. Common Stock,$5.71,1.00,21.231%,2740988,5330336.00,United States,2025,Clothing/Shoe/Accessory Stores,Consumer Discretionary
DBI,Designer Brands Inc. Class A Common Stock,$6.22,-0.17,-2.66%,563505,317987573.00,United States,,Clothing/Shoe/Accessory Stores,Consumer Discretionary
DBL,DoubleLine Opportunistic Credit Fund Common Shares of Beneficial Interest,$13.65,-0.05,-0.365%,230887,0.00,United States,2012,,
DBRG,DigitalBridge Group Inc.,$15.99,0.01,0.063%,8216774,2998049543.00,United States,2014,Real Estate Investment Trusts,Real Estate
DBRG^H,DigitalBridge Group Inc. 7.125% Series H ,$14.85,-0.20,-1.329%,45725,,United States,,,
DBRG^I,DigitalBridge Group Inc. 7.15% Series I ,$15.0001,-0.1149,-0.76%,141645,,United States,,,
DBRG^J,DigitalBridge Group Inc. 7.125% Series J ,$15.475,-0.095,-0.61%,119693,,United States,,,
DBVT,DBV Technologies S.A. American Depositary Shares,$12.17,-0.46,-3.642%,377515,720257536.00,France,2014,Biotechnology: Biological Products (No Diagnostic Substances),Health Care
DBX,Dropbox Inc. Class A Common Stock,$34.22,0.32,0.944%,5116093,7723771733.00,United States,2018,Computer Software: Prepackaged Software,Technology
DC,Dakota Gold Corp. Common Stock,$6.64,-0.26,-3.768%,2253131,890908660.00,United States,2022,Metal Mining,Basic Materials
DCBG,Dime Commercial Bancshares Inc. 9.000% Junior Subordinated Notes,$26.57,0.00,0.00%,614,1040179285.00,United States,,Major Banks,Finance
DCBO,Docebo Inc. Common Shares,$22.59,-0.37,-1.611%,23086,563566148.00,Canada,,Computer Software: Prepackaged Software,Technology
DCGO,DocGo Inc. Common Stock,$0.3622,0.0039,1.088%,149370,35831855.00,United States,2020,Medical/Nursing Services,Health Care
DCH,Dauch Corporation Common Stock,$5.68,-0.23,-3.892%,4492745,1349594139.00,United States,,Auto Parts:O.E.M.,Consumer Discretionary
DCI,Donaldson Company Inc. Common Stock,$86.74,0.69,0.802%,602907,10054124997.00,United States,,Pollution Control Equipment,Industrials
DCO,Ducommun Incorporated Common Stock,$172.51,6.06,3.641%,243388,2604862875.00,United States,,Military/Government/Technical,Industrials
DCOM,Dime Commercial Bancshares Inc. Common Stock,$39.95,-0.59,-1.455%,192563,1764055970.00,United States,,Major Banks,Finance
DCOM^,Dime Commercial Bancshares Inc. Preferred Stock Series A,$16.52,-0.21,-1.255%,7486,,United States,,,
DCOY,Decoy Therapeutics Inc. Common Stock,$3.85,0.75,24.194%,26772968,2522462.00,United States,2015,Biotechnology: Pharmaceutical Preparations,Health Care
DCTH,Delcath Systems Inc. Common Stock,$15.96,-0.44,-2.683%,279531,553792768.00,United States,,Medical/Dental Instruments,Health Care
DCX,Digital Currency X Technology Inc. Class A Ordinary Shares,$0.0734,-0.031,-29.693%,31650190,27553465.00,Cayman Islands,,Auto Manufacturing,Industrials
DD,DuPont de Nemours Inc. Common Stock,$130.88,-0.92,-0.698%,686699,17674424568.00,United States,2017,Major Chemicals,Industrials
DDC,DDC Enterprise Limited Class A Ordinary Shares,$0.214,-0.02,-8.547%,4627335,12538530.00,,2023,Packaged Foods,Consumer Staples
DDD,3D Systems Corporation Common Stock,$3.51,-0.08,-2.228%,2238191,583176065.00,United States,,Computer Software: Prepackaged Software,Technology
DDI,DoubleDown Interactive Co. Ltd. American Depository Shares,$13.00,-0.10,-0.763%,116588,644194720.00,South Korea,2021,EDP Services,Technology
DDL,Dingdong (Cayman) Limited American Depositary Shares (each two representing three Ordinary Shares),$2.28,-0.04,-1.724%,437752,538599122.00,Cayman Islands,2021,Catalog/Specialty Distribution,Consumer Discretionary
DDOG,Datadog Inc. Class A Common Stock,$251.49,4.015,1.622%,2828506,90303777786.00,United States,2019,Computer Software: Prepackaged Software,Technology
DDS,Dillard's Inc. Common Stock,$645.66,-4.51,-0.694%,295553,10084854733.00,United States,,Department/Specialty Retail Stores,Consumer Discretionary
DDT,Dillard's Capital Trust I,$26.27,0.09,0.344%,7451,410322978.00,United States,,Department/Specialty Retail Stores,Consumer Discretionary
DE,Deere & Company Common Stock,$709.48,6.36,0.905%,1819235,191293837306.00,United States,,Industrial Machinery/Components,Industrials
DEA,Easterly Government Properties Inc. Common Stock,$22.70,-0.62,-2.659%,452086,1074200706.00,United States,2015,Real Estate Investment Trusts,Real Estate
DEC,Diversified Energy Company Common Stock,$13.89,-0.01,-0.072%,572316,1066144882.00,United States,2025,,
DECK,Deckers Outdoor Corporation Common Stock,$78.59,-1.24,-1.553%,3218558,10720794100.00,United States,1993,Shoe Manufacturing,Consumer Discretionary
DEFT,Defi Technologies Inc. Common Stock,$0.534,-0.0444,-7.676%,2703140,207241782.00,Canada,,Finance: Consumer Services,Finance
DEI,Douglas Emmett Inc. Common Stock,$9.89,-0.48,-4.629%,3090833,1656429291.00,United States,2006,Real Estate Investment Trusts,Real Estate
DELL,Dell Technologies Inc. Class C Common Stock ,$549.83,0.91,0.166%,8252363,349588924333.00,United States,2018,Computer Manufacturing,Technology
DEO,Diageo plc Common Stock,$86.11,-1.26,-1.442%,816844,47933126850.00,United Kingdom,,Beverages (Production/Distribution),Consumer Staples
DERM,Journey Medical Corporation Common Stock,$6.50,-0.75,-10.345%,342394,183458568.00,United States,2021,Biotechnology: Pharmaceutical Preparations,Health Care
DETX,Liberty Defense Holdings Ltd. Common Shares,$2.05,-0.11,-5.093%,11988,11648065.00,United States,,Industrial Machinery/Components,Industrials
DFDV,DeFi Development Corp. Common Stock,$5.77,-0.51,-8.121%,2029786,188221958.00,United States,2023,Finance: Consumer Services,Finance
DFDVW,DeFi Development Corp. Warrant,$0.98,-0.09,-8.411%,4912,31968374.00,United States,,Finance: Consumer Services,Finance
DFH,Dream Finders Homes Inc. Class A Common Stock,$11.63,-0.63,-5.139%,889051,1052923422.00,United States,2022,Homebuilding,Consumer Discretionary
DFIN,Donnelley Financial Solutions Inc. Common Stock ,$48.61,0.12,0.247%,182759,1195095468.00,United States,2016,Other Consumer Services,Consumer Discretionary
DFLI,Dragonfly Energy Holdings Corp. Common Stock (NV),$0.8875,0.0174,2.00%,113464,13293688.00,United States,2021,Industrial Machinery/Components,Miscellaneous
DFLIW,Dragonfly Energy Holdings Corp. Warrant,$0.0169,0.0001,0.595%,3501,253142.00,United States,2021,Industrial Machinery/Components,Miscellaneous
DFNS,T3 Defense Inc. Common Stock,$7.87,-0.48,-5.749%,333116,22353130.00,United States,2020,Professional Services,Consumer Discretionary
DFNSW,T3 Defense Inc. Warrants,$0.0604,-0.0002,-0.33%,23604,171554.00,United States,2020,Professional Services,Consumer Discretionary
DFP,Flaherty & Crumrine Dynamic Preferred and Income Fund Inc. Common Stock,$19.01,-0.54,-2.762%,98320,0.00,,2013,Investment Managers,Finance
DFSC,DEFSEC Technologies Inc. Common Stock,$1.17,-0.02,-1.681%,92898,7685812.00,Canada,,Computer Software: Prepackaged Software,Technology
DFSCW,DEFSEC Technologies Inc. Warrant,$0.0155,0.00,0.00%,40,101821.00,Canada,,Computer Software: Prepackaged Software,Technology
DFTX,Definium Therapeutics Inc. Common Shares,$37.65,-2.67,-6.622%,2712956,5058915668.00,United States,, Medicinal Chemicals and Botanical Products ,Health Care
DG,Dollar General Corporation Common Stock,$120.60,-2.03,-1.655%,1610520,26606384874.00,United States,2009,Department/Specialty Retail Stores,Consumer Discretionary
DGAC,Disciplined Growth Acquisition Corporation Class A Ordinary Shares,$9.9901,-0.0099,-0.099%,5411,0.00,,2026,,
DGICA,Donegal Group Inc. Class A Common Stock,$18.13,-0.45,-2.422%,126603,672972583.00,United States,,Property-Casualty Insurers,Finance
DGICB,Donegal Group Inc. Class B Common Stock,$19.40,1.51,8.44%,1790,720114071.00,United States,1986,Property-Casualty Insurers,Finance
DGII,Digi International Inc. Common Stock,$75.30,0.46,0.615%,391720,2857493662.00,United States,1989,Computer Communications Equipment,Telecommunications
DGNX,Diginex Limited Ordinary Shares,$1.47,-0.06,-3.922%,393922,73691291.00,Hong Kong,2025,EDP Services,Technology
DGX,Quest Diagnostics Incorporated Common Stock,$233.00,-1.76,-0.75%,1129968,25716992880.00,United States,,Medical Specialities,Health Care
DGXX,Digi Power X Inc. Subordinate Voting Shares,$4.22,-0.14,-3.211%,1573476,427879958.00,Canada,,Finance: Consumer Services,Finance
DH,Definitive Healthcare Corp. Class A Common Stock,$1.01,0.12,13.483%,420395,146419746.00,United States,2021,Computer Software: Prepackaged Software,Technology
DHC,Diversified Healthcare Trust Common Shares of Beneficial Interest,$8.13,-0.04,-0.49%,2082616,1968508672.00,United States,,Real Estate Investment Trusts,Real Estate
DHCNI,Diversified Healthcare Trust 5.625% Senior Notes due 2042,$17.80,-0.22,-1.221%,3939,4297175555.00,United States,,Real Estate Investment Trusts,Real Estate
DHCNL,Diversified Healthcare Trust 6.25% Senior Notes Due 2046,$18.755,-0.075,-0.398%,2803,4527726266.00,United States,,Real Estate Investment Trusts,Real Estate
DHF,BNY Mellon High Yield Strategies Fund Common Stock,$2.23,-0.04,-1.762%,689931,0.00,United States,1998,Finance Companies,Finance
DHI,D.R. Horton Inc. Common Stock,$140.17,-3.94,-2.734%,2420811,39205726595.00,United States,,Homebuilding,Consumer Discretionary
DHR,Danaher Corporation Common Stock,$221.56,0.47,0.213%,3404587,155753590124.00,United States,,Industrial Machinery/Components,Industrials
DHT,DHT Holdings Inc.,$21.28,-0.11,-0.514%,3744158,3426966035.00,Jersey,2005,Marine Transportation,Consumer Discretionary
DHX,DHI Group Inc. Common Stock,$4.60,-0.11,-2.335%,292358,199751274.00,United States,2007,Business Services,Consumer Discretionary
DHY,UBS Asset Management High Yield Credit Fund Common Stock,$1.63,-0.02,-1.212%,854774,0.00,United States,1998,Finance/Investors Services,Finance
DIBS,1stdibs.com Inc. Common Stock,$4.02,-0.20,-4.739%,135969,135133478.00,United States,2021,Catalog/Specialty Distribution,Consumer Discretionary
DIN,Dine Brands Global Inc. Common Stock,$28.68,0.10,0.35%,960795,363064422.00,United States,,Restaurants,Consumer Discretionary
DINO,HF Sinclair Corporation Common Stock,$106.14,-0.55,-0.516%,4850773,18869977733.00,United States,1960,Natural Gas Distribution,Energy
DIOD,Diodes Incorporated Common Stock,$95.51,-0.43,-0.448%,328770,4398398345.00,United States,,Semiconductors,Technology
DIS,Walt Disney Company (The) Common Stock,$103.46,-0.36,-0.347%,8239564,178643026881.00,United States,,Services-Misc. Amusement & Recreation,Consumer Discretionary
DIT,AMCON Distributing Company Common Stock,$67.56,0.00,0.00%,168,65940452.00,United States,1999,Food Distributors,Consumer Discretionary
DJCO,Daily Journal Corp. (S.C.) Common Stock,$659.40,2.39,0.364%,45177,908621549.00,United States,,Newspapers/Magazines,Consumer Discretionary
DJT,Trump Media & Technology Group Corp. Common Stock,$9.06,-0.32,-3.412%,2297046,2518147942.00,United States,2024,Computer Software: Programming Data Processing,Technology
DJTWW,Trump Media & Technology Group Corp. Warrants,$5.39,0.09,1.698%,17844,1498103467.00,United States,2021,Computer Software: Programming Data Processing,Technology
DK,Delek US Holdings Inc. Common Stock,$72.26,-1.08,-1.473%,2152979,4424636893.00,United States,2017,Integrated oil Companies,Energy
DKI,DarkIris Inc. Class A Ordinary Shares,$2.58,0.04,1.575%,32861,5359834.00,Hong Kong,2025,Computer Software: Prepackaged Software,Technology
DKL,Delek Logistics Partners L.P. Common Units representing Limited Partner Interests,$54.97,0.81,1.496%,79690,2924255636.00,United States,2012,Natural Gas Distribution,Energy
DKNG,DraftKings Inc. Class A Common Stock,$21.25,-0.55,-2.523%,16640522,10549648520.00,United States,2019,Services-Misc. Amusement & Recreation,Consumer Discretionary
DKS,Dick's Sporting Goods Inc Common Stock,$132.36,-1.58,-1.18%,2097927,11770318952.00,United States,2002,Other Specialty Stores,Consumer Discretionary
DLB,Dolby Laboratories Common Stock,$58.03,-0.37,-0.634%,1318237,5435600174.00,United States,2005,Multi-Sector Companies,Miscellaneous
DLHC,DLH Holdings Corp.,$3.85,-0.12,-3.023%,6040,55798185.00,United States,,Professional Services,Consumer Discretionary
DLNG,Dynagas LNG Partners LP Common Units,$3.58,-0.04,-1.105%,48552,130247599.00,Greece,,Marine Transportation,Consumer Discretionary
DLNG^A,Dynagas LNG Partners LP 9.00% Series A Cumulative Redeemable Preferred Units,$26.20,-0.0221,-0.084%,467,,Greece,,,
DLO,DLocal Limited Class A Common Shares,$14.06,-0.20,-1.403%,1433142,4146743301.00,Uruguay,2021,Business Services,Consumer Discretionary
DLPN,Dolphin Entertainment Inc. Common Stock,$1.10,0.02,1.852%,3564,14328106.00,United States,,Other Consumer Services,Consumer Discretionary
DLR,Digital Realty Trust Inc. Common Stock,$181.45,-4.20,-2.262%,1605128,67143064135.00,United States,2004,Real Estate Investment Trusts,Real Estate
DLR^J,Digital Realty Trust Inc. 5.250% Series J Cumulative Redeemable Preferred Stock,$18.39,-0.21,-1.129%,22933,,United States,,,
DLR^K,Digital Realty Trust Inc. 5.850% Series K Cumulative Redeemable Preferred Stock par value $0.01 per share,$20.65,-0.37,-1.76%,22351,,United States,,,
DLR^L,Digital Realty Trust Inc. 5.200% Series L Cumulative Redeemable Preferred Stock,$18.33,-0.04,-0.218%,62767,,United States,,,
DLTH,Duluth Holdings Inc. Class B Common Stock,$4.065,-0.115,-2.751%,45575,154490329.00,United States,2015,Clothing/Shoe/Accessory Stores,Consumer Discretionary
DLTR,Dollar Tree Inc. Common Stock,$113.16,-1.88,-1.634%,2236844,21232244635.00,United States,1995,Department/Specialty Retail Stores,Consumer Discretionary
DLX,Deluxe Corporation Common Stock,$23.88,0.07,0.294%,427263,1095048205.00,United States,,Publishing,Consumer Discretionary
DLXY,Delixy Holdings Limited Class A Ordinary Shares,$0.503,-0.017,-3.269%,520778,8224050.00,Singapore,2025,Oil Refining/Marketing,Energy
DLY,DoubleLine Yield Opportunities Fund Common Shares of Beneficial Interest,$13.09,-0.14,-1.058%,475024,627610247.00,United States,2020,Investment Managers,Finance
DMA,Destra Multi-Alternative Fund Common Stock,$7.60,-0.07,-0.913%,6417,0.00,,2022,Trusts Except Educational Religious and Charitable,Finance
DMAA,Drugs Made In America Acquisition Corp. Ordinary Shares,$10.85,0.00,0.00%,239,0.00,United States,2025,,
DMAAR,Drugs Made In America Acquisition Corp. Rights,$0.1262,-0.0002,-0.158%,471,0.00,United States,2025,Blank Checks,Finance
DMAC,DiaMedica Therapeutics Inc. Common Stock,$7.56,-0.22,-2.828%,174144,407678269.00,United States,2018,Biotechnology: Pharmaceutical Preparations,Health Care
DMB,BNY Mellon Municipal Bond Infrastructure Fund Inc. Common Stock,$9.76,-0.08,-0.813%,99151,0.00,,2013,Trusts Except Educational Religious and Charitable,Finance
DMC,Del Monte Corporation Ordinary Shares,$30.68,-0.88,-2.788%,291521,1446445968.00,Cayman Islands,,Farming/Seeds/Milling,Consumer Staples
DMII,Drugs Made In America Acquisition II Corp. Ordinary Shares,$10.16,0.005,0.049%,2167,0.00,United States,2025,Blank Checks,Finance
DMIIR,Drugs Made In America Acquisition II Corp. Right,$0.068,0.0019,2.874%,500,0.00,United States,2025,Blank Checks,Finance
DMIIU,Drugs Made In America Acquisition II Corp. Unit,$10.24,0.0399,0.391%,962,0.00,United States,2025,,
DMLP,Dorchester Minerals L.P. Common Units Representing Limited Partnership Interests,$29.11,0.01,0.034%,50381,1429050887.00,United States,,Oil & Gas Production,Energy
DMO,Western Asset Mortgage Opportunity Fund Inc. Common Stock,$9.49,-0.26,-2.667%,64605,0.00,United States,2010,Trusts Except Educational Religious and Charitable,Finance
DMRA,Damora Therapeutics Inc. Ordinary Shares,$20.44,-1.97,-8.791%,1067240,1261874008.00,Denmark,2020,Biotechnology: Pharmaceutical Preparations,Health Care
DMRC,Digimarc Corporation Common Stock,$4.93,-0.18,-3.523%,126097,110803372.00,United States,,EDP Services,Technology
DNA,Ginkgo Bioworks Holdings Inc. Class A Common Stock,$8.58,-0.79,-8.431%,1845256,552039577.00,United States,2021,Biotechnology: Biological Products (No Diagnostic Substances),Health Care
DNLI,Denali Therapeutics Inc. Common Stock,$20.46,-1.14,-5.278%,1914266,3270477865.00,United States,2017,Biotechnology: Biological Products (No Diagnostic Substances),Health Care
DNMX,Dynamix Corporation III Class A Ordinary Shares,$10.06,0.005,0.05%,1187,0.00,United States,2025,Blank Checks,Finance
DNMXU,Dynamix Corporation III Unit,$10.14,0.01,0.099%,1329,0.00,United States,2025,Blank Checks,Finance
DNMXW,Dynamix Corporation III Warrants,$0.2001,0.0001,0.05%,2400,0.00,United States,2025,Blank Checks,Finance
DNN,Denison Mines Corp Ordinary Shares (Canada),$2.82,-0.11,-3.754%,21162611,2552709478.00,Canada,,Other Metals and Minerals,Basic Materials
DNOW,DNOW Inc. Common Stock,$15.71,0.15,0.964%,1512054,2840146348.00,United States,2014,Oil and Gas Field Machinery,Consumer Discretionary
DNP,DNP Select Income Fund Inc. Common Stock,$9.97,-0.13,-1.287%,761696,0.00,United States,1987,Investment Managers,Finance
DNTH,Dianthus Therapeutics Inc. Common Stock,$93.44,-4.91,-4.992%,1187445,5226508280.00,United States,2018,Biotechnology: Pharmaceutical Preparations,Health Care
DNUT,Krispy Kreme Inc. Common Stock,$3.02,-0.05,-1.629%,1403652,523970000.00,United States,2021,Food Chains,Consumer Staples
DOC,Healthpeak Properties Inc. Common Stock,$20.48,-0.12,-0.583%,7417883,14121518285.00,United States,,Real Estate Investment Trusts,Real Estate
DOCN,DigitalOcean Holdings Inc. Common Stock,$141.21,-4.79,-3.281%,2207877,16603408256.00,United States,2021,Computer Software: Programming Data Processing,Technology
DOCS,Doximity Inc. Class A Common Stock,$26.57,0.06,0.226%,2474624,4735995689.00,United States,2021,EDP Services,Technology
DOCU,DocuSign Inc. Common Stock,$69.49,2.73,4.089%,3403145,12987851389.00,United States,1989,Computer Software: Prepackaged Software,Technology
DOGZ,Dogness (International) Corporation Class A Common Stock,$0.90,-0.01,-1.099%,27563,15858592.00,China,2017,Miscellaneous manufacturing industries,Consumer Discretionary
DOLE,Dole plc Ordinary Shares,$12.92,-0.28,-2.121%,569054,1220407786.00,Ireland,2021,Farming/Seeds/Milling,Consumer Staples
DOMH,Dominari Holdings Inc. Common Stock,$2.45,-0.12,-4.669%,329157,59396933.00,United States,,Investment Bankers/Brokers/Service,Finance
DOO,BRP Inc. Common Subordinate Voting Shares,$56.84,-1.06,-1.831%,214356,4044183166.00,Canada,,Industrial Specialties,Consumer Discretionary
DORM,Dorman Products Inc. Common Stock,$121.41,0.60,0.497%,237554,3602916781.00,United States,,Auto Parts:O.E.M.,Consumer Discretionary
DOUG,Douglas Elliman Inc. Common Stock,$1.54,-0.02,-1.282%,590576,139971328.00,United States,2021,Real Estate,Finance
DOV,Dover Corporation Common Stock,$189.03,2.49,1.335%,1181045,25458602932.00,United States,,Industrial Machinery/Components,Industrials
DOW,Dow Inc. Common Stock ,$28.65,0.45,1.596%,7923205,20695061370.00,United States,2019,Major Chemicals,Industrials
DOX,Amdocs Limited Ordinary Shares,$58.36,-0.43,-0.731%,929397,6299935096.00,Guernsey,,EDP Services,Technology
DOYU,DouYu International Holdings Limited ADS,$4.67,-0.04,-0.849%,16876,140935272.00,China,2019,Computer Software: Programming Data Processing,Technology
DPC,DPC Holdings PLC Ordinary Shares,$41.93,1.28,3.149%,1354547,6264049161.00,,2026,Metal Fabrications,Telecommunications
DPG,Duff & Phelps Utility and Infrastructure Fund Inc.,$13.00,-0.37,-2.767%,258975,0.00,United States,2011,Trusts Except Educational Religious and Charitable,Finance
DPRO,Draganfly Inc. Common Shares,$5.36,-0.18,-3.249%,788648,198320000.00,Canada,,Aerospace,Industrials
DPU,Top KingWin Ltd Class A Ordinary Shares,$1.57,0.01,0.641%,10061,4719228.00,China,2023,Business Services,Consumer Discretionary
DPZ,Domino's Pizza Inc Common Stock,$296.43,-0.685,-0.231%,866927,9806418706.00,United States,2004,Food Distributors,Consumer Discretionary
DQ,DAQO New Energy Corp. American Depositary Shares each representing five ordinary shares,$11.91,-0.40,-3.249%,461404,805903692.00,China,2010,Semiconductors,Technology
DRCT,Direct Digital Holdings Inc. Class A Common Stock,$1.61,-0.01,-0.617%,27762,1292390.00,United States,2022,Advertising,Consumer Discretionary
DRD,DRDGOLD Limited American Depositary Shares,$25.49,-1.04,-3.92%,200164,2203836622.00,South Africa,,Precious Metals,Basic Materials
DRDB,Roman DBDR Acquisition Corp. II Ordinary shares,$10.72,0.04,0.375%,298,0.00,United States,2025,,
DRDBU,Roman DBDR Acquisition Corp. II Unit,$10.72,0.00,0.00%,8,0.00,United States,2024,,
DRDBW,Roman DBDR Acquisition Corp. II Warrants,$0.1302,0.00,0.00%,86,0.00,United States,2025,,
DRH,Diamondrock Hospitality Company Common Stock,$12.24,-0.07,-0.569%,4342820,2504373535.00,United States,2005,Real Estate Investment Trusts,Real Estate
DRI,Darden Restaurants Inc. Common Stock,$213.69,0.15,0.07%,1874605,24377321196.00,United States,,Restaurants,Consumer Discretionary
DRIO,DarioHealth Corp. Common Stock,$6.74,-0.15,-2.177%,1896,66048502.00,Israel,,Medical/Dental Instruments,Health Care
DRK,DarkHorse Technologies Inc. Common Shares,$2.84,-0.02,-0.699%,251732,29454995.00,Canada,,Finance: Consumer Services,Finance
DRMA,Dermata Therapeutics Inc. Common Stock,$1.12,-0.03,-2.609%,14415,4504800.00,United States,2021,Biotechnology: Pharmaceutical Preparations,Health Care
DRS,Leonardo DRS Inc. Common Stock,$37.41,0.26,0.70%,707499,9984411576.00,Israel,,Industrial Machinery/Components,Industrials
DRTS,Alpha Tau Medical Ltd. Ordinary Shares,$14.52,-0.62,-4.095%,727115,1342782796.00,Israel,,Medical/Dental Instruments,Health Care
DRTSW,Alpha Tau Medical Ltd. Warrant,$4.00,-0.14,-3.382%,51124,369912616.00,Israel,,Medical/Dental Instruments,Health Care
DRUG,Bright Minds Biosciences Inc. Common Stock,$57.92,-2.75,-4.533%,90404,571326413.00,Canada,,Biotechnology: Pharmaceutical Preparations,Health Care
DRVN,Driven Brands Holdings Inc. Common Stock,$12.335,0.065,0.53%,738055,2035026030.00,United States,2021,Automotive Aftermarket,Consumer Discretionary
DSAC,Daedalus Special Acquisition Corp. Class A Ordinary Shares,$10.145,-0.02,-0.197%,33687,0.00,Cayman Islands,2026,Blank Checks,Finance
DSC,DSC Holdings Ltd. American Depositary Shares,$6.70,0.31,4.851%,42624,335485696.00,China,2026,Computer Software: Programming Data Processing,Technology
DSGN,Design Therapeutics Inc. Common Stock,$12.36,-0.80,-6.079%,738292,773509206.00,United States,2021,Biotechnology: Pharmaceutical Preparations,Health Care
DSGR,Distribution Solutions Group Inc. Common Stock,$34.95,-0.01,-0.029%,199885,1616626999.00,United States,,Industrial Specialties,Consumer Discretionary
DSGX,Descartes Systems Group Inc. (The) Common Stock,$80.24,1.38,1.75%,427738,6864415893.00,Canada,,Computer Software: Prepackaged Software,Technology
DSL,DoubleLine Income Solutions Fund Common Shares of Beneficial Interests,$9.97,-0.13,-1.287%,1117198,1016908375.00,United States,2013,Trusts Except Educational Religious and Charitable,Finance
DSM,BNY Mellon Strategic Municipal Bond Fund Inc. Common Stock,$5.32,-0.09,-1.664%,266082,0.00,United States,1989,Investment Managers,Finance
DSP,Viant Technology Inc. Class A Common Stock,$12.29,-0.55,-4.283%,487070,817270461.00,United States,2021,Computer Software: Programming Data Processing,Technology
DSS,DSS Inc. Common Stock,$0.6948,-0.0179,-2.512%,15812,6977542.00,United States,,Containers/Packaging,Consumer Discretionary
DSU,Blackrock Debt Strategies Fund Inc. Common Stock,$8.95,-0.09,-0.996%,513495,0.00,United States,1998,Finance Companies,Finance
DSWL,Deswell Industries Inc. Common Shares,$3.14,-0.04,-1.258%,16708,49879650.00,Macau,1995,Plastic Products,Industrials
DSX,Diana Shipping inc. common stock,$2.88,-0.04,-1.37%,1525249,358311459.00,Greece,2005,Marine Transportation,Consumer Discretionary
DSX^B,Diana Shipping Inc. Perpetual Preferred Shares Series B (Marshall Islands),$27.2501,0.00,0.00%,172,,Greece,,,
DSY,Big Tree Cloud Holdings Limited Class A Ordinary Shares,$3.66,0.09,2.521%,11495,17391852.00,China,,Containers/Packaging,Consumer Discretionary
DSYWW,Big Tree Cloud Holdings Limited Warrants,$0.0155,0.0013,9.155%,2991,73654.00,China,,Containers/Packaging,Consumer Discretionary
DT,Dynatrace Inc. Common Stock,$58.51,1.31,2.29%,8052860,16909514509.00,United States,2019,Computer Software: Prepackaged Software,Technology
DTB,DTE Energy Company 2020 Series G 4.375% Junior Subordinated Debentures due 2080,$15.395,-0.195,-1.251%,37820,3203515822.00,United States,2020,Electric Utilities: Central,Utilities
DTCX,Datacentrex Inc. Common Stock,$2.02,-0.05,-2.415%,51735,81090125.00,United States,,EDP Services,Technology
DTE,DTE Energy Company Common Stock,$122.89,-2.52,-2.009%,1850308,25571942799.00,United States,,Electric Utilities: Central,Utilities
DTF,DTF Tax-Free Income 2028 Term Fund Inc. Common Stock,$11.30,-0.01,-0.088%,13562,79434107.00,United States,1991,Investment Managers,Finance
DTG,DTE Energy Company 2021 Series E 4.375% Junior Subordinated Debentures,$15.61,-0.25,-1.576%,21780,3248254757.00,United States,2021,Electric Utilities: Central,Utilities
DTI,Drilling Tools International Corporation Common Stock,$2.44,0.01,0.412%,122188,86088627.00,United States,2021,Oil and Gas Field Machinery,Consumer Discretionary
DTIL,Precision BioSciences Inc. Common Stock,$6.36,-0.83,-11.544%,355980,175545883.00,United States,2019,Biotechnology: Biological Products (No Diagnostic Substances),Health Care
DTK,DTE Energy Company 2025 Series H 6.25% Junior Subordinated Debentures due 2085,$21.39,-0.27,-1.247%,179747,0.00,United States,2025,Electric Utilities: Central,Utilities
DTM,DT Midstream Inc. Common Stock ,$125.83,0.87,0.696%,987650,12836584696.00,United States,2021,Natural Gas Distribution,Utilities
DTSQ,DT Cloud Star Acquisition Corporation Ordinary Shares,$11.50,0.00,0.00%,89,0.00,United States,2024,,
DTSQR,DT Cloud Star Acquisition Corporation Right,$0.15,0.0201,15.473%,661,0.00,United States,2024,Blank Checks,Finance
DTSS,Datasea Intelligent Technology Ltd. Class A Ordinary Shares,$0.9034,0.0016,0.177%,336574,13031437.00,China,,Computer Software: Prepackaged Software,Technology
DTST,Data Storage Corporation Common Stock,$2.80,-0.12,-4.11%,5748,6545666.00,United States,,EDP Services,Technology
DTW,DTE Energy Company 2017 Series E 5.25% Junior Subordinated Debentures due 2077,$18.78,-0.19,-1.002%,25073,3907893936.00,United States,2017,Electric Utilities: Central,Utilities
DUK,Duke Energy Corporation (Holding Company) Common Stock,$114.17,-2.14,-1.84%,3884049,89018599375.00,United States,,Power Generation,Utilities
DUK^A,Duke Energy Corporation Depositary Shares each representing a 1/1000th interest in a share of 5.75% Series A Cumulative Redeemable Perpetual Preferred Stock,$22.09,-0.18,-0.808%,318461,,United States,,,
DUKB,Duke Energy Corporation 5.625% Junior Subordinated Debentures due 2078,$20.40,-0.29,-1.402%,71907,15905924737.00,United States,2018,Power Generation,Utilities
DUKR,DUKE Robotics Corp. Common Stock,$5.33,-0.06,-1.113%,8129,18260463.00,Israel,,Aerospace,Industrials
DUKRW,DUKE Robotics Corp. Warrant,$1.30,0.20,18.182%,3334,4453771.00,Israel,,Aerospace,Industrials
DUKU,Duke Energy Corporation Corporate Units,$48.015,-0.695,-1.427%,29766,0.00,United States,2026,Power Generation,Utilities
DUO,Fangdd Network Group Ltd. Class A Ordinary Shares,$0.5894,-0.024,-3.913%,144390,22720435.00,China,2019,Real Estate,Finance
DUOL,Duolingo Inc. Class A Common Stock,$145.98,-1.73,-1.171%,1009065,6829859549.00,United States,2021,Computer Software: Prepackaged Software,Technology
DUOT,Duos Technologies Group Inc. Common Stock,$8.98,-0.20,-2.179%,269881,282623041.00,United States,,Computer Software: Prepackaged Software,Technology
DV,DoubleVerify Holdings Inc. Common Stock,$13.40,0.00,0.00%,1385156,2076823750.00,United States,2021,Computer Software: Programming Data Processing,Technology
DVA,DaVita Inc. Common Stock,$183.14,-0.58,-0.316%,544276,11684332000.00,United States,,Misc Health and Biotechnology Services,Health Care
DVLT,Datavault AI Inc. Common Stock,$0.1543,-0.012,-7.216%,47992515,146543124.00,United States,2018,Business Services,Consumer Discretionary
DVN,Devon Energy Corporation Common Stock,$48.04,1.11,2.365%,14719052,52844000000.00,United States,1985,Oil & Gas Production,Energy
DWSN,Dawson Geophysical Company Common Stock,$2.97,-0.11,-3.571%,29305,92235185.00,United States,,Oil & Gas Production,Energy
DWTX,Dogwood Therapeutics Inc. Common Stock,$1.51,0.00,0.00%,23700,51328755.00,United States,2020,Biotechnology: Pharmaceutical Preparations,Health Care
DX,Dynex Capital Inc. Common Stock,$11.73,-0.37,-3.058%,9701667,2910997936.00,United States,,Real Estate Investment Trusts,Real Estate
DX^C,Dynex Capital Inc. 6.900% Series C Fixed-to-Floating Rate Cumulative Redeemable Preferred Stock,$25.79,0.16,0.624%,59959,,United States,,,
DXC,DXC Technology Company Common Stock ,$10.88,-0.05,-0.457%,1626665,1738392136.00,United States,,EDP Services,Technology
DXCM,DexCom Inc. Common Stock,$87.73,-1.80,-2.01%,3668627,33105859913.00,United States,2005,Medical/Dental Instruments,Health Care
DXF,Eason Technology Limited American Depositary Shares (each representing sixty-thousand (60000) Ordinary Shares),$0.49,0.0175,3.704%,67785,1585618.00,,,Finance: Consumer Services,Finance
DXLG,Destination XL Group Inc. Common Stock,$0.5855,-0.0257,-4.205%,15812,32468054.00,United States,,Clothing/Shoe/Accessory Stores,Consumer Discretionary
DXPE,DXP Enterprises Inc. Common Stock,$191.08,1.23,0.648%,92353,2965016640.00,United States,,Industrial Machinery/Components,Industrials
DXR,Daxor Corporation Common Stock,$10.815,-0.415,-3.695%,11375,63140393.00,United States,,Medical/Dental Instruments,Health Care
DXST,Decent Holding Inc Class A Ordinary Shares,$2.51,-0.09,-3.462%,15461,4555971.00,China,2025,Miscellaneous,Industrials
DXYZ,Destiny Tech100 Inc. Common Stock,$29.73,-0.62,-2.043%,899715,0.00,,2024,,
DY,Dycom Industries Inc. Common Stock,$280.94,-1.08,-0.383%,549965,8473419260.00,United States,,Water Sewer Pipeline Comm & Power Line Construction,Industrials
DYAI,Dyadic International Inc. Common Stock,$0.4149,0.0149,3.725%,251329,16622430.00,United States,,Biotechnology: Biological Products (No Diagnostic Substances),Health Care
DYN,Dyne Therapeutics Inc. Common Stock,$16.23,-0.91,-5.309%,2636347,3030894575.00,United States,2020,Biotechnology: Pharmaceutical Preparations,Health Care
DYNC,Dynamix Corporation Class A Ordinary Shares,$10.92,0.00,0.00%,5643,0.00,United States,2024,,
DYNCW,Dynamix Corporation Warrant,$0.13,0.00,0.00%,10,0.00,United States,2024,,
DYOR,Insight Digital Partners II Class A Ordinary Shares,$10.13,0.00,0.00%,187,0.00,United States,2025,Blank Checks,Finance
E,ENI S.p.A. Common Stock,$54.83,1.57,2.948%,337265,86268565600.00,Italy,,Oil & Gas Production,Energy
EAD,Allspring Income Opportunities Fund Common Shares,$6.06,-0.09,-1.463%,428767,0.00,United States,2003,Finance/Investors Services,Finance
EAF,GrafTech International Ltd. Common Stock,$11.36,0.15,1.338%,956409,296406983.00,United States,2018,Industrial Machinery/Components,Energy
EAI,Entergy Arkansas LLC First Mortgage Bonds 4.875% Series Due September 1 2066,$19.08,-0.26,-1.344%,24381,8903328982.00,United States,2016,Electric Utilities: Central,Utilities
EARN,Ellington Credit Company Common Shares of Beneficial Interest,$4.21,-0.05,-1.174%,182243,158124211.00,United States,2013,Real Estate Investment Trusts,Real Estate
EAT,Brinker International Inc. Common Stock,$210.80,3.99,1.929%,1139147,8804064108.00,United States,,Restaurants,Consumer Discretionary
EBAY,eBay Inc. Common Stock,$109.09,-0.19,-0.174%,4096355,48545050000.00,United States,1998,Business Services,Consumer Discretionary
EBC,Eastern Bankshares Inc. Common Stock,$21.14,-0.23,-1.076%,1799814,4830734209.00,United States,2020,Savings Institutions,Finance
EBF,Ennis Inc. Common Stock,$22.11,0.03,0.136%,186993,559344794.00,United States,,Office Equipment/Supplies/Services,Consumer Discretionary
EBMT,Eagle Bancorp Montana Inc. Common Stock,$21.20,-0.46,-2.124%,23534,168867137.00,United States,2010,Major Banks,Finance
EBON,Ebang International Holdings Inc. Class A Ordinary Shares,$2.01,-0.15,-6.944%,16486,13153315.00,China,2020,Investment Bankers/Brokers/Service,Finance
EBS,Emergent BioSolutions Inc. Common Stock,$6.67,-0.09,-1.331%,1055108,341993151.00,United States,2006,Biotechnology: Pharmaceutical Preparations,Health Care
EC,Ecopetrol S.A. American Depositary Shares,$16.69,-0.22,-1.301%,1475169,34311881727.00,Colombia,,Oil & Gas Production,Energy
ECAT,BlackRock ESG Capital Allocation Term Trust Common Shares of Beneficial Interest,$14.27,-0.28,-1.924%,437803,1543086450.00,United States,2021,Finance/Investors Services,Finance
ECBK,ECB Bancorp Inc. Common Stock,$20.05,-1.05,-4.976%,7003,175190925.00,United States,2022,Banks,Finance
ECC           ,Eagle Point Credit Company Common Share of Beneficial Interest,$3.57,-0.04,-1.108%,733945,216565211.00,United States,2014,Trusts Except Educational Religious and Charitable,Finance
ECC^D,Eagle Point Credit Company 6.75% Series D Preferred Stock,$18.10,-0.17,-0.93%,13140,,United States,,,
ECCC,Eagle Point Credit Company 6.50% Series C Term Preferred Stock due 2031,$25.02,0.02,0.08%,2561,1517776350.00,United States,,Trusts Except Educational Religious and Charitable,Finance
ECCU,Eagle Point Credit Company 7.75% Notes due 2030,$25.11,0.19,0.762%,1017,0.00,United States,2024,,
ECCV,Eagle Point Credit Company 5.375% Notes due 2029,$23.81,-0.0699,-0.293%,2796,1444374696.00,United States,2022,Trusts Except Educational Religious and Charitable,Finance
ECF,Ellsworth Growth and Income Fund Ltd.,$12.35,-0.13,-1.042%,54837,0.00,United States,1986,Finance/Investors Services,Finance
ECF^A,Ellsworth Growth and Income Fund Ltd. 5.25% Series A Cumulative Preferred Shares (Liquidation Preference $25.00 per share),$19.17,-0.27,-1.389%,620,,United States,,,
ECG,Everus Construction Group Inc. Common Stock,$114.98,-1.29,-1.109%,366808,5871319863.00,United States,2024,Homebuilding,Consumer Discretionary
ECHO,EchoStar  Corporation Common Stock,$92.72,-2.74,-2.87%,3338070,26964445056.00,United States,,Telecommunications Equipment,Consumer Discretionary
ECL,Ecolab Inc. Common Stock,$276.72,0.50,0.181%,1058734,77572531022.00,United States,,Package Goods/Cosmetics,Consumer Discretionary
ECO,Okeanis Eco Tankers Corp. Common Stock,$78.03,0.49,0.632%,723346,3046654430.00,,,Marine Transportation,Consumer Discretionary
ECOR,electroCore Inc. Common Stock,$11.42,-0.87,-7.079%,113329,102961407.00,United States,2018,Biotechnology: Electromedical & Electrotherapeutic Apparatus,Health Care
ECPG,Encore Capital Group Inc Common Stock,$94.47,-3.82,-3.886%,227371,2003648806.00,United States,,Finance Companies,Finance
ECVT,Ecovyst Inc. Common Stock,$10.33,-0.12,-1.148%,981323,1130808551.00,United States,2017,Major Chemicals,Industrials
ECX,ECARX Holdings Inc. Class A Ordinary shares,$1.06,-0.04,-3.636%,940045,403923583.00,China,,EDP Services,Technology
ECXWW,ECARX Holdings Inc. Warrants,$0.0218,-0.0013,-5.628%,24200,8307108.00,China,,EDP Services,Technology
ED,Consolidated Edison Inc. Common Stock,$102.61,-1.23,-1.185%,1858371,37948116032.00,United States,,Power Generation,Utilities
EDBL,Edible Garden AG Incorporated Common Stock,$1.20,-0.07,-5.512%,1029307,2341811.00,United States,2022,Farming/Seeds/Milling,Consumer Staples
EDBLW,Edible Garden AG Incorporated Warrant,$0.0314,0.0034,12.143%,1654,61277.00,United States,2022,Farming/Seeds/Milling,Consumer Staples
EDD,Morgan Stanley Emerging Markets Domestic Debt Fund Inc. Common Stock,$5.65,-0.14,-2.418%,272976,0.00,United States,2007,Finance Companies,Finance
EDF,Virtus Stone Harbor Emerging Markets Income Fund Common Shares of Beneficial Interest,$5.23,-0.14,-2.607%,128559,0.00,United States,2010,Investment Managers,Finance
EDHL,Everbright Digital Holding Limited Ordinary Shares,$5.13,0.135,2.703%,263951,30571081.00,Hong Kong,2025,Advertising,Consumer Discretionary
EDIT,Editas Medicine Inc. Common Stock,$2.69,-0.23,-7.877%,5166569,413130294.00,United States,2016,Biotechnology: Biological Products (No Diagnostic Substances),Health Care
EDN,Empresa Distribuidora Y Comercializadora Norte S.A. (Edenor) American Depositary Shares,$22.69,-0.59,-2.534%,80419,1026561900.00,Argentina,2007,Electric Utilities: Central,Utilities
EDRY,EuroDry Ltd. Common Shares ,$51.34,-2.74,-5.067%,186459,147170782.00,Greece,,Marine Transportation,Consumer Discretionary
EDSA,Edesa Biotech Inc. Common Shares,$3.97,-0.10,-2.457%,25474,53609780.00,United States,,Biotechnology: Pharmaceutical Preparations,Health Care
EDTK,Skillful Craftsman Education Technology Limited Ordinary Share,$1.05,0.02,1.942%,5598,17009424.00,China,2020,Other Consumer Services,Real Estate
EDU,New Oriental Education & Technology Group Inc. Sponsored ADR representing 10 Ordinary Share (Cayman Islands),$56.08,1.34,2.448%,854577,8694058846.00,China,2006,Other Consumer Services,Real Estate
EDUC,Educational Development Corporation Common Stock,$1.30,0.00,0.00%,5665,11082453.00,United States,,Consumer Specialties,Consumer Discretionary
EDVA,Endovia Health Sciences Inc. Common Stock,$0.2051,-0.0255,-11.058%,66589715,1315208.00,,2021,Beverages (Production/Distribution),Consumer Staples
EE,Excelerate Energy Inc. Class A Common Stock,$33.97,-0.49,-1.422%,307249,3852269507.00,United States,2022,Oil/Gas Transmission,Utilities
EEA,The European Equity Fund Inc. Common Stock,$10.58,-0.18,-1.673%,36642,0.00,United States,,Trusts Except Educational Religious and Charitable,Finance
EEFT,Euronet Worldwide Inc. Common Stock,$64.64,-1.05,-1.598%,686751,2417768381.00,United States,1997,Investment Bankers/Brokers/Service,Finance
EEIQ,EpicQuest Education Group International Limited Common Stock,$3.95,0.03,0.765%,32062,6504161.00,United States,2021,Other Consumer Services,Real Estate
EFC,Ellington Financial Inc. Common Stock ,$12.41,-0.29,-2.283%,1584808,1599492460.00,United States,2010,Real Estate,Finance
EFC^B,Ellington Financial Inc. 6.250% Series B Fixed-Rate Reset Cumulative Redeemable Preferred Stock,$25.10,-0.05,-0.199%,4031,,United States,,,
EFC^C,Ellington Financial Inc. 8.625% Series C Fixed-Rate Reset Cumulative Redeemable Preferred Stock,$25.4099,-0.3401,-1.321%,3948,,United States,,,
EFC^D,Ellington Financial Inc. 7.00% Series D Cumulative Perpetual Redeemable Preferred Stock,$23.50,-0.3208,-1.347%,176,,United States,,,
EFOI,Energy Focus Inc. Common Stock,$2.65,-0.03,-1.119%,36081,16878438.00,United States,,Building Products,Consumer Discretionary
EFOR,Everforth Inc. Common Stock,$33.15,0.87,2.695%,576547,1359150000.00,United States,,Professional Services,Consumer Discretionary
EFR,Eaton Vance Senior Floating-Rate Fund Common Shares of Beneficial Interest,$10.27,-0.11,-1.06%,116345,0.00,United States,2003,Trusts Except Educational Religious and Charitable,Finance
EFSC,Enterprise Financial Services Corporation Common Stock,$59.845,-0.545,-0.902%,227260,2165941359.00,United States,,Major Banks,Finance
EFSCP,Enterprise Financial Services Corporation Depositary Shares Each Representing a 1/40th Interest in a Share of 5% Fixed Rate Non-Cumulative Perpetual Preferred Stock Series A,$16.70,-0.205,-1.213%,1800,604415084.00,United States,,Major Banks,Finance
EFSI,Eagle Financial Services Inc Common Stock,$45.36,-0.97,-2.094%,35992,245470856.00,United States,,Major Banks,Finance
EFT,Eaton Vance Floating Rate Income Trust Common Shares of Beneficial Interest,$10.45,-0.10,-0.948%,111588,303994837.00,United States,2004,Finance Companies,Finance
EFX,Equifax Inc. Common Stock,$155.32,-4.46,-2.791%,1552482,18247754047.00,United States,,Finance: Consumer Services,Finance
EFXT,Enerflex Ltd Common Shares,$23.11,0.72,3.216%,404285,2821797626.00,Canada,2022,Industrial Machinery/Components,Industrials
EG,Everest Group Ltd. Common Stock,$372.36,1.40,0.377%,291406,14277300432.00,Bermuda,,Property-Casualty Insurers,Finance
EGAN,eGain Corporation Common Stock,$5.93,0.12,2.065%,286139,155196799.00,United States,1999,Computer Software: Prepackaged Software,Technology
EGBN,Eagle Bancorp Inc. Common Stock,$28.06,0.04,0.143%,376841,855380282.00,United States,,Major Banks,Finance
EGG,Enigmatig Limited Class A Ordinary Shares,$2.71,-0.14,-4.912%,838,75460492.00,,2025,Professional Services,Consumer Discretionary
EGHA,EGH Acquisition Corp. Class A Ordinary Shares,$10.40,0.00,0.00%,16,0.00,United States,2025,Finance/Investors Services,Finance
EGHAR,EGH Acquisition Corp. Rights,$0.26,0.0099,3.958%,1201,0.00,United States,2025,Finance/Investors Services,Finance
EGHT,8x8 Inc Common Stock,$2.29,0.30,15.075%,4698923,330757297.00,United States,,EDP Services,Technology
EGO,Eldorado Gold Corporation Ordinary Shares,$42.84,-2.01,-4.482%,2787759,11194942931.00,Canada,,Precious Metals,Basic Materials
EGP,EastGroup Properties Inc. Common Stock,$202.60,-0.84,-0.413%,702109,10894474024.00,United States,,Real Estate Investment Trusts,Real Estate
EGY,VAALCO Energy Inc.  Common Stock,$5.84,0.00,0.00%,1039447,614319984.00,United States,,Oil & Gas Production,Energy
EH,EHang Holdings Limited ADS,$4.58,-0.15,-3.171%,382084,347371758.00,China,2019,Aerospace,Industrials
EHC,Encompass Health Corporation Common Stock,$122.21,-0.55,-0.448%,954488,12056430059.00,United States,,Hospital/Nursing Management,Health Care
EHGO,Eshallgo Inc. Class A Ordinary Shares,$0.8973,-0.0309,-3.329%,77599,4967971.00,China,2024,Diversified Commercial Services,Consumer Discretionary
EHI,Western Asset Global High Income Fund Inc Common Stock,$5.43,-0.15,-2.688%,144831,0.00,United States,2003,Investment Managers,Finance
EHLD,Euroholdings Ltd. Common Stock ,$11.925,0.725,6.473%,6414,33588134.00,Greece,,Marine Transportation,Consumer Discretionary
EHTH,eHealth Inc. Common Stock,$0.844,-0.0369,-4.189%,350109,27035560.00,United States,2006,Specialty Insurers,Finance
EIC,Eagle Point Income Company Common Shares of Beneficial Interest,$9.55,-0.01,-0.105%,86820,85072431.00,United States,2019,Finance/Investors Services,Finance
EICA,Eagle Point Income Company 5.00% Series A Term Preferred Shares due 2026,$24.95,-0.02,-0.08%,1344,222257295.00,United States,2021,Finance/Investors Services,Finance
EIG,Employers Holdings Inc Common Stock,$47.79,-0.43,-0.892%,167548,858332582.00,United States,2007,Property-Casualty Insurers,Finance
EIIA,Eagle Point Institutional Income Fund 8.125% Series A Term Preferred Shares Due 2029,$25.03,-0.23,-0.911%,15813,0.00,,2024,,
EIKN,Eikon Therapeutics Inc. Common Stock,$8.13,-0.85,-9.465%,727459,440361694.00,United States,2026,Biotechnology: Biological Products (No Diagnostic Substances),Health Care
EIM,Eaton Vance Municipal Bond Fund Common Shares of Beneficial Interest $.01 par value,$8.90,-0.14,-1.549%,186249,0.00,United States,2002,Finance/Investors Services,Finance
EIX,Edison International Common Stock,$53.51,-1.54,-2.797%,3714441,20591396016.00,United States,,Electric Utilities: Central,Utilities
EJH,E-Home Household Service Holdings Limited Ordinary Shares,$1.2483,0.0683,5.788%,15660,3994752.00,China,2021,Other Consumer Services,Consumer Discretionary
EL,Estee Lauder Companies Inc. (The) Common Stock,$98.83,-1.46,-1.456%,2068776,35756552377.00,United States,1995,Package Goods/Cosmetics,Consumer Discretionary
ELA,Envela Corporation Common Stock,$12.46,-0.38,-2.96%,62309,323504911.00,United States,,Consumer Specialties,Consumer Discretionary
ELAB,PMGC Holdings Inc. Common Stock,$4.53,0.27,6.338%,40046,3667393.00,United States,2023,Biotechnology: Pharmaceutical Preparations,Health Care
ELAN,Elanco Animal Health Incorporated Common Stock,$22.57,-0.36,-1.57%,5336555,11276464703.00,United States,2018,Biotechnology: Pharmaceutical Preparations,Health Care
ELBM,Electra Battery Materials Corporation Common Stock,$0.5436,-0.0319,-5.543%,333890,58056555.00,Canada,,Industrial Machinery/Components,Miscellaneous
ELC,Entergy Louisiana Inc. Collateral Trust Mortgage Bonds 4.875 % Series due September 1 2066,$18.8804,-0.2596,-1.356%,26196,4026010277.00,United States,2016,Electric Utilities: Central,Utilities
ELDN,Eledon Pharmaceuticals Inc. Common Stock,$2.72,-0.17,-5.882%,1322993,221030333.00,United States,2014,Biotechnology: Pharmaceutical Preparations,Health Care
ELE,Elemental Royalty Corporation Common Stock,$20.43,-1.00,-4.666%,351817,1645003701.00,Canada,,Precious Metals,Basic Materials
ELF,e.l.f. Beauty Inc. Common Stock,$100.78,-1.34,-1.312%,1046835,5946825837.00,United States,2016,Package Goods/Cosmetics,Consumer Discretionary
ELLA,Ellington Credit Company 8.50% Notes due 2031,$25.0501,-0.0099,-0.04%,9205,0.00,United States,2026,Real Estate Investment Trusts,Real Estate
ELLO,Ellomay Capital Ltd Ordinary Shares (Israel),$21.98,1.08,5.167%,1239,302955395.00,Israel,,Electric Utilities: Central,Utilities
ELMD,Electromed Inc. Common Stock,$27.57,0.00,0.00%,71825,230655114.00,United States,2011,Biotechnology: Electromedical & Electrotherapeutic Apparatus,Health Care
ELME,Elme Communities Common Stock,$1.71,-0.03,-1.724%,642004,151946980.00,United States,2000,Real Estate Investment Trusts,Real Estate
ELMT,The Elmet Group Co. Common Stock,$20.58,-0.24,-1.153%,576709,626856469.00,United States,2026,Metal Fabrications,Industrials
ELOG,Eastern International Ltd. Ordinary Shares,$0.491,-0.0189,-3.707%,40085,6300512.00,China,2025,Integrated Freight & Logistics,Industrials
ELOX,Eloxx Pharmaceuticals Inc. Common Stock,$15.435,-1.295,-7.741%,20261,62302745.00,United States,,Biotechnology: Biological Products (No Diagnostic Substances),Health Care
ELPC,Companhia Paranaense de Energia (COPEL) American Depositary Shares (each representing four (4) Common Shares),$12.25,-0.46,-3.619%,633115,9134857438.00,Brazil,2023,Electric Utilities: Central,Utilities
ELPW,Elong Power Holding Limited Class A Ordinary Shares,$2.67,0.12,4.706%,23024,2488678.00,China,,Industrial Machinery/Components,Miscellaneous
ELS,Equity Lifestyle Properties Inc. Common Stock,$59.68,-0.58,-0.962%,1585491,11581776462.00,United States,,Real Estate Investment Trusts,Real Estate
ELTK,Eltek Ltd. Ordinary Shares,$8.1777,-0.0823,-0.996%,2326,54952729.00,Israel,1997,Electrical Products,Technology
ELTX,Elicio Therapeutics Inc. Common Stock,$1.87,0.00,0.00%,195263,49147119.00,United States,2021,Biotechnology: Pharmaceutical Preparations,Health Care
ELUT,Elutia Inc. Class A Common Stock,$0.8683,0.0581,7.171%,19736,38456338.00,United States,2020,Biotechnology: Biological Products (No Diagnostic Substances),Health Care
ELV,Elevance Health Inc. Common Stock,$398.56,-3.87,-0.962%,1207566,86435424222.00,United States,,Medical Specialities,Health Care
ELVA,Electrovaya Inc. Common Shares,$6.45,-0.28,-4.16%,307561,322492886.00,Canada,,Industrial Machinery/Components,Miscellaneous
ELVN,Enliven Therapeutics Inc. Common Stock,$46.09,-2.10,-4.358%,1550876,3377049374.00,United States,2020,Biotechnology: Pharmaceutical Preparations,Health Care
ELVR,Elevra Lithium Limited American Depository Shares,$43.90,-0.61,-1.37%,28388,743564020.00,Australia,,Mining & Quarrying of Nonmetallic Minerals (No Fuels),Industrials
ELWT,Elauwit Connection Inc. Common Stock,$7.125,-0.115,-1.588%,18895,47166047.00,United States,2025,Telecommunications Equipment,Consumer Discretionary
EMA,Emera Incorporated Common Shares,$48.20,-0.56,-1.148%,454974,14807040000.00,Canada,2025,Electric Utilities: Central,Utilities
EMAT,Evolution Metals & Technologies Corp. Common Stock,$3.335,-0.385,-10.349%,883187,2084260556.00,United States,,Industrial Machinery/Components,Miscellaneous
EMBC,Embecta Corp. Common Stock,$5.58,-0.01,-0.179%,692078,316160562.00,United States,,Medical/Dental Instruments,Health Care
EMBJ,Embraer S.A. Common Stock,$75.43,-1.50,-1.95%,1688371,13629562485.00,Brazil,,Aerospace,Industrials
EMD,Western Asset Emerging Markets Debt Fund Inc Common Stock,$9.68,-0.35,-3.49%,167918,0.00,United States,,Finance/Investors Services,Finance
EME,EMCOR Group Inc. Common Stock,$751.80,-4.70,-0.621%,219799,33161823572.00,United States,,Engineering & Construction,Industrials
EMF,Templeton Emerging Markets Fund Common Stock,$22.52,-0.62,-2.679%,27208,0.00,United States,1987,Finance/Investors Services,Finance
EMIS,Emmis Acquisition Corp. Class A Ordinary Shares,$10.25,0.01,0.098%,1870,0.00,United States,2025,Biotechnology: Pharmaceutical Preparations,Health Care
EML,Eastern Company (The) Common Stock,$25.58,0.29,1.147%,3253,153929134.00,United States,,Industrial Machinery/Components,Consumer Discretionary
EMN,Eastman Chemical Company Common Stock,$66.80,-0.27,-0.403%,798253,7640411723.00,United States,,Major Chemicals,Industrials
EMO,ClearBridge Energy Midstream Opportunity Fund Inc. Common Stock,$52.88,-0.55,-1.029%,30687,0.00,United States,2011,Investment Managers,Finance
EMP,Entergy Mississippi LLC First Mortgage Bonds 4.90% Series Due October 1 2066,$19.345,-0.325,-1.652%,20745,9026986329.00,United States,2016,Electric Utilities: Central,Utilities
EMPD,Empery Digital Inc. Common stock,$2.985,-0.055,-1.809%,216003,83908681.00,United States,2021,Auto Manufacturing,Industrials
EMR,Emerson Electric Company Common Stock,$154.59,0.40,0.259%,2722864,86230302000.00,United States,,Consumer Electronics/Appliances,Technology
ENB,Enbridge Inc Common Stock,$47.85,-0.05,-0.104%,5440389,104509598376.00,Canada,,Natural Gas Distribution,Energy
ENGN,enGene Therapeutics Inc. Common Stock,$2.00,-0.05,-2.439%,669459,134032632.00,Canada,,Biotechnology: Biological Products (No Diagnostic Substances),Health Care
ENGNW,enGene Therapeutics Inc. Warrants,$0.34,0.0901,36.054%,100,22785547.00,Canada,,Biotechnology: Biological Products (No Diagnostic Substances),Health Care
ENGS,Energys Group Limited Ordinary Shares,$2.86,0.01,0.351%,5188137,154944893.00,United Kingdom,2025,Engineering & Construction,Industrials
ENHA,Enhanced Group Inc. Class A Common Stock,$1.40,-0.09,-6.04%,698893,553526487.00,Singapore,,Services-Misc. Amusement & Recreation,Consumer Discretionary
ENIC,Enel Chile S.A. American Depositary Shares (Each representing 50 shares of Common Stock),$4.34,-0.08,-1.81%,403294,6003657165.00,Chile,2016,Electric Utilities: Central,Utilities
ENJ,Entergy New Orleans LLC First Mortgage Bonds 5.0% Series due December 1 2052,$18.9039,-0.3761,-1.951%,2093,8821155175.00,United States,,Power Generation,Utilities
ENLT,Enlight Renewable Energy Ltd. Ordinary Shares,$72.51,-1.02,-1.387%,106165,10111088791.00,Israel,2023,Electric Utilities: Central,Utilities
ENLV,Enlivex Ltd. Ordinary Shares,$0.64,-0.0064,-0.99%,594244,11190696.00,Israel,2014,Biotechnology: Pharmaceutical Preparations,Health Care
ENO,Entergy New Orleans LLC First Mortgage Bonds 5.50% Series due April 1 2066,$20.595,-0.205,-0.986%,9510,4403846273.00,United States,2016,Power Generation,Utilities
ENOV,Enovis Corporation Common Stock,$18.24,-0.15,-0.816%,1180042,1051891571.00,United States,,Industrial Specialties,Health Care
ENPH,Enphase Energy Inc. Common Stock,$33.07,-1.35,-3.922%,5559470,4370023509.00,United States,2012,Semiconductors,Technology
ENR,Energizer Holdings Inc. Common Stock,$22.00,-0.35,-1.566%,823238,1506640014.00,United States,2015,Industrial Machinery/Components,Miscellaneous
ENRD,Einride AB American Depositary Shares,$3.88,0.23,6.301%,247999,569154519.00,Sweden,,EDP Services,Technology
ENRDW,Einride AB Warrants,$0.251,-0.039,-13.448%,29976,36819017.00,Sweden,,EDP Services,Technology
ENS,EnerSys Common Stock,$179.49,-0.27,-0.15%,416602,6473347056.00,United States,2004,Industrial Machinery/Components,Miscellaneous
ENSC,Ensysce Biosciences Inc. Common Stock,$0.4145,-0.0145,-3.38%,367725,8064841.00,United States,,Biotechnology: Pharmaceutical Preparations,Health Care
ENSG,The Ensign Group Inc. Common Stock,$175.46,-0.86,-0.488%,341209,10226235870.00,United States,2007,Hospital/Nursing Management,Health Care
ENTA,Enanta Pharmaceuticals Inc. Common Stock,$11.95,-0.47,-3.784%,206329,348048554.00,United States,2013,Biotechnology: Pharmaceutical Preparations,Health Care
ENTG,Entegris Inc. Common Stock,$150.93,-0.18,-0.119%,1897773,23062104000.00,United States,2000,Plastic Products,Industrials
ENTX,Entera Bio Ltd. Ordinary Shares,$2.81,-0.17,-5.705%,858167,488474302.00,Israel,2018,Biotechnology: Biological Products (No Diagnostic Substances),Health Care
ENVA,Enova International Inc. Common Stock,$168.37,-0.61,-0.361%,294859,4192138725.00,United States,2014,Finance: Consumer Services,Finance
ENVB,Enveric Biosciences Inc. Common Stock,$1.565,0.025,1.623%,114952,7004758.00,United States,,Biotechnology: Pharmaceutical Preparations,Health Care
ENVX,Enovix Corporation Common Stock,$2.94,-0.115,-3.764%,4147296,645178693.00,United States,2021,Industrial Machinery/Components,Miscellaneous
EOCN,Eocene Ltd. Ordinary Shares,$3.62,-0.005,-0.138%,5358,3770465.00,Israel,2014,Biotechnology: Pharmaceutical Preparations,Health Care
EOD,Allspring Global Dividend Opportunity Fund Common Shares of Beneficial Interest,$6.36,-0.15,-2.304%,79261,0.00,United States,2007,Investment Managers,Finance
EOG,EOG Resources Inc. Common Stock,$141.84,2.32,1.663%,2560833,74399218324.00,United States,,Oil & Gas Production,Energy
EOI,Eaton Vance Enhance Equity Income Fund Eaton Vance Enhanced Equity Income Fund Shares of Beneficial Interest,$19.78,-0.17,-0.852%,44906,0.00,United States,2004,Finance/Investors Services,Finance
EOLS,Evolus Inc. Common Stock,$8.00,-0.25,-3.03%,415985,528403520.00,United States,2018,Biotechnology: Pharmaceutical Preparations,Health Care
EONR,EON Resources Inc. Class A Common Stock,$0.5116,0.0016,0.314%,306884,25563805.00,,2022,Oil & Gas Production,Energy
EOS,Eaton Vance Enhance Equity Income Fund II Common Stock,$21.38,-0.19,-0.881%,67591,0.00,,2005,Trusts Except Educational Religious and Charitable,Finance
EOSE,Eos Energy Enterprises Inc. Class A Common Stock,$3.58,-0.48,-11.823%,31299307,1303720524.00,United States,,Industrial Machinery/Components,Miscellaneous
EOSEW,Eos Energy Enterprises Inc. Warrant,$3.58,-0.39,-9.824%,7631,1303720524.00,United States,,Industrial Machinery/Components,Miscellaneous
EOT,Eaton Vance Municipal Income Trust EATON VANCE NATIONAL MUNICIPAL OPPORTUNITIES TRUST,$15.61,-0.24,-1.514%,102897,243905017.00,United States,2009,Investment Bankers/Brokers/Service,Finance
EP,Empire Petroleum Corporation Common Stock,$2.17,-0.06,-2.691%,31898,90277080.00,United States,2022,Oil & Gas Production,Energy
EP^C,El Paso Corporation Preferred Stock,$49.61,-0.1519,-0.305%,2387,,United States,,,
EPAC,Enerpac Tool Group Corp. Common Stock,$36.01,0.24,0.671%,336404,1841466632.00,United States,,Industrial Machinery/Components,Technology
EPAM,EPAM Systems Inc. Common Stock,$110.06,-1.48,-1.327%,653279,5677663129.00,United States,2012,EDP Services,Technology
EPC,Edgewell Personal Care Company Common Stock,$27.08,-0.88,-3.147%,662245,1248087818.00,United States,,Package Goods/Cosmetics,Consumer Discretionary
EPD,Enterprise Products Partners L.P. Common Stock,$37.57,-0.44,-1.158%,2818862,81131557239.00,United States,,Natural Gas Distribution,Utilities
EPM,Evolution Petroleum Corporation Inc. Common Stock,$3.60,-0.06,-1.639%,319234,144620014.00,United States,,Oil & Gas Production,Energy
EPOW,E-Power Inc. Class A Ordinary Shares,$6.315,-0.5861,-8.493%,144864,14693950.00,China,2021,Industrial Machinery/Components,Miscellaneous
EPR,EPR Properties Common Stock,$56.92,-0.92,-1.591%,870146,4360579840.00,United States,1997,Real Estate Investment Trusts,Real Estate
EPR^C,EPR Properties 5.75% Series C Cumulative Convertible Preferred Shares,$25.28,-0.40,-1.558%,2449,,United States,,,
EPR^E,EPR Properties Series E Cumulative Conv Pfd Shs Ser E,$31.58,-0.12,-0.379%,300,,United States,,,
EPR^G,EPR Properties 5.750% Series G Cumulative Redeemable Preferred Shares,$19.845,-0.105,-0.526%,2573,,United States,,,
EPRT,Essential Properties Realty Trust Inc. Common Stock,$26.87,-0.18,-0.665%,2276604,5811255617.00,United States,2018,Real Estate Investment Trusts,Real Estate
EPRX,Eupraxia Pharmaceuticals Inc. Common Stock,$8.14,-0.44,-5.128%,662603,536479984.00,Canada,,Pharmaceuticals and Biotechnology,Health Care
EPSM,Epsium Enterprise Limited Class A Ordinary Shares,$1.43,-0.18,-11.18%,255219,19216389.00,Macau,2025,Beverages (Production/Distribution),Consumer Staples
EPSN,Epsilon Energy Ltd. Common Share,$5.87,-0.19,-3.135%,155488,177765783.00,United States,,Oil & Gas Production,Energy
EQ,Equillium Inc. Common Stock,$1.75,-0.18,-9.326%,504615,110964144.00,United States,2018,Biotechnology: Pharmaceutical Preparations,Health Care
EQBK,Equity Bancshares Inc. Class A Common Stock,$47.80,-0.76,-1.565%,91316,984321022.00,United States,,Major Banks,Finance
EQH,Equitable Holdings Inc. Common Stock,$52.27,0.07,0.134%,2798745,14271547656.00,United States,2018,Specialty Insurers,Finance
EQH^A,Equitable Holdings Inc. Depositary Shares,$17.77,0.04,0.226%,202187,,United States,,,
EQH^C,Equitable Holdings Inc. Depositary Shares each representing a 1/1000th interest in a share of Fixed Rate Noncumulative Perpetual Preferred Stock Series C,$15.90,-0.04,-0.251%,35407,,United States,,,
EQIX,Equinix Inc. Common Stock REIT,$1037.66,-21.60,-2.039%,392246,102387661695.00,United States,2000,Real Estate Investment Trusts,Real Estate
EQNR,Equinor ASA,$42.90,1.09,2.607%,3956175,107261627187.00,Norway,,Integrated oil Companies,Energy
EQPT,EquipmentShare.com Inc Class A Common Stock,$18.08,-0.50,-2.691%,2775601,4581037411.00,United States,2026,Diversified Commercial Services,Consumer Discretionary
EQS,Equus Total Return Inc. Common Stock,$0.9799,0.0299,3.147%,6116,13685965.00,United States,,Finance/Investors Services,Finance
EQT,EQT Corporation Common Stock,$51.06,0.25,0.492%,6895838,31938846960.00,United States,,Oil & Gas Production,Energy
EQX,Equinox Gold Corp. Common Shares,$12.05,-0.71,-5.564%,15436756,14067890855.00,Canada,,Precious Metals,Basic Materials
ERAS,Erasca Inc. Common Stock,$13.945,-1.605,-10.322%,4424832,4877431578.00,United States,2021,Biotechnology: Pharmaceutical Preparations,Health Care
ERC,Allspring Multi-Sector Income Fund Common Stock,$8.73,-0.09,-1.02%,28417,0.00,United States,2003,Finance/Investors Services,Finance
ERH,Allspring Utilities and High Income Fund Common Shares,$10.50,-0.17,-1.593%,37233,0.00,,2004,Finance/Investors Services,Finance
ERIC,Ericsson American Depositary Shares,$9.73,-0.09,-0.916%,8002833,32803252382.00,Sweden,,Radio And Television Broadcasting And Communications Equipment,Technology
ERIE,Erie Indemnity Company Class A Common Stock,$225.77,-8.61,-3.674%,202984,10428105882.00,United States,,Specialty Insurers,Finance
ERII,Energy Recovery Inc. Common Stock,$6.80,-0.32,-4.494%,777829,347105150.00,United States,2008,Industrial Machinery/Components,Technology
ERNA,Ernexa Therapeutics Inc. Common Stock,$3.65,-0.15,-3.947%,6244,5958300.00,United States,,Biotechnology: Pharmaceutical Preparations,Health Care
ERO,Ero Copper Corp. Common Shares,$36.48,-0.81,-2.172%,1364243,3804060273.00,Canada,2021,Metal Mining,Basic Materials
EROC,ERock Inc. Class A Common Stock,$12.52,-0.31,-2.416%,1488437,2746889002.00,,2026,Industrial Machinery/Components,Energy
EROK,EagleRock Land LLC Class A shares representing limited liability company interests,$22.09,-0.23,-1.03%,171232,2905267301.00,,2026,Oil & Gas Production,Energy
ES,Eversource Energy (D/B/A) Common Stock,$64.91,-1.47,-2.215%,2890787,24449958282.00,United States,,Electric Utilities: Central,Utilities
ESAB,ESAB Corporation Common Stock,$67.33,-1.11,-1.622%,1209975,4185758647.00,United States,2022,Industrial Machinery/Components,Industrials
ESCA,Escalade Incorporated Common Stock,$19.08,-0.38,-1.953%,32170,262656692.00,United States,,Recreational Games/Products/Toys,Consumer Discretionary
ESE,ESCO Technologies Inc. Common Stock,$266.19,4.38,1.673%,189692,6896335260.00,United States,,Telecommunications Equipment,Telecommunications
ESEA,Euroseas Ltd. Common Stock (Marshall Islands),$71.57,-1.61,-2.20%,35702,504989403.00,Greece,,Marine Transportation,Consumer Discretionary
ESI,Element Solutions Inc. Common Stock,$35.47,0.28,0.796%,4752551,8643716720.00,United States,2014,Major Chemicals,Industrials
ESLA,Estrella Immunopharma Inc. Common Stock,$0.472,-0.013,-2.68%,32321,20530992.00,United States,2021,Biotechnology: Biological Products (No Diagnostic Substances),Health Care
ESLAW,Estrella Immunopharma Inc. Warrant,$0.06,-0.01,-14.286%,5132,2609872.00,United States,2021,Biotechnology: Biological Products (No Diagnostic Substances),Health Care
ESLT,Elbit Systems Ltd. Ordinary Shares,$742.49,-2.26,-0.303%,69854,34532417663.00,Israel,,Military/Government/Technical,Industrials
ESNT,Essent Group Ltd. Common Shares,$65.45,-0.25,-0.381%,758284,5882416467.00,Bermuda,2013,Property-Casualty Insurers,Finance
ESOA,Energy Services of America Corporation Common Stock,$10.80,-0.03,-0.277%,68320,201519155.00,United States,,Water Sewer Pipeline Comm & Power Line Construction,Industrials
ESP,Espey Mfg. & Electronics Corp. Common Stock,$62.84,-1.46,-2.271%,86755,188263738.00,United States,1960,Industrial Machinery/Components,Technology
ESQ,Esquire Financial Holdings Inc. Common Stock,$121.36,0.31,0.256%,117835,1469012193.00,United States,2017,Commercial Banks,Finance
ESRT,Empire State Realty Trust Inc. Class A Common Stock,$4.13,0.03,0.732%,4137368,711044106.00,United States,2013,Real Estate Investment Trusts,Real Estate
ESS,Essex Property Trust Inc. Common Stock,$273.47,-1.29,-0.47%,989189,17575490013.00,United States,1994,Real Estate Investment Trusts,Real Estate
ESTA,Establishment Labs Holdings Inc. Common Shares,$67.76,-2.48,-3.531%,319189,2019376134.00,Costa Rica,2018,Industrial Specialties,Health Care
ESTC,Elastic N.V. Ordinary Shares,$91.28,2.06,2.309%,1521232,9583604038.00,United States,2018,Computer Software: Prepackaged Software,Technology
ESYN,EnerSyn Global Inc. Common Stock,$2.30,0.00,0.00%,46319,68370720.00,United States,2022,Other Pharmaceuticals,Health Care
ET,Energy Transfer LP Common Units ,$20.49,0.09,0.441%,6791516,70553208824.00,United States,,Natural Gas Distribution,Utilities
ET^I,Energy Transfer L.P. Series I Fixed Rate Perpetual Preferred Units,$11.375,-0.114,-0.992%,55040,,United States,,,
ETB,Eaton Vance Tax-Managed Buy-Write Income Fund Eaton Vance Tax-Managed Buy-Write Income Fund Common Shares of Beneficial Interest,$15.50,-0.11,-0.705%,44955,455256669.00,United States,2005,Investment Bankers/Brokers/Service,Finance
ETD,Ethan Allen Interiors Inc. Common Stock,$21.02,-0.31,-1.453%,544030,529756613.00,United States,,Home Furnishings,Consumer Discretionary
ETG,Eaton Vance Tax-Advantaged Global Dividend Income Fund Common Shares of Beneficial Interest,$23.18,-0.24,-1.025%,61277,0.00,United States,2004,Investment Managers,Finance
ETI^,Entergy Texas Inc 5.375% Series A Preferred Stock Cumulative No Par Value,$21.99,0.11,0.503%,1359,,United States,,,
ETJ,Eaton Vance Risk-Managed Diversified Equity Income Fund Common Shares of Beneficial Interest,$8.28,-0.09,-1.075%,60841,0.00,United States,2007,Finance Companies,Finance
ETN,Eaton Corporation PLC Ordinary Shares,$438.76,-3.73,-0.843%,1787419,170414384000.00,Ireland,,Industrial Machinery/Components,Technology
ETO,Eaton Vance Tax-Advantage Global Dividend Opp Common Stock,$30.45,-0.40,-1.297%,18462,499018802.00,United States,2004,Investment Managers,Finance
ETON,Eton Pharmaceuticals Inc. Common Stock,$55.61,-1.48,-2.592%,436141,1589508137.00,United States,2018,Biotechnology: Pharmaceutical Preparations,Health Care
ETOR,eToro Group Ltd. Class A Common Shares,$27.18,-1.00,-3.549%,1274902,2189249331.00,Israel,2025,Investment Bankers/Brokers/Service,Finance
ETR,Entergy Corporation Common Stock,$99.23,-1.93,-1.908%,2779038,46303843547.00,United States,,Electric Utilities: Central,Utilities
ETRA,Electra Therapeutics Inc. Common stock,$12.67,-0.95,-6.975%,875403,795257320.00,United States,2026,Biotechnology: Biological Products (No Diagnostic Substances),Health Care
ETS,Elite Express Holding Inc. Class A Common Stock,$1.59,-0.06,-3.636%,295798,77459508.00,United States,2025,Trucking Freight/Courier Services,Industrials
ETSS,Energy Transition Special Opportunities Class A Ordinary Shares,$9.92,0.00,0.00%,396,0.00,,2026,Blank Checks,Finance
ETSY,Etsy Inc. Common Stock,$73.70,-1.44,-1.916%,3935592,6764314828.00,United States,2025,Business Services,Consumer Discretionary
ETV,Eaton Vance Corporation Eaton Vance Tax-Managed Buy-Write Opportunities Fund Common Shares of Beneficial Interest,$15.36,-0.07,-0.454%,120830,1678361841.00,United States,2005,Investment Bankers/Brokers/Service,Finance
ETW,Eaton Vance Corporation Eaton Vance Tax-Managed Global Buy-Write Opportunites Fund Common Shares of Beneficial Interest,$9.63,-0.06,-0.619%,212713,1055426679.00,United States,2005,Investment Managers,Finance
ETX           ,Eaton Vance Municipal Income 2028 Term Trust Common Shares of Beneficial Interest,$17.49,-0.16,-0.907%,48897,190377880.00,,2013,Investment Managers,Finance
ETY,Eaton Vance Tax-Managed Diversified Equity Income Fund Common Shares of Beneficial Interest,$14.05,-0.14,-0.987%,265990,0.00,United States,2006,Finance Companies,Finance
EU,enCore Energy Corp. Common Shares,$1.22,0.01,0.826%,7491752,237022785.00,United States,,Other Metals and Minerals,Basic Materials
EUDA,EUDA Health Holdings Limited Ordinary Shares,$17.33,0.045,0.26%,23218,51891652.00,Singapore,2021,Medical/Nursing Services,Health Care
EUDAW,EUDA Health Holdings Limited Warrant,$0.0299,0.00,0.00%,184,89530.00,Singapore,2021,Medical/Nursing Services,Health Care
EURK,Eureka Acquisition Corp Class A Ordinary Share,$11.50,0.00,0.00%,10,0.00,United States,2024,,
EVAC,EQV Ventures Acquisition Corp. II Class A Ordinary Shares,$10.31,0.005,0.049%,6528,0.00,,2025,Fluid Controls,Industrials
EVAX,Evaxion A/S American Depositary Share,$3.2801,0.0101,0.309%,35215,29591366.00,Denmark,2021,Biotechnology: Biological Products (No Diagnostic Substances),Health Care
EVC,Entravision Communications Corporation Common Stock,$7.88,-0.22,-2.716%,846826,727231843.00,United States,2000,Broadcasting,Industrials
EVCM,EverCommerce Inc. Common Stock,$8.32,0.26,3.226%,162316,1469854847.00,United States,2021,Computer Software: Prepackaged Software,Technology
EVER,EverQuote Inc. Class A Common Stock,$17.63,-1.92,-9.821%,2638539,621276810.00,United States,2018,Computer Software: Programming Data Processing,Technology
EVEX,Eve Holding Inc. Common Stock,$2.08,-0.07,-3.256%,753359,724851573.00,United States,2022,Aerospace,Industrials
EVF,Eaton Vance Senior Income Trust Common Stock,$4.87,0.02,0.412%,55196,85414238.00,United States,1998,Investment Bankers/Brokers/Service,Finance
EVG,Eaton Vance Short Diversified Income Fund Eaton Vance Short Duration Diversified Income Fund Common Shares of Beneficial Interest,$10.02,-0.15,-1.475%,35456,0.00,United States,2005,Investment Managers,Finance
EVGN,Evogene Ltd Ordinary Shares,$0.4523,-0.0412,-8.349%,114929,7146976.00,Israel,,Agricultural Chemicals,Industrials
EVGO,EVgo Inc. Class A Common Stock,$1.36,-0.11,-7.483%,2979041,427741379.00,United States,,Automotive Aftermarket,Consumer Discretionary
EVH,Evolent Health Inc Class A Common Stock,$3.62,-0.18,-4.737%,1013549,409274793.00,United States,2015,Other Consumer Services,Consumer Discretionary
EVI,EVI Industries Inc.  Common Stock,$19.73,0.06,0.305%,58481,254093436.00,United States,1999,Other Consumer Services,Consumer Discretionary
EVLV,Evolv Technologies Holdings Inc. Class A Common Stock,$4.88,-0.03,-0.611%,1876394,883895592.00,United States,2020,Computer peripheral equipment,Technology
EVMN,Evommune Inc. Common Stock,$8.77,-0.83,-8.646%,872413,318281831.00,United States,2025,Biotechnology: Pharmaceutical Preparations,Health Care
EVN,Eaton Vance Municipal Income Trust Common Stock,$9.90,-0.31,-3.036%,119168,392704914.00,United States,1999,Investment Managers,Finance
EVO,Evotec SE American Depositary Shares,$1.54,-0.04,-2.532%,37269,547863569.00,Germany,2021,Biotechnology: Pharmaceutical Preparations,Health Care
EVOX,Evolution Global Acquisition Corp Class A Ordinary Shares,$10.12,0.00,0.00%,11,0.00,United States,2025,Blank Checks,Finance
EVOXW,Evolution Global Acquisition Corp Warrants,$0.32,-0.0499,-13.49%,26519,0.00,United States,2025,Blank Checks,Finance
EVR,Evercore Inc. Class A Common Stock,$259.89,-3.31,-1.258%,496473,9994791924.00,United States,2006,Investment Managers,Finance
EVRG,Evergy Inc. Common Stock,$78.42,-0.85,-1.072%,2381416,18081077628.00,United States,,Power Generation,Utilities
EVT,Eaton Vance Tax Advantaged Dividend Income Fund Common Shares of Beneficial Interest,$28.27,-0.14,-0.493%,51411,0.00,United States,2003,Finance Companies,Finance
EVTC,Evertec Inc. Common Stock,$27.57,-0.33,-1.183%,544719,1647377583.00,Puerto Rico,2013,EDP Services,Technology
EVTL,Vertical Aerospace Ltd. Ordinary Shares,$0.6825,-0.0551,-7.47%,4309416,117201385.00,,2021,Aerospace,Industrials
EVV,Eaton Vance Limited Duration Income Fund Common Shares of Beneficial Interest,$8.48,-0.11,-1.281%,802489,0.00,United States,2003,Finance/Investors Services,Finance
EW,Edwards Lifesciences Corporation Common Stock,$86.82,-1.96,-2.208%,3623752,50043048000.00,United States,,Industrial Specialties,Health Care
EWAV,East West Ave Acquisition Corp. Common Stock,$9.90,0.00,0.00%,133,0.00,United States,2026,Blank Checks,Finance
EWAVR,East West Ave Acquisition Corp. Rights,$0.1201,-0.0099,-7.615%,2200,0.00,United States,2026,Blank Checks,Finance
EWAVU,East West Ave Acquisition Corp. Units,$10.06,0.00,0.00%,249,0.00,United States,2026,Blank Checks,Finance
EWBC,East West Bancorp Inc. Common Stock,$124.49,-1.05,-0.836%,729016,17056605953.00,United States,,Major Banks,Finance
EWTX,Edgewise Therapeutics Inc. Common Stock,$41.05,-3.46,-7.774%,2607212,4458199495.00,United States,2021,Biotechnology: Pharmaceutical Preparations,Health Care
EXC,Exelon Corporation Common Stock,$40.69,-1.11,-2.656%,7039364,42002413917.00,United States,,Power Generation,Utilities
EXE,Expand Energy Corporation Common Stock,$87.04,0.01,0.011%,4203739,20150089795.00,United States,,Oil & Gas Production,Energy
EXEL,Exelixis Inc. Common Stock,$56.73,-1.42,-2.442%,1431813,14056655387.00,United States,2000,Biotechnology: Biological Products (No Diagnostic Substances),Health Care
EXFY,Expensify Inc. Class A Common Stock,$2.35,0.00,0.00%,425516,214288660.00,United States,2021,Computer Software: Prepackaged Software,Technology
EXG,Eaton Vance Tax-Managed Global Diversified Equity Income Fund Common Shares of Beneficial Interest,$9.56,-0.14,-1.443%,273149,0.00,United States,2007,Finance Companies,Finance
EXK,Endeavour Silver Corporation Ordinary Shares (Canada),$9.26,-1.25,-11.893%,12721306,2741597107.00,Canada,,Precious Metals,Basic Materials
EXLS,ExlService Holdings Inc. Common Stock,$34.83,-0.19,-0.543%,1793382,5280663340.00,United States,2006,Business Services,Consumer Discretionary
EXOD,Exodus Movement Inc. Class A Common Stock,$7.81,-0.35,-4.289%,95769,235887445.00,United States,,Finance: Consumer Services,Finance
EXOZ,eXoZymes Inc. Common Stock,$6.38,0.19,3.069%,11916,59215070.00,United States,2024,Biotechnology: Biological Products (No Diagnostic Substances),Health Care
EXP,Eagle Materials Inc Common Stock,$178.34,-4.82,-2.632%,458842,5470637461.00,United States,,Building Materials,Industrials
EXPD,Expeditors International of Washington Inc. Common Stock,$188.03,0.52,0.277%,946193,24442136655.00,United States,,Integrated Freight & Logistics,Industrials
EXPE,Expedia Group Inc. Common Stock,$259.04,-21.66,-7.716%,5104311,29659015605.00,United States,,Transportation Services,Consumer Discretionary
EXPO,Exponent Inc. Common Stock,$65.41,-0.81,-1.223%,363829,3109989354.00,United States,,Professional Services,Consumer Discretionary
EXR,Extra Space Storage Inc Common Stock,$133.84,-1.15,-0.852%,2411350,28276317643.00,United States,2004,Real Estate Investment Trusts,Real Estate
EXTR,Extreme Networks Inc. Common Stock,$22.03,-0.08,-0.362%,954323,2911720411.00,United States,1999,Computer Communications Equipment,Telecommunications
EXYN,Exyn Technologies Inc. Common Stock,$2.51,-0.08,-3.089%,45049,19964432.00,United States,2026,Computer Software: Prepackaged Software,Technology
EXYNW,Exyn Technologies Inc. Warrant,$0.36,-0.016,-4.255%,2800,2863425.00,United States,2026,Computer Software: Prepackaged Software,Technology
EYE,National Vision Holdings Inc. Common Stock,$16.36,-0.24,-1.446%,2390023,1293573961.00,United States,2017,Ophthalmic Goods,Health Care
EYPT,EyePoint Inc. Common Stock,$3.72,-0.35,-8.60%,2022452,320709153.00,United States,,Biotechnology: Laboratory Analytical Instruments,Industrials
EZGO,EZGO Technologies Ltd. Ordinary Shares,$0.8451,0.0065,0.775%,14093,4484015.00,China,2021,Motor Vehicles,Consumer Discretionary
EZPW,EZCORP Inc. Class A Non Voting Common Stock,$30.19,-0.52,-1.693%,406473,1854975552.00,United States,1991,Other Specialty Stores,Consumer Discretionary
EZRA,Reliance Global Group Inc. Common Stock,$2.69,0.00,0.00%,22548,4519028.00,United States,,Specialty Insurers,Finance
F,Ford Motor Company Common Stock,$12.94,-0.16,-1.221%,35407608,50682662068.00,United States,,Auto Manufacturing,Industrials
F^B,Ford Motor Company 6.20% Notes due June 1 2059,$19.95,-0.10,-0.499%,46836,,United States,,,
F^C,Ford Motor Company 6% Notes due December 1 2059,$19.35,-0.11,-0.565%,441749,,United States,,,
F^D,Ford Motor Company 6.500% Notes due August 15 2062,$20.73,-0.145,-0.695%,43141,,United States,,,
FA,First Advantage Corporation Common Stock,$20.00,-0.34,-1.672%,640167,3435073820.00,United States,2021,EDP Services,Technology
FABC,Fabric.AI Inc. Common Stock,$2.29,0.11,5.046%,159709,16038274.00,United States,,Telecommunications Equipment,Consumer Discretionary
FAC,Factorial Energy Inc. Class A Common Stock,$6.44,0.29,4.715%,673861,689229698.00,United States,2025,Industrial Machinery/Components,Miscellaneous
FACT,FACT II Acquisition Corp. Class A Ordinary Shares,$10.735,0.00,0.00%,48,0.00,United States,2024,,
FACWW,Factorial Energy Inc. Warrant,$0.89,-0.03,-3.261%,6324,95250688.00,United States,2025,Industrial Machinery/Components,Miscellaneous
FAF,First American Corporation (New) Common Stock,$68.09,-1.15,-1.661%,754933,6951989000.00,United States,,Specialty Insurers,Finance
FAMI,Farmmi Inc. Class A Ordinary Shares,$0.1323,-0.0107,-7.483%,9795855,4236111.00,China,2018,Packaged Foods,Consumer Staples
FANG,Diamondback Energy Inc. Common Stock,$185.65,1.15,0.623%,3378111,51986521134.00,United States,2012,Oil & Gas Production,Energy
FAST,Fastenal Company Common Stock,$50.99,0.91,1.817%,7963334,58510901247.00,United States,1987,RETAIL: Building Materials,Consumer Discretionary
FATE,Fate Therapeutics Inc. Common Stock,$2.43,-0.15,-5.814%,909711,291163849.00,United States,2013,Biotechnology: Biological Products (No Diagnostic Substances),Health Care
FATN,FatPipe Inc. Common Stock,$5.25,-0.24,-4.372%,28899,74174457.00,United States,2025,Computer Software: Prepackaged Software,Technology
FAX,abrdn Asia-Pacific Income Fund Inc. Common Stock,$13.70,-0.23,-1.651%,129162,0.00,United States,1986,Investment Managers,Finance
FBDT,First Breach Inc. Common Stock,$0.9146,-0.0341,-3.594%,1370643,51012913.00,United States,,Ordnance And Accessories,Industrials
FBGL,FBS Global Limited Ordinary Shares,$0.405,-0.0547,-11.899%,3329313,5416182.00,Singapore,2025,Homebuilding,Consumer Discretionary
FBIN,Fortune Brands Innovations Inc. Common Stock,$39.03,-1.19,-2.959%,2244382,4659068747.00,United States,,Forest Products,Basic Materials
FBIO,Fortress Biotech Inc. Common Stock,$2.34,-0.11,-4.49%,331826,78041324.00,United States,,Biotechnology: Pharmaceutical Preparations,Health Care
FBIOP,Fortress Biotech Inc. 9.375% Series A Cumulative Redeemable Perpetual Preferred Stock,$17.05,-0.10,-0.583%,15938,568634431.00,United States,,Biotechnology: Pharmaceutical Preparations,Health Care
FBIZ,First Business Financial Services Inc. Common Stock,$69.32,-0.92,-1.31%,35605,580091942.00,United States,,Major Banks,Finance
FBK,FB Financial Corporation Common Stock,$52.64,-0.56,-1.053%,684056,2630849184.00,United States,2016,Major Banks,Finance
FBLA,FB Bancorp Inc. Common Stock,$16.12,-0.20,-1.225%,96208,257084629.00,United States,2024,Banks,Finance
FBLG,FibroBiologics Inc. Common Stock,$1.33,-0.01,-0.746%,87341,8855397.00,United States,,Biotechnology: Pharmaceutical Preparations,Health Care
FBNC,First Bancorp Common Stock,$62.22,-0.80,-1.269%,173230,2574304031.00,United States,1987,Major Banks,Finance
FBP,First BanCorp. New Common Stock,$26.69,-0.22,-0.818%,1272799,4074716073.00,Puerto Rico,,Major Banks,Finance
FBRT,Franklin BSP Realty Trust Inc. Common Stock,$7.46,-0.29,-3.742%,1508984,619518803.00,United States,2021,Real Estate Investment Trusts,Real Estate
FBRT^E,Franklin BSP Realty Trust Inc. 7.50% Series E Cumulative Redeemable Preferred Stock,$19.61,-0.1701,-0.86%,9859,,United States,,,
FBYD,Falcon's Beyond Global Inc. Class A Common Stock,$6.68,-0.32,-4.571%,71522,810011777.00,United States,,Services-Misc. Amusement & Recreation,Consumer Discretionary
FC,Franklin Covey Company Common Stock,$17.20,-0.36,-2.05%,30990,194254616.00,United States,,Other Consumer Services,Consumer Discretionary
FCAP,First Capital Inc. Common Stock,$61.84,-1.19,-1.888%,37081,206831610.00,United States,,Savings Institutions,Finance
FCBC,First Community Bankshares Inc. (VA) Common Stock,$46.76,-0.51,-1.079%,64319,884246984.00,United States,,Major Banks,Finance
FCBM,First Carolina Financial Services Inc. Common Stock,$12.73,-0.18,-1.394%,83306,395506486.00,,2026,Major Banks,Finance
FCCO,First Community Corporation Common Stock,$32.25,-0.86,-2.597%,46708,303141325.00,United States,,Major Banks,Finance
FCEL,FuelCell Energy Inc. Common Stock,$17.18,-0.68,-3.807%,3443693,1373613087.00,United States,,Industrial Machinery/Components,Energy
FCF,First Commonwealth Financial Corporation Common Stock,$20.62,-0.12,-0.579%,961488,2083773174.00,United States,,Major Banks,Finance
FCFS,FirstCash Holdings Inc. Common Stock,$216.47,-4.40,-1.992%,301665,9388693546.00,United States,1991,Other Specialty Stores,Consumer Discretionary
FCHL,Fitness Champs Holdings Limited Common Stock,$1.02,0.01,0.99%,30590,1345117.00,Singapore,2025,Services-Misc. Amusement & Recreation,Consumer Discretionary
FCN,FTI Consulting Inc. Common Stock,$133.49,-1.21,-0.898%,542488,3685869147.00,United States,1999,Professional Services,Consumer Discretionary
FCNCA,First Citizens BancShares Inc. Class A Common Stock,$2039.32,-28.69,-1.387%,75203,23030285478.00,United States,,Major Banks,Finance
FCNCN,First Citizens BancShares Inc. Depositary Shares each representing a 1/40th interest in a share of 6.625% Non-Cumulative Perpetual Preferred Stock Series E,$23.29,-0.58,-2.43%,19244,263016765.00,United States,,Major Banks,Finance
FCNCO,First Citizens BancShares Inc. 5.625% Non-Cumulative Perpetual Preferred Stock Series C,$19.71,-0.09,-0.455%,32303,222587395.00,United States,,Major Banks,Finance
FCNCP,First Citizens BancShares Inc. Depositary Shares,$18.86,-0.14,-0.737%,26973,212988243.00,United States,,Major Banks,Finance
FCPT,Four Corners Property Trust Inc. Common Stock,$22.24,-0.20,-0.891%,1285063,2440982469.00,United States,2015,Real Estate Investment Trusts,Real Estate
FCRS,FutureCrest Acquisition Corp. Class A Ordinary Shares,$10.24,-0.005,-0.049%,25093,0.00,,2025,Blank Checks,Finance
FCUV,Focus Universal Inc. Common Stock,$4.82,0.16,3.433%,31068,4733298.00,United States,,Industrial Machinery/Components,Industrials
FCX,Freeport-McMoRan Inc. Common Stock,$72.58,-1.77,-2.381%,8926716,104226151819.00,United States,,Metal Mining,Basic Materials
FDBC,Fidelity D & D Bancorp Inc. Common Stock,$53.97,-2.33,-4.139%,8982,313485177.00,United States,,Major Banks,Finance
FDMM,Freedom Metals Acquisition Corp. Class A Ordinary Shares,$9.8401,-0.0099,-0.101%,17324,0.00,United States,2026,Blank Checks,Finance
FDMT,4D Molecular Therapeutics Inc. Common Stock,$15.00,-0.88,-5.542%,1465494,828663165.00,United States,2020,Biotechnology: Biological Products (No Diagnostic Substances),Health Care
FDS,FactSet Research Systems Inc. Common Stock,$279.43,3.01,1.089%,434212,9938079680.00,United States,2000,Computer Software: Programming Data Processing,Technology
FDSB,Fifth District Bancorp Inc. Common Stock,$18.15,-0.19,-1.036%,12953,95027193.00,United States,2024,Savings Institutions,Finance
FDUS,Fidus Investment Corporation Common Stock,$19.08,-0.225,-1.166%,203855,724169265.00,United States,2011,Finance/Investors Services,Finance
FDX,FedEx Corporation Common Stock,$291.50,-4.44,-1.50%,1628899,68989431803.00,United States,,Air Freight/Delivery Services,Consumer Discretionary
FDXF,FedEx Freight Holding Company Inc. Common Stock,$119.22,0.22,0.185%,1438504,17825551816.00,United States,2026,Air Freight/Delivery Services,Consumer Discretionary
FE,FirstEnergy Corp. Common Stock,$43.65,-1.08,-2.414%,4230227,25257633032.00,United States,,Electric Utilities: Central,Utilities
FEAM,5E Advanced Materials Inc. Common Stock,$2.64,-0.30,-10.204%,829496,109949059.00,United States,,Mining & Quarrying of Nonmetallic Minerals (No Fuels),Industrials
FEBO,Fenbo Holdings Limited Class A Ordinary Shares,$0.6513,-0.0453,-6.503%,27835,7205006.00,Hong Kong,2023,Home Furnishings,Consumer Discretionary
FEDU,Four Seasons Education (Cayman) Inc. American Depositary Shares each ADS representing 10 ordinary shares,$10.2226,0.00,0.00%,136,23117776.00,,2017,Other Consumer Services,Real Estate
FEIM,Frequency Electronics Inc. Common Stock,$84.22,-0.83,-0.976%,327167,949436231.00,United States,,Electrical Products,Industrials
FELE,Franklin Electric Co. Inc. Common Stock,$96.30,0.31,0.323%,240915,4257563983.00,United States,,Metal Fabrications,Consumer Discretionary
FEMY,Femasys Inc. Common Stock,$2.58,0.02,0.781%,34133,21607570.00,United States,2021,Medical/Dental Instruments,Health Care
FENC,Fennec Pharmaceuticals Inc. Common Stock,$10.51,-0.50,-4.541%,141642,368207340.00,United States,,Biotechnology: Biological Products (No Diagnostic Substances),Health Care
FENG,Phoenix New Media Limited American Depositary Shares each representing 48 Class A ordinary shares.,$1.45,0.02,1.399%,1061,17415625.00,China,2011,Broadcasting,Industrials
FER,Ferrovial N.V. Ordinary Shares,$55.28,-1.02,-1.812%,1695452,39771624531.00,Netherlands,,Military/Government/Technical,Industrials
FERA,Fifth Era Acquisition Corp I Class A Ordinary Shares,$10.52,0.00,0.00%,56,0.00,Cayman Islands,2025,,
FERAR,Fifth Era Acquisition Corp I Rights,$0.24,-0.03,-11.111%,1901,0.00,Cayman Islands,2025,,
FERG,Ferguson Enterprises Inc. Common Stock,$221.17,0.00,0.00%,1453603,42785937419.00,United Kingdom,2021,Miscellaneous,Miscellaneous
FET,Forum Energy Technologies Inc. Common Stock,$82.68,1.73,2.137%,124294,948562753.00,United States,2012,Oil and Gas Field Machinery,Consumer Discretionary
FF,FutureFuel Corp.  Common shares,$5.19,-0.10,-1.89%,357933,227650620.00,United States,,Major Chemicals,Industrials
FFA,First Trust Enhanced Equity Income Fund Common Shares of Beneficial Interest,$22.37,-0.38,-1.67%,29429,0.00,United States,2004,Investment Managers,Finance
FFAI,Faraday Future Intelligent Electric Inc. Class A Common Stock,$1.39,-0.03,-2.113%,1004680,8516529.00,United States,2020,Auto Manufacturing,Industrials
FFBC,First Financial Bancorp. Common Stock,$31.22,-0.11,-0.351%,1023973,3277130307.00,United States,,Major Banks,Finance
FFC,Flaherty & Crumrine Preferred and Income Securities Fund Incorporated,$15.21,-0.34,-2.186%,94240,0.00,United States,2003,Trusts Except Educational Religious and Charitable,Finance
FFIN,First Financial Bankshares Inc. Common Stock,$31.92,-0.39,-1.207%,772844,4575014023.00,United States,,Major Banks,Finance
FFIV,F5 Inc. Common Stock,$455.99,2.66,0.587%,481466,25821428720.00,United States,1999,Computer Communications Equipment,Telecommunications
FG,F&G Annuities & Life Inc. Common Stock,$21.69,-0.53,-2.385%,791174,2839984683.00,United States,2022,Life Insurance,Finance
FGBI,First Guaranty Bancshares Inc. Common Stock,$7.62,-0.75,-8.961%,18026,126027896.00,United States,,Savings Institutions,Finance
FGBIP,First Guaranty Bancshares Inc. 6.75% Series A Fixed-Rate Non-Cumulative Perpetual Preferred Stock,$17.88,-0.135,-0.749%,910,295719001.00,United States,,Savings Institutions,Finance
FGI,FGI Industries Ltd. Ordinary Shares,$8.41,0.15,1.816%,22399,16241989.00,United States,2022,Industrial Specialties,Industrials
FGII,FG Imperii Acquisition Corp. Class A Ordinary Shares,$10.03,0.00,0.00%,611,0.00,United States,2026,Blank Checks,Finance
FGIIW,FG Imperii Acquisition Corp. Warrants,$0.178,0.00,0.00%,78,0.00,United States,2026,Blank Checks,Finance
FGIWW,FGI Industries Ltd. Warrant,$0.0893,0.00,0.00%,1,172463.00,United States,2022,Industrial Specialties,Industrials
FGL,Founder Group Limited Class A Ordinary Shares,$4.43,-0.21,-4.526%,67605,3679979.00,Malaysia,2024,Engineering & Construction,Consumer Discretionary
FGN,F&G Annuities & Life Inc. 7.950% Senior Notes due 2053,$24.37,-0.29,-1.176%,11959,3073021615.00,United States,2023,Life Insurance,Finance
FGNX,FG Nexus Inc. Common Stock ,$8.205,0.125,1.547%,299604,41810120.00,United States,2014,Property-Casualty Insurers,Finance
FGNXP,FG Nexus Inc. 8.00% Cumulative Preferred Stock,$24.90,0.00,0.00%,11,126882631.00,United States,,Property-Casualty Insurers,Finance
FGSN,F&G Annuities & Life Inc. 7.300% Junior Subordinated Notes due 2065,$20.52,-0.05,-0.243%,23407,0.00,United States,2025,Life Insurance,Finance
FHB,First Hawaiian Inc. Common Stock,$24.78,-0.40,-1.589%,2852409,3015263903.00,United States,2016,Major Banks,Finance
FHI,Federated Hermes Inc. Common Stock,$57.56,0.64,1.124%,609711,4297445774.00,United States,,Investment Managers,Finance
FHN,First Horizon Corporation Common Stock,$23.02,-0.32,-1.371%,4580939,10906350177.00,United States,,Major Banks,Finance
FHN^E,First Horizon Corporation Depositary Shares each representing a 1/4000th interest in a share of Non-Cumulative Perpetual Preferred Stock Series E,$23.30,-0.13,-0.555%,11522,,United States,,,
FHN^F,First Horizon Corporation Depositary Shares each representing 1/4000th Interest in a Share of Non-Cumulative Perpetual Preferred Stock Series F,$16.5112,-0.0388,-0.234%,6352,,United States,,,
FHN^H,First Horizon Corporation Depositary Shares each representing a 1/4000th interest in a share of Non-Cumulative Perpetual Preferred Stock Series H,$23.4195,-0.1805,-0.765%,104919,,United States,,,
FHTX,Foghorn Therapeutics Inc. Common Stock,$3.87,-0.37,-8.726%,1795718,229821169.00,United States,2020,Biotechnology: Pharmaceutical Preparations,Health Care
FIBK,First Interstate BancSystem Inc. Common Stock (DE),$36.02,-0.52,-1.423%,1062163,3432871944.00,United States,2010,Major Banks,Finance
FICO,Fair Isaac Corporation Common Stock,$879.62,-34.86,-3.812%,501921,18997711699.00,United States,,Business Services,Consumer Discretionary
FIEE,FiEE Inc Common Stock,$3.88,-0.01,-0.257%,7025,33090960.00,United States,,Telecommunications Equipment,Utilities
FIG,Figma Inc. Class A Common Stock,$21.76,-0.04,-0.183%,8946506,11598294706.00,United States,2025,Computer Software: Prepackaged Software,Technology
FIGR,Figure Technology Solutions Inc. Class A Common Stock,$34.66,-2.45,-6.602%,2763928,7776937044.00,U.S. Virgin Islands,2025,Finance: Consumer Services,Finance
FIGS,FIGS Inc. Class A Common Stock,$11.97,-0.98,-7.568%,2489229,1988698697.00,United States,2021,Apparel,Consumer Discretionary
FIGX,FIGX Capital Acquisition Corp. Class A Ordinary Share,$10.33,0.01,0.097%,671,0.00,United States,2025,Blank Checks,Finance
FINS,Angel Oak Financial Strategies Income Term Trust Common Shares of Beneficial Interest,$11.99,-0.22,-1.802%,65845,300501030.00,,2019,Finance/Investors Services,Finance
FINV,FinVolution Group American Depositary Shares,$3.19,-0.07,-2.147%,949313,753139866.00,United States,2017,Finance: Consumer Services,Finance
FINW,FinWise Bancorp Common Stock,$11.39,-0.45,-3.801%,47694,158123725.00,United States,2021,Major Banks,Finance
FIP,FTAI Infrastructure Inc. Common Stock ,$3.09,-0.17,-5.215%,932132,365181567.00,United States,,Railroads,Industrials
FIRY,Firy Inc. Class A Common Stock,$13.10,0.50,3.968%,417391,217751567.00,United States,2020,EDP Services,Technology
FIS,Fidelity National Information Services Inc. Common Stock,$34.67,-0.29,-0.83%,7204956,17879524142.00,United States,,Business Services,Consumer Discretionary
FISI,Financial Institutions Inc. Common Stock,$39.66,-0.66,-1.637%,130096,781554238.00,United States,1999,Major Banks,Finance
FISN,Deep Fission Inc. Common Stock,$7.80,-0.32,-3.941%,316311,459466316.00,United States,2026,Electric Utilities: Central,Utilities
FISV,Fiserv Inc. Common Stock,$45.95,-0.15,-0.325%,5624745,24434680830.00,United States,1986,Business Services,Consumer Discretionary
FITB,Fifth Third Bancorp Common Stock,$51.69,-1.07,-2.028%,7453387,46877276633.00,United States,,Major Banks,Finance
FITB^A,Fifth Third Bancorp Depositary Shares each representing 1/40th share of Fifth Third 6.00% Non-Cumulative Perpetual Class B Preferred Stock Series A,$21.5724,-0.1876,-0.862%,16063,,United States,,,
FITB^I,Fifth Third Bancorp Depositary Share repstg 1/1000th Ownership Interest Perp Pfd Series I,$25.6001,0.0001,0.00%,29791,,United States,,,
FITB^K,Fifth Third Bancorp Depositary Shares each representing a 1/1000th ownership interest in a share of Non-Cumulative Perpetual Preferred Stock Series K,$18.155,-0.065,-0.357%,62633,,United States,,,
FITB^M,Fifth Third Bancorp Depositary Shares Representing a 1/40th Ownership Interest in a Share of 6.875% Fixed-Rate Reset Non-Cumulative Perpetual Preferred Stock Series M,$25.31,-0.29,-1.133%,68185,,United States,,,
FIVE,Five Below Inc. Common Stock,$227.41,-4.87,-2.097%,1393281,12519838099.00,United States,2012,Department/Specialty Retail Stores,Consumer Discretionary
FIVN,Five9 Inc. Common Stock,$37.68,-0.97,-2.51%,2958609,2815582648.00,United States,2014,EDP Services,Technology
FIX,Comfort Systems USA Inc. Common Stock,$1625.90,0.77,0.047%,237230,57222459521.00,United States,1997,Engineering & Construction,Industrials
FIZZ,National Beverage Corp. Common Stock,$30.65,-0.47,-1.51%,286723,2869309006.00,United States,,Beverages (Production/Distribution),Consumer Staples
FJDIU,ARC Group Securities Acquisition I Units,$10.02,0.01,0.10%,68311,0.00,United States,2026,,
FJET,Starfighters Space Inc. Common Stock,$1.87,-0.07,-3.608%,1558209,102842556.00,United States,2025,Air Freight/Delivery Services,Consumer Discretionary
FKWL,Franklin Wireless Corp. Common Stock,$2.37,-0.04,-1.66%,2142,27928744.00,United States,,Telecommunications Equipment,Utilities
FLC,Flaherty & Crumrine Total Return Fund Inc Common Stock,$15.87,-0.22,-1.367%,76409,0.00,United States,2003,Trusts Except Educational Religious and Charitable,Finance
FLD,Fold Holdings Inc. Class A Common Stock,$0.5592,-0.0231,-3.967%,107217,30682424.00,United States,2025,Finance: Consumer Services,Finance
FLDDW,Fold Holdings Inc. Warrant,$0.08,0.00,0.00%,8006,4389474.00,United States,2025,Finance: Consumer Services,Finance
FLEX,Flex Ltd. Ordinary Shares,$112.30,-2.15,-1.879%,3918196,41483954429.00,Singapore,1994,Electrical Products,Technology
FLG,Flagstar Bank N.A. Common Stock,$12.30,-0.24,-1.914%,4931443,5105641883.00,United States,,Banks,Finance
FLG^A,Flagstar Bank N.A. Depositary shares each representing a 1/40th interest in a share of Fixed-to-Floating Rate Series A Noncumulative Perpetual Preferred Stock,$23.85,-0.13,-0.542%,47835,,United States,,,
FLG^U,Flagstar Bank N.A. Bifurcated Option Note Unit SecuritiES,$38.555,-0.445,-1.141%,13496,,United States,,,
FLGT,Fulgent Genetics Inc. Common Stock,$21.27,-0.38,-1.755%,190352,585250282.00,United States,2016,Medical Specialities,Health Care
FLL,Full House Resorts Inc. Common Stock,$1.78,-0.15,-7.772%,195886,65227174.00,United States,,Hotels/Resorts,Consumer Discretionary
FLNA,Filana Therapeutics Inc. Common Stock,$0.8701,-0.1599,-15.524%,5466955,42032700.00,United States,,Biotechnology: Pharmaceutical Preparations,Health Care
FLNC,Fluence Energy Inc. Class A Common Stock,$7.58,0.31,4.264%,11588303,1399240477.00,United States,2021,Industrial Machinery/Components,Miscellaneous
FLNG,FLEX LNG Ltd. Ordinary Shares,$30.96,-0.42,-1.338%,325749,1674699961.00,,2019,Marine Transportation,Consumer Discretionary
FLNT,Fluent Inc. Common Stock,$3.45,-0.05,-1.429%,28720,109044447.00,United States,,Advertising,Consumer Discretionary
FLO,Flowers Foods Inc. Common Stock,$5.81,-0.07,-1.19%,8515127,1232053599.00,United States,,Packaged Foods,Consumer Staples
FLOC,Flowco Holdings Inc. Class A Common Stock,$19.36,0.28,1.468%,361926,1749238494.00,United States,2025,Oil and Gas Field Machinery,Consumer Discretionary
FLR,Fluor Corporation Common Stock,$53.06,-0.97,-1.795%,1653360,7096301015.00,United States,,Military/Government/Technical,Industrials
FLS,Flowserve Corporation Common Stock,$77.18,1.19,1.566%,1426536,9810564360.00,United States,,Fluid Controls,Industrials
FLUT,Flutter Entertainment plc Ordinary Shares,$85.89,-2.73,-3.081%,2558099,15046305881.00,Ireland,2024,Computer Software: Programming Data Processing,Technology
FLUX,Flux Power Holdings Inc. Common Stock,$0.5013,-0.0329,-6.159%,86661,10838929.00,United States,,Industrial Machinery/Components,Miscellaneous
FLWS,1-800-FLOWERS.COM Inc. Common Stock,$2.82,-0.02,-0.704%,564536,181001971.00,United States,1999,Other Specialty Stores,Consumer Discretionary
FLX,BingEx Limited American Depositary Shares,$0.8939,0.044,5.177%,119811,65370827.00,China,2024,Trucking Freight/Courier Services,Industrials
FLXS,Flexsteel Industries Inc. Common Stock,$85.23,1.07,1.271%,40969,348739085.00,United States,,Home Furnishings,Consumer Discretionary
FLY,Firefly Aerospace Inc. Common Stock,$21.90,-1.445,-6.19%,2082067,3666161726.00,United States,2025,Military/Government/Technical,Industrials
FLYE,Fly-E Group Inc. Common Stock,$1.53,0.18,13.333%,929600,2497551.00,United States,2024,Aerospace,Industrials
FLYW,Flywire Corporation Voting Common Stock,$16.86,-0.38,-2.204%,1521310,2051316984.00,United States,2021,Business Services,Consumer Discretionary
FLYX,flyExclusive Inc. Class A Common Stock,$1.21,-0.02,-1.626%,352882,123518915.00,,2023,Transportation Services,Consumer Discretionary
FMAC,Future Money Acquisition Corporation Ordinary Shares,$10.0899,0.00,0.00%,22,0.00,United States,2026,Blank Checks,Finance
FMACR,Future Money Acquisition Corporation Rights,$0.17,0.00,0.00%,75,0.00,United States,2026,Blank Checks,Finance
FMAO,Farmers & Merchants Bancorp Inc. Common Stock,$34.58,-0.79,-2.234%,33363,476275942.00,United States,,Savings Institutions,Finance
FMBH,First Mid Bancshares Inc. Common Stock,$48.71,-0.50,-1.016%,73757,1295779134.00,United States,,Major Banks,Finance
FMC,FMC Corporation Common Stock,$9.90,-0.67,-6.339%,3016027,1239745706.00,United States,,Major Chemicals,Industrials
FMFC,Kandal M Venture Limited Class A Ordinary Shares,$0.203,0.00,0.00%,182208,4323900.00,Cambodia,2025,Apparel,Consumer Discretionary
FMN,Federated Hermes Premier Municipal Income Fund,$10.26,-0.16,-1.536%,43312,884974761.00,United States,2002,Investment Managers,Finance
FMNB,Farmers National Banc Corp. Common Stock,$15.18,-0.14,-0.914%,308225,899378143.00,United States,,Major Banks,Finance
FMS,Fresenius Medical Care AG American Depositary Shares (Each representing 1/2 of an Ordinary Share),$22.41,-0.09,-0.40%,735448,12517727826.00,Germany,,Misc Health and Biotechnology Services,Health Care
FMST,Foremost Clean Energy Ltd. Common Shares,$0.7584,-0.0612,-7.467%,135487,22816193.00,Canada,,Other Metals and Minerals,Basic Materials
FMSTW,Foremost Clean Energy Ltd. Warrant,$0.2999,-0.0001,-0.033%,504,9022384.00,Canada,,Other Metals and Minerals,Basic Materials
FMX,Fomento Economico Mexicano S.A.B. de C.V. Common Stock,$119.72,-2.31,-1.893%,355892,40786385349.00,Mexico,,Beverages (Production/Distribution),Consumer Staples
FMY,First Trust Mortgage Income Fund Common Shares of Beneficial Interest,$11.575,0.1114,0.972%,5915,0.00,United States,2005,Finance/Investors Services,Finance
FN,Fabrinet Ordinary Shares,$400.85,-2.95,-0.731%,567160,14364405234.00,Cayman Islands,2010,Telecommunications Equipment,Utilities
FNB,F.N.B. Corporation Common Stock,$17.30,-0.32,-1.816%,5354875,6106916816.00,United States,,Major Banks,Finance
FND,Floor & Decor Holdings Inc. Common Stock,$47.39,-1.70,-3.463%,2979855,5046559441.00,United States,2017,RETAIL: Building Materials,Consumer Discretionary
FNF,Fidelity National Financial Inc. Common Stock,$41.85,-0.70,-1.645%,1974751,11223869810.00,United States,2014,Specialty Insurers,Finance
FNGR,FingerMotion Inc. Common Stock,$0.139,0.00,0.00%,3064344,10453444.00,United States,,Computer Software: Prepackaged Software,Technology
FNKO,Funko Inc. Class A Common Stock,$5.32,-0.30,-5.338%,1779406,297897475.00,United States,2017,Recreational Games/Products/Toys,Consumer Discretionary
FNLC,First Bancorp Inc  (ME) Common Stock,$33.98,-0.66,-1.905%,41915,383373913.00,United States,,Major Banks,Finance
FNRN,First Northern Community Bancorp Common stock,$17.08,-0.31,-1.783%,83541,280031775.00,United States,,Savings Institutions,Finance
FNUC,Frontier Nuclear and Minerals Inc. Common Shares,$1.51,-0.04,-2.581%,157657,54207559.00,Canada,2021,Other Metals and Minerals,Basic Materials
FNV,Franco-Nevada Corporation,$260.91,-6.29,-2.354%,662015,50322705767.00,Canada,,Precious Metals,Basic Materials
FNWB,First Northwest Bancorp Common Stock,$10.05,-0.18,-1.76%,20140,95591731.00,United States,2015,Banks,Finance
FNWD,Finward Bancorp Common Stock,$41.66,-0.49,-1.163%,8425,180512863.00,United States,,Savings Institutions,Finance
FOA,Finance of America Companies Inc. Class A Common Stock,$14.48,-0.63,-4.169%,77451,250603767.00,United States,2021,Finance: Consumer Services,Finance
FOCL,EDAP TMS S.A. American Depositary Shares,$4.74,0.47,11.007%,143088,177882483.00,France,,Biotechnology: Electromedical & Electrotherapeutic Apparatus,Health Care
FOF,Cohen & Steers Closed-End Opportunity Fund Inc. Common Stock,$12.33,-0.18,-1.439%,71127,605879283.00,United States,2006,Investment Managers,Finance
FOFO,Hang Feng Technology Innovation Co. Ltd. Ordinary Shares,$1.76,-0.07,-3.825%,4202,13325097.00,Hong Kong,2025,Professional Services,Consumer Discretionary
FOIL,Londian Wason New Energy Tech Inc. American Depositary Shares each representing five Ordinary Shares,$18.72,-1.02,-5.167%,39334,1463125941.00,,2026,Industrial Specialties,Industrials
FOR,Forestar Group Inc Common Stock ,$26.74,-0.47,-1.727%,209258,1364211346.00,United States,2017,Real Estate,Finance
FORM,FormFactor Inc. FormFactor Inc. Common Stock,$131.26,5.25,4.166%,1274609,10254126364.00,United States,2003,Semiconductors,Technology
FORR,Forrester Research Inc. Common Stock,$11.78,0.03,0.255%,86580,224279420.00,United States,1996,Diversified Commercial Services,Industrials
FORTY,Formula Systems (1985) Ltd. American Depositary Shares,$114.00,0.00,0.00%,412,1746214038.00,Israel,,EDP Services,Technology
FOSL,Fossil Group Inc. Common Stock,$6.17,-0.24,-3.744%,487537,364881781.00,United States,1993,Consumer Specialties,Consumer Discretionary
FOUR,Shift4 Payments Inc. Class A Common Stock,$38.46,-0.61,-1.561%,2442965,3036806215.00,United States,2020,Business Services,Consumer Discretionary
FOUR^A,Shift4 Payments Inc. 6.00% Series A Mandatory Convertible Preferred Stock,$52.50,0.50,0.962%,9236,,United States,,,
FOX,Fox Corporation Class B Common Stock,$56.96,-0.36,-0.628%,1146302,24018529509.00,United States,,Broadcasting,Industrials
FOXA,Fox Corporation Class A Common Stock,$63.96,-0.29,-0.451%,4677641,26970244863.00,United States,,Broadcasting,Industrials
FOXF,Fox Factory Holding Corp. Common Stock,$18.66,-0.23,-1.218%,383449,784298479.00,United States,2013,Motor Vehicles,Consumer Discretionary
FOXX,Foxx Development Holdings Inc. Common Stock,$2.47,-0.16,-6.084%,15451,17391744.00,United States,,Computer Communications Equipment,Telecommunications
FOXXW,Foxx Development Holdings Inc. Warrant,$0.0653,0.00,0.00%,25,459790.00,United States,,Computer Communications Equipment,Telecommunications
FPF,First Trust Intermediate Duration Preferred & Income Fund Common Shares of Beneficial Interest,$16.40,-0.11,-0.666%,286730,0.00,United States,2013,Trusts Except Educational Religious and Charitable,Finance
FPH,Five Point Holdings LLC Class A Common Shares,$4.72,-0.20,-4.065%,165115,697992014.00,United States,2017,Real Estate,Finance
FPI,Farmland Partners Inc. Common Stock,$10.79,-0.13,-1.19%,697763,470775490.00,United States,2014,Real Estate Investment Trusts,Real Estate
FPS,Forgent Power Solutions Inc. Class A Common Stock,$39.88,1.36,3.531%,7950328,12140624093.00,United States,2026,Industrial Machinery/Components,Energy
FR,First Industrial Realty Trust Inc. Common Stock,$61.07,-0.82,-1.325%,1202682,8096229812.00,United States,1994,Real Estate Investment Trusts,Real Estate
FRA,Blackrock Floating Rate Income Strategies Fund Inc  Common Stock,$10.57,-0.08,-0.751%,117012,1572419318.00,United States,2003,Investment Bankers/Brokers/Service,Finance
FRAF,Franklin Financial Services Corporation Common Stock,$61.22,-1.55,-2.469%,36816,275464410.00,United States,,Major Banks,Finance
FRBA,First Bank Common Stock,$17.51,-0.23,-1.297%,82201,440103397.00,United States,2013,Major Banks,Finance
FRBT,Forbright Inc. Class A Common Stock,$17.87,-0.52,-2.828%,93484,907159471.00,United States,2026,Major Banks,Finance
FRD,Friedman Industries Inc. Common Stock,$39.41,-0.98,-2.426%,39098,284256093.00,United States,,Steel/Iron Ore,Industrials
FRGT,Freight Technologies Inc. Ordinary Shares,$0.49,-0.0052,-1.05%,30443993,280341.00,United States,2017,Integrated Freight & Logistics,Industrials
FRHC,Freedom Holding Corp. Common Stock,$172.73,1.57,0.917%,51542,11018043548.00,Kazakhstan,,Investment Bankers/Brokers/Service,Finance
FRME,First Merchants Corporation Common Stock,$40.03,-0.62,-1.525%,393877,2513940963.00,United States,,Major Banks,Finance
FRMEP,First Merchants Corporation Depository Shares,$25.20,0.00,0.00%,46,1582595860.00,United States,,Major Banks,Finance
FRMI,Fermi Inc. Common Stock,$4.82,-0.32,-6.226%,13514147,3087052617.00,United States,2025,Real Estate Investment Trusts,Real Estate
FRMM,Forum Markets Incorporated Common Stock,$5.14,0.11,2.187%,128465,67842593.00,United States,2017,Finance: Consumer Services,Finance
FRNM,Freenome Inc. Common stock,$15.70,-0.755,-4.588%,578495,1686914980.00,United States,,Medical Specialities,Health Care
FRO,Frontline Plc Ordinary Shares,$47.56,-0.36,-0.751%,5028689,10587944601.00,Bermuda,,Marine Transportation,Consumer Discretionary
FROG,JFrog Ltd. Ordinary Shares,$92.33,2.38,2.646%,1242723,11384410045.00,United States,2020,Computer Software: Prepackaged Software,Technology
FRPH,FRP Holdings Inc. Common Stock,$21.08,-0.34,-1.587%,91408,404700185.00,United States,,Real Estate,Finance
FRPT,Freshpet Inc. Common Stock,$59.21,-0.92,-1.53%,917116,2845518562.00,United States,2014,Packaged Foods,Consumer Staples
FRSH,Freshworks Inc. Class A Common Stock,$12.87,0.45,3.623%,6237113,3358050336.00,United States,2021,Computer Software: Prepackaged Software,Technology
FRST,Primis Financial Corp. Common Stock,$15.49,-0.32,-2.024%,106318,384137625.00,United States,2006,Major Banks,Finance
FRSX,Foresight Autonomous Holdings Ltd. American Depositary Shares,$1.18,-0.01,-0.84%,22903,3516768.00,Israel,,Computer Software: Prepackaged Software,Technology
FRT,Federal Realty Investment Trust Common Stock,$109.39,-1.07,-0.969%,765571,9504802259.00,United States,,Real Estate Investment Trusts,Real Estate
FRT^C,Federal Realty Investment Trust Depositary Shares each representing a 1/1000th interest in a 5.000% Series C Cumulative Redeemable Preferred Share,$18.7264,-0.2036,-1.076%,20461,,United States,,,
FRTT,Fort Technology Inc. Common Shares,$0.9108,-0.0093,-1.011%,26442,13700784.00,Canada,,Agricultural Chemicals,Industrials
FRVO,Fervo Energy Company Class A common stock,$16.35,-0.09,-0.547%,2908309,4819378304.00,United States,2026,Electric Utilities: Central,Utilities
FSBC,Five Star Bancorp Common Stock,$43.40,-0.77,-1.743%,160723,1064889048.00,United States,2021,Major Banks,Finance
FSBW,FS Bancorp Inc. Common Stock,$43.46,-0.55,-1.25%,46294,341688952.00,United States,2012,Banks,Finance
FSCO,FS Credit Opportunities Corp. Common Stock,$5.27,-0.25,-4.529%,1299420,1045335593.00,United States,2022,Trusts Except Educational Religious and Charitable,Finance
FSEA,First Seacoast Bancorp Inc. Common Stock,$17.18,-0.01,-0.058%,738,80822022.00,United States,2019,Savings Institutions,Finance
FSHP,Flag Ship Acquisition Corp. Ordinary Shares,$11.28,-0.025,-0.221%,229,0.00,United States,2024,,
FSHPR,Flag Ship Acquisition Corp. Right,$0.0875,0.00,0.00%,107,0.00,United States,2024,,
FSI,Flexible Solutions International Inc. Common Stock (CDA),$5.82,-0.13,-2.185%,12826,74335938.00,Canada,2002,Major Chemicals,Industrials
FSK,FS KKR Capital Corp. Common Stock,$11.17,-0.14,-1.238%,1462344,3086720928.00,United States,2014,Investment Managers,Finance
FSLR,First Solar Inc. Common Stock,$191.97,-8.81,-4.388%,2118588,20630975202.00,United States,2006,Semiconductors,Technology
FSLY,Fastly Inc. Class A Common Stock,$29.65,3.57,13.689%,30280674,4723245000.00,United States,,Computer Software: Prepackaged Software,Technology
FSM,Fortuna Mining Corp. Common Shares,$11.66,-0.55,-4.505%,3966181,3551139132.00,Canada,,Precious Metals,Basic Materials
FSP,Franklin Street Properties Corp. Common Stock,$0.34,0.007,2.102%,343820,35363981.00,United States,,Real Estate Investment Trusts,Real Estate
FSS,Federal Signal Corporation Common Stock,$113.25,-2.44,-2.109%,348289,6912962446.00,United States,,Auto Manufacturing,Industrials
FSSL,FS Specialty Lending Fund Common Shares of Beneficial Interest,$11.69,-0.18,-1.516%,335529,0.00,United States,2025,Finance/Investors Services,Finance
FSTR,L.B. Foster Company Common Stock,$37.27,-0.50,-1.324%,24773,392071567.00,United States,,Metal Fabrications,Industrials
FSUN,FirstSun Capital Bancorp Common Stock,$38.37,-0.98,-2.49%,370608,1787427044.00,United States,,Major Banks,Finance
FSV,FirstService Corporation Common Shares,$129.57,-3.77,-2.827%,204020,5658292099.00,Canada,,Real Estate,Finance
FT,Franklin Universal Trust Common Stock,$7.16,-0.15,-2.052%,89751,179944361.00,United States,,Trusts Except Educational Religious and Charitable,Finance
FTAI,FTAI Aviation Ltd. Common Stock,$186.01,-3.73,-1.966%,1388603,19104545997.00,United States,,Misc Corporate Leasing Services,Industrials
FTAIM,FTAI Aviation Ltd. 9.500% Fixed-Rate Reset Series D Cumulative Perpetual Redeemable Preferred Shares,$27.2321,-0.1579,-0.576%,3221,2796929773.00,United States,,Misc Corporate Leasing Services,Industrials
FTCI,FTC Solar Inc. Common Stock,$2.54,-0.08,-3.053%,300422,41964346.00,United States,2021,Semiconductors,Technology
FTDR,Frontdoor Inc. Common Stock,$73.95,-3.24,-4.197%,902313,5094660718.00,United States,,Diversified Commercial Services,Consumer Discretionary
FTEK,Fuel Tech Inc. Common Stock,$1.65,-0.12,-6.78%,80332,51507702.00,United States,,Pollution Control Equipment,Industrials
FTF,Franklin Limited Duration Income Trust Common Shares of Beneficial Interest,$5.41,-0.17,-3.047%,389754,218593073.00,United States,2003,Finance/Investors Services,Finance
FTFT,Future FinTech Group Inc. Common Stock,$4.44,0.42,10.448%,6224357,41625000.00,China,,Business Services,Consumer Discretionary
FTH,Faeth Therapeutics Inc. Common Stock,$31.55,-1.85,-5.539%,435061,815265409.00,United States,2021,Biotechnology: Pharmaceutical Preparations,Health Care
FTHA,Forefront Tech Holdings Acquisition Corp Class A Ordinary Shares,$9.971,0.001,0.01%,1023,0.00,Cayman Islands,2026,Blank Checks,Finance
FTHM,Fathom Holdings Inc. Common Stock,$0.5279,-0.0311,-5.564%,24423,18058001.00,United States,2020,Real Estate,Finance
FTHY,First Trust High Yield Opportunities 2027 Term Fund Common Stock,$12.97,-0.04,-0.307%,144023,476945667.00,United States,2020,Investment Managers,Finance
FTI,TechnipFMC plc Ordinary Share,$71.24,0.42,0.593%,2202712,27937791001.00,,,Oil and Gas Field Machinery,Consumer Discretionary
FTK,Flotek Industries Inc. Common Stock,$30.43,-0.43,-1.393%,350983,1102187654.00,United States,,Major Chemicals,Industrials
FTLF,FitLife Brands Inc. Common Stock,$9.39,0.08,0.859%,7691,88182166.00,United States,, Medicinal Chemicals and Botanical Products ,Health Care
FTNT,Fortinet Inc. Common Stock,$178.74,4.48,2.571%,3416496,131143978337.00,United States,2009,Computer peripheral equipment,Technology
FTRA,FutureCorp Space Acquisition 1 Class A Ordinary Shares,$9.87,-0.01,-0.101%,94833,0.00,,2026,,
FTRE,Fortrea Holdings Inc. Common Stock,$19.52,-0.91,-4.454%,1067821,1856352000.00,United States,,Medical Specialities,Health Care
FTS,Fortis Inc. Common Shares,$53.30,-0.54,-1.003%,904743,27230970000.00,United States,2016,Electric Utilities: Central,Utilities
FTV,Fortive Corporation Common Stock ,$56.26,0.31,0.554%,1647203,16991479346.00,United States,2016,Industrial Machinery/Components,Industrials
FTW,Presidio Production Company Class A Common Stock,$10.14,-0.15,-1.458%,16103,317643764.00,,,Oil & Gas Production,Energy
FUBO,FuboTV Inc. Class A Common Stock,$9.63,-0.50,-4.936%,1437259,1051565136.00,United States,2020,Movies/Entertainment,Consumer Discretionary
FUFU,BitFuFu Inc. Class A Ordinary Shares,$1.38,-0.09,-6.122%,58859,229981965.00,Singapore,,Finance: Consumer Services,Finance
FUFUW,BitFuFu Inc. Warrant,$0.18,-0.02,-10.00%,20070,29997648.00,Singapore,,Finance: Consumer Services,Finance
FUL,H. B. Fuller Company Common Stock,$50.21,-0.86,-1.684%,1999837,2700665906.00,United States,,Home Furnishings,Industrials
FULC,Fulcrum Therapeutics Inc. Common Stock,$3.81,-0.03,-0.781%,1194432,290692549.00,United States,2019,Biotechnology: Pharmaceutical Preparations,Health Care
FULT,Fulton Financial Corporation Common Stock,$22.75,-0.27,-1.173%,1620588,4343306308.00,United States,,Major Banks,Finance
FULTP,Fulton Financial Corporation Depositary Shares Each Representing a 1/40th Interest in a Share of Fixed Rate Non-Cumulative Perpetual Preferred Stock Series A,$17.88,0.07,0.393%,9261,3413552386.00,United States,,Major Banks,Finance
FUN,Six Flags Entertainment Corporation Common Stock New,$12.43,0.13,1.057%,2030150,1271791758.00,United States,,Services-Misc. Amusement & Recreation,Consumer Discretionary
FUNC,First United Corporation Common Stock,$42.76,-0.91,-2.084%,27071,275966027.00,United States,,Major Banks,Finance
FUND,Sprott Focus Trust Inc. Common Stock,$9.95,-0.10,-0.995%,13899,294853892.00,United States,,Investment Managers,Finance
FURY,Fury Gold Mines Limited Common Shares,$0.561,-0.0214,-3.674%,157383,106664161.00,,2020,Precious Metals,Basic Materials
FUSB,First US Bancshares Inc. Common Stock,$16.46,-0.05,-0.303%,2484,90607510.00,United States,,Major Banks,Finance
FUSE,Fusemachines Inc. Common stock,$0.5825,-0.0074,-1.254%,30277,16883938.00,United States,,EDP Services,Technology
FUSEW,Fusemachines Inc. Warrants,$0.0401,0.00,0.00%,9,1162311.00,United States,,EDP Services,Technology
FUTU,Futu Holdings Limited American Depositary Shares,$109.99,-4.33,-3.788%,1162728,15417037294.00,Hong Kong,2019,Investment Bankers/Brokers/Service,Finance
FVAV,Fortress Value Acquisition Corp. V Class A Ordinary Shares,$10.28,0.00,0.00%,9,0.00,United States,2026,,
FVCB,FVCBankcorp Inc. Common Stock,$17.68,-0.40,-2.212%,55369,318844744.00,United States,,Major Banks,Finance
FVN,Future Vision II Acquisition Corporation Ordinary shares,$9.31,-0.29,-3.021%,1600,0.00,China,2024,,
FVNNR,Future Vision II Acquisition Corporation Right,$0.1701,0.00,0.00%,85,0.00,China,2024,Blank Checks,Finance
FVNNU,Future Vision II Acquisition Corporation Units,$11.99,0.01,0.083%,701,0.00,China,2024,,
FVR,FrontView REIT Inc. Common Stock,$18.02,-0.20,-1.098%,166898,440696273.00,United States,2024,Real Estate Investment Trusts,Real Estate
FVRR,Fiverr International Ltd. Ordinary Shares no par value,$8.52,-0.15,-1.73%,540434,306300203.00,,2019,Business Services,Consumer Discretionary
FWAC,Futurewave Acquisition Corporation Ordinary Shares,$9.94,0.00,0.00%,14554,0.00,United States,2026,,
FWDI,Forward Industries Inc. Common Stock,$8.06,-0.54,-6.279%,2553629,595205877.00,United States,,Finance: Consumer Services,Finance
FWONA,Liberty Media Corporation Series A Common Stock,$85.60,-1.07,-1.235%,257220,21460646316.00,United States,,Broadcasting,Industrials
FWONK,Liberty Media Corporation Series C Common Stock,$93.25,-1.37,-1.448%,4317085,23378566226.00,United States,,Broadcasting,Industrials
FWRD,Forward Air Corporation Common Stock,$15.06,-0.08,-0.528%,451686,508739782.00,United States,,Integrated Freight & Logistics,Industrials
FWRG,First Watch Restaurant Group Inc. Common Stock,$10.20,-0.12,-1.163%,1534116,629466837.00,United States,2021,Restaurants,Consumer Discretionary
FXAC,FortuneX Acquisition Corporation Ordinary shares,$10.06,-0.01,-0.099%,1296,0.00,United States,2026,Blank Checks,Finance
FXACW,FortuneX Acquisition Corporation Warrant,$0.16,0.00,0.00%,71,0.00,United States,2026,Blank Checks,Finance
FXHO,UTime Limited Class A Ordinary Shares,$10.96,-0.05,-0.454%,44056,298948588.00,China,2021,Consumer Electronics/Appliances,Technology
FXNC,First National Corporation Common Stock,$29.40,-1.06,-3.48%,15398,265853293.00,United States,,Major Banks,Finance
G,Genpact Limited Common Stock,$33.85,-0.04,-0.118%,1472629,5687964677.00,Bermuda,2007,Professional Services,Consumer Discretionary
GAB,Gabelli Equity Trust Inc. (The) Common Stock,$5.32,-0.11,-2.026%,2805021,1563107573.00,United States,1986,Investment Managers,Finance
GAB^G,Gabelli Equity Trust Inc. (The) Series G Cumulative Preferred Stock,$18.4252,-0.0347,-0.188%,1471,,United States,,,
GAB^H,Gabelli Equity Trust Inc. (The) Pfd Ser H,$18.46,0.01,0.054%,2481,,United States,,,
GAB^K,Gabelli Equity Trust Inc. (The) 5.00% Series K Cumulative Preferred Stock,$18.40,-0.1251,-0.675%,2975,,United States,,,
GABC,German American Bancorp Inc. Common Stock,$48.62,-0.37,-0.755%,118872,1827081645.00,United States,,Major Banks,Finance
GAIA,Gaia Inc. Class A Common Stock,$1.24,-0.05,-3.876%,43391,31527983.00,United States,1999,Movies/Entertainment,Consumer Discretionary
GAIN,Gladstone Investment Corporation Business Development Company,$15.64,-0.16,-1.013%,160897,622815564.00,United States,2005,Finance: Consumer Services,Finance
GAING,Gladstone Investment Corporation 7.125% Notes due 2031,$25.05,-0.09,-0.358%,9111,0.00,United States,,Finance: Consumer Services,Finance
GAINI,Gladstone Investment Corporation 7.875% Notes due 2030,$25.38,0.02,0.079%,8688,0.00,United States,,Finance: Consumer Services,Finance
GAINZ,Gladstone Investment Corporation 4.875% Notes due 2028,$24.195,-0.04,-0.165%,22814,924714270.00,United States,,Finance: Consumer Services,Finance
GALT,Galectin Therapeutics Inc. Common Stock,$4.05,-0.09,-2.174%,174144,408441058.00,United States,,Biotechnology: Pharmaceutical Preparations,Health Care
GAM,General American Investors Inc. Common Stock,$64.80,-0.66,-1.008%,30985,1553619528.00,United States,,Investment Managers,Finance
GAM^B,General American Investors Company Inc. Cumulative Preferred Stock,$22.72,-0.38,-1.645%,73974,,United States,,,
GAME,GameSquare Holdings Inc. Common Stock,$3.06,-0.25,-7.553%,117338,39118988.00,United States,,Services-Misc. Amusement & Recreation,Consumer Discretionary
GANX,Gain Therapeutics Inc. Common Stock,$1.84,-0.11,-5.641%,292886,80304259.00,United States,2021,Biotechnology: Pharmaceutical Preparations,Health Care
GAP,Gap Inc. (The) Common Stock,$21.28,-0.18,-0.839%,4470608,7475028515.00,United States,,Clothing/Shoe/Accessory Stores,Consumer Discretionary
GASS,StealthGas Inc. Common Stock,$9.00,-0.09,-0.99%,99176,334671174.00,Greece,2005,Marine Transportation,Consumer Discretionary
GATX,GATX Corporation Common Stock,$185.70,2.69,1.47%,307061,6555210000.00,United States,,Transportation Services,Consumer Discretionary
GAU,Galiano Gold Inc.,$2.06,-0.12,-5.505%,2723221,538879034.00,Canada,,Mining & Quarrying of Nonmetallic Minerals (No Fuels),Industrials
GAUZ,Gauzy Ltd. Ordinary Shares,$6.67,0.26,4.056%,7164,7666378.00,Israel,2024,Industrial Machinery/Components,Miscellaneous
GBAB,Guggenheim Taxable Municipal Bond & Investment Grade Debt Trust Common Shares of Beneficial Interest,$12.83,-0.13,-1.003%,238049,287352291.00,United States,2010,Investment Managers,Finance
GBCI,Glacier Bancorp Inc. Common Stock,$44.13,-0.03,-0.068%,1243977,5746253486.00,United States,,Major Banks,Finance
GBDC,Golub Capital BDC Inc. Common Stock,$12.45,-0.08,-0.638%,868156,3232662283.00,United States,2010,Finance: Consumer Services,Finance
GBFH,GBank Financial Holdings Inc. Common Stock,$18.68,-0.39,-2.045%,67614,271167417.00,United States,,Major Banks,Finance
GBLI,Global Indemnity Group LLC Class A Common Stock ,$24.65,-0.95,-3.711%,4146,360891135.00,United States,,Property-Casualty Insurers,Finance
GBR,New Concept Energy Inc Common Stock,$0.6907,-0.0239,-3.345%,49610,3544627.00,United States,1993,Oil & Gas Production,Energy
GBTG,Global Business Travel Group Inc. Class A Common Stock,$9.46,0.00,0.00%,2419700,4941652771.00,United States,2020,Transportation Services,Consumer Discretionary
GBX,Greenbrier Companies Inc. (The) Common Stock,$43.04,0.00,0.00%,635825,1331644085.00,United States,1994,Railroads,Industrials
GCBC,Greene County Bancorp Inc. Common Stock,$34.58,-0.69,-1.956%,19519,588741271.00,United States,,Banks,Finance
GCDT,Green Circle Decarbonize Technology Limited Class A Ordinary Shares,$0.511,0.1704,50.029%,193894409,6924666.00,,2026,Industrial Machinery/Components,Industrials
GCGR,General Catalyst Global Resilience Merger Corp. Class A Ordinary Shares,$10.16,0.00,0.00%,8,0.00,United States,2026,,
GCGRW,General Catalyst Global Resilience Merger Corp. Warrants,$0.6624,0.00,0.00%,20,0.00,United States,2026,,
GCL,GCL Global Holdings Ltd Ordinary Shares,$0.6553,-0.0325,-4.725%,133362,85277749.00,Singapore,,Computer Software: Prepackaged Software,Technology
GCMG,GCM Grosvenor Inc. Class A Common Stock,$12.93,-0.30,-2.268%,469061,2622101853.00,United States,,Investment Managers,Finance
GCO,Genesco Inc. Common Stock,$34.16,-0.92,-2.623%,160386,369616392.00,United States,,Clothing/Shoe/Accessory Stores,Consumer Discretionary
GCT,GigaCloud Technology Inc Class A Ordinary Shares,$52.50,-0.62,-1.167%,554727,1874787443.00,United States,2022,Catalog/Specialty Distribution,Consumer Discretionary
GCTK,GlucoTrack Inc. Common Stock,$2.03,-0.19,-8.559%,27578707,1620732.00,United States,,Medical/Dental Instruments,Health Care
GCTS,GCT Semiconductor Holding Inc. Common Stock,$2.16,-0.04,-1.818%,1235875,198654608.00,United States,2021,Semiconductors,Technology
GCV,Gabelli Convertible and Income Securities Fund Inc. (The) Common Stock,$4.43,-0.02,-0.449%,89238,84347328.00,United States,,Finance/Investors Services,Finance
GD,General Dynamics Corporation Common Stock,$343.33,-0.06,-0.017%,1085321,92890401759.00,United States,,Marine Transportation,Industrials
GDC,GD Culture Group Limited Common Stock,$1.57,-0.03,-1.875%,1472780,6535125.00,United States,2015,Steel/Iron Ore,Industrials
GDDY,GoDaddy Inc. Class A Common Stock,$96.38,-1.86,-1.893%,3754412,12206305712.00,United States,2015,EDP Services,Technology
GDEV,GDEV Inc. Ordinary Shares,$11.19,-0.08,-0.71%,1397,203103972.00,Cyprus,,EDP Services,Technology
GDHG,Golden Heaven Group Holdings Ltd. Class A Ordinary Shares,$1.15,-0.01,-0.862%,37852,75314535.00,China,2023,Services-Misc. Amusement & Recreation,Consumer Discretionary
GDL,GDL Fund The Common Shares of Beneficial Interest,$8.3601,-0.0299,-0.356%,18324,0.00,United States,2007,Investment Managers,Finance
GDO,Western Asset Global Corporate Opportunity Fund Inc. Common Stock,$9.61,-0.16,-1.638%,149006,0.00,United States,2009,Finance Companies,Finance
GDOT,Green Dot Corporation Class A Common Stock $0.001 par value,$13.02,-0.19,-1.438%,238933,741947031.00,United States,2010,Finance: Consumer Services,Finance
GDRX,GoodRx Holdings Inc. Class A Common Stock,$3.32,-0.12,-3.488%,849126,1132602688.00,United States,2020,EDP Services,Technology
GDS,GDS Holdings Limited ADS,$33.11,-0.64,-1.896%,951798,6634502766.00,China,2016,Computer Software: Programming Data Processing,Technology
GDTC,CytoMed Therapeutics Limited Ordinary Shares,$0.91,0.00,0.00%,9676,10763876.00,Singapore,2023,Biotechnology: Pharmaceutical Preparations,Health Care
GDV,Gabelli Dividend & Income Trust Common Shares of Beneficial Interest,$28.84,-0.30,-1.03%,93249,2601036080.00,United States,2003,Investment Managers,Finance
GDV^H,The Gabelli Dividend & Income Trust 5.375% Series H Cumulative Preferred Shares,$20.47,-0.07,-0.341%,3818,,United States,,,
GDV^K,The Gabelli Dividend & Income Trust 4.250% Series K Cumulative Preferred Shares,$16.18,-0.11,-0.675%,10794,,United States,,,
GDYN,Grid Dynamics Holdings Inc. Class A Common Stock,$7.70,-0.08,-1.028%,697506,624676984.00,United States,2018,Computer Software: Prepackaged Software,Technology
GE,GE Aerospace Common Stock,$319.80,0.58,0.182%,4354725,331812491657.00,United States,,Consumer Electronics/Appliances,Technology
GECC,Great Elm Capital Corp. Common Stock,$5.30,-0.10,-1.852%,14621,73615675.00,United States,,Finance: Consumer Services,Finance
GECCG,Great Elm Capital Corp. 7.75% Notes Due 2030,$24.65,0.00,0.00%,1109,0.00,United States,,Finance: Consumer Services,Finance
GECCH,Great Elm Capital Corp. 8.125% Notes Due 2029,$24.902,0.00,0.00%,533,0.00,United States,,,
GECCI,Great Elm Capital Corp. 8.50% NOTES DUE 2029,$25.00,0.00,0.00%,2545,0.00,United States,,Finance Companies,Finance
GEF,Greif Inc. Class A Common Stock,$84.31,-0.28,-0.331%,366315,3892451144.00,United States,,,
GEG,Great Elm Group Inc. Common Stock,$2.17,0.02,0.93%,6375,67475911.00,United States,,Computer Software: Prepackaged Software,Technology
GEGGL,Great Elm Group Inc.  7.25% Notes due 2027,$24.845,0.00,0.00%,11,720425173.00,United States,,Computer Software: Prepackaged Software,Technology
GEHC,GE HealthCare Technologies Inc. Common Stock ,$66.09,-0.18,-0.272%,3169563,29851944395.00,United States,,Medical Electronics,Health Care
GEL,Genesis Energy L.P. Common Units,$14.66,0.02,0.137%,163514,1791075546.00,United States,2001,Oil Refining/Marketing,Energy
GELS,Gelteq Limited Ordinary Shares,$0.6009,-0.0091,-1.492%,531825,6436275.00,Australia,2024,Biotechnology: Pharmaceutical Preparations,Health Care
GEMI,Gemini Space Station Inc. Class A Common Stock,$5.63,-0.32,-5.378%,2913482,729941897.00,United States,2025,Finance: Consumer Services,Finance
GEN,Gen Digital Inc. Common Stock,$26.23,-1.06,-3.884%,10349908,15700937849.00,United States,,Computer Software: Prepackaged Software,Technology
GENB,Generate Biomedicines Inc. Common Stock,$16.52,-0.94,-5.384%,1426064,2120382243.00,United States,2026,Biotechnology: Pharmaceutical Preparations,Health Care
GENC,Gencor Industries Inc. Common Stock,$17.37,-0.49,-2.744%,66288,254604284.00,United States,,Construction/Ag Equipment/Trucks,Industrials
GENI,Genius Sports Limited Ordinary Shares,$6.12,0.04,0.658%,10164255,1637876977.00,Guernsey,2021,Services-Misc. Amusement & Recreation,Consumer Discretionary
GENK,GEN Restaurant Group Inc. Class A Common Stock,$1.695,0.015,0.893%,16765,55875028.00,United States,2023,Restaurants,Consumer Discretionary
GENVR,Gen Digital Inc. Contingent Value Rights,$1.87,-0.63,-25.20%,98206,1119357750.00,United States,,Computer Software: Prepackaged Software,Technology
GEO,Geo Group Inc (The) REIT,$30.62,0.88,2.959%,2342301,4030191662.00,United States,,Homebuilding,Consumer Discretionary
GEOS,Geospace Technologies Corporation Common Stock (Texas),$5.14,-0.20,-3.745%,92659,66488999.00,United States,,Industrial Machinery/Components,Industrials
GERN,Geron Corporation Common Stock,$1.24,-0.07,-5.344%,10925306,796667027.00,United States,1996,Biotechnology: Pharmaceutical Preparations,Health Care
GETY,Getty Images Holdings Inc. Class A Common Stock,$0.2197,-0.0206,-8.573%,5979553,91134044.00,United States,2022,Business Services,Consumer Discretionary
GEV,GE Vernova Inc. Common Stock,$951.82,1.54,0.162%,1681203,253501629067.00,United States,2024,Consumer Electronics/Appliances,Technology
GEVO,Gevo Inc. Common Stock,$1.45,-0.11,-7.051%,3382280,358493801.00,United States,2011,Major Chemicals,Industrials
GF,New Germany Fund Inc. (The) Common Stock,$10.83,-0.15,-1.366%,16119,0.00,United States,1990,Investment Managers,Finance
GFAI,Guardforce AI Co. Limited Ordinary Shares,$0.3365,-0.0032,-0.942%,190801,10563858.00,Singapore,,Diversified Commercial Services,Consumer Discretionary
GFF,Griffon Corporation Common Stock,$96.59,-0.87,-0.893%,242216,4375016618.00,United States,,Building Products,Industrials
GFI,Gold Fields Limited American Depositary Shares,$40.82,-2.14,-4.981%,3608470,36534889763.00,South Africa,,Precious Metals,Basic Materials
GFL,GFL Environmental Inc. Subordinate voting shares no par value,$41.90,-0.44,-1.039%,2943457,18816467042.00,Canada,2020,Environmental Services,Utilities
GFR,Greenfire Resources Ltd. Common Shares,$6.08,-0.23,-3.645%,1712236,1461715247.00,Canada,,Oil & Gas Production,Energy
GFS,GlobalFoundries Inc. Ordinary Shares,$46.42,-1.41,-2.948%,3271536,25875371551.00,United States,2021,Semiconductors,Technology
GFUZ,General Fusion Group Ltd. Common Shares,$8.68,0.43,5.212%,102190,551602898.00,United States,2025,Electric Utilities: Central,Utilities
GFUZW,General Fusion Group Ltd. Warrant,$1.51,-0.02,-1.307%,8957,95958569.00,United States,2025,Electric Utilities: Central,Utilities
GGAL,Grupo Financiero Galicia S.A. American Depositary Shares,$39.99,-1.26,-3.055%,1022626,6423408666.00,Argentina,,Commercial Banks,Finance
GGB,Gerdau S.A. Common Stock,$4.88,-0.14,-2.789%,13312212,9652728079.00,Brazil,,Steel/Iron Ore,Industrials
GGG,Graco Inc. Common Stock,$78.37,0.73,0.94%,1333405,12692321187.00,United States,,Fluid Controls,Industrials
GGN,GAMCO Global Gold Natural Resources & Income Trust,$5.46,-0.08,-1.444%,631451,0.00,United States,2005,Finance/Investors Services,Finance
GGN^B,GAMCO Global Gold Natural Reources & Income Trust 5.00% Series B Cumulative 25.00 Liquidation Preference,$18.42,0.095,0.518%,16781,,United States,,,
GGR,Gogoro Inc. Ordinary Shares,$2.97,0.12,4.211%,9937,61228085.00,Taiwan,,Auto Manufacturing,Industrials
GGROW,Gogoro Inc. Warrant,$0.0045,0.0002,4.651%,51573,92770.00,Taiwan,,Auto Manufacturing,Industrials
GGT,Gabelli Multi-Media Trust Inc. (The) Common Stock,$4.02,-0.04,-0.985%,354878,110693719.00,United States,,Trusts Except Educational Religious and Charitable,Finance
GGT^E,Gabelli Multi-Media Trust Inc. (The) 5.125% Series E Cumulative Preferred Stock,$19.98,0.00,0.00%,217,,United States,,,
GGT^G,Gabelli Multi-Media Trust Inc. (The) 5.125% Series G Cumulative Preferred Shares,$19.9701,-0.0499,-0.249%,2175,,United States,,,
GGZ,Gabelli Global Small and Mid Cap Value Trust (The) Common Shares of Beneficial Interest,$15.60,-0.13,-0.826%,11597,138402685.00,,2014,Investment Managers,Finance
GH,Guardant Health Inc. Common Stock,$176.31,-0.85,-0.48%,1432437,23660126733.00,United States,2018,Medical Specialities,Health Care
GHC,Graham Holdings Company Common Stock,$1147.27,-2.76,-0.24%,34793,4858605847.00,United States,,Other Consumer Services,Real Estate
GHG,GreenTree Hospitality Group Ltd. American depositary shares each representing one Class A ordinary share,$1.00,-0.02,-1.961%,20681,100897325.00,,2018,Hotels/Resorts,Consumer Discretionary
GHI,Greystone Housing Impact Investors LP Beneficial Unit Certificates representing assignments of limited partnership interests,$5.96,-0.08,-1.325%,50166,140432560.00,United States,2022,Finance: Consumer Services,Finance
GHM,Graham Corporation Common Stock,$87.80,0.86,0.989%,140760,1030511497.00,United States,1978,Industrial Machinery/Components,Industrials
GHRS,GH Research PLC Ordinary Shares,$25.96,-1.90,-6.82%,178866,1779744237.00,Ireland,2021,Biotechnology: Pharmaceutical Preparations,Health Care
GHXI,Gores Holdings XI Inc. Class A Ordinary Shares,$9.99,-0.01,-0.10%,258614,0.00,United States,2026,,
GHXIW,Gores Holdings XI Inc. Warrant,$0.5101,-0.04,-7.271%,150281,0.00,United States,2026,,
GHY,PGIM Global High Yield Fund Inc.,$11.01,-0.22,-1.959%,229642,0.00,United States,2012,Trusts Except Educational Religious and Charitable,Finance
GIB,CGI Inc. Common Stock,$69.13,-0.35,-0.504%,466784,16030443779.00,Canada,,Professional Services,Consumer Discretionary
GIBO,GIBO Holdings Limited Class A Ordinary Shares,$32.20,-0.70,-2.128%,2955,83871501.00,Hong Kong,,Computer Software: Prepackaged Software,Technology
GIC,Global Industrial Company Common Stock,$41.70,-0.15,-0.358%,113420,1589117820.00,United States,,Industrial Machinery/Components,Industrials
GIFT,Giftify Inc. Common Stock,$0.68,-0.001,-0.147%,26335,24089120.00,United States,,Catalog/Specialty Distribution,Consumer Discretionary
GIGM,GigaMedia Limited Ordinary Shares,$1.3797,0.00,0.00%,439,15248769.00,Taiwan,,Computer Software: Programming Data Processing,Technology
GIII,G-III Apparel Group LTD. Common Stock,$26.94,-1.28,-4.536%,613543,1155093126.00,United States,1989,Apparel,Consumer Discretionary
GIL,Gildan Activewear Inc. Class A Sub. Vot. Common Stock,$46.19,-0.82,-1.744%,1065922,8554011459.00,Canada,2000,Apparel,Consumer Discretionary
GILD,Gilead Sciences Inc. Common Stock,$151.37,-1.30,-0.852%,6191896,187692011812.00,United States,1992,Biotechnology: Biological Products (No Diagnostic Substances),Health Care
GILT,Gilat Satellite Networks Ltd. Ordinary Shares,$9.98,-0.03,-0.30%,357150,753200061.00,Israel,,Radio And Television Broadcasting And Communications Equipment,Technology
GIPR,Generation Income Properties Inc. Common Stock,$0.5281,-0.0417,-7.318%,11370914,3756111.00,United States,,Real Estate Investment Trusts,Real Estate
GIS,General Mills Inc. Common Stock,$35.82,0.37,1.044%,15616225,19150427687.00,United States,,Packaged Foods,Consumer Staples
GITS,Global Interactive Technologies Inc. Common Stock,$2.01,-0.29,-12.609%,24004,8448239.00,South Korea,2023,Computer Software: Programming Data Processing,Technology
GIW,GigCapital8 Corp. Class A Ordinary Shares,$10.155,0.005,0.049%,310,0.00,United States,2025,Blank Checks,Finance
GIWWR,GigCapital8 Corp. Rights,$0.271,0.0067,2.535%,100,0.00,United States,2025,,
GIX,GigCapital9 Corp. Class A Ordinary Share,$10.01,0.00,0.00%,41,0.00,United States,2026,Blank Checks,Finance
GIXI,Gix Internet Ltd. Ordinary Shares,$5.13,-0.01,-0.195%,4831,12785761.00,Israel,,Computer Software: Prepackaged Software,Technology
GIXXR,GigCapital9 Corp. Rights,$0.22,-0.0147,-6.263%,22001,0.00,United States,2026,Blank Checks,Finance
GIXXU,GigCapital9 Corp. Units,$10.2101,0.00,0.00%,4,0.00,United States,2026,Blank Checks,Finance
GJH,Synthetic Fixed-Income Securities Inc 6.375% (STRATS) Cl A-1,$9.52,0.065,0.687%,1285,0.00,United States,,Finance: Consumer Services,Finance
GJO,Synthetic Fixed-Income Securities Inc. on behalf of STRATS(SM) Trust for Wal-Mart Stores Inc. Securities Series 2004-5,$24.74,0.00,0.00%,3,0.00,United States,,Finance: Consumer Services,Finance
GJP,Synthetic Fixed-Income Securities Inc. on behalf of STRATS (SM) Trust for Dominion Resources Inc. Securities Series 2005-6 Floating Rate Structured Repackaged Asset-Backed Trust Securities (STRATS) Certificates,$24.4706,0.0106,0.043%,1300,0.00,United States,,Finance: Consumer Services,Finance
GJR,Synthetic Fixed-Income Securities Inc. STRATS Trust for Procter&Gamble Securities Series 2006-1,$24.22,0.00,0.00%,4,0.00,United States,,Finance: Consumer Services,Finance
GJS,Goldman Sachs Group Securities STRATS Trust for Goldman Sachs Group Securities Series 2006-2,$23.3346,0.00,0.00%,275,7281306019.00,United States,,Finance: Consumer Services,Finance
GJT,Synthetic Fixed-Income Securities Inc. Floating Rate Structured Repackaged Asset-Backed Trust Securities Certificates Series 2006-3,$23.235,0.00,0.00%,13,0.00,United States,,Finance: Consumer Services,Finance
GKOS,Glaukos Corporation Common Stock,$153.49,-6.37,-3.985%,1026815,9053444490.00,United States,2015,Medical/Dental Instruments,Health Care
GL,Globe Life Inc. Common Stock,$168.75,-0.68,-0.401%,454650,12968344181.00,United States,,Life Insurance,Finance
GL^D,Globe Life Inc. 4.25% Junior Subordinated Debentures due 2061,$14.545,-0.145,-0.987%,7535,,United States,,,
GLAD,Gladstone Capital Corporation Common Stock,$19.22,-0.14,-0.723%,163962,434238786.00,United States,2001,Textiles,Consumer Discretionary
GLAS,Glass House Brands Inc. Subordinate Voting Shares,$7.85,-0.16,-1.998%,884486,690784174.00,,, Medicinal Chemicals and Botanical Products ,Health Care
GLBE,Global-E Online Ltd. Ordinary Shares,$41.24,-0.31,-0.746%,1679573,6910516197.00,Israel,2021,Computer Software: Prepackaged Software,Technology
GLBS,Globus Maritime Limited Common Stock,$3.57,-0.12,-3.252%,102307,77048815.00,Greece,,Marine Transportation,Consumer Discretionary
GLDG,GoldMining Inc. Common Shares,$1.01,-0.03,-2.885%,455591,216247260.00,,,Precious Metals,Basic Materials
GLE,Global Engine Group Holding Limited Class A Ordinary Shares,$0.5364,0.0163,3.134%,33534,9816120.00,Hong Kong,2024,EDP Services,Technology
GLED,GalaxyEdge Acquisition Corporation Ordinary Shares,$10.03,0.01,0.10%,25325,0.00,,2026,Blank Checks,Finance
GLIBA,Liberty Capital Corporation Series A GCI Group Common Stock,$23.44,-0.90,-3.698%,74089,935373059.00,United States,,Cable & Other Pay Television Services,Telecommunications
GLIBK,Liberty Capital Corporation Series C GCI Group Common Stock,$23.70,-0.71,-2.909%,244684,945748358.00,United States,,Cable & Other Pay Television Services,Telecommunications
GLND,Greenland Energy Company Common Stock,$2.91,0.40,15.936%,28208516,127254865.00,United States,,Oil & Gas Production,Energy
GLNDW,Greenland Energy Company Warrant,$0.8749,0.1149,15.118%,400750,38259547.00,United States,,Oil & Gas Production,Energy
GLNG,Golar Lng Ltd,$49.94,-0.48,-0.952%,1064617,5073368044.00,Bermuda,,Marine Transportation,Consumer Discretionary
GLO,Clough Global Opportunities Fund Common Stock,$5.41,-0.04,-0.734%,96213,0.00,United States,2006,Finance/Investors Services,Finance
GLOB,Globant S.A. Common Shares,$34.45,-0.56,-1.60%,691239,1487535704.00,United States,2014,EDP Services,Technology
GLOO,Gloo Holdings Inc. Class A Common Stock,$4.80,0.02,0.418%,1291793,439348997.00,United States,2025,EDP Services,Technology
GLOP^A,GasLog Partners LP 8.625% Series A Cumulative Redeemable Perpetual Fixed to Floating Rate Preference Units,$25.4311,0.1811,0.717%,2346,,Greece,,,
GLOP^B,GasLog Partners LP 8.200% Series B Cumulative Redeemable Perpetual Fixed to Floating Rate Preference Units,$25.66,-0.14,-0.543%,2083,,Greece,,,
GLOP^C,GasLog Partners LP 8.500% Series C Cumulative Redeemable Perpetual Fixed to Floating Rate Preference Units,$25.40,-0.0201,-0.079%,1004,,Greece,,,
GLP,Global Partners LP Common Units representing Limited Partner Interests,$48.18,-1.07,-2.173%,38231,1637906225.00,United States,2005,Oil Refining/Marketing,Energy
GLPI,Gaming and Leisure Properties Inc. Common Stock,$39.25,-0.67,-1.678%,2631795,11418611688.00,United States,,Real Estate Investment Trusts,Real Estate
GLQ,Clough Global Equity Fund Clough Global Equity Fund Common Shares of Beneficial Interest,$7.705,-0.015,-0.194%,60632,0.00,United States,2005,Finance/Investors Services,Finance
GLRE,Greenlight Capital Re Ltd. Class A Ordinary Shares,$15.01,-0.10,-0.662%,104223,489946573.00,Cayman Islands,2007,Property-Casualty Insurers,Finance
GLSI,Greenwich LifeSciences Inc. Common Stock,$17.51,-1.97,-10.113%,187152,257015422.00,United States,2020,Biotechnology: Pharmaceutical Preparations,Health Care
GLU,Gabelli Global Utility Common Shares of Beneficial Ownership,$18.36,-0.37,-1.975%,9528,109589206.00,United States,2004,Finance/Investors Services,Finance
GLU^A,The Gabelli Global Utility and Income Trust Series A Cumulative Puttable and Callable Preferred Shares,$50.50,0.00,0.00%,5,,United States,,,
GLU^B,The Gabelli Global Utility and Income Trust Series B Cumulative Puttable and Callable Preferred Shares,$50.735,0.00,0.00%,59,,United States,,,
GLUE,Monte Rosa Therapeutics Inc. Common Stock,$11.89,-0.71,-5.635%,1175837,1014376338.00,United States,2021,Biotechnology: Biological Products (No Diagnostic Substances),Health Care
GLV,Clough Global Dividend and Income Fund Common Shares of beneficial interest,$5.84,-0.07,-1.184%,28408,74223965.00,United States,2004,Finance/Investors Services,Finance
GLW,Corning Incorporated Common Stock,$154.48,-5.21,-3.263%,5549808,133067269373.00,United States,,Telecommunications Equipment,Industrials
GLXG,Galaxy Payroll Group Limited Class A Ordinary Shares,$1.04,0.0447,4.491%,24704,6199976.00,Hong Kong,2024,Diversified Commercial Services,Industrials
GLXY,Galaxy Digital Inc. Class A Common Stock,$25.79,-1.38,-5.079%,4909255,10081029631.00,United States,,Investment Bankers/Brokers/Service,Finance
GM,General Motors Company Common Stock,$83.77,0.32,0.383%,4730307,73504115590.00,United States,2010,Auto Manufacturing,Industrials
GMAB,Genmab A/S ADS,$34.75,-0.47,-1.334%,2509862,4464569356.00,Denmark,2019,Biotechnology: Pharmaceutical Preparations,Health Care
GME,GameStop Corporation Common Stock,$24.20,0.17,0.707%,11846551,12208923958.00,United States,2002,Electronics Distribution,Consumer Discretionary
GMED,Globus Medical Inc. Class A Common Stock,$73.96,-1.23,-1.636%,1456902,9930011159.00,United States,2012,Medical/Dental Instruments,Health Care
GMEX,GMEX ROBOTICS CORPORATION Class A Ordinary Shares,$0.4275,-0.003,-0.697%,917917,386649.00,Australia,2023,Recreational Games/Products/Toys,Consumer Discretionary
GMHS,Gamehaus Holdings Inc. Class A Ordinary Shares,$0.7494,0.0112,1.517%,18549,42566782.00,China,,EDP Services,Technology
GMM,Global Mofy AI Limited Class A Ordinary Shares,$1.94,-0.03,-1.523%,13041,18916954.00,China,2023,Computer Software: Programming Data Processing,Technology
GMRS,GMR Solutions Inc. Class A Common Stock,$11.00,-0.31,-2.741%,813744,594238821.00,,2026,Transportation Services,Consumer Discretionary
GMTL,Guardian Metal Resources PLC ADS,$10.87,-0.58,-5.066%,78086,432184700.00,,2026,Metal Mining,Basic Materials
GNE,Genie Energy Ltd. Class B Common Stock Stock,$15.84,-0.28,-1.737%,83882,416902828.00,United States,2011,Power Generation,Utilities
GNK,Genco Shipping & Trading Limited Ordinary Shares New (Marshall Islands),$26.44,-0.29,-1.085%,456555,1152429836.00,United States,,Marine Transportation,Consumer Discretionary
GNL,Global Net Lease Inc. Common Stock,$8.67,-0.04,-0.459%,1923374,2005525820.00,United States,2015,Real Estate Investment Trusts,Real Estate
GNL^A,Global Net Lease Inc. 7.25% Series A Cumulative Redeemable Preferred Stock $0.01 par value per share,$22.41,-0.18,-0.797%,2370,,United States,,,
GNL^B,Global Net Lease Inc. 6.875% Series B Cumulative Redeemable Perpetual Preferred Stock,$21.70,-0.05,-0.23%,2267,,United States,,,
GNL^D,Global Net Lease Inc. 7.50% Series D Cumulative Redeemable Perpetual Preferred Stock,$22.87,-0.0658,-0.287%,6010,,United States,,,
GNL^E,Global Net Lease Inc. 7.375% Series E Cumulative Redeemable Perpetual Preferred Stock,$22.56,-0.07,-0.309%,4708,,United States,,,
GNLN,Greenlane Holdings Inc. Class A Common Stock,$2.71,0.15,5.859%,27670,1882214.00,United States,2019,Durable Goods,Consumer Discretionary
GNLX,Genelux Corporation Common Stock,$2.515,-0.095,-3.64%,115797,113792018.00,United States,2023,Biotechnology: Pharmaceutical Preparations,Health Care
GNPX,Genprex Inc. Common Stock,$3.75,0.21,5.932%,2497927,3073909.00,United States,2018,Biotechnology: Pharmaceutical Preparations,Health Care
GNRC,Generac Holdlings Inc. Common Stock,$199.42,-6.75,-3.274%,1117426,11767048511.00,United States,2010,Metal Fabrications,Consumer Discretionary
GNS,Genius Group Limited Ordinary Shares,$0.155,0.00,0.00%,1686913,29751864.00,Singapore,2022,Computer Software: Prepackaged Software,Technology
GNSS,Genasys Inc. Common Stock,$1.50,-0.07,-4.459%,115424,68313014.00,United States,,Consumer Electronics/Appliances,Consumer Staples
GNT,GAMCO Natural Resources Gold & Income Trust,$8.85,-0.15,-1.667%,43077,163507635.00,United States,2011,Finance/Investors Services,Finance
GNT^A,GAMCO Natural Resources Gold & Income Tust  5.20% Series A Cumulative Preferred Shares (Liquidation Preference $25.00 per share),$19.15,-0.03,-0.156%,4622,,United States,,,
GNTA,Genenta Science S.p.A. American Depositary Shares,$0.6491,-0.0549,-7.798%,174608,31297563.00,Italy,2021,Biotechnology: Biological Products (No Diagnostic Substances),Health Care
GNTX,Gentex Corporation Common Stock,$22.18,-0.12,-0.538%,1544868,4672956282.00,United States,,Auto Parts:O.E.M.,Consumer Discretionary
GNW,Genworth Financial Inc Common Stock,$9.63,-0.13,-1.332%,2708443,3638705486.00,United States,2004,Life Insurance,Finance
GO,Grocery Outlet Holding Corp. Common Stock,$11.16,-0.33,-2.872%,1739613,1105782931.00,United States,2019,Food Chains,Consumer Staples
GOAI,Eva Live Inc. Common Stock,$1.93,-0.20,-9.39%,188760,77188690.00,United States,,Computer Software: Programming Data Processing,Technology
GOF,Guggenheim Strategic Opportunities Fund Common Shares of Beneficial Interest,$8.54,-0.14,-1.613%,2756122,0.00,United States,,Finance/Investors Services,Finance
GOGO,Gogo Inc. Common Stock,$2.30,-0.17,-6.883%,1070695,311668083.00,United States,2013,Telecommunications Equipment,Consumer Discretionary
GOLD,Gold.com Inc. Common Stock,$43.48,-1.17,-2.62%,416998,1267648791.00,United States,,Other Specialty Stores,Industrials
GOLF,Acushnet Holdings Corp. Common Stock,$82.95,-0.25,-0.30%,298209,4844698400.00,United States,2016,Recreational Games/Products/Toys,Consumer Discretionary
GOOD,Gladstone Commercial Corporation Real Estate Investment Trust,$12.57,-0.20,-1.566%,371185,608482288.00,United States,2003,Real Estate,Real Estate
GOODN,Gladstone Commercial Corporation 6.625% Series E Cumulative Redeemable Preferred Stock,$22.2713,0.0213,0.096%,549,1078097977.00,United States,,Real Estate,Real Estate
GOODO,Gladstone Commercial Corporation 6.00% Series G Cumulative Redeemable Preferred Stock par value $0.001 per share,$20.1946,0.0096,0.048%,3918,977570120.00,United States,,Real Estate,Real Estate
GOOG,Alphabet Inc. Class C Capital Stock,$334.98,-12.43,-3.578%,23283492,4096805400000.00,United States,2004,Computer Software: Programming Data Processing,Technology
GOOGL,Alphabet Inc. Class A Common Stock,$337.83,-13.33,-3.796%,35576461,4131660900000.00,United States,2004,Computer Software: Programming Data Processing,Technology
GOOGM,Alphabet Inc. Depositary Shares representing a 1/20th Interest in a Share of Series A Mandatory Convertible Preferred Stock,$48.25,-1.22,-2.466%,5408419,590097500000.00,United States,,Computer Software: Programming Data Processing,Technology
GOOGN,Alphabet Inc. Depositary Shares representing a 1/20th Interest in a Share of Series B Mandatory Convertible Preferred Stock,$48.00,-1.23,-2.498%,1837962,587040000000.00,United States,,Computer Software: Programming Data Processing,Technology
GOOS,Canada Goose Holdings Inc. Subordinate Voting Shares,$7.52,-0.10,-1.312%,506243,734415984.00,,2017,Apparel,Consumer Discretionary
GORO,Goldgroup Mining Inc. Common Shares,$3.65,0.10,2.817%,1102727,495102859.00,Canada,2026,Precious Metals,Basic Materials
GOSS,Gossamer Bio Inc. Common Stock,$10.99,-0.70,-5.988%,455936,67219137.00,United States,2019,Biotechnology: Pharmaceutical Preparations,Health Care
GOTU,Gaotu Techedu Inc. American Depositary Shares,$2.32,0.02,0.87%,476417,553185073.00,China,2019,Other Consumer Services,Real Estate
GOVX,GeoVax Labs Inc. Common Stock,$0.378,0.0147,4.046%,277724,3818885.00,United States,,Biotechnology: Pharmaceutical Preparations,Health Care
GP,GreenPower Motor Company Inc. Common Shares,$0.7392,-0.0503,-6.371%,78797,6498901.00,Canada,,Construction/Ag Equipment/Trucks,Consumer Discretionary
GPAC,General Purpose Acquisition Corp. Class A Ordinary Shares,$10.08,0.00,0.00%,815,0.00,United States,2026,,
GPACU,General Purpose Acquisition Corp. Units,$10.17,-0.02,-0.196%,214,0.00,United States,2025,,
GPACW,General Purpose Acquisition Corp. Warrant,$0.2199,0.0377,20.692%,25187,0.00,United States,2026,Major Chemicals,Industrials
GPAT,GP-Act III Acquisition Corp. Class A Ordinary Share,$10.99,0.0099,0.09%,100007,0.00,United States,2024,,
GPATU,GP-Act III Acquisition Corp. Units,$10.99,0.00,0.00%,6,0.00,United States,2024,,
GPATW,GP-Act III Acquisition Corp. Warrants,$0.0699,0.0299,74.75%,28443,0.00,United States,2024,,
GPC,Genuine Parts Company Common Stock,$128.76,-0.83,-0.64%,691756,17750822440.00,United States,,Automotive Aftermarket,Consumer Discretionary
GPCR,Structure Therapeutics Inc. American Depositary Shares,$35.95,-0.96,-2.601%,1400865,2563589359.00,United States,2023,Biotechnology: Pharmaceutical Preparations,Health Care
GPGI,GPGI Inc. Class A Common Stock,$12.04,-0.56,-4.444%,890561,3490276587.00,United States,,Finance: Consumer Services,Finance
GPI,Group 1 Automotive Inc. Common Stock,$247.51,-6.24,-2.459%,187743,2950869910.00,United States,1997,Retail-Auto Dealers and Gas Stations,Consumer Discretionary
GPJA,Georgia Power Company Series 2017A 5.00% Junior Subordinated Notes due October 1 2077,$19.0809,-0.2291,-1.186%,36485,176717755.00,United States,2017,Electric Utilities: Central,Utilities
GPK,Graphic Packaging Holding Company,$9.66,0.09,0.94%,6431061,2860051395.00,United States,,Containers/Packaging,Consumer Discretionary
GPMT,Granite Point Mortgage Trust Inc. Common Stock,$0.837,-0.0106,-1.251%,505958,40341865.00,United States,2017,Real Estate Investment Trusts,Real Estate
GPMT^A,Granite Point Mortgage Trust Inc. 7.00% Series A Fixed-to-Floating Rate Cumulative Redeemable Preferred Stock,$14.97,-0.17,-1.123%,1532,,United States,,,
GPN,Global Payments Inc. Common Stock,$84.00,-0.78,-0.92%,2437684,22227944760.00,United States,,Business Services,Consumer Discretionary
GPOR,Gulfport Energy Corporation Common Shares,$159.72,1.22,0.77%,263043,2824467078.00,United States,2021,Oil & Gas Production,Energy
GPRE,Green Plains Inc. Common Stock,$15.11,0.04,0.265%,1090252,1059140406.00,United States,,Major Chemicals,Industrials
GPRK,Geopark Ltd Common Shares,$11.11,0.21,1.927%,699613,720991816.00,Bermuda,2014,Oil & Gas Production,Energy
GPRO,GoPro Inc. Class A Common Stock,$1.31,0.04,3.15%,17069561,241700776.00,United States,2014,Industrial Machinery/Components,Consumer Discretionary
GPUS,Hyperscale Data Inc. Common Stock,$0.1727,-0.0052,-2.923%,15446922,30560496.00,United States,1997,Industrial Machinery/Components,Technology
GPUS^D,Hyperscale Data Inc. 13.00% Series D Cumulative Redeemable Perpetual Preferred Stock,$16.661,-2.669,-13.808%,18306,,United States,,,
GRAB,Grab Holdings Limited Class A Ordinary Shares,$3.20,0.03,0.946%,131466386,13121541706.00,Singapore,,Business Services,Consumer Discretionary
GRABW,Grab Holdings Limited Warrant,$0.0235,0.004,20.513%,88691,96361322.00,Singapore,,Business Services,Consumer Discretionary
GRAL,GRAIL Inc. Common Stock ,$108.52,0.00,0.00%,1077,4847179714.00,United States,,Medical Specialities,Health Care
GRAN,Grande Group Limited Class A Ordinary Shares,$1.13,0.11,10.784%,4602,28144063.00,Hong Kong,2025,Finance: Consumer Services,Finance
GRBK,Green Brick Partners Inc. Common Stock,$67.21,-1.59,-2.311%,345852,2890748878.00,United States,2021,Homebuilding,Consumer Discretionary
GRBK^A,Green Brick Partners Inc. Depositary Shares (each representing a 1/1000th fractional interest in a share of 5.75% Series A Cumulative Perpetual Preferred Stock),$21.39,0.25,1.183%,1455,,United States,,,
GRC,Gorman-Rupp Company (The) Common Stock,$75.25,0.66,0.885%,163682,1987370786.00,United States,1971,Fluid Controls,Industrials
GRCE,Grace Therapeutics Inc. Common Stock,$2.12,-0.02,-0.935%,193903,44596172.00,Canada,,Biotechnology: Pharmaceutical Preparations,Health Care
GRDN,Guardian Pharmacy Services Inc. Class A Common Stock,$43.26,-1.41,-3.156%,440862,2740188071.00,United States,2024,Retail-Drug Stores and Proprietary Stores,Consumer Staples
GRDX,GridAI Technologies Corp. Common Stock,$3.86,-0.03,-0.771%,30456,27526135.00,United States,2016,Biotechnology: Pharmaceutical Preparations,Health Care
GREEL,Vulcan Infrastructure and Power Inc. 8.50% Senior Notes due 2026,$25.30,0.0168,0.066%,1353,396537450.00,United States,,Finance: Consumer Services,Finance
GRF,Eagle Capital Growth Fund Inc. Common Stock,$10.17,0.00,0.00%,106,0.00,United States,,Finance/Investors Services,Finance
GRFS,Grifols S.A. American Depositary Shares,$7.195,-0.245,-3.293%,4065095,4946957563.00,Spain,,Biotechnology: Pharmaceutical Preparations,Health Care
GRI,GRI Bio Inc. Common Stock,$2.15,0.10,4.878%,146261,4700147.00,United States,2021,Biotechnology: Pharmaceutical Preparations,Health Care
GRML,Greenland Mines Ltd. Common Stock,$11.19,-2.96,-20.919%,53796476,65466782.00,United States,2022,Biotechnology: Biological Products (No Diagnostic Substances),Health Care
GRMLW,Greenland Mines Ltd Warrant,$0.39,0.06,18.182%,985067,2281684.00,United States,2022,Biotechnology: Biological Products (No Diagnostic Substances),Health Care
GRMN,Garmin Ltd. Common Stock (Switzerland),$287.58,2.91,1.022%,594086,55460532303.00,Switzerland,2000,Industrial Machinery/Components,Industrials
GRND,Grindr Inc. Common Stock,$15.44,-0.52,-3.258%,1321637,2683790481.00,Singapore,2021,Computer Software: Programming Data Processing,Technology
GRNQ,Greenpro Capital Corp. Common Stock,$11.05,0.895,8.813%,176126,20031285.00,China,,Professional Services,Consumer Discretionary
GRNT,Granite Ridge Resources Inc. Common Stock,$4.51,-0.04,-0.879%,1170664,594870091.00,United States,2022,Oil & Gas Production,Energy
GRO,Brazil Potash Corp. Common Shares,$2.41,-0.04,-1.633%,237576,149290378.00,,2024,Mining & Quarrying of Nonmetallic Minerals (No Fuels),Industrials
GROV,Grove Collaborative Holdings Inc. Class A Common Stock,$1.05,0.03,2.941%,76244,44836098.00,,2021,Catalog/Specialty Distribution,Consumer Discretionary
GROW,U.S. Global Investors Inc. Class A Common Stock,$2.97,-0.04,-1.329%,14166,36525642.00,United States,,Investment Managers,Finance
GROY,Gold Royalty Corp. Common Shares,$3.18,-0.17,-5.075%,1592370,733973259.00,Canada,2021,Precious Metals,Basic Materials
GRPN,Groupon Inc. Common Stock,$20.04,-1.24,-5.827%,1507642,814932532.00,United States,2011,Advertising,Consumer Discretionary
GRRR,Gorilla Technology Group Inc. Ordinary shares,$14.07,-0.33,-2.292%,353781,390547659.00,Taiwan,,Computer Software: Prepackaged Software,Technology
GRRRW,Gorilla Technology Group Inc. Warrant,$0.10,-0.053,-34.641%,16338,2775747.00,Taiwan,,Computer Software: Prepackaged Software,Technology
GRSD,Grandstand Limited Ordinary Shares,$1.53,-0.05,-3.165%,298819,53698701.00,Jersey,2021,Services-Misc. Amusement & Recreation,Consumer Discretionary
GRVY,GRAVITY Co. Ltd. American Depository Shares,$67.47,-1.21,-1.762%,18258,468842283.00,South Korea,2005,EDP Services,Technology
GRWG,GrowGeneration Corp. Common Stock,$1.61,0.03,1.899%,259178,94861923.00,United States,,RETAIL: Building Materials,Consumer Discretionary
GRX,The Gabelli Healthcare & Wellness Trust Common Shares of Beneficial Interest,$9.80,0.08,0.823%,61069,167511135.00,United States,,Finance/Investors Services,Finance
GS,Goldman Sachs Group Inc. (The) Common Stock,$936.36,-13.13,-1.383%,2136317,272641259595.00,United States,1999,Investment Bankers/Brokers/Service,Finance
GS^A,Goldman Sachs Group Inc. (The) Depositary Shares each representing 1/1000th Interest in a Share of Floating Rate Non-Cumulative Preferred Stock Series A,$19.17,0.05,0.262%,51245,,United States,,,
GS^C,Goldman Sachs Group Inc. (The) Depositary Share repstg 1/1000th Preferred Series C,$19.535,0.085,0.437%,17773,,United States,,,
GS^D,Goldman Sachs Group Inc. (The) Dep Shs repstg 1/1000 Pfd Ser D Fltg,$19.15,0.23,1.216%,223168,,United States,,,
GSAT,Globalstar Inc. Common Stock,$82.50,-0.02,-0.024%,612296,10688979675.00,United States,2025,Telecommunications Equipment,Consumer Discretionary
GSBC,Great Southern Bancorp Inc. Common Stock,$78.01,-0.41,-0.523%,66656,850114521.00,United States,1989,Major Banks,Finance
GSBD,Goldman Sachs BDC Inc. Common Stock,$9.64,-0.09,-0.925%,811015,1085165806.00,United States,2015,Investment Managers,Finance
GSHD,Goosehead Insurance Inc. Class A Common Stock,$43.52,-2.24,-4.895%,889492,1545652186.00,United States,2018,Specialty Insurers,Finance
GSHR,Gesher Acquisition Corp. II Class A Ordinary Shares,$10.56,0.00,0.00%,7,0.00,United States,2025,,
GSHRU,Gesher Acquisition Corp. II Units,$10.61,0.00,0.00%,4,0.00,United States,2025,Blank Checks,Finance
GSIT,GSI Technology Common Stock,$5.625,-0.235,-4.01%,325090,216183319.00,United States,2007,Semiconductors,Technology
GSIW,Garden Stage Limited Class A Ordinary Shares,$14.30,-1.05,-6.84%,30252,153187306.00,Hong Kong,2023,Investment Bankers/Brokers/Service,Finance
GSK,GSK plc American Depositary Shares (Each representing two Ordinary Shares),$49.71,-1.01,-1.991%,3040865,100548696519.00,United Kingdom,2022,Biotechnology: Pharmaceutical Preparations,Health Care
GSL,Global Ship Lease Inc New Class A Common Shares,$44.54,-0.30,-0.669%,356824,1599798588.00,United Kingdom,,Marine Transportation,Consumer Discretionary
GSL^B,Global Ship Lease Inc. Depository Shares Representing 1/100th Perpetual Preferred Series B% (Marshall Island),$26.77,-0.17,-0.631%,3492,,United Kingdom,,,
GSM,Ferroglobe PLC Ordinary Shares,$4.19,-0.12,-2.784%,585965,782945566.00,United Kingdom,,Metal Mining,Basic Materials
GSRF,GSR IV Acquisition Corp. Class A ordinary share,$10.23,0.00,0.00%,6,0.00,United States,2025,,
GSRFR,GSR IV Acquisition Corp. Rights,$2.20,0.10,4.762%,242,0.00,United States,2025,,
GSRV,GSR V Acquisition Corp. Class A ordinary shares,$9.88,-0.01,-0.101%,15023,0.00,United States,2026,Blank Checks,Finance
GSUN,Golden Sun Technology Group Limited Class A Ordinary Shares,$0.242,0.0027,1.128%,4398904,2426987.00,China,2022,Other Consumer Services,Real Estate
GT,The Goodyear Tire & Rubber Company Common Stock,$5.34,-0.15,-2.732%,6468913,1537379256.00,United States,,Automotive Aftermarket,Consumer Discretionary
GTBP,GT Biopharma Inc. Common Stock,$7.10,-0.08,-1.114%,53738,12811091.00,United States,,Biotechnology: Pharmaceutical Preparations,Health Care
GTE,Gran Tierra Energy Inc. Common Stock,$9.97,0.18,1.839%,483248,352742877.00,Canada,,Oil & Gas Production,Energy
GTEC,Greenland Technologies Holding Corporation Class A Ordinary Shares,$1.18,-0.02,-1.667%,213420,31322182.00,China,2018,Industrial Machinery/Components,Industrials
GTEN,Gores Holdings X Inc. Class A ordinary shares,$10.52,0.00,0.00%,22,0.00,United States,2025,,
GTENW,Gores Holdings X Inc. Warrants,$0.6513,0.00,0.00%,18,0.00,United States,2025,,
GTERA,Globa Terra Acquisition Corporation Class A Ordinary Shares,$10.43,0.00,0.00%,722,0.00,Mexico,2025,Blank Checks,Finance
GTES,Gates Industrial Corporation Ltd. Common Shares,$26.36,0.21,0.803%,1665068,6673064841.00,United Kingdom,2018,Industrial Machinery/Components,Industrials
GTIM,Good Times Restaurants Inc. Common Stock,$1.505,-0.005,-0.331%,27577,15889633.00,United States,,Restaurants,Consumer Discretionary
GTLB,GitLab Inc. Class A Common Stock,$49.01,0.19,0.389%,3743055,8165066000.00,United States,2021,Computer Software: Prepackaged Software,Technology
GTM,ZoomInfo Technologies Inc Common Stock,$3.90,0.02,0.515%,3530567,1135329179.00,United States,2020,Computer Software: Prepackaged Software,Technology
GTN,Gray Media Inc. Common Stock,$4.58,-0.07,-1.505%,772317,471668474.00,United States,,Broadcasting,Industrials
GTX,Garrett Motion Inc. Common Stock,$25.50,-0.45,-1.734%,1906970,4755582057.00,Switzerland,,Auto Parts:O.E.M.,Consumer Discretionary
GTY,Getty Realty Corporation Common Stock,$28.91,-0.54,-1.834%,825895,1790474328.00,United States,,Real Estate,Finance
GUAC,Berto Acquisition Corp. II Ordinary Shares,$10.00,0.10,1.01%,183,0.00,United States,2026,Blank Checks,Finance
GUACU,Berto Acquisition Corp. II Unit,$10.05,-0.025,-0.248%,343,0.00,United States,2026,Blank Checks,Finance
GUG,Guggenheim Active Allocation Fund Common Shares of Beneficial Interest,$13.96,-0.34,-2.378%,136965,0.00,United States,2021,Trusts Except Educational Religious and Charitable,Finance
GURE,Gulf Resources Inc. (NV) Common Stock,$3.60,-0.11,-2.965%,40274,6528712.00,China,,Major Chemicals,Industrials
GUT,Gabelli Utility Trust (The) Common Stock,$6.01,-0.06,-0.988%,419873,441128164.00,United States,,Trusts Except Educational Religious and Charitable,Finance
GUT^C,Gabelli Utility Trust (The) 5.375% Series C Cumulative Preferred Shares,$19.96,-0.27,-1.335%,3705,,United States,,,
GUTS,Fractyl Health Inc. Common Stock,$0.4856,-0.0674,-12.188%,4726597,77297734.00,United States,2024,Medical/Dental Instruments,Health Care
GVA,Granite Construction Incorporated Common Stock,$112.65,-1.68,-1.469%,511591,4930072052.00,United States,,Military/Government/Technical,Industrials
GVH,Globavend Holdings Limited Ordinary Shares,$1.09,-0.05,-4.386%,100179,4691552.00,Australia,2023,Integrated Freight & Logistics,Industrials
GWAV,Greenwave Technology Solutions Inc. Common Stock,$2.64,0.06,2.326%,17415,7873758.00,United States,,Metal Fabrications,Industrials
GWH,ESS Tech Inc. Common Stock,$0.3659,-0.0288,-7.297%,536722,14736311.00,United States,,Industrial Machinery/Components,Miscellaneous
GWRE,Guidewire Software Inc. Common Stock,$152.89,2.43,1.615%,703276,12535859163.00,United States,2012,Computer Software: Prepackaged Software,Technology
GWRS,Global Water Resources Inc. Common Stock,$8.08,-0.21,-2.533%,128740,241796392.00,United States,2016,Water Supply,Utilities
GWW,W.W. Grainger Inc. Common Stock,$1270.67,2.05,0.162%,316667,59849753971.00,United States,,Office Equipment/Supplies/Services,Industrials
GXAI,Gaxos.ai Inc. Common Stock,$0.5811,0.001,0.172%,207951,6422485.00,United States,2023,Computer Software: Prepackaged Software,Technology
GXO,GXO Logistics Inc. Common Stock ,$45.23,-0.54,-1.18%,867027,5187183508.00,United States,2021,Transportation Services,Consumer Discretionary
GYGY,Game Your Game Inc. Common Stock,$0.795,-0.0358,-4.309%,4397415,11441640.00,United States,,Computer Software: Prepackaged Software,Technology
GYRE,Gyre Therapeutics Inc. Common Stock,$7.40,-0.09,-1.202%,164565,825172883.00,United States,2006,Biotechnology: Pharmaceutical Preparations,Health Care
GYRO,Gyrodyne LLC Common Stock,$5.02,-0.03,-0.594%,3552,11040526.00,United States,,Building operators,Real Estate
H,Hyatt Hotels Corporation Class A Common Stock,$157.28,-0.52,-0.33%,646959,14816027805.00,United States,2009,Hotels/Resorts,Consumer Discretionary
HACQ,HCM IV Acquisition Corp. Class A Ordinary Share,$10.035,-0.025,-0.249%,428378,0.00,United States,2026,Blank Checks,Finance
HAE,Haemonetics Corporation Common Stock,$106.82,-1.70,-1.567%,704903,4859994988.00,United States,1991,Medical/Dental Instruments,Health Care
HAFC,Hanmi Financial Corporation Common Stock,$31.58,-0.40,-1.251%,248123,936323473.00,United States,,Major Banks,Finance
HAFN,Hafnia Limited Common Shares,$9.10,-0.13,-1.408%,1586965,4548009876.00,,2024,Transportation Services,Consumer Discretionary
HAIN,Hain Celestial Group Inc. (The) Common Stock,$0.55,-0.0113,-2.013%,364847,50051248.00,United States,,Packaged Foods,Consumer Staples
HAL,Halliburton Company Common Stock,$33.01,0.16,0.487%,6225368,27501633415.00,United States,,Oilfield Services/Equipment,Energy
HALO,Halozyme Therapeutics Inc. Common Stock,$112.44,-2.69,-2.336%,2702970,12761715120.00,United States,,Biotechnology: Biological Products (No Diagnostic Substances),Health Care
HAO,Haoxi Health Technology Limited Class A Ordinary Shares,$3.16,0.31,10.877%,1252689,1156958.00,China,2024,Advertising,Consumer Discretionary
HAPN,Happen Inc. Common Stock,$15.15,-0.86,-5.372%,1976388,1748423080.00,United States,,Finance: Consumer Services,Finance
HAS,Hasbro Inc. Common Stock,$86.52,-0.39,-0.449%,1986067,12203167285.00,United States,,Recreational Games/Products/Toys,Consumer Discretionary
HASI,HA Sustainable Infrastructure Capital Inc. Common Stock,$36.21,-1.00,-2.687%,915465,4652832556.00,United States,2013,Finance/Investors Services,Finance
HAVA,Harvard Ave Acquisition Corporation Class A Ordinary Share,$10.22,0.00,0.00%,6,0.00,South Korea,2025,,
HAWK,HawkEye 360 Inc. Common Stock,$15.83,-0.14,-0.877%,1087836,1550794688.00,United States,2026,EDP Services,Technology
HAYW,Hayward Holdings Inc. Common Stock,$12.75,-0.17,-1.316%,2359323,2704524671.00,United States,2021,Industrial Machinery/Components,Industrials
HBAN,Huntington Bancshares Incorporated Common Stock,$15.38,-0.31,-1.976%,27531390,31073980024.00,United States,,Major Banks,Finance
HBANL,Huntington Bancshares Incorporated Depositary Shares Each Representing a 1/40th Interest in a Share of 6.875% Series J Non-Cumulative Perpetual Preferred Stock,$25.07,-0.08,-0.318%,13109,50651799688.00,United States,,Major Banks,Finance
HBANM,Huntington Bancshares Incorporated Depositary Shares each representing a 1/1000th interest in a share of Huntington Series I Preferred Stock,$20.01,-0.06,-0.299%,27596,40428500668.00,United States,,Major Banks,Finance
HBANP,Huntington Bancshares Incorporated Depositary Shares 4.500% Series H Non-Cumulative Perpetual Preferred Stock,$16.48,-0.03,-0.182%,53255,33296436332.00,United States,,Major Banks,Finance
HBANZ,Huntington Bancshares Incorporated Depositary Shares Each Representing a 1/1000th Interest in a Share of 5.50% Series L Non-Cumulative Perpetual Preferred Stock,$19.07,-0.0123,-0.064%,4439,38529310732.00,United States,,Major Banks,Finance
HBB,Hamilton Beach Brands Holding Company Class A Common Stock ,$34.58,0.52,1.527%,86132,464835841.00,United States,2017,Home Furnishings,Consumer Discretionary
HBCP,Home Bancorp Inc. Common Stock,$67.17,-0.94,-1.38%,49537,528678278.00,United States,2008,Banks,Finance
HBIO,Harvard Bioscience Inc. Common Stock,$8.05,0.13,1.641%,23242,36646055.00,United States,2000,Biotechnology: Laboratory Analytical Instruments,Industrials
HBM,Hudbay Minerals Inc. Ordinary Shares (Canada),$26.79,-0.95,-3.425%,4255930,11898638120.00,Canada,,Metal Mining,Basic Materials
HBNB,Hotel101 Global Holdings Corp. Class A Ordinary Shares,$4.7831,0.073,1.55%,12664,1119400305.00,Singapore,,Hotels/Resorts,Consumer Discretionary
HBNC,Horizon Bancorp Inc. Common Stock,$19.02,-0.16,-0.834%,399643,976572751.00,United States,,Major Banks,Finance
HBT,HBT Financial Inc. Common Stock,$35.11,-0.31,-0.875%,131545,1276796637.00,United States,2019,Major Banks,Finance
HCA,HCA Healthcare Inc. Common Stock,$436.48,-1.64,-0.374%,1314025,94498574720.00,United States,2011,Hospital/Nursing Management,Health Care
HCAC,Hall Chadwick Acquisition Corp Class A Ordinary Shares,$10.12,0.00,0.00%,21019,0.00,Cayman Islands,2026,Auto Parts:O.E.M.,Consumer Discretionary
HCAI,Huachen AI Parking Management Technology Holding Co. Ltd. Class A Ordinary Shares,$0.5497,0.0108,2.004%,567032,5999028.00,China,2025,Miscellaneous manufacturing industries,Consumer Discretionary
HCAT,Health Catalyst Inc Common Stock,$1.72,-0.17,-8.995%,197969,129440975.00,United States,2019,Computer Software: Programming Data Processing,Technology
HCC,Warrior Met Coal Inc. Common Stock,$90.24,-1.86,-2.02%,332637,4764860331.00,United States,2017,Coal Mining,Energy
HCI,HCI Group Inc. Common Stock,$176.12,-4.10,-2.275%,171129,2190733256.00,United States,,Property-Casualty Insurers,Finance
HCIC,Hennessy Capital Investment Corp. VIII Class A Ordinary Shares,$9.99,0.01,0.10%,124701,0.00,United States,2026,,
HCICR,Hennessy Capital Investment Corp. VIII Share Rights,$0.1206,0.0006,0.50%,66633,0.00,United States,2026,,
HCKT,Hackett Group Inc (The). Common Stock,$10.35,-0.10,-0.957%,112440,257485986.00,United States,,Professional Services,Consumer Discretionary
HCM,HUTCHMED (China) Limited American Depositary Shares,$14.37,0.30,2.132%,117679,2507069580.00,Hong Kong,2016,Biotechnology: Pharmaceutical Preparations,Health Care
HCMA,HCM III Acquisition Corp. Class A Ordinary Share,$10.30,0.01,0.097%,16107,399768750.00,United States,2025,Hotels/Resorts,Consumer Discretionary
HCMAW,HCM III Acquisition Corp. Warrants,$0.615,0.00,0.00%,4,48734367.00,United States,2025,Hotels/Resorts,Consumer Discretionary
HCSG,Healthcare Services Group Inc. Common Stock,$21.25,-0.32,-1.484%,567127,1458434293.00,United States,1983,Hospital/Nursing Management,Health Care
HCTI,Healthcare Triangle Inc. Common Stock,$0.9111,0.0464,5.366%,54415859,13643105.00,United States,2021,EDP Services,Technology
HCWB,HCW Biologics Inc. Common Stock,$1.66,-0.15,-8.287%,161360,3048298.00,United States,2021,Biotechnology: Pharmaceutical Preparations,Health Care
HCXY,Hercules Capital Inc. 6.25% Notes due 2033,$25.00,-0.13,-0.517%,428,4541892075.00,United States,2018,Investment Managers,Finance
HD,Home Depot Inc. (The) Common Stock,$296.72,-8.63,-2.826%,4689637,296034465827.00,United States,,RETAIL: Building Materials,Consumer Discretionary
HDB,HDFC Bank Limited Common Stock,$22.79,-0.62,-2.648%,12542508,116938288065.00,India,2001,Commercial Banks,Finance
HDL,SUPER HI INTERNATIONAL HOLDING LTD. American Depositary Shares,$11.745,-0.085,-0.719%,1053,763776176.00,Singapore,2024,Restaurants,Consumer Discretionary
HDRN,Hadron Energy Inc. Common Stock  ,$1.40,-0.08,-5.405%,22745,100098379.00,United States,2024,Electric Utilities: Central,Utilities
HDRNW,Hadron Energy Inc. Warrant,$0.12,0.0038,3.27%,3934,8579861.00,United States,2024,Electric Utilities: Central,Utilities
HDSN,Hudson Technologies Inc. Common Stock,$5.14,-0.09,-1.721%,423098,216335132.00,United States,,Industrial Specialties,Consumer Discretionary
HE,Hawaiian Electric Industries Inc. Common Stock,$9.22,-0.41,-4.258%,2445962,1592552197.00,United States,,Electric Utilities: Central,Utilities
HEI,Heico Corporation Common Stock,$310.57,2.80,0.91%,577809,43404457271.00,United States,2000,Aerospace,Industrials
HEI/A,Heico Corporation,$231.11,1.89,0.825%,267277,,United States,,,
HELE,Helen of Troy Limited Common Stock,$29.53,0.04,0.136%,452168,687814561.00,Bermuda,,Home Furnishings,Consumer Discretionary
HELP,Cybin Inc. Common Stock,$13.02,-0.69,-5.033%,1850479,807032696.00,Canada,,Biotechnology: Pharmaceutical Preparations,Health Care
HEPS,D-Market Electronic Services & Trading American Depositary Shares,$2.52,-0.04,-1.563%,486393,900207504.00,Turkey,2021,Catalog/Specialty Distribution,Consumer Discretionary
HEQ,John Hancock Diversified Income Fund Common Shares of Beneficial Interest,$11.25,-0.12,-1.055%,10590,0.00,United States,2011,Investment Managers,Finance
HERE,Here Group Limited American Depositary Shares,$1.66,0.01,0.606%,33166,90278461.00,China,2023,Recreational Games/Products/Toys,Consumer Discretionary
HERZ,Herzfeld Credit Income Fund Inc. Common Stock,$15.70,-0.075,-0.475%,15646,0.00,United States,,Investment Managers,Finance
HESM,Hess Midstream LP Class A Representing Limited Partner Interests,$38.78,-0.39,-0.996%,1584058,4977447165.00,United States,2017,Oil & Gas Production,Energy
HFBL,Home Federal Bancorp Inc. of Louisiana Common Stock,$25.00,-0.27,-1.068%,740,76347225.00,United States,2010,Savings Institutions,Finance
HFFG,HF Foods Group Inc. Common Stock,$1.54,0.02,1.316%,45189,85628337.00,United States,2017,Food Distributors,Consumer Discretionary
HFRO,Highland Opportunities and Income Fund Common Shares of Beneficial Interest,$7.02,-0.21,-2.905%,105096,0.00,United States,2017,Finance/Investors Services,Finance
HFRO^A,Highland Opportunities and Income Fund 5.375% Series A Cumulative Preferred Shares,$15.92,-0.30,-1.85%,15228,,United States,,,
HFRO^B,Highland Opportunities and Income Fund 5.375% Series B Cumulative Preferred Shares,$15.72,-0.34,-2.117%,17831,,United States,,,
HFWA,Heritage Financial Corporation Common Stock,$27.95,-0.27,-0.957%,352919,1143589846.00,United States,,Banks,Finance
HG,Hamilton Insurance Group Ltd. Class B Common Shares,$33.47,-0.27,-0.80%,373931,2785063367.00,Bermuda,2023,Property-Casualty Insurers,Finance
HGBL,Heritage Global Inc. Common Stock,$1.33,0.01,0.758%,87774,46070462.00,United States,,Business Services,Consumer Discretionary
HGLB,Highland Global Allocation Fund Common Stock,$7.12,-0.20,-2.732%,76680,0.00,,2019,Trusts Except Educational Religious and Charitable,Finance
HGTY,Hagerty Inc. Class A Common Stock,$13.70,0.15,1.107%,205197,4707630702.00,United States,2021,Specialty Insurers,Finance
HGV,Hilton Grand Vacations Inc. Common Stock ,$35.60,0.03,0.084%,1207238,2766979562.00,United States,2016,Hotels/Resorts,Consumer Discretionary
HHH,Howard Hughes Holdings Inc. Common Stock,$63.75,-2.34,-3.541%,577006,3807216045.00,United States,,Real Estate Investment Trusts,Real Estate
HHS,Harte Hanks Inc. Common Stock,$4.63,0.01,0.216%,53855,34513131.00,United States,,Advertising,Consumer Discretionary
HIFS,Hingham Institution for Savings Common Stock,$292.63,-11.57,-3.803%,62599,628393662.00,United States,,Banks,Finance
HIG,The Hartford Insurance Group Inc. Common Stock,$126.59,-2.14,-1.662%,1761744,34289686733.00,United States,,Property-Casualty Insurers,Finance
HIG^G,The Hartford Insurance Group Inc. Depositary Shares each representing a 1/1000th interest in a share of 6.000% Non-Cumulative Preferred Stock Series G,$22.6301,-0.2999,-1.308%,35307,,United States,,,
HIHO,Highway Holdings Limited Common Stock,$0.935,0.0248,2.725%,21848,4325942.00,Hong Kong,,Metal Fabrications,Industrials
HII,Huntington Ingalls Industries Inc. Common Stock,$269.80,-1.15,-0.424%,476644,10631360540.00,United States,,Marine Transportation,Industrials
HIMS,Hims & Hers Health Inc. Class A Common Stock,$28.39,-2.04,-6.704%,11886228,6623767795.00,United States,2019,Medical/Nursing Services,Health Care
HIMX,Himax Technologies Inc. American Depositary Shares,$14.28,-0.43,-2.923%,836950,2490802052.00,Taiwan,2006,Semiconductors,Technology
HIND,Vyome Holdings Inc. Common Stock,$2.01,0.06,3.077%,5473,14107241.00,United States,2016,Biotechnology: Pharmaceutical Preparations,Health Care
HIO,Western Asset High Income Opportunity Fund Inc. Common Stock,$3.29,-0.11,-3.235%,818968,0.00,United States,,Finance/Investors Services,Finance
HIPO,Hippo Holdings Inc. Common Stock,$29.71,-1.66,-5.292%,179948,784028510.00,United States,2021,Property-Casualty Insurers,Finance
HIT,Health In Tech Inc. Class A Common Stock,$0.8825,0.0359,4.24%,35986,57717838.00,United States,2024,Specialty Insurers,Finance
HITI,High Tide Inc. Common Shares,$2.72,-0.04,-1.449%,736542,242467910.00,Canada,,Other Specialty Stores,Consumer Discretionary
HIVE,HIVE Digital Technologies Ltd. Common Shares,$3.37,-0.17,-4.802%,9777032,924314629.00,Canada,,Finance: Consumer Services,Finance
HIW,Highwoods Properties Inc. Common Stock,$29.69,-1.06,-3.447%,1537303,3274991405.00,United States,1994,Real Estate Investment Trusts,Real Estate
HIX,Western Asset High Income Fund II Inc. Common Stock,$3.60,-0.16,-4.255%,655313,0.00,United States,1998,Finance/Investors Services,Finance
HKD,AMTD Digital Inc. American Depositary Shares (every five of which represent two Class A Ordinary Shares),$1.70,-0.02,-1.163%,39315,214478751.00,,2022,Finance: Consumer Services,Finance
HKIT,Hitek Global Inc. Class A Ordinary Share,$2.78,0.32,13.008%,112175,24997371.00,China,2023,Computer Software: Prepackaged Software,Technology
HKPD,Cellyan Biotechnology Co. Ltd Class A Ordinary Shares,$0.1192,-0.0028,-2.295%,473976,5781195.00,Hong Kong,2025,Other Pharmaceuticals,Health Care
HL,Hecla Mining Company Common Stock,$18.27,-0.76,-3.994%,68898292,12273209234.00,United States,,Mining & Quarrying of Nonmetallic Minerals (No Fuels),Industrials
HL^B,Hecla Mining Company Preferred Stock,$72.00,0.00,0.00%,236,,United States,,,
HLF,Herbalife Ltd. Common Shares,$11.99,-0.24,-1.962%,1248795,1256592526.00,Cayman Islands,2004,Other Pharmaceuticals,Health Care
HLI,Houlihan Lokey Inc. Class A Common Stock,$129.94,-1.03,-0.786%,522356,9081051810.00,United States,2015,Investment Managers,Finance
HLIO,Helios Technologies Inc. Common Stock,$69.52,0.86,1.253%,323850,2290724113.00,United States,2021,Metal Fabrications,Industrials
HLIT,Harmonic Inc. Common Stock,$10.99,-0.30,-2.657%,758678,1198640231.00,United States,1995,Radio And Television Broadcasting And Communications Equipment,Technology
HLLY,Holley Inc. Common Stock,$2.48,-0.19,-7.116%,765172,300660675.00,United States,2020,Auto Parts:O.E.M.,Consumer Discretionary
HLMN,Hillman Solutions Corp. Common Stock,$7.14,-0.11,-1.517%,1115563,1389051293.00,United States,2020,Industrial Machinery/Components,Consumer Discretionary
HLN,Haleon plc American Depositary Shares (Each representing two Ordinary Shares),$9.11,-0.14,-1.514%,21338720,40068279711.00,United Kingdom,2022,Package Goods/Cosmetics,Consumer Discretionary
HLNE,Hamilton Lane Incorporated Class A Common Stock,$85.70,-1.90,-2.169%,684640,4722981677.00,United States,2017,Investment Managers,Finance
HLP,Hongli Group Inc. Class A Ordinary Shares,$2.035,0.035,1.75%,48892,152093356.00,China,2023,Industrial Machinery/Components,Industrials
HLSQ,Tessera Defense and Homeland Security Inc. Common Stock,$0.55,-0.118,-17.665%,2930880,1573000.00,,2019,Biotechnology: Biological Products (No Diagnostic Substances),Health Care
HLT,Hilton Worldwide Holdings Inc. Common Stock ,$307.22,-1.22,-0.396%,1565548,69144441650.00,United States,2016,Hotels/Resorts,Consumer Discretionary
HLXC,Helix Acquisition Corp. III Class A Ordinary Shares,$10.77,0.17,1.604%,6787,0.00,United States,2026,,
HMC,Honda Motor Company Ltd. Common Stock,$32.15,-0.27,-0.833%,715087,41715487070.00,Japan,,Auto Manufacturing,Industrials
HMH,HMH Holding Inc. Class A Common Stock,$18.55,-0.03,-0.161%,143812,814980838.00,United States,2026,Oil and Gas Field Machinery,Consumer Discretionary
HMN,Horace Mann Educators Corporation Common Stock,$46.54,-0.67,-1.419%,333974,1884919053.00,United States,1991,Property-Casualty Insurers,Finance
HMR,Heidmar Maritime Holdings Corp. Common Stock,$1.85,0.00,0.00%,264580,109135194.00,Greece,,Marine Transportation,Consumer Discretionary
HMY,Harmony Gold Mining Company Limited,$18.73,-1.09,-5.499%,3512597,11889199471.00,South Africa,,Precious Metals,Basic Materials
HNGE,Hinge Health Inc. Class A Common Stock,$92.28,-1.87,-1.986%,1702981,7446480801.00,United States,2025,EDP Services,Technology
HNI,HNI Corporation Common Stock,$47.16,-0.63,-1.318%,597773,3404093688.00,United States,,Office Equipment/Supplies/Services,Consumer Discretionary
HNNA,Hennessy Advisors Inc. Common Stock,$10.37,-0.11,-1.05%,2284,81968732.00,United States,,Investment Managers,Finance
HNRG,Hallador Energy Company Common Stock,$14.51,-0.56,-3.716%,523712,684050110.00,United States,,Electric Utilities: Central,Utilities
HNST,The Honest Company Inc. Common Stock,$5.18,-0.23,-4.251%,1781002,555733083.00,United States,2021,Catalog/Specialty Distribution,Consumer Discretionary
HNVR,Hanover Bancorp Inc. Common Stock,$26.15,-0.60,-2.243%,15906,184499338.00,United States,2022,Major Banks,Finance
HODO,House of Doge Inc. Common Stock,$0.1753,0.0054,3.178%,1532565,15628518.00,United States,2025,Finance: Consumer Services,Finance
HOFT,Hooker Furnishings Corporation Common Stock,$13.34,0.10,0.755%,32387,142633908.00,United States,,Home Furnishings,Consumer Discretionary
HOG,Harley-Davidson Inc. Common Stock,$25.98,-0.05,-0.192%,1970916,2703803732.00,United States,,Motor Vehicles,Consumer Discretionary
HOLO,MicroCloud Hologram Inc. Ordinary Shares,$1.70,-0.08,-4.494%,195878,38951012.00,United States,2021,Computer Software: Programming Data Processing,Technology
HOLOW,MicroCloud Hologram Inc. Warrant,$0.0447,-0.0016,-3.456%,1851,1024182.00,United States,2021,Computer Software: Programming Data Processing,Technology
HOMB,Home BancShares Inc. Common Stock,$28.84,-0.30,-1.03%,1160665,5769431329.00,United States,2006,Major Banks,Finance
HON,Honeywell International Inc. Common Stock,$212.57,0.72,0.34%,2480846,67371937926.00,United States,,Aerospace,Industrials
HONA,Honeywell Aerospace Inc. Common Stock ,$163.33,-3.99,-2.385%,2976614,51767888574.00,United States,,Aerospace,Industrials
HOOD,Robinhood Markets Inc. Class A Common Stock,$122.70,-1.55,-1.247%,19079921,110317394897.00,United States,2021,Investment Bankers/Brokers/Service,Finance
HOPE,Hope Bancorp Inc. Common Stock,$13.62,-0.16,-1.161%,852027,1739843806.00,United States,,Major Banks,Finance
HOS,Hornbeck Offshore Services Inc. Common Stock,$8.35,-0.06,-0.713%,1641532,1855091001.00,United States,,Oilfield Services/Equipment,Energy
HOST,Host Digital Inc. Class A Common Stock,$8.00,-0.06,-0.744%,217919,225602568.00,,2024,Food Chains,Consumer Staples
HOUR,Hour Loop Inc. Common Stock,$1.74,-0.09,-4.918%,12311,61247687.00,United States,2022,Catalog/Specialty Distribution,Consumer Discretionary
HOV,Hovnanian Enterprises Inc. Class A Common Stock,$115.24,-3.72,-3.127%,126854,686817724.00,United States,1983,Homebuilding,Consumer Discretionary
HOVNP,Hovnanian Enterprises Inc Dep Shr Srs A Pfd,$19.24,-0.11,-0.568%,2429,114668284.00,United States,,Homebuilding,Consumer Discretionary
HOVR,New Horizon Aircraft Ltd. Class A Ordinary Share,$1.69,-0.08,-4.52%,348353,113439460.00,United States,2023,Aerospace,Industrials
HOVRW,New Horizon Aircraft Ltd. Warrant,$0.3001,-0.0099,-3.194%,42763,20143895.00,United States,2023,Aerospace,Industrials
HOWL,Werewolf Therapeutics Inc. Common Stock,$0.9894,0.0074,0.754%,316714,48083916.00,United States,2021,Biotechnology: Pharmaceutical Preparations,Health Care
HP,Helmerich & Payne Inc. Common Stock,$39.56,-0.23,-0.578%,1103374,3953584664.00,United States,,Oil & Gas Production,Energy
HPAI,Helport AI Limited Ordinary Shares,$0.2989,0.0081,2.785%,81623,11252661.00,Singapore,,Computer Software: Prepackaged Software,Technology
HPE,Hewlett Packard Enterprise Company Common Stock,$62.33,1.30,2.13%,14984983,82740879675.00,United States,2015,Retail: Computer Software & Peripheral Equipment,Technology
HPE^C,Hewlett Packard Enterprise Company 7.625% Series C Mandatory Convertible Preferred Stock,$159.53,3.27,2.093%,31757,,United States,,,
HPF,John Hancock Pfd Income Fund II Pfd Income Fund II,$13.74,-0.39,-2.76%,124524,0.00,United States,2002,Finance Companies,Finance
HPI,John Hancock Preferred Income Fund Common Shares of Beneficial Interest,$14.08,-0.30,-2.086%,120814,0.00,United States,2002,Trusts Except Educational Religious and Charitable,Finance
HPK,HighPeak Energy Inc. Common Stock,$7.89,0.10,1.284%,359361,997712624.00,United States,,Oil & Gas Production,Energy
HPP,Hudson Pacific Properties Inc. Common Stock,$11.69,-0.39,-3.228%,464297,634401582.00,United States,2010,Real Estate,Finance
HPP^C,Hudson Pacific Properties Inc. 4.750% Series C Cumulative Redeemable Preferred Stock,$14.48,-0.135,-0.924%,21719,,United States,,,
HPQ,HP Inc. Common Stock,$32.16,0.12,0.375%,16336872,29001597563.00,United States,,Computer Manufacturing,Technology
HPS,John Hancock Preferred Income Fund III Preferred Income Fund III,$12.32,-0.32,-2.532%,134809,0.00,United States,2003,Investment Managers,Finance
HQ,Horizon Quantum Holdings Ltd. Class A Ordinary Shares,$14.87,-0.87,-5.527%,218488,802564830.00,Singapore,,EDP Services,Technology
HQH,abrdn Healthcare Investors Shares of Beneficial Interest,$21.60,-0.43,-1.952%,93441,1022624482.00,United States,1987,Finance Companies,Finance
HQI,HireQuest Inc. Common Stock (DE),$18.30,1.23,7.206%,27799,254370000.00,United States,,Professional Services,Consumer Discretionary
HQL,abrdn Life Sciences Investors Shares of Beneficial Interest,$19.56,-0.42,-2.102%,131294,502293680.00,United States,1992,Investment Managers,Finance
HQWWW,Horizon Quantum Holdings Ltd. Warrant,$6.89,-1.06,-13.333%,25058,371867631.00,Singapore,,EDP Services,Technology
HQY,HealthEquity Inc. Common Stock,$90.39,-1.36,-1.482%,900080,7476635605.00,United States,2014,Business Services,Consumer Discretionary
HR,Healthcare Realty Trust Incorporated Common Stock,$17.96,-0.22,-1.21%,5171120,6155246890.00,United States,,Real Estate Investment Trusts,Real Estate
HRB,H&R Block Inc. Common Stock,$42.54,-0.32,-0.747%,2191531,5243732322.00,United States,,Other Consumer Services,Consumer Discretionary
HRI,Herc Holdings Inc. Common Stock ,$137.23,-6.84,-4.748%,565329,4587797060.00,United States,2016,Misc Corporate Leasing Services,Industrials
HRL,Hormel Foods Corporation Common Stock,$19.92,-0.41,-2.017%,4589939,10962987936.00,United States,,Meat/Poultry/Fish,Consumer Staples
HRMY,Harmony Biosciences Holdings Inc. Common Stock,$40.48,-1.05,-2.528%,1080686,2357409189.00,United States,2020,Biotechnology: Pharmaceutical Preparations,Health Care
HROW,Harrow Inc. Common Stock,$33.60,-0.85,-2.467%,347996,1259591760.00,United States,,Biotechnology: Pharmaceutical Preparations,Health Care
HRTG,Heritage Insurance Holdings Inc. Common Stock,$33.07,-0.43,-1.284%,248305,983250997.00,United States,2014,Property-Casualty Insurers,Finance
HRTX,Heron Therapeutics Inc. Common Stock,$0.291,-0.008,-2.676%,1718618,55247021.00,United States,,Biotechnology: Pharmaceutical Preparations,Health Care
HRZN,Horizon Technology Finance Corporation Common Stock,$4.61,-0.04,-0.86%,295042,309026320.00,United States,2010,Finance: Consumer Services,Finance
HSAI,Hesai Group American Depositary Share,$16.31,-0.79,-4.62%,1309618,2562989461.00,China,2023,Industrial Machinery/Components,Industrials
HSBC,HSBC Holdings plc. Common Stock,$100.25,-1.34,-1.319%,1463403,344192170289.00,United Kingdom,,Savings Institutions,Finance
HSCS,HeartSciences Inc. Common Stock,$4.52,-0.09,-1.952%,179648,21696777.00,United States,2022,Industrial Specialties,Health Care
HSCSW,HeartSciences Inc. Warrant,$0.0437,0.00,0.00%,6,209768.00,United States,2022,Industrial Specialties,Health Care
HSDT,Solana Company Class A Common Stock (DE),$2.88,-0.39,-11.927%,647326,174121065.00,United States,,Biotechnology: Electromedical & Electrotherapeutic Apparatus,Health Care
HSHP,Himalaya Shipping Ltd. Common Shares,$18.18,0.04,0.221%,471439,849915000.00,,2023,Marine Transportation,Consumer Discretionary
HSIC,Henry Schein Inc. Common Stock,$85.05,-2.38,-2.722%,1119686,9478528397.00,United States,1995,Medical Specialities,Health Care
HSLV,Highlander Silver Corp. Common Shares,$5.45,-0.38,-6.518%,930058,1109202628.00,,,,
HST,Host Hotels & Resorts Inc. Common Stock,$22.15,-0.13,-0.583%,7209537,15175505438.00,United States,,Real Estate Investment Trusts,Real Estate
HSTM,HealthStream Inc. Common Stock,$28.76,-0.25,-0.862%,143627,879937710.00,United States,2000,Computer Software: Programming Data Processing,Technology
HSY,The Hershey Company Common Stock,$168.45,-0.01,-0.006%,1071331,33845926922.00,United States,,Specialty Foods,Consumer Staples
HTB,HomeTrust Bancshares Inc. Common Stock,$45.21,-0.92,-1.994%,130281,754698668.00,United States,,Savings Institutions,Finance
HTCO,High-Trend International Group Class A Ordinary Shares,$2.36,0.16,7.273%,36856,15942565.00,Singapore,,Marine Transportation,Consumer Discretionary
HTCR,Heartcore Enterprises Inc. Common Stock,$2.0308,-0.0292,-1.417%,10445,3077328.00,Japan,2022,EDP Services,Technology
HTD,John Hancock Tax Advantaged Dividend Income Fund Common Shares of Beneficial Interest,$22.88,-0.56,-2.389%,134148,0.00,United States,2004,Finance Companies,Finance
HTFC,Horizon Technology Finance Corporation 6.25% Notes due 2027,$24.81,-0.1692,-0.677%,5119,1055559288.00,United States,2022,Finance: Consumer Services,Finance
HTFL,Heartflow Inc. Common Stock,$47.39,-2.78,-5.541%,2099303,4120732384.00,United States,2025,Medical/Dental Instruments,Health Care
HTGC,Hercules Capital Inc. Common Stock,$16.97,-0.25,-1.452%,1122197,3176173080.00,United States,2012,Investment Managers,Finance
HTH,Hilltop Holdings Inc.,$38.17,-0.21,-0.547%,315839,2186622537.00,United States,,Major Banks,Finance
HTHT,H World Group Limited American Depositary Shares,$42.78,-0.55,-1.269%,1344033,13155868977.00,China,2010,Hotels/Resorts,Consumer Discretionary
HTLD,Heartland Express Inc. Common Stock,$11.68,-0.15,-1.268%,901743,903244896.00,United States,1986,Trucking Freight/Courier Services,Industrials
HTLM,HomesToLife Ltd Ordinary Shares,$1.78,-0.03,-1.657%,745,159643750.00,Singapore,2024,Other Specialty Stores,Consumer Discretionary
HTO,H2O America Common Stock,$62.20,-0.72,-1.144%,484366,2603493209.00,United States,,Water Supply,Utilities
HTOO,Fusion Fuel Green PLC Class A Ordinary Shares,$2.23,0.24,12.06%,90766,16761258.00,Ireland,,Industrial Machinery/Components,Technology
HTT,High Templar Tech Limited American depositary shares each representing one Class A ordinary share,$2.44,-0.05,-2.008%,53934,378891750.00,China,2017,Finance: Consumer Services,Finance
HTZ,Hertz Global Holdings Inc Common Stock,$1.74,-0.11,-5.946%,12430237,620225424.00,United States,,Rental/Leasing Companies,Consumer Discretionary
HTZWW,Hertz Global Holdings Inc Warrant,$0.866,-0.0326,-3.628%,23076,308686906.00,United States,,Rental/Leasing Companies,Consumer Discretionary
HUBB,Hubbell Inc Common Stock,$463.70,4.87,1.061%,604705,24498463173.00,United States,2015,Electrical Products,Technology
HUBC,Hub Cyber Security Ltd. Ordinary Shares,$3.21,-1.03,-24.292%,435535,4291918.00,Israel,,Computer Communications Equipment,Telecommunications
HUBCW,Hub Cyber Security Ltd. Warrant 2/27/28,$0.0093,0.0001,1.087%,15036,12435.00,Israel,,Computer Communications Equipment,Telecommunications
HUBCZ,Hub Cyber Security Ltd. Warrant ,$0.016,0.00,0.00%,1,21393.00,Israel,,Computer Communications Equipment,Telecommunications
HUBG,Hub Group Inc. Class A Common Stock,$31.40,-0.66,-2.059%,798135,1920220214.00,United States,1996,Integrated Freight & Logistics,Industrials
HUBS,HubSpot Inc. Common Stock,$226.03,8.15,3.741%,1746274,11271257412.00,United States,2014,Computer Software: Prepackaged Software,Technology
HUDI,Huadi International Group Co. Ltd. Ordinary Shares,$0.735,-0.025,-3.289%,11969,10524599.00,China,2021,Steel/Iron Ore,Industrials
HUHU,HUHUTECH International Group Inc. Ordinary Shares,$5.90,-0.215,-3.516%,14762,150413119.00,China,2024,Metal Fabrications,Telecommunications
HUIZ,Huize Holding Limited American Depositary Shares,$1.43,0.03,2.143%,28277,14451689.00,China,2020,Specialty Insurers,Finance
HUM,Humana Inc. Common Stock,$374.78,2.78,0.747%,798639,45003697832.00,United States,,Medical Specialities,Health Care
HUMA,Humacyte Inc. Common Stock,$0.5657,-0.0171,-2.934%,3431589,157150388.00,United States,2020,Biotechnology: Biological Products (No Diagnostic Substances),Health Care
HUN,Huntsman Corporation Common Stock,$9.10,0.05,0.552%,1586905,1595945406.00,United States,2005,Major Chemicals,Industrials
HURA,TuHURA Biosciences Inc. Common Stock,$2.05,-0.08,-3.756%,185527,130639565.00,United States,,Biotechnology: Pharmaceutical Preparations,Health Care
HURC,Hurco Companies Inc. Common Stock,$21.20,-0.53,-2.439%,16179,137298026.00,United States,,Industrial Machinery/Components,Industrials
HURN,Huron Consulting Group Inc. Common Stock,$159.91,2.05,1.299%,247543,2544179614.00,United States,2004,Professional Services,Consumer Discretionary
HUT,Hut 8 Corp. Common Stock,$102.46,-4.15,-3.893%,3200391,12629165091.00,United States,,Finance: Consumer Services,Finance
HUYA,HUYA Inc. American depositary shares each  representing one Class A ordinary share,$2.32,-0.05,-2.11%,697185,529809336.00,United States,2018,Computer Software: Programming Data Processing,Technology
HVMC,Highview Merger Corp. Class A Ordinary Share,$10.26,0.00,0.00%,17,0.00,United States,2025,,
HVT,Haverty Furniture Companies Inc. Common Stock,$27.50,-0.77,-2.724%,121370,428824715.00,United States,,Other Specialty Stores,Consumer Discretionary
HVT/A,Haverty Furniture Companies Inc.,$28.09,0.00,0.00%,22,,United States,,,
HWBK,Hawthorn Bancshares Inc. Common Stock,$38.11,-0.76,-1.955%,9608,262984839.00,United States,,Major Banks,Finance
HWC,Hancock Whitney Corporation Common Stock,$72.39,-1.18,-1.604%,625704,5807347169.00,United States,,Major Banks,Finance
HWCPZ,Hancock Whitney Corporation 6.25% Subordinated Notes due 2060,$21.16,-0.14,-0.657%,4144,1793415334.00,United States,,Major Banks,Finance
HWKN,Hawkins Inc. Common Stock,$123.99,-0.56,-0.45%,90575,2588305757.00,United States,,Specialty Chemicals,Consumer Discretionary
HWM,Howmet Aerospace Inc. Common Stock,$228.78,3.42,1.518%,2414109,91237784063.00,United States,,Metal Fabrications,Industrials
HXHX,Haoxin Holdings Limited Class A Ordinary Shares,$0.3965,0.0032,0.814%,69098,5836480.00,China,2025,Trucking Freight/Courier Services,Industrials
HXL,Hexcel Corporation Common Stock,$86.12,0.14,0.163%,740934,6512691686.00,United States,,Major Chemicals,Industrials
HY,Hyster-Yale Inc. Class A common stock,$32.89,-0.31,-0.934%,83996,589730428.00,United States,,Construction/Ag Equipment/Trucks,Industrials
HYFM,Hydrofarm Holdings Group Inc. Common Stock,$0.9801,-0.0249,-2.478%,41218,4723418.00,United States,2020,Consumer Specialties,Consumer Discretionary
HYFT,MindWalk Holdings Corp. Common Stock,$1.39,-0.09,-6.081%,229941,65485219.00,Canada,,Biotechnology: Pharmaceutical Preparations,Health Care
HYI,Western Asset High Yield Opportunity Fund Inc. Common Stock,$9.96,-0.18,-1.775%,37854,0.00,,2010,Investment Managers,Finance
HYLN,Hyliion Holdings Corp. Class A Common Stock,$4.14,-0.33,-7.383%,2155950,739392483.00,United States,2019,Construction/Ag Equipment/Trucks,Consumer Discretionary
HYMC,Hycroft Mining Holding Corporation Class A Common Stock,$21.26,-1.43,-6.302%,1871852,1981042538.00,United States,2018,Precious Metals,Basic Materials
HYNE,Hoyne Bancorp Inc. Common Stock,$16.44,-0.06,-0.364%,3181,133113661.00,United States,2025,Banks,Finance
HYPD,Hyperion DeFi Inc. Common Stock,$3.92,-0.07,-1.754%,409643,60914581.00,United States,2018,Biotechnology: Pharmaceutical Preparations,Health Care
HYPR,Hyperfine Inc. Class A Common Stock,$0.79,-0.0151,-1.876%,611823,83778449.00,United States,2021,Biotechnology: Electromedical & Electrotherapeutic Apparatus,Health Care
HYT,Blackrock Corporate High Yield Fund Inc. Common Stock,$7.83,-0.12,-1.509%,2326396,0.00,United States,2003,Finance Companies,Finance
HZO,MarineMax Inc.  (FL) Common Stock,$52.42,0.01,0.019%,477542,1157787225.00,United States,1998,Auto & Home Supply Stores,Consumer Discretionary
IA,Innovative Solutions and Support Inc. Common Stock,$18.13,0.00,0.00%,156975,324512006.00,United States,,EDP Services,Technology
IACO,Idea Acquisition Corp. Class A Ordinary Shares,$9.995,0.00,0.00%,17,0.00,United States,2026,Blank Checks,Finance
IACQ,Irenic Acquisition Corp. Class A Ordinary Shares,$9.99,0.00,0.00%,14,0.00,United States,2026,Blank Checks,Finance
IACQW,Irenic Acquisition Corp. Warrants,$0.39,0.00,0.00%,93,0.00,United States,2026,Blank Checks,Finance
IAE,Voya Asia Pacific High Dividend Equity Income Fund ING Asia Pacific High Dividend Equity Income Fund Common Shares of Beneficial Interest,$8.86,-0.10,-1.116%,10696,0.00,United States,2007,Trusts Except Educational Religious and Charitable,Finance
IAF,abrdn Australia Equity Fund Inc. Common Stock,$12.68,-0.25,-1.933%,29965,0.00,United States,1985,Finance/Investors Services,Finance
IAG,Iamgold Corporation Ordinary Shares,$19.89,-1.00,-4.787%,6153338,11357190000.00,Canada,,Precious Metals,Basic Materials
IART,Integra LifeSciences Holdings Corporation Common Stock,$15.53,-0.49,-3.059%,573098,1207807018.00,United States,,Medical/Dental Instruments,Health Care
IAUX,i-80 Gold Corp. Common Shares,$1.75,-0.12,-6.417%,9364258,1515327945.00,Canada,2022,Precious Metals,Basic Materials
IBAC,IB Acquisition Corp. Common Stock,$11.40,-0.10,-0.87%,2053,0.00,United States,2024,Blank Checks,Finance
IBACR,IB Acquisition Corp. Right,$0.115,0.00,0.00%,66,0.00,United States,2024,Blank Checks,Finance
IBCP,Independent Bank Corporation Common Stock,$35.30,-0.32,-0.898%,137400,783635114.00,United States,,Major Banks,Finance
IBEX,IBEX Limited Common Shares,$42.66,1.08,2.597%,141123,566466526.00,Bermuda,2020,EDP Services,Technology
IBG,Innovation Beverage Group Limited Ordinary Shares,$0.9501,-0.0099,-1.031%,6279,4009918.00,Australia,2024,Beverages (Production/Distribution),Consumer Staples
IBIO,iBio Inc. Common Stock,$1.245,-0.085,-6.391%,363835,80062534.00,United States,,Biotechnology: Pharmaceutical Preparations,Health Care
IBKR,Interactive Brokers Group Inc. Class A Common Stock,$91.56,-0.32,-0.348%,3961476,41483837337.00,United States,2019,Investment Bankers/Brokers/Service,Finance
IBM,International Business Machines Corporation Common Stock,$232.76,1.38,0.596%,4539617,219291200616.00,United States,,Computer Manufacturing,Technology
IBN,ICICI Bank Limited Common Stock,$27.91,-0.13,-0.464%,6837275,99919370914.00,India,,Commercial Banks,Finance
IBO,Impact BioMedical Inc. Common Stock,$6.63,-0.0283,-0.425%,40754,56644592.00,,2024,Biotechnology: Pharmaceutical Preparations,Health Care
IBOC,International Bancshares Corporation Common Stock,$69.11,-0.64,-0.918%,312738,4298055533.00,United States,,Major Banks,Finance
IBP,Installed Building Products Inc. Common Stock,$202.79,-9.15,-4.317%,339161,5389991304.00,United States,2014,Homebuilding,Consumer Discretionary
IBRX,ImmunityBio Inc. Common Stock,$8.63,-0.66,-7.104%,13954412,9146387036.00,United States,2015,Biotechnology: Biological Products (No Diagnostic Substances),Health Care
IBTA,Ibotta Inc. Class A Common Stock,$41.21,0.57,1.403%,263271,954819793.00,United States,2024,Advertising,Consumer Discretionary
ICCC,ImmuCell Corporation Common Stock,$9.99,0.00,0.00%,7869,90731148.00,United States,1987,Biotechnology: In Vitro & In Vivo Diagnostic Substances,Health Care
ICCM,IceCure Medical Ltd. Ordinary Shares,$1.87,-0.08,-4.103%,85560,6407321.00,Israel,,Medical/Dental Instruments,Health Care
ICE,Intercontinental Exchange Inc. Common Stock,$156.35,3.42,2.236%,3042114,87774028042.00,United States,2005,Investment Bankers/Brokers/Service,Finance
ICFI,ICF International Inc. Common Stock,$83.68,0.10,0.12%,107058,1500707413.00,United States,2006,Professional Services,Consumer Discretionary
ICG,Intchains Group Limited American Depositary Shares,$1.00,0.0714,7.689%,66137,120782902.00,China,2023,Semiconductors,Technology
ICHR,Ichor Holdings Ordinary Shares,$58.40,0.96,1.671%,621895,2187326974.00,United States,2016,Semiconductors,Technology
ICL,ICL Group Ltd. Ordinary Shares,$5.30,-0.10,-1.852%,1258388,6840565464.00,Israel,2014,Agricultural Chemicals,Industrials
ICLR,ICON plc Ordinary Shares,$163.90,-3.21,-1.921%,1064888,12549384568.00,Ireland,1998,Biotechnology: Commercial Physical & Biological Resarch,Health Care
ICMB,Investcorp Credit Management BDC Inc. Common Stock,$0.8701,0.0076,0.881%,8373,12557694.00,United States,2014,Finance: Consumer Services,Finance
ICON,Icon Energy Corp. Common stock,$0.99,-0.015,-1.493%,13488,3721721.00,Greece,2024,Marine Transportation,Consumer Discretionary
ICR^A,InPoint Commercial Real Estate Income Inc. 6.75% Series A Cumulative Redeemable Preferred Stock,$22.245,-0.135,-0.603%,2273,,,,,
ICU,SeaStar Medical Holding Corporation Common Stock,$3.53,0.00,0.00%,11559,15556149.00,United States,2021,Medical/Dental Instruments,Health Care
ICUCW,SeaStar Medical Holding Corporation Warrant,$0.0164,0.00,0.00%,17,72272.00,United States,2021,Medical/Dental Instruments,Health Care
ICUI,ICU Medical Inc. Common Stock,$163.32,2.34,1.454%,408295,4084149446.00,United States,1992,Medical/Dental Instruments,Health Care
IDA,IDACORP Inc. Common Stock,$128.66,-1.67,-1.281%,623058,7441957252.00,United States,,Electric Utilities: Central,Utilities
IDAC,Iron Dome Acquisition I Corp. Class A Ordinary Shares,$10.025,0.00,0.00%,8,0.00,United States,2026,,
IDACU,Iron Dome Acquisition I Corp. Units,$10.06,0.00,0.00%,4,0.00,United States,2026,,
IDAI,T Stamp Inc. Class A Common Stock,$2.94,-0.06,-2.00%,15452,16579516.00,United States,,Computer Software: Prepackaged Software,Technology
IDCC,InterDigital Inc. Common Stock,$326.55,-7.21,-2.16%,160442,8426951586.00,United States,,Multi-Sector Companies,Miscellaneous
IDE,Voya Infrastructure Industrials and Materials Fund Common Shares of Beneficial Interest,$12.36,-0.16,-1.278%,42875,0.00,United States,2010,Finance/Investors Services,Finance
IDN,Intellicheck Inc. Common Stock,$2.34,-0.09,-3.704%,226293,47424179.00,United States,1999,Computer Software: Prepackaged Software,Technology
IDR,Idaho Strategic Resources Inc. Common Stock,$30.02,-1.02,-3.286%,153742,475101623.00,United States,2022,Precious Metals,Basic Materials
IDT,IDT Corporation Class B Common Stock,$67.87,-1.03,-1.495%,302940,1687829574.00,United States,,Telecommunications Equipment,Telecommunications
IDXX,IDEXX Laboratories Inc. Common Stock,$522.02,0.52,0.10%,364191,41125318174.00,United States,1991,Biotechnology: In Vitro & In Vivo Diagnostic Substances,Health Care
IDYA,IDEAYA Biosciences Inc. Common Stock,$37.46,-2.25,-5.666%,2238212,3614496071.00,United States,2019,Biotechnology: Pharmaceutical Preparations,Health Care
IE,Ivanhoe Electric Inc. Common Stock,$10.40,-0.34,-3.166%,3145751,1659738694.00,Canada,2022,Metal Mining,Basic Materials
IEAG,Infinite Eagle Acquisition Corp. Class A Ordinary Shares,$10.22,0.04,0.393%,419,0.00,United States,2026,Blank Checks,Finance
IEP,Icahn Enterprises L.P. Common Stock,$7.095,-0.025,-0.351%,907843,5043942585.00,United States,,Integrated oil Companies,Energy
IESC,IES Holdings Inc. Common Stock,$319.73,-1.34,-0.417%,133657,12740828688.00,United States,,Engineering & Construction,Industrials
IEX,IDEX Corporation Common Stock,$229.67,3.98,1.763%,593324,16931248514.00,United States,1989,Fluid Controls,Industrials
IFBD,Infobird Co. Ltd Ordinary Shares,$0.9855,0.0355,3.737%,4305,8069840.00,China,2021,Computer Software: Prepackaged Software,Technology
IFF,International Flavors & Fragrances Inc. Common Stock,$85.71,-0.08,-0.093%,1414098,21868903329.00,United States,,Major Chemicals,Industrials
IFN,Aberdeen India Fund Inc. Common Stock,$10.97,-0.02,-0.182%,108140,0.00,United States,,Finance/Investors Services,Finance
IFRX,InflaRx N.V. Common Stock,$1.96,-0.12,-5.769%,564768,288841713.00,Germany,2017,Biotechnology: Pharmaceutical Preparations,Health Care
IFS,Intercorp Financial Services Inc. Common Shares,$55.29,-0.83,-1.479%,242113,6103889109.00,,2019,Commercial Banks,Finance
IGA,Voya Global Advantage and Premium Opportunity Fund Common Shares of Beneficial Interest,$10.39,-0.31,-2.897%,45122,0.00,United States,2005,Investment Managers,Finance
IGAC,Invest Green Acquisition Corporation Class A Ordinary Shares,$10.10,-0.015,-0.148%,216151,0.00,United States,2025,Blank Checks,Finance
IGC,IGC Pharma Inc. Common Stock,$0.2861,0.0031,1.095%,550388,29578165.00,United States,,Biotechnology: Pharmaceutical Preparations,Health Care
IGD,Voya Global Equity Dividend and Premium Opportunity Fund,$6.32,-0.11,-1.711%,273751,0.00,United States,2005,Trusts Except Educational Religious and Charitable,Finance
IGI,Western Asset Investment Grade Opportunity Trust Inc. Common Stock,$15.95,-0.31,-1.907%,11620,0.00,United States,2009,Investment Managers,Finance
IGIC,International General Insurance Holdings Ltd. Ordinary Share,$24.49,-0.36,-1.449%,105295,1049205870.00,Jordan,2018,Property-Casualty Insurers,Finance
IGR,CBRE Global Real Estate Income Fund Common Shares of Beneficial Interest,$12.05,-0.20,-1.633%,266792,0.00,United States,2004,Finance Companies,Finance
IH,iHuman Inc. American depositary shares each representing five Class A ordinary shares,$1.18,0.04,3.509%,9960,60313177.00,United States,2020,Other Consumer Services,Real Estate
IHD,Voya Emerging Markets High Income Dividend Equity Fund Common Shares,$7.65,-0.11,-1.418%,51201,0.00,United States,2011,Investment Managers,Finance
IHG,Intercontinental Hotels Group American Depositary Shares (Each representing one Ordinary Share),$156.13,1.28,0.827%,142686,22284486579.00,United Kingdom,,Hotels/Resorts,Consumer Discretionary
IHRT,iHeartMedia Inc. Class A Common Stock,$2.35,-0.06,-2.49%,849540,314192948.00,United States,,Broadcasting,Consumer Discretionary
IHS,IHS Holding Limited Ordinary Shares,$8.42,-0.02,-0.237%,482155,2825088689.00,Cayman Islands,2021,Telecommunications Equipment,Telecommunications
IHT,InnSuites Hospitality Trust Shares of Beneficial Interest,$1.43,0.00,0.00%,21305,16051134.00,United States,1999,Real Estate Investment Trusts,Real Estate
IIF,Morgan Stanley India Investment Fund Inc. Common Stock,$22.16,-0.13,-0.583%,12452,0.00,United States,1994,Trusts Except Educational Religious and Charitable,Finance
III,Information Services Group Inc. Common Stock,$5.35,0.00,0.00%,152631,259012022.00,United States,,Professional Services,Consumer Discretionary
IIIN,Insteel Industries Inc. Common Stock,$29.53,-0.56,-1.861%,110402,571649034.00,United States,,Steel/Iron Ore,Industrials
IIIV,i3 Verticals Inc. Class A Common Stock,$15.10,-0.05,-0.33%,451402,397462336.00,United States,2018,Computer Software: Prepackaged Software,Technology
IIM,Invesco Value Municipal Income Trust Common Stock,$11.45,-0.46,-3.862%,276609,538933627.00,United States,,Investment Managers,Finance
IIPR,Innovative Industrial Properties Inc. Common Stock,$55.28,-1.46,-2.573%,418587,1524144173.00,United States,2016,Real Estate,Finance
IIPR^A,Innovative Industrial Properties Inc. 9.00% Series A Cumulative Redeemable Preferred Stock,$24.98,0.02,0.08%,12249,,United States,,,
IKT,Inhibikase Therapeutics Inc. Common Stock,$2.15,-0.16,-6.926%,412357,300002185.00,United States,2020,Biotechnology: Biological Products (No Diagnostic Substances),Health Care
ILAG,Intelligent Living Application Group Inc. Ordinary Shares,$3.10,0.11,3.679%,2885,6438539.00,Hong Kong,2022,Office Equipment/Supplies/Services,Consumer Discretionary
ILLR,Triller Group Inc. Common Stock,$0.385,-0.045,-10.465%,454309,7887642.00,United States,2019,Investment Managers,Finance
ILLRW,Triller Group Inc. Warrant,$0.0446,-0.0251,-36.011%,1662,913737.00,United States,2019,Investment Managers,Finance
ILLU,Illumination Acquisition Corp I Class A Ordinary Shares,$9.98,0.00,0.00%,7,102442145.00,United States,2026,Blank Checks,Finance
ILMN,Illumina Inc. Common Stock,$255.38,7.92,3.201%,2301118,38562380000.00,United States,2000,Medical Specialities,Health Care
ILPT,Industrial Logistics Properties Trust Common Shares of Beneficial Interest,$7.47,-0.21,-2.734%,317851,498591731.00,United States,2018,Real Estate Investment Trusts,Real Estate
IMA,ImageneBio Inc. Common Stock,$4.84,-0.01,-0.206%,1483,54941047.00,United States,2021,Biotechnology: Biological Products (No Diagnostic Substances),Health Care
IMAX,Imax Corporation Common Stock,$53.30,-0.29,-0.541%,716836,2923084676.00,Canada,,Industrial Machinery/Components,Consumer Discretionary
IMC,IMC Rare Earths Ltd Ordinary Shares,$7.08,-0.96,-11.94%,101587,744108000.00,,2026,Metal Mining,Basic Materials
IMCC,IM Cannabis Corp. Common Shares,$2.91,-1.23,-29.71%,29555318,1757413.00,Canada,, Medicinal Chemicals and Botanical Products ,Health Care
IMCR,Immunocore Holdings plc American Depositary Shares,$31.54,-0.88,-2.714%,411744,1624266380.00,United Kingdom,2021,Biotechnology: Biological Products (No Diagnostic Substances),Health Care
IMDX,Insight Molecular Diagnostics Inc. Common Stock,$3.91,-0.23,-5.556%,597271,127951950.00,United States,,Biotechnology: In Vitro & In Vivo Diagnostic Substances,Health Care
IMKTA,Ingles Markets Incorporated Class A Common Stock,$83.07,-0.77,-0.918%,78372,1577862814.00,United States,1987,Food Chains,Consumer Staples
IMMP,Immutep Limited American Depositary Shares,$0.2661,-0.017,-6.005%,751524,39215724.00,Australia,,Biotechnology: Pharmaceutical Preparations,Health Care
IMMR,Immersion Corporation Common Stock,$7.37,-0.06,-0.808%,271049,244728522.00,United States,1999,Computer peripheral equipment,Technology
IMMX,Immix Biopharma Inc. Common Stock,$11.92,-0.91,-7.093%,1168257,852748623.00,United States,2021,Biotechnology: Pharmaceutical Preparations,Health Care
IMNM,Immunome Inc. Common Stock,$24.24,-1.51,-5.864%,2270666,2753121727.00,United States,2020,Biotechnology: Pharmaceutical Preparations,Health Care
IMNN,Imunon Inc. Common Stock,$1.47,-0.04,-2.649%,216429,8248762.00,United States,,Biotechnology: Pharmaceutical Preparations,Health Care
IMO,Imperial Oil Limited Common Stock,$124.75,0.47,0.378%,607232,60328226750.00,Canada,1929,Integrated oil Companies,Energy
IMOS,ChipMOS TECHNOLOGIES INC. American Depositary Shares,$67.37,-0.55,-0.81%,114151,2357893140.00,Taiwan,,Semiconductors,Technology
IMPP,Imperial Petroleum Inc. Common Shares,$5.30,-0.13,-2.394%,444778,239632387.00,Greece,,Marine Transportation,Consumer Discretionary
IMPPP,Imperial Petroleum Inc. 8.75% Series A Cumulative Redeemable Perpetual Preferred Shares,$26.00,-0.0999,-0.383%,1402,1175555108.00,Greece,,Marine Transportation,Consumer Discretionary
IMRN,Immuron Limited American Depositary Shares,$1.17,-0.085,-6.773%,111536,9443306.00,Australia,2017,Biotechnology: Pharmaceutical Preparations,Health Care
IMRX,Immuneering Corporation Class A Common Stock,$4.38,-0.23,-4.989%,552774,283374621.00,United States,2021,Biotechnology: Pharmaceutical Preparations,Health Care
IMSR,Terrestrial Energy Inc. Common Stock  ,$4.43,-0.20,-4.32%,838593,469293175.00,United States,2024,Metal Fabrications,Industrials
IMSRW,Terrestrial Energy Inc. Warrant,$1.74,-0.0355,-1.999%,408,184327342.00,United States,2024,Metal Fabrications,Industrials
IMTE,Integrated Media Technology Limited Ordinary Shares,$0.507,-0.0005,-0.099%,11555,1747342.00,Australia,,Consumer Electronics/Appliances,Consumer Staples
IMTX,Immatics N.V. Ordinary Shares,$8.60,-0.27,-3.044%,384247,1286832414.00,Germany,,Biotechnology: Biological Products (No Diagnostic Substances),Health Care
IMUX,Immunic Inc. Common Stock,$9.37,-1.47,-13.561%,662427,127848656.00,United States,2014,Biotechnology: Pharmaceutical Preparations,Health Care
IMVT,Immunovant Inc. Common Stock,$34.54,-2.75,-7.375%,3652959,7134329636.00,United States,2019,Biotechnology: Biological Products (No Diagnostic Substances),Health Care
IMXI,International Money Express Inc. Common Stock,$11.43,-0.61,-5.066%,699543,345318897.00,United States,2017,Business Services,Consumer Discretionary
INAB,IN8bio Inc. Common Stock,$1.10,-0.04,-3.509%,22611,10844221.00,United States,2021,Biotechnology: Biological Products (No Diagnostic Substances),Health Care
INAC,Indigo Acquisition Corp. Ordinary Shares,$10.36,0.00,0.00%,18,0.00,United States,2025,,
INBK,First Internet Bancorp Common Stock,$26.07,-1.46,-5.303%,42644,227684274.00,United States,,Major Banks,Finance
INBKZ,First Internet Bancorp 6.0% Fixed-to-Floating Rate Subordinated Notes Due 2029,$25.29,0.2982,1.193%,250,220354147.00,United States,,Major Banks,Finance
INBS,Intelligent Bio Solutions Inc. Common Stock,$1.77,-0.03,-1.667%,29844,5870741.00,United States,2020,Medical/Dental Instruments,Health Care
INBX,Inhibrx Biosciences Inc. Common Stock,$100.33,-10.34,-9.343%,375339,1476622828.00,United States,,Biotechnology: Biological Products (No Diagnostic Substances),Health Care
INCR,Intercure Ltd. Ordinary Shares,$5.47,0.08,1.484%,5257,64796039.00,Israel,,Biotechnology: Pharmaceutical Preparations,Health Care
INCY,Incyte Corp. Common Stock,$124.64,-2.29,-1.804%,1534795,25264247061.00,United States,,Biotechnology: Commercial Physical & Biological Resarch,Health Care
INDB,Independent Bank Corp. Common Stock,$79.79,-0.51,-0.635%,295520,3779580409.00,United States,,Major Banks,Finance
INDI,indie Semiconductor Inc. Class A Common Stock,$3.07,-0.13,-4.063%,4361765,711653271.00,United States,,Semiconductors,Technology
INDO,Indonesia Energy Corporation Limited Ordinary Shares,$2.86,0.00,0.00%,92255,44006362.00,,2019,Oil & Gas Production,Energy
INDP,Indaptus Therapeutics Inc. Common Stock,$3.77,-0.22,-5.514%,624737,502323561.00,United States,,Biotechnology: Pharmaceutical Preparations,Health Care
INDV,Indivior Pharmaceuticals Inc. Common Stock,$35.91,-0.28,-0.774%,1058031,4238526750.00,United Kingdom,,Biotechnology: Pharmaceutical Preparations,Health Care
INEO,INNEOVA Holdings Limited Class A Ordinary Shares,$0.5176,-0.0141,-2.652%,10878,8369915.00,Singapore,2024,Motor Vehicles,Consumer Discretionary
INFQ,Infleqtion Inc. Common Stock,$13.83,-0.23,-1.636%,10601149,3116688029.00,,2026,EDP Services,Technology
INFU,InfuSystems Holdings Inc. Common Stock,$12.70,-0.41,-3.127%,151193,252948199.00,United States,,Medical/Dental Instruments,Health Care
INFY,Infosys Limited American Depositary Shares,$10.75,-0.01,-0.093%,17357680,43605870978.00,India,,EDP Services,Technology
ING,ING Group N.V. Common Stock,$35.92,-0.49,-1.346%,2374964,104255561753.00,Netherlands,1997,Commercial Banks,Finance
INGM,Ingram Micro Holding Corporation Common Stock,$27.31,0.07,0.257%,2017422,6299376598.00,United States,2024,Retail: Computer Software & Peripheral Equipment,Technology
INGN,Inogen Inc Common Stock,$5.09,-0.14,-2.677%,530341,135080135.00,United States,2014,Industrial Specialties,Health Care
INGR,Ingredion Incorporated Common Stock,$96.82,-1.09,-1.113%,488860,6105854447.00,United States,,Packaged Foods,Consumer Staples
INHD,Inno Holdings Inc. Common Stock,$3.15,-0.19,-5.689%,32678,7939830.00,United States,2023,Steel/Iron Ore,Industrials
INIO,INNIO N.V. Ordinary Shares,$19.99,0.48,2.46%,6603407,14992500000.00,Germany,2026,Metal Fabrications,Consumer Discretionary
INKT,MiNK Therapeutics Inc. Common Stock,$12.35,0.24,1.982%,14893,63022075.00,United States,2021,Biotechnology: Biological Products (No Diagnostic Substances),Health Care
INLF,INLIF LIMITED Class A Ordinary Shares,$2.91,0.11,3.929%,16360,3172767.00,China,2025,Industrial Machinery/Components,Industrials
INLX,Intellinetics Inc. Common Stock,$5.31,0.00,0.00%,1099,23868418.00,,2022,Computer Software: Prepackaged Software,Technology
INM,InMed Pharmaceuticals Inc. Common Shares,$1.38,-0.01,-0.719%,53684,7581354.00,Canada,,Biotechnology: Pharmaceutical Preparations,Health Care
INMB,INmune Bio Inc. Common stock,$2.00,-0.16,-7.407%,487567,55507578.00,United States,2019,Biotechnology: Biological Products (No Diagnostic Substances),Health Care
INMD,InMode Ltd. Ordinary Shares,$14.19,-0.26,-1.799%,381838,815652155.00,Israel,2019,Biotechnology: Electromedical & Electrotherapeutic Apparatus,Health Care
INN,Summit Hotel Properties Inc. Common Stock,$5.67,-0.04,-0.701%,824020,611529135.00,United States,2011,Real Estate Investment Trusts,Real Estate
INN^E,Summit Hotel Properties Inc. 6.250% Series E Cumulative Redeemable Preferred Stock,$17.1135,-0.3365,-1.928%,7409,,United States,,,
INN^F,Summit Hotel Properties Inc. 5.875% Series F Cumulative Redeemable Preferred Stock $0.01 par value per share,$16.3827,-0.0973,-0.59%,29139,,United States,,,
INNV,InnovAge Holding Corp. Common Stock,$9.00,-1.655,-15.533%,6584812,1228062825.00,United States,2021,Medical/Nursing Services,Health Care
INO,Inovio Pharmaceuticals Inc. Common Stock,$1.25,-0.04,-3.101%,3031137,129246898.00,United States,,Biotechnology: Pharmaceutical Preparations,Health Care
INOD,Innodata Inc. Common Stock,$71.99,2.02,2.887%,4713539,2475207045.00,United States,1993,EDP Services,Technology
INR,Infinity Natural Resources Inc. Class A Common Stock,$13.03,0.00,0.00%,210555,826392022.00,United States,2025,Oil & Gas Production,Energy
INSE,Inspired Entertainment Inc. Common Stock,$4.51,-0.005,-0.111%,243310,118876258.00,United States,2014,Computer Software: Prepackaged Software,Technology
INSG,Inseego Corp. Common Stock,$4.095,-0.135,-3.191%,142967,67242324.00,United States,,Telecommunications Equipment,Telecommunications
INSM,Insmed Incorporated Common Stock,$118.34,-2.48,-2.053%,1921656,25843267065.00,United States,,Biotechnology: Pharmaceutical Preparations,Health Care
INSP,Inspire Medical Systems Inc. Common Stock,$69.06,-2.24,-3.142%,729637,1996550498.00,United States,2018,Medical/Dental Instruments,Health Care
INSW,International Seaways Inc. Common Stock ,$101.96,-1.99,-1.914%,601936,5050212470.00,United States,2016,Marine Transportation,Consumer Discretionary
INTA,Intapp Inc. Common Stock,$36.46,0.37,1.025%,556029,2789596456.00,United States,2021,Computer Software: Prepackaged Software,Technology
INTC,Intel Corporation Common Stock,$122.60,-1.26,-1.017%,85621371,647949522049.00,United States,,Semiconductors,Technology
INTG,Intergroup Corporation (The) Common Stock,$36.33,-0.89,-2.391%,33754,78066340.00,United States,,Building operators,Real Estate
INTJ,Intelligent Group Limited Class A Ordinary Shares ,$2.62,-0.13,-4.727%,3160,4028245.00,Hong Kong,2024,Professional Services,Consumer Discretionary
INTR,Inter & Co. Inc. Class A Common Shares,$5.24,-0.30,-5.415%,3780864,2312525514.00,Brazil,,Commercial Banks,Finance
INTS,Intensity Therapeutics Inc. Common stock,$4.10,0.09,2.244%,4121,13386004.00,United States,2023,Biotechnology: Biological Products (No Diagnostic Substances),Health Care
INTT,inTest Corporation Common Stock,$11.49,0.17,1.502%,192156,147368281.00,United States,1997,Electrical Products,Industrials
INTU,Intuit Inc. Common Stock,$286.80,-5.55,-1.898%,3425315,76643284800.00,United States,1993,Computer Software: Prepackaged Software,Technology
INTZ,Intrusion Inc. Common Stock,$0.76,0.009,1.198%,65817,18625284.00,United States,,Computer Communications Equipment,Telecommunications
INUV,Inuvo Inc.,$0.596,0.0247,4.323%,124636,9823915.00,United States,,Advertising,Consumer Discretionary
INV,Innventure Inc. Common Stock,$0.8296,-0.0505,-5.738%,6659742,70194660.00,United States,,Blank Checks,Finance
INVA,Innoviva Inc. Common Stock,$20.24,-0.74,-3.527%,4031170,1462248616.00,United States,2004,Biotechnology: Pharmaceutical Preparations,Health Care
INVE,INVE Technologies Inc. Common Stock,$2.40,-0.09,-3.614%,135744,58165807.00,United States,,Computer peripheral equipment,Technology
INVH,Invitation Homes Inc. Common Stock,$26.93,-0.21,-0.774%,5931826,15905483476.00,United States,2017,Real Estate,Finance
INVX,Innovex International Inc. Common Stock,$28.42,0.45,1.609%,321774,1987576203.00,United States,,Oil and Gas Field Machinery,Consumer Discretionary
INVZ,Innoviz Technologies Ltd. Ordinary shares,$0.4081,0.0581,16.60%,11277330,144752526.00,Israel,,Auto Parts:O.E.M.,Consumer Discretionary
IOND,Ionic Digital Inc. Class A Common Stock,$86.64,0.23,0.266%,557738,3898468602.00,United States,,Finance: Consumer Services,Finance
IONQ,IonQ Inc. Common Stock,$42.54,1.80,4.418%,72555827,16207838438.00,United States,2021,EDP Services,Technology
IONR,ioneer Ltd American Depositary Shares,$3.21,-0.04,-1.231%,96050,246739375.00,Australia,,Mining & Quarrying of Nonmetallic Minerals (No Fuels),Industrials
IONS,Ionis Pharmaceuticals Inc. Common Stock,$43.93,-1.82,-3.978%,3535790,7300477265.00,United States,,Biotechnology: Pharmaceutical Preparations,Health Care
IOR,Income Opportunity Realty Investors Inc. Common Stock,$18.23,0.12,0.663%,1308,74126425.00,United States,1987,Real Estate Investment Trusts,Real Estate
IOSP,Innospec Inc. Common Stock,$96.60,0.52,0.541%,262158,2379359140.00,United States,,Major Chemicals,Industrials
IOT,Samsara Inc. Class A Common Stock,$39.08,0.82,2.143%,3770614,22885451568.00,United States,2021,EDP Services,Technology
IOTR,iOThree Limited Ordinary Shares,$2.0788,0.1388,7.155%,3911,12606671.00,Singapore,2025,Telecommunications Equipment,Consumer Discretionary
IOVA,Iovance Biotherapeutics Inc. Common Stock,$10.19,-0.45,-4.229%,15917500,4615778892.00,United States,,Biotechnology: Biological Products (No Diagnostic Substances),Health Care
IP,International Paper Company Common Stock,$35.70,-0.01,-0.028%,3804146,18905645252.00,United States,,Paper,Basic Materials
IPAR,Interparfums Inc. Common Stock,$117.40,-0.89,-0.752%,195221,3759826689.00,United States,,Package Goods/Cosmetics,Consumer Discretionary
IPDN,Professional Diversity Network Inc. Common Stock,$5.42,1.52,38.974%,26234998,3608696.00,United States,2013,Computer Software: Programming Data Processing,Technology
IPEX,Inflection Point Acquisition Corp. V Class A Ordinary Shares,$9.30,-0.30,-3.125%,24765,,United States,2025,Biotechnology: Pharmaceutical Preparations,Health Care
IPEXU,Inflection Point Acquisition Corp. V Units,$10.00,-0.99,-9.008%,226,0.00,United States,2025,Blank Checks,Finance
IPFX,Inflection Point Acquisition Corp. VI Class A Ordinary Shares,$10.05,0.01,0.10%,10772,0.00,United States,2026,Blank Checks,Finance
IPFXU,Inflection Point Acquisition Corp. VI Units,$10.37,0.00,0.00%,32,0.00,United States,2026,Blank Checks,Finance
IPFXW,Inflection Point Acquisition Corp. VI Warrant,$0.918,-0.132,-12.571%,100,0.00,United States,2026,Blank Checks,Finance
IPGP,IPG Photonics Corporation Common Stock,$77.18,-1.02,-1.304%,495075,3282815720.00,United States,2006,Semiconductors,Technology
IPHA,Innate Pharma S.A. ADS,$1.76,-0.04,-2.222%,23678,196592611.00,France,2019,Biotechnology: Biological Products (No Diagnostic Substances),Health Care
IPHXU,Inflection Point Acquisition Corp. VIII Unit,$10.09,0.01,0.099%,150703,0.00,United States,2026,,
IPI,Intrepid Potash Inc Common Stock,$36.72,-0.49,-1.317%,89306,494129069.00,United States,2008,Mining & Quarrying of Nonmetallic Minerals (No Fuels),Industrials
IPM,Intelligent Protection Management Corp. Common Stock ,$1.8035,-0.0041,-0.227%,3917,16295937.00,United States,,Computer Software: Programming Data Processing,Technology
IPSC,Century Therapeutics Inc. Common Stock,$1.76,-0.13,-6.878%,508113,318692565.00,United States,2021,Biotechnology: Biological Products (No Diagnostic Substances),Health Care
IPST,IP Strategy Holdings Inc. Common Stock,$2.86,0.03,1.06%,161680,2063713.00,United States,2024,Beverages (Production/Distribution),Consumer Staples
IPVV,InterPrivate Investment Partners V Inc. Class A Ordinary Shares,$9.85,0.00,0.00%,619,0.00,United States,2026,Blank Checks,Finance
IPW,iPower Inc. Common Stock,$1.24,0.04,3.333%,139556,1444906.00,United States,2021,RETAIL: Building Materials,Consumer Discretionary
IPWR,Ideal Power Inc. Common Stock,$4.06,-0.20,-4.695%,273894,66724699.00,United States,2013,Semiconductors,Technology
IPX,IperionX Limited American Depositary Share,$19.77,-1.70,-7.918%,315549,670962306.00,United States,,Other Metals and Minerals,Basic Materials
IPXG,Inflection Point Acquisition Corp. VII Class A Ordinary Shares,$10.05,0.01,0.10%,140131,0.00,United States,2026,Blank Checks,Finance
IQ,iQIYI Inc. American Depositary Shares,$1.01,-0.02,-1.942%,5686785,974674982.00,China,2018,Consumer Electronics/Video Chains,Consumer Discretionary
IQI,Invesco Quality Municipal Income Trust Common Stock,$9.34,-0.39,-4.008%,462462,493934664.00,United States,,Finance Companies,Finance
IQMX,IQM Quantum Computers Oyj American Depositary Shares,$10.29,-0.42,-3.922%,493543,1949916083.00,Finland,,Computer Software: Prepackaged Software,Technology
IQMXW,IQM Quantum Computers Oyj Warrants to purchase American Depositary Shares,$1.74,-0.11,-5.946%,906004,329723419.00,Finland,,Computer Software: Prepackaged Software,Technology
IQST,iQSTEL Inc. Common Stock,$1.03,0.0305,3.052%,217275,11243335.00,United States,,Telecommunications Equipment,Telecommunications
IQV,IQVIA Holdings Inc. Common Stock,$267.86,-2.23,-0.826%,1116577,44089756000.00,United States,2013,Biotechnology: Commercial Physical & Biological Resarch,Health Care
IR,Ingersoll Rand Inc. Common Stock,$76.22,2.37,3.209%,8573145,29573316478.00,United States,2017,Industrial Machinery/Components,Industrials
IRAB,Iris Acquisition Corp II Class A Ordinary Shares,$10.00,0.00,0.00%,13811,0.00,,2026,,
IRD,Opus Genetics Inc. Common Stock,$4.83,-0.33,-6.395%,3055703,401835825.00,United States,,Biotechnology: Pharmaceutical Preparations,Health Care
IRDM,Iridium Communications Inc Common Stock,$48.30,-0.35,-0.719%,464476,5117886499.00,United States,,Telecommunications Equipment,Consumer Discretionary
IREN,IREN Limited Ordinary Shares,$47.05,-1.50,-3.09%,32400551,18540459388.00,Australia,2021,Finance: Consumer Services,Finance
IRHO,Iron Horse Acquisitions II Corp. Common Stock,$10.06,0.005,0.05%,228603,0.00,United States,2026,Blank Checks,Finance
IRIX,IRIDEX Corporation Common Stock,$0.634,-0.0015,-0.236%,17541,11136154.00,United States,1996,Biotechnology: Electromedical & Electrotherapeutic Apparatus,Health Care
IRM,Iron Mountain Incorporated (Delaware)Common Stock REIT,$115.09,-3.04,-2.573%,1828155,34262616633.00,United States,,Real Estate Investment Trusts,Real Estate
IRMD,iRadimed Corporation Common Stock,$86.35,-0.16,-0.185%,164118,1104156673.00,United States,2014,Medical/Dental Instruments,Health Care
IRON,Disc Medicine Inc. Common Stock,$66.09,-2.39,-3.49%,541853,2537383060.00,United States,,Biotechnology: Pharmaceutical Preparations,Health Care
IRS,IRSA Inversiones Y Representaciones S.A. Global Depositary Shares (Each representing ten shares of Common Stock),$15.11,-0.28,-1.819%,128395,1225114448.00,Argentina,,Homebuilding,Real Estate
IRT,Independence Realty Trust Inc. Common Stock,$14.58,-0.18,-1.22%,2292537,3437155787.00,United States,2013,Real Estate Investment Trusts,Real Estate
IRTC,iRhythm Holdings Inc. Common Stock,$111.75,1.22,1.104%,1226049,3683615585.00,United States,2016,Medical/Dental Instruments,Health Care
IRWD,Ironwood Pharmaceuticals Inc. Class A Common Stock,$4.27,-0.255,-5.635%,1657658,705574574.00,United States,2010,Biotechnology: Pharmaceutical Preparations,Health Care
ISBA,Isabella Bank Corporation Common stock,$37.26,-0.98,-2.563%,37345,284251808.00,United States,,Major Banks,Finance
ISD,PGIM High Yield Bond Fund Inc.,$11.61,-0.36,-3.008%,214088,0.00,United States,2012,Trusts Except Educational Religious and Charitable,Finance
ISNR,Snow Rothschild Acquisition Corp. Class A Ordinary Shares,$9.83,0.00,0.00%,8,0.00,United States,2026,Blank Checks,Finance
ISNRU,Snow Rothschild Acquisition Corp. Units,$9.9201,-0.0349,-0.351%,9317,0.00,United States,2026,Blank Checks,Finance
ISOU,IsoEnergy Ltd. Common Shares,$9.80,-0.39,-3.827%,124024,639365318.00,,2025,,
ISPC,iSpecimen Inc. Common Stock,$1.21,-0.04,-3.20%,93293,3047494.00,United States,2021,Biotechnology: Commercial Physical & Biological Resarch,Health Care
ISPR,Ispire Technology Inc. Common Stock,$1.325,0.08,6.426%,18419,76524674.00,United States,2023, Medicinal Chemicals and Botanical Products ,Health Care
ISRG,Intuitive Surgical Inc. Common Stock,$398.30,-3.79,-0.943%,1686521,140710642535.00,United States,2000,Industrial Specialties,Health Care
ISTR,Investar Holding Corporation Common Stock,$29.36,-0.53,-1.773%,84445,404493483.00,United States,2014,Major Banks,Finance
IT,Gartner Inc. Common Stock,$178.52,-0.23,-0.129%,977768,11273355196.00,United States,1993,Other Consumer Services,Consumer Discretionary
ITG,ITG Inc. Class A Common Stock,$10.22,-0.80,-7.26%,293048,1268886778.00,United States,2026,Water Sewer Pipeline Comm & Power Line Construction,Industrials
ITGR,Integer Holdings Corporation Common Stock,$126.32,-0.01,-0.008%,527969,4293875503.00,United States,,Biotechnology: Electromedical & Electrotherapeutic Apparatus,Health Care
ITHA,ITHAX Acquisition Corp III Class A Ordinary Shares,$10.07,0.01,0.099%,9611,0.00,United States,2026,,
ITIC,Investors Title Company Common Stock,$290.86,-2.00,-0.683%,70791,549142517.00,United States,,Specialty Insurers,Finance
ITOC,iTonic Holdings Ltd Class A Ordinary Shares,$0.3229,0.0024,0.749%,18681,37795445.00,China,2024,Biotechnology: Electromedical & Electrotherapeutic Apparatus,Health Care
ITP,IT Tech Packaging Inc. Common Stock,$0.1623,-0.0036,-2.17%,67744,2753488.00,China,,Containers/Packaging,Consumer Discretionary
ITRG,Integra Resources Corp. Common Shares,$2.79,-0.09,-3.125%,1272757,566015865.00,,,Precious Metals,Basic Materials
ITRI,Itron Inc. Common Stock,$91.32,-2.01,-2.154%,428236,3998606284.00,United States,1993,Electrical Products,Industrials
ITRN,Ituran Location and Control Ltd. Ordinary Shares,$52.39,-0.21,-0.399%,102196,1042224656.00,Israel,2005,Electronic Components,Technology
ITT,ITT Inc. Common Stock ,$211.94,3.31,1.587%,747066,18947436000.00,United States,2011,Fluid Controls,Industrials
ITUB,Itau Unibanco Banco Holding SA American Depositary Shares (Each repstg 500 Preferred shares),$8.18,-0.25,-2.966%,17557516,90196970655.00,Brazil,,Major Banks,Finance
ITW,Illinois Tool Works Inc. Common Stock,$273.42,2.95,1.091%,1676102,77870016000.00,United States,,Industrial Machinery/Components,Industrials
IVA,Inventiva S.A. American Depository Shares,$3.45,-0.20,-5.479%,2133051,815166697.00,France,2020,Biotechnology: Pharmaceutical Preparations,Health Care
IVDA,Iveda Solutions Inc. Common Stock,$0.31,-0.0008,-0.257%,245213,3880898.00,United States,,Computer Software: Prepackaged Software,Technology
IVF,INVO Fertility Inc. Common Stock,$1.02,0.0205,2.051%,147522,2557108.00,United States,,Medical/Dental Instruments,Health Care
IVR,INVESCO MORTGAGE CAPITAL INC Common Stock,$6.46,-0.16,-2.417%,2194599,695357094.00,United States,2009,Real Estate Investment Trusts,Real Estate
IVR^C,INVESCO MORTGAGE CAPITAL INC 7.5% Fixed-to-Floating Series C Cumulative Redeemable Preferred Stock Liquation Preference $25.00 per Share,$24.00,-0.02,-0.083%,12384,,United States,,,
IVT,InvenTrust Properties Corp. Common Stock,$30.34,-0.32,-1.044%,496241,2365865597.00,United States,2021,Real Estate Investment Trusts,Real Estate
IVVD,Invivyd Inc. Common Stock,$0.9231,-0.0409,-4.243%,6910209,272091798.00,United States,2021,Biotechnology: Biological Products (No Diagnostic Substances),Health Care
IVZ,Invesco Ltd Common Stock,$30.74,-0.11,-0.357%,4318991,13571703237.00,United States,,Investment Managers,Finance
IX,ORIX Corporation American Depositary Shares,$39.10,-0.43,-1.088%,473951,43952568998.00,Japan,,Diversified Financial Services,Finance
IXHL,Incannex Healthcare Inc. Common Stock,$3.445,0.05,1.473%,77251,41217889.00,Australia,,Biotechnology: Pharmaceutical Preparations,Health Care
IZEA,IZEA Worldwide Inc. Common Stock,$2.57,-0.05,-1.908%,25887,44759855.00,United States,,Advertising,Consumer Discretionary
IZM,ICZOOM Group Inc. Class A Ordinary Shares,$1.27,0.05,4.098%,84963,3052600.00,China,2023,Consumer Electronics/Video Chains,Consumer Discretionary
J,Jacobs Solutions Inc. Common Stock,$141.12,-2.00,-1.397%,913241,16516488784.00,United States,2022,Military/Government/Technical,Industrials
JACK,Jack In The Box Inc. Common Stock,$13.46,0.06,0.448%,406168,258153782.00,United States,,Restaurants,Consumer Discretionary
JACS,Jackson Acquisition Company II Class A Ordinary Shares,$10.78,0.01,0.093%,1454,0.00,,2025,,
JAGU,Jaguar Uranium Corp. Class A Common Shares,$1.55,-0.01,-0.641%,127866,31300354.00,Canada,2026,Metal Mining,Basic Materials
JAGX,Jaguar Health Inc. Common Stock,$8.91,-25.55,-74.144%,11665651,4634447.00,United States,2015,Biotechnology: Pharmaceutical Preparations,Health Care
JAKK,JAKKS Pacific Inc. Common Stock,$24.42,-0.39,-1.572%,31696,279487193.00,United States,1996,Recreational Games/Products/Toys,Consumer Discretionary
JAN,Janus Living Inc. Class A-1 Common Stock,$29.56,-0.21,-0.705%,1230012,9172195339.00,,2026,Real Estate Investment Trusts,Real Estate
JANX,Janux Therapeutics Inc. Common Stock,$16.52,-0.95,-5.438%,967552,1009979490.00,United States,2021,Biotechnology: Pharmaceutical Preparations,Health Care
JATT,JATT II Acquisition Corp Ordinary Shares,$11.34,-0.365,-3.118%,33174,0.00,United States,2026,Blank Checks,Finance
JAZZ,Jazz Pharmaceuticals plc Common Stock (Ireland),$234.88,-5.69,-2.365%,792340,15247135846.00,Ireland,2007,Biotechnology: Pharmaceutical Preparations,Health Care
JBDI,JBDI Holdings Limited Ordinary Shares,$1.11,-0.08,-6.723%,2580,10561131.00,Singapore,2024,,
JBGS,JBG SMITH Properties Common Shares ,$10.65,-0.36,-3.27%,1113747,794686471.00,United States,2017,Real Estate Investment Trusts,Real Estate
JBHT,J.B. Hunt Transport Services Inc. Common Stock,$234.63,-2.78,-1.171%,899023,22035262138.00,United States,,Trucking Freight/Courier Services,Industrials
JBI,Janus International Group Inc. Common Stock,$4.26,-0.21,-4.698%,2051648,581216465.00,United States,2021,Building Products,Industrials
JBIO,Jade Biosciences Inc. Common Stock,$14.71,-2.05,-12.232%,1464729,935517563.00,United States,2021,Biotechnology: Pharmaceutical Preparations,Health Care
JBK,Lehman ABS 3.50 3.50% Adjustable Corp Backed Tr Certs GS Cap I,$25.32,0.00,0.00%,144,0.00,United States,,Finance: Consumer Services,Finance
JBL,Jabil Inc. Common Stock,$308.75,-0.23,-0.074%,832079,32353013729.00,United States,1993,Electrical Products,Technology
JBLU,JetBlue Airways Corporation Common Stock,$4.39,-0.16,-3.516%,14152675,1656400475.00,United States,2002,Air Freight/Delivery Services,Consumer Discretionary
JBS,JBS N.V. Class A Common Shares,$11.51,-0.39,-3.277%,7035240,12326394942.00,,2025,Meat/Poultry/Fish,Consumer Staples
JBSS,John B. Sanfilippo & Son Inc. Common Stock,$67.69,-0.04,-0.059%,116583,791531729.00,United States,1991,Specialty Foods,Consumer Staples
JBTM,JBT Marel Corporation Common Stock,$113.28,-0.07,-0.062%,334974,5876605830.00,United States,,Industrial Machinery/Components,Industrials
JCAP,Jefferson Capital Inc. Common Stock,$19.08,-0.81,-4.072%,197053,1095679227.00,United States,2025,Finance Companies,Finance
JCE,Nuveen Core Equity Alpha Fund Common Shares of Beneficial Interest,$16.85,-0.10,-0.59%,35289,0.00,United States,2007,Trusts Except Educational Religious and Charitable,Finance
JCI,Johnson Controls International plc Ordinary Share,$145.90,-0.54,-0.369%,2904449,88377680473.00,Switzerland,,Industrial Machinery/Components,Industrials
JCSE,JE Cleantech Holdings Limited Class A Ordinary Shares,$1.445,0.035,2.482%,12261,7590180.00,Singapore,2022,Miscellaneous manufacturing industries,Consumer Discretionary
JCTC,Jewett-Cameron Trading Company Common Shares,$2.90,-0.03,-1.024%,10164,10208328.00,United States,,RETAIL: Building Materials,Consumer Discretionary
JD,JD.com Inc. American Depositary Shares,$27.16,-0.22,-0.804%,4729254,36503040000.00,China,2014,Other Specialty Stores,Consumer Discretionary
JDZG,JIADE LIMITED Class A Ordinary Shares,$4.14,0.16,4.02%,998637,22486340.00,China,2024,Other Consumer Services,Real Estate
JEF,Jefferies Financial Group Inc. Common Stock,$46.98,-0.41,-0.865%,1468666,9102031576.00,United States,,Investment Bankers/Brokers/Service,Finance
JELD,JELD-WEN Holding Inc. Common Stock,$1.80,-0.04,-2.174%,2506345,156174088.00,United States,2017,Forest Products,Basic Materials
JEM,707 Cayman Holdings Limited Ordinary Shares,$3.75,-0.125,-3.226%,14941,2516059.00,China,2025,Clothing/Shoe/Accessory Stores,Consumer Discretionary
JENA,Jena Acquisition Corporation II Class A Ordinary Shares,$10.39,-0.09,-0.859%,450033,0.00,,2025,Blank Checks,Finance
JF,J and Friends Holdings Limited American Depositary Shares,$0.9578,-0.0122,-1.258%,8684,17566200.00,China,2018,Computer Software: Programming Data Processing,Technology
JFIN,Jiayin Group Inc. American Depositary Shares,$1.55,-0.02,-1.274%,34020,81110796.00,China,2019,Finance: Consumer Services,Finance
JFR,Nuveen Floating Rate Income Fund Common Stock,$7.31,-0.12,-1.615%,1506621,0.00,United States,2004,Trusts Except Educational Religious and Charitable,Finance
JFU,9F Inc. American Depositary Shares,$2.76,0.195,7.602%,981,32494399.00,China,2019,Finance: Consumer Services,Finance
JG,Aurora Mobile Limited American Depositary Shares,$6.35,-0.11,-1.703%,4611,37856052.00,China,2018,Computer Software: Programming Data Processing,Technology
JGH,Nuveen Global High Income Fund Common Shares of Beneficial Interest,$11.75,-0.14,-1.177%,106764,0.00,United States,2014,Investment Managers,Finance
JHI,John Hancock Investors Trust Common Stock,$12.30,-0.11,-0.886%,27041,107557928.00,United States,,Trusts Except Educational Religious and Charitable,Finance
JHS,John Hancock Income Securities Trust Common Stock,$10.415,-0.105,-0.998%,9359,121299183.00,United States,,Finance Companies,Finance
JHX,James Hardie Industries plc. Ordinary Shares,$26.85,-0.49,-1.792%,10560229,15587028803.00,Ireland,2025,Building Materials,Industrials
JILL,J. Jill Inc. Common Stock,$24.15,-0.40,-1.629%,166146,358940895.00,United States,2017,Apparel,Consumer Discretionary
JJSF,J & J Snack Foods Corp. Common Stock,$77.93,-0.79,-1.004%,162649,1455857711.00,United States,1986,Specialty Foods,Consumer Staples
JKHY,Jack Henry & Associates Inc. Common Stock,$148.33,-0.77,-0.516%,860174,10399803145.00,United States,1985,EDP Services,Technology
JKS,JinkoSolar Holding Company Limited American Depositary Shares (each representing 4 Common Shares),$9.91,-0.57,-5.439%,742529,518988563.00,China,2010,Semiconductors,Technology
JL,J-Long Group Limited Class A Ordinary Shares,$4.68,0.11,2.407%,9565,16685141.00,Hong Kong,2024,Clothing/Shoe/Accessory Stores,Consumer Discretionary
JLHL,Julong Holding Limited Class A Ordinary Shares,$5.63,0.06,1.077%,94531,120755798.00,China,2025,Military/Government/Technical,Consumer Discretionary
JLL,Jones Lang LaSalle Incorporated Common Stock,$324.06,-11.30,-3.37%,403537,14850607531.00,United States,,Real Estate,Finance
JLS,Nuveen Mortgage and Income Fund,$16.30,-0.08,-0.488%,59709,0.00,United States,2009,Investment Managers,Finance
JMIA,Jumia Technologies AG American Depositary Shares each representing two Ordinary Shares,$6.94,-0.08,-1.14%,1126987,927363337.00,,2019,Catalog/Specialty Distribution,Consumer Discretionary
JMKE,Jersey Mike's Subs Inc. Class A Common Stock,$18.20,-0.22,-1.194%,3704964,5781027980.00,,2026,Restaurants,Consumer Discretionary
JMM,Nuveen Multi-Market Income Fund (MA),$5.58,-0.03,-0.535%,7375,0.00,United States,,Trusts Except Educational Religious and Charitable,Finance
JMSB,John Marshall Bancorp Inc. Common Stock,$22.79,-0.47,-2.021%,58798,321615534.00,United States,,Major Banks,Finance
JNJ,Johnson & Johnson Common Stock,$269.17,-0.02,-0.007%,6637074,648672405354.00,United States,,Biotechnology: Pharmaceutical Preparations,Health Care
JOB,GEE Group Inc. Common Stock,$0.2352,0.0002,0.085%,155948,25841585.00,United States,1968,Diversified Commercial Services,Consumer Discretionary
JOBY,Joby Aviation Inc. Common Stock,$6.25,-0.19,-2.95%,18210056,6211715281.00,United States,2020,Aerospace,Industrials
JOE,St. Joe Company (The) Common Stock,$65.85,-0.36,-0.544%,309174,3748870198.00,United States,,Homebuilding,Real Estate
JOF,Japan Smaller Capitalization Fund Inc Common Stock,$12.36,-0.20,-1.592%,25561,0.00,United States,1990,Trusts Except Educational Religious and Charitable,Finance
JONE,Jones Ventures INTL Acquisition1 Corp Class A Ordinary Shares,$9.85,0.00,0.00%,42,0.00,United States,2026,Blank Checks,Finance
JONER,Jones Ventures INTL Acquisition1 Corp Rights,$0.13,-0.02,-13.333%,146680,0.00,United States,2026,Blank Checks,Finance
JOUT,Johnson Outdoors Inc. Class A Common Stock,$44.03,-0.92,-2.047%,23167,461419870.00,United States,,Recreational Games/Products/Toys,Consumer Discretionary
JOYY,JOYY Inc. American Depositary Shares,$80.38,-0.67,-0.827%,907221,4157413717.00,Singapore,2012,EDP Services,Technology
JPC,Nuveen Preferred & Income Opportunities Fund,$6.84,-0.13,-1.865%,1999572,0.00,United States,2003,Investment Managers,Finance
JPM,JP Morgan Chase & Co. Common Stock,$337.53,-2.47,-0.726%,7078397,897217586398.00,United States,,Major Banks,Finance
JPM^C,J P Morgan Chase & Co Depositary Shares each representing a 1/400th interest in a share of 6.00% Non-Cumulative  Preferred Stock Series EE,$23.31,-0.43,-1.811%,328490,,United States,,,
JPM^D,J P Morgan Chase & Co Depositary Shares each representing a 1/400th  interest in a share of 5.75% Non-Cumulative  Preferred Stock Series DD,$22.17,-0.48,-2.119%,371070,,United States,,,
JPM^J,J P Morgan Chase & Co Depositary Shares each representing a 1/400th interest in a share of JPMorgan Chase & Co. 4.75% Non-Cumulative Preferred Stock Series GG,$17.93,-0.21,-1.158%,202379,,United States,,,
JPM^K,J P Morgan Chase & Co Depositary Shares each representing a 1/400th interest in a share of 4.55% Non-Cumulative Preferred Stock Series JJ,$17.22,-0.12,-0.692%,376481,,United States,,,
JPM^L,J P Morgan Chase & Co Depositary Shares each representing a 1/400th interest in a share of 4.625% Non-Cumulative Preferred Stock Series LL,$17.50,-0.08,-0.455%,377342,,United States,,,
JPM^M,J P Morgan Chase & Co Depositary Shares each representing a 1/400th interest in a share of 4.20% Non-Cumulative Preferred Stock Series MM,$16.24,-0.23,-1.396%,536878,,United States,,,
JQC,Nuveen Credit Strategies Income Fund Shares of Beneficial Interest,$4.62,-0.07,-1.493%,924840,0.00,United States,2003,Finance Companies,Finance
JRI,Nuveen Real Asset Income and Growth Fund Common Shares of Beneficial Interest,$11.25,-0.235,-2.046%,251180,0.00,United States,2012,Finance Companies,Finance
JRS,Nuveen Real Estate Income Fund Common Shares of Beneficial Interest,$7.56,-0.12,-1.563%,83013,0.00,United States,2001,Finance/Investors Services,Finance
JRSH,Jerash Holdings (US) Inc. Common Stock,$5.76,0.02,0.348%,87363,73151654.00,United States,2018,Apparel,Consumer Discretionary
JRVR,James River Group Holdings Inc. Common Stock,$3.59,-0.15,-4.011%,328415,166034046.00,Bermuda,2014,Property-Casualty Insurers,Finance
JSM,Navient Corporation 6% Senior Notes due December 15 2043,$17.495,-0.115,-0.653%,20967,1739546010.00,United States,,Investment Bankers/Brokers/Service,Finance
JSPR,Jasper Therapeutics Inc. Common Stock,$0.5668,-0.0561,-9.006%,428940,18860021.00,United States,2020,Biotechnology: Biological Products (No Diagnostic Substances),Health Care
JSPRW,Japer Therapeutics Inc. Warrants,$0.0013,-0.0017,-56.667%,533506,43257.00,United States,2020,Biotechnology: Biological Products (No Diagnostic Substances),Health Care
JTAI,Jet.AI Inc. Common Stock,$1.62,-0.18,-10.00%,225375,5763184.00,United States,2021,Transportation Services,Consumer Discretionary
JTTT,JATT III Acquisition Corp Ordinary Shares,$11.01,0.02,0.182%,9318,0.00,United States,2026,Blank Checks,Finance
JUNS,Jupiter Neurosciences Inc. Common Stock,$2.97,-0.01,-0.336%,37541,3916007.00,United States,2024,Biotechnology: Pharmaceutical Preparations,Health Care
JVA,Coffee Holding Co. Inc. Common Stock,$4.04,-0.10,-2.415%,75161,23062740.00,United States,2005,Packaged Foods,Consumer Staples
JWEL,Jowell Global Ltd. Ordinary Shares,$2.34,-0.01,-0.426%,8746,5560147.00,China,2021,Other Consumer Services,Consumer Discretionary
JXG,JX Luxventure Group Inc. Common Stock,$7.50,0.87,13.122%,15702,90449078.00,China,2013,Office Equipment/Supplies/Services,Industrials
JXN,Jackson Financial Inc. Class A Common Stock ,$129.73,0.16,0.123%,614645,8786449959.00,United States,2021,Life Insurance,Finance
JXN^A,Jackson Financial Inc. Depositary Shares each representing a 1/1000th interest in a share of Fixed-Rate Reset Noncumulative Perpetual Preferred Stock Series A,$25.55,0.09,0.353%,25803,,United States,,,
JYD,Jayud Global Logistics Limited Class A Ordinary Shares,$1.03,0.00,0.00%,25924,8547867.00,China,2023,Integrated Freight & Logistics,Industrials
JYNT,The Joint Corp. Common Stock,$8.34,-0.04,-0.477%,61505,117953904.00,United States,2014,Multi-Sector Companies,Miscellaneous
JZ,Jianzhi Education Technology Group Company Limited American Depositary Shs,$0.4936,-0.0564,-10.255%,509712,1188743.00,China,2022,Other Consumer Services,Real Estate
JZXN,Jiuzi Holdings Inc. Ordinary Shares,$1.10,-0.03,-2.655%,64777,56664035.00,China,2021,Retail-Auto Dealers and Gas Stations,Consumer Discretionary
KAI,Kadant Inc Common Stock,$278.35,6.24,2.293%,187869,3287067717.00,United States,1992,Industrial Machinery/Components,Industrials
KALA,KALA BIO Inc. Common Stock,$0.56,-0.039,-6.511%,83184,10830280.00,United States,2017,Biotechnology: Pharmaceutical Preparations,Health Care
KALU,Kaiser Aluminum Corporation Common Stock,$156.26,2.41,1.566%,218049,2554709116.00,United States,,Metal Fabrications,Industrials
KAPA,Kairos Pharma Ltd. Common Stock,$1.73,-0.05,-2.809%,63398,5856713.00,,2024,Biotechnology: Pharmaceutical Preparations,Health Care
KARD,Kardigan Inc. Common Stock,$14.52,-1.92,-11.679%,654285,1357673709.00,United States,2026,Biotechnology: Pharmaceutical Preparations,Health Care
KARO,Karooooo Ltd. Ordinary Shares,$64.21,0.62,0.975%,179976,1983658793.00,Singapore,2021,Computer Software: Prepackaged Software,Technology
KAZR,Skyline Builders Group Holding Limited Class A Ordinary Shares,$2.71,0.06,2.264%,310896,48623075.00,Hong Kong,2025,Engineering & Construction,Consumer Discretionary
KB,KB Financial Group Inc,$125.39,-3.83,-2.964%,115458,44963314462.00,South Korea,,Commercial Banks,Finance
KBDC,Kayne Anderson BDC Inc. Common Stock,$13.08,-0.06,-0.457%,352530,863774555.00,United States,2024,,
KBH,KB Home Common Stock,$47.15,-1.44,-2.964%,4278542,2890753675.00,United States,1986,Homebuilding,Consumer Discretionary
KBON,Karbon Capital Partners Corp. Class A Ordinary Shares,$10.075,0.00,0.00%,140701,0.00,United States,2026,Blank Checks,Finance
KBR,KBR Inc. Common Stock,$35.34,0.33,0.943%,1375794,4455234462.00,United States,2006,Military/Government/Technical,Industrials
KBSX,FST Corp. Ordinary Shares,$1.375,0.145,11.789%,17377,61553254.00,Taiwan,,Recreational Games/Products/Toys,Consumer Discretionary
KC,Kingsoft Cloud Holdings Limited American Depositary Shares,$9.68,-0.44,-4.348%,979027,2897898348.00,China,2020,Computer Software: Prepackaged Software,Technology
KCHV,Kochav Defense Acquisition Corp. Class A Ordinary Shares,$10.45,0.0051,0.049%,4224,0.00,United States,2025,,
KCHVR,Kochav Defense Acquisition Corp. Right,$0.1005,-0.0045,-4.286%,5816,0.00,United States,2025,Blank Checks,Finance
KD,Kyndryl Holdings Inc. Common Stock,$12.11,0.05,0.415%,2796998,2637779165.00,United States,2021,EDP Services,Technology
KDK,Kodiak AI Inc. Common Stock ,$2.97,-0.23,-7.188%,1994740,595835965.00,United States,,EDP Services,Technology
KDKRW,Kodiak AI Inc. Warrants,$0.44,-0.045,-9.278%,13200,88271995.00,United States,,EDP Services,Technology
KDP,Keurig Dr Pepper Inc. Common Stock,$31.76,0.25,0.793%,9513348,43219834967.00,United States,,Beverages (Production/Distribution),Consumer Staples
KE,Kimball Electronics Inc. Common Stock,$27.12,0.46,1.725%,216334,650662904.00,United States,,Electrical Products,Technology
KEEL,Keel Infrastructure Corp. Common Stock,$4.01,-0.14,-3.373%,23764580,2476468580.00,Canada,,Finance: Consumer Services,Finance
KELYA,Kelly Services Inc. Class A Common Stock,$16.45,-0.21,-1.261%,192756,571340462.00,United States,,Professional Services,Consumer Discretionary
KELYB,Kelly Services Inc. Class B Common Stock,$22.31,0.00,0.00%,915,774869648.00,United States,,Professional Services,Consumer Discretionary
KEN,Kenon Holdings Ltd. Ordinary Shares,$65.60,-0.28,-0.425%,8184,3418310843.00,Singapore,2015,Electric Utilities: Central,Utilities
KEP,Korea Electric Power Corporation Common Stock,$10.89,-0.41,-3.628%,816518,13981977597.00,South Korea,1994,Electric Utilities: Central,Utilities
KEQU,Kewaunee Scientific Corporation Common Stock,$34.03,-0.07,-0.205%,15345,98528658.00,United States,,Medical Specialities,Industrials
KEX,Kirby Corporation Common Stock,$130.04,-2.43,-1.834%,758839,6866112000.00,United States,,Marine Transportation,Consumer Discretionary
KEY,KeyCorp Common Stock,$20.24,-0.24,-1.172%,13839254,21598681933.00,United States,,Major Banks,Finance
KEY^I,KeyCorp Depositary Shares Each Representing a 1/40th Ownership Interest in a Share of Fixed-to-Floating Rate Perpetual Non-Cumulative Preferred Stock Series E,$24.96,-0.05,-0.20%,139057,,United States,,,
KEY^J,KeyCorp Depositary Shares each representing a 1/40th ownership interest in a share of Fixed Rate Perpetual Non-Cumulative Preferred Stock Series F,$20.12,0.10,0.50%,70859,,United States,,,
KEY^K,KeyCorp Depositary Shares each representing a 1/40th ownership interest in a share of Fixed Rate Perpetual Non-Cumulative Preferred Stock Series G,$19.985,0.055,0.276%,45219,,United States,,,
KEY^L,KeyCorp Depositary Shares each representing a 1/40th ownership interest in a share of Fixed Rate Perpetual Non-Cumulative Preferred Stock Series H,$24.90,0.00,0.00%,35908,,United States,,,
KEYS,Keysight Technologies Inc. Common Stock,$353.36,6.04,1.739%,1422137,60157683093.00,United States,2014,Industrial Machinery/Components,Industrials
KEYY,Keystone Acquisition Corp. Class A Ordinary Shares,$9.91,0.00,0.00%,57010,0.00,United States,2026,Blank Checks,Finance
KEYYW,Keystone Acquisition Corp. Warrants,$0.40,0.00,0.00%,324,0.00,United States,2026,Blank Checks,Finance
KF,Korea Fund Inc. (The) New Common Stock,$66.28,-2.14,-3.128%,25206,0.00,United States,,Investment Managers,Finance
KFFB,Kentucky First Federal Bancorp Common Stock,$5.5731,0.00,0.00%,146,45068071.00,United States,2005,Savings Institutions,Finance
KFII,K&F Growth Acquisition Corp. II Class A Ordinary shares,$10.67,0.00,0.00%,73368,0.00,United States,2025,Blank Checks,Finance
KFIIR,K&F Growth Acquisition Corp. II Rights,$0.1098,0.0199,22.136%,162781,0.00,United States,2025,,
KFRC,Kforce Inc. Common Stock,$52.07,0.08,0.154%,185687,932521630.00,United States,1995,Professional Services,Consumer Discretionary
KFY,Korn Ferry Common Stock,$73.96,-1.90,-2.505%,562018,4035172620.00,United States,1999,Diversified Commercial Services,Consumer Discretionary
KG,Kestrel Group Ltd.,$5.175,-0.205,-3.81%,1140,40489355.00,Bermuda,2008,Property-Casualty Insurers,Finance
KGC,Kinross Gold Corporation Common Stock,$27.62,-1.08,-3.763%,7256463,32981042000.00,Canada,2001,Precious Metals,Basic Materials
KGEI,Kolibri Global Energy Inc. Common stock,$6.47,-0.115,-1.746%,197217,232606173.00,United States,,Oil & Gas Production,Energy
KGS,Kodiak Gas Services Inc. Common Stock,$53.30,-1.39,-2.542%,2709190,5388844852.00,United States,2023,Natural Gas Distribution,Utilities
KHC,The Kraft Heinz Company Common Stock,$23.79,-0.21,-0.875%,14845583,28210747203.00,United States,,Packaged Foods,Consumer Staples
KIDS,OrthoPediatrics Corp. Common Stock,$22.33,-0.43,-1.889%,99043,583031566.00,United States,2017,Medical/Dental Instruments,Health Care
KIDZ,KIDZ AI Inc. Class B Common Stock,$2.815,-0.16,-5.378%,9835960,2422806.00,United States,,Other Consumer Services,Real Estate
KIDZW,KIDZ AI Inc. Warrants,$0.0087,-0.0012,-12.121%,3220,7488.00,United States,,Other Consumer Services,Real Estate
KIM,Kimco Realty Corporation (HC) Common Stock,$22.21,-0.34,-1.508%,6294843,14898231974.00,United States,,Real Estate Investment Trusts,Real Estate
KIM^L,Kimco Realty Corporation Class L Depositary Shares each of which represents a one-one thousandth fractional interest in a share of 5.125% Class L Cumulative Redeemable Preferred Stock liquidation preference $25000.00 per share,$20.09,-0.12,-0.594%,52582,,United States,,,
KIM^M,Kimco Realty Corporation Class M Depositary Shares each of which represents a one-one thousandth fractional interest in a share of 5.25% Class M Cumulative Redeemable Preferred Stock liquidation preference $25000.00 per share,$20.31,0.08,0.395%,64675,,United States,,,
KIM^N,Kimco Realty Corporation Depositary Shares each representing 1/1000th interest in a share of 7.25% Class N Cumulative Convertible Perpetual Preferred Stock,$61.085,0.00,0.00%,11,,United States,,,
KINS,Kingstone Companies Inc. Common Stock,$18.57,-0.46,-2.417%,97075,268821790.00,United States,,Property-Casualty Insurers,Finance
KIO,KKR Income Opportunities Fund Common Shares,$10.44,-0.16,-1.509%,259550,0.00,United States,2013,Investment Managers,Finance
KITT,Nauticus Robotics Inc. Common stock,$0.5236,-0.1023,-16.344%,1173598,3912318.00,United States,2021,Industrial Machinery/Components,Industrials
KITTW,Nauticus Robotics Inc. Warrant,$0.0128,0.0005,4.065%,45486,95641.00,United States,2021,Industrial Machinery/Components,Industrials
KKR,KKR & Co. Inc. Common Stock,$97.21,-1.23,-1.249%,4130345,87259156773.00,United States,,Investment Managers,Finance
KKR^D,KKR & Co. Inc. 6.25% Series D Mandatory Convertible Preferred Stock,$43.20,-0.52,-1.189%,66264,,United States,,,
KKRS,KKR Group Finance Co. IX LLC 4.625% Subordinated Notes due 2061,$15.67,0.14,0.901%,51381,14065949868.00,United States,2021,Investment Managers,Finance
KKRT,KKR & Co. Inc. 6.875% Subordinated Notes due 2065,$23.01,0.00,0.00%,48691,0.00,United States,2025,Investment Managers,Finance
KLAC,KLA Corporation Common Stock,$187.86,-0.46,-0.244%,8856692,245158519587.00,United States,1980,Electronic Components,Technology
KLAR,Klarna Group plc Ordinary Shares,$12.94,-0.73,-5.34%,7578802,9131039817.00,,2025,Finance: Consumer Services,Finance
KLC,KinderCare Learning Companies Inc. Common Stock,$2.20,-0.12,-5.172%,960090,260737473.00,United States,2024,Other Consumer Services,Consumer Discretionary
KLIC,Kulicke and Soffa Industries Inc. Common Stock,$90.85,1.31,1.463%,780039,4754100098.00,Singapore,,Semiconductors,Technology
KLRA,Kailera Therapeutics Inc. Common Stock,$13.13,0.34,2.658%,1631774,1702221466.00,United States,2026,Biotechnology: Pharmaceutical Preparations,Health Care
KLRS,Kalaris Therapeutics Inc. Common Stock,$3.12,-0.12,-3.704%,24133,74271541.00,United States,2020,Biotechnology: Biological Products (No Diagnostic Substances),Health Care
KLTR,Kaltura Inc. Common Stock,$1.33,-0.03,-2.206%,145024,202893127.00,United States,2021,Computer Software: Prepackaged Software,Technology
KLXE,KLX Energy Services Holdings Inc. Common Stock,$1.47,-0.03,-2.00%,414541,31271397.00,United States,,Oilfield Services/Equipment,Energy
KLXER,KLX Energy Services Holdings Inc.  Rights ,$0.0016,-0.0006,-27.273%,682964,34286.00,United States,,Oilfield Services/Equipment,Energy
KMB,Kimberly-Clark Corporation Common Stock,$97.70,-1.21,-1.223%,3219099,32492972013.00,United States,,Containers/Packaging,Consumer Discretionary
KMDA,Kamada Ltd. Ordinary Shares,$8.77,-0.10,-1.127%,138728,506119375.00,Israel,2013,Biotechnology: Pharmaceutical Preparations,Health Care
KMI,Kinder Morgan Inc. Common Stock,$31.37,0.10,0.32%,11043949,69854781532.00,United States,2011,Natural Gas Distribution,Utilities
KMPB,Kemper Corporation 5.875% Fixed-Rate Reset Junior Subordinated Debentures due 2062,$24.79,-0.01,-0.04%,21341,1460704988.00,United States,2022,Property-Casualty Insurers,Finance
KMPR,Kemper Corporation,$25.85,-0.35,-1.336%,693853,1523163531.00,United States,,Property-Casualty Insurers,Finance
KMRK,K-Tech Solutions Company Limited Class A Ordinary Shares,$0.952,-0.0609,-6.012%,5480,20087200.00,Hong Kong,2025,Recreational Games/Products/Toys,Consumer Discretionary
KMT,Kennametal Inc. Common Stock,$29.94,0.34,1.149%,860088,2287117528.00,United States,,Industrial Machinery/Components,Industrials
KMTS,Kestra Medical Technologies Ltd. Common Stock,$25.51,-0.58,-2.223%,222748,1519421390.00,United States,2025,Medical/Dental Instruments,Health Care
KMX,CarMax Inc,$57.46,0.62,1.091%,5340649,8154211576.00,United States,,Retail-Auto Dealers and Gas Stations,Consumer Discretionary
KN,Knowles Corporation Common Stock,$36.73,-0.18,-0.488%,532492,3137121274.00,United States,2014,Consumer Electronics/Appliances,Consumer Staples
KNDI,Kandi Technologies Group Inc. Ordinary Shares,$0.553,-0.008,-1.426%,67503,55529697.00,China,,Auto Manufacturing,Industrials
KNF,Knife Riv Holding Co. Common Stock,$51.43,-4.39,-7.865%,1928860,2919342691.00,United States,2023,Mining & Quarrying of Nonmetallic Minerals (No Fuels),Industrials
KNOP,KNOT Offshore Partners LP Common Units representing Limited Partner Interests,$10.79,-0.15,-1.371%,18447,363195090.00,United Kingdom,2013,Marine Transportation,Consumer Discretionary
KNRX,KNOREX LTD. Class A Ordinary Shares,$0.3198,0.0178,5.894%,22324,9729312.00,,2025,Computer Software: Programming Data Processing,Technology
KNSA,Kiniksa Pharmaceuticals International plc Class A Ordinary Shares,$76.08,-1.92,-2.462%,408497,5936066909.00,United States,2018,Biotechnology: Pharmaceutical Preparations,Health Care
KNSL,Kinsale Capital Group Inc. Common Stock,$339.38,-12.45,-3.539%,179693,7730541877.00,United States,,Property-Casualty Insurers,Finance
KNTK,Kinetik Holdings Inc. Class A Common Stock,$52.92,0.53,1.012%,1222497,8593103507.00,United States,2022,Natural Gas Distribution,Utilities
KNX,Knight-Swift Transportation Holdings Inc.,$67.17,0.08,0.119%,3671235,10932320520.00,United States,2017,Trucking Freight/Courier Services,Industrials
KO,Coca-Cola Company (The) Common Stock,$88.09,-0.52,-0.587%,13016475,379011562816.00,United States,,Beverages (Production/Distribution),Consumer Staples
KOD,Kodiak Sciences Inc Common Stock,$31.52,-2.28,-6.746%,1053216,1981014885.00,United States,2018,Biotechnology: Biological Products (No Diagnostic Substances),Health Care
KODK,Eastman Kodak Company Common New,$9.66,-0.01,-0.103%,711340,945714000.00,United States,,Industrial Machinery/Components,Consumer Discretionary
KOF,Coca Cola Femsa S.A.B. de C.V.  American Depositary Shares each representing 10 Units (each Unit consists of 3 Series B Shares and 5 Series L Shares),$110.57,-1.32,-1.18%,113142,5807225630.00,Mexico,1993,Beverages (Production/Distribution),Consumer Staples
KOP,Koppers Holdings Inc. Common Stock,$46.26,0.16,0.347%,126600,874849136.00,United States,2006,Forest Products,Basic Materials
KOPN,Kopin Corporation Common Stock,$4.87,-0.07,-1.417%,2571555,905199630.00,United States,1992,Semiconductors,Technology
KOS,Kosmos Energy Ltd. Common Shares (DE),$2.65,0.08,3.113%,16468484,1578042275.00,Bermuda,2011,Oil & Gas Production,Energy
KOSS,Koss Corporation Common Stock,$3.95,0.45,12.857%,477936,37392430.00,United States,,Consumer Electronics/Appliances,Consumer Staples
KOYN,CSLM Digital Asset Acquisition Corp III Class A Ordinary Shares,$10.23,0.005,0.049%,5663,0.00,United States,2025,,
KOYNU,CSLM Digital Asset Acquisition Corp III Units,$10.31,0.00,0.00%,1,0.00,United States,2025,,
KPET,KPET Ultra Paceline Corporation Class A Ordinary Shares,$9.99,0.00,0.00%,7,0.00,,2026,,
KPLT,Katapult Holdings Inc. Common Stock,$7.10,-1.23,-14.766%,183715,602428291.00,United States,2019,Diversified Commercial Services,Consumer Discretionary
KPRX,Kiora Pharmaceuticals Inc.  Common Stock,$2.62,-0.09,-3.321%,10135,11591894.00,United States,,Biotechnology: Pharmaceutical Preparations,Health Care
KPTI,Karyopharm Therapeutics Inc. Common Stock,$1.75,-0.07,-3.846%,957527,39692555.00,United States,2013,Biotechnology: Pharmaceutical Preparations,Health Care
KR,Kroger Company (The) Common Stock,$57.64,-0.92,-1.571%,6813088,34041532668.00,United States,,Food Chains,Consumer Staples
KRAQ,KRAKacquisition Corp Class A Ordinary Shares,$10.01,0.00,0.00%,19198,0.00,United States,2026,,
KRAQU,KRAKacquisition Corp Unit,$10.12,-0.0001,-0.001%,1375,0.00,United States,2026,,
KRAQW,KRAKacquisition Corp Warrants,$0.41,-0.0001,-0.024%,956,0.00,United States,2026,,
KRC,Kilroy Realty Corporation Common Stock,$34.04,-0.70,-2.015%,1216279,3959157952.00,United States,1997,Real Estate Investment Trusts,Real Estate
KREF,KKR Real Estate Finance Trust Inc. Common Stock,$6.06,-0.56,-8.459%,1096443,354982365.00,United States,2017,Real Estate Investment Trusts,Real Estate
KREF^A,KKR Real Estate Finance Trust Inc. 6.50% Series A Cumulative Redeemable Preferred Stock,$18.00,-0.35,-1.907%,40180,,United States,,,
KRG,Kite Realty Group Trust Common Stock,$24.69,-0.40,-1.594%,1818860,4946565776.00,United States,2004,Real Estate Investment Trusts,Real Estate
KRKR,36Kr Holdings Inc. American Depositary Shares,$3.10,-0.07,-2.208%,974,6118811.00,China,2019,Business Services,Consumer Discretionary
KRMD,KORU Medical Systems Inc. Common Stock (DE),$3.27,-0.04,-1.208%,465630,150982120.00,United States,,Medical/Dental Instruments,Health Care
KRMN,Karman Holdings Inc. Common Stock,$33.05,-0.45,-1.343%,3984762,4380239049.00,United States,2025,Military/Government/Technical,Industrials
KRNT,Kornit Digital Ltd. Ordinary Shares,$15.17,-0.175,-1.14%,277640,651802321.00,Israel,2015,Industrial Machinery/Components,Industrials
KRNY,Kearny Financial Corp Common Stock,$9.34,-0.21,-2.199%,394078,606440428.00,United States,2005,Savings Institutions,Finance
KRO,Kronos Worldwide Inc Common Stock,$8.43,-0.15,-1.748%,270040,970272060.00,United States,,Major Chemicals,Basic Materials
KROS,Keros Therapeutics Inc. Common Stock,$11.63,-0.10,-0.853%,157545,230590196.00,United States,2020,Biotechnology: Pharmaceutical Preparations,Health Care
KRP,Kimbell Royalty Partners Common Units Representing Limited Partner Interests,$14.41,0.12,0.84%,1299898,1652878732.00,United States,2017,Oil & Gas Production,Energy
KRRO,Korro Bio Inc. Common Stock,$9.83,-0.51,-4.932%,224734,144753100.00,United States,2019,Biotechnology: Pharmaceutical Preparations,Health Care
KRSA,Korsana Biosciences Inc. Common Stock,$32.30,-2.68,-7.662%,66341,21601077.00,United States,,Biotechnology: Pharmaceutical Preparations,Health Care
KRSP,Rice Acquisition Corporation 3 Class A Ordinary Shares,$10.59,0.06,0.57%,443,0.00,,2025,,
KRT,Karat Packaging Inc. Common Stock,$53.05,0.85,1.628%,247153,1057377799.00,United States,2021,Plastic Products,Industrials
KRUS,Kura Sushi USA Inc. Class A Common Stock,$37.20,-0.15,-0.402%,184360,451973899.00,United States,2019,Restaurants,Consumer Discretionary
KRYS,Krystal Biotech Inc. Common Stock,$341.75,-9.13,-2.602%,216084,10115402203.00,United States,2017,Biotechnology: Biological Products (No Diagnostic Substances),Health Care
KSCP,Knightscope Inc. Class A Common Stock,$0.9781,-0.1169,-10.676%,2104979,23101115.00,United States,2022,Telecommunications Equipment,Telecommunications
KSPI,Joint Stock Company Kaspi.kz American Depository Shares,$93.86,-2.59,-2.685%,548849,17770839025.00,Kazakhstan,2024,,
KSS,Kohl's Corporation Common Stock,$17.04,-1.23,-6.732%,3975033,1931934623.00,United States,1992,Department/Specialty Retail Stores,Consumer Discretionary
KT,KT Corporation Common Stock,$19.45,-0.05,-0.256%,1330692,9378597951.00,South Korea,,Telecommunications Equipment,Telecommunications
KTB,Kontoor Brands Inc. Common Stock ,$65.69,-2.13,-3.141%,382859,3590196298.00,United States,2019,Garments and Clothing,Industrials
KTCC,Key Tronic Corporation Common Stock,$2.24,-0.09,-3.863%,26778,24324763.00,United States,1983,Electrical Products,Technology
KTF,DWS Municipal Income Trust,$8.30,-0.14,-1.659%,828761,327857785.00,United States,1988,Finance Companies,Finance
KTH,Structures Products Cp 8% CorTS Issued by Peco Energy Cap Tr II Preferred Stock,$28.6486,0.00,0.00%,126,0.00,United States,,Finance: Consumer Services,Finance
KTN,Structured Products Corp 8.205% CorTS 8.205% Corporate Backed Trust Securities (CorTS),$25.6372,0.0001,0.00%,115,0.00,United States,,Finance: Consumer Services,Finance
KTOS,Kratos Defense & Security Solutions Inc. Common Stock,$46.16,-0.81,-1.725%,3044280,8665216454.00,United States,,Military/Government/Technical,Industrials
KTTA,Pasithea Therapeutics Corp. Common Stock,$0.5127,-0.0014,-0.272%,114008,17131587.00,United States,2021,Biotechnology: Pharmaceutical Preparations,Health Care
KTWO,K2 Capital Acquisition Corporation Class A Ordinary Share,$10.10,0.00,0.00%,75,202415716.00,Cayman Islands,2026,Medical/Dental Instruments,Health Care
KTWOR,K2 Capital Acquisition Corporation Rights,$0.195,0.00,0.00%,300,3908026.00,Cayman Islands,2026,,
KTWOU,K2 Capital Acquisition Corporation Units,$10.255,0.00,0.00%,43,0.00,Cayman Islands,2026,,
KULR,KULR Technology Group Inc. Common Stock,$2.41,-0.03,-1.23%,512488,111535576.00,United States,,Electrical Products,Technology
KURA,Kura Oncology Inc. Common Stock,$11.04,-0.69,-5.882%,2771826,982125234.00,United States,,Biotechnology: Pharmaceutical Preparations,Health Care
KUST,Kustom Entertainment Inc. Common Stock,$0.655,-0.0027,-0.411%,8600521,4261993.00,United States,,Radio And Television Broadcasting And Communications Equipment,Technology
KVHI,KVH Industries Inc. Common Stock,$7.16,0.03,0.421%,96552,129889288.00,United States,1996,Telecommunications Equipment,Consumer Discretionary
KVUE,Kenvue Inc. Common Stock,$17.67,-0.19,-1.064%,16168855,33940067162.00,United States,2023,Package Goods/Cosmetics,Consumer Discretionary
KVYO,Klaviyo Inc. Series A Common Stock,$16.78,0.91,5.734%,9606397,4777726393.00,United States,2023,Computer Software: Prepackaged Software,Technology
KWR,Quaker Houghton Common Stock,$158.86,-0.61,-0.383%,84398,2733615540.00,United States,,Major Chemicals,Industrials
KWY,Kingsway Corporation Common Stock,$9.09,-0.41,-4.316%,82357,262982790.00,Canada,,Property-Casualty Insurers,Finance
KXIN,Kaixin Holdings Ordinary Shares,$1.60,-0.06,-3.614%,201531,64054214.00,China,2017,Retail-Auto Dealers and Gas Stations,Consumer Discretionary
KYIV,Kyivstar Group Ltd. Common Shares,$13.02,-0.02,-0.153%,190840,3018864384.00,United Arab Emirates,,Telecommunications Equipment,Telecommunications
KYIVW,Kyivstar Group Ltd. Warrant,$4.75,-0.155,-3.16%,11408,1101352214.00,United Arab Emirates,,Telecommunications Equipment,Telecommunications
KYMR,Kymera Therapeutics Inc. Common Stock,$115.47,-6.59,-5.399%,969658,9601401860.00,United States,2020,Biotechnology: Biological Products (No Diagnostic Substances),Health Care
KYN,Kayne Anderson Energy Infrastructure Fund Inc.,$14.18,-0.01,-0.07%,234322,1930345095.00,United States,2004,Finance/Investors Services,Finance
KYNB,Kyntra Bio Inc. Common Stock,$7.25,-0.03,-0.412%,29106,29356149.00,United States,2014,Biotechnology: Pharmaceutical Preparations,Health Care
KYTX,Kyverna Therapeutics Inc. Common Stock,$7.07,-0.44,-5.859%,1032201,437233149.00,United States,2024,Biotechnology: Biological Products (No Diagnostic Substances),Health Care
KZIA,Kazia Therapeutics Limited American Depositary Shares,$9.60,-1.32,-12.088%,531024,149269229.00,Australia,,Biotechnology: Pharmaceutical Preparations,Health Care
L,Loews Corporation Common Stock,$105.04,-0.87,-0.821%,1223736,21473087709.00,United States,,Property-Casualty Insurers,Finance
LAB,Standard BioTools Inc. Common Stock,$0.742,-0.0078,-1.04%,653431,291293476.00,United States,2011,Biotechnology: Laboratory Analytical Instruments,Industrials
LABT,Lakewood-Amedex Biotherapeutics Inc. Common Stock,$1.78,-0.21,-10.553%,111110,4218045.00,United States,,Biotechnology: Pharmaceutical Preparations,Health Care
LAC,Lithium Americas Corp. Common Shares,$2.90,-0.10,-3.333%,7370780,1052824535.00,Canada,2023,Metal Mining,Basic Materials
LAD,Lithia Motors Inc. Common Stock,$307.02,-5.30,-1.697%,297904,6749256274.00,United States,,Retail-Auto Dealers and Gas Stations,Consumer Discretionary
LADR,Ladder Capital Corp Class A Common Stock,$9.07,-0.34,-3.613%,1746504,1150668298.00,United States,2014,Real Estate Investment Trusts,Real Estate
LAES,SEALSQ Corp Ordinary Shares,$2.30,-0.05,-2.128%,4976319,512380198.00,Switzerland,,Semiconductors,Technology
LAFA,LaFayette Acquisition Corp. Ordinary Share,$10.16,0.00,0.00%,6,0.00,France,2025,,
LAKE,Lakeland Industries Inc. Common Stock,$10.20,-0.025,-0.244%,62205,101299729.00,United States,1986,Industrial Specialties,Health Care
LAMR,Lamar Advertising Company Class A Common Stock,$144.22,-0.91,-0.627%,452679,14645495426.00,United States,1996,Real Estate Investment Trusts,Real Estate
LAND,Gladstone Land Corporation Common Stock,$9.53,-0.195,-2.005%,500853,411091541.00,United States,1993,Real Estate Investment Trusts,Real Estate
LANDO,Gladstone Land Corporation 6.00% Series B Cumulative Redeemable Preferred Stock,$19.89,-0.05,-0.251%,18438,857986437.00,United States,,Real Estate Investment Trusts,Real Estate
LANDP,Gladstone Land Corporation 6.00% Series C Cumulative Redeemable Preferred Stock,$19.93,0.04,0.201%,30246,859711900.00,United States,,Real Estate Investment Trusts,Real Estate
LANV,Lanvin Group Holdings Limited Ordinary Shares,$1.03,0.03,3.00%,13845,129363791.00,Cayman Islands,2022,Apparel,Consumer Discretionary
LAR,Lithium Argentina AG Common Shares,$5.78,-0.29,-4.778%,1046293,948498000.00,Canada,2023,Metal Mining,Basic Materials
LARK,Landmark Bancorp Inc. Common Stock,$30.81,-1.16,-3.628%,7563,187957453.00,United States,,Major Banks,Finance
LASE,Laser Photonics Corporation Common Stock,$0.8482,-0.024,-2.752%,1365188,51466839.00,United States,2022,Industrial Machinery/Components,Miscellaneous
LASR,nLIGHT Inc. Common Stock,$40.98,-0.22,-0.534%,664796,2364144273.00,United States,2018,Semiconductors,Technology
LATA,Galata Acquisition Corp. II Class A Ordinary Shares,$10.17,-0.03,-0.294%,254265,0.00,United States,2025,Blank Checks,Finance
LATAW,Galata Acquisition Corp. II Warrant,$0.215,-0.0028,-1.286%,1537,0.00,United States,2025,Blank Checks,Finance
LAUR,Laureate Education Inc. Common Stock,$36.72,0.59,1.633%,701868,5058156499.00,United States,2017,Other Consumer Services,Real Estate
LAW,CS Disco Inc. Common Stock,$4.26,0.05,1.188%,222291,276558199.00,United States,2021,Computer Software: Prepackaged Software,Technology
LAZ,Lazard Inc. Common Stock,$36.82,0.22,0.601%,1594678,3588130061.00,Bermuda,2005,Investment Managers,Finance
LB,LandBridge Company LLC Class A Shares Representing Limited Liability Company Interests,$82.11,-4.80,-5.523%,285788,6329483179.00,,2024,Oil & Gas Production,Energy
LBGJ,Li Bang International Corporation Class A Ordinary Shares,$2.15,0.10,4.878%,91812,1477534.00,China,2024,Industrial Machinery/Components,Industrials
LBRT,Liberty Energy Inc. Class A common stock,$18.27,0.23,1.275%,4450868,2981507170.00,United States,2018,Oilfield Services/Equipment,Energy
LBRX,LB Pharmaceuticals Inc Common Stock,$39.19,-3.50,-8.199%,481700,1264237068.00,United States,2025,Biotechnology: Pharmaceutical Preparations,Health Care
LBTYA,Liberty Global Ltd. Class A Common Shares,$9.48,-0.49,-4.915%,3303516,3233510126.00,United Kingdom,,Cable & Other Pay Television Services,Telecommunications
LBTYB,Liberty Global Ltd. Class B Common Shares,$12.41,0.06,0.486%,1865,4232896694.00,United Kingdom,,Cable & Other Pay Television Services,Telecommunications
LBTYK,Liberty Global Ltd. Class C Common Shares,$9.24,-0.49,-5.036%,1969114,3151649110.00,United Kingdom,,Cable & Other Pay Television Services,Telecommunications
LCCC,Lakeshore Acquisition III Corp. Ordinary Shares,$10.52,0.00,0.00%,6,0.00,United States,2025,Blank Checks,Finance
LCFY,Locafy Limited Ordinary Share,$2.61,0.16,6.531%,17428,4775520.00,Australia,2022,Computer Software: Programming Data Processing,Technology
LCID,Lucid Group Inc. Common Stock,$4.16,-0.16,-3.704%,10907810,1639331932.00,United States,,Auto Manufacturing,Industrials
LCII,LCI Industries,$85.03,-2.89,-3.287%,253083,2067207440.00,United States,1995,Auto Parts:O.E.M.,Consumer Discretionary
LCLN,Lincoln International Inc. Class A Common Stock,$23.95,-0.08,-0.333%,488927,2481830462.00,,2026,Investment Managers,Finance
LCNB,LCNB Corporation Common Stock,$18.53,-0.42,-2.216%,51603,264144928.00,United States,,Major Banks,Finance
LCTX,Lineage Cell Therapeutics Inc. Common Stock,$0.9567,-0.0833,-8.01%,2630853,241956571.00,United States,,Biotechnology: Biological Products (No Diagnostic Substances),Health Care
LCUT,Lifetime Brands Inc. Common Stock,$8.65,-0.03,-0.346%,104503,198853431.00,United States,1991,Industrial Machinery/Components,Consumer Discretionary
LDI,loanDepot Inc. Class A Common Stock,$0.6728,-0.059,-8.062%,6935005,227510864.00,United States,2021,Finance: Consumer Services,Finance
LDOS,Leidos Holdings Inc. Common Stock,$124.69,1.38,1.119%,1555787,15647623540.00,United States,,EDP Services,Technology
LDP,Cohen & Steers Limited Duration Preferred and Income Fund Inc.,$19.32,-0.23,-1.176%,63784,0.00,United States,2012,Finance Companies,Finance
LE,Lands' End Inc. Common Stock,$10.28,-0.43,-4.015%,129477,303713903.00,United States,,Clothing/Shoe/Accessory Stores,Consumer Discretionary
LEA,Lear Corporation Common Stock,$121.69,-0.71,-0.58%,395159,6002330531.00,United States,,Auto Parts:O.E.M.,Consumer Discretionary
LECO,Lincoln Electric Holdings Inc. Common Shares,$265.40,2.41,0.916%,338158,14465827908.00,United States,,Industrial Machinery/Components,Industrials
LEDRU,Leader's Advantage Acquisition Corp. Units,$9.97,0.00,0.00%,134255,0.00,United States,2026,Blank Checks,Finance
LEDS,SemiLEDS Corporation Common Stock,$2.30,-0.10,-4.167%,11928,19028827.00,Taiwan,2010,Semiconductors,Technology
LEE,Lee Enterprises Incorporated Common Stock,$6.79,-0.56,-7.619%,31278,151362979.00,United States,,Newspapers/Magazines,Consumer Discretionary
LEGH,Legacy Housing Corporation Common Stock (TX),$28.94,-0.04,-0.138%,83486,688281120.00,United States,2018,Homebuilding,Consumer Discretionary
LEGN,Legend Biotech Corporation American Depositary Shares,$18.45,-0.19,-1.019%,2409449,3588311220.00,United States,2020,Biotechnology: Pharmaceutical Preparations,Health Care
LEGO,Legato Merger Corp. IV Ordinary Shares,$10.00,0.01,0.10%,269018,303070360.00,,2026,Military/Government/Technical,Industrials
LEN,Lennar Corporation Class A Common Stock,$81.52,-1.54,-1.854%,5866004,19637771976.00,United States,,Homebuilding,Consumer Discretionary
LENZ,LENZ Therapeutics Inc. Common Stock,$3.76,-0.37,-8.959%,765665,118140490.00,United States,2021,Biotechnology: Biological Products (No Diagnostic Substances),Health Care
LEO,BNY Mellon Strategic Municipals Inc. Common Stock,$5.69,-0.11,-1.897%,232815,354434959.00,United States,1987,Trusts Except Educational Religious and Charitable,Finance
LESL,Leslie's Inc. Common Stock,$0.4185,-0.0233,-5.274%,324688,3919451.00,United States,2020,Other Specialty Stores,Consumer Discretionary
LEU,Centrus Energy Corp. Class A Common Stock,$151.31,-6.52,-4.131%,528019,2985937619.00,United States,2014,Mining & Quarrying of Nonmetallic Minerals (No Fuels),Industrials
LEVI,Levi Strauss & Co Class A Common Stock,$19.63,-0.43,-2.144%,1829234,7554616532.00,United States,2019,Apparel,Consumer Discretionary
LEXX,Lexaria Bioscience Corp. Common Stock,$3.235,0.015,0.466%,14388,6814485.00,Canada,,Biotechnology: Pharmaceutical Preparations,Health Care
LFAC,Leapfrog Acquisition Corporation Class A Ordinary Shares,$10.075,-0.005,-0.05%,199209,0.00,United States,2026,Blank Checks,Finance
LFCR,Lifecore Biomedical Inc. Common Stock,$4.40,-0.095,-2.113%,205204,166553464.00,United States,,Biotechnology: Pharmaceutical Preparations,Health Care
LFMD,LifeMD Inc. Common Stock,$3.05,-0.25,-7.576%,816607,147012553.00,United States,,Medical/Nursing Services,Health Care
LFMDP,LifeMD Inc. 8.875% Series A Cumulative Perpetual Preferred Stock,$23.2142,-0.1358,-0.582%,698,1118943870.00,United States,,Medical/Nursing Services,Health Care
LFS,LEIFRAS Co. Ltd. American Depositary Shares  ,$2.16,0.02,0.935%,32923,56506937.00,Japan,2025,Other Consumer Services,Real Estate
LFST,LifeStance Health Group Inc. Common Stock,$12.08,-0.47,-3.745%,7615448,4616422096.00,United States,2021,Medical/Nursing Services,Health Care
LFT,Lument Finance Trust Inc. Common Stock,$5.27,-0.26,-4.702%,18087,27660191.00,United States,2013,Real Estate Investment Trusts,Real Estate
LFT^A,Lument Finance Trust Inc. 7.875% Series A Cumulative Redeemable Preferred Stock,$16.75,0.25,1.515%,3165,,United States,,,
LFTO,Liftoff Mobile Inc. Common Stock,$16.09,-0.26,-1.59%,548641,2724544269.00,United States,2026,EDP Services,Technology
LFUS,Littelfuse Inc. Common Stock,$422.43,3.55,0.847%,112224,10729192695.00,United States,,Electrical Products,Energy
LFVN,Lifevantage Corporation Common Stock (Delaware),$6.20,-0.02,-0.322%,75871,78054553.00,United States,,Biotechnology: Pharmaceutical Preparations,Health Care
LFWD,Lifeward Ltd. Ordinary Shares,$7.01,0.07,1.009%,6419,19852432.00,Israel,2014,Industrial Specialties,Health Care
LGCL,Lucas GC Limited Class A Ordinary Shares,$3.16,0.39,14.079%,578681,1081741.00,China,2024,Computer Software: Programming Data Processing,Technology
LGCY,Legacy Education Inc. Common Stock,$10.31,0.31,3.10%,43464,130442512.00,,2024,Other Consumer Services,Real Estate
LGHL,Lion Group Holding Ltd. American Depositary Share,$7.15,-0.61,-7.861%,47758,329930.00,China,,Investment Bankers/Brokers/Service,Finance
LGI,Lazard Global Total Return and Income Fund Common Stock,$17.26,-0.14,-0.805%,28179,0.00,United States,2004,,
LGIH,LGI Homes Inc. Common Stock,$48.60,-3.605,-6.905%,346774,1129866019.00,United States,2013,Homebuilding,Consumer Discretionary
LGL,LGL Group Inc. (The) Common Stock,$6.95,-0.30,-4.138%,25376,87661386.00,United States,1946,Industrial Machinery/Components,Technology
LGN,Legence Corp. Class A Common stock,$52.92,-1.33,-2.452%,529345,5719354402.00,United States,2025,Engineering & Construction,Consumer Discretionary
LGND,Ligand Pharmaceuticals Incorporated Common Stock,$298.41,-0.09,-0.03%,242219,5948985082.00,United States,,Biotechnology: Pharmaceutical Preparations,Health Care
LGO,Largo Inc. Common Shares,$0.725,0.0765,11.796%,797570,74772150.00,Canada,,Mining & Quarrying of Nonmetallic Minerals (No Fuels),Industrials
LGPS,LogProstyle Inc. Common Shares,$0.8281,-0.0271,-3.169%,28398,19552161.00,,2025,Homebuilding,Consumer Discretionary
LGVN,Longeveron Inc. Class A Common Stock,$2.60,-0.12,-4.412%,62321,8289317.00,United States,2021,Biotechnology: Pharmaceutical Preparations,Health Care
LH,Labcorp Holdings Inc. Common Stock,$303.98,-7.56,-2.427%,909886,24652778000.00,United States,,Medical Specialities,Health Care
LHAI,Linkhome Holdings Inc. Common stock,$1.07,-0.03,-2.727%,52401,17687100.00,United States,2025,Real Estate,Finance
LHSW,Lianhe Sowell International Group Ltd Class A Ordinary Shares,$0.7659,-0.1232,-13.857%,6670457,8353033.00,China,2025,Computer Software: Prepackaged Software,Technology
LHX,L3Harris Technologies Inc. Common Stock,$239.21,-0.68,-0.283%,1330449,44544398293.00,United States,,Industrial Machinery/Components,Industrials
LI,Li Auto Inc. American Depositary Shares,$11.70,0.04,0.343%,1941328,10637201894.00,China,2020,Auto Manufacturing,Industrials
LICN,Lichen International Limited Class A Ordinary Shares,$1.04,0.00,0.00%,15363,17094298.00,China,2023,Professional Services,Consumer Discretionary
LIDR,AEye Inc. Class A Common Stock,$1.18,-0.04,-3.279%,448925,55073159.00,United States,2021,Auto Parts:O.E.M.,Consumer Discretionary
LIEN,Chicago Atlantic BDC Inc. Common Stock,$10.35,0.08,0.779%,71367,236193107.00,United States,2022,Finance: Consumer Services,Finance
LIF,Life360 Inc. Common Stock,$40.75,-0.23,-0.561%,638450,3320325037.00,United States,2024,EDP Services,Technology
LIFE,Ethos Technologies Inc. Class A Common Stock,$33.91,-2.28,-6.30%,1701487,2162083085.00,United States,2026,Specialty Insurers,Finance
LII,Lennox International Inc. Common Stock,$372.34,0.66,0.178%,379891,12868321730.00,United States,1999,Industrial Machinery/Components,Industrials
LILA,Liberty Latin America Ltd. Class A Common Stock,$8.52,-0.27,-3.072%,333842,1669068000.00,United States,,Cable & Other Pay Television Services,Telecommunications
LILAK,Liberty Latin America Ltd. Class C Common Stock,$8.44,-0.26,-2.989%,1355064,1653396000.00,United States,,Cable & Other Pay Television Services,Telecommunications
LILAP,Liberty Latin America Ltd. 9.0% Fixed Rate Cumulative Perpetual Redeemable Series A Preference Shares,$20.72,0.07,0.339%,170617,4059048000.00,United States,,Cable & Other Pay Television Services,Telecommunications
LIME,Neutron Holdings Inc. Common Stock,$28.60,0.24,0.846%,384702,1858547834.00,United States,2026,Computer Software: Prepackaged Software,Technology
LIMN,Liminatus Pharma Inc. Class A Common Stock,$4.03,-0.04,-0.983%,17713,5413128.00,United States,,Biotechnology: Biological Products (No Diagnostic Substances),Health Care
LIMNW,Liminatus Pharma Inc. Warrants,$0.0599,0.0162,37.071%,200,80458.00,United States,,Biotechnology: Biological Products (No Diagnostic Substances),Health Care
LIN,Linde plc Ordinary Shares,$469.72,4.81,1.035%,1926238,216531602164.00,United States,,Major Chemicals,Basic Materials
LINC,Lincoln Educational Services Corporation Common Stock,$24.09,-0.13,-0.537%,567023,764170429.00,United States,2005,Other Consumer Services,Real Estate
LIND,Lindblad Expeditions Holdings Inc. Common Stock,$27.23,-0.09,-0.329%,603646,1786824131.00,United States,2013,Transportation Services,Consumer Discretionary
LINE,Lineage Inc. Common Stock,$36.32,-1.08,-2.888%,916300,8270427636.00,United States,2024,Real Estate Investment Trusts,Real Estate
LINK,Interlink Electronics Inc. Common Stock,$5.295,-0.065,-1.213%,26374,83414301.00,United States,,Computer peripheral equipment,Technology
LION,Lionsgate Studios Corp Common Shares,$11.15,-0.21,-1.849%,1622467,3317790432.00,Canada,2025,Movies/Entertainment,Consumer Discretionary
LIQT,LiqTech International Inc. Common Stock,$0.6902,0.0202,3.015%,13396,22740600.00,Denmark,,Industrial Machinery/Components,Technology
LITB,LightInTheBox Holding Co. Ltd. American Depositary Shares each representing twelve ordinary shares,$3.11,0.05,1.634%,1391,61349670.00,China,,Catalog/Specialty Distribution,Consumer Discretionary
LITE,Lumentum Holdings Inc. Common Stock,$937.00,-8.67,-0.917%,3276010,84048900000.00,United States,,Telecommunications Equipment,Telecommunications
LITS,Lite Strategy Inc. Common Stock,$1.18,-0.12,-9.231%,585010,37621525.00,United States,2003,Biotechnology: Pharmaceutical Preparations,Health Care
LIVE,Live Ventures Incorporated Common Stock,$7.93,0.245,3.188%,1949,24358232.00,United States,,Other Specialty Stores,Consumer Discretionary
LIVN,LivaNova PLC Ordinary Shares,$77.16,-1.33,-1.694%,493071,4251015000.00,United Kingdom,,Biotechnology: Electromedical & Electrotherapeutic Apparatus,Health Care
LKFN,Lakeland Financial Corporation Common Stock,$58.36,-0.89,-1.502%,196919,1450703542.00,United States,,Major Banks,Finance
LKFT,Lakefront Biotherapeutics American Depositary Shares,$30.72,0.53,1.756%,636710,2024358021.00,Belgium,2015,Biotechnology: Pharmaceutical Preparations,Health Care
LKQ,LKQ Corporation Common Stock,$23.43,-0.16,-0.678%,2396441,5927838875.00,United States,2003,Motor Vehicles,Consumer Discretionary
LKSP,Lake Superior Acquisition Corp. Class A Ordinary Shares,$10.24,0.005,0.049%,5221,0.00,United States,2025,,
LKSPR,Lake Superior Acquisition Corp. Rights,$1.15,0.1504,15.046%,1437,0.00,United States,2025,,
LLY,Eli Lilly and Company Common Stock,$1150.99,-19.15,-1.637%,2156469,1083492568244.00,United States,,Biotechnology: Pharmaceutical Preparations,Health Care
LLYVA,Liberty Live Holdings Inc. Series A Liberty Live Group Common Stock,$94.99,-0.45,-0.472%,63192,8739590666.00,United States,,Services-Misc. Amusement & Recreation,Consumer Discretionary
LLYVK,Liberty Live Holdings Inc. Series C Liberty Live Group Common Stock,$98.16,-0.60,-0.608%,207767,9031247708.00,United States,,Services-Misc. Amusement & Recreation,Consumer Discretionary
LMAT,LeMaitre Vascular Inc. Common Stock,$80.58,-0.40,-0.494%,247099,1842804729.00,United States,2006,Medical/Dental Instruments,Health Care
LMB,Limbach Holdings Inc. Common Stock,$51.12,-0.96,-1.843%,182652,609605642.00,United States,,Engineering & Construction,Consumer Discretionary
LMND,Lemonade Inc. Common Stock,$44.36,-3.33,-6.983%,2091026,3433313841.00,United States,2020,Property-Casualty Insurers,Finance
LMNR,Limoneira Co Common Stock,$12.09,-0.60,-4.728%,158192,219215965.00,United States,,Farming/Seeds/Milling,Consumer Staples
LMRI,Lumexa Imaging Holdings Inc. Common Stock,$10.14,-0.38,-3.612%,980990,974200257.00,United States,2025,Medical Specialities,Health Care
LMT,Lockheed Martin Corporation Common Stock,$524.68,2.34,0.448%,1134605,121091292284.00,United States,,Military/Government/Technical,Industrials
LNAI,Lunai Bioworks Inc. Common Stock,$2.14,-0.09,-4.036%,52058,9702525.00,United States,,Biotechnology: Pharmaceutical Preparations,Health Care
LNC,Lincoln National Corporation Common Stock,$41.08,0.07,0.171%,1371798,7864656563.00,United States,,Life Insurance,Finance
LNC^D,Lincoln National Corporation Depositary Shares Each Representing a 1/1000th Interest in a Share of 9.000% Non-Cumulative Preferred Stock Series D,$25.78,0.01,0.039%,151376,,United States,,,
LND,Brasilagro Brazilian Agric Real Estate Co Sponsored ADR (Brazil),$3.54,-0.07,-1.939%,68257,363499392.00,Brazil,,Farming/Seeds/Milling,Consumer Staples
LNG,Cheniere Energy Inc. Common Stock,$273.61,0.65,0.238%,1785852,56509810970.00,United States,2001,Oil/Gas Transmission,Utilities
LNKS,Linkers Industries Limited Class A Ordinary Shares,$1.02,-0.01,-0.971%,15939,1638745.00,Malaysia,2024,Electrical Products,Technology
LNN,Lindsay Corporation Common Stock,$115.84,0.93,0.809%,117322,1177963638.00,United States,,Industrial Machinery/Components,Industrials
LNSR,LENSAR Inc. Common Stock,$7.15,-0.10,-1.379%,28283,87843935.00,United States,,Medical/Dental Instruments,Health Care
LNT,Alliant Energy Corporation Common Stock,$63.69,-0.93,-1.439%,2952649,16513842479.00,United States,,Power Generation,Utilities
LNTH,Lantheus Holdings Inc. Common Stock,$99.97,-0.03,-0.03%,865548,6525278729.00,United States,2015,Biotechnology: In Vitro & In Vivo Diagnostic Substances,Health Care
LNZA,LanzaTech Global Inc. Common Stock,$5.89,-0.31,-5.00%,72946,77095170.00,United States,2021,Major Chemicals,Industrials
LNZAW,LanzaTech Global Inc. Warrant,$0.0102,-0.0041,-28.671%,1002,133509.00,United States,2021,Major Chemicals,Industrials
LOAN,Manhattan Bridge Capital Inc,$3.90,0.01,0.257%,25081,44559485.00,United States,,Real Estate Investment Trusts,Real Estate
LOAR,Loar Holdings Inc. Common Stock,$63.65,-0.52,-0.81%,771423,5963271179.00,United States,2024,Military/Government/Technical,Industrials
LOB,Live Oak Bancshares Inc. Common Stock,$37.09,-0.78,-2.06%,175720,1716659466.00,United States,2022,Major Banks,Finance
LOB^A,Live Oak Bancshares Inc. Depositary Shares Each Representing a 1/40th Interest in a Share of 8.375% Fixed Rate Series A Non-Cumulative Perpetual Preferred Stock,$25.045,-0.245,-0.969%,8023,,United States,,,
LOBO,LOBO TECHNOLOGIES LTD. Class A Ordinary Shares,$0.5777,-0.0404,-6.536%,1137478,7996488.00,China,2024,Motor Vehicles,Consumer Discretionary
LOCL,Local Bounti Corporation Common Stock,$1.02,-0.05,-4.673%,16292,23847721.00,United States,2021,Farming/Seeds/Milling,Consumer Staples
LOCO,El Pollo Loco Holdings Inc. Common Stock,$14.28,-0.13,-0.902%,176695,434582340.00,United States,2014,Restaurants,Consumer Discretionary
LODE,Comstock Inc. Common Stock,$2.68,-0.08,-2.899%,1274825,203661366.00,United States,,Major Chemicals,Industrials
LOGI,Logitech International S.A. Ordinary Shares,$104.65,-1.17,-1.106%,727776,14984658944.00,United States,1997,Computer peripheral equipment,Technology
LOMA,Loma Negra Compania Industrial Argentina Sociedad Anonima ADS,$9.46,-0.13,-1.356%,397885,1103950120.00,Argentina,2017,Building Materials,Industrials
LONA,LeonaBio Inc. Common Stock,$5.89,-0.16,-2.645%,21405,55493595.00,United States,2020,Biotechnology: Biological Products (No Diagnostic Substances),Health Care
LOOP,Loop Industries Inc. Common Stock,$0.4751,-0.0035,-0.731%,41598,22985514.00,Canada,,Major Chemicals,Industrials
LOPE,Grand Canyon Education Inc. Common Stock,$150.64,3.86,2.63%,354729,3926437174.00,United States,2008,Other Consumer Services,Real Estate
LOT,Lotus Technology Inc. American Depositary Shares,$0.877,-0.0326,-3.584%,81869,563112820.00,China,,Auto Manufacturing,Industrials
LOVE,The Lovesac Company Common Stock,$14.49,-0.13,-0.889%,207744,208995544.00,United States,2018,Other Specialty Stores,Consumer Discretionary
LOVIU,Live Oak Acquisition Corp. VI Units,$10.01,0.01,0.10%,6213323,0.00,United States,2026,Blank Checks,Finance
LOW,Lowe's Companies Inc. Common Stock,$191.36,-4.72,-2.407%,2936828,107363297076.00,United States,,RETAIL: Building Materials,Consumer Discretionary
LPA,Logistic Properties of the Americas Ordinary Shares,$3.02,-0.21,-6.502%,33442,95729878.00,,2024,Real Estate,Finance
LPAA,Launch One Acquisition Corp. Class A Ordinary shares,$10.76,0.00,0.00%,10,0.00,United States,2024,,
LPAAW,Launch One Acquisition Corp. Warrant,$0.1306,0.00,0.00%,32,0.00,United States,2024,Blank Checks,Finance
LPBB,Launch Two Acquisition Corp. Class A Ordinary Shares,$10.83,-0.01,-0.092%,44114,0.00,United States,2024,,
LPBBW,Launch Two Acquisition Corp. Warrant,$0.1751,-0.0049,-2.722%,3437,0.00,United States,2024,Blank Checks,Finance
LPCN,Lipocine Inc. Common Stock,$2.12,-0.04,-1.852%,90869,17477816.00,United States,,Biotechnology: Pharmaceutical Preparations,Health Care
LPCV,Launchpad Cadenza Acquisition Corp I Class A Ordinary Share,$10.07,0.01,0.099%,667,0.00,United States,2026,,
LPG,Dorian LPG Ltd. Common Stock,$53.16,-0.38,-0.71%,539242,2274327322.00,United States,2014,Marine Transportation,Consumer Discretionary
LPL,LG Display Co Ltd AMERICAN DEPOSITORY SHARES,$2.94,-0.10,-3.289%,1429225,2940000000.00,South Korea,2004,Industrial Machinery/Components,Technology
LPLA,LPL Financial Holdings Inc. Common Stock,$302.47,-5.03,-1.636%,1106504,23817180456.00,United States,2010,Investment Bankers/Brokers/Service,Finance
LPTH,LightPath Technologies Inc. Class A Common Stock,$9.81,-0.34,-3.35%,2072245,687055632.00,United States,1996,Semiconductors,Technology
LPX,Louisiana-Pacific Corporation Common Stock,$68.02,0.00,0.00%,1418042,4756190348.00,United States,,Forest Products,Basic Materials
LQDA,Liquidia Corporation Common Stock,$67.49,-1.15,-1.675%,766228,6040955054.00,United States,2018,Biotechnology: Pharmaceutical Preparations,Health Care
LQDT,Liquidity Services Inc. Common Stock,$42.72,-0.21,-0.489%,142865,1338486721.00,United States,2006,Business Services,Consumer Discretionary
LRCX,Lam Research Corporation Common Stock,$307.28,-3.35,-1.078%,9649333,384505916880.00,United States,1984,Industrial Machinery/Components,Technology
LRE,Lead Real Estate Co. Ltd American Depositary Shares,$1.09,0.03,2.83%,11304,14869671.00,Japan,2023,Homebuilding,Consumer Discretionary
LRHC,La Rosa Holdings Corp. Common Stock,$2.67,0.24,9.877%,436270,1520936.00,United States,2023,Real Estate,Finance
LRMR,Larimar Therapeutics Inc. Common Stock,$3.865,0.045,1.178%,2718722,401507552.00,United States,2014,Biotechnology: Pharmaceutical Preparations,Health Care
LRN,Stride Inc. Common Stock,$78.53,-0.16,-0.203%,414418,3263694628.00,United States,,Other Consumer Services,Real Estate
LSAK,Lesaka Technologies Inc. Common Stock,$4.21,-0.02,-0.473%,769138,361319436.00,South Africa,,Investment Bankers/Brokers/Service,Finance
LSBK,Lake Shore Bancorp Inc. Common Stock,$18.00,-0.265,-1.451%,4269,141368184.00,United States,2006,Savings Institutions,Finance
LSCC,Lattice Semiconductor Corporation Common Stock,$121.66,-0.87,-0.71%,1054691,17279402892.00,United States,,Semiconductors,Technology
LSE,Leishen Energy Holding Co. Ltd. Class A Ordinary Shares,$5.50,0.5794,11.775%,5619,93637500.00,China,2024,Oil and Gas Field Machinery,Consumer Discretionary
LSF,Laird Superfood Inc. Common Stock,$3.59,0.02,0.56%,21129,40182454.00,,2020,Packaged Foods,Consumer Staples
LSPD,Lightspeed Commerce Inc. Subordinate Voting Shares,$9.59,-0.02,-0.208%,426805,1278485739.00,Canada,,Computer Software: Prepackaged Software,Technology
LSTA,Lisata Therapeutics Inc. Common Stock,$1.435,-0.045,-3.041%,77246,15503835.00,United States,,Biotechnology: Pharmaceutical Preparations,Health Care
LSTR,Landstar System Inc. Common Stock,$166.98,-1.70,-1.008%,227487,5666787737.00,United States,1993,Trucking Freight/Courier Services,Industrials
LTBR,Lightbridge Corporation Common Stock,$6.72,-0.13,-1.898%,402588,251718372.00,United States,,Major Chemicals,Basic Materials
LTC,LTC Properties Inc. Common Stock,$42.54,0.12,0.283%,542906,2293142650.00,United States,,Real Estate Investment Trusts,Real Estate
LTGO,Latigo Biotherapeutics Inc. Common Stock,$19.97,-0.85,-4.083%,214634,1323997960.00,United States,2026,Biotechnology: Pharmaceutical Preparations,Health Care
LTGR,Long Table Growth Corp. Class A Ordinary Shares,$9.965,0.00,0.00%,8,0.00,United States,2026,Blank Checks,Finance
LTGRU,Long Table Growth Corp. Units,$10.19,0.00,0.00%,180,0.00,United States,2026,Blank Checks,Finance
LTGRW,Long Table Growth Corp. Warrants,$0.26,0.00,0.00%,2211,0.00,United States,2026,,
LTH,Life Time Group Holdings Inc. Common Stock,$39.67,1.48,3.875%,5755496,8864735477.00,United States,2021,Hotels/Resorts,Consumer Discretionary
LTM,LATAM Airlines Group S.A. American Depositary Shares (each representing two thousand (2000) shares of Common Stock),$52.46,-0.99,-1.852%,664230,15061685260.00,Chile,2024,Air Freight/Delivery Services,Consumer Discretionary
LTRN,Lantern Pharma Inc. Common Stock,$1.39,0.03,2.206%,292355,17769963.00,United States,2020,Biotechnology: Pharmaceutical Preparations,Health Care
LTRX,Lantronix Inc. Common Stock,$6.40,0.15,2.40%,868148,300028160.00,United States,2000,Computer Communications Equipment,Telecommunications
LTRYW,Sports Entertainment Gaming Global Corporation Warrants,$0.0033,0.0001,3.125%,41337,10756.00,United States,2023,Computer Software: Prepackaged Software,Technology
LU,Lufax Holding Ltd American Depositary Shares each representing two (2) Ordinary Shares,$1.22,0.07,6.087%,3769026,1057360448.00,China,,Finance: Consumer Services,Finance
LUCD,Lucid Diagnostics Inc. Common Stock,$0.8389,-0.0537,-6.016%,945102,170501366.00,United States,2021,Medical/Dental Instruments,Health Care
LUCK,Lucky Strike Entertainment Corporation Class A Common Stock,$5.28,-0.04,-0.752%,33002,719811946.00,United States,2021,Services-Misc. Amusement & Recreation,Consumer Discretionary
LUCY,Innovative Eyewear Inc. Common Stock,$0.922,-0.0169,-1.80%,200621,7937679.00,United States,2022,Ophthalmic Goods,Health Care
LUD,Luda Technology Group Limited Ordinary Shares,$4.175,0.00,0.00%,4660,94730750.00,Hong Kong,2025,Steel/Iron Ore,Industrials
LULU,lululemon athletica inc. Common Stock,$102.28,-1.45,-1.398%,4281021,10800160866.00,Canada,2007,Apparel,Consumer Discretionary
LUMN,Lumen Technologies Inc. Common Stock,$6.13,-0.25,-3.918%,9711141,6322760327.00,United States,,Telecommunications Equipment,Telecommunications
LUNG,Pulmonx Corporation Common Stock,$2.00,-0.06,-2.913%,129073,85896538.00,United States,2020,Medical/Dental Instruments,Health Care
LUNR,Intuitive Machines Inc. Class A Common Stock,$15.24,-1.00,-6.158%,7216895,3488802796.00,United States,2021,Industrial Machinery/Components,Industrials
LUV,Southwest Airlines Company Common Stock,$41.04,-1.04,-2.471%,5659947,20077104569.00,United States,,Air Freight/Delivery Services,Consumer Discretionary
LUXE,LuxExperience B.V. American Depositary Shares each representing one Ordinary Share,$8.92,-0.47,-5.005%,173859,1246122493.00,,2021,Catalog/Specialty Distribution,Consumer Discretionary
LVLU,Lulu's Fashion Lounge Holdings Inc. Common Stock,$10.56,-0.73,-6.466%,11066,30323843.00,United States,2021,Catalog/Specialty Distribution,Consumer Discretionary
LVO,LiveOne Inc. Common Stock,$2.44,-0.44,-15.278%,164644,33456765.00,United States,,Restaurants,Consumer Discretionary
LVS,Las Vegas Sands Corp. Common Stock,$39.19,-0.51,-1.285%,3818112,25383409401.00,United States,2004,Hotels/Resorts,Consumer Discretionary
LVWR,LiveWire Group Inc. Common Stock,$1.36,-0.09,-6.207%,314592,279360942.00,United States,2022,Motor Vehicles,Consumer Discretionary
LW,Lamb Weston Holdings Inc. Common Stock ,$45.04,-1.32,-2.847%,1468110,6192144735.00,United States,2016,Packaged Foods,Consumer Staples
LWAC,LightWave Acquisition Corp. Class A Ordinary Shares,$10.3821,0.00,0.00%,6,0.00,United States,2025,Blank Checks,Finance
LWACU,LightWave Acquisition Corp. Units,$10.36,0.00,0.00%,7,0.00,United States,2025,Blank Checks,Finance
LWACW,LightWave Acquisition Corp. Warrants,$0.13,0.00,0.00%,45,0.00,United States,2025,Blank Checks,Finance
LWAY,Lifeway Foods Inc. Common Stock,$22.31,-1.21,-5.145%,169010,337031526.00,United States,,Packaged Foods,Consumer Staples
LWLG,Lightwave Logic Inc. Common Stock,$5.27,-0.25,-4.529%,2191993,812461434.00,United States,,Containers/Packaging,Industrials
LX,LexinFintech Holdings Ltd. American Depositary Shares,$0.7238,-0.0449,-5.841%,2561107,119273753.00,China,2017,Finance: Consumer Services,Finance
LXEH,Lixiang Education Holding Co. Ltd. American Depositary Shares,$1.59,0.22,16.058%,28547589,3047501.00,China,2020,Other Consumer Services,Real Estate
LXEO,Lexeo Therapeutics Inc. Common Stock,$3.52,-0.55,-13.514%,2425411,288802818.00,United States,2023,Biotechnology: Biological Products (No Diagnostic Substances),Health Care
LXFR,Luxfer Holdings PLC Ordinary Shares,$17.27,-0.02,-0.116%,710879,462132092.00,United Kingdom,2012,Major Chemicals,Basic Materials
LXP,LXP Industrial Trust Common Stock (Maryland REIT),$60.88,0.01,0.016%,875459,3589318232.00,United States,,Real Estate Investment Trusts,Real Estate
LXP^C,LXP Industrial Trust 6.5% Series C Cumulative Convertible Preferred Stock,$49.25,-0.01,-0.02%,6797,,United States,,,
LXRX,Lexicon Pharmaceuticals Inc. Common Stock,$2.06,-0.12,-5.505%,3172513,916609224.00,United States,,Biotechnology: Pharmaceutical Preparations,Health Care
LXU,LSB Industries Inc. Common Stock,$10.27,-0.24,-2.284%,505308,739414366.00,United States,2003,Major Chemicals,Basic Materials
LYB,LyondellBasell Industries NV Ordinary Shares Class A (Netherlands),$59.97,0.73,1.232%,2906132,19372585981.00,Netherlands,,Major Chemicals,Industrials
LYEL,Lyell Immunopharma Inc. Common Stock,$10.53,-0.62,-5.561%,161502,258039135.00,United States,2021,Biotechnology: Pharmaceutical Preparations,Health Care
LYFT,Lyft Inc. Class A Common Stock,$14.77,-0.13,-0.872%,8914927,5591039478.00,United States,2019,Business Services,Consumer Discretionary
LYG,Lloyds Banking Group Plc American Depositary Shares,$5.64,-0.14,-2.422%,14789934,83590518475.00,United Kingdom,,Commercial Banks,Finance
LYNX,Lyntris Inc. Common Stock,$12.98,-0.32,-2.406%,311528,1505023004.00,,2026,Industrial Machinery/Components,Industrials
LYTS,LSI Industries Inc. Common Stock,$20.24,-0.32,-1.556%,256182,754169441.00,United States,1985,Building Products,Consumer Discretionary
LYV,Live Nation Entertainment Inc. Common Stock,$169.03,-0.81,-0.477%,2072475,39829191356.00,United States,,Services-Misc. Amusement & Recreation,Consumer Discretionary
LZ,LegalZoom.com Inc. Common Stock,$5.79,-0.12,-2.03%,2226364,991623261.00,United States,2021,EDP Services,Technology
LZB,La-Z-Boy Incorporated Common Stock,$30.01,-0.65,-2.12%,654613,1201983658.00,United States,,Home Furnishings,Consumer Discretionary
LZM,Lifezone Metals Limited Ordinary Shares,$3.96,-0.15,-3.65%,214323,356061646.00,Isle of Man,,Metal Mining,Basic Materials
LZMH,LZ Technology Holdings Limited Class B Ordinary Shares,$1.20,0.02,1.695%,11288,10774200.00,China,2025,EDP Services,Technology
M,Macy's Inc Common Stock,$22.24,-0.54,-2.371%,5475794,5808568607.00,United States,,Department/Specialty Retail Stores,Consumer Discretionary
MA,Mastercard Incorporated Common Stock,$559.92,4.03,0.725%,2879124,490495485605.00,United States,2006,Business Services,Consumer Discretionary
MAA,Mid-America Apartment Communities Inc. Common Stock,$117.78,-1.37,-1.15%,1559915,13665066095.00,United States,1994,Real Estate Investment Trusts,Real Estate
MAA^I,Mid-America Apartment Communities Inc. 8.50% Series I Cumulative Redeemable Preferred Stock,$50.2499,0.1899,0.379%,32113,,United States,,,
MAAS,Maase Inc. Class A Ordinary Shares,$15.06,0.16,1.074%,2251991,6659164205.00,China,2019,Investment Managers,Finance
MAC,Macerich Company (The) Common Stock,$22.67,-0.13,-0.57%,2505283,6428291031.00,United States,1994,Real Estate Investment Trusts,Real Estate
MACI,Melar Acquisition Corp. I Class A Ordinary Shares,$11.05,0.00,0.00%,9,0.00,United States,2024,,
MAGN,Magnera Corporation Common Stock,$11.82,-0.27,-2.233%,211822,423156000.00,United States,2000,Paper,Basic Materials
MAIA,MAIA Biotechnology Inc. Common Stock,$1.32,-0.05,-3.65%,627048,80301152.00,,2022,Biotechnology: Pharmaceutical Preparations,Health Care
MAIN,Main Street Capital Corporation Common Stock,$55.08,-0.92,-1.643%,438667,5150446032.00,United States,2007,Finance/Investors Services,Finance
MAIR,Madison Air Solutions Corporation Class A Common Stock,$25.26,0.21,0.838%,2523269,12673513179.00,,2026,Pollution Control Equipment,Industrials
MAKO,Mako Mining Corp Common Stock,$10.07,-0.33,-3.173%,150690,882191504.00,Canada,,Precious Metals,Basic Materials
MAMA,Mama's Creations Inc. Common Stock,$13.30,-0.50,-3.623%,632347,627061338.00,United States,,Specialty Foods,Consumer Staples
MAMO,Massimo Group Common Stock,$0.946,0.0029,0.307%,8133,39392339.00,United States,2024,Industrial Specialties,Consumer Discretionary
MAN,ManpowerGroup Common Stock,$57.37,-0.26,-0.451%,758849,2668024551.00,United States,,Professional Services,Consumer Discretionary
MANE,Veradermics Incorporated Common Stock,$115.78,-2.36,-1.998%,754394,4837304146.00,,2026,Biotechnology: Pharmaceutical Preparations,Health Care
MANH,Manhattan Associates Inc. Common Stock,$210.37,3.28,1.584%,444943,12265616960.00,United States,1998,Computer Software: Prepackaged Software,Technology
MANU,Manchester United Ltd. Class A Ordinary Shares,$20.49,-0.02,-0.098%,562010,3533067321.00,United Kingdom,2012,Services-Misc. Amusement & Recreation,Consumer Discretionary
MAR,Marriott International Class A Common Stock,$351.66,3.60,1.034%,1654635,91701072838.00,United States,,Hotels/Resorts,Consumer Discretionary
MARA,MARA Holdings Inc. Common Stock,$13.35,-0.28,-2.054%,37417067,5157095615.00,United States,,Finance: Consumer Services,Finance
MARPS,Marine Petroleum Trust Units of Beneficial Interest,$4.37,-0.08,-1.798%,6516,8740000.00,United States,,Oil & Gas Production,Energy
MAS,Masco Corporation Common Stock,$68.16,-1.80,-2.573%,2096292,13440295229.00,United States,,Industrial Specialties,Industrials
MASK,3 E Network Technology Group Ltd Class A Ordinary Shares,$0.945,0.038,4.19%,1785102,3420035.00,China,2025,EDP Services,Technology
MASS,908 Devices Inc. Common Stock,$10.94,-0.24,-2.147%,243110,452190733.00,United States,2020,Industrial Machinery/Components,Industrials
MAT,Mattel Inc. Common Stock,$13.08,-0.13,-0.984%,3337986,3736956000.00,United States,,Recreational Games/Products/Toys,Consumer Discretionary
MATH,Metalpha Technology Holding Limited Ordinary Shares,$1.00,0.00,0.00%,52755,47537986.00,China,2017,Finance: Consumer Services,Finance
MATV,Mativ Holdings Inc. Common Stock,$12.29,-0.27,-2.15%,372624,678286304.00,United States,,Paper,Basic Materials
MATW,Matthews International Corporation Class A Common Stock,$19.71,-0.20,-1.005%,871979,615211640.00,United States,1994,Metal Fabrications,Telecommunications
MATX,Matson Inc. Common Stock,$221.91,-4.87,-2.147%,235092,6635876365.00,United States,,Marine Transportation,Consumer Discretionary
MAX,MediaAlpha Inc. Class A Common Stock,$9.39,-0.59,-5.912%,1264482,575268753.00,United States,2020,Business Services,Consumer Discretionary
MAYS,J. W. Mays Inc. Common Stock,$40.65,-0.20,-0.49%,1954,81941457.00,United States,,Building operators,Real Estate
MAZE,Maze Therapeutics Inc. Common Stock,$28.09,-0.29,-1.022%,1704309,1560376129.00,United States,2025,Biotechnology: Biological Products (No Diagnostic Substances),Health Care
MB,MasterBeef Group Ordinary Shares,$4.08,0.00,0.00%,4768,69992400.00,Hong Kong,2025,Restaurants,Consumer Discretionary
MBAI,MBody AI Ltd. Ordinary Share,$5.47,-0.91,-14.263%,25453,83655904.00,Israel,2015,Medical Electronics,Health Care
MBBC,Marathon Bancorp Inc. Common Stock,$15.155,-0.015,-0.099%,2063,45615080.00,United States,,Banks,Finance
MBC,MasterBrand Inc. Common Stock,$7.21,-0.03,-0.414%,3602103,1467166433.00,United States,2022,Home Furnishings,Consumer Discretionary
MBGL,Mobility Global Inc. Common Stock,$18.88,-0.21,-1.10%,2910501,5566226522.00,United States,2026,Business Services,Consumer Discretionary
MBI,MBIA Inc. Common Stock,$4.51,-0.02,-0.442%,437339,230084162.00,United States,1987,Property-Casualty Insurers,Finance
MBIN,Merchants Bancorp Common Stock,$51.37,-0.77,-1.477%,117797,2359838913.00,United States,2017,Major Banks,Finance
MBINL,Merchants Bancorp Depositary Shares Each Representing a 1/40thInterest in a Share of 7.25% Fixed Rate Series E Non-CumulativePerpetual Preferred Stock without par value,$24.15,-0.03,-0.124%,9647,1109404511.00,United States,,Major Banks,Finance
MBINM,Merchants Bancorp Depositary Shares Each Representing a 1/40th Interest in a Share of 8.25% Fixed-Rate Reset Series D Non-Cumulative Perpetual Preferred Stock,$25.37,0.08,0.316%,1151,1165448963.00,United States,,Major Banks,Finance
MBINN,Merchants Bancorp Depositary Shares Preferred Series C,$19.61,-0.09,-0.457%,17515,900845651.00,United States,,Major Banks,Finance
MBIO,Mustang Bio Inc. Common Stock,$0.5114,-0.0196,-3.691%,24102,3875137.00,United States,,Biotechnology: Pharmaceutical Preparations,Health Care
MBLY,Mobileye Global Inc. Class A Common Stock,$7.61,-0.07,-0.911%,8920374,6469927621.00,Israel,2022,Computer Software: Prepackaged Software,Technology
MBNKO,Medallion Bank Fixed-Rate Reset Non-Cumulative Perpetual Preferred Stock Series G par value $1.00 per share,$24.99,-0.27,-1.069%,87523,24990000.00,United States,,Commercial Banks,Finance
MBOT,Microbot Medical Inc. Common Stock,$1.31,-0.07,-5.072%,461025,87985889.00,Israel,,Medical/Dental Instruments,Health Care
MBRX,Moleculin Biotech Inc. Common Stock,$0.5279,-0.0371,-6.566%,1823860,10282109.00,United States,2016,Biotechnology: Pharmaceutical Preparations,Health Care
MBUU,Malibu Boats Inc. Class A Common Stock,$23.21,-0.82,-3.412%,127153,456709576.00,United States,2014,Marine Transportation,Industrials
MBVI,M3-Brigade Acquisition VI Corp. Class A Ordinary Shares,$10.24,0.01,0.098%,131129,0.00,United States,2025,,
MBVIW,M3-Brigade Acquisition VI Corp. Warrant,$0.33,-0.005,-1.493%,202,0.00,United States,2025,,
MBWM,Mercantile Bank Corporation Common Stock,$58.68,-0.44,-0.744%,77315,1014338314.00,United States,1998,Major Banks,Finance
MBX,MBX Biosciences Inc. Common Stock,$57.89,-4.09,-6.599%,352465,2787987957.00,United States,2024,Biotechnology: Pharmaceutical Preparations,Health Care
MC,Moelis & Company Class A Common Stock,$58.18,-0.70,-1.189%,559813,4553694376.00,United States,2014,Investment Managers,Finance
MCAH,Mountain Crest Acquisition 6 Corp. Ordinary Shares,$10.03,0.00,0.00%,52,0.00,United States,2026,Blank Checks,Finance
MCAHU,Mountain Crest Acquisition 6 Corp. Units,$10.42,0.00,0.00%,6,0.00,United States,2026,Blank Checks,Finance
MCB,Metropolitan Bank Holding Corp. Common Stock,$87.73,-0.63,-0.713%,114943,1087657064.00,United States,2017,Major Banks,Finance
MCBS,MetroCity Bankshares Inc. Common Stock,$34.45,-0.65,-1.852%,78293,991513339.00,United States,2019,Major Banks,Finance
MCD,McDonald's Corporation Common Stock,$238.32,-12.03,-4.805%,16605705,168645129668.00,United States,,Restaurants,Consumer Discretionary
MCFT,MasterCraft Boat Holdings Inc. Common Stock,$19.60,-0.87,-4.25%,260918,477051672.00,United States,2015,Marine Transportation,Industrials
MCGA,Yorkville Acquisition Corp. Class A Ordinary Share,$10.36,0.01,0.097%,33534,0.00,United States,2025,Electric Utilities: Central,Utilities
MCGAU,Yorkville Acquisition Corp. Unit,$10.335,0.00,0.00%,137,0.00,United States,2025,Blank Checks,Finance
MCGAW,Yorkville Acquisition Corp. Warrant,$0.332,0.00,0.00%,75,0.00,United States,2025,,
MCHB,Mechanics Bancorp Class A Common Stock,$15.00,-0.19,-1.251%,475983,3304680915.00,United States,2012,Major Banks,Finance
MCHP,Microchip Technology Incorporated Common Stock,$75.53,-0.29,-0.382%,7724696,41013446431.00,United States,1993,Semiconductors,Technology
MCHPP,Microchip Technology Incorporated Depositary Shares Each Representing a 1/20th Interest in a Share of 7.50% Series A Mandatory Convertible Preferred Stock,$64.71,0.01,0.015%,228940,35138092395.00,United States,,Semiconductors,Technology
MCHX,Marchex Inc. Class B Common Stock,$1.33,-0.09,-6.338%,9059,58969394.00,United States,2004,Computer Software: Prepackaged Software,Technology
MCI,Barings Corporate Investors Common Stock,$18.73,-0.13,-0.689%,17396,379501997.00,United States,,Trusts Except Educational Religious and Charitable,Finance
MCK,McKesson Corporation Common Stock,$880.50,-10.73,-1.204%,672915,102657814622.00,United States,,Other Pharmaceuticals,Health Care
MCN,XAI Madison Equity Premium Income Fund Common Shares,$5.33,-0.06,-1.113%,110110,0.00,United States,2004,,
MCO,Moody's Corporation Common Stock,$473.85,4.60,0.98%,789573,82070820000.00,United States,,Finance: Consumer Services,Finance
MCRB,Seres Therapeutics Inc. Common Stock,$3.79,-0.23,-5.721%,51661,38069720.00,United States,2015,Biotechnology: Pharmaceutical Preparations,Health Care
MCRI,Monarch Casino & Resort Inc. Common Stock,$117.57,0.33,0.281%,198484,2107150794.00,United States,1993,Hotels/Resorts,Consumer Discretionary
MCRP,Micropolis AI Robotics Ordinary Shares,$0.8285,-0.0015,-0.181%,86382,28905078.00,,2025,Auto Parts:O.E.M.,Consumer Discretionary
MCS,Marcus Corporation (The) Common Stock,$27.80,-0.01,-0.036%,235792,857134020.00,United States,,Movies/Entertainment,Consumer Discretionary
MCY,Mercury General Corporation Common Stock,$97.84,-0.09,-0.092%,238130,5419223266.00,United States,,Property-Casualty Insurers,Finance
MD,Pediatrix Medical Group Inc. Common Stock,$25.86,-0.49,-1.86%,454022,2101209588.00,United States,,Hospital/Nursing Management,Health Care
MDA,MDA Space Ltd. Common Shares,$31.59,0.26,0.83%,1045743,5121711877.00,,2026,Electronic Components,Consumer Discretionary
MDAI,Spectral AI Inc. Class A Common Stock,$1.66,0.00,0.00%,195439,53426980.00,United States,2021,Medical/Dental Instruments,Health Care
MDB,MongoDB Inc. Class A Common Stock,$428.36,0.67,0.157%,1193291,34507114231.00,United States,2017,Computer Software: Prepackaged Software,Technology
MDBH,MDB Capital Holdings LLC Class A common,$2.50,-0.135,-5.123%,1658,13596580.00,United States,2023,Finance: Consumer Services,Finance
MDCX,Medicus Pharma Ltd. Common Stock  ,$0.1594,-0.0046,-2.805%,1500074,9590786.00,Canada,,Biotechnology: Pharmaceutical Preparations,Health Care
MDCXW,Medicus Pharma Ltd. Warrant,$0.31,-0.045,-12.676%,1415,18652094.00,Canada,,Biotechnology: Pharmaceutical Preparations,Health Care
MDGL,Madrigal Pharmaceuticals Inc. Common Stock,$513.02,-5.81,-1.12%,316021,11852878721.00,United States,2007,Biotechnology: Pharmaceutical Preparations,Health Care
MDIA,Mediaco Holding Inc. Class A Common Stock ,$1.10,-0.02,-1.786%,1970,92421844.00,United States,,Broadcasting,Consumer Discretionary
MDLN,Medline Inc. Class A Common Stock,$34.30,-0.13,-0.378%,8592899,45094466976.00,United States,2025,Medical/Dental Instruments,Health Care
MDLZ,Mondelez International Inc. Class A Common Stock,$61.44,0.36,0.589%,9664933,78416367022.00,United States,,Packaged Foods,Consumer Staples
MDRR,Medalist Diversified Inc. Common Stock,$11.86,1.19,11.153%,2184,19314010.00,United States,2018,Real Estate Investment Trusts,Real Estate
MDT,Medtronic plc. Ordinary Shares,$89.30,-1.47,-1.619%,10534259,114227013577.00,United States,,Biotechnology: Electromedical & Electrotherapeutic Apparatus,Health Care
MDU,MDU Resources Group Inc. Common Stock (Holding Company),$18.39,-0.17,-0.916%,1528102,3868326496.00,United States,,Mining & Quarrying of Nonmetallic Minerals (No Fuels),Industrials
MDWD,MediWound Ltd. Ordinary Shares,$13.65,-0.30,-2.151%,73155,176225295.00,Israel,2014, Medicinal Chemicals and Botanical Products ,Health Care
MDXG,MiMedx Group Inc Common Stock,$4.77,-0.16,-3.245%,1003296,695277432.00,United States,,Medical/Dental Instruments,Health Care
MDXH,MDxHealth SA Ordinary Shares,$0.6055,0.0056,0.933%,109136,57775225.00,Belgium,2021,Medical Specialities,Health Care
MEC,Mayville Engineering Company Inc. Common Stock,$17.45,0.11,0.634%,567163,444980776.00,United States,2019,Industrial Specialties,Industrials
MED,MEDIFAST INC Common Stock,$11.95,-0.13,-1.076%,113872,133609401.00,United States,,Packaged Foods,Consumer Staples
MEDP,Medpace Holdings Inc. Common Stock,$617.15,-13.04,-2.069%,275907,17225677883.00,United States,2016,Biotechnology: Commercial Physical & Biological Resarch,Health Care
MEDS,DataMeds AI Inc. Common Stock,$3.83,-0.445,-10.409%,595604,10852435.00,United States,2025,Other Pharmaceuticals,Health Care
MEGI,NYLIM CBRE Global Infrastructure Megatrends Term Fund Common Shares,$13.93,-0.22,-1.555%,127929,0.00,United States,2021,Investment Managers,Finance
MEGL,Magic Empire Global Limited Class A Ordinary Shares,$1.1201,-0.0399,-3.44%,2189,72878242.00,Hong Kong,2022,Finance: Consumer Services,Finance
MEI,Methode Electronics Inc. Common Stock,$14.83,1.31,9.689%,1289163,528616136.00,United States,,Electrical Products,Technology
MELI,MercadoLibre Inc. Common Stock,$1799.24,-27.34,-1.497%,702028,91215714030.00,Argentina,2007,Business Services,Consumer Discretionary
MENS,Jyong Biotech Ltd. Ordinary Shares,$2.14,-0.24,-10.084%,68753,162699207.00,Taiwan,2025,Biotechnology: Pharmaceutical Preparations,Health Care
MEOH,Methanex Corporation Common Stock,$59.15,1.34,2.318%,672410,4576096156.00,Canada,,Major Chemicals,Industrials
MER^K,Bank of America Corporation Income Capital Obligation Notes initially due December 15 2066,$23.83,-0.05,-0.209%,98312,,United States,,,
MERC,Mercer International Inc. Common Stock,$0.3227,0.0003,0.093%,458046,21626719.00,Canada,,Paper,Basic Materials
MESH,Meshflow Acquisition Corp. Class A Ordinary Shares,$10.08,0.01,0.099%,569469,0.00,United States,2026,,
MESHW,Meshflow Acquisition Corp. Warrants,$0.21,-0.03,-12.50%,3492,0.00,United States,2026,,
MESO,Mesoblast Limited American Depositary Shares,$15.29,-0.63,-3.957%,451535,1988996760.00,Australia,2015,Biotechnology: Biological Products (No Diagnostic Substances),Health Care
MET,MetLife Inc. Common Stock,$97.20,1.28,1.334%,2943321,61768357304.00,United States,2000,Life Insurance,Finance
MET^A,MetLife Inc. Preferred Series A Floating Rate,$21.35,0.21,0.993%,81835,,United States,,,
MET^E,MetLife Inc. Depositary Shares ,$20.36,-0.05,-0.245%,89286,,United States,,,
MET^F,MetLife Inc. Depositary Shares each representing a 1/1000th interest in a share of 4.75% Non-Cumulative Preferred Stock Series F,$17.12,-0.08,-0.465%,229539,,United States,,,
META,Meta Platforms Inc. Class A Common Stock,$744.10,7.505,1.019%,30830293,1895599382023.00,United States,2012,Computer Software: Programming Data Processing,Technology
METC,Ramaco Resources Inc. Class A Common Stock,$9.28,-0.42,-4.33%,1933980,590980783.00,United States,2017,Coal Mining,Energy
METCB,Ramaco Resources Inc. Class B Common Stock,$4.72,-0.42,-8.171%,73007,300585053.00,United States,,Coal Mining,Energy
METCI,Ramaco Resources Inc. 8.250% Senior Notes due 2030,$25.45,-0.01,-0.039%,7173,0.00,United States,,Coal Mining,Energy
METCZ,Ramaco Resources Inc. 8.375% Senior Notes due 2029,$25.54,0.0153,0.06%,5846,0.00,United States,,Coal Mining,Energy
MEVO,M Evo Global Acquisition Corp II Class A Ordinary Shares,$10.015,0.005,0.05%,2105,0.00,United States,2026,Blank Checks,Finance
MF,MindForge Inc. Class A Ordinary Shares,$13.336,-0.164,-1.215%,28611,24223510.00,China,2024,Computer Software: Programming Data Processing,Technology
MFA,MFA Financial Inc.,$8.32,-0.24,-2.804%,1817560,841051644.00,United States,,Real Estate Investment Trusts,Real Estate
MFA^B,MFA Financial Inc. Preferred Series B,$18.96,-0.45,-2.318%,14058,,United States,,,
MFA^C,MFA Financial Inc. 6.50% Series C Fixed-to-Floating Rate Cumulative Redeemable Preferred Stock,$22.74,-0.12,-0.525%,21871,,United States,,,
MFAN,MFA Financial Inc. 8.875% Senior Notes due 2029,$25.20,-0.03,-0.119%,16367,2587251290.00,United States,2024,Real Estate Investment Trusts,Real Estate
MFAO,MFA Financial Inc. 9.000% Senior Notes due 2029,$25.2801,-0.0399,-0.158%,5692,2595475053.00,United States,2024,Real Estate Investment Trusts,Real Estate
MFC,Manulife Financial Corporation Common Stock,$43.60,-0.57,-1.29%,1536517,72763626410.00,Canada,,Life Insurance,Finance
MFG,Mizuho Financial Group Inc. Sponosred ADR (Japan),$10.74,-0.13,-1.196%,2462687,133704869498.00,Japan,,Major Banks,Finance
MFI,mF International Limited Class A Ordinary Shares,$9.40,-0.10,-1.053%,3475,471658959.00,Hong Kong,2024,EDP Services,Technology
MFIC,MidCap Financial Investment Corporation Common Stock,$8.90,-0.16,-1.766%,657831,733116389.00,United States,2004,Finance/Investors Services,Finance
MFICL,MidCap Financial Investment Corporation 8.00% Notes due 2028,$25.125,-0.035,-0.139%,660,2344253503.00,United States,,Finance/Investors Services,Finance
MFIN,Medallion Financial Corp. Common Stock,$11.54,-0.56,-4.628%,145672,264961273.00,United States,,Finance: Consumer Services,Finance
MFM,Aberdeen Municipal Income Fund Common Shares of Beneficial Interest,$5.02,-0.09,-1.761%,718272,206761908.00,United States,1986,Finance Companies,Finance
MFP,Midera Food Processing Inc. Common Stock,$44.80,0.06,0.134%,328997,2026324384.00,United States,,Industrial Machinery/Components,Industrials
MG,Mistras Group Inc Common Stock,$20.94,0.07,0.335%,509322,666936759.00,United States,2009,Military/Government/Technical,Consumer Discretionary
MGA,Magna International Inc. Common Stock,$63.73,-0.06,-0.094%,1284031,16917405471.00,Canada,,Auto Parts:O.E.M.,Consumer Discretionary
MGEE,MGE Energy Inc,$70.86,-1.84,-2.531%,163495,2677375090.00,United States,,Electric Utilities: Central,Energy
MGF,Aberdeen Government Markets Income Fund Common Shares of Beneficial Interest,$2.71,-0.04,-1.455%,34506,88338935.00,United States,1987,Trusts Except Educational Religious and Charitable,Finance
MGIH,Millennium Group International Holdings Limited Ordinary Shares,$1.575,0.065,4.305%,28769,17718750.00,Hong Kong,2023,Publishing,Consumer Discretionary
MGLD,The Marygold Companies Inc. Common Stock,$0.96,0.00,0.00%,13953,41003760.00,,2022,Finance: Consumer Services,Finance
MGM,MGM Resorts International Common Stock,$37.85,-1.05,-2.699%,3223312,9777530963.00,United States,,Hotels/Resorts,Consumer Discretionary
MGN,Megan Holdings Limited Class A Ordinary Shares,$3.95,-0.19,-4.589%,116846,3653750.00,Malaysia,2025,Farming/Seeds/Milling,Consumer Staples
MGNI,Magnite Inc. Common Stock,$24.06,-0.74,-2.984%,2122746,3450785217.00,United States,,Computer Software: Programming Data Processing,Technology
MGNX,MacroGenics Inc. Common Stock,$3.80,-0.32,-7.767%,524602,242060711.00,United States,2013,Biotechnology: Pharmaceutical Preparations,Health Care
MGPI,MGP Ingredients Inc.,$12.94,-0.56,-4.148%,292616,277098143.00,United States,,Beverages (Production/Distribution),Consumer Staples
MGR,Affiliated Managers Group Inc. 5.875% Junior Subordinated Notes due 2059,$19.57,0.08,0.41%,85284,556024073.00,United States,2019,Investment Managers,Finance
MGRB,Affiliated Managers Group Inc. 4.750% Junior Subordinated Notes due 2060,$16.12,-0.045,-0.278%,24365,458002456.00,United States,2020,Investment Managers,Finance
MGRC,McGrath RentCorp Common Stock,$113.24,-0.23,-0.203%,185758,2765962078.00,United States,1984,Diversified Commercial Services,Consumer Discretionary
MGRD,Affiliated Managers Group Inc. 4.200% Junior Subordinated Notes due 2061,$14.60,0.01,0.069%,72113,414816120.00,United States,2021,Investment Managers,Finance
MGRE,Affiliated Managers Group Inc. 6.750% Junior Subordinated Notes due 2064,$21.75,-0.23,-1.046%,26393,617962370.00,United States,2024,Investment Managers,Finance
MGRT,Mega Fortune Company Limited Ordinary Shares,$120.00,0.50,0.418%,1493,1650000000.00,Hong Kong,2025,EDP Services,Technology
MGRX,Mangoceuticals Inc. Common Stock,$0.4489,0.0178,4.129%,408363,9681616.00,United States,2023,Misc Health and Biotechnology Services,Health Care
MGTX,MeiraGTx Holdings plc Ordinary Shares,$11.75,-0.60,-4.858%,1419316,1128505203.00,United States,2018,Biotechnology: Biological Products (No Diagnostic Substances),Health Care
MGX,Metagenomi Therapeutics Inc. Common Stock,$1.13,-0.01,-0.877%,100346,42688129.00,United States,2024,Biotechnology: Biological Products (No Diagnostic Substances),Health Care
MGY,Magnolia Oil & Gas Corporation Class A Common Stock,$24.42,0.40,1.665%,4902740,6544714383.00,United States,2017,Oil & Gas Production,Energy
MGYR,Magyar Bancorp Inc. Common Stock,$19.23,-0.05,-0.259%,700,124137015.00,United States,2006,Savings Institutions,Finance
MH,McGraw Hill Inc. Common Stock,$13.75,0.21,1.551%,662239,2630496193.00,,2025,Publishing,Consumer Discretionary
MHD,Blackrock MuniHoldings Fund Inc. Common Stock,$10.62,-0.29,-2.658%,983962,1579857442.00,United States,1997,Investment Bankers/Brokers/Service,Finance
MHF,Western Asset Municipal High Income Fund Inc. Common Stock,$6.27,-0.16,-2.488%,91626,0.00,United States,1988,Finance/Investors Services,Finance
MHH,Mastech Digital Inc Common Stock,$7.30,0.15,2.098%,3900,87691841.00,United States,,Professional Services,Consumer Discretionary
MHK,Mohawk Industries Inc. Common Stock,$119.65,-1.58,-1.303%,890048,8104869049.00,United States,,Home Furnishings,Consumer Discretionary
MHLA,Maiden Holdings Ltd. 6.625% Notes due 2046,$8.96,-0.28,-3.03%,3542,69367809.00,Bermuda,2016,Property-Casualty Insurers,Finance
MHNC,Maiden Holdings North America Ltd. 7.75% Notes due 2043,$10.20,-0.015,-0.147%,5241,78967819.00,Bermuda,2013,Property-Casualty Insurers,Finance
MHO,M/I Homes Inc. Common Stock,$137.77,-4.90,-3.434%,168429,3483243181.00,United States,1993,Homebuilding,Consumer Discretionary
MI,NFT Limited Class A Ordinary Share,$2.41,0.03,1.261%,47088,1230857.00,,2023,Finance: Consumer Services,Finance
MIAC,Meridian3 Industrials Acquisition Corp Class A Ordinary Shares,$9.82,0.01,0.102%,68991,0.00,United States,2026,,
MIACW,Meridian3 Industrials Acquisition Corp Warrant,$0.34,-0.05,-12.821%,182,0.00,United States,2026,,
MIAX,Miami International Holdings Inc. Common Stock,$35.89,-0.87,-2.367%,1164377,3561396929.00,United States,2025,Investment Bankers/Brokers/Service,Finance
MICC,The Magnum Ice Cream Company N.V. Ordinary Shares,$19.06,-0.26,-1.346%,868837,11669670625.00,,2025,Specialty Foods,Consumer Staples
MIDD,Middleby Corporation (The) Common Stock,$111.24,-1.55,-1.374%,717735,5030534103.00,United States,,Industrial Machinery/Components,Industrials
MIMI,Mint Incorporation Limited Class A Ordinary Shares,$0.7829,-0.0272,-3.358%,258659,12442333.00,Hong Kong,2025,Business Services,Consumer Discretionary
MIN,Aberdeen Intermediate Income Fund Common Shares of Beneficial Interest,$2.36,-0.01,-0.422%,321328,271158740.00,United States,1988,Trusts Except Educational Religious and Charitable,Finance
MIND,MIND Technology Inc. Common Stock (DE),$4.47,0.11,2.523%,92480,40628076.00,United States,1994,Industrial Machinery/Components,Industrials
MINE,Mayfair Gold Corp. Common Shares,$2.84,-0.06,-2.069%,185594,190673329.00,,2026,Oil & Gas Production,Energy
MIR,Mirion Technologies Inc. Class A Common Stock,$16.38,-0.11,-0.667%,3203486,4079236658.00,United States,2020,Industrial Machinery/Components,Industrials
MIRA,MIRA Pharmaceuticals Inc. Common Stock,$0.8577,-0.0483,-5.331%,119282,36042344.00,United States,2023,Biotechnology: Pharmaceutical Preparations,Health Care
MIRM,Mirum Pharmaceuticals Inc. Common Stock,$89.32,-2.07,-2.265%,739208,5799744372.00,United States,2019,Biotechnology: Pharmaceutical Preparations,Health Care
MIST,Milestone Pharmaceuticals Inc. Common Shares,$0.862,-0.059,-6.406%,1529148,107317259.00,Canada,2019,Biotechnology: Pharmaceutical Preparations,Health Care
MITK,Mitek Systems Inc. Common Stock,$17.69,0.22,1.259%,786545,798214796.00,United States,,Computer peripheral equipment,Technology
MITN,TPG Mortgage Investment Trust Inc. 9.500% Senior Notes due 2029,$25.43,0.0056,0.022%,1876,750006583.00,United States,2024,Real Estate Investment Trusts,Real Estate
MITP,TPG Mortgage Investment Trust Inc. 9.500% Senior Notes due 2029,$25.42,-0.0101,-0.04%,5458,749711653.00,United States,2024,Real Estate Investment Trusts,Real Estate
MITQ,Moving iMage Technologies Inc. Common Stock,$0.6189,-0.0181,-2.841%,76462,6152529.00,United States,2021,Industrial Machinery/Components,Consumer Discretionary
MITT,TPG Mortgage Investment Trust Inc. Common Stock,$6.19,-0.25,-3.882%,419383,196863510.00,United States,2011,Real Estate Investment Trusts,Real Estate
MITT^A,TPG Mortgage Investment Trust Inc. 8.25% Series A Cumulative Redeemable Preferred Stock,$21.13,0.04,0.19%,480,,United States,,,
MITT^B,TPG Mortgage Investment Trust Inc. 8.00% Series B Cumulative Redeemable Preferred Stock,$19.66,-0.14,-0.707%,1445,,United States,,,
MITT^C,TPG Mortgage Investment Trust Inc. 8.00% Series C Fixed-to-Floating Rate Cumulative Redeemable Preferred Stock $0.01 par value per share,$25.0401,0.0101,0.04%,8560,,United States,,,
MIY,Blackrock MuniYield Michigan Quality Fund Inc. Common Stock,$11.76,-0.26,-2.163%,86932,1749446659.00,United States,1992,Investment Bankers/Brokers/Service,Finance
MKC,McCormick & Company Incorporated Common Stock,$49.09,-0.33,-0.668%,2696772,13197922688.00,United States,,Packaged Foods,Consumer Staples
MKDW,MKDWELL Tech Inc. Ordinary Share,$1.56,-0.16,-9.302%,539768,53349570.00,Taiwan,,Consumer Electronics/Appliances,Technology
MKL,Markel Group Inc. Common Stock,$1741.87,-21.49,-1.219%,67096,21581696141.00,United States,1986,Property-Casualty Insurers,Finance
MKLY,McKinley Acquisition Corporation Class A Ordinary Shares,$10.25,-0.0026,-0.025%,333,0.00,United States,2025,Blank Checks,Finance
MKLYR,McKinley Acquisition Corporation Rights,$0.25,0.01,4.167%,139291,0.00,United States,2025,Blank Checks,Finance
MKSI,MKS Inc. Common Stock,$262.72,2.35,0.903%,1534325,17764484838.00,United States,1999,Industrial Machinery/Components,Industrials
MKTW,MarketWise Inc. Class A Common Stock,$18.75,0.54,2.965%,14408,295771594.00,United States,,Computer Software: Prepackaged Software,Technology
MKTX,MarketAxess Holdings Inc. Common Stock,$163.71,0.28,0.171%,729587,5761428186.00,United States,2004,Investment Bankers/Brokers/Service,Finance
MKZR,MacKenzie Realty Capital Inc. Common Stock,$1.37,0.04,3.008%,3275,3801323.00,United States,,Real Estate Investment Trusts,Real Estate
MLAA,Mountain Lake Acquisition Corp. II Class A Ordinary Shares,$10.01,-0.01,-0.10%,421570,0.00,United States,2026,Blank Checks,Finance
MLAAU,Mountain Lake Acquisition Corp. II Units,$10.0801,0.00,0.00%,50,0.00,United States,2026,Blank Checks,Finance
MLAAW,Mountain Lake Acquisition Corp. II Warrants,$0.175,-0.0075,-4.11%,4003,0.00,United States,2026,Blank Checks,Finance
MLAB,Mesa Laboratories Inc. Common Stock,$133.01,-1.62,-1.203%,105467,744306536.00,United States,,Industrial Machinery/Components,Industrials
MLCI,Mount Logan Capital Inc. Common Stock,$3.33,0.065,1.991%,5970,37258597.00,United States,,Investment Managers,Finance
MLCIL,Mount Logan Capital Inc. 8.00% Notes Due 2031,$22.50,0.00,0.00%,13,0.00,United States,,Investment Managers,Finance
MLCO,Melco Resorts & Entertainment Limited American Depositary Shares,$4.72,-0.06,-1.255%,1279177,1857155753.00,Hong Kong,2006,Hotels/Resorts,Consumer Discretionary
MLEC,Moolec Science SA Ordinary Shares,$6.26,0.71,12.793%,23864,4545499.00,Luxembourg,,Blank Checks,Finance
MLECW,Moolec Science SA Warrant,$0.0173,0.004,30.075%,71781,12562.00,Luxembourg,,Blank Checks,Finance
MLGO,MicroAlgo Inc. Class A Ordinary Shares,$3.41,-0.05,-1.445%,41695,42411742.00,United States,2021,EDP Services,Technology
MLI,Mueller Industries Inc. Common Stock,$60.33,0.43,0.718%,1250635,13343873138.00,United States,,Metal Fabrications,Industrials
MLKN,MillerKnoll Inc. Common Stock,$20.04,-0.25,-1.232%,1177754,1377410583.00,United States,,Office Equipment/Supplies/Services,Consumer Discretionary
MLM,Martin Marietta Materials Inc. Common Stock,$490.45,-8.89,-1.78%,1186105,29459290738.00,United States,1994,Mining & Quarrying of Nonmetallic Minerals (No Fuels),Industrials
MLP,Maui Land & Pineapple Company Inc. Common Stock,$16.21,-0.04,-0.246%,18193,321916903.00,United States,1998,Real Estate,Finance
MLR,Miller Industries Inc. Common Stock,$54.19,-0.18,-0.331%,142523,615174851.00,United States,,Construction/Ag Equipment/Trucks,Consumer Discretionary
MLSS,Milestone Scientific Inc. Common Stock,$0.416,0.0188,4.733%,24853,37708072.00,United States,2015,Industrial Specialties,Health Care
MLTX,MoonLake Immunotherapeutics Class A Ordinary Shares,$12.90,-0.48,-3.587%,2003595,1097876237.00,United States,2020,Biotechnology: Pharmaceutical Preparations,Health Care
MLYS,Mineralys Therapeutics Inc. Common Stock,$26.89,-2.51,-8.537%,1479371,2377261138.00,United States,2023,Biotechnology: Pharmaceutical Preparations,Health Care
MMA,Mixed Martial Arts Group Limited Ordinary Shares,$0.4334,-0.0047,-1.073%,139972,11477967.00,,2024,Other Consumer Services,Consumer Discretionary
MMD,NYLIM MacKay DefinedTerm Muni Opportunities Fund Common Shares,$13.93,-0.19,-1.346%,161424,0.00,United States,2012,Investment Managers,Finance
MMED,MiniMed Group Inc. Common Stock,$20.54,-0.66,-3.113%,2845330,5778927583.00,United States,2026,Medical/Dental Instruments,Health Care
MMI,Marcus & Millichap Inc. Common Stock,$30.07,-0.86,-2.78%,170103,1138781060.00,United States,2013,Real Estate,Finance
MMLP,Martin Midstream Partners L.P. Limited Partnership,$2.2152,-0.0148,-0.664%,5473,86669004.00,United States,2002,Oil Refining/Marketing,Energy
MMM,3M Company Common Stock,$170.30,1.00,0.591%,2787377,87827527615.00,United States,,Medical/Dental Instruments,Health Care
MMS,Maximus Inc. Common Stock,$53.79,-1.39,-2.519%,536926,2816324072.00,United States,1997,Business Services,Consumer Discretionary
MMSI,Merit Medical Systems Inc. Common Stock,$87.07,-0.19,-0.218%,611281,5198986269.00,United States,,Medical/Dental Instruments,Health Care
MMT,Aberdeen Multi-Market Income Fund Common Shares of Beneficial Interest,$4.31,-0.02,-0.462%,158387,256653195.00,United States,1987,Trusts Except Educational Religious and Charitable,Finance
MMTX,Miluna Acquisition Corp Class A Ordinary Share,$10.19,0.00,0.00%,15,0.00,Taiwan,2025,Blank Checks,Finance
MMU,Western Asset Managed Municipals Fund Inc. Common Stock,$9.14,-0.25,-2.662%,313342,0.00,United States,1992,Investment Managers,Finance
MMYT,MakeMyTrip Limited Ordinary Shares,$46.79,-1.55,-3.206%,777669,4401004795.00,India,2010,Transportation Services,Consumer Discretionary
MNDO,MIND C.T.I. Ltd. Ordinary Shares,$1.02,0.0399,4.071%,42752,20588869.00,Israel,,EDP Services,Technology
MNDR,Mobile-health Network Solutions Class A Ordinary Shares,$1.39,0.00,0.00%,656628,1660406.00,Singapore,2024,Computer Software: Prepackaged Software,Technology
MNDY,monday.com Ltd. Ordinary Shares,$86.46,1.51,1.778%,953934,3709734378.00,Israel,2021,Computer Software: Prepackaged Software,Technology
MNKD,MannKind Corporation Common Stock,$3.34,-0.15,-4.298%,2877470,1073958577.00,United States,2004,Biotechnology: Pharmaceutical Preparations,Health Care
MNOV,Medicinova Inc Common Stock,$2.80,-0.10,-3.448%,396380,137819489.00,United States,,Biotechnology: Pharmaceutical Preparations,Health Care
MNPR,Monopar Therapeutics Inc. Common Stock,$89.38,-7.25,-7.503%,89350,599933933.00,United States,2019,Biotechnology: Pharmaceutical Preparations,Health Care
MNR,Mach Natural Resources LP Common Units representing Limited Partner Interests,$10.48,-0.40,-3.676%,1071848,1749616025.00,United States,2023,Oil & Gas Production,Energy
MNRO,Monro Inc. Common Stock,$14.02,-0.27,-1.889%,816420,438322121.00,United States,1991,Automotive Aftermarket,Consumer Discretionary
MNSB,MainStreet Bancshares Inc. Common Stock,$24.80,-0.30,-1.195%,16286,176602685.00,United States,,Major Banks,Finance
MNSBP,MainStreet Bancshares Inc. Depositary Shares,$24.97,-0.04,-0.16%,1415,177813268.00,United States,,Major Banks,Finance
MNSO,MINISO Group Holding Limited American Depositary Shares each representing four Ordinary Shares,$8.98,-0.10,-1.101%,466504,2778331575.00,China,2020,Department/Specialty Retail Stores,Consumer Discretionary
MNST,Monster Beverage Corporation,$43.91,-0.36,-0.813%,9069963,129033073487.00,United States,,Beverages (Production/Distribution),Consumer Staples
MNTK,Montauk Renewables Inc. Common Stock,$2.275,-0.325,-12.50%,531308,323826091.00,United States,2021,Natural Gas Distribution,Utilities
MNTN,MNTN Inc. Class A Common Stock,$10.56,-0.65,-5.798%,679916,789921401.00,United States,2025,Advertising,Consumer Discretionary
MNTS,Momentus Inc. Class A Common Stock,$4.23,-0.12,-2.759%,344424,92905186.00,United States,2019,Military/Government/Technical,Industrials
MNY,MoneyHero Limited Class A Ordinary Shares,$0.709,0.0036,0.51%,19956,31503152.00,Singapore,,Business Services,Consumer Discretionary
MNYWW,MoneyHero Limited Warrants,$0.0281,-0.0045,-13.804%,40696,1248573.00,Singapore,,Business Services,Consumer Discretionary
MO,Altria Group Inc.,$68.95,0.31,0.452%,9568054,115128843698.00,United States,, Medicinal Chemicals and Botanical Products ,Health Care
MOB,Mobilicom Limited Ordinary Shares,$5.05,-0.38,-6.998%,94912,63798524.00,Israel,2022,Aerospace,Industrials
MOBBW,Mobilicom Limited Warrants,$1.49,0.00,0.00%,4476,18823723.00,Israel,2022,Aerospace,Industrials
MOBI,Mobia Medical Inc. Common Stock,$9.16,-0.40,-4.184%,198031,304946439.00,United States,2026,Medical/Dental Instruments,Health Care
MOBX,Mobix Labs Inc. Class A Common Stock,$0.8002,-0.035,-4.191%,1192083,14365226.00,United States,2021,Semiconductors,Technology
MOBXW,Mobix Labs Inc Warrants,$0.0921,0.00,0.00%,1301,1653383.00,United States,2021,Semiconductors,Technology
MOD,Modine Manufacturing Company Common Stock,$193.11,-2.85,-1.454%,1085836,10256595042.00,United States,,Auto Parts:O.E.M.,Consumer Discretionary
MODD,Modular Medical Inc. Common Stock,$2.22,0.00,0.00%,11309,18094827.00,United States,,Medical/Dental Instruments,Health Care
MOGU,MOGU Inc. American Depositary Shares (each  representing 25 Class A Ordinary Shares),$1.9753,0.1153,6.199%,476,16164459.00,,2018,Business Services,Consumer Discretionary
MOH,Molina Healthcare Inc Common Stock,$189.37,-1.82,-0.952%,647546,9885114000.00,United States,2003,Medical Specialities,Health Care
MOLN,Molecular Partners AG American Depositary Shares,$4.30,0.04,0.939%,290,161298001.00,Switzerland,2021,Biotechnology: Biological Products (No Diagnostic Substances),Health Care
MOMO,Hello Group Inc. American Depositary Shares,$4.93,-0.10,-1.988%,620707,728394687.00,China,2014,Computer Software: Prepackaged Software,Technology
MORN,Morningstar Inc. Common Stock,$200.32,5.09,2.607%,342951,7514718543.00,United States,2005,Investment Managers,Finance
MOS,Mosaic Company (The) Common Stock,$24.37,-0.36,-1.456%,5306847,7747116893.00,United States,,Agricultural Chemicals,Industrials
MOV,Movado Group Inc. Common Stock,$33.24,-0.04,-0.12%,176659,741659024.00,United States,,Consumer Specialties,Consumer Discretionary
MOVE,Corvex Inc. Common Stock,$11.42,0.51,4.675%,207363,360326981.00,United States,2021,EDP Services,Technology
MP,MP Materials Corp. Common Stock,$48.89,-2.15,-4.212%,4206545,8707386637.00,United States,2020,Metal Mining,Basic Materials
MPA,Blackrock MuniYield Pennsylvania Quality Fund Common Stock,$9.97,-0.18,-1.773%,68451,0.00,United States,1992,Finance Companies,Finance
MPAA,Motorcar Parts  of America Inc. Common Stock,$10.56,-0.29,-2.673%,136090,199934666.00,United States,,Auto Parts:O.E.M.,Consumer Discretionary
MPB,Mid Penn Bancorp Common Stock,$35.90,-0.58,-1.59%,73887,909534219.00,United States,,Major Banks,Finance
MPC,Marathon Petroleum Corporation Common Stock,$388.38,-1.30,-0.334%,4184612,109066721454.00,United States,,Integrated oil Companies,Energy
MPLT,MapLight Therapeutics Inc. Common Stock,$10.77,-0.09,-0.829%,538969,697611737.00,United States,2025,Biotechnology: Pharmaceutical Preparations,Health Care
MPLX,MPLX LP Common Units Representing Limited Partner Interests,$58.81,-0.35,-0.592%,1234471,59625003741.00,United States,2012,Natural Gas Distribution,Energy
MPT,Medical Properties Trust Inc. common stock,$3.59,-0.05,-1.374%,8677765,2143948000.00,United States,,Real Estate Investment Trusts,Real Estate
MPTI,M-tron Industries Inc. Common Stock,$73.51,-0.78,-1.05%,79358,319509451.00,United States,2022,Industrial Machinery/Components,Technology
MPU,Mega Matrix Inc. Class A Ordinary Shares,$2.80,-0.055,-1.926%,11238,9579618.00,United States,1998,Movies/Entertainment,Consumer Discretionary
MPV,Barings Participation Investors Common Stock,$16.415,-0.09,-0.545%,16875,174026906.00,United States,1988,Finance Companies,Finance
MPWR,Monolithic Power Systems Inc. Common Stock,$1355.47,-25.15,-1.822%,767412,66611862210.00,United States,2004,Semiconductors,Technology
MQ,Marqeta Inc. Class A Common Stock,$16.10,0.18,1.131%,1101031,1675991227.00,United States,2021,Computer Software: Prepackaged Software,Technology
MQY,Blackrock MuniYield Quality Fund Inc. Common Stock,$10.21,-0.22,-2.109%,1310397,1518864829.00,United States,1992,Investment Bankers/Brokers/Service,Finance
MRAM,Everspin Technologies Inc. Common Stock,$17.09,-0.59,-3.337%,770555,416141654.00,United States,2016,Semiconductors,Technology
MRBK,Meridian Corporation Common Stock,$19.14,-0.30,-1.543%,65560,228321979.00,United States,2017,Major Banks,Finance
MRCO,Mercator Acquisition Corp. Class A Ordinary Shares,$9.86,0.01,0.102%,9732,0.00,United States,2026,Blank Checks,Finance
MRCOW,Mercator Acquisition Corp. Warrant,$0.31,0.00,0.00%,1009,0.00,United States,2026,Blank Checks,Finance
MRCY,Mercury Systems Inc Common Stock,$82.72,-1.16,-1.383%,444832,5034635834.00,United States,1998,Electrical Products,Technology
MRDN,Meridian Holdings Inc. Common Stock,$13.42,-0.23,-1.685%,33010,170024408.00,United States,,Computer Software: Prepackaged Software,Technology
MREO,Mereo BioPharma Group plc American Depositary Shares,$0.3403,0.024,7.588%,3930744,52796050.00,United Kingdom,,Biotechnology: Pharmaceutical Preparations,Health Care
MRK,Merck & Company Inc. Common Stock (new),$148.08,-2.83,-1.875%,9703731,365338776155.00,United States,,Biotechnology: Pharmaceutical Preparations,Health Care
MRKR,Marker Therapeutics Inc. Common Stock,$1.24,0.02,1.639%,64911,20674677.00,United States,,Biotechnology: Pharmaceutical Preparations,Health Care
MRLN,Merlin Inc. Common Stock,$1.77,-0.15,-7.813%,4717265,178889978.00,United States,2024,EDP Services,Technology
MRM,MEDIROM Healthcare Technologies Inc. American Depositary Share,$0.735,-0.0351,-4.558%,3349,5807933.00,Japan,2020,Other Consumer Services,Consumer Discretionary
MRNA,Moderna Inc. Common Stock,$182.11,-0.45,-0.246%,17727850,72704847746.00,United States,2018,Biotechnology: Biological Products (No Diagnostic Substances),Health Care
MRNO,Murano Global Investments PLC Ordinary Shares,$0.2496,-0.0656,-20.812%,1325247,19779021.00,Mexico,,Hotels/Resorts,Consumer Discretionary
MRP,Millrose Properties Inc. Class A Common Stock,$26.81,-1.92,-6.683%,2965776,4451744923.00,United States,2025,Real Estate,Finance
MRSH,Marsh Common Stock,$170.38,0.37,0.218%,2654461,81307255842.00,United States,,Specialty Insurers,Finance
MRT,Marti Technologies Inc. Class A Ordinary Shares,$1.98,-0.01,-0.503%,50285,170364597.00,,2021,Rental/Leasing Companies,Consumer Discretionary
MRTN,Marten Transport Ltd. Common Stock,$13.17,-0.17,-1.274%,689917,1075484181.00,United States,1986,Trucking Freight/Courier Services,Industrials
MRVI,Maravai LifeSciences Holdings Inc. Class A Common Stock,$7.37,-0.09,-1.206%,1549788,1913794616.00,United States,2020,Biotechnology: Pharmaceutical Preparations,Health Care
MRVL,Marvell Technology Inc. Common Stock,$260.90,-1.46,-0.556%,13683583,228783210000.00,United States,2000,Semiconductors,Technology
MRX,Marex Group Limited Ordinary Shares,$71.59,-1.06,-1.459%,410655,5307169801.00,United Kingdom,2024,Investment Bankers/Brokers/Service,Finance
MS,Morgan Stanley Common Stock,$198.39,-1.79,-0.894%,4344622,311584646670.00,United States,,Investment Bankers/Brokers/Service,Finance
MS^A,Morgan Stanley Dep Shs repstg 1/1000 Pfd Ser A,$19.21,0.00,0.00%,149646,,United States,,,
MS^E,Morgan Stanley DEPOSITARY SHARES REP 1/1000TH SHARES FIXED/FLTG PREFERRED STOCK SERIES E,$25.54,0.00,0.00%,70312,,United States,,,
MS^F,Morgan Stanley Dep Shs Rpstg 1/1000th Int Prd Ser F Fxd to Flag,$25.20,-0.15,-0.592%,90442,,United States,,,
MS^I,Morgan Stanley Depository Shares Representing 1/1000th Preferred Series 1 Fixed to Floating Non (Cum),$23.82,-0.17,-0.709%,91494,,United States,,,
MS^K,Morgan Stanley Depositary Shares each representing 1/1000th of a share of Fixed-to-Floating Rate Non-Cumulative Preferred Stock  Series K,$21.90,-0.20,-0.905%,102134,,United States,,,
MS^L,Morgan Stanley Depositary Shares each representing 1/1000th of a share of 4.875% Non-Cumulative Preferred Stock Series L,$18.47,-0.12,-0.646%,61396,,United States,,,
MS^O,Morgan Stanley Depositary Shares each representing 1/1000th of a share of 4.250% Non-Cumulative Preferred Stock Series O,$15.92,-0.26,-1.607%,193996,,United States,,,
MS^P,Morgan Stanley Depositary Shares each representing 1/1000th of a share of 6.500% Non-Cumulative Preferred Stock Series P,$24.72,-0.24,-0.962%,173882,,United States,,,
MS^Q,Morgan Stanley Depositary Shares each representing 1/1000th of a share of 6.625% Non-Cumulative Preferred Stock Series Q,$25.01,-0.24,-0.95%,113397,,United States,,,
MSA,MSA Safety Incorporated Common Stock,$182.84,3.93,2.197%,235766,7053654361.00,United States,2000,Industrial Specialties,Health Care
MSAI,MultiSensor AI Holdings Inc. Common Stock,$4.8212,-0.1087,-2.205%,2047,10633870.00,United States,2021,Electronic Components,Technology
MSAIW,MultiSensor AI Holdings Inc. Warrant,$0.02,0.0053,36.054%,11715,44113.00,United States,2021,Electronic Components,Technology
MSB,Mesabi Trust Common Stock,$20.17,-0.56,-2.701%,19049,264630602.00,United States,,Precious Metals,Industrials
MSBI,Midland States Bancorp Inc. Common Stock,$32.39,-0.49,-1.49%,118266,672160908.00,United States,2016,Major Banks,Finance
MSBIP,Midland States Bancorp Inc. Depositary Shares Each Representing a 1/40th Interest in a Share of 7.750% Fixed-Rate Reset Non-Cumulative Perpetual Preferred Stock Series A,$25.305,-0.06,-0.237%,898,525132194.00,United States,,Major Banks,Finance
MSC,Studio City International Holdings Limited American depositary shares each representing four  Class A ordinary shares,$0.7991,-0.0332,-3.989%,67920,168383247.00,,2018,Hotels/Resorts,Consumer Discretionary
MSCI,MSCI Inc. Common Stock,$555.70,6.82,1.243%,611738,40399390000.00,United States,,Business Services,Consumer Discretionary
MSD,Morgan Stanley Emerging Markets Debt Fund Inc. Common Stock,$6.91,-0.20,-2.813%,376059,0.00,United States,1993,Trusts Except Educational Religious and Charitable,Finance
MSDL,Morgan Stanley Direct Lending Fund Common Stock,$14.40,-0.24,-1.639%,295883,0.00,United States,2024,,
MSEX,Middlesex Water Company Common Stock,$53.65,-1.27,-2.312%,99817,1010977703.00,United States,,Water Supply,Utilities
MSFT,Microsoft Corporation Common Stock,$500.59,2.59,0.52%,19445689,3717153817340.00,United States,1986,Computer Software: Prepackaged Software,Technology
MSGE,Madison Square Garden Entertainment Corp. Class A Common Stock,$78.49,-1.68,-2.096%,275295,3712987817.00,United States,2023,Services-Misc. Amusement & Recreation,Consumer Discretionary
MSGM,Motorsport Games Inc. Class A Common Stock,$4.35,0.12,2.837%,50588,19961289.00,United States,2021,Computer Software: Prepackaged Software,Technology
MSGS,Madison Square Garden Sports Corp. Class A Common Stock (New),$394.80,-1.82,-0.459%,233185,9506760707.00,United States,2015,Services-Misc. Amusement & Recreation,Consumer Discretionary
MSGY,Masonglory Limited Class A Ordinary Shares ,$2.03,0.01,0.495%,12452,4302839.00,Hong Kong,2025,Engineering & Construction,Consumer Discretionary
MSI,Motorola Solutions Inc. Common Stock,$460.44,3.74,0.819%,814849,76199959747.00,United States,,Radio And Television Broadcasting And Communications Equipment,Technology
MSIF,MSC Income Fund Inc. Common Stock,$12.41,-0.19,-1.508%,136713,562734292.00,,2025,Finance/Investors Services,Finance
MSLE,Satellos Bioscience Inc. Common Stock,$8.41,-0.46,-5.186%,42995,178430252.00,Canada,,Biotechnology: Pharmaceutical Preparations,Health Care
MSM,MSC Industrial Direct Company Inc. Common Stock,$124.10,2.73,2.249%,788581,6930525582.00,United States,1995,Industrial Machinery/Components,Industrials
MSN,Emerson Radio Corporation Common Stock,$0.4506,-0.0148,-3.18%,242432,9481819.00,United States,1994,Consumer Electronics/Appliances,Consumer Staples
MSS,Maison Solutions Inc. Class A Common Stock,$2.10,0.54,34.615%,95246329,1796212.00,United States,2023,Food Chains,Consumer Staples
MSTR,Strategy Inc Common Stock Class A,$162.20,-5.13,-3.066%,21238331,62321416812.00,United States,1998,Computer Software: Prepackaged Software,Technology
MT,Arcelor Mittal NY Registry Shares NEW,$71.92,-1.86,-2.521%,1078514,54740168902.00,Luxembourg,,Steel/Iron Ore,Industrials
MTA,Metalla Royalty & Streaming Ltd. Common Shares,$10.04,-0.36,-3.462%,147240,938698575.00,Canada,,Precious Metals,Basic Materials
MTAK,Market Technology Acquisition Corp Class A Ordinary Shares,$9.87,0.009,0.091%,3010,0.00,United States,2026,,
MTAKU,Market Technology Acquisition Corp Unit,$9.93,-0.03,-0.301%,3024,0.00,United States,2026,Blank Checks,Finance
MTAKW,Market Technology Acquisition Corp Warrants,$0.18,0.00,0.00%,200,0.00,United States,2026,,
MTAL,Metals Acquisition Corp. II Class A Ordinary Shares,$10.17,0.01,0.098%,592,838638886.00,,2026,Metal Mining,Basic Materials
MTB,M&T Bank Corporation Common Stock,$219.58,-3.84,-1.719%,727386,31710922810.00,United States,,Major Banks,Finance
MTB^H,M&T Bank Corporation Perpetual Fixed-to-Floating Rate Non-Cumulative Preferred Stock Series H,$24.97,-0.05,-0.20%,196829,,United States,,,
MTB^J,M&T Bank Corporation Depositary Shares each representing a 1/400th ownership interest in a share of Perpetual 7.500% Non-Cumulative Preferred Stock Series J,$25.37,-0.15,-0.588%,100269,,United States,,,
MTB^K,M&T Bank Corporation Depositary Shares each representing a 1/400th interest in a share of Perpetual 6.350% Non-Cumulative Preferred Stock Series K,$23.10,-0.30,-1.282%,42219,,United States,,,
MTB^L,M&T Bank Corporation Depositary Shares each representing a 1/400th ownership interest in a share of Perpetual 6.625% Non-Cumulative Preferred Stock Series L,$23.81,-0.26,-1.08%,73269,,United States,,,
MTC,MMTec Inc. Common Shares,$6.92,0.89,14.76%,103848,689147652.00,China,2019,Computer Software: Prepackaged Software,Technology
MTCH,Match Group Inc. Common Stock,$40.48,-1.23,-2.949%,5582997,9292223873.00,United States,,Computer Software: Programming Data Processing,Technology
MTD,Mettler-Toledo International Inc. Common Stock,$1492.34,1.58,0.106%,238728,29901358458.00,Switzerland,1997,Biotechnology: Laboratory Analytical Instruments,Industrials
MTDR,Matador Resources Company Common Stock,$52.12,0.26,0.501%,1919423,6450069738.00,United States,2012,Oil & Gas Production,Energy
MTEK,Maris-Tech Ltd. Ordinary Shares,$0.9924,-0.0176,-1.743%,51691,9624916.00,Israel,2022,Telecommunications Equipment,Telecommunications
MTEKW,Maris-Tech Ltd. Warrants,$0.0701,-0.0424,-37.689%,1134,679874.00,Israel,2022,Telecommunications Equipment,Telecommunications
MTEN,Mingteng International Corporation Inc. Class A Ordinary Shares,$1.01,-0.04,-3.81%,190158,7726364.00,China,2024,Building Products,Industrials
MTEX,Mannatech Incorporated Common Stock,$7.66,-0.34,-4.25%,7604,14781272.00,United States,, Medicinal Chemicals and Botanical Products ,Health Care
MTG,MGIC Investment Corporation Common Stock,$29.30,0.01,0.034%,1873676,6010157812.00,United States,1991,Property-Casualty Insurers,Finance
MTH,Meritage Homes Corporation Common Stock,$63.86,-2.54,-3.825%,651127,4162017579.00,United States,,Homebuilding,Consumer Discretionary
MTLS,Materialise NV American Depositary Shares,$7.99,0.15,1.913%,188440,471946816.00,Belgium,2014,Computer Software: Prepackaged Software,Technology
MTN,Vail Resorts Inc. Common Stock,$140.05,1.07,0.77%,966706,4990475316.00,United States,1997,Services-Misc. Amusement & Recreation,Consumer Discretionary
MTNB,Matinas Biopharma Holdings Inc. Common Stock,$0.175,-0.002,-1.13%,422193,2571239.00,United States,2017,Biotechnology: Pharmaceutical Preparations,Health Care
MTNE,CH4 Natural Solutions Corporation Class A Ordinary Shares,$9.91,0.00,0.00%,106,0.00,,2026,,
MTR,Mesa Royalty Trust Common Stock,$2.37,-0.06,-2.469%,4296,4416708.00,United States,,Oil & Gas Production,Energy
MTRN,Materion Corporation,$254.73,1.43,0.565%,153013,5306974769.00,United States,,Industrial Specialties,Industrials
MTRX,Matrix Service Company Common Stock,$9.78,-0.20,-2.004%,305917,276694987.00,United States,1990,Engineering & Construction,Consumer Discretionary
MTSI,MACOM Technology Solutions Holdings Inc. Common Stock,$275.84,-3.85,-1.377%,1114204,21066157607.00,United States,2012,Semiconductors,Technology
MTUS,Metallus Inc. Common Shares,$18.72,-0.34,-1.784%,355464,775930596.00,United States,2014,Steel/Iron Ore,Industrials
MTVA,MetaVia Inc. Common Stock,$1.63,-0.05,-2.976%,38447,10738605.00,United States,2016,Biotechnology: Pharmaceutical Preparations,Health Care
MTW,Manitowoc Company Inc. (The) Common Stock,$22.48,-0.13,-0.575%,394464,810673063.00,United States,,Construction/Ag Equipment/Trucks,Industrials
MTX,Minerals Technologies Inc. Common Stock,$66.88,-0.43,-0.639%,155089,2081891603.00,United States,1992,Major Chemicals,Basic Materials
MTZ,MasTec Inc. Common Stock,$217.52,-4.17,-1.881%,1051717,17467932289.00,United States,,Water Sewer Pipeline Comm & Power Line Construction,Industrials
MU,Micron Technology Inc. Common Stock,$1071.88,-24.28,-2.215%,21573058,1210573930694.00,United States,,Semiconductors,Technology
MUA,Blackrock MuniAssets Fund Inc Common Stock,$9.54,-0.15,-1.548%,453798,1419193973.00,United States,1993,Investment Bankers/Brokers/Service,Finance
MUC,Blackrock MuniHoldings California Quality Fund Inc.  Common Stock,$10.04,-0.07,-0.692%,777216,1493575209.00,United States,1998,Investment Bankers/Brokers/Service,Finance
MUFG,Mitsubishi UFJ Financial Group Inc. Common Stock,$22.82,-0.27,-1.169%,2529377,270821163194.00,Japan,,Commercial Banks,Finance
MUJ,Blackrock MuniHoldings New Jersey Quality Fund Inc. Common Stock,$11.36,-0.24,-2.069%,244264,1689941671.00,United States,1998,Investment Bankers/Brokers/Service,Finance
MUR,Murphy Oil Corporation Common Stock,$36.21,0.83,2.346%,1191658,5191830536.00,United States,,Oil & Gas Production,Energy
MUSA,Murphy USA Inc. Common Stock,$506.24,-1.90,-0.374%,295819,9304866865.00,United States,2013,Retail-Auto Dealers and Gas Stations,Consumer Discretionary
MUX,McEwen Inc. Common Stock,$18.82,-1.27,-6.322%,767316,1154768212.00,Canada,,Precious Metals,Basic Materials
MUZE,Muzero Acquisition Corp Class A Ordinary Shares,$10.01,0.01,0.10%,5106,0.00,United States,2026,Blank Checks,Finance
MVBF,MVB Financial Corp. Common Stock,$29.69,-0.76,-2.496%,42798,385005283.00,United States,,Major Banks,Finance
MVIS,MicroVision Inc. Common Stock,$1.62,-0.06,-3.571%,814048,48843044.00,United States,1996,Industrial Machinery/Components,Technology
MVST,Microvast Holdings Inc. Common Stock,$0.697,-0.0208,-2.898%,4948355,268020537.00,United States,2019,Industrial Machinery/Components,Miscellaneous
MWA,MUELLER WATER PRODUCTS Common Stock,$21.72,-0.30,-1.362%,1076286,3391049748.00,United States,2006,Metal Fabrications,Industrials
MWC,Micware Co. Ltd. American Depositary Shares,$1.80,-0.06,-3.226%,112442,110397582.00,Japan,2026,EDP Services,Technology
MWG,Multi Ways Holdings Limited Class A Ordinary Shares,$1.29,0.03,2.381%,1474,6633211.00,,2023,Miscellaneous manufacturing industries,Consumer Discretionary
MWH,SOLV Energy Inc. Class A Common Stock,$25.45,-1.02,-3.853%,719298,5150742075.00,United States,2026,Military/Government/Technical,Industrials
MWYN,Marwynn Holdings Inc. Common stock,$1.06,0.01,0.952%,23434,21406492.00,United States,2025,Food Distributors,Consumer Discretionary
MX,Magnachip Semiconductor Corporation Common Stock,$3.22,0.02,0.625%,860067,122270159.00,Luxembourg,2011,Semiconductors,Technology
MXC,Mexco Energy Corporation Common Stock,$10.64,-0.29,-2.653%,2460,21769440.00,United States,2003,Oil & Gas Production,Energy
MXCT,MaxCyte Inc. Common Stock,$1.19,-0.05,-4.032%,251794,122815385.00,United States,2021,Biotechnology: Commercial Physical & Biological Resarch,Health Care
MXE,Mexico Equity and Income Fund Inc. (The) Common Stock,$13.28,0.135,1.027%,185,0.00,United States,,Finance Companies,Finance
MXF,Mexico Fund Inc. (The) Common Stock,$20.94,-0.08,-0.381%,44044,0.00,United States,,Trusts Except Educational Religious and Charitable,Finance
MXL,MaxLinear Inc. Common Stock,$84.32,-3.11,-3.557%,2092607,7647249865.00,United States,2010,Semiconductors,Technology
MYE,Myers Industries Inc. Common Stock,$31.83,0.27,0.856%,256442,1197383168.00,United States,1983,Plastic Products,Industrials
MYFW,First Western Financial Inc. Common Stock,$30.28,-0.63,-2.038%,35434,295688106.00,United States,2018,Major Banks,Finance
MYGN,Myriad Genetics Inc. Common Stock,$4.01,-0.01,-0.249%,1658059,383555076.00,United States,1995,Biotechnology: In Vitro & In Vivo Diagnostic Substances,Health Care
MYI,Blackrock MuniYield Quality Fund III Inc Common Stock,$9.81,-0.19,-1.90%,1421818,1459359841.00,United States,,Investment Bankers/Brokers/Service,Finance
MYN,Blackrock MuniYield New York Quality Fund Inc.Common Stock,$8.94,-0.18,-1.974%,378161,0.00,United States,1992,Finance Companies,Finance
MYND,Mynd.ai Inc. American Depositary Shares,$0.3555,0.0155,4.559%,12364,16759907.00,,2017,Computer peripheral equipment,Technology
MYO,Myomo Inc. Common Stock,$1.64,0.00,0.00%,296167,64956881.00,United States,2017,Industrial Specialties,Health Care
MYPS,PLAYSTUDIOS Inc.  Class A Common Stock,$0.44,-0.021,-4.555%,539299,52853408.00,United States,2020,Computer Software: Prepackaged Software,Technology
MYRG,MYR Group Inc. Common Stock,$295.18,6.13,2.121%,323947,4595731215.00,United States,2008,Water Sewer Pipeline Comm & Power Line Construction,Industrials
MYSE,Myseum.AI Inc. Common Stock,$1.83,-0.01,-0.543%,562458,9509467.00,United States,2021,Telecommunications Equipment,Telecommunications
MYSZ,My Size Inc. Common Stock,$1.88,0.20,11.905%,524631,1573436.00,Israel,,Computer Software: Prepackaged Software,Technology
MYX,Maywood Acquisition Corp. 2 Class A Ordinary Share,$10.0499,0.00,0.00%,14,0.00,United States,2026,Blank Checks,Finance
MYXXR,Maywood Acquisition Corp. 2 Rights,$0.207,0.00,0.00%,9,0.00,United States,2026,Blank Checks,Finance
MZTI,The Marzetti Company Common Stock,$102.12,-1.44,-1.39%,390602,2786956920.00,United States,,Packaged Foods,Consumer Staples
MZYX,MOZAYYX Acquisition Corp. Class A Ordinary Shares,$10.0001,0.0101,0.101%,11600,0.00,,2026,,
NA,Nano Labs Ltd Class A Ordinary Shares,$2.31,-0.05,-2.119%,33068,53624548.00,China,2022,Semiconductors,Technology
NAAS,NaaS Technology Inc. American Depositary Shares,$3.42,0.19,5.882%,14997,84005012.00,China,2017,Other Specialty Stores,Consumer Discretionary
NABL,N-able Inc. Common Stock,$4.15,0.04,0.973%,2020717,783960108.00,United States,2021,Computer Software: Prepackaged Software,Technology
NAC,Nuveen California Quality Municipal Income Fund,$10.68,0.18,1.714%,5214140,0.00,United States,1999,Investment Managers,Finance
NAD,Nuveen Quality Municipal Income Fund Common Stock,$10.39,-0.12,-1.142%,3068039,0.00,United States,1999,Investment Managers,Finance
NAGE,Niagen Bioscience Inc. Common Stock,$3.00,-0.09,-2.913%,390910,237378006.00,United States,, Medicinal Chemicals and Botanical Products ,Health Care
NAII,Natural Alternatives International Inc. Common Stock,$1.85,-0.05,-2.632%,19579,11609174.00,United States,, Medicinal Chemicals and Botanical Products ,Health Care
NAK,Northern Dynasty Minerals Ltd. Common Stock,$1.41,-0.04,-2.759%,3018915,792591543.00,Canada,,Precious Metals,Basic Materials
NAKA,Nakamoto Inc. Common Stock,$9.195,-0.675,-6.839%,277650,164544001.00,United States,2024,Medical/Nursing Services,Health Care
NAMI,Jinxin Technology Holding Company American Depositary Shares,$1.61,-0.16,-9.04%,63086,5092198.00,China,2024,Other Consumer Services,Real Estate
NAMM,Namib Minerals Ordinary Shares,$1.25,-0.16,-11.348%,507582,69815508.00,Cayman Islands,,Precious Metals,Basic Materials
NAMMW,Namib Minerals Warrants,$0.1755,-0.02,-10.23%,1192,9802097.00,Cayman Islands,,Precious Metals,Basic Materials
NAMS,NewAmsterdam Pharma Company N.V. Ordinary Shares,$22.68,-0.64,-2.744%,2265378,2711102993.00,Netherlands,,Biotechnology: Pharmaceutical Preparations,Health Care
NAMSW,NewAmsterdam Pharma Company N.V. Warrant,$11.49,0.00,0.00%,1,1373482072.00,Netherlands,,Biotechnology: Pharmaceutical Preparations,Health Care
NAN,Nuveen New York Quality Municipal Income Fund Common Stock,$10.01,-0.17,-1.67%,193220,3026181158.00,United States,1999,Investment Managers,Finance
NAT,Nordic American Tankers Limited Common Stock,$7.62,-0.04,-0.522%,4926465,1613540052.00,Bermuda,1995,Marine Transportation,Consumer Discretionary
NATH,Nathan's Famous Inc. Common Stock,$94.40,-2.52,-2.60%,24655,386819198.00,United States,1993,Restaurants,Consumer Discretionary
NATL,NCR Atleos Corporation Common Stock,$45.77,-0.45,-0.974%,333841,3382262669.00,United States,2023,Office Equipment/Supplies/Services,Miscellaneous
NATR,Nature's Sunshine Products Inc. Common Stock,$12.95,-0.27,-2.042%,56661,227861984.00,United States,,Biotechnology: Pharmaceutical Preparations,Health Care
NAUT,Nautilus Biotechnology Inc. Common Stock,$0.9539,-0.0455,-4.553%,386717,121388757.00,United States,2020,Biotechnology: Laboratory Analytical Instruments,Industrials
NAVI,Navient Corporation Common Stock,$9.16,-0.32,-3.376%,1306005,859059864.00,United States,,Investment Bankers/Brokers/Service,Finance
NAVN,Navan Inc. Class A Common Stock,$19.66,-1.305,-6.225%,4543669,5119670292.00,United States,2025,Computer Software: Prepackaged Software,Technology
NAZ,Nuveen Arizona Quality Municipal Income Fund Common Stock,$11.28,-0.15,-1.312%,18494,0.00,United States,1992,Finance/Investors Services,Finance
NB,NioCorp Developments Ltd. Common Stock,$3.51,-0.22,-5.898%,2035456,511010538.00,United States,,Metal Mining,Basic Materials
NBB,Nuveen Taxable Municipal Income Fund Common Shares of Beneficial Interest,$14.43,-0.29,-1.97%,102468,0.00,United States,2010,Finance Companies,Finance
NBBK,NB Bancorp Inc. Common Stock,$22.39,-0.39,-1.712%,223841,981095991.00,United States,2023,Banks,Finance
NBH,Neuberger Municipal Fund Inc. Common Stock,$9.50,-0.09,-0.938%,188764,0.00,United States,2002,Finance/Investors Services,Finance
NBHC,National Bank Holdings Corporation Common Stock,$39.86,-0.28,-0.698%,283338,1775346343.00,United States,2012,Major Banks,Finance
NBIS,Nebius Group N.V. Class A Ordinary Shares,$226.61,-9.51,-4.028%,11013415,61605110951.00,Netherlands,2011,Computer Software: Programming Data Processing,Technology
NBIX,Neurocrine Biosciences Inc. Common Stock,$139.49,-2.76,-1.94%,1749629,14179044258.00,United States,1996,Biotechnology: Biological Products (No Diagnostic Substances),Health Care
NBN,Northeast Bank Common Stock,$129.01,-2.85,-2.161%,133053,1048851300.00,United States,,Major Banks,Finance
NBP,NovaBridge Biosciences American Depositary Shares,$1.53,-0.06,-3.774%,593346,176533989.00,China,2020,Biotechnology: Pharmaceutical Preparations,Health Care
NBR,Nabors Industries Ltd.,$83.02,-0.40,-0.48%,161983,1390119092.00,Bermuda,1951,Oil & Gas Production,Energy
NBRG,Newbridge Acquisition Limited Class A Ordinary Share,$10.06,-0.03,-0.297%,1018,0.00,Hong Kong,2026,Blank Checks,Finance
NBRGU,Newbridge Acquisition Limited Unit,$10.35,0.06,0.583%,882,0.00,Hong Kong,2026,Blank Checks,Finance
NBTB,NBT Bancorp Inc. Common Stock,$50.48,-0.37,-0.728%,264706,2622943879.00,United States,,Major Banks,Finance
NBTX,Nanobiotix S.A. American Depositary Shares,$35.24,0.09,0.256%,126964,1790470502.00,France,2020,Biotechnology: Pharmaceutical Preparations,Health Care
NBXG,Neuberger Next Generation Connectivity Fund Inc. Common Stock,$15.57,-0.17,-1.08%,123795,0.00,United States,2021,Trusts Except Educational Religious and Charitable,Finance
NC,NACCO Industries Inc. Common Stock,$36.34,-0.41,-1.116%,14034,274246896.00,United States,,Coal Mining,Energy
NCA,Nuveen California Municipal Value Fund,$8.46,-0.11,-1.284%,148393,0.00,United States,,Investment Managers,Finance
NCDL,Nuveen Churchill Direct Lending Corp. Common Stock,$11.79,-0.28,-2.32%,190971,582273496.00,United States,2024,,
NCEL,NewcelX Ltd. Ordinary Shares,$2.86,-0.1757,-5.788%,9282,16519726.00,Switzerland,2021,Biotechnology: Pharmaceutical Preparations,Health Care
NCEW,New Century Logistics (BVI) Limited Ordinary Shares,$17.00,-0.22,-1.278%,4105,54400000.00,Hong Kong,2024,Integrated Freight & Logistics,Industrials
NCI,Neo-Concept International Group Holdings Limited Class A Ordinary Shares,$14.60,0.29,2.027%,1658266,34518517.00,Hong Kong,2024,Apparel,Consumer Discretionary
NCLH,Norwegian Cruise Line Holdings Ltd. Ordinary Shares,$14.18,-0.04,-0.281%,23144965,6511283656.00,United States,,Marine Transportation,Consumer Discretionary
NCMI,National CineMedia Inc. Common Stock,$2.20,-0.02,-0.901%,709191,206954975.00,United States,2007,Advertising,Consumer Discretionary
NCNA,NuCana plc American Depositary Share,$1.31,-0.02,-1.504%,27852,5452182.00,United Kingdom,2017,Biotechnology: Pharmaceutical Preparations,Health Care
NCNO,nCino Inc. Common Stock,$19.23,-0.44,-2.237%,2002246,2033306626.00,United States,2020,Computer Software: Prepackaged Software,Technology
NCO,Southern Cross Acquisition I Corp. Ordinary Shares,$9.91,-0.01,-0.101%,30624,0.00,United States,2026,,
NCOOU,Southern Cross Acquisition I Corp. Units,$10.275,0.00,0.00%,8,0.00,United States,2026,Blank Checks,Finance
NCOOW,Southern Cross Acquisition I Corp. Warrants,$0.031,0.0004,1.307%,200,0.00,United States,2026,,
NCPL,Netcapital Inc. Common Stock,$1.04,0.07,7.216%,22748048,8161815.00,United States,,Finance: Consumer Services,Finance
NCPLW,Netcapital Inc. Warrants,$0.0328,0.0018,5.806%,2736,257411.00,United States,,Finance: Consumer Services,Finance
NCRA,Nocera Inc. Common Stock,$1.84,-0.23,-11.111%,1592871,4372112.00,Taiwan,,Farming/Seeds/Milling,Consumer Staples
NCT,Intercont (Cayman) Limited Class A Ordinary shares,$5.43,-0.57,-9.50%,150144,6646906.00,China,2025,Restaurants,Consumer Discretionary
NCTY,The9 Limited American Depository Shares,$3.66,-0.22,-5.67%,87269,55899791.00,China,2004,Finance: Consumer Services,Finance
NCV,Virtus Convertible & Income Fund Common Shares of Beneficial Interest,$15.59,-0.28,-1.764%,82322,1408923941.00,United States,2003,Finance Companies,Finance
NCV^A,Virtus Convertible & Income Fund 5.625% Series A Cumulative Preferred Shares,$19.39,-0.34,-1.723%,5902,,United States,,,
NCZ,Virtus Convertible & Income Fund II Common Shares of Beneficial Interest,$14.73,-0.30,-1.996%,40415,1121184983.00,United States,2003,Finance Companies,Finance
NCZ^A,Virtus Convertible & Income Fund II 5.50% Series A Cumulative Preferred Shares,$18.70,-0.60,-3.109%,14768,,United States,,,
NDAQ,Nasdaq Inc. Common Stock,$95.44,0.94,0.995%,3330081,53348800384.00,United States,,Investment Bankers/Brokers/Service,Finance
NDLS,Noodles & Company Class A Common Stock,$13.08,-0.24,-1.802%,17604,78043913.00,United States,2013,Restaurants,Consumer Discretionary
NDMO,Nuveen Dynamic Municipal Opportunities Fund Common Shares of Beneficial Interest,$8.89,-0.24,-2.629%,736405,528645930.00,,2020,Trusts Except Educational Religious and Charitable,Finance
NDRA,ENDRA Life Sciences Inc. Common Stock,$6.50,0.27,4.334%,56783,9748947.00,United States,2017,Biotechnology: Electromedical & Electrotherapeutic Apparatus,Health Care
NDSN,Nordson Corporation Common Stock,$321.42,1.75,0.547%,373600,17902890220.00,United States,,Industrial Machinery/Components,Industrials
NE,Noble Corporation plc A Ordinary Shares,$44.62,-0.42,-0.933%,747923,7123235767.00,United States,2022,Oil & Gas Production,Energy
NEA,Nuveen AMT-Free Quality Municipal Income Fund Common Shares of Beneficial Interest Par Value $.01,$10.09,-0.13,-1.272%,3503767,0.00,United States,2002,Finance/Investors Services,Finance
NECB,NorthEast Community Bancorp Inc. Common Stock,$26.38,-0.46,-1.714%,36743,363148636.00,United States,2021,Banks,Finance
NEE,NextEra Energy Inc. Common Stock,$77.02,-2.24,-2.826%,12677124,160662041657.00,United States,,Electric Utilities: Central,Utilities
NEE^N,NextEra Energy Capital Holdings Inc. Series N Junior Subordinated Debentures due March 1 2079,$19.65,-0.19,-0.958%,98405,,United States,,,
NEE^S,NextEra Energy Inc. 7.299% Corporate Units,$49.13,-0.85,-1.701%,55460,,United States,,,
NEE^T,NextEra Energy Inc. 7.234% Corporate Units,$45.70,-0.91,-1.952%,87384,,United States,,,
NEE^U,NextEra Energy Inc. Series U Junior Subordinated Debentures due June 1 2085,$22.52,-0.15,-0.662%,67600,,United States,,,
NEE^V,NextEra Energy Inc. 7.375% Corporate Units,$43.34,-0.93,-2.101%,433581,,United States,,,
NEE^W,NextEra Energy Capital Holdings Inc. Series Z Junior Subordinated Debentures due April 15 2086,$22.48,-0.24,-1.056%,254541,,United States,,,
NEGG,Newegg Commerce Inc. Common Shares,$14.43,-0.28,-1.903%,28639,302646494.00,China,2010,Other Specialty Stores,Consumer Discretionary
NEM,Newmont Corporation,$123.55,-3.71,-2.915%,5594615,130183680082.00,United States,,Precious Metals,Basic Materials
NEN,New England Realty Associates Limited Partnership Class A Depositary Receipts Evidencing Units of Limited Partnership,$52.00,0.03,0.058%,1508,144261208.00,United States,,Building operators,Real Estate
NEO,NeoGenomics Inc. Common Stock,$18.36,-0.53,-2.806%,2911550,2358809078.00,United States,,Precision Instruments,Health Care
NEOG,Neogen Corporation Common Stock,$13.57,-0.41,-2.933%,3676854,2959698488.00,United States,1989,Biotechnology: In Vitro & In Vivo Diagnostic Substances,Health Care
NEON,Neonode Inc. Common Stock,$0.8816,-0.0574,-6.113%,36621,14795824.00,Sweden,,Industrial Machinery/Components,Technology
NEOV,NeoVolta Inc. Common Stock,$3.17,-0.19,-5.655%,2852055,186596493.00,United States,,Industrial Machinery/Components,Miscellaneous
NEOVW,NeoVolta Inc. Warrant,$1.25,0.2499,24.988%,581,73579059.00,United States,,Industrial Machinery/Components,Miscellaneous
NEPH,Nephros Inc. Common Stock,$4.29,0.12,2.878%,6713,46589915.00,United States,,Medical/Dental Instruments,Health Care
NERV,Minerva Neurosciences Inc Common Stock,$3.49,-0.32,-8.399%,130465,166638981.00,United States,2014,Biotechnology: Pharmaceutical Preparations,Health Care
NESR,National Energy Services Reunited Corp Ordinary Shares,$32.81,-0.28,-0.846%,998854,3308946049.00,United States,,Oilfield Services/Equipment,Energy
NET,Cloudflare Inc. Class A Common Stock,$352.33,-0.67,-0.19%,2920639,125457565986.00,United States,2019,Computer Software: Prepackaged Software,Technology
NEU,NewMarket Corp Common Stock,$889.75,0.97,0.109%,98069,8182502239.00,United States,,Major Chemicals,Industrials
NEUP,Neuphoria Therapeutics Inc. Common Stock,$3.68,-0.055,-1.473%,15487,19913709.00,United States,2021,Biotechnology: Pharmaceutical Preparations,Health Care
NEWP,New Pacific Metals Corp. Common Shares,$6.53,-0.38,-5.499%,665489,1211915068.00,Canada,2021,Precious Metals,Basic Materials
NEWT,NewtekOne Inc. Common Stock,$11.33,-0.35,-2.997%,350154,327264002.00,United States,,Major Banks,Finance
NEWTG,NewtekOne Inc. 8.50% Fixed Rate Senior Notes due 2029,$25.13,0.0199,0.079%,725,661468141.00,United States,,Major Banks,Finance
NEWTH,NewtekOne Inc. 8.625% Fixed Rate Senior Notes due 2029,$25.32,-0.01,-0.039%,357,0.00,United States,,Major Banks,Finance
NEWTI,NewtekOne Inc. 8.00% Fixed Rate Senior Notes due 2028,$25.225,0.175,0.699%,718,663968717.00,United States,,Major Banks,Finance
NEWTO,NewtekOne Inc. 8.50% Fixed Rate Senior Notes due 2031,$25.995,0.00,0.00%,5,0.00,United States,,Major Banks,Finance
NEWTP,NewtekOne Inc. Depositary Shares Non-Cumulative Perpetual Preferred Stock Series B,$24.825,-0.365,-1.449%,12945,717063447.00,United States,,Major Banks,Finance
NEXA,Nexa Resources S.A. Common Shares,$12.78,-0.51,-3.837%,592164,1692570420.00,Luxembourg,2017,Metal Mining,Basic Materials
NEXM,NexMetals Mining Corp. Common Shares,$2.17,0.01,0.463%,23053,77356516.00,Canada,,Metal Mining,Basic Materials
NEXN,Nexxen International Ltd. Ordinary Shares,$8.63,-0.25,-2.815%,299438,480870323.00,Israel,2021,Computer Software: Programming Data Processing,Technology
NEXR,Nexera Technologies Ltd Ordinary Shares,$1.49,-0.06,-3.871%,229521,830621.00,Israel,2022,Other Specialty Stores,Consumer Discretionary
NEXT,NextDecade Corporation Common Stock,$6.68,-0.09,-1.329%,2101320,1778118692.00,United States,2015,Oil & Gas Production,Utilities
NFE,New Fortress Energy Inc. Class A Common Stock,$6.40,-1.75,-21.472%,1390335,104458336.00,United States,2019,Oil/Gas Transmission,Utilities
NFEGP,New Fortress Energy Inc. Series A Mandatorily Convertible Preferred Stock,$457.00,-33.00,-6.735%,3228,7458978055.00,United States,,Oil/Gas Transmission,Utilities
NFG,National Fuel Gas Company Common Stock,$78.61,-1.39,-1.738%,894084,7471495232.00,United States,,Oil/Gas Transmission,Utilities
NFGC,New Found Gold Corp Common Shares,$1.80,-0.06,-3.226%,995485,691843588.00,,2021,Precious Metals,Basic Materials
NFJ,Virtus Dividend Interest & Premium Strategy Fund Common Shares of Beneficial Interest,$15.04,-0.19,-1.248%,219433,0.00,United States,2005,Finance: Consumer Services,Finance
NFLX,Netflix Inc. Common Stock,$71.36,-0.80,-1.109%,32807668,297138735279.00,United States,2002,Consumer Electronics/Video Chains,Consumer Discretionary
NG,Novagold Resources Inc.,$7.26,-0.51,-6.564%,5653672,3185547258.00,Canada,2003,Precious Metals,Basic Materials
NGEN,NervGen Pharma Corp. Common stock,$1.96,-0.105,-5.085%,536664,208568761.00,Canada,,Biotechnology: Pharmaceutical Preparations,Health Care
NGG,National Grid Transco PLC National Grid PLC (NEW) American Depositary Shares,$75.25,-1.61,-2.095%,1022223,79009965430.00,United Kingdom,,Natural Gas Distribution,Utilities
NGL,NGL ENERGY PARTNERS LP Common Units representing Limited Partner Interests,$15.94,-0.21,-1.30%,141939,1989539767.00,United States,2011,Natural Gas Distribution,Utilities
NGL^B,NGL ENERGY PARTNERS LP 9.00% Class B Fixed-to-Floating Rate Cumulative Redeemable Perpetual Preferred Units representing limited partnership interests,$25.84,-0.0401,-0.155%,8860,,United States,,,
NGL^C,NGL ENERGY PARTNERS LP 9.625% Class C Fixed-to-Floating Rate Cumulative  Redeemable Perpetual Preferred Units representing  limited partner interests,$25.85,-0.10,-0.385%,5393,,United States,,,
NGNE,Neurogene Inc. Common Stock ,$30.93,-2.67,-7.946%,276200,618952045.00,Canada,2014,Biotechnology: Pharmaceutical Preparations,Health Care
NGS,Natural Gas Services Group Inc. Common Stock,$33.18,-0.12,-0.36%,94071,427965096.00,United States,2002,Oilfield Services/Equipment,Energy
NGVC,Natural Grocers by Vitamin Cottage Inc. Common Stock,$29.66,-0.42,-1.396%,128624,683547771.00,United States,2012,Food Chains,Consumer Staples
NGVT,Ingevity Corporation Common Stock ,$71.75,0.48,0.673%,224632,2466615904.00,United States,2016,Major Chemicals,Industrials
NHC,National HealthCare Corporation Common Stock,$224.87,2.01,0.902%,113834,3521777894.00,United States,1986,Hospital/Nursing Management,Health Care
NHI,National Health Investors Inc. Common Stock,$67.20,-0.21,-0.312%,447989,3300221165.00,United States,,Real Estate Investment Trusts,Real Estate
NHIV,NewHold Investment Corp IV Class A Ordinary Shares,$10.06,-0.10,-0.984%,335015,0.00,United States,2026,Blank Checks,Finance
NHP,National Healthcare Properties Inc. Class A Common Stock,$16.18,-0.12,-0.736%,1335075,1179600894.00,United States,,Real Estate Investment Trusts,Real Estate
NHPBP,National Healthcare Properties Inc. 7.125% Series B Cumulative Redeemable Perpetual Preferred Stock,$25.38,0.015,0.059%,10684,1850325753.00,United States,,Real Estate Investment Trusts,Real Estate
NHS,Neuberger High Yield Strategies Fund Inc. Common Stock,$5.47,-0.10,-1.795%,485375,0.00,United States,,Trusts Except Educational Religious and Charitable,Finance
NHTC,Natural Health Trends Corp. Common Stock,$1.05,-0.05,-4.545%,104738,9006740.00,United States,,Consumer Specialties,Consumer Discretionary
NI,NiSource Inc Common Stock,$39.25,-0.63,-1.58%,8472299,18822733925.00,United States,,Power Generation,Utilities
NIC,Nicolet Bankshares Inc. Common Stock,$164.78,-0.87,-0.525%,105997,3453378992.00,United States,2022,Major Banks,Finance
NICE,NICE Ltd American Depositary Shares,$117.79,-0.50,-0.423%,1102868,6997147688.00,Israel,,Computer Software: Prepackaged Software,Technology
NICM,Nicola Mining Inc. American Depositary Shares,$5.78,0.025,0.434%,5469,114568773.00,Canada,,Metal Mining,Basic Materials
NIE,Virtus Equity & Convertible Income Fund Common Shares of Beneficial Interest,$25.41,-0.31,-1.205%,60090,704084801.00,United States,2007,Investment Managers,Finance
NIKI,Niki BioSolutions Inc. Common Stock,$4.68,-0.14,-2.905%,7119,13752765.00,Hong Kong,2018,Industrial Machinery/Components,Industrials
NIM,Nuveen Select Maturities Municipal Fund Common Stock,$8.86,-0.13,-1.446%,41892,0.00,United States,1992,Trusts Except Educational Religious and Charitable,Finance
NINE,Nine Energy Service Inc. Common Stock,$8.96,-0.18,-1.969%,24668,124991910.00,,2026,Oilfield Services/Equipment,Energy
NIO,NIO Inc. American depositary shares each  representing one Class A ordinary share,$3.67,-0.05,-1.344%,24705246,9195797971.00,United States,2018,Auto Manufacturing,Industrials
NIOBW,NioCorp Developments Ltd. Warrant,$0.78,-0.03,-3.704%,8345,113557897.00,United States,,Metal Mining,Basic Materials
NIPG,NIP Group Inc. American Depositary Shares,$13.33,0.02,0.15%,3609,113592741.00,Sweden,2024,Services-Misc. Amusement & Recreation,Consumer Discretionary
NIQ,NIQ Global Intelligence plc Ordinary Shares,$17.71,-0.25,-1.392%,753631,5223668351.00,United States,2025,Computer Software: Programming Data Processing,Technology
NIU,Niu Technologies American Depositary Shares,$2.13,0.025,1.188%,254661,167068867.00,China,2018,Auto Manufacturing,Industrials
NIVF,NewGenIvf Group Limited Class A Ordinary Shares,$0.5898,-0.2239,-27.516%,802946,1425800.00,Singapore,,Misc Health and Biotechnology Services,Health Care
NIVFW,NewGenIvf Group Limited Warrants,$0.0193,0.0103,114.444%,24142,46656.00,Singapore,,Misc Health and Biotechnology Services,Health Care
NIXX,Nixxy Inc. Common Stock,$0.3608,-0.0092,-2.486%,475396,10430309.00,United States,,EDP Services,Technology
NJR,NewJersey Resources Corporation Common Stock,$52.22,-0.50,-0.948%,603100,5298656140.00,United States,,Oil/Gas Transmission,Utilities
NKE,Nike Inc. Common Stock,$36.05,-0.05,-0.139%,40581443,53480128243.00,United States,,Shoe Manufacturing,Consumer Discretionary
NKLR,Terra Innovatum Global N.V. Ordinary shares,$3.65,-0.39,-9.653%,802305,403328314.00,Italy,,Metal Fabrications,Industrials
NKSH,National Bankshares Inc. Common Stock,$41.49,-1.34,-3.129%,17193,264317024.00,United States,,Major Banks,Finance
NKTR,Nektar Therapeutics  Common Stock,$57.66,-3.31,-5.429%,1844007,1968685034.00,United States,,Biotechnology: Pharmaceutical Preparations,Health Care
NKTX,Nkarta Inc. Common Stock,$2.76,-0.19,-6.441%,1091395,197684423.00,United States,2020,Biotechnology: Pharmaceutical Preparations,Health Care
NKX,Nuveen California AMT-Free Quality Municipal Income Fund,$11.05,-0.16,-1.427%,371382,0.00,United States,2002,Finance/Investors Services,Finance
NL,NLI Holdings Inc. Common Stock,$6.94,-0.13,-1.839%,18050,339357214.00,United States,,Major Chemicals,Basic Materials
NLOP,Net Lease Office Properties Common Shares of Beneficial Interest,$10.24,-0.37,-3.487%,109623,151696128.00,United States,2023,Real Estate Investment Trusts,Real Estate
NLY,Annaly Capital Management Inc. Common Stock,$21.04,-0.40,-1.866%,9846959,15858151860.00,United States,,Real Estate Investment Trusts,Real Estate
NLY^F,Annaly Capital Management Inc 6.95% Series F,$25.19,-0.05,-0.198%,84796,,United States,,,
NLY^G,Annaly Capital Management Inc 6.50% Series G Fixed-to-Floating Rate Cumulative Redeemable Preferred Stock,$25.15,-0.04,-0.159%,18857,,United States,,,
NLY^I,Annaly Capital Management Inc 6.750% Series I Fixed-to-Floating Rate Cumulative Redeemable Preferred Stock,$24.95,0.00,0.00%,244985,,United States,,,
NLY^J,Annaly Capital Management Inc. 8.875% Series J Fixed-Rate Cumulative Redeemable Preferred Stock,$25.6001,-0.2199,-0.852%,35002,,United States,,,
NMAD,Nomad Power Solutions Inc. Common Stock,$3.525,-0.295,-7.723%,278472,56756265.00,United States,,Biotechnology: Pharmaceutical Preparations,Health Care
NMAI,Nuveen Multi-Asset Income Fund Common Shares of Beneficial Interest,$14.18,-0.24,-1.664%,99942,0.00,United States,2021,Investment Managers,Finance
NMAX,Newsmax Inc. Class B Common Stock,$10.90,-0.31,-2.765%,755012,1407851031.00,United States,2025,Broadcasting,Industrials
NMCO,Nuveen Municipal Credit Opportunities Fund Common Shares,$9.28,-0.27,-2.827%,728910,508279279.00,,2019,Finance/Investors Services,Finance
NMFC,New Mountain Finance Corporation Common Stock,$7.06,-0.04,-0.563%,333835,666833873.00,United States,,Finance/Investors Services,Finance
NMFCZ,New Mountain Finance Corporation 8.250% Notes due 2028,$25.39,-0.01,-0.039%,4535,2700504800.00,United States,,,
NMG,Nouveau Monde Graphite Inc. Common Shares,$1.35,-0.06,-4.255%,245853,444361721.00,Canada,,Other Metals and Minerals,Basic Materials
NMI,Nuveen Municipal Income Fund Inc. Common Stock,$9.705,0.105,1.094%,71852,0.00,United States,1988,Trusts Except Educational Religious and Charitable,Finance
NMIH,NMI Holdings Inc. Common Stock,$42.19,-0.23,-0.542%,482070,3173441134.00,United States,2013,Property-Casualty Insurers,Finance
NML,Neuberger Energy Infrastructure and Income Fund Inc. Common Stock,$10.40,0.10,0.971%,100365,0.00,United States,2013,Finance/Investors Services,Finance
NMM,Navios Maritime Partners LP Common Units Representing Limited Partner Interests,$87.94,-0.17,-0.193%,146140,2565060918.00,Greece,2007,Marine Transportation,Consumer Discretionary
NMP,NMP Acquisition Corp. Class A Ordinary Shares,$10.371,0.00,0.00%,32,0.00,United States,2025,Blank Checks,Finance
NMR,Nomura Holdings Inc ADR American Depositary Shares,$9.84,-0.12,-1.205%,661071,28549158284.00,Japan,,Investment Bankers/Brokers/Service,Finance
NMRA,Neumora Therapeutics Inc. Common Stock,$0.7313,-0.0472,-6.063%,1692187,137408280.00,United States,2023,Biotechnology: Biological Products (No Diagnostic Substances),Health Care
NMRK,Newmark Group Inc. Class A Common Stock,$13.13,-0.81,-5.811%,1859452,2379531873.00,United States,2017,Real Estate,Finance
NMS,Nuveen Minnesota Quality Municipal Income Fund ,$10.03,-0.14,-1.377%,44071,0.00,United States,2014,Finance Companies,Finance
NMT,Nuveen Massachusetts Quality Municipal Income Fund Common Stock,$11.01,-0.175,-1.565%,43771,0.00,United States,,Finance/Investors Services,Finance
NMTC,NeuroOne Medical Technologies Corporation Common Stock,$1.34,-0.04,-2.899%,168253,12201722.00,United States,,Medical/Dental Instruments,Health Care
NMZ,Nuveen Municipal High Income Opportunity Fund Common Stock $0.01 par value per share,$9.08,-0.25,-2.68%,1661395,0.00,United States,2003,Finance/Investors Services,Finance
NN,NextNav Inc. Common Stock,$14.39,-0.94,-6.132%,1438656,2429174605.00,United States,,Industrial Machinery/Components,Industrials
NNBR,NN Inc. Common Stock,$3.86,0.49,14.54%,9716555,318762135.00,United States,1994,Industrial Machinery/Components,Industrials
NNDM,Nano Dimension Ltd. American Depositary Shares,$1.57,-0.01,-0.633%,1217999,331017247.00,Israel,,Electrical Products,Technology
NNE,Nano Nuclear Energy Inc. Common Stock,$17.01,-0.31,-1.79%,1596961,913405463.00,United States,2024,Electric Utilities: Central,Utilities
NNI,Nelnet Inc. Common Stock,$125.03,-0.99,-0.786%,117113,4473503133.00,United States,2003,Finance: Consumer Services,Finance
NNN,NNN REIT Inc. Common Stock,$41.33,-0.27,-0.649%,2321466,7932524762.00,United States,,Real Estate Investment Trusts,Real Estate
NNNN,Anbio Biotechnology Class A Ordinary Shares,$6.06,0.48,8.602%,636403,871980672.00,Germany,2025,Biotechnology: In Vitro & In Vivo Diagnostic Substances,Health Care
NNOX,NANO-X IMAGING LTD Ordinary Shares,$0.6978,-0.0341,-4.659%,1050409,54839152.00,Israel,2020,Medical Electronics,Health Care
NNVC,NanoViricides Inc. Common Stock,$1.51,-0.02,-1.307%,316697,38546303.00,United States,,Biotechnology: Pharmaceutical Preparations,Health Care
NNY,Nuveen New York Municipal Value Fund Common Stock,$7.79,-0.03,-0.384%,63326,0.00,United States,1988,Investment Managers,Finance
NOA,North American Construction Group Ltd. Common Shares (no par),$12.50,0.00,0.00%,150910,346380775.00,Canada,2006,Oilfield Services/Equipment,Energy
NOAH,Noah Holdings Limited American Depositary Shares,$8.00,-0.21,-2.558%,67562,536413256.00,China,2010,Investment Managers,Finance
NOC,Northrop Grumman Corporation Common Stock,$514.42,4.56,0.894%,851996,73080061835.00,United States,,Industrial Machinery/Components,Industrials
NODK,NI Holdings Inc. Common Stock,$14.76,-0.21,-1.403%,36814,301173711.00,United States,2017,Property-Casualty Insurers,Finance
NOEM,CO2 Energy Transition Corp. Common Stock,$10.58,0.00,0.00%,25,0.00,United States,2025,,
NOEMW,CO2 Energy Transition Corp. Warrant,$0.1348,0.0258,23.67%,152,0.00,United States,2025,,
NOG,Northern Oil and Gas Inc. Common Stock,$23.14,0.33,1.447%,1933695,2465546822.00,United States,2022,Oil & Gas Production,Energy
NOK,Nokia Corporation Sponsored American Depositary Shares,$10.63,-0.19,-1.756%,69648943,61040007968.00,Finland,1994,Radio And Television Broadcasting And Communications Equipment,Technology
NOMA,NOMADAR Corp. Class A Common Stock,$1.56,0.01,0.645%,25047,23842305.00,United States,,Services-Misc. Amusement & Recreation,Consumer Discretionary
NOMD,Nomad Foods Limited Ordinary Shares,$10.71,0.21,2.00%,2085761,1521742045.00,United Kingdom,2016,Packaged Foods,Consumer Staples
NOV,NOV Inc. Common Stock,$20.28,0.10,0.496%,1890412,7229376375.00,United States,,Oil and Gas Field Machinery,Consumer Discretionary
NOVT,Novanta Inc. Common Stock,$144.43,0.26,0.18%,370996,5462020521.00,United States,,Industrial Machinery/Components,Miscellaneous
NOVTU,Novanta Inc. Tangible Equity Units,$61.55,0.94,1.551%,25210,2327683744.00,United States,,Industrial Machinery/Components,Miscellaneous
NOW,ServiceNow Inc. Common Stock,$140.78,3.78,2.759%,11366186,145566520000.00,United States,2012,Computer Software: Prepackaged Software,Technology
NP,Neptune Insurance Holdings Inc. Class A Common Stock,$27.76,0.21,0.762%,769762,3809590578.00,,2025,Specialty Insurers,Finance
NPAC,New Providence Acquisition Corp. III Class A Ordinary Shares,$10.49,0.00,0.00%,1147,0.00,United States,2025,Blank Checks,Finance
NPACU,New Providence Acquisition Corp. III Units,$10.50,0.00,0.00%,183,0.00,United States,2025,Blank Checks,Finance
NPB,Northpointe Bancshares Inc. Common Stock,$15.53,-0.38,-2.388%,281249,537056006.00,United States,2025,Major Banks,Finance
NPCE,Neuropace Inc. Common Stock,$14.21,-0.50,-3.399%,166401,487747934.00,United States,2021,Medical/Dental Instruments,Health Care
NPCT,Nuveen Core Plus Impact Fund Common Shares of Beneficial Interest,$9.43,-0.05,-0.527%,169957,0.00,United States,2021,Investment Managers,Finance
NPFD,Nuveen Variable Rate Preferred & Income Fund Common Shares,$17.36,-0.35,-1.976%,73213,0.00,United States,2021,Trusts Except Educational Religious and Charitable,Finance
NPK,National Presto Industries Inc. Common Stock,$146.07,-4.88,-3.233%,113745,1042365307.00,United States,,Ordnance And Accessories,Industrials
NPKI,NPK International Inc. Common Stock,$11.71,-0.03,-0.256%,1256220,994294859.00,United States,,Misc Corporate Leasing Services,Industrials
NPO,Enpro Inc. Common Stock,$305.46,4.70,1.563%,105363,6465879838.00,United States,,Metal Fabrications,Industrials
NPT,Texxon Holding Limited Ordinary shares,$2.98,0.00,0.00%,2159,66111300.00,China,2025,Specialty Chemicals,Consumer Discretionary
NPV,Nuveen Virginia Quality Municipal Income Fund Common Stock,$9.65,-0.12,-1.228%,111382,0.00,United States,1993,Investment Managers,Finance
NPWR,NET Power Inc. Class A Common Stock,$1.71,-0.10,-5.525%,266343,384508139.00,United States,2021,Industrial Machinery/Components,Energy
NRC,NRC Health Common Stock,$21.57,-0.29,-1.327%,105987,477119039.00,United States,,Biotechnology: Commercial Physical & Biological Resarch,Health Care
NRDS,NerdWallet Inc. Class A Common Stock,$8.10,-0.43,-5.041%,1118798,517777709.00,United States,2021,EDP Services,Technology
NRDY,Nerdy Inc. Class A Common Stock,$8.58,-0.13,-1.493%,13587,109600860.00,United States,2020,Other Consumer Services,Real Estate
NREF,NexPoint Real Estate Finance Inc. Common Stock,$15.81,-0.58,-3.539%,73213,297987338.00,United States,2020,Real Estate Investment Trusts,Real Estate
NREF^A,NexPoint Real Estate Finance Inc. 8.50% Series A Cumulative Redeemable Preferred Stock,$25.05,0.176,0.708%,4021,,United States,,,
NRG,NRG Energy Inc. Common Stock,$100.72,-2.03,-1.976%,2550068,21172399848.00,United States,,Electric Utilities: Central,Utilities
NRGV,Energy Vault Holdings Inc. Common Stock,$4.43,-0.34,-7.128%,3878565,805549295.00,United States,2021,Industrial Machinery/Components,Miscellaneous
NRIM,Northrim BanCorp Inc Common Stock,$24.53,-0.57,-2.271%,104008,545664110.00,United States,,Savings Institutions,Finance
NRIX,Nurix Therapeutics Inc. Common stock,$23.88,-1.79,-6.973%,1364059,2478306590.00,United States,2020,Biotechnology: Pharmaceutical Preparations,Health Care
NRK,Nuveen New York AMT-Free Quality Municipal Income Fund ,$9.59,-0.20,-2.043%,781527,0.00,United States,2002,Trusts Except Educational Religious and Charitable,Finance
NRO,Neuberger Real Estate Securities Income Fund Inc. Common Stock,$2.70,-0.05,-1.818%,172163,0.00,United States,2003,Finance/Investors Services,Finance
NRP,Natural Resource Partners LP Limited Partnership,$107.58,-2.18,-1.986%,30249,1425479323.00,United States,2002,Coal Mining,Energy
NRSN,NeuroSense Therapeutics Ltd. Ordinary Shares,$7.40,0.22,3.064%,8765,14037075.00,Israel,2021,Biotechnology: Pharmaceutical Preparations,Health Care
NRSNW,NeuroSense Therapeutics Ltd. Warrant,$0.0699,0.0256,57.788%,5483,132593.00,Israel,2021,Biotechnology: Pharmaceutical Preparations,Health Care
NRT,North European Oil Royality Trust Common Stock,$8.83,0.06,0.684%,6408,81152910.00,United States,,Oil & Gas Production,Energy
NRUC,National Rural Utilities Cooperative Finance Corporation 5.500% Subordinated Notes due 2064 (Subordinated Deferrable Interest Notes),$20.81,-0.25,-1.187%,15163,0.00,United States,2019,Diversified Financial Services,Finance
NRXP,NRX Pharmaceuticals Inc. Common Stock,$3.16,-0.16,-4.819%,552515,136814624.00,United States,2017,Biotechnology: Pharmaceutical Preparations,Health Care
NRXS,Neuraxis Inc. Common Stock,$7.31,0.00,0.00%,58050,91797262.00,United States,2023,Biotechnology: Electromedical & Electrotherapeutic Apparatus,Health Care
NSAI,NorthStrive Acquisition Corp I. Class A Ordinary Shares,$9.88,0.0096,0.097%,5615,0.00,United States,2026,,
NSAIR,NorthStrive Acquisition Corp I. Rights,$0.14,0.00,0.00%,311,0.00,United States,2026,,
NSAIU,NorthStrive Acquisition Corp I. Units,$10.06,0.02,0.199%,407,0.00,United States,2026,,
NSAIW,NorthStrive Acquisition Corp I. Warrants,$0.05,0.00,0.00%,188,0.00,United States,2026,,
NSC,Norfolk Southern Corporation Common Stock,$315.01,1.01,0.322%,702474,70753883579.00,United States,,Railroads,Industrials
NSIT,Insight Enterprises Inc. Common Stock,$158.25,2.00,1.28%,384289,4644455513.00,United States,1995,Catalog/Specialty Distribution,Consumer Discretionary
NSLR,Neostellar Capital Corp. Common Stock,$8.29,-0.01,-0.12%,351505,219463010.00,United States,2011,Finance: Consumer Services,Finance
NSLRL,Neostellar Capital Corp. 6.00% Notes due 2026,$24.99,-0.0048,-0.019%,1413,661565818.00,United States,,Finance: Consumer Services,Finance
NSP,Insperity Inc. Common Stock,$48.85,-1.41,-2.805%,366372,1865838940.00,United States,,Professional Services,Consumer Discretionary
NSPR,InspireMD Inc. Common Stock,$0.751,-0.0079,-1.041%,29639,34913328.00,Israel,,Medical/Dental Instruments,Health Care
NSRX,Nasus Pharma Ltd. Ordinary Shares,$3.64,0.07,1.961%,14920,42627341.00,,2025,Biotechnology: Pharmaceutical Preparations,Health Care
NSSC,NAPCO Security Technologies Inc. Common Stock,$35.96,0.08,0.223%,252300,1286232995.00,United States,,Telecommunications Equipment,Telecommunications
NSTS,NSTS Bancorp Inc. Common Stock,$14.1457,-0.0143,-0.101%,6910,74309215.00,United States,2022,Savings Institutions,Finance
NSYS,Nortech Systems Incorporated Common Stock,$11.32,-0.155,-1.351%,1155,32304631.00,United States,,Industrial Machinery/Components,Technology
NTAP,NetApp Inc. Common Stock,$196.33,3.42,1.773%,1672788,38562943252.00,United States,1995,Electronic Components,Technology
NTB,Bank of N.T. Butterfield & Son Limited (The) Voting Ordinary Shares,$58.11,-0.44,-0.751%,140168,2324400000.00,Bermuda,2016,Commercial Banks,Finance
NTCL,NETCLASS TECHNOLOGY INC Class A Ordinary Shares,$2.05,0.06,3.015%,5244,4979159.00,China,2024,Computer Software: Prepackaged Software,Technology
NTCT,NetScout Systems Inc. Common Stock,$39.28,0.14,0.358%,409533,2855943215.00,United States,1999,EDP Services,Technology
NTES,NetEase Inc. American Depositary Shares,$117.02,-1.74,-1.465%,618752,74673750847.00,China,,Computer Software: Prepackaged Software,Technology
NTGR,NETGEAR Inc. Common Stock,$22.24,-0.14,-0.626%,205691,604461427.00,United States,2003,Telecommunications Equipment,Utilities
NTHI,NeOnc Technologies Holdings Inc. Common Stock,$3.22,-0.23,-6.667%,95974,95846826.00,United States,,Biotechnology: Pharmaceutical Preparations,Health Care
NTIC,Northern Technologies International Corporation Common Stock,$7.86,-0.09,-1.132%,2141,74642011.00,United States,,Industrial Specialties,Industrials
NTIP,Network-1 Technologies Inc. Common Stock,$1.56,-0.01,-0.637%,8571,35666562.00,United States,,Multi-Sector Companies,Miscellaneous
NTLA,Intellia Therapeutics Inc. Common Stock,$12.33,-0.36,-2.837%,5042388,1727762125.00,United States,2016,Biotechnology: In Vitro & In Vivo Diagnostic Substances,Health Care
NTNX,Nutanix Inc. Class A Common Stock,$69.68,0.43,0.621%,1839590,18853330073.00,United States,2016,Computer Software: Prepackaged Software,Technology
NTR,Nutrien Ltd. Common Shares,$75.13,-0.30,-0.398%,1902475,36209822565.00,Canada,2004,Agricultural Chemicals,Industrials
NTRA,Natera Inc. Common Stock,$390.79,-0.11,-0.028%,1690567,56330100194.00,United States,2015,Medical Specialities,Health Care
NTRB,Nutriband Inc. Common Stock,$7.35,0.59,8.728%,129755,89344270.00,United States,,Industrial Specialties,Health Care
NTRBW,Nutriband Inc. Warrant,$0.7408,0.0203,2.817%,21038,9004930.00,United States,,Industrial Specialties,Health Care
NTRP,NextTrip Inc. Common Stock,$1.94,0.00,0.00%,139317,29267036.00,United States,,Transportation Services,Consumer Discretionary
NTRS,Northern Trust Corporation Common Stock,$173.99,0.59,0.34%,967623,31832454065.00,United States,,Major Banks,Finance
NTRSO,Northern Trust Corporation Depositary Shares Each Representing a 1/1000th Interest in a Share of Series E Non-Cumulative Perpetual Preferred Stock,$18.15,0.085,0.471%,47285,3320645102.00,United States,,Major Banks,Finance
NTSK,Netskope Inc. Class A Common Stock,$18.57,0.02,0.108%,5997304,7587474480.00,United States,2025,Computer Software: Prepackaged Software,Technology
NTST,NetSTREIT Corp. Common Stock,$18.37,0.06,0.328%,1744324,1865069323.00,United States,2020,Real Estate Investment Trusts,Real Estate
NTWK,NetSol Technologies Inc. Common  Stock,$4.46,-0.03,-0.668%,43730,52968806.00,United States,,Computer Software: Prepackaged Software,Technology
NTWO,Newbury Street II Acquisition Corp Class A Ordinary Shares,$10.905,-0.025,-0.229%,150027,0.00,United States,2024,,
NTWOW,Newbury Street II Acquisition Corp Warrant,$1.14,-0.03,-2.564%,57282,0.00,United States,2024,,
NU,Nu Holdings Ltd. Class A Ordinary Shares,$13.62,-0.54,-3.814%,62880674,66134274868.00,Cayman Islands,2021,Finance: Consumer Services,Finance
NUAI,New Era Energy & Digital Inc. Common Stock,$6.99,0.015,0.215%,9027935,744849780.00,United States,,Oil & Gas Production,Energy
NUAIW,New Era Energy & Digital Inc. Warrants,$3.14,0.03,0.965%,1121,334596324.00,United States,,Oil & Gas Production,Energy
NUCL,Eagle Nuclear Energy Corp. Common stock,$6.22,-0.16,-2.508%,142950,183986344.00,United States,,Other Metals and Minerals,Basic Materials
NUCLW,Eagle Nuclear Energy Corp. Warrants,$0.63,-0.04,-5.97%,47076,18635273.00,United States,,Other Metals and Minerals,Basic Materials
NUE,Nucor Corporation Common Stock,$246.98,1.32,0.537%,1325638,56033754458.00,United States,,Steel/Iron Ore,Industrials
NUR,Nuran Wireless Inc. Common Shares,$1.11,-0.06,-5.128%,213192,14646117.00,Canada,,,
NUS,Nu Skin Enterprises Inc. Common Stock,$4.61,-0.25,-5.144%,327317,224399283.00,United States,1996,Other Pharmaceuticals,Health Care
NUTX,Nutex Health Inc. Common Stock,$201.86,-6.96,-3.333%,110478,1382331830.00,United States,,Business Services,Consumer Discretionary
NUV,Nuveen Municipal Value Fund Inc. Common Stock,$8.24,-0.14,-1.671%,1513217,0.00,United States,1987,Trusts Except Educational Religious and Charitable,Finance
NUVB,Nuvation Bio Inc. Class A Common Stock,$5.71,-0.39,-6.393%,4606088,2004913660.00,United States,2020,Biotechnology: Pharmaceutical Preparations,Health Care
NUW,Nuveen AMT-Free Municipal Value Fund,$13.06,-0.14,-1.061%,152342,0.00,United States,2009,Investment Managers,Finance
NUWE,Nuwellis Inc. Common Stock,$0.849,0.0227,2.747%,223342,3096527.00,United States,,Biotechnology: Electromedical & Electrotherapeutic Apparatus,Health Care
NVA,Nova Minerals Corp Common Stock,$5.60,-0.36,-6.04%,337621,2525757937.00,,2026,Precious Metals,Basic Materials
NVAX,Novavax Inc. Common Stock,$10.55,-0.28,-2.585%,5773246,1740177409.00,United States,,Biotechnology: Biological Products (No Diagnostic Substances),Health Care
NVCR,NovoCure Limited Ordinary Shares,$16.25,-0.42,-2.519%,777770,1892244900.00,Jersey,2015,Medical/Dental Instruments,Health Care
NVCT,Nuvectis Pharma Inc. Common Stock,$21.07,-1.93,-8.391%,169210,687178371.00,United States,2022,Biotechnology: Pharmaceutical Preparations,Health Care
NVDA,NVIDIA Corporation Common Stock,$225.51,-3.36,-1.468%,89895229,5434791000000.00,United States,1999,Semiconductors,Technology
NVEC,NVE Corporation Common Stock,$108.82,0.99,0.918%,112669,526380404.00,United States,,Semiconductors,Technology
NVG,Nuveen AMT-Free Municipal Credit Income Fund ,$11.19,-0.25,-2.185%,1244823,0.00,United States,2002,Investment Managers,Finance
NVGS,Navigator Holdings Ltd. Ordinary Shares (Marshall Islands),$23.04,-0.52,-2.207%,520000,1421567332.00,Marshall Islands,2013,Marine Transportation,Consumer Discretionary
NVMI,Nova Ltd. Ordinary Shares,$365.73,-4.22,-1.141%,312276,11623986350.00,Israel,2000,Electronic Components,Technology
NVNI,Nvni Group Limited Ordinary Shares,$0.9374,0.0073,0.785%,75492,10960205.00,Cayman Islands,,Computer Software: Prepackaged Software,Technology
NVNIW,Nvni Group Limited Warrants,$0.0173,0.001,6.135%,5994,202274.00,Cayman Islands,,Computer Software: Prepackaged Software,Technology
NVNO,enVVeno Medical Corporation Common Stock,$8.96,-0.14,-1.538%,4552,6225641.00,United States,2018,Medical/Dental Instruments,Health Care
NVO,Novo Nordisk A/S Common Stock,$38.17,-1.23,-3.122%,18439056,169014107948.00,Denmark,,Biotechnology: Pharmaceutical Preparations,Health Care
NVR,NVR Inc. Common Stock,$6241.61,-97.31,-1.535%,33456,16633016825.00,United States,1998,Homebuilding,Consumer Discretionary
NVRI,Enviri Corporation Common Stock,$19.43,-1.17,-5.68%,545507,547734012.00,,2026,Diversified Commercial Services,Miscellaneous
NVS,Novartis AG Common Stock,$142.71,1.43,1.012%,2518386,272312326110.00,Switzerland,,Biotechnology: Pharmaceutical Preparations,Health Care
NVST,Envista Holdings Corporation Common Stock,$23.82,-0.36,-1.489%,2410910,3825913828.00,United States,2019,Medical/Dental Instruments,Health Care
NVT,nVent Electric plc Ordinary Shares ,$162.85,0.20,0.123%,1504183,26358565366.00,United Kingdom,2018,Industrial Machinery/Components,Industrials
NVTS,Navitas Semiconductor Corporation Common Stock,$11.84,-0.62,-4.976%,8730699,3091346898.00,United States,,Semiconductors,Technology
NVX,NOVONIX Limited American Depository Shares,$2.8013,-0.0487,-1.709%,30829,60291901.00,Australia,,Industrial Machinery/Components,Miscellaneous
NWAX,New America Acquisition I Corp. Class A Common Stock,$10.08,-0.02,-0.198%,64141,0.00,,2026,Blank Checks,Finance
NWBI,Northwest Bancshares Inc. Common Stock,$15.04,-0.17,-1.118%,1123580,2202745195.00,United States,2009,Major Banks,Finance
NWCL,newcleo plc Ordinary Shares,$7.83,-0.315,-3.867%,429725,3988437022.00,United Kingdom,,Metal Fabrications,Industrials
NWCLW,newcleo plc Warrants,$0.95,-0.05,-5.00%,25389,483909984.00,United Kingdom,,Metal Fabrications,Industrials
NWE,NorthWestern Energy Group Inc. Common Stock,$68.70,-1.17,-1.675%,416349,4226276295.00,United States,,Power Generation,Utilities
NWFL,Norwood Financial Corp. Common Stock,$33.34,-0.99,-2.884%,21156,363475147.00,United States,,Major Banks,Finance
NWG,NatWest Group plc American Depositary Shares (each representing two (2) Ordinary Shares),$17.91,-0.66,-3.554%,3348548,71192869561.00,United Kingdom,2022,Commercial Banks,Finance
NWGL,CL Workshop Group Limited American Depositary Shares,$1.41,0.15,11.905%,98259,40682963.00,China,2023,Forest Products,Basic Materials
NWL,Newell Brands Inc. Common Stock,$5.68,-0.09,-1.56%,4830922,2419112000.00,United States,,Plastic Products,Industrials
NWN,Northwest Natural Holding Company Common Stock,$47.23,-0.55,-1.151%,289747,1988077800.00,United States,,Oil/Gas Transmission,Utilities
NWPX,NWPX Infrastructure Inc. Common Stock,$102.62,-0.71,-0.687%,131602,988969669.00,United States,1995,Steel/Iron Ore,Industrials
NWS,News Corporation Class B Common Stock,$31.22,-1.16,-3.582%,1247049,16891663358.00,United States,,Newspapers/Magazines,Consumer Discretionary
NWSA,News Corporation Class A Common Stock,$28.12,-1.13,-3.863%,8755809,15214400181.00,United States,,Newspapers/Magazines,Consumer Discretionary
NWTG,Newton Golf Company Inc. Common Stock,$1.145,-0.025,-2.137%,17547,6208506.00,United States,2023,Recreational Games/Products/Toys,Consumer Discretionary
NX,Quanex Building Products Corporation Common Stock,$19.83,-0.83,-4.017%,519606,908733705.00,United States,,Metal Fabrications,Industrials
NXAT,Nexus Advanced Technologies Inc. Ordinary Shares,$1.17,-0.01,-0.847%,11455,3170996.00,Cayman Islands,,Movies/Entertainment,Consumer Discretionary
NXATW,Nexus Advanced Technologies Inc. Warrant,$0.0136,-0.0027,-16.564%,6183,36859.00,Cayman Islands,,Movies/Entertainment,Consumer Discretionary
NXB,NextBoat Inc. Common Stcok,$2.10,-0.06,-2.778%,7079,52800080.00,,2025,Marine Transportation,Industrials
NXDR,Nextdoor Holdings Inc. Class A Common Stock,$2.38,-0.12,-4.80%,2908958,920699197.00,United States,,Computer Software: Programming Data Processing,Technology
NXDT,NexPoint Diversified Real Estate Trust Common Stock,$5.16,-0.16,-3.008%,111971,274027099.00,United States,,Real Estate Investment Trusts,Real Estate
NXDT^A,NexPoint Diversified Real Estate Trust 5.50% Series A Cumulative Preferred Shares ($25.00 liquidation preference per share),$12.7393,-0.4857,-3.673%,6534,,United States,,,
NXE,Nexgen Energy Ltd. Common Shares,$9.63,-0.34,-3.41%,2709588,6456973753.00,Canada,2017,Other Metals and Minerals,Basic Materials
NXG,NXG NextGen Infrastructure Income Fund Common Shares of Beneficial Interest,$55.84,-0.24,-0.428%,33673,145279710.00,United States,2012,,
NXGL,NexGel Inc Common Stock,$0.2682,-0.0066,-2.402%,117455,2614323.00,United States,2021,Medical/Dental Instruments,Health Care
NXGLW,NexGel Inc Warrant,$0.013,0.00,0.00%,7,126720.00,United States,2021,Medical/Dental Instruments,Health Care
NXH,Neighborhood Intelligence Inc. Common Stock,$3.35,-0.19,-5.367%,2785834,319917238.00,United States,2026,Catalog/Specialty Distribution,Consumer Discretionary
NXL,Nexalin Technology Inc. Common Stock,$4.812,0.182,3.931%,7008,3991073.00,United States,2022,Biotechnology: Electromedical & Electrotherapeutic Apparatus,Health Care
NXP,Nuveen Select Tax Free Income Portfolio Common Stock,$13.18,-0.30,-2.226%,453501,616812309.00,United States,1992,Trusts Except Educational Religious and Charitable,Finance
NXPI,NXP Semiconductors N.V. Common Stock,$235.44,-2.13,-0.897%,4019113,59369533127.00,Netherlands,2010,Semiconductors,Technology
NXPL,NextPlat Corp Common Stock,$9.10,-0.26,-2.778%,16616,24690320.00,United States,,Telecommunications Equipment,Telecommunications
NXRT,NexPoint Residential Trust Inc. Common Stock,$20.74,-0.98,-4.512%,494798,529903122.00,United States,2015,Real Estate Investment Trusts,Real Estate
NXST,Nexstar Media Group Inc. Common Stock,$165.57,-1.96,-1.17%,341543,5100930397.00,United States,2003,Broadcasting,Industrials
NXT,Nextpower Inc. Common Stock,$81.81,-0.71,-0.86%,1712999,12412992031.00,United States,2023,Semiconductors,Technology
NXTC,NextCure Inc. Common Stock,$4.82,-0.36,-6.95%,225876,22062870.00,United States,2019,Biotechnology: Pharmaceutical Preparations,Health Care
NXTS,Nexentis Technologies Inc. Common Stock,$1.455,0.045,3.191%,473594,2114600.00,Israel,,Agricultural Chemicals,Industrials
NXTT,Next Technology Holding Inc. Ordinary Shares,$5.70,-0.55,-8.80%,24580,8395883.00,China,,EDP Services,Technology
NXXT,NextNRG Inc. Common Stock,$0.9078,0.0454,5.264%,437696,15263155.00,United States,2021,Retail-Auto Dealers and Gas Stations,Consumer Discretionary
NYAX,Nayax Ltd. Ordinary Shares,$42.63,-0.70,-1.616%,36028,1592622483.00,Israel,,Computer Software: Prepackaged Software,Technology
NYC,American Strategic Investment Co. Class A Common Stock,$6.25,0.20,3.306%,11291,19772700.00,,2020,Real Estate Investment Trusts,Real Estate
NYT,New York Times Company (The) Common Stock,$61.89,-3.56,-5.439%,6705429,9933522129.00,United States,,Newspapers/Magazines,Consumer Discretionary
NYXH,Nyxoah SA Ordinary Shares,$1.33,-0.07,-5.00%,257781,133096844.00,Belgium,2021,Medical/Dental Instruments,Health Care
NZF,Nuveen Municipal Credit Income Fund ,$11.24,-0.16,-1.404%,1491722,0.00,United States,2007,Finance Companies,Finance
O,Realty Income Corporation Common Stock,$55.61,-0.92,-1.627%,13617528,52619184815.00,United States,,Real Estate Investment Trusts,Real Estate
OABI,OmniAb Inc. Common Stock,$4.79,-0.13,-2.642%,1050926,696420006.00,United States,2021,Biotechnology: Commercial Physical & Biological Resarch,Health Care
OACC,Oaktree Acquisition Corp. III Life Sciences Class A Ordinary Share,$10.75,0.00,0.00%,6316,0.00,United States,2024,Blank Checks,Finance
OACCU,Oaktree Acquisition Corp. III Life Sciences Unit,$10.9988,0.00,0.00%,5,0.00,United States,2024,Blank Checks,Finance
OAK^A,Brookfield Oaktree Holdings LLC 6.625% Series A Preferred Units,$20.495,-0.065,-0.316%,4701,,United States,,,
OAK^B,Brookfield Oaktree Holdings LLC 6.550% Series B Preferred Units,$20.19,-0.11,-0.542%,9525,,United States,,,
OBA,Oxley Bridge Acquisition Limited Class A Ordinary Shares,$10.33,0.01,0.097%,8511,0.00,Hong Kong,2025,Blank Checks,Finance
OBAI,Our Bond Inc. Common Stock,$0.25,-0.0011,-0.438%,9177536,7493882.00,United States,,Telecommunications Equipment,Consumer Discretionary
OBAWW,Oxley Bridge Acquisition Limited Warrants,$0.25,-0.0009,-0.359%,157,0.00,Hong Kong,2025,Blank Checks,Finance
OBDC,Blue Owl Capital Corporation Common Stock,$10.95,-0.19,-1.706%,3169843,5399911131.00,United States,2019,Diversified Financial Services,Finance
OBE,Obsidian Energy Ltd. Common Shares,$11.21,0.06,0.538%,643302,747993640.00,Canada,2022,Oil & Gas Production,Energy
OBIO,Orchestra BioMed Holdings Inc. Ordinary Shares,$5.93,-0.29,-4.662%,242366,356422941.00,United States,2020, Medicinal Chemicals and Botanical Products ,Health Care
OBK,Origin Bancorp Inc. Common Stock,$52.81,-0.36,-0.677%,144797,1629171495.00,United States,,Major Banks,Finance
OBT,Orange County Bancorp Inc. Common Stock,$37.38,-0.06,-0.16%,35803,501189657.00,United States,,Major Banks,Finance
OBX,Obsidian Therapeutics Inc. Common Stock,$15.26,-1.74,-10.235%,582623,942654088.00,United States,,Biotechnology: Pharmaceutical Preparations,Health Care
OC,Owens Corning Inc Common Stock New,$122.88,-3.78,-2.984%,790585,9713502167.00,United States,,Industrial Machinery/Components,Industrials
OCAC,Ocean Capital Acquisition Corporation Ordinary Shares,$9.98,0.00,0.00%,406,0.00,,2026,Blank Checks,Finance
OCC,Optical Cable Corporation Common Stock,$14.16,0.00,0.00%,95996,125203060.00,United States,,Telecommunications Equipment,Industrials
OCCI,OFS Credit Company Inc. Common Stock,$2.34,-0.03,-1.266%,97726,27182633.00,United States,2018,Trusts Except Educational Religious and Charitable,Finance
OCCIM,OFS Credit Company Inc. 7.875% Series F Term Preferred Stock,$24.88,-0.15,-0.599%,11369,0.00,United States,,,
OCCIN,OFS Credit Company Inc. 5.25% Series E Term Preferred Stock Due 2026,$24.98,0.11,0.442%,3779,290180420.00,United States,,Trusts Except Educational Religious and Charitable,Finance
OCFC,OceanFirst Financial Corp. Common Stock,$17.00,-0.37,-2.13%,1340818,1642968723.00,United States,,Major Banks,Finance
OCG,Oriental Culture Holding LTD Ordinary Shares,$1.56,-0.0265,-1.67%,67200,3023767.00,China,2020,Other Consumer Services,Consumer Discretionary
OCGN,Ocugen Inc. Common Stock,$1.00,-0.04,-3.846%,12171431,339110401.00,United States,2014,Biotechnology: Biological Products (No Diagnostic Substances),Health Care
OCLT,OceanLight Acquisition Corporation Ordinary Shares,$9.90,0.01,0.101%,12672,0.00,United States,2026,Blank Checks,Finance
OCLTR,OceanLight Acquisition Corporation Rights,$0.155,-0.005,-3.125%,504,0.00,United States,2026,Blank Checks,Finance
OCLTU,OceanLight Acquisition Corporation Units,$10.1497,0.0697,0.691%,2848,0.00,United States,2026,Blank Checks,Finance
OCS,Oculis Holding AG Ordinary shares,$9.99,-0.72,-6.723%,143783,579264536.00,Switzerland,,Biotechnology: Pharmaceutical Preparations,Health Care
OCSAW,Oculis Holding AG Warrants,$3.00,-0.14,-4.459%,5276,173953314.00,Switzerland,,Biotechnology: Pharmaceutical Preparations,Health Care
OCSL,Oaktree Specialty Lending Corporation Common Stock,$12.16,-0.21,-1.698%,390455,1071119960.00,United States,,Finance: Consumer Services,Finance
OCTV,Octave Intelligence plc Class B Ordinary Shares,$19.82,0.45,2.323%,1951054,5320436958.00,United States,,Computer Software: Prepackaged Software,Technology
OCUL,Ocular Therapeutix Inc. Common Stock,$10.00,-0.50,-4.762%,2089411,2196158680.00,United States,2014,Biotechnology: Pharmaceutical Preparations,Health Care
ODC,Oil-Dri Corporation Of America Common Stock,$90.07,-0.74,-0.815%,80845,1304964333.00,United States,,Miscellaneous manufacturing industries,Consumer Discretionary
ODD,ODDITY Tech Ltd. Class A Ordinary Shares,$17.83,-0.95,-5.059%,884062,1010188694.00,Israel,2023,Package Goods/Cosmetics,Consumer Discretionary
ODFL,Old Dominion Freight Line Inc. Common Stock,$177.72,0.41,0.231%,1572834,36851418862.00,United States,1991,Trucking Freight/Courier Services,Industrials
ODTX,Odyssey Therapeutics Inc. Common Stock,$20.76,-2.58,-11.054%,255201,997695021.00,United States,2026,Biotechnology: Biological Products (No Diagnostic Substances),Health Care
ODYS,Odysight.ai Inc. Common Stock,$3.10,-0.15,-4.615%,10766,62757656.00,Israel,,EDP Services,Technology
OEC,Orion S.A. Common Shares,$6.01,-0.05,-0.825%,345827,339701421.00,Luxembourg,2014,Major Chemicals,Industrials
OESX,Orion Energy Systems Inc. Common Stock,$28.42,-0.62,-2.135%,41568,116217508.00,United States,2015,Building Products,Consumer Discretionary
OFAL,OFA Group Class A Ordinary Shares,$0.59,-0.004,-0.673%,307132,15607554.00,Hong Kong,2025,Military/Government/Technical,Consumer Discretionary
OFG,OFG Bancorp Common Stock,$51.56,-0.14,-0.271%,290108,2179208871.00,Puerto Rico,,Major Banks,Finance
OFIX,Orthofix Medical Inc. Common Stock (DE),$9.18,0.20,2.227%,437702,373925341.00,Curacao,1992,Medical/Dental Instruments,Health Care
OFLX,Omega Flex Inc. Common Stock,$25.46,-0.82,-3.12%,28649,257001438.00,United States,,Industrial Specialties,Industrials
OFRM,Once Upon a Farm PBC Common Stock,$16.18,-0.16,-0.979%,209532,679408766.00,,2026,Packaged Foods,Consumer Staples
OFS,OFS Capital Corporation Common Stock,$3.56,-0.10,-2.732%,66788,47697158.00,United States,,Finance/Investors Services,Finance
OGC,OceanaGold Corporation Common Shares,$27.95,-1.12,-3.853%,650999,6266893743.00,,2026,,
OGE,OGE Energy Corp Common Stock,$44.71,-0.40,-0.887%,1856870,9236249342.00,United States,,Electric Utilities: Central,Utilities
OGEN,Oragenics Inc. Common Stock,$0.486,-0.034,-6.538%,41073,2192811.00,United States,,Biotechnology: Pharmaceutical Preparations,Health Care
OGG,Osisko Gold Group Inc. Common Shares,$2.69,-0.05,-1.825%,1569327,822703782.00,Canada,2022,Precious Metals,Basic Materials
OGGWZ,Osisko Gold Group Inc. Warrant expiring 5/27/2027,$0.0251,-0.0248,-49.699%,32130,7676530.00,Canada,,Precious Metals,Basic Materials
OGI,Organigram Global Inc. Common Shares,$1.09,-0.02,-1.802%,506081,153697082.00,Canada,,Biotechnology: Pharmaceutical Preparations,Health Care
OGN,Organon & Co. Common Stock ,$13.73,0.03,0.219%,983443,3605627515.00,United States,2021,Biotechnology: Pharmaceutical Preparations,Health Care
OGS,ONE Gas Inc. Common Stock,$72.29,-1.28,-1.74%,992655,4543879758.00,United States,2014,Oil/Gas Transmission,Utilities
OHAC,Oceanhawk Acquisition Corp. Class A Ordinary Shares,$9.98,0.00,0.00%,6,0.00,United States,2026,,
OHI,Omega Healthcare Investors Inc. Common Stock,$46.17,-0.30,-0.646%,1994767,13990110210.00,United States,1992,Real Estate Investment Trusts,Real Estate
OI,O-I Glass Inc. Common Stock,$6.07,-0.12,-1.939%,2669893,932714664.00,United States,,Containers/Packaging,Consumer Discretionary
OIA,Invesco Municipal Income Opportunities Trust Common Stock,$5.56,-0.13,-2.285%,344536,264687075.00,United States,,Finance Companies,Finance
OIG,Orion180 Insurance Group Inc. Class A common stock,$9.75,-0.75,-7.143%,712990,965566407.00,United States,2026,Specialty Insurers,Finance
OII,Oceaneering International Inc. Common Stock,$46.24,0.13,0.282%,432210,4602250785.00,United States,,Oilfield Services/Equipment,Energy
OIM,OneIM Acquisition Corp. Class A Ordinary Shares,$10.15,0.00,0.00%,12,0.00,United States,2026,,
OIMAW,OneIM Acquisition Corp. Warrant,$0.70,0.00,0.00%,1005,0.00,United States,2026,,
OIO,OIO Group Ordinary Shares,$1.865,-0.045,-2.356%,108150,649061231.00,Singapore,,Environmental Services,Utilities
OIS,Oil States International Inc. Common Stock,$8.31,0.08,0.972%,479556,501280964.00,United States,2001,Oil and Gas Field Machinery,Consumer Discretionary
OKE,ONEOK Inc. Common Stock,$90.54,0.45,0.50%,3038230,57073669650.00,United States,,Oil & Gas Production,Utilities
OKLO,Oklo Inc. Class A common stock,$38.82,-1.63,-4.03%,7280021,7221205173.00,United States,2021,Electric Utilities: Central,Utilities
OKTA,Okta Inc. Class A Common Stock,$205.36,8.74,4.445%,5482083,35901225774.00,United States,2017,Computer Software: Prepackaged Software,Technology
OKUR,OnKure Therapeutics Inc. Class A Common Stock,$2.94,-0.16,-5.161%,149749,119059148.00,United States,2021,Biotechnology: Pharmaceutical Preparations,Health Care
OKYO,OKYO Pharma Limited Ordinary Shares,$1.32,-0.03,-2.222%,85224,69272976.00,Guernsey,2022,Biotechnology: Biological Products (No Diagnostic Substances),Health Care
OLB,The OLB Group Inc. Common Stock,$0.2117,-0.0014,-0.657%,9232228,5087771.00,United States,,Business Services,Consumer Discretionary
OLED,Universal Display Corporation Common Stock,$76.71,-1.41,-1.805%,540050,3526115913.00,United States,,Electrical Products,Technology
OLLI,Ollie's Bargain Outlet Holdings Inc. Common Stock,$82.61,0.13,0.158%,2451132,4907232512.00,United States,2015,Department/Specialty Retail Stores,Consumer Discretionary
OLMA,Olema Pharmaceuticals Inc. Common Stock,$8.83,-0.81,-8.402%,1642302,772603870.00,United States,2020,Biotechnology: Pharmaceutical Preparations,Health Care
OLN,Olin Corporation Common Stock,$16.77,-0.05,-0.297%,1793144,1911486357.00,United States,,Major Chemicals,Industrials
OLOX,Olenox Industries Inc. Common Stock,$0.8354,-0.0846,-9.196%,521706,1386218.00,United States,2017,RETAIL: Building Materials,Consumer Discretionary
OLP,One Liberty Properties Inc. Common Stock,$22.65,-0.34,-1.479%,89089,494336794.00,United States,1986,Real Estate Investment Trusts,Real Estate
OM,Outset Medical Inc. Common Stock,$3.09,-0.20,-6.079%,76855,58083237.00,United States,2020,Biotechnology: Electromedical & Electrotherapeutic Apparatus,Health Care
OMAB,Grupo Aeroportuario del Centro Norte S.A.B. de C.V. ADS,$101.30,-1.15,-1.122%,84532,4889870331.00,Mexico,2006,Aerospace,Consumer Discretionary
OMC,Omnicom Group Inc. Common Stock,$75.49,0.15,0.199%,2916530,20710377049.00,United States,,Advertising,Consumer Discretionary
OMCL,Omnicell Inc. Common Stock ($0.001 par value),$32.99,-0.18,-0.543%,437068,1504835023.00,United States,2001,Computer Manufacturing,Technology
OMDA,Omada Health Inc. Common Stock,$20.69,-0.68,-3.182%,713127,1266573585.00,United States,2025,Medical/Nursing Services,Health Care
OMER,Omeros Corporation Common Stock,$20.74,-0.31,-1.473%,1349614,1501333674.00,United States,2009,Biotechnology: Pharmaceutical Preparations,Health Care
OMEX,Odyssey Marine Exploration Inc. Common Stock,$0.7248,-0.0267,-3.553%,215695,42539519.00,United States,,Marine Transportation,Consumer Discretionary
OMF,OneMain Holdings Inc. Common Stock,$57.25,-1.83,-3.097%,1675499,6586124100.00,United States,2013,Finance: Consumer Services,Finance
OMH,Ohmyhome Limited Class A Ordinary Shares,$2.50,0.10,4.167%,50132,4221723.00,Singapore,2023,Real Estate,Finance
OMSE,OMS Energy Technologies Inc. Ordinary Shares,$4.2604,-0.0696,-1.607%,7137,180848459.00,Singapore,2025,Oil and Gas Field Machinery,Consumer Discretionary
ON,ON Semiconductor Corporation Common Stock,$74.10,0.50,0.679%,9153747,28848509223.00,United States,,Semiconductors,Technology
ONB,Old National Bancorp Common Stock,$24.74,-0.29,-1.159%,5335012,9464781800.00,United States,,Major Banks,Finance
ONBPO,Old National Bancorp Depositary Shares Each Representing a 1/40th Interest in a Share of Series C Preferred Stock,$24.89,-0.05,-0.20%,7073,9522167300.00,United States,,Major Banks,Finance
ONBPP,Old National Bancorp Depositary Shares Each Representing a 1/40th Interest in a Share of Series A Preferred Stock,$24.89,0.18,0.728%,21855,9522167300.00,United States,,Major Banks,Finance
ONC,BeOne Medicines Ltd. American Depositary Shares,$365.00,-3.08,-0.837%,631812,41501185105.00,Cayman Islands,2016,Biotechnology: Pharmaceutical Preparations,Health Care
ONCH,1RT Acquisition Corp. Class A Ordinary Share,$10.32,0.00,0.00%,29840,0.00,United States,2025,,
ONCHU,1RT Acquisition Corp. Units,$10.43,0.00,0.00%,812,0.00,United States,2025,,
ONCHW,1RT Acquisition Corp. Warrant,$0.40,0.00,0.00%,14,0.00,United States,2025,Blank Checks,Finance
ONCO,Onconetix Inc. Common Stock,$0.91,0.2269,33.216%,31964208,3986275.00,United States,2022,Biotechnology: Pharmaceutical Preparations,Health Care
ONCY,Oncolytics Biotech Inc. Common Stock,$0.6765,-0.0368,-5.159%,1891106,86260857.00,Canada,,Biotechnology: Pharmaceutical Preparations,Health Care
ONDS,Ondas Inc. Common Stock,$7.40,-0.32,-4.145%,67797833,4229848961.00,United States,,Radio And Television Broadcasting And Communications Equipment,Technology
ONEG,OneConstruction Group Limited Ordinary Shares,$1.02,0.00,0.00%,25428,16320000.00,Hong Kong,2024,Homebuilding,Consumer Discretionary
ONEW,OneWater Marine Inc. Class A Common Stock,$9.94,-0.32,-3.119%,69679,165656253.00,United States,2020,Auto & Home Supply Stores,Consumer Discretionary
ONFO,Onfolio Holdings Inc. Common Stock,$0.815,-0.0011,-0.135%,120513,2036887.00,United States,2022,EDP Services,Technology
ONFOW,Onfolio Holdings Inc. Warrant,$0.0156,0.0029,22.835%,5748,38988.00,United States,2022,EDP Services,Technology
ONIT,Onity Group Inc. Common Stock,$31.48,-0.57,-1.778%,52847,263000290.00,United States,,Finance: Consumer Services,Finance
ONL,Orion Properties Inc. Common Stock,$2.48,-0.09,-3.502%,271544,141470891.00,United States,2021,Real Estate Investment Trusts,Real Estate
ONMD,OneMedNet Corp Class A Common Stock,$0.6545,0.0045,0.692%,248898,38802982.00,United Kingdom,2021,Biotechnology: Commercial Physical & Biological Resarch,Health Care
ONON,On Holding AG Class A Ordinary Shares,$30.16,0.77,2.62%,17752407,18199481071.00,,2021,Shoe Manufacturing,Consumer Discretionary
ONT,Onterris Inc. Common Stock,$17.02,0.08,0.472%,556829,597698556.00,United States,2020,Professional Services,Consumer Discretionary
ONTO,Onto Innovation Inc. Common Stock,$282.31,-1.50,-0.529%,642950,13854150671.00,United States,,Industrial Machinery/Components,Industrials
OOMA,Ooma Inc. Common Stock,$22.05,-0.17,-0.765%,482574,608580000.00,United States,2015,EDP Services,Technology
OPAD,Offerpad Solutions Inc. Class A Common Stock,$3.41,-0.06,-1.729%,26849,16479674.00,United States,,Real Estate,Finance
OPAL,OPAL Fuels Inc. Class A Common Stock,$1.86,-0.10,-5.102%,382213,324923400.00,United States,2021,Natural Gas Distribution,Utilities
OPBK,OP Bancorp Common Stock,$14.88,-0.49,-3.188%,48131,222197311.00,United States,2018,Major Banks,Finance
OPCH,Option Care Health Inc. Common Stock,$23.34,-0.56,-2.343%,1330436,3495987572.00,United States,,Medical/Nursing Services,Health Care
OPEN,Opendoor Technologies Inc Common Stock,$2.58,-0.18,-6.522%,35164740,2505414909.00,United States,,Real Estate,Finance
OPENL,Opendoor Technologies Inc  Series A Warrants each whole warrant exercisable to purchase one share of Common Stock at an exercise price of $13.00 per warrant,$0.0791,-0.0024,-2.945%,716813,76813302.00,United States,,Real Estate,Finance
OPENW,Opendoor Technologies Inc  Series K Warrants each whole warrant exercisable to purchase one share of Common Stock at an exercise price of $9.00 per warrant,$0.138,0.00,0.00%,149666,134010565.00,United States,,Real Estate,Finance
OPENZ,Opendoor Technologies Inc  Series Z Warrants each whole warrant exercisable to purchase one share of Common Stock at an exercise price of $17.00 per warrant,$0.0892,-0.0083,-8.513%,758520,86621322.00,United States,,Real Estate,Finance
OPFI,OppFi Inc. Class A Common Stock,$6.28,-0.14,-2.181%,638613,535107791.00,United States,2020,Finance: Consumer Services,Finance
OPHC,OptimumBank Holdings Inc. Common Stock,$8.93,-0.30,-3.25%,81956,112718657.00,United States,,Major Banks,Finance
OPI,Office Properties Income Trust Common shares of beneficial interest,$17.59,-0.09,-0.509%,61501,386163419.00,United States,,Real Estate,Finance
OPK,OPKO Health Inc. Common Stock,$1.70,-0.03,-1.734%,1783773,1268757983.00,United States,,Biotechnology: Pharmaceutical Preparations,Health Care
OPLN,OPENLANE Inc. Common Stock,$34.19,-0.44,-1.271%,826342,4173568684.00,United States,,Retail-Auto Dealers and Gas Stations,Consumer Discretionary
OPP,RiverNorth/DoubleLine Strategic Opportunity Fund Inc. Common Stock,$6.97,-0.09,-1.275%,142566,0.00,United States,2016,Finance/Investors Services,Finance
OPP^A,RiverNorth/DoubleLine Strategic Opportunity Fund Inc. 4.375% Series A Cumulative Preferred Stock,$15.24,-0.018,-0.118%,1252,,United States,,,
OPP^B,RiverNorth/DoubleLine Strategic Opportunity Fund Inc. 4.75% Series B Cumulative Preferred Stock,$16.32,-0.2117,-1.281%,7304,,United States,,,
OPP^C,RiverNorth/DoubleLine Strategic Opportunity Fund Inc. 6.00% Series C Term Preferred Stock (Liquidation Preference $10.00 per share),$10.1161,0.00,0.00%,4,,United States,,,
OPRA,Opera Limited American Depositary Shares,$17.73,-0.21,-1.171%,291761,1593581495.00,Norway,2018,Computer Software: Prepackaged Software,Technology
OPRT,Oportun Financial Corporation Common Stock,$8.48,0.19,2.292%,1148944,389971905.00,United States,2019,Finance: Consumer Services,Finance
OPRX,OptimizeRx Corporation Common Stock,$7.60,-0.02,-0.262%,143672,143153228.00,United States,,Business Services,Consumer Discretionary
OPTH,Optimi Health Corp. Common Shares,$4.96,0.00,0.00%,52825,28400300.00,Canada,,Biotechnology: Pharmaceutical Preparations,Health Care
OPTT,Ocean Power Technologies Inc. Common Stock,$2.20,0.08,3.774%,222641,19810182.00,United States,2007,Electric Utilities: Central,Utilities
OPTU,Optimum Communications Inc. Class A common stock,$1.02,-0.11,-9.735%,974928,464696552.00,United States,2017,Cable & Other Pay Television Services,Telecommunications
OPTX,Syntec Optics Holdings Inc. Class A Common Stock,$7.58,0.24,3.27%,254501,305321475.00,United States,2022,Electronic Components,Technology
OPTXW,Syntec Optics Holdings Inc. Warrant,$1.83,0.13,7.647%,23639,73712177.00,United States,2022,Electronic Components,Technology
OPXS,Optex Systems Holdings Inc. Common Stock,$10.40,-0.08,-0.763%,100171,72382679.00,United States,,Electronic Components,Technology
OPY,Oppenheimer Holdings Inc. Class A Common Stock (DE),$115.35,2.41,2.134%,112314,1235168377.00,United States,,Investment Bankers/Brokers/Service,Finance
OR,OR Royalties Inc. Common Shares,$36.07,-1.48,-3.941%,625124,6762975814.00,Canada,2016,Precious Metals,Basic Materials
ORA,Ormat Technologies Inc. Common Stock,$95.83,-1.45,-1.491%,446016,5893251856.00,United States,2004,Electric Utilities: Central,Utilities
ORBS,Eightco Holdings Inc. Common Stock,$1.06,-0.11,-9.402%,10185486,455564044.00,United States,,Finance Companies,Finance
ORC,Orchid Island Capital Inc. Common Stock,$5.94,-0.18,-2.941%,5064240,1185644422.00,United States,2013,Real Estate Investment Trusts,Real Estate
ORCL,Oracle Corporation Common Stock,$144.56,-4.64,-3.11%,22682320,437111276160.00,United States,1986,Computer Software: Prepackaged Software,Technology
ORCL^D,Oracle Corporation Depositary Shares each representing a 1/2000th interest in a sh of 6.50% Series D Mandatory Convertible Preferred Stock,$46.52,-0.48,-1.021%,78850,,United States,,,
ORGO,Organogenesis Holdings Inc. Class A Common Stock,$1.45,-0.03,-2.027%,415626,186578095.00,United States,2016,Biotechnology: Pharmaceutical Preparations,Health Care
ORI,Old Republic International Corporation Common Stock,$38.26,-0.52,-1.341%,1307626,9237223596.00,United States,,Property-Casualty Insurers,Finance
ORIC,Oric Pharmaceuticals Inc. Common Stock,$13.33,-0.17,-1.259%,1717669,1381689904.00,United States,2020,Biotechnology: Pharmaceutical Preparations,Health Care
ORIO,Orion Digital Corp. Common Shares,$1.03,-0.015,-1.435%,41689,24494430.00,Canada,,Finance: Consumer Services,Finance
ORIQ,Origin Investment Corp I Ordinary Shares,$10.4399,0.0349,0.335%,47115,0.00,Singapore,2025,,
ORIQW,Origin Investment Corp I Warrant.,$0.1739,0.00,0.00%,54,0.00,Singapore,2025,Blank Checks,Finance
ORKA,Oruka Therapeutics Inc. Common Stock,$89.925,-4.625,-4.892%,1993049,5953907183.00,United States,,Biotechnology: In Vitro & In Vivo Diagnostic Substances,Health Care
ORKT,Orangekloud Technology Inc. Class A Ordinary Shares,$1.06,0.04,3.922%,134793,6190156.00,Singapore,2024,Computer Software: Prepackaged Software,Technology
ORLY,O'Reilly Automotive Inc. Common Stock,$85.90,0.08,0.093%,5200536,69489732033.00,United States,1993,Auto & Home Supply Stores,Consumer Discretionary
ORMP,Oramed Pharmaceuticals Inc. Common Stock,$4.72,-0.03,-0.632%,134801,196339511.00,Israel,,Biotechnology: Pharmaceutical Preparations,Health Care
ORN,Orion Group Holdings Inc. Common,$9.00,-0.03,-0.332%,448902,364457610.00,United States,,Military/Government/Technical,Industrials
ORRF,Orrstown Financial Services Inc. Common Stock,$41.04,-0.52,-1.251%,74135,807241451.00,United States,,Major Banks,Finance
OSBC,Old Second Bancorp Inc. Common Stock,$24.55,-0.10,-0.406%,460807,1248998828.00,United States,,Major Banks,Finance
OSCR,Oscar Health Inc. Class A Common Stock,$30.53,-0.14,-0.456%,5526751,9422931850.00,United States,2021,Medical Specialities,Health Care
OSG,Octave Specialty Group Inc. Common Stock,$4.15,-0.23,-5.251%,315486,186963667.00,United States,,Property-Casualty Insurers,Finance
OSIS,OSI Systems Inc. Common Stock (DE),$203.00,2.16,1.075%,213322,3236219504.00,United States,1997,Semiconductors,Technology
OSK,Oshkosh Corporation (Holding Company)Common Stock,$135.49,-2.55,-1.847%,1092974,8365118592.00,United States,,Auto Manufacturing,Industrials
OSPN,OneSpan Inc. Common Stock,$18.01,0.58,3.328%,483130,663707636.00,United States,,EDP Services,Technology
OSPR,Osprey Acquisition Corp. III Class A Ordinary Shares,$9.82,-0.01,-0.102%,1724,0.00,United States,2026,Blank Checks,Finance
OSPRU,Osprey Acquisition Corp. III Units,$9.99,0.00,0.00%,13,0.00,United States,2026,Blank Checks,Finance
OSPRW,Osprey Acquisition Corp. III Warrants,$0.35,0.0275,8.527%,23921,0.00,United States,2026,Blank Checks,Finance
OSS,One Stop Systems Inc. Common Stock,$9.18,-0.27,-2.857%,516183,228950393.00,United States,2018,Computer Manufacturing,Technology
OSTX,OS Therapies Incorporated Common Stock,$1.65,-0.12,-6.78%,654512,76676804.00,,2024,Biotechnology: Pharmaceutical Preparations,Health Care
OSUR,OraSure Technologies Inc. Common Stock,$3.99,0.00,0.00%,383934,275184822.00,United States,,Medical/Dental Instruments,Health Care
OSW,OneSpaWorld Holdings Limited Common Shares,$22.26,-0.32,-1.417%,571980,2259361329.00,Bahamas,,Hotels/Resorts,Consumer Discretionary
OTAI,Starlink AI Acquisition Corporation Ordinary Shares,$9.99,0.00,0.00%,4241,0.00,,2026,,
OTEX,Open Text Corporation Common Shares,$23.08,0.09,0.391%,960488,5783912093.00,Canada,1996,EDP Services,Technology
OTF,Blue Owl Technology Finance Corp. Common Stock,$10.39,-0.10,-0.953%,2007660,4760546192.00,United States,2025,,
OTGA,OTG Acquisition Corp. I Class A Ordinary Share ,$10.25,0.00,0.00%,11,0.00,United States,2025,Blank Checks,Finance
OTGAU,OTG Acquisition Corp. I Unit,$10.40,-0.01,-0.096%,2872,0.00,United States,2025,Blank Checks,Finance
OTIS,Otis Worldwide Corporation Common Stock ,$68.32,0.24,0.353%,3125127,26007329240.00,United States,2020,Consumer Electronics/Appliances,Technology
OTLK,Outlook Therapeutics Inc. Common Stock,$0.6617,-0.0345,-4.955%,2932337,161089246.00,United States,2016,Biotechnology: Biological Products (No Diagnostic Substances),Health Care
OTLY,Oatly Group AB American Depositary Shares,$12.12,-0.19,-1.543%,51594,386776567.00,Sweden,2021,Packaged Foods,Consumer Staples
OTTR,Otter Tail Corporation Common Stock,$89.15,-1.08,-1.197%,178078,3743014457.00,United States,,Electric Utilities: Central,Utilities
OUST,Ouster Inc. Common Stock,$39.38,-0.87,-2.161%,2141066,2839783674.00,United States,,Industrial Machinery/Components,Industrials
OUT,OUTFRONT Media Inc. Common Stock,$28.21,0.02,0.071%,1681120,4968775431.00,United States,2014,Real Estate Investment Trusts,Real Estate
OVBC,Ohio Valley Banc Corp. Common Stock,$43.61,-1.59,-3.518%,25730,205446754.00,United States,,Major Banks,Finance
OVID,Ovid Therapeutics Inc. Common Stock,$2.57,-0.19,-6.884%,2635333,501915492.00,United States,2017,Biotechnology: Pharmaceutical Preparations,Health Care
OVLY,Oak Valley Bancorp (CA) Common Stock,$33.61,-0.81,-2.353%,11185,282751116.00,United States,,Major Banks,Finance
OVV,Ovintiv Inc. (DE),$59.73,0.91,1.547%,2815990,16885671000.00,Canada,,Oil & Gas Production,Energy
OWL,Blue Owl Capital Inc. Class A Common Stock,$9.60,-0.28,-2.834%,17902333,14967285341.00,United States,2020,Investment Managers,Finance
OWLS,OBOOK Holdings Inc. Class A Common Shares,$5.59,-0.03,-0.534%,16153,211444047.00,Taiwan,,Computer Software: Prepackaged Software,Technology
OWLT,Owlet Inc. Class A Common Stock,$5.21,-0.32,-5.787%,166348,152244937.00,United States,2020,Industrial Machinery/Components,Industrials
OXBR,Oxbridge Re Holdings Limited Ordinary Shares,$1.39,-0.03,-2.113%,4377,11312622.00,Cayman Islands,2014,Property-Casualty Insurers,Finance
OXBRW,Oxbridge Re Holdings Limited Warrant expiring 3/26/2029,$0.20,0.00,0.00%,28,1627715.00,Cayman Islands,2014,Property-Casualty Insurers,Finance
OXLC,Oxford Lane Capital Corp. Common Stock,$8.80,-0.19,-2.113%,1086366,1527680000.00,United States,2011,Investment Managers,Finance
OXLCG,Oxford Lane Capital Corp. 7.95% Notes due 2032,$24.945,0.00,0.00%,1953,0.00,United States,,Investment Managers,Finance
OXLCI,Oxford Lane Capital Corp. 8.75% Notes due 2030,$25.35,0.04,0.158%,3152,0.00,United States,,,
OXLCL,Oxford Lane Capital Corp. 6.75% Notes due 2031,$23.9308,-0.0724,-0.302%,1331,4154386880.00,United States,,Finance Companies,Finance
OXLCM,Oxford Lane Capital Corp. Preferred Stock Shares 8.25% Series 2031,$25.1101,0.0401,0.16%,2015,4359113360.00,United States,,Investment Managers,Finance
OXLCN,Oxford Lane Capital Corp. 7.125% Series 2029 Term Preferred Stock,$24.52,0.035,0.143%,554,4256672000.00,United States,,Investment Managers,Finance
OXLCO,Oxford Lane Capital Corp. Preferred Stock Shares 6.00% Series 2029,$23.6492,-0.1008,-0.424%,1632,4105501120.00,United States,,Investment Managers,Finance
OXLCZ,Oxford Lane Capital Corp. 5.00% Notes due 2027,$24.90,-0.02,-0.08%,5176,4322640000.00,United States,,Finance Companies,Finance
OXM,Oxford Industries Inc. Common Stock,$26.34,-1.77,-6.297%,752950,394527737.00,United States,,Garments and Clothing,Industrials
OXSQ,Oxford Square Capital Corp. Common Stock,$1.27,0.01,0.794%,734179,136788874.00,United States,2003,Blank Checks,Finance
OXSQG,Oxford Square Capital Corp. 5.50% Notes due 2028,$24.40,0.01,0.041%,1619,1555691784.00,United States,,Other Consumer Services,Consumer Discretionary
OXSQH,Oxford Square Capital Corp. 7.75% Notes due 2030,$25.18,0.01,0.04%,297,0.00,United States,,Blank Checks,Finance
OXY,Occidental Petroleum Corporation Common Stock,$57.36,1.05,1.865%,7915462,57339199601.00,United States,,Oil & Gas Production,Energy
OYSE,Oyster Enterprises II Acquisition Corp Class A Ordinary Shares,$10.39,0.00,0.00%,6,0.00,United States,2025,Blank Checks,Finance
OYSER,Oyster Enterprises II Acquisition Corp Rights,$0.1001,0.0001,0.10%,1254,0.00,United States,2025,Blank Checks,Finance
OZ,Belpointe PREP LLC Class A Units,$44.2999,-0.1601,-0.36%,14082,179576998.00,,,Real Estate,Finance
OZK,Bank OZK Common Stock,$46.09,-0.93,-1.978%,1251031,5214444324.00,United States,,Major Banks,Finance
OZKAP,Bank OZK 4.625% Series A Non-Cumulative Perpetual Preferred Stock,$15.10,-0.14,-0.919%,50828,1708355593.00,United States,,Major Banks,Finance
P,Everpure Inc. Class A common stock,$109.65,-1.24,-1.118%,3919830,36538368072.00,United States,2015,Electronic Components,Technology
PAA,Plains All American Pipeline L.P. Common Units representing Limited Partner Interests,$24.44,-0.11,-0.448%,1530334,17244044282.00,United States,1998,Natural Gas Distribution,Energy
PAAC,Proem Acquisition Corp I Ordinary Shares,$10.07,0.00,0.00%,24,145682690.00,United States,2026,Investment Managers,Finance
PAAI,Paradium.AI Inc. Common Stock,$1.55,0.25,19.231%,5981657,73796512.00,United States,2022,EDP Services,Technology
PAAS,Pan American Silver Corp. Common Stock,$48.11,-2.74,-5.388%,4398340,19947271980.00,Canada,,Precious Metals,Basic Materials
PAC,Grupo Aeroportuario Del Pacifico S.A. B. de C.V. Grupo Aeroportuario Del Pacifico S.A. de C.V. (each representing 10 Series B shares),$207.41,-0.04,-0.019%,151075,12341272486.00,Mexico,2006,Aerospace,Consumer Discretionary
PACB,Pacific Biosciences of California Inc. Common Stock,$1.41,-0.06,-4.082%,5257374,438271370.00,United States,2010,Biotechnology: Laboratory Analytical Instruments,Industrials
PACH,Pioneer Acquisition I Corp Class A Ordinary Shares,$10.34,0.01,0.097%,3108,0.00,United States,2025,,
PACHW,Pioneer Acquisition I Corp Warrants,$0.1241,0.0041,3.417%,1044,0.00,United States,2025,,
PACK,Ranpak Holdings Corp Class A Common Stock,$4.18,-0.04,-0.948%,469265,358469648.00,United States,2018,Containers/Packaging,Consumer Discretionary
PACS,PACS Group Inc. Common Stock,$41.05,-0.48,-1.156%,531309,6499676873.00,United States,2024,Hospital/Nursing Management,Health Care
PAG,Penske Automotive Group Inc. Common Stock,$209.66,-0.20,-0.095%,282046,13766877953.00,United States,,Retail-Auto Dealers and Gas Stations,Consumer Discretionary
PAGP,Plains GP Holdings L.P. Class A Units representing Limited Partner Interests,$26.69,-0.18,-0.67%,1287824,5282061070.00,United States,,Natural Gas Distribution,Energy
PAGS,PagSeguro Digital Ltd. Class A Common Shares,$9.09,-0.31,-3.298%,1995931,2642260375.00,Cayman Islands,2018,EDP Services,Technology
PAHC,Phibro Animal Health Corporation Class A Common Stock,$34.10,-1.05,-2.987%,141691,1384514662.00,United States,2014,Biotechnology: Pharmaceutical Preparations,Health Care
PAI,Western Asset Investment Grade Income Fund Inc.,$11.55,-0.11,-0.943%,21064,0.00,United States,,Trusts Except Educational Religious and Charitable,Finance
PAII,Pyrophyte Acquisition Corp. II Class A Ordinary Shares,$10.30,0.00,0.00%,30071,0.00,,2025,,
PAL,Proficient Auto Logistics Inc. Common Stock,$3.86,-0.10,-2.525%,641199,108284283.00,United States,2024,Transportation Services,Consumer Discretionary
PALI,Palisade Bio Inc. Common Stock,$1.60,-0.09,-5.325%,2946006,278832893.00,United States,,Biotechnology: Biological Products (No Diagnostic Substances),Health Care
PALO,Paloma Acquisition Corp I Class A Ordinary Shares,$10.02,0.02,0.20%,219,0.00,United States,2026,Blank Checks,Finance
PAM,Pampa Energia S.A.,$80.33,-0.36,-0.446%,118855,4381263669.00,Argentina,,Electric Utilities: Central,Utilities
PAMT,PAMT CORP Common Stock,$11.76,0.05,0.427%,28716,246280942.00,United States,,Trucking Freight/Courier Services,Industrials
PANL,Pangaea Logistics Solutions Ltd. Common Shares,$8.22,-0.16,-1.909%,283844,538194406.00,United States,2013,Marine Transportation,Consumer Discretionary
PANW,Palo Alto Networks Inc. Common Stock,$393.30,18.73,5.00%,6281318,321719400000.00,United States,,Computer peripheral equipment,Technology
PAPL,Pineapple Financial Inc. Common Stock,$0.918,-0.042,-4.375%,72400,23198959.00,,,Finance: Consumer Services,Finance
PAR,PAR Technology Corporation Common Stock,$14.68,-0.47,-3.102%,1415352,607204553.00,United States,,Office Equipment/Supplies/Services,Miscellaneous
PARA,Banzai International Inc. Class A Common Stock,$0.8853,0.0007,0.079%,87520,,United States,2021,Broadcasting,Industrials
PARK,Park Dental Partners Inc. Common Stock,$20.18,-0.12,-0.591%,12536,95961591.00,United States,2025,Misc Health and Biotechnology Services,Health Care
PARR,Par Pacific Holdings Inc.  Common Stock,$76.97,-2.14,-2.705%,1248264,3856168290.00,United States,,Oil & Gas Production,Energy
PASG,Passage Bio Inc. Common Stock,$5.00,0.05,1.01%,3449,16089050.00,United States,2020,Biotechnology: Biological Products (No Diagnostic Substances),Health Care
PASW,Ping An Biomedical Co. Ltd. Class A Ordinary Shares,$0.1274,-0.0028,-2.151%,346096,15867670.00,Hong Kong,1999,Apparel,Consumer Discretionary
PATH,UiPath Inc. Class A Common Stock,$13.04,-0.21,-1.585%,54338090,6795866533.00,United States,2021,Computer Software: Prepackaged Software,Technology
PATK,Patrick Industries Inc. Common Stock,$69.18,-1.88,-2.646%,453773,2221941504.00,United States,,Auto Parts:O.E.M.,Consumer Discretionary
PAVM,PAVmed Inc. Common Stock,$3.9875,-0.195,-4.662%,2714,31883723.00,United States,2016,Medical/Dental Instruments,Health Care
PAVS,Paranovus Entertainment Technology Ltd. Class A Ordinary Shares,$4.19,0.13,3.202%,13660,3643783.00,China,2019,EDP Services,Technology
PAX,Patria Investments Limited Class A Common Shares,$10.24,-0.26,-2.476%,643554,1661816023.00,Cayman Islands,2021,Investment Managers,Finance
PAXS,PIMCO Access Income Fund Common Shares of Beneficial Interest,$13.06,-0.19,-1.434%,394119,0.00,United States,2022,Investment Managers,Finance
PAY,Paymentus Holdings Inc. Class A Common Stock,$29.95,-2.35,-7.276%,2949416,3771892428.00,United States,2021,Business Services,Consumer Discretionary
PAYC,Paycom Software Inc. Common Stock,$221.68,-2.93,-1.304%,561651,9991476500.00,United States,2014,Computer Software: Prepackaged Software,Technology
PAYO,Payoneer Global Inc. Common Stock,$7.14,0.01,0.14%,2134890,2419394969.00,United States,,Business Services,Consumer Discretionary
PAYP,PayPay Corporation American Depository Shares,$16.42,-0.53,-3.127%,577935,11118690277.00,Japan,2026,Business Services,Consumer Discretionary
PAYS,Paysign Inc. Common Stock,$12.67,-0.24,-1.859%,485595,715375517.00,United States,,EDP Services,Technology
PAYX,Paychex Inc. Common Stock,$104.49,-10.04,-8.766%,8221326,37196399624.00,United States,1983,Diversified Commercial Services,Industrials
PB,Prosperity Bancshares Inc. Common Stock,$67.27,-1.59,-2.309%,1787728,8084291385.00,United States,,Major Banks,Finance
PBA,Pembina Pipeline Corp. Ordinary Shares (Canada),$45.83,-0.09,-0.196%,944373,26652665650.00,Canada,,Oil & Gas Production,Energy
PBAM,Private Bancorp of America Inc. Common Stock,$87.25,-1.20,-1.357%,108090,499924003.00,United States,,Major Banks,Finance
PBF,PBF Energy Inc. Class A Common Stock,$70.47,-0.97,-1.358%,4083369,8353290974.00,United States,2012,Integrated oil Companies,Energy
PBFS,Pioneer Bancorp Inc. Common Stock,$17.45,-0.54,-3.002%,34123,433487019.00,United States,2019,Banks,Finance
PBH,Prestige Consumer Healthcare Inc. Common Stock,$45.92,-1.81,-3.792%,504010,2175438050.00,United States,2005,Biotechnology: Pharmaceutical Preparations,Health Care
PBHC,Pathfinder Bancorp Inc. Common Stock (MD),$18.29,0.99,5.723%,322,89591004.00,United States,,Major Banks,Finance
PBI,Pitney Bowes Inc. Common Stock,$16.27,-0.31,-1.87%,1518216,2230457749.00,United States,,Office Equipment/Supplies/Services,Miscellaneous
PBI^B,Pitney Bowes Inc 6.70% Notes Due 2043,$21.15,0.04,0.189%,56615,,United States,,,
PBK,PowerBank Corporation Common Stock,$0.2642,-0.0074,-2.725%,780993,12405983.00,Canada,,Power Generation,Utilities
PBLS,Parabilis Medicines Inc. Common Stock,$33.31,-4.86,-12.733%,1114095,4062222119.00,United States,2026,Biotechnology: Pharmaceutical Preparations,Health Care
PBM,Psyence Biomedical Ltd. Common Shares,$6.31,0.21,3.443%,295293,24068410.00,Canada,,Biotechnology: Pharmaceutical Preparations,Health Care
PBMWW,Psyence Biomedical Ltd. Warrant,$0.0342,0.0054,18.75%,14597,130450.00,Canada,,Biotechnology: Pharmaceutical Preparations,Health Care
PBR,Petroleo Brasileiro S.A. Petrobras ADS,$21.14,0.38,1.83%,27533191,136233905294.00,Brazil,,Oil & Gas Production,Energy
PBT,Permian Basin Royalty Trust Common Stock,$33.12,0.09,0.272%,44258,1543683324.00,United States,,Oil & Gas Production,Energy
PBYI,Puma Biotechnology Inc Common Stock,$9.28,-0.54,-5.499%,475959,479034212.00,United States,,Biotechnology: Pharmaceutical Preparations,Health Care
PCAP,ProCap Acquisition Corp Class A Ordinary Shares,$10.37,0.00,0.00%,29179,0.00,United States,2025,Blank Checks,Finance
PCAPU,ProCap Acquisition Corp Unit,$10.47,-0.13,-1.226%,3826,0.00,United States,2025,,
PCAPW,ProCap Acquisition Corp Warrant,$0.2999,-0.02,-6.252%,2180,0.00,United States,2025,Blank Checks,Finance
PCAR,PACCAR Inc. Common Stock,$112.09,-1.81,-1.589%,3680937,59000247582.00,United States,,Auto Manufacturing,Industrials
PCB,PCB Bancorp Common Stock,$27.16,-0.50,-1.808%,21937,381451390.00,United States,2018,Major Banks,Finance
PCF,High Income Securities Fund Common Stock,$5.33,-0.04,-0.745%,180856,0.00,United States,,Trusts Except Educational Religious and Charitable,Finance
PCG,Pacific Gas & Electric Co. Common Stock,$12.41,-0.47,-3.649%,49334622,33260171255.00,United States,,Power Generation,Utilities
PCG^A,Pacific Gas & Electric Co. 6% Preferred Stock,$20.305,-0.105,-0.514%,10759,,United States,,,
PCG^B,Pacific Gas & Electric Co. 5 1/2% Preferred Stock,$18.75,0.00,0.00%,1774,,United States,,,
PCG^C,Pacific Gas & Electric Co. 5% 1st Preferred Stock,$16.8764,0.00,0.00%,340,,United States,,,
PCG^D,Pacific Gas & Electric Co. 5% 1st  Red. Preferred Stock,$16.33,-0.60,-3.544%,13638,,United States,,,
PCG^E,Pacific Gas & Electric Co. 5% 1st A Preferred Stock,$16.855,-0.655,-3.741%,256,,United States,,,
PCG^G,Pacific Gas & Electric Co. 4.80% 1st Preferred Stock,$16.50,0.02,0.121%,388,,United States,,,
PCG^H,Pacific Gas & Electric Co. 4.50% 1st Preferred Stock,$15.5001,-0.1599,-1.021%,718,,United States,,,
PCG^I,Pacific Gas & Electric Co. 4.36% 1st Preferred Stock,$15.25,-0.35,-2.244%,9866,,United States,,,
PCG^X,PG&E Corp 6.000% Series A Mandatory Convertible Preferred Stock,$31.85,-0.86,-2.629%,64685,,United States,,,
PCLA,PicoCELA Inc. American Depositary Shares,$7.25,0.04,0.555%,64043,69700086.00,Japan,2025,Building Products,Consumer Discretionary
PCM,PCM Fund Inc. Common Stock,$4.93,-0.06,-1.202%,142638,0.00,United States,1993,Trusts Except Educational Religious and Charitable,Finance
PCN,Pimco Corporate & Income Strategy Fund Common Stock,$10.75,-0.18,-1.647%,750314,0.00,United States,2001,Investment Managers,Finance
PCOR,Procore Technologies Inc. Common Stock,$51.06,0.21,0.413%,1434155,7758839558.00,United States,2021,Computer Software: Prepackaged Software,Technology
PCQ,PIMCO California Municipal Income Fund Common Stock,$8.06,-0.09,-1.104%,361084,0.00,United States,2001,Investment Managers,Finance
PCRX,Pacira BioSciences Inc. Common Stock,$24.63,-0.07,-0.283%,450708,981798252.00,United States,2011,Biotechnology: Pharmaceutical Preparations,Health Care
PCSA,Processa Pharmaceuticals Inc. Common Stock,$1.89,0.01,0.532%,4743,5279500.00,United States,,Biotechnology: Pharmaceutical Preparations,Health Care
PCT,PureCycle Technologies Inc. Common stock,$5.15,-0.44,-7.871%,6812684,1034659772.00,United States,,Major Chemicals,Industrials
PCTTU,PureCycle Technologies Inc. Unit,$5.42,0.00,0.00%,4,1088904070.00,United States,,Major Chemicals,Industrials
PCTTW,PureCycle Technologies Inc. Warrant,$1.27,0.00,0.00%,106,255149109.00,United States,,Major Chemicals,Industrials
PCTY,Paylocity Holding Corporation Common Stock,$143.58,-2.13,-1.462%,834728,7617918748.00,United States,2014,Computer Software: Prepackaged Software,Technology
PCVX,Vaxcyte Inc. Common Stock,$56.495,-2.525,-4.278%,1650476,8406754181.00,United States,2020,Biotechnology: Biological Products (No Diagnostic Substances),Health Care
PCYO,Pure Cycle Corporation Common Stock,$11.00,-0.10,-0.901%,87722,265071070.00,United States,,Water Supply,Utilities
PD,PagerDuty Inc. Common Stock,$14.83,0.35,2.417%,1763945,1166377617.00,United States,2019,Computer Software: Prepackaged Software,Technology
PDC,Perpetuals.com Ltd American Depositary Shares,$4.00,0.14,3.627%,61721,32456552.00,Japan,2023,EDP Services,Technology
PDCC,Pearl Diver Credit Company Inc. Common Stock,$8.6792,-0.1707,-1.929%,3148,0.00,,2024,,
PDD,PDD Holdings Inc. American Depositary Shares,$79.20,-1.15,-1.431%,5316879,112732999790.00,China,2018,Business Services,Consumer Discretionary
PDEX,Pro-Dex Inc. Common Stock,$71.94,-0.47,-0.649%,96390,230447848.00,United States,,Medical/Dental Instruments,Health Care
PDFS,PDF Solutions Inc. Common Stock,$48.43,-0.01,-0.021%,440590,2045064071.00,United States,2001,Computer Software: Prepackaged Software,Technology
PDI,PIMCO Dynamic Income Fund Common Stock,$13.86,-0.18,-1.282%,6896904,3369227400.00,United States,2012,Trusts Except Educational Religious and Charitable,Finance
PDLB,Ponce Financial Group Inc. Common Stock,$20.18,-0.26,-1.272%,115087,488111842.00,United States,2017,Savings Institutions,Finance
PDM,Piedmont Realty Trust Inc. Class A Common Stock,$9.15,-0.22,-2.348%,1366152,1144965349.00,United States,,Building operators,Real Estate
PDO,PIMCO Dynamic Income Opportunities Fund Common Shares of Beneficial Interest,$11.68,-0.19,-1.601%,1819413,1744309865.00,United States,2021,Trusts Except Educational Religious and Charitable,Finance
PDPA,Pearl Diver Credit Company Inc. 8.00% Series A Preferred Stock Due 2029,$24.95,-0.11,-0.439%,284,0.00,,,,
PDS,Precision Drilling Corporation Common Stock,$82.67,-0.66,-0.792%,80323,1040606145.00,Canada,,Oil & Gas Production,Energy
PDSB,PDS Biotechnology Corporation Common Stock,$0.8239,-0.0861,-9.462%,9724138,59711500.00,United States,2015,Biotechnology: Pharmaceutical Preparations,Health Care
PDT,John Hancock Premium Dividend Fund,$11.83,-0.27,-2.231%,145949,0.00,United States,,Finance Companies,Finance
PDX,PIMCO Dynamic Income Strategy Fund Common Shares of Beneficial Interest,$20.21,-0.19,-0.931%,140994,903528470.00,,2019,Finance/Investors Services,Finance
PDYN,Palladyne AI Corp. Common Stock,$5.44,-0.24,-4.225%,770282,268401494.00,United States,,Computer Software: Prepackaged Software,Technology
PDYNW,Palladyne AI Corp Warrants,$0.0008,-0.0004,-33.333%,1596818,39471.00,United States,,Computer Software: Prepackaged Software,Technology
PEB,Pebblebrook Hotel Trust Common Shares of Beneficial Interest,$18.22,-0.04,-0.219%,2113071,2055994286.00,United States,2009,Real Estate Investment Trusts,Real Estate
PEB^E,Pebblebrook Hotel Trust 6.375% Series E Cumulative Redeemable Preferred Shares of Beneficial Interest,$19.90,0.04,0.201%,20478,,United States,,,
PEB^F,Pebblebrook Hotel Trust 6.3% Series F Cumulative Redeemable Preferred Shares of Beneficial Interest,$19.90,-0.05,-0.251%,12115,,United States,,,
PEB^G,Pebblebrook Hotel Trust 6.375% Series G Cumulative Redeemable Preferred Shares of Beneficial Interest,$19.89,-0.01,-0.05%,21892,,United States,,,
PEB^H,Pebblebrook Hotel Trust 5.700% Series H Cumulative Redeemable Preferred Shares of Beneficial Interest,$18.415,-0.085,-0.459%,23485,,United States,,,
PEBK,Peoples Bancorp of North Carolina Inc. Common Stock,$42.66,-1.19,-2.714%,10674,232987163.00,United States,,Major Banks,Finance
PEBO,Peoples Bancorp Inc. Common Stock,$38.43,-0.41,-1.056%,171813,1381263165.00,United States,,Major Banks,Finance
PECE,Peace Acquisition Corp Ordinary Shares,$10.00,0.00,0.00%,506,0.00,United States,2026,Blank Checks,Finance
PECER,Peace Acquisition Corp Right,$0.3601,0.00,0.00%,2,0.00,United States,2026,Blank Checks,Finance
PECO,Phillips Edison & Company Inc. Common Stock,$36.72,-0.37,-0.998%,1304647,4725864000.00,United States,2021,Real Estate Investment Trusts,Real Estate
PED,Pedevco Corp. Common Stock,$13.26,-0.17,-1.266%,23083,176252092.00,United States,,Oil & Gas Production,Energy
PEG,Public Service Enterprise Group Incorporated Common Stock,$67.31,-1.81,-2.619%,3573923,33548652219.00,United States,,Power Generation,Utilities
PEGA,Pegasystems Inc. Common Stock,$35.18,0.475,1.369%,1260290,5783765965.00,United States,1996,EDP Services,Technology
PEN,Penumbra Inc. Common Stock,$319.44,0.05,0.016%,410649,12582556964.00,United States,2015,Medical/Dental Instruments,Health Care
PENG,Penguin Solutions Inc. Common Stock,$53.88,-2.70,-4.772%,1520749,2760956622.00,United States,2017,Semiconductors,Technology
PENN,PENN Entertainment Inc. Common Stock,$15.56,-0.34,-2.138%,2332350,2086076156.00,United States,1994,Hotels/Resorts,Consumer Discretionary
PEO,Adams Natural Resources Fund Inc. Common Stock,$28.08,0.08,0.286%,62121,0.00,United States,,Finance/Investors Services,Finance
PEP,PepsiCo Inc. Common Stock,$130.18,-1.01,-0.77%,8179321,177681583020.00,United States,,Beverages (Production/Distribution),Consumer Staples
PEPG,PepGen Inc. Common Stock,$2.72,-0.26,-8.725%,717240,188385886.00,United States,2022,Biotechnology: Pharmaceutical Preparations,Health Care
PERF,Perfect Corp. Class A Ordinary Share,$1.92,-0.01,-0.518%,27917,195549448.00,Taiwan,2022,Computer Software: Prepackaged Software,Technology
PERI,Perion Network Ltd. Ordinary Shares,$8.64,-0.09,-1.031%,278041,339813956.00,Israel,2006,EDP Services,Technology
PESI,Perma-Fix Environmental Services Inc. Common Stock,$15.79,-0.74,-4.477%,565304,335037762.00,United States,,Environmental Services,Industrials
PETS,PetMed Express Inc. Common Stock,$1.55,-0.02,-1.274%,95000,33602317.00,United States,,Retail-Drug Stores and Proprietary Stores,Consumer Staples
PETZ,TDH Holdings Inc. Common Shares,$1.34,-0.01,-0.741%,16616,13833179.00,China,2017,Real Estate,Finance
PEW,GrabAGun Digital Holdings Inc. Common Stock,$2.16,-0.04,-1.818%,136287,63749026.00,,2025,Other Specialty Stores,Consumer Discretionary
PFAI,Pinnacle Food Group Limited Class A Common Shares,$3.00,0.1333,4.65%,534,35209740.00,Canada,2025,Farming/Seeds/Milling,Consumer Staples
PFBC,Preferred Bank Common Stock,$105.80,-0.49,-0.461%,247848,1518939918.00,United States,,Major Banks,Finance
PFD,Flaherty & Crumrine Preferred and Income Fund Incorporated,$10.91,-0.14,-1.267%,72436,0.00,United States,1991,Investment Managers,Finance
PFE,Pfizer Inc. Common Stock,$28.18,0.25,0.895%,33812894,160616801738.00,United States,,Biotechnology: Pharmaceutical Preparations,Health Care
PFG,Principal Financial Group Inc Common Stock,$113.92,0.33,0.291%,1193962,24390800703.00,United States,2001,Accident &Health Insurance,Finance
PFGC,Performance Food Group Company Common Stock,$90.79,-1.40,-1.519%,1198385,14302423975.00,United States,2015,Food Distributors,Consumer Discretionary
PFH,Prudential Financial Inc. 4.125% Junior Subordinated Notes due 2060,$15.50,0.13,0.846%,299553,5533500000.00,United States,2020,Life Insurance,Finance
PFIS,Peoples Financial Services Corp. Common Stock,$68.51,-1.22,-1.75%,34043,685810243.00,United States,,Major Banks,Finance
PFL,PIMCO Income Strategy Fund Shares of Beneficial Interest,$6.90,-0.06,-0.862%,436158,0.00,United States,2003,Finance Companies,Finance
PFLA,PennantPark Floating Rate Capital Ltd. 7.375% Notes Due 2031,$25.20,-0.05,-0.198%,4200,0.00,United States,2026,Finance: Consumer Services,Finance
PFLT,PennantPark Floating Rate Capital Ltd. Common Stock,$7.02,-0.09,-1.266%,553209,696509630.00,United States,2022,Finance: Consumer Services,Finance
PFN,PIMCO Income Strategy Fund II,$6.26,-0.08,-1.262%,995269,0.00,United States,2004,Finance/Investors Services,Finance
PFO,Flaherty & Crumrine Preferred and Income Opportunity Fund Incorporated,$8.79,-0.11,-1.236%,47429,0.00,United States,1992,Finance Companies,Finance
PFS,Provident Financial Services Inc Common Stock,$22.42,-0.23,-1.015%,832399,2924075096.00,United States,2003,Savings Institutions,Finance
PFSA,Profusa Inc. Common Stock,$2.05,-0.12,-5.53%,1856576,1241576.00,United States,,Medical/Dental Instruments,Health Care
PFSI,PennyMac Financial Services Inc. Common Stock,$65.61,-1.35,-2.016%,808620,3408542639.00,United States,2013,Finance: Consumer Services,Finance
PFX,PhenixFIN Corporation Common Stock,$46.8622,1.2033,2.635%,2723,90503702.00,United States,,Finance: Consumer Services,Finance
PFXNZ,PhenixFIN Corporation  5.25% Notes due 2028,$24.1999,0.00,0.00%,55,48493429.00,United States,,Finance: Consumer Services,Finance
PG,Procter & Gamble Company (The) Common Stock,$147.39,-0.83,-0.56%,6583535,342598188713.00,United States,,Package Goods/Cosmetics,Consumer Discretionary
PGAC,Pantages Capital Acquisition Corporation Class A Ordinary Shares,$10.71,0.00,0.00%,8,0.00,United States,2025,,
PGACR,Pantages Capital Acquisition Corporation Right,$0.1703,0.0403,31.00%,3063,0.00,United States,2025,,
PGC,Peapack-Gladstone Financial Corporation Common Stock,$44.38,-0.30,-0.671%,150721,786766510.00,United States,,Commercial Banks,Finance
PGEN,Precigen Inc. Common Stock,$7.44,-0.45,-5.703%,5563988,2663782238.00,United States,,Biotechnology: Pharmaceutical Preparations,Health Care
PGNY,Progyny Inc. Common Stock,$25.83,-0.41,-1.563%,1347343,1981853192.00,United States,2019,Misc Health and Biotechnology Services,Health Care
PGP,Pimco Global StocksPlus & Income Fund Common Shares of Beneficial Interest,$8.27,-0.07,-0.839%,72833,0.00,United States,2005,Finance Companies,Finance
PGR,Progressive Corporation (The) Common Stock,$203.13,-3.81,-1.841%,4312181,118094047640.00,United States,,Property-Casualty Insurers,Finance
PGY,Pagaya Technologies Ltd. Class A Ordinary Shares,$18.72,-2.05,-9.87%,6666852,1561731781.00,United States,,Finance: Consumer Services,Finance
PGYWW,Pagaya Technologies Ltd. Warrants,$0.0164,0.0006,3.797%,25115,1368184.00,United States,,Finance: Consumer Services,Finance
PGZ,Principal Real Estate Income Fund Common Shares of Beneficial Interest,$9.18,-0.07,-0.757%,7099,0.00,,2013,Investment Managers,Finance
PH,Parker-Hannifin Corporation Common Stock,$971.21,6.36,0.659%,581622,122481638572.00,United States,,Metal Fabrications,Industrials
PHAR,Pharming Group N.V. ADS each representing 10 ordinary shares,$10.77,-0.49,-4.352%,28608,760633727.00,Netherlands,,Biotechnology: Pharmaceutical Preparations,Health Care
PHAT,Phathom Pharmaceuticals Inc. Common Stock,$6.985,-0.775,-9.987%,1045252,565093024.00,United States,2019,Biotechnology: Pharmaceutical Preparations,Health Care
PHG,Koninklijke Philips N.V. NY Registry Shares,$24.45,-0.52,-2.082%,747920,24031533042.00,Netherlands,,Medical Electronics,Health Care
PHI,PLDT Inc. Sponsored ADR,$17.46,-0.26,-1.467%,132578,3772333832.00,Philippines,,Telecommunications Equipment,Telecommunications
PHIN,PHINIA Inc. Common Stock,$60.39,-0.15,-0.248%,299625,2212574134.00,United States,2023,Auto Parts:O.E.M.,Consumer Discretionary
PHIO,Phio Pharmaceuticals Corp. Common Stock,$1.02,0.02,2.00%,75159,11849595.00,United States,,Biotechnology: Pharmaceutical Preparations,Health Care
PHK,Pimco High Income Fund,$4.11,-0.04,-0.964%,2280960,0.00,United States,2003,Finance/Investors Services,Finance
PHM,PulteGroup Inc. Common Stock,$118.71,-3.58,-2.927%,1626985,22252491023.00,United States,,Homebuilding,Consumer Discretionary
PHOE,Phoenix Asia Holdings Limited Ordinary Shares,$19.81,0.06,0.304%,5281,427896000.00,Hong Kong,2025,Engineering & Construction,Consumer Discretionary
PHOS,First Phosphate Corp. American Depositary Shares,$15.65,-0.92,-5.552%,30014,296011189.00,Canada,,Mining & Quarrying of Nonmetallic Minerals (No Fuels),Industrials
PHR,Phreesia Inc. Common Stock,$9.68,-0.42,-4.158%,756939,600846738.00,United States,2019,Business Services,Consumer Discretionary
PHUN,Phunware Inc. Common Stock,$1.98,-0.02,-1.00%,56979,40516097.00,Greece,2016,EDP Services,Technology
PHVS,Pharvaris N.V. Ordinary Shares,$33.07,-2.13,-6.051%,655105,2303869601.00,Netherlands,2021,Biotechnology: Pharmaceutical Preparations,Health Care
PHXE^,Phoenix Energy One LLC Series A Cumulative Redeemable Preferred Shares,$26.22,0.30,1.157%,13076,,,,,
PI,Impinj Inc. Common Stock,$177.20,-4.55,-2.503%,590387,5414241984.00,United States,2016,Industrial Machinery/Components,Technology
PICS,PicS N.V. Class A Common Shares,$9.30,-0.26,-2.72%,307469,1205164150.00,Brazil,2026,Finance: Consumer Services,Finance
PII,Polaris Inc. Common Stock,$52.94,-1.03,-1.908%,787430,3012472561.00,United States,,Industrial Specialties,Consumer Discretionary
PIII,P3 Health Partners Inc. Class A Common Stock,$7.09,-0.43,-5.718%,10866,51480362.00,United States,2021,Medical/Nursing Services,Health Care
PIIIW,P3 Health Partners Inc. Warrant,$0.0062,-0.0011,-15.068%,9762,45018.00,United States,2021,Medical/Nursing Services,Health Care
PIM,Franklin Master Intermediate Income Trust Shares of Beneficial Interest,$3.01,-0.05,-1.634%,60375,151262716.00,United States,1988,Finance Companies,Finance
PINE,Alpine Income Property Trust Inc. Common Stock,$16.88,-0.45,-2.597%,182115,297437619.00,United States,2019,Real Estate Investment Trusts,Real Estate
PINE^A,Alpine Income Property Trust Inc. 8.00% Series A Cumulative Redeemable Preferred Stock,$25.315,-0.135,-0.53%,13555,,United States,,,
PINS,Pinterest Inc. Class A Common Stock,$18.45,0.06,0.326%,14749395,10448475348.00,United States,2019,Computer Software: Programming Data Processing,Technology
PIPR,Piper Sandler Companies Common Stock,$72.42,-0.32,-0.44%,550935,5117942474.00,United States,2026,Investment Bankers/Brokers/Service,Finance
PJT,PJT Partners Inc. Class A Common Stock,$149.33,-0.90,-0.599%,461292,6124263572.00,United States,2015,Investment Managers,Finance
PK,Park Hotels & Resorts Inc. Common Stock ,$15.07,-0.12,-0.79%,2172660,3034168633.00,United States,2016,Hotels/Resorts,Consumer Discretionary
PKBK,Parke Bancorp Inc. Common Stock,$33.35,-0.59,-1.738%,34880,392245025.00,United States,,Major Banks,Finance
PKE,Park Aerospace Corp. Common Stock,$29.55,-0.39,-1.303%,191300,642748285.00,United States,,Military/Government/Technical,Industrials
PKG,Packaging Corporation of America Common Stock,$240.98,2.75,1.154%,497818,21470908093.00,United States,2000,Containers/Packaging,Consumer Discretionary
PKOH,Park-Ohio Holdings Corp. Common Stock,$46.81,-0.36,-0.763%,32109,678277368.00,United States,,Industrial Specialties,Industrials
PKX,POSCO HOLDINGS INC. American Depositary Shares (Each representing 1/4th of a share of Common Stock),$56.27,-2.78,-4.708%,269260,18216388836.00,South Korea,1994,Steel/Iron Ore,Industrials
PL,Planet Labs PBC Class A Common Stock,$16.38,-0.53,-3.134%,7524087,5959830060.00,United States,2021,Radio And Television Broadcasting And Communications Equipment,Technology
PLAB,Photronics Inc. Common Stock,$30.35,-0.07,-0.23%,771292,1790564018.00,United States,1987,Semiconductors,Technology
PLAG,Planet Green Holdings Corp. Common Stock,$0.7178,-0.0452,-5.924%,196275,10216242.00,China,,Packaged Foods,Consumer Staples
PLAY,Dave & Buster's Entertainment Inc. Common Stock,$6.81,-0.31,-4.354%,1885583,237196686.00,United States,2014,Restaurants,Consumer Discretionary
PLBC,Plumas Bancorp,$60.98,-0.93,-1.502%,36973,424360796.00,United States,,Finance Companies,Finance
PLBL,Polibeli Group Ltd Class A Ordinary Shares,$5.99,0.19,3.276%,188966,2194660945.00,Indonesia,,Consumer Electronics/Appliances,Consumer Discretionary
PLBY,Playboy Inc. Common Stock,$1.08,-0.02,-1.818%,888606,129392303.00,United States,2020,Other Specialty Stores,Consumer Discretionary
PLCE,Children's Place Inc. (The) Common Stock,$2.21,0.08,3.756%,96611,49143918.00,United States,1997,Clothing/Shoe/Accessory Stores,Consumer Discretionary
PLCI,Pelican Acquisition II Corporation Ordinary Shares,$9.8901,0.00,0.00%,110,0.00,United States,2026,Blank Checks,Finance
PLCIR,Pelican Acquisition II Corporation Right,$0.13,0.00,0.00%,800,0.00,United States,2026,Blank Checks,Finance
PLCIU,Pelican Acquisition II Corporation Unit,$10.03,-0.08,-0.791%,7502,0.00,United States,2026,Blank Checks,Finance
PLD,Prologis Inc. Common Stock,$133.96,-1.92,-1.413%,3169835,127004260960.00,United States,,Real Estate Investment Trusts,Real Estate
PLG,Platinum Group Metals Ltd. Ordinary Shares (Canada),$1.36,-0.08,-5.556%,1716313,173923752.00,Canada,,Precious Metals,Basic Materials
PLGO,Pelagos Insurance Capital Limited Common Shares,$23.91,0.35,1.486%,705113,2067740267.00,Bermuda,2023,Property-Casualty Insurers,Finance
PLMK,Plum Acquisition Corp. IV Class A Ordinary Shares,$10.72,0.01,0.093%,2166,0.00,United States,2025,,
PLMR,Palomar Holdings Inc. Common stock,$127.21,-4.33,-3.292%,281972,3347872454.00,United States,2019,Property-Casualty Insurers,Finance
PLNT,Planet Fitness Inc. Common Stock,$41.00,-1.60,-3.756%,5441463,3083895565.00,United States,2015,Hotels/Resorts,Consumer Discretionary
PLOW,Douglas Dynamics Inc. Common Stock,$39.45,-0.44,-1.103%,115407,910389465.00,United States,2010,Construction/Ag Equipment/Trucks,Industrials
PLPC,Preformed Line Products Company Common Stock,$427.28,2.08,0.489%,63164,2088844163.00,United States,,Water Sewer Pipeline Comm & Power Line Construction,Industrials
PLRX,Pliant Therapeutics Inc. Common Stock,$1.125,-0.015,-1.316%,254288,69662134.00,United States,2020,Biotechnology: Pharmaceutical Preparations,Health Care
PLRZ,Polyrizon Ltd. Ordinary Shares,$11.16,0.50,4.69%,40070,26807068.00,Israel,2024,Medical/Dental Instruments,Health Care
PLSE,Pulse Biosciences Inc Common Stock (DE),$51.98,-0.71,-1.348%,550682,3707349112.00,United States,2016,Medical/Dental Instruments,Health Care
PLSM,Pulsenmore Ltd. Ordinary Shares,$2.44,0.07,2.954%,98085,15866939.00,Israel,,Medical/Dental Instruments,Health Care
PLTK,Playtika Holding Corp. Common Stock,$2.20,-0.12,-5.172%,796290,839120009.00,Israel,2021,EDP Services,Technology
PLTR,Palantir Technologies Inc. Class A Common Stock,$191.79,6.80,3.676%,35119898,460689836929.00,United States,,Computer Software: Prepackaged Software,Technology
PLUG,Plug Power Inc. Common Stock,$2.04,-0.07,-3.318%,41214039,2850278367.00,United States,1999,Industrial Machinery/Components,Energy
PLUN,Plutonian Acquisition Corp II Class A Ordinary Shares,$10.07,0.01,0.099%,110892,0.00,,2026,,
PLUR,Pluri Inc. Common Stock,$1.06,-0.04,-3.636%,14815,13085420.00,Israel,,Biotechnology: Biological Products (No Diagnostic Substances),Health Care
PLUS,ePlus inc. Common Stock,$92.03,0.45,0.491%,189124,2401101169.00,United States,1996,Retail: Computer Software & Peripheral Equipment,Technology
PLUT,Plutus Financial Group Limited Ordinary Shares,$2.27,-0.10,-4.219%,1123,34844500.00,Hong Kong,2025,Investment Bankers/Brokers/Service,Finance
PLX,Protalix BioTherapeutics Inc. (DE) Common Stock,$2.80,-0.04,-1.408%,586416,225600598.00,Israel,,Biotechnology: Biological Products (No Diagnostic Substances),Health Care
PLXS,Plexus Corp. Common Stock,$263.90,0.57,0.216%,214085,7033488926.00,United States,,Electrical Products,Technology
PLYX,Polaryx Therapeutics Inc. Common Stock,$2.14,-0.01,-0.465%,54576,106670425.00,United States,,Biotechnology: Pharmaceutical Preparations,Health Care
PM,Philip Morris International Inc Common Stock,$190.84,0.61,0.321%,7309947,297445788699.00,United States,, Medicinal Chemicals and Botanical Products ,Health Care
PMA,PMA Graphene Technology Group Inc. Class A Ordinary Shares,$1.30,-0.02,-1.515%,130827,211867500.00,Hong Kong,2024,Engineering & Construction,Consumer Discretionary
PMAX,Powell Max Limited Class A Ordinary Shares,$0.9135,-0.084,-8.421%,66245,1792255.00,Hong Kong,2024,Other Consumer Services,Consumer Discretionary
PMCB,PharmaCyte  Biotech Inc. Common Stock,$0.4285,-0.03,-6.543%,241275,4600226.00,United States,,Biotechnology: Biological Products (No Diagnostic Substances),Health Care
PMEC,Primech Holdings Ltd. Ordinary Shares,$0.5964,-0.0189,-3.072%,9752,22912487.00,Singapore,2023,Diversified Commercial Services,Consumer Discretionary
PMI,Picard Medical Inc. Common Stock,$4.55,0.22,5.081%,92476,10640785.00,,2025,Medical/Dental Instruments,Health Care
PML,Pimco Municipal Income Fund II Common Shares of Beneficial Interest,$6.70,-0.08,-1.18%,825055,0.00,United States,2002,Investment Managers,Finance
PMM,Franklin Managed Municipal Income Trust Shares of Beneficial Interest,$5.64,-0.12,-2.083%,305631,274886883.00,United States,1989,Investment Managers,Finance
PMN,ProMIS Neurosciences Inc. Common Shares (ON),$12.94,-0.64,-4.713%,43693,116041947.00,Canada,,Biotechnology: Pharmaceutical Preparations,Health Care
PMO,Franklin Municipal Opportunities Trust Shares of Beneficial Interest,$9.42,-0.17,-1.773%,175916,320106361.00,United States,1993,Finance Companies,Finance
PMT,PennyMac Mortgage Investment Trust Common Shares of Beneficial Interest,$8.73,-0.28,-3.108%,1691186,761276620.00,United States,2009,Real Estate Investment Trusts,Real Estate
PMT^A,PennyMac Mortgage Investment Trust 8.125% Series A Fixed-to-Floating Rate Cumulative Redeemable Preferred Shares of Beneficial Interest,$21.80,-0.13,-0.593%,7605,,United States,,,
PMT^B,PennyMac Mortgage Investment Trust 8.00% Series B Fixed-to-Floating Rate Cumulative Redeemable Preferred Shares of Beneficial Interest,$21.92,0.11,0.504%,8690,,United States,,,
PMT^C,PennyMac Mortgage Investment Trust 6.75% Series C Cumulative Redeemable Preferred Shares of Beneficial Interest,$17.09,-0.285,-1.64%,25308,,United States,,,
PMTR,Perimeter Acquisition Corp. I Class A Ordinary Shares,$10.425,-0.005,-0.048%,1268,0.00,United States,2025,Blank Checks,Finance
PMTRU,Perimeter Acquisition Corp. I Unit,$11.00,0.00,0.00%,617,0.00,United States,2025,Blank Checks,Finance
PMTRW,Perimeter Acquisition Corp. I Warrant,$0.65,-0.0499,-7.13%,921,0.00,United States,2025,Blank Checks,Finance
PMTS,CPI Card Group Inc. Common Stock,$24.39,-0.56,-2.244%,174436,282728441.00,United States,,Publishing,Consumer Discretionary
PMTU,PennyMac Mortgage Investment Trust 8.50% Senior Notes due 2028,$25.33,0.01,0.039%,2552,2208835829.00,United States,2023,Real Estate Investment Trusts,Real Estate
PMTV,PennyMac Mortgage Investment Trust 9.00% Senior Notes due 2030,$25.385,0.005,0.02%,9958,0.00,United States,2025,Real Estate Investment Trusts,Real Estate
PMTW,PennyMac Mortgage Investment Trust 9.00% Senior Notes due 2030,$25.07,-0.16,-0.634%,13679,0.00,United States,2025,Real Estate Investment Trusts,Real Estate
PMVP,PMV Pharmaceuticals Inc. Common Stock,$1.37,-0.14,-9.272%,574281,103456142.00,United States,2020,Biotechnology: Pharmaceutical Preparations,Health Care
PN,PN Smart Energy Limited Class A Ordinary Shares,$2.825,-0.065,-2.249%,130748,41680121.00,China,2025,Retail: Computer Software & Peripheral Equipment,Technology
PNBK,Patriot National Bancorp Inc. Common Stock,$0.9404,-0.0296,-3.052%,185157,111665165.00,United States,,Major Banks,Finance
PNC,PNC Financial Services Group Inc. (The) Common Stock,$224.03,-3.93,-1.724%,1955863,89375349718.00,United States,,Major Banks,Finance
PNFP,Pinnacle Financial Partners Inc. Common stock,$93.40,-1.20,-1.268%,973897,14113920576.00,United States,,Major Banks,Finance
PNFP^A,Pinnacle Financial Partners Inc. Fixed-to-Floating Rate Non-Cumulative Perpetual Preferred Stock Series A,$25.085,-0.0151,-0.06%,6921,,United States,,,
PNFP^B,Pinnacle Financial Partners Inc. Fixed-to-Floating Rate Non-Cumulative Perpetual Preferred Stock Series B,$25.85,0.04,0.155%,15722,,United States,,,
PNFP^C,Pinnacle Financial Partners Inc. Fixed-to-Floating Rate Non-Cumulative Perpetual Preferred Stock Series C,$24.05,-0.155,-0.64%,25490,,United States,,,
PNI,Pimco New York Municipal Income Fund II Common Shares of Beneficial Interest,$6.36,-0.09,-1.395%,78811,0.00,United States,2002,Trusts Except Educational Religious and Charitable,Finance
PNNT,PennantPark Investment Corporation Common Stock,$3.41,-0.03,-0.872%,334895,222659681.00,United States,2022,Finance: Consumer Services,Finance
PNR,Pentair plc. Ordinary Share,$55.25,-0.24,-0.433%,1962603,8819996738.00,Switzerland,,Industrial Machinery/Components,Industrials
PNRG,PrimeEnergy Resources Corporation Common Stock,$196.67,-2.68,-1.344%,179202,311249942.00,United States,,Oil & Gas Production,Energy
PNTG,The Pennant Group Inc. Common Stock ,$39.65,0.24,0.609%,269218,1384937784.00,United States,,Medical/Nursing Services,Health Care
PNW,Pinnacle West Capital Corporation Common Stock,$92.05,-1.11,-1.191%,1213287,11156205390.00,United States,,Electric Utilities: Central,Utilities
POAS,Phaos Technology Holdings (Cayman) Limited Class A Ordinary Shares,$0.167,-0.003,-1.765%,63219,5272524.00,,2025,Industrial Machinery/Components,Industrials
POCI,Precision Optics Corporation Inc. Common stock,$4.755,0.17,3.708%,40847,52042852.00,United States,,Biotechnology: Electromedical & Electrotherapeutic Apparatus,Health Care
PODC,PodcastOne Inc. Common Stock,$2.21,0.14,6.763%,106766,66858458.00,United States,,Computer Software: Programming Data Processing,Technology
PODD,Insulet Corporation Common Stock,$136.49,-2.89,-2.073%,1021552,9466154622.00,United States,2007,Medical/Dental Instruments,Health Care
POET,POET Technologies Inc. Common Shares,$7.80,-0.37,-4.529%,8017812,1349853086.00,Canada,,Semiconductors,Technology
POLA,Polar Power Inc. Common Stock,$1.32,-0.02,-1.493%,114652,5688301.00,United States,2016,Industrial Machinery/Components,Miscellaneous
POLE,Andretti Acquisition Corp. II Class A Ordinary Shares,$10.73,-0.02,-0.186%,1711,0.00,United States,2024,,
POLEW,Andretti Acquisition Corp. II Warrant,$0.1257,0.00,0.00%,54,0.00,United States,2024,,
POM,POMDOCTOR LIMITED American Depositary Shares,$0.8001,0.0011,0.138%,41155,5964948.00,China,2025,Other Specialty Stores,Consumer Discretionary
PONO,Pono Capital Four Inc. Class A Ordinary Shares,$10.02,0.00,0.00%,33,0.00,Cayman Islands,2026,Blank Checks,Finance
PONOR,Pono Capital Four Inc. Rights,$0.23,0.0145,6.729%,595,0.00,Cayman Islands,2026,Blank Checks,Finance
PONY,Pony AI Inc. American Depositary Shares ,$7.26,-0.03,-0.412%,4915961,3147511675.00,China,2024,EDP Services,Technology
POOL,Pool Corporation Common Stock,$166.61,-1.99,-1.18%,634142,6054731858.00,United States,1995,Industrial Specialties,Consumer Discretionary
POR,Portland General Electric Co Common Stock,$46.92,-0.45,-0.95%,1633677,5518155161.00,United States,,Electric Utilities: Central,Utilities
POST,Post Holdings Inc. Common Stock,$75.81,-0.16,-0.211%,790517,3332365387.00,United States,2012,Packaged Foods,Consumer Staples
POWI,Power Integrations Inc. Common Stock,$51.05,-0.41,-0.797%,657136,2852331863.00,United States,1997,Semiconductors,Technology
POWL,Powell Industries Inc. Common Stock,$192.62,0.72,0.375%,345677,7017640478.00,United States,,Electrical Products,Energy
POWW,Outdoor Holding Company Common Stock,$2.30,-0.07,-2.954%,496343,266940141.00,United States,,Ordnance And Accessories,Industrials
POWWP,Outdoor Holding Company 8.75% Series A Cumulative Redeemable Perpetual Preferred Stock,$24.26,-0.24,-0.98%,1844,2815638186.00,United States,,Ordnance And Accessories,Industrials
PPBT,Purple Biotech Ltd. American Depositary Shares,$1.485,0.025,1.712%,47241,2415897.00,Israel,2015,Biotechnology: Pharmaceutical Preparations,Health Care
PPC,Pilgrim's Pride Corporation Common Stock,$27.63,-1.35,-4.658%,1705514,6578938518.00,United States,,Meat/Poultry/Fish,Consumer Staples
PPCB,Propanc Biopharma Inc. Common Stock,$0.628,-0.023,-3.533%,194136,2200585.00,Australia,,Biotechnology: Pharmaceutical Preparations,Health Care
PPG,PPG Industries Inc. Common Stock,$107.20,-0.57,-0.529%,1667082,23830560000.00,United States,,Paints/Coatings,Consumer Discretionary
PPHC,Public Policy Holding Company Inc. Common Stock,$11.72,-0.31,-2.577%,60730,350372787.00,United States,2026,,
PPIH,Perma-Pipe International Holdings Inc. Common Stock,$30.84,0.51,1.682%,47033,252739320.00,United States,,Pollution Control Equipment,Industrials
PPL,PPL Corporation Common Stock,$32.25,-0.63,-1.916%,5240696,24269571122.00,United States,,Electric Utilities: Central,Utilities
PPLC,PPL Corporation Corporate Units,$44.41,-0.48,-1.069%,37400,33420516389.00,United States,,Electric Utilities: Central,Utilities
PPLI,People Incorporated Common Stock,$35.97,-1.01,-2.731%,1494734,2678467382.00,United States,,Computer Software: Programming Data Processing,Technology
PPSI,Pioneer Power Solutions Inc. Common Stock,$3.24,-0.17,-4.985%,120704,35961622.00,United States,,Industrial Machinery/Components,Miscellaneous
PPT,Franklin Premier Income Trust Shares of Beneficial Interest,$3.27,-0.05,-1.506%,169733,325457420.00,United States,1988,Finance Companies,Finance
PPTA,Perpetua Resources Corp. Common Shares,$23.32,-1.44,-5.816%,986765,2917234126.00,Canada,,Precious Metals,Basic Materials
PR,Permian Resources Corporation Class A Common Stock,$21.68,0.39,1.832%,11247170,18158236389.00,United States,2022,Oil & Gas Production,Energy
PRAA,PRA Group Inc. Common Stock,$20.11,-0.47,-2.284%,446046,757101401.00,United States,2002,Finance Companies,Finance
PRAX,Praxis Precision Medicines Inc. Common Stock,$282.12,-18.53,-6.163%,1005476,7876787015.00,United States,2020,Biotechnology: Pharmaceutical Preparations,Health Care
PRCH,Porch Group Inc. Common Stock,$16.61,-0.46,-2.695%,2387098,2189730251.00,United States,2020,Computer Software: Prepackaged Software,Technology
PRCT,PROCEPT BioRobotics Corporation Common Stock,$18.09,-0.34,-1.845%,914748,1036080491.00,United States,2021,Medical/Dental Instruments,Health Care
PRDO,Perdoceo Education Corporation Common Stock,$31.44,0.21,0.672%,968571,1967422609.00,United States,,Other Consumer Services,Real Estate
PRE,Prenetics Global Limited Class A Ordinary Share,$22.71,-0.19,-0.83%,245779,384655621.00,Hong Kong,,Blank Checks,Finance
PRENW,Prenetics Global Limited Warrant,$0.0106,-0.0005,-4.505%,12994,179540.00,Hong Kong,,Blank Checks,Finance
PRFX,PRF Technologies Ltd. Ordinary Shares,$1.00,0.0695,7.469%,164337,3041830.00,Israel,2020,Biotechnology: Pharmaceutical Preparations,Health Care
PRG,PROG Holdings Inc. Common Stock,$32.27,-1.93,-5.643%,1051457,1285366797.00,United States,,Diversified Commercial Services,Consumer Discretionary
PRGO,Perrigo Company plc Ordinary Shares,$13.84,-0.47,-3.284%,1455817,1920566351.00,United States,,Biotechnology: Pharmaceutical Preparations,Health Care
PRGS,Progress Software Corporation Common Stock (DE),$41.03,0.41,1.009%,315520,1682761010.00,United States,1991,Computer Software: Prepackaged Software,Technology
PRH,Prudential Financial Inc. 5.950% Junior Subordinated Notes due 2062,$21.27,-0.09,-0.421%,57754,7487040000.00,United States,2022,Life Insurance,Finance
PRHI,Presurance Holdings Inc. Common Stock,$7.64,0.04,0.526%,9309,28620143.00,United States,2015,Property-Casualty Insurers,Finance
PRI,Primerica Inc. Common Stock,$274.71,-0.94,-0.341%,249141,8454845819.00,United States,2010,Life Insurance,Finance
PRIF^D,Priority Income Fund Inc. 7.00% Series D Term Preferred Stock due 2029,$24.66,-0.6824,-2.693%,1627,,,,,
PRIF^K,Priority Income Fund Inc. 7.000% Series K Cumulative Preferred Stock,$21.63,-0.14,-0.643%,492,,,,,
PRIF^L,Priority Income Fund Inc. 6.375% Series L Term Preferred Stock Due 2029,$24.97,-0.4063,-1.601%,2062,,,,,
PRIM,Primoris Services Corporation Common Stock,$74.12,-2.20,-2.883%,877992,3990052077.00,United States,,Water Sewer Pipeline Comm & Power Line Construction,Industrials
PRK,Park National Corporation Common Stock,$179.22,-2.44,-1.343%,87940,3237458934.00,United States,1994,Major Banks,Finance
PRKS,United Parks & Resorts Inc. Common Stock,$32.81,-0.79,-2.351%,583171,1487648348.00,United States,2013,Services-Misc. Amusement & Recreation,Consumer Discretionary
PRLB,Proto Labs Inc. Common stock,$89.13,-0.33,-0.369%,176523,2132158680.00,United States,2012,Metal Fabrications,Industrials
PRLD,Prelude Therapeutics Incorporated Common Stock,$4.31,-0.54,-11.134%,704953,343953020.00,United States,2020,Biotechnology: Pharmaceutical Preparations,Health Care
PRM,Perimeter Solutions SA Common Stock,$28.28,-1.49,-5.005%,1120765,4629066182.00,Luxembourg,,Major Chemicals,Industrials
PRMB,Primo Brands Corporation Class A Common Stock,$19.75,0.11,0.56%,3563275,7156492389.00,United States,2024,Beverages (Production/Distribution),Consumer Staples
PRME,Prime Medicine Inc. Common Stock,$3.13,-0.41,-11.582%,3334277,567709559.00,United States,2022,Biotechnology: Biological Products (No Diagnostic Substances),Health Care
PROF,Profound Medical Corp. Common Stock,$5.735,-0.155,-2.632%,82170,209514427.00,Canada,,Medical/Dental Instruments,Health Care
PROK,ProKidney Corp. Class A Ordinary Shares,$1.65,-0.18,-9.836%,1440864,498832381.00,United States,2021,Biotechnology: Biological Products (No Diagnostic Substances),Health Care
PROP,Prairie Operating Co. Common Stock,$0.415,0.0148,3.698%,759861,46811174.00,United States,,Oil & Gas Production,Energy
PROV,Provident Financial Holdings Inc. Common Stock,$18.36,-0.21,-1.131%,11890,114455469.00,United States,,Savings Institutions,Finance
PRPL,Purple Innovation Inc. Common Stock,$2.58,-0.09,-3.371%,13331,11231021.00,United States,2015,Home Furnishings,Consumer Discretionary
PRPO,Precipio Inc.  Common Stock,$23.84,-2.425,-9.233%,39748,42678082.00,United States,,Biotechnology: Laboratory Analytical Instruments,Industrials
PRQR,ProQR Therapeutics N.V. Ordinary Shares,$1.70,-0.20,-10.526%,1137001,239906509.00,Netherlands,2014,Biotechnology: Pharmaceutical Preparations,Health Care
PRS,Prudential Financial Inc. 5.625% Junior Subordinated Notes due 2058,$20.315,-0.055,-0.27%,50167,7150880000.00,United States,2018,Life Insurance,Finance
PRSO,Peraso Inc. Common Stock,$0.4938,-0.0064,-1.279%,109914,7438838.00,United States,,Semiconductors,Technology
PRSU,Pursuit Attractions and Hospitality Inc. Common Stock,$48.08,0.26,0.544%,130231,1310860572.00,United States,,Services-Misc. Amusement & Recreation,Consumer Discretionary
PRT,PermRock Royalty Trust Units of Beneficial Interest,$2.02,0.00,0.00%,14576,24574779.00,United States,2018,Oil & Gas Production,Energy
PRTA,Prothena Corporation plc Ordinary Shares,$8.68,-0.31,-3.448%,357910,445604934.00,United States,,Biotechnology: Pharmaceutical Preparations,Health Care
PRTH,Priority Technology Holdings Inc. Common Stock,$7.80,0.00,0.00%,3195707,643034902.00,United States,2016,Business Services,Consumer Discretionary
PRTS,CarParts.com Inc. Common Stock,$8.34,-0.10,-1.185%,25955,67265703.00,United States,2007,Auto & Home Supply Stores,Consumer Discretionary
PRU,Prudential Financial Inc. Common Stock,$117.59,-0.07,-0.059%,1403237,40568550000.00,United States,2001,Life Insurance,Finance
PRVA,Privia Health Group Inc. Common Stock,$19.10,-0.36,-1.85%,980107,2439723354.00,United States,2021,Medical/Nursing Services,Health Care
PRZO,ParaZero Technologies Ltd. Ordinary Shares,$0.6372,-0.043,-6.322%,272488,16521686.00,Israel,2023,Military/Government/Technical,Industrials
PS,Pershing Square Inc. Common Stock,$49.99,-1.39,-2.705%,331698,19996000000.00,,2026,Investment Managers,Finance
PSA,Public Storage Common Stock,$286.73,-2.98,-1.029%,986512,50355847752.00,United States,,Real Estate Investment Trusts,Real Estate
PSA^F,Public Storage Depositary Shares Each Representing 1/1000 of a 5.15% Cumulative Preferred Share of Beneficial Interest Series F par value $0.01 per share,$18.18,-0.22,-1.196%,27965,,United States,,,
PSA^G,Public Storage Depositary Shares Each Representing 1/1000 of a 5.05% Cumulative Preferred Share of Beneficial Interest Series G,$18.09,-0.125,-0.686%,14855,,United States,,,
PSA^H,Public Storage Depositary Shares Each Representing 1/1000 of a  5.60% Cumulative Preferred  Share of Beneficial Interest Series H,$19.88,-0.10,-0.501%,40687,,United States,,,
PSA^I,Public Storage Depositary Shares Each Representing 1/1000 of a 4.875% Cumulative Preferred Share of Beneficial Interest Series I par value $0.01 per share,$17.26,-0.12,-0.69%,28472,,United States,,,
PSA^J,Public Storage Depositary Shares Each Representing 1/1000 of a 4.700% Cumulative Preferred Share of Beneficial Interest Series J par value $0.01 per share,$16.79,-0.08,-0.474%,31468,,United States,,,
PSA^K,Public Storage Depositary Shares Each Representing 1/1000 of a 4.75% Cumulative Preferred Share of Beneficial Interest Series K,$16.805,-0.135,-0.797%,39911,,United States,,,
PSA^L,Public Storage Depositary Shares Each Representing 1/1000 of a 4.625% Cumulative Preferred Share of Beneficial Interest Series L par value $0.01 per share,$16.48,-0.08,-0.483%,152172,,United States,,,
PSA^M,Public Storage Depositary Shares Each Representing 1/1000 of a 4.125% Cumulative Preferred Share of Beneficial Interest Series M,$14.56,-0.23,-1.555%,33270,,United States,,,
PSA^N,Public Storage Depositary Shares Each Representing 1/1000 of a 3.875% Cumulative Preferred Share of Beneficial Interest Series N,$13.82,-0.06,-0.432%,36846,,United States,,,
PSA^O,Public Storage Depositary Shares Each Representing 1/1000 of a 3.900% Cumulative Preferred Share of Beneficial Interest Series O,$13.805,-0.09,-0.648%,37842,,United States,,,
PSA^P,Public Storage Depositary Shares Each Representing 1/1000 of a 4.000% Cumulative Preferred Share of Bene cial Interest Series P,$14.26,-0.04,-0.28%,108422,,United States,,,
PSA^Q,Public Storage Depositary Shares Each Representing 1/1000 of a 3.950% Cumulative Preferred Share of Beneficial Interest Series Q par value $0.01 per share,$13.9893,-0.1206,-0.855%,9445,,United States,,,
PSA^R,Public Storage Depositary Shares Each Representing 1/1000 of a 4.00% Cumulative Preferred Share of Bene cial Interest Series R,$14.16,-0.17,-1.186%,42413,,United States,,,
PSA^S,Public Storage Depositary Shares Each Representing 1/1000 of a 4.100% Cumulative Preferred Share of Beneficial Interest Series S,$14.59,-0.24,-1.618%,15235,,United States,,,
PSA^T,Public Storage 6.000% Cumulative Preferred Shares of beneficial interest Series T,$21.50,-0.30,-1.376%,29905,,United States,,,
PSA^U,Public Storage 6.000% Cumulative Preferred Shares of Beneficial Interest Series U,$21.987,-0.3866,-1.728%,9481,,United States,,,
PSBD,Palmer Square Capital BDC Inc. Common Stock,$10.37,-0.08,-0.766%,139732,0.00,,2024,,
PSEC,Prospect Capital Corporation Common Stock,$2.17,-0.03,-1.364%,6545463,1158382562.00,United States,2004,Finance: Consumer Services,Finance
PSEC^A,Prospect Capital Corporation 5.35% Series A Fixed Rate Cumulative Perpetual Preferred Stock,$15.59,-0.50,-3.108%,2765,,United States,,,
PSF,Cohen & Steers Select Preferred and Income Fund Inc. Common Stock,$18.45,-0.235,-1.258%,64446,906607687.00,,2010,Investment Managers,Finance
PSFE,Paysafe Limited Common Shares,$6.45,-0.26,-3.875%,357874,336789794.00,United Kingdom,2021,Business Services,Consumer Discretionary
PSHG,Performance Shipping Inc. Common Shares,$1.80,-0.02,-1.099%,24639,22376624.00,Greece,,Marine Transportation,Consumer Discretionary
PSIG,PS International Group Ltd. Ordinary Shares,$4.35,-0.12,-2.685%,2027242,66906576.00,Hong Kong,,Integrated Freight & Logistics,Industrials
PSIX,Power Solutions International Inc. Common Stock,$46.88,0.47,1.013%,359769,1081308296.00,United States,,Industrial Machinery/Components,Industrials
PSKY,Paramount Skydance Corporation Class B Common Stock,$9.96,-0.15,-1.484%,33618747,11174579959.00,United States,,Broadcasting,Industrials
PSMT,PriceSmart Inc. Common Stock,$172.64,-0.17,-0.098%,139917,5327760863.00,United States,,Department/Specialty Retail Stores,Consumer Discretionary
PSN,Parsons Corporation Common Stock,$43.82,-0.27,-0.612%,890992,4680212365.00,United States,2019,EDP Services,Technology
PSNL,Personalis Inc. Common Stock,$16.35,-0.01,-0.061%,1123930,1746177907.00,United States,2019,Medical Specialities,Health Care
PSNY,Polestar Automotive Holding UK PLC Class A ADS,$7.18,-0.27,-3.624%,216013,1179531326.00,Sweden,,Auto Manufacturing,Industrials
PSNYW,Polestar Automotive Holding UK PLC Class C-1 ADS (ADW),$4.3101,0.0101,0.235%,139638,708063784.00,Sweden,,Auto Manufacturing,Industrials
PSO,Pearson Plc Common Stock,$15.89,-0.03,-0.188%,837465,9561329100.00,United Kingdom,,Books,Consumer Discretionary
PSQH,PSQ Holdings Inc. Class A Common Stock,$5.26,-0.19,-3.486%,8987,19604904.00,,2021,Advertising,Consumer Discretionary
PSQL,Pasqal Holding SA Ordinary Share,$7.47,0.07,0.946%,421130,1585833872.00,France,,EDP Services,Technology
PSQLW,Pasqal Holding SA Warrant,$1.35,0.075,5.882%,32915,286596483.00,France,,EDP Services,Technology
PSTL,Postal Realty Trust Inc. Class A Common Stock,$23.40,-0.54,-2.256%,249756,707823628.00,United States,2019,Real Estate Investment Trusts,Real Estate
PSUS,Pershing Square USA Ltd. Common Shares,$38.55,-0.64,-1.633%,235440,1008082500.00,,2026,,
PSX,Phillips 66 Common Stock,$256.48,-0.30,-0.117%,4354283,102340884536.00,United States,,Integrated oil Companies,Energy
PTA,Cohen & Steers Tax-Advantaged Preferred Securities and Income Fund Common Shares of Beneficial Interest,$17.63,-0.28,-1.563%,292768,974471047.00,United States,2020,Trusts Except Educational Religious and Charitable,Finance
PTAC,Patriot Acquisition Corp. Class A Ordinary Shares,$10.02,0.00,0.00%,8,0.00,United States,2026,Blank Checks,Finance
PTACU,Patriot Acquisition Corp. Units,$10.05,0.00,0.00%,2035,0.00,United States,2026,,
PTACW,Patriot Acquisition Corp. Warrants,$0.1802,-0.0097,-5.108%,100104,0.00,United States,2026,Blank Checks,Finance
PTC,PTC Inc. Common Stock,$140.40,0.40,0.286%,2138696,15234279044.00,United States,,Computer Software: Prepackaged Software,Technology
PTCT,PTC Therapeutics Inc. Common Stock,$62.34,-3.62,-5.488%,1101165,5202946397.00,United States,2013,Biotechnology: Pharmaceutical Preparations,Health Care
PTEN,Patterson-UTI Energy Inc. Common Stock,$11.07,-0.07,-0.628%,6448018,4221930555.00,United States,1993,Oil & Gas Production,Energy
PTGX,Protagonist Therapeutics Inc. Common Stock,$138.70,-6.37,-4.391%,513322,8975039130.00,United States,2016,Biotechnology: Pharmaceutical Preparations,Health Care
PTHS,Pelthos Therapeutics Inc. Common Stock,$23.52,0.28,1.205%,34933,90045591.00,,2024,Biotechnology: Biological Products (No Diagnostic Substances),Health Care
PTLE,PTL LTD Class A Ordinary Shares,$7.20,0.10,1.408%,3645,45224078.00,Singapore,2024,Oil Refining/Marketing,Energy
PTLO,Portillo's Inc. Class A Common Stock,$3.65,-0.10,-2.667%,1377408,277192768.00,United States,2021,Restaurants,Consumer Discretionary
PTN,Palatin Technologies Inc. Common Stock,$10.27,0.00,0.00%,41219,18273154.00,United States,,Biotechnology: Pharmaceutical Preparations,Health Care
PTON,Peloton Interactive Inc. Class A Common Stock,$4.80,-0.22,-4.382%,11292711,2106584645.00,United States,2019,Recreational Games/Products/Toys,Consumer Discretionary
PTOR,Praetorian Acquisition Corp. Class A Ordinary Shares,$9.98,0.00,0.00%,61974,0.00,United States,2026,Blank Checks,Finance
PTORW,Praetorian Acquisition Corp. Warrant,$0.305,0.00,0.00%,63,0.00,United States,2026,Blank Checks,Finance
PTRN,Pattern Group Inc. Series A Common Stock,$19.36,-1.05,-5.145%,1654989,3434446363.00,United States,2025,Catalog/Specialty Distribution,Consumer Discretionary
PTY,Pimco Corporate & Income Opportunity Fund,$10.86,-0.20,-1.808%,3111086,0.00,United States,2002,Investment Managers,Finance
PUBM,PubMatic Inc. Class A Common Stock,$17.455,-0.315,-1.773%,745731,795076315.00,United States,2020,Computer Software: Programming Data Processing,Technology
PUK,Prudential Public Limited Company Common Stock,$25.26,-0.59,-2.282%,975157,31569893034.00,United Kingdom,,Life Insurance,Finance
PULM,Pulmatrix Inc. Common Stock,$1.685,-0.015,-0.882%,29675,6154100.00,United States,2014,Biotechnology: Pharmaceutical Preparations,Health Care
PUMP,ProPetro Holding Corp. Common Stock,$9.80,-0.23,-2.293%,3975878,1203674387.00,United States,2017,Oilfield Services/Equipment,Energy
PURR,Hyperliquid Strategies Inc Common Stock,$13.94,-0.01,-0.072%,23196685,3316594875.00,United States,,Finance: Consumer Services,Finance
PUSA,Aureus Greenway Holdings Inc. Common Stock,$3.70,-0.12,-3.141%,455486,102281253.00,United States,2025,Hotels/Resorts,Consumer Discretionary
PVH,PVH Corp. Common Stock,$75.39,-0.50,-0.659%,850047,3478331230.00,United States,,Garments and Clothing,Industrials
PVL,Permianville Royalty Trust Units of Beneficial Interest,$1.84,0.015,0.822%,44599,60720000.00,United States,2011,Oil & Gas Production,Energy
PVLA,Palvella Therapeutics Inc. Common Stock,$149.56,-8.57,-5.42%,180627,2154921351.00,United States,,Biotechnology: Pharmaceutical Preparations,Health Care
PW,Power REIT (MD) Common Stock,$6.86,-0.06,-0.867%,1241,2518443.00,United States,1998,Real Estate Investment Trusts,Real Estate
PW^A,Power REIT 7.75% Series A Cumulative Perpetual Preferred Stock,$8.96,-0.04,-0.444%,336,,United States,,,
PWCM,PowerCompute Inc. Common Stock,$1.10,-0.03,-2.655%,200294,2663619.00,United States,2015,Finance: Consumer Services,Finance
PWP,Perella Weinberg Partners Class A Common Stock,$13.39,0.05,0.375%,1424146,1302998655.00,United States,2020,Finance: Consumer Services,Finance
PWR,Quanta Services Inc. Common Stock,$634.90,-7.73,-1.203%,795819,93539676687.00,United States,,Engineering & Construction,Industrials
PWRL,Powerlaw Corp. Common Stock,$11.41,0.09,0.795%,159917,0.00,United States,,,
PXED,Phoenix Education Partners Inc. Common Stock,$26.15,-0.16,-0.608%,72288,942638882.00,,2025,Other Consumer Services,Real Estate
PXLW,Pixelworks Inc.  Common Stock,$7.35,0.27,3.814%,45651,44463039.00,United States,2000,Computer Software: Prepackaged Software,Technology
PXS,Pyxis Tankers Inc. Common Stock,$6.70,0.04,0.601%,107488,68843431.00,Greece,,Marine Transportation,Consumer Discretionary
PYPD,PolyPid Ltd. Ordinary Shares,$5.27,-0.18,-3.303%,69135,107043007.00,Israel,2020,Medical/Dental Instruments,Health Care
PYPL,PayPal Holdings Inc. Common Stock,$52.51,-0.38,-0.718%,11564348,44920250494.00,United States,,Diversified Commercial Services,Industrials
PYT,PPlus Tr GSC-2 Tr Ctf Fltg Rate,$23.77,0.00,0.00%,6,0.00,United States,,Finance: Consumer Services,Finance
PYXS,Pyxis Oncology Inc. Common Stock,$3.22,-0.135,-4.024%,433883,268573921.00,United States,2021,Biotechnology: Pharmaceutical Preparations,Health Care
PZG,Paramount Gold Nevada Corp. Common Stock,$1.36,-0.01,-0.73%,255603,117252918.00,United States,2015,Metal Mining,Basic Materials
PZZA,Papa John's International Inc. Common Stock,$20.15,-0.25,-1.225%,889599,663371993.00,United States,1993,Restaurants,Consumer Discretionary
Q,Qnity Electronics Inc. Common Stock,$124.50,-0.36,-0.288%,914792,26046463604.00,United States,2025,Semiconductors,Technology
QADR,QDRO Acquisition Corp. Class A Ordinary Shares,$9.98,0.00,0.00%,24,0.00,United States,2026,Blank Checks,Finance
QBTS,D-Wave Quantum Inc. Common Stock,$16.81,-0.75,-4.271%,28655805,6381523617.00,United States,,EDP Services,Technology
QCLS,Q/C Technologies Inc. Common Stock,$0.8794,-0.0132,-1.479%,1034611,7202144.00,United States,2014,Biotechnology: In Vitro & In Vivo Diagnostic Substances,Health Care
QCOM,QUALCOMM Incorporated Common Stock,$197.24,-1.03,-0.519%,9739327,207148138578.00,United States,1991,Radio And Television Broadcasting And Communications Equipment,Technology
QCRH,QCR Holdings Inc. Common Stock,$99.17,-0.19,-0.191%,102422,1623969640.00,United States,,Major Banks,Finance
QDEL,QuidelOrtho Corporation Common Stock,$10.34,-0.60,-5.484%,1114710,709069915.00,United States,,Biotechnology: In Vitro & In Vivo Diagnostic Substances,Health Care
QETA,Quetta Acquisition Corporation Common Stock,$11.85,0.00,0.00%,19,0.00,United States,2023,Blank Checks,Finance
QFIN,Qfin Holdings Inc. American Depositary Shares,$7.61,-0.26,-3.304%,1761023,926531837.00,China,2018,Finance: Consumer Services,Finance
QGEN,Qiagen N.V. Common Shares,$43.71,0.02,0.046%,3035149,9007527454.00,Netherlands,2026,Biotechnology: Biological Products (No Diagnostic Substances),Health Care
QH,Quhuo Limited Class A Ordinary Shares,$3.9661,-0.0139,-0.349%,9739,10910317.00,China,2020,Business Services,Consumer Discretionary
QLEP,Quantum Leap Acquisition Corp Class A Ordinary Shares,$10.05,0.06,0.601%,361,0.00,,2026,,
QLYS,Qualys Inc. Common Stock,$184.79,1.47,0.802%,523944,6392810235.00,United States,2012,Computer Software: Prepackaged Software,Technology
QMCO,Quantum Corporation Common Stock,$25.97,0.32,1.248%,3691910,1023477726.00,United States,,Electronic Components,Technology
QMLS,QumulusAI Inc. Common Stock,$7.12,-0.94,-11.663%,414702,238224627.00,United States,,EDP Services,Technology
QNBC,QNB Corp. Common Stock,$45.45,-0.10,-0.22%,14603,274908370.00,United States,,Major Banks,Finance
QNC,Quantum eMotion Corp. Common Shares,$2.03,0.27,15.341%,1601504,445421930.00,,2026,,
QNCX,Quince Therapeutics Inc. Common Stock,$30.15,-1.20,-3.828%,7605,30664449.00,United States,2019,Biotechnology: Biological Products (No Diagnostic Substances),Health Care
QNME,Quanome Technologies Inc. Common Stock,$0.839,-0.0119,-1.399%,16620628,28884722.00,United States,2024,Integrated Freight & Logistics,Industrials
QNRX,Quoin Pharmaceuticals Ltd. American Depositary Shares,$6.75,-0.26,-3.709%,39419,32428087.00,Israel,2016,Biotechnology: Pharmaceutical Preparations,Health Care
QNST,QuinStreet Inc. Common Stock,$14.28,-1.00,-6.545%,1602628,817150038.00,United States,2010,Business Services,Consumer Discretionary
QNT,Quantinuum Inc. Class A Common Stock,$50.11,-1.28,-2.491%,2572875,13194370996.00,United States,2026,EDP Services,Technology
QNTM,Quantum Biopharma Ltd. Class B Subordinate Voting Shares,$3.88,0.18,4.865%,645304,31379581.00,Canada,,Biotechnology: Pharmaceutical Preparations,Health Care
QQQX,Nuveen NASDAQ 100 Dynamic Overwrite Fund Shares of Beneficial Interest,$30.53,-0.29,-0.941%,52287,0.00,United States,,Finance Companies,Finance
QRED,QuasarEdge Acquisition Corporation Ordinary Shares,$10.045,0.00,0.00%,26,0.00,,2026,Blank Checks,Finance
QRHC,Quest Resource Holding Corporation Common Stock,$1.38,-0.025,-1.779%,10174,29108141.00,United States,,Environmental Services,Utilities
QRVO,Qorvo Inc. Common Stock,$119.59,1.15,0.971%,1129397,10550425090.00,United States,,Semiconductors,Technology
QS,QuantumScape Corporation Class A Common Stock,$4.91,-0.14,-2.772%,10744987,3039847319.00,United States,,Industrial Machinery/Components,Miscellaneous
QSEA,Quartzsea Acquisition Corporation Ordinary Shares,$10.65,0.01,0.094%,2174,0.00,United States,2025,Blank Checks,Finance
QSI,Quantum-Si Incorporated Class A Common Stock,$0.7587,-0.026,-3.313%,1476549,166067224.00,United States,2020,Industrial Machinery/Components,Industrials
QSR,Restaurant Brands International Inc. Common Shares,$71.66,-0.25,-0.348%,2292253,32570107272.00,Canada,2014,Restaurants,Consumer Discretionary
QTEX,QTREX Quantum Ltd. Ordinary Shares,$0.77,-0.01,-1.282%,1576773,43092229.00,Israel,2021,Medical/Dental Instruments,Health Care
QTI,QT Imaging Holdings Inc. Common Stock,$2.58,-0.02,-0.769%,27790,37762232.00,United States,,Biotechnology: Electromedical & Electrotherapeutic Apparatus,Health Care
QTRX,Quanterix Corporation Common Stock,$3.16,-0.03,-0.94%,423790,149446085.00,United States,2017,Biotechnology: Laboratory Analytical Instruments,Industrials
QTTB,Q32 Bio Inc. Common Stock,$9.56,-1.01,-9.555%,828955,284596095.00,United States,2018,Biotechnology: Pharmaceutical Preparations,Health Care
QTWO,Q2 Holdings Inc. Common Stock,$55.66,-1.20,-2.11%,546569,3470662324.00,United States,2014,Computer Software: Prepackaged Software,Technology
QUAD,Quad Graphics Inc Class A Common Stock,$9.25,-0.37,-3.846%,367144,476017044.00,United States,,Publishing,Consumer Discretionary
QUBT,Quantum Computing Inc. Common Stock,$9.12,0.04,0.441%,14942873,2064283372.00,United States,,Computer Software: Prepackaged Software,Technology
QUCY,Quantum Cyber N.V. Ordinary Shares,$1.32,0.00,0.00%,242531,110970013.00,Germany,2021,Biotechnology: Pharmaceutical Preparations,Health Care
QUIK,QuickLogic Corporation Common Stock,$11.23,0.25,2.277%,229718,205708231.00,United States,1999,Semiconductors,Technology
QUMS,Quantumsphere Acquisition Corp. Ordinary Shares,$10.34,0.00,0.00%,73504,0.00,United States,2025,,
QUMSR,Quantumsphere Acquisition Corp. Rights,$0.09,0.0295,48.76%,1350,0.00,United States,2025,,
QURE,uniQure N.V. Ordinary Shares,$42.76,-2.52,-5.565%,1173634,2966107777.00,Netherlands,2014,Biotechnology: Pharmaceutical Preparations,Health Care
QVCG,QVC Group Inc. Common Stock,$15.03,-0.86,-5.412%,183702,751498452.00,United States,,Catalog/Specialty Distribution,Consumer Discretionary
QXL,Quantum X Labs Inc. Common Stock,$5.50,-0.18,-3.169%,93704,118623043.00,Israel,,Computer Software: Prepackaged Software,Technology
QXO,QXO Inc. Common Stock,$12.28,-0.50,-3.912%,20877579,12740385907.00,United States,,RETAIL: Building Materials,Consumer Discretionary
QXO^B,QXO Inc.  Depositary Shares each representing a 1/20th interest in a share of 5.50% Series B Mandatory Convertible Preferred Stock,$40.57,-0.23,-0.564%,115711,,United States,,,
R,Ryder System Inc. Common Stock,$238.00,1.50,0.634%,175927,9126554584.00,United States,,Rental/Leasing Companies,Consumer Discretionary
RA,Brookfield Real Assets Income Fund Inc. Common Stock,$11.85,-0.09,-0.754%,356947,0.00,United States,2016,Investment Managers,Finance
RAC,Rithm Acquisition Corp. Class A Ordinary Shares,$10.57,0.01,0.095%,1595,0.00,,2025,,
RACC,Research Alliance Corporation III Class A Ordinary Shares,$11.06,0.00,0.00%,80,0.00,United States,2026,Blank Checks,Finance
RACD,Research Alliance Corporation IV Class A Ordinary Shares,$12.00,0.20,1.695%,30832,0.00,United States,2026,,
RACE,Ferrari N.V. Common Shares,$413.05,-0.27,-0.065%,505064,96630789769.00,Italy,2015,Auto Manufacturing,Industrials
RADX,Radiopharm Theranostics Limited American Depositary Shares,$1.625,-0.025,-1.515%,35683,23495059.00,Australia,,Biotechnology: Pharmaceutical Preparations,Health Care
RAIL,FreightCar America Inc. Common Stock,$7.40,-0.01,-0.135%,189296,242655472.00,United States,2005,Railroads,Industrials
RAIN,Rain Enhancement Technologies Holdco Inc. Class A Common Stock,$1.01,-0.01,-0.98%,4091940,11821092.00,United States,,Industrial Machinery/Components,Technology
RAINW,Rain Enhancement Technologies Holdco Inc. Warrants,$0.171,-0.0184,-9.715%,6175,2001393.00,United States,,Industrial Machinery/Components,Technology
RAL,Ralliant Corporation Common Stock,$69.99,0.99,1.435%,1202813,7743694160.00,United States,2025,Industrial Machinery/Components,Industrials
RAMP,LiveRamp Holdings Inc. Common Stock,$37.44,-0.11,-0.293%,954379,2276164126.00,United States,2018,EDP Services,Technology
RAND,Rand Capital Corporation Common Stock,$9.99,-0.33,-3.198%,2147,29668442.00,United States,,Finance: Consumer Services,Finance
RANG,Range Capital Acquisition Corp. Ordinary Shares,$10.8301,0.00,0.00%,27,0.00,United States,2025,Blank Checks,Finance
RANGR,Range Capital Acquisition Corp. Rights,$0.2741,0.0001,0.036%,210,0.00,United States,2025,Blank Checks,Finance
RANI,Rani Therapeutics Holdings Inc. Class A Common Stock,$0.767,-0.0109,-1.401%,648583,106916210.00,United States,2021,Biotechnology: Pharmaceutical Preparations,Health Care
RAPP,Rapport Therapeutics Inc. Common Stock,$34.13,-7.34,-17.70%,745601,1637498901.00,United States,2024,Biotechnology: Pharmaceutical Preparations,Health Care
RARE,Ultragenyx Pharmaceutical Inc. Common Stock,$14.88,-0.735,-4.707%,5712825,1467002430.00,United States,2014,Biotechnology: Pharmaceutical Preparations,Health Care
RAVE,Rave Restaurant Group Inc. Common Stock,$2.75,-0.07,-2.482%,27774,39081807.00,United States,,Food Distributors,Consumer Discretionary
RAYA,Erayak Power Solution Group Inc. Class A Ordinary Shares,$1.91,0.09,4.945%,218632,2014496.00,China,2022,Metal Fabrications,Consumer Discretionary
RBA,RB Global Inc. Common Stock,$82.83,-0.53,-0.636%,923228,15036668543.00,Canada,,Business Services,Consumer Discretionary
RBB,RBB Bancorp Common Stock,$26.28,-0.51,-1.904%,114470,444551534.00,United States,2017,Major Banks,Finance
RBBN,Ribbon Communications Inc. Common Stock,$1.80,-0.04,-2.174%,1601963,321882034.00,United States,,EDP Services,Technology
RBC,RBC Bearings Incorporated Common Stock,$500.26,0.38,0.076%,372976,15837853904.00,United States,2022,Metal Fabrications,Industrials
RBCAA,Republic Bancorp Inc. Class A Common Stock,$93.33,-0.39,-0.416%,67300,1832455313.00,United States,1998,Major Banks,Finance
RBKB,Rhinebeck Bancorp Inc. Common Stock,$12.81,-0.29,-2.214%,161497,200296724.00,United States,2019,Banks,Finance
RBLX,Roblox Corporation Class A Common Stock,$48.99,-0.88,-1.765%,16931996,34997277350.00,United States,2021,Computer Software: Prepackaged Software,Technology
RBNE,Robin Energy Ltd. Common Stock,$2.37,-0.03,-1.25%,105774,3157544.00,Cyprus,,Marine Transportation,Consumer Discretionary
RBRK,Rubrik Inc. Class A Common Stock,$115.57,3.70,3.307%,2954544,23958173322.00,United States,2024,Computer Software: Prepackaged Software,Technology
RC,Ready Capital Corporation Common Stock,$1.46,-0.20,-12.048%,1441075,241178848.00,United States,2013,Real Estate Investment Trusts,Real Estate
RC^C,Ready Capital Corporation 6.25% Series C Cumulative Convertible Preferred Stock,$11.1201,-0.1899,-1.679%,558,,United States,,,
RC^E,Ready Capital Corporation 6.50% Series E Cumulative Redeemable Preferred Stock,$11.90,-0.31,-2.539%,6172,,United States,,,
RCAT,Red Cat Holdings Inc. Common Stock,$6.59,-0.35,-5.043%,11792115,1006387646.00,United States,,Computer Software: Prepackaged Software,Technology
RCBC,River City Bank Common stock,$51.02,-0.70,-1.353%,136015,724468898.00,United States,,Major Banks,Finance
RCD,Ready Capital Corporation 9.00% Senior Notes due 2029,$23.04,0.04,0.174%,2654,0.00,United States,2024,Real Estate Investment Trusts,Real Estate
RCEL,Avita Medical Inc. Common Stock,$10.95,-0.54,-4.70%,237280,338648975.00,United States,,Medical/Dental Instruments,Health Care
RCG,RENN Fund Inc Common Stock,$3.02,-0.02,-0.658%,7126,0.00,United States,,Investment Managers,Finance
RCI,Rogers Communication Inc. Common Stock,$33.28,0.01,0.03%,1681218,17978663972.00,Canada,,Cable & Other Pay Television Services,Telecommunications
RCKT,Rocket Pharmaceuticals Inc. Common Stock,$3.02,-0.33,-9.851%,2778270,331519283.00,United States,2015,Biotechnology: Pharmaceutical Preparations,Health Care
RCKY,Rocky Brands Inc. Common Stock,$44.82,-0.33,-0.731%,37749,335787451.00,United States,1993,Shoe Manufacturing,Consumer Discretionary
RCL,Royal Caribbean Cruises Ltd. Common Stock,$230.30,-4.59,-1.954%,7593851,61594214945.00,United States,1993,Marine Transportation,Consumer Discretionary
RCMT,RCM Technologies Inc. Common Stock,$40.33,-0.47,-1.152%,57494,286776910.00,United States,,Professional Services,Consumer Discretionary
RCON,Recon Technology Ltd. Class A Ordinary Shares,$1.37,0.04,3.008%,671018,28719617.00,China,2009,Oilfield Services/Equipment,Energy
RCS,PIMCO Strategic Income Fund Inc.,$4.94,-0.02,-0.403%,65005,0.00,United States,1994,Investment Managers,Finance
RCT,RedCloud Holdings plc Ordinary Shares,$0.194,0.004,2.105%,208907,13265839.00,United Kingdom,2025,Computer Software: Programming Data Processing,Technology
RCUS,Arcus Biosciences Inc. Common Stock,$26.39,-0.48,-1.786%,1561400,3360327793.00,United States,2018,Biotechnology: Pharmaceutical Preparations,Health Care
RDAC,Rising Dragon Acquisition Corp. Ordinary Shares,$5.54,0.01,0.181%,9879,0.00,China,2024,,
RDACR,Rising Dragon Acquisition Corp. Rights,$0.10,0.00,0.00%,98,0.00,China,2024,Blank Checks,Finance
RDAG,Republic Digital Acquisition Company Class A Ordinary Shares,$10.42,0.00,0.00%,200010,0.00,United States,2025,Blank Checks,Finance
RDAGW,Republic Digital Acquisition Company Warrants,$0.26,0.0049,1.921%,145,0.00,United States,2025,Blank Checks,Finance
RDCM,Radcom Ltd. Ordinary Shares,$10.30,-0.23,-2.184%,42888,171911707.00,Israel,1997,Computer peripheral equipment,Technology
RDDT,Reddit Inc. Class A Common Stock,$151.98,-3.69,-2.37%,4576421,29240421590.00,United States,2024,EDP Services,Technology
RDGT,Ridgetech Inc. Ordinary Shares,$0.9251,0.0051,0.554%,17190,3357687.00,China,,Retail-Drug Stores and Proprietary Stores,Consumer Staples
RDHL,Redhill Biopharma Ltd. American Depositary Shares,$0.5431,0.0021,0.388%,80299,3302548.00,Israel,,Biotechnology: Pharmaceutical Preparations,Health Care
RDI,Reading International Inc Class A Common Stock,$1.93,-0.07,-3.50%,23975,44177945.00,United States,,Movies/Entertainment,Consumer Discretionary
RDIB,Reading International Inc Class B Common Stock,$17.89,1.44,8.754%,39939,409504372.00,United States,,Movies/Entertainment,Consumer Discretionary
RDN,Radian Group Inc. Common Stock,$34.54,-0.15,-0.432%,808736,4569687524.00,United States,,Property-Casualty Insurers,Finance
RDNT,RadNet Inc. Common Stock,$73.21,-0.72,-0.974%,560742,5761426185.00,United States,,Medical Specialities,Health Care
RDNW,RideNow Group Inc. Class B Common Stock,$6.05,-0.10,-1.626%,54504,236017082.00,United States,,EDP Services,Technology
RDVT,Red Violet Inc. Common Stock ,$76.20,2.79,3.801%,236711,1222779495.00,United States,,Computer Software: Prepackaged Software,Technology
RDW,Redwire Corporation Common Stock,$11.27,-0.49,-4.167%,12628256,2817416703.00,United States,2021,Military/Government/Technical,Industrials
RDWR,Radware Ltd. Ordinary Shares,$30.44,0.80,2.699%,305367,1287824167.00,Israel,1999,Business Services,Consumer Discretionary
RDY,Dr. Reddy's Laboratories Ltd Common Stock,$12.39,-0.18,-1.432%,2485174,10341399858.00,India,,Biotechnology: Pharmaceutical Preparations,Health Care
RDZN,Roadzen Inc. Ordinary Shares,$1.17,-0.04,-3.306%,265143,99643124.00,United States,2022,Specialty Insurers,Finance
RDZNW,Roadzen Inc. Warrants,$0.0681,-0.0171,-20.07%,45313,5799741.00,United States,2022,Specialty Insurers,Finance
REA,Rare Earths Americas Inc. Common Stock,$10.98,-0.15,-1.348%,153435,219093734.00,,2026,Metal Mining,Basic Materials
REAL,The RealReal Inc. Common Stock,$9.155,-0.745,-7.525%,3450398,1113899058.00,United States,2019,Other Specialty Stores,Consumer Discretionary
REAX,Real REMAX Group Inc. Common Stock,$15.13,-2.00,-11.675%,1192160,331649600.00,Canada,,Real Estate,Finance
REBN,Reborn Coffee Inc. Common Stock,$1.09,0.1552,16.602%,317464,9395933.00,United States,2022,Restaurants,Consumer Discretionary
RECT,Rectitude Holdings Ltd Ordinary Shares,$1.27,-0.08,-5.926%,1593,19663093.00,Singapore,2024,Industrial Machinery/Components,Consumer Discretionary
REED,Reed's Inc. Common Stock,$0.6274,-0.0025,-0.397%,231766,7439136.00,,2025,Beverages (Production/Distribution),Consumer Staples
REF,Reformation Inc. Common Stock,$12.47,-1.13,-8.309%,506372,736719120.00,,2026,Apparel,Consumer Discretionary
REFI,Chicago Atlantic Real Estate Finance Inc. Common Stock,$10.69,-0.15,-1.384%,112853,273890051.00,United States,2021,Real Estate Investment Trusts,Real Estate
REFR,Research Frontiers Incorporated Common Stock,$0.7138,-0.0656,-8.417%,229206,24888626.00,United States,,Multi-Sector Companies,Miscellaneous
REG,Regency Centers Corporation Common Stock,$72.73,-0.80,-1.088%,1690248,13318357383.00,United States,1993,Real Estate Investment Trusts,Real Estate
REGCO,Regency Centers Corporation 5.875% Series B Cumulative Redeemable Preferred Stock,$21.51,-0.14,-0.647%,975,3938922966.00,United States,,Real Estate Investment Trusts,Real Estate
REGCP,Regency Centers Corporation 6.25% Series A Cumulative Redeemable Preferred Stock,$22.56,-0.3701,-1.614%,6917,4131199540.00,United States,,Real Estate Investment Trusts,Real Estate
REGN,Regeneron Pharmaceuticals Inc. Common Stock,$801.82,-2.08,-0.259%,721110,82551368478.00,United States,1991,Biotechnology: Pharmaceutical Preparations,Health Care
REI,Ring Energy Inc. Common Stock,$1.33,-0.01,-0.746%,2945404,346517677.00,United States,,Oil & Gas Production,Energy
REKR,Rekor Systems Inc. Common Stock,$0.4289,-0.0317,-6.882%,2503892,59032293.00,United States,,Telecommunications Equipment,Telecommunications
RELL,Richardson Electronics Ltd. Common Stock,$17.26,0.03,0.174%,84439,256556403.00,United States,1983,Electronic Components,Technology
RELX,RELX PLC PLC American Depositary Shares (Each representing One Ordinary Share),$33.22,0.24,0.728%,1601071,58053958548.00,United Kingdom,2015,Business Services,Consumer Discretionary
RELY,Remitly Global Inc. Common Stock,$20.19,-1.09,-5.122%,6763087,4273901050.00,United States,2021,Business Services,Consumer Discretionary
RENT,Rent the Runway Inc. Class A Common Stock,$1.70,-0.18,-9.574%,183408,57416006.00,United States,2021,Other Specialty Stores,Consumer Discretionary
RENX,RenX Enterprises Corp. Common Stock,$1.81,0.06,3.429%,162380,4789638.00,United States,,Environmental Services,Utilities
REPL,Replimune Group Inc. Common Stock,$12.96,-0.51,-3.786%,1887623,1221086457.00,United States,2018,Biotechnology: Biological Products (No Diagnostic Substances),Health Care
REPX,Riley Exploration Permian Inc. Common Stock,$41.07,0.87,2.164%,200823,909855950.00,United States,1999,Oil & Gas Production,Energy
RERE,ATRenew Inc. American Depositary Shares (every three of which representing two Class A ordinary shares),$3.98,-0.05,-1.241%,356276,872674684.00,Cayman Islands,2021,Other Specialty Stores,Consumer Discretionary
RES,RPC Inc. Common Stock,$5.85,0.13,2.273%,1735320,1296693520.00,United States,,Oilfield Services/Equipment,Energy
RETO,ReTo Eco-Solutions Inc. Class A Shares,$0.1586,-0.0174,-9.886%,38336547,7696538.00,China,2017,Industrial Machinery/Components,Industrials
REVB,Revelation Biosciences Inc. Common Stock,$0.9343,-0.0457,-4.663%,58719,3721706.00,United States,2020,Biotechnology: Pharmaceutical Preparations,Health Care
REVBW,Revelation Biosciences Inc. Warrant,$0.009,0.00,0.00%,4000,35851.00,United States,2020,Biotechnology: Pharmaceutical Preparations,Health Care
REX,REX American Resources Corporation,$44.01,-0.24,-0.542%,223209,1460059916.00,United States,,Major Chemicals,Industrials
REXR,Rexford Industrial Realty Inc. Common Stock,$38.15,-0.08,-0.209%,2801876,8506996931.00,United States,2013,Real Estate Investment Trusts,Real Estate
REXR^B,Rexford Industrial Realty Inc. 5.875% Series B Cumulative Redeemable Preferred Stock,$21.62,-0.15,-0.689%,10878,,United States,,,
REXR^C,Rexford Industrial Realty Inc. 5.625% Series C Cumulative Redeemable Preferred Stock par value $0.01 per share,$20.06,-0.4841,-2.356%,1187,,United States,,,
REYN,Reynolds Consumer Products Inc. Common Stock,$21.94,-0.23,-1.037%,1408697,4624754145.00,United States,2020,Containers/Packaging,Consumer Discretionary
REZI,Resideo Technologies Inc. Common Stock ,$18.68,-0.20,-1.059%,1503942,2836509021.00,United States,2018,Wholesale Distributors,Industrials
RF,Regions Financial Corporation Common Stock,$27.39,-0.52,-1.863%,9349985,23334349169.00,United States,,Major Banks,Finance
RF^C,Regions Financial Corporation Depositary Shares each Representing a 1/40th Interest in a  Share of 5.700% Fixed-to-Floating Rate Non-Cumulative  Perpetual Preferred Stock Series C,$24.12,0.04,0.166%,37047,,United States,,,
RF^E,Regions Financial Corporation Depositary Shares Each Representing a 1/40th Interest in a Share of 4.45% Non-Cumulative Perpetual Preferred Stock Series E,$15.65,-0.19,-1.199%,144181,,United States,,,
RF^F,Regions Financial Corporation Depositary Shares Each Representing a 1/40th Interest in a Share of Non-Cumulative Perpetual Preferred Stock Series F,$25.0699,0.0199,0.079%,38868,,United States,,,
RFAI,RF Acquisition Corp II Ordinary Shares,$34.225,-1.775,-4.931%,2432,0.00,Singapore,2024,,
RFAIR,RF Acquisition Corp II Right,$0.1549,-0.0021,-1.338%,10636,0.00,Singapore,2024,Computer Software: Prepackaged Software,Technology
RFAIU,RF Acquisition Corp II Unit,$46.50,3.50,8.14%,887,0.00,Singapore,2024,Computer Software: Prepackaged Software,Technology
RFAM,RF Acquisition Corp III Ordinary Shares,$10.015,0.00,0.00%,194,0.00,Singapore,2026,,
RFI,Cohen & Steers Total Return Realty Fund Inc. Common Stock,$10.61,-0.21,-1.941%,101141,521360843.00,United States,1993,Investment Managers,Finance
RFIL,RF Industries Ltd. Common Stock,$8.37,-0.07,-0.829%,174955,90795760.00,United States,,Electrical Products,Technology
RFL,Rafael Holdings Inc. Class B Common Stock,$2.02,0.02,1.00%,71374,105039992.00,United States,2018,Biotechnology: Pharmaceutical Preparations,Health Care
RFM,RiverNorth Flexible Municipal Income Fund Inc. Common Stock,$13.315,-0.125,-0.93%,47296,81417217.00,,2020,Finance/Investors Services,Finance
RFMZ,RiverNorth Flexible Municipal Income Fund II Inc. Common Stock,$12.04,-0.21,-1.714%,141959,293195142.00,,2021,Finance/Investors Services,Finance
RGA,Reinsurance Group of America Incorporated Common Stock,$246.75,0.93,0.378%,328615,16113185839.00,United States,,Life Insurance,Finance
RGC,Regencell Bioscience Holdings Limited Ordinary Shares,$5.98,-0.25,-4.013%,134484,2957043670.00,Hong Kong,2021, Medicinal Chemicals and Botanical Products ,Health Care
RGCO,RGC Resources Inc. Common Stock,$20.65,-0.49,-2.318%,19930,215163831.00,United States,,Oil & Gas Production,Utilities
RGEN,Repligen Corporation Common Stock,$184.53,-2.22,-1.189%,934830,9027822638.00,United States,1986,Biotechnology: Biological Products (No Diagnostic Substances),Health Care
RGLD,Royal Gold Inc. Common Stock,$252.78,-5.51,-2.133%,533905,21417507692.00,United States,,Precious Metals,Industrials
RGNT,Regentis Biomaterials Ltd. Ordinary Shares,$2.10,0.01,0.478%,15148,14750234.00,Israel,2025,Industrial Specialties,Health Care
RGNX,REGENXBIO Inc. Common Stock,$7.50,-0.65,-7.975%,1113360,495098940.00,United States,2015,Biotechnology: Biological Products (No Diagnostic Substances),Health Care
RGP,Resources Connection Inc. Common Stock,$3.89,-0.095,-2.384%,310152,134988065.00,United States,,Business Services,Consumer Discretionary
RGR,Sturm Ruger & Company Inc. Common Stock,$41.90,-0.04,-0.095%,210490,669488926.00,United States,,Ordnance And Accessories,Industrials
RGS,Regis Corporation Common Stock,$27.55,0.55,2.037%,6234,68879325.00,United States,1991,Other Consumer Services,Consumer Discretionary
RGT,Royce Global Trust Inc. Common Stock,$14.505,-0.1458,-0.995%,17735,90902008.00,,2013,Trusts Except Educational Religious and Charitable,Finance
RGTI,Rigetti Computing Inc. Common Stock,$16.005,-0.515,-3.117%,27251491,5341968796.00,United States,,EDP Services,Technology
RGTIW,Rigetti Computing Inc. Warrants,$6.60,-0.36,-5.172%,42696,2202873730.00,United States,,EDP Services,Technology
RH,RH Common Stock,$124.59,-6.05,-4.631%,868167,2358882280.00,United States,2012,Other Specialty Stores,Consumer Discretionary
RHI,Robert Half Inc. Common Stock,$37.36,-0.22,-0.585%,1360005,3824237894.00,United States,,Professional Services,Consumer Discretionary
RHLD,Resolute Holdings Management Common Stock ,$125.59,1.51,1.217%,111061,982062936.00,United States,,Finance: Consumer Services,Finance
RHP,Ryman Hospitality Properties Inc. (REIT),$120.74,-0.81,-0.666%,413727,8329050283.00,United States,,Real Estate Investment Trusts,Real Estate
RIBB,Ribbon Acquisition Corp Class A Ordinary Shares,$8.18,0.0567,0.698%,4267,0.00,Japan,2025,,
RIBBR,Ribbon Acquisition Corp Rights,$0.2495,-0.0494,-16.527%,1087,0.00,Japan,2025,,
RIBBU,Ribbon Acquisition Corp Unit,$11.49,0.00,0.00%,39,0.00,Japan,2025,,
RICK,RCI Hospitality Holdings Inc. Common Stock,$27.41,-0.98,-3.452%,34264,209535745.00,United States,1995,Restaurants,Consumer Discretionary
RIG,Transocean Ltd (Switzerland) Common Stock,$5.47,-0.02,-0.364%,34263576,6109334065.00,Switzerland,,Oil & Gas Production,Energy
RIGL,Rigel Pharmaceuticals Inc. Common Stock,$48.13,-0.69,-1.413%,151402,899061854.00,United States,2000,Biotechnology: Pharmaceutical Preparations,Health Care
RILY,BRC Group Holdings Inc. Common Stock,$5.78,-0.35,-5.71%,429011,232354584.00,United States,,Investment Managers,Finance
RILYG,BRC Group Holdings Inc. 5.00% Senior Notes due 2026,$24.7594,-0.0156,-0.063%,7776,755089056.00,United States,,Investment Managers,Finance
RILYL,BRC Group Holdings Inc. Depositary Shares each representing 1/1000th in a share of 7.375% Series B Cumulative Perpetual Preferred Stock par value $0.0001,$12.535,-0.085,-0.674%,3484,503903929.00,United States,,Investment Managers,Finance
RILYN,BRC Group Holdings Inc. 6.50% Senior Notes Due 2026,$25.23,0.00,0.00%,7190,769440975.00,United States,,Investment Managers,Finance
RILYP,BRC Group Holdings Inc. Depositary Shares each representing a 1/1000th fractional interest in a share of Series A Cumulative Perpetual Preferred Stock,$12.125,-0.075,-0.615%,5665,487422029.00,United States,,Investment Managers,Finance
RILYT,BRC Group Holdings Inc. 6.00% Senior Notes Due 2028,$20.7001,-0.1999,-0.956%,21289,631292316.00,United States,,Investment Managers,Finance
RILYZ,BRC Group Holdings Inc. 5.25% Senior Notes due 2028,$19.67,-0.04,-0.203%,24517,599877288.00,United States,,Investment Managers,Finance
RIME,Algorhythm Holdings Inc. Common Stock,$0.1862,0.0027,1.471%,6863991,3922572.00,United States,,EDP Services,Technology
RIO,Rio Tinto Plc Common Stock,$95.25,-2.24,-2.298%,2716948,119637675126.00,Australia,2002,Metal Mining,Basic Materials
RIOT,Riot Platforms Inc. Common Stock ,$24.69,-0.24,-0.963%,16808412,9265143105.00,United States,,Finance: Consumer Services,Finance
RITM,Rithm Capital Corp. Common Stock,$9.42,-0.22,-2.282%,3861411,5260194232.00,United States,,Real Estate Investment Trusts,Real Estate
RITM^A,Rithm Capital Corp. 7.50% Series A Fixed-to-Floating Rate Cumulative Redeemable Preferred Stock,$25.36,-0.155,-0.607%,18886,,United States,,,
RITM^B,Rithm Capital Corp. 7.125% Series B Fixed-to-Floating Rate Cumulative Redeemable Preferred Stock,$25.305,-0.13,-0.511%,19169,,United States,,,
RITM^C,Rithm Capital Corp. 6.375% Series C Fixed-to-Floating Rate Cumulative Redeemable Preferred Stock,$24.56,-0.19,-0.768%,32104,,United States,,,
RITM^D,Rithm Capital Corp. 7.00% Fixed-Rate Reset Series D Cumulative Redeemable Preferred Stock,$25.2832,0.0032,0.013%,74717,,United States,,,
RITM^E,Rithm Capital Corp. 8.75% Series E Fixed-Rate Cumulative Redeemable Preferred Stock,$23.95,-0.25,-1.033%,55795,,United States,,,
RITM^F,Rithm Capital Corp. 8.750% Series F Fixed-Rate Reset Cumulative Redeemable Preferred Stock,$24.5099,-0.2001,-0.81%,29583,,United States,,,
RIV,RiverNorth Opportunities Fund Inc. Common Stock,$10.56,-0.05,-0.471%,163281,0.00,United States,2015,Finance Companies,Finance
RIV^A,RiverNorth Opportunities Fund Inc. 6.00% Series A Perpetual Preferred Stock,$20.90,0.00,0.00%,7730,,United States,,,
RIVN,Rivian Automotive Inc. Class A Common Stock,$15.02,-0.12,-0.793%,17152754,21746866663.00,United States,2021,Auto Manufacturing,Industrials
RJET,Republic Airways Holdings Inc. Common Stock,$18.72,-0.56,-2.905%,80982,876461040.00,United States,2018,Air Freight/Delivery Services,Consumer Discretionary
RJF,Raymond James Financial Inc. Common Stock,$158.23,-1.16,-0.728%,1592173,30437393532.00,United States,,Investment Bankers/Brokers/Service,Finance
RKDA,Arcadia Biosciences Inc. Common Stock,$0.426,-0.022,-4.911%,25504284,1026324.00,United States,2015,Oil & Gas Production,Energy
RKLB,Rocket Lab Corporation Common Stock,$70.31,-1.67,-2.32%,19258731,44137787249.00,United States,2020,Military/Government/Technical,Industrials
RKT,Rocket Companies Inc. Class A Common Stock,$12.15,-0.59,-4.631%,42259217,34404455415.00,United States,2020,Finance: Consumer Services,Finance
RKTO,Rocket One Inc. Common Stock,$0.7521,-0.0293,-3.75%,284522,18725471.00,United States,2019,Biotechnology: Pharmaceutical Preparations,Health Care
RL,Ralph Lauren Corporation Common Stock,$337.47,-8.59,-2.482%,697451,20107218195.00,United States,1997,Garments and Clothing,Industrials
RLAY,Relay Therapeutics Inc. Common Stock,$18.03,-1.32,-6.822%,4708165,3951123607.00,United States,2020,Biotechnology: Biological Products (No Diagnostic Substances),Health Care
RLGT,Radiant Logistics Inc. Common Stock,$8.67,-0.03,-0.345%,255187,406573321.00,United States,,Integrated Freight & Logistics,Industrials
RLI,RLI Corp. Common Stock (DE),$56.85,-1.28,-2.202%,640808,5217293345.00,United States,,Property-Casualty Insurers,Finance
RLJ,RLJ Lodging Trust Common Shares of Beneficial Interest $0.01 par value,$10.91,-0.12,-1.088%,1445433,1662420764.00,United States,2011,Real Estate Investment Trusts,Real Estate
RLJ^A,RLJ Lodging Trust $1.95 Series A Cumulative Convertible  Preferred Shares,$24.85,-0.17,-0.679%,14336,,United States,,,
RLMD,Relmada Therapeutics Inc. Common Stock,$3.78,-0.46,-10.849%,1130093,403212018.00,United States,,Biotechnology: Pharmaceutical Preparations,Health Care
RLTY,Cohen & Steers Real Estate Opportunities and Income Fund Common Shares of Beneficial Interest,$14.41,-0.27,-1.839%,33347,0.00,,2022,Investment Managers,Finance
RLX,RLX Technology Inc. American Depositary Shares each representing the right to receive one (1) Class A ordinary share,$1.72,-0.03,-1.714%,2318295,2102277850.00,Cayman Islands,2021, Medicinal Chemicals and Botanical Products ,Health Care
RLYB,Rallybio Corporation Common Stock,$16.86,-0.06,-0.355%,5346,89535013.00,United States,2021,Biotechnology: Pharmaceutical Preparations,Health Care
RM,Regional Management Corp. Common Stock,$30.72,-0.56,-1.79%,63894,283416392.00,United States,2012,Finance: Consumer Services,Finance
RMBI,Richmond Mutual Bancorporation Inc. Common Stock,$15.04,-0.65,-4.143%,133694,252056052.00,United States,2019,Major Banks,Finance
RMBS,Rambus Inc. Common Stock,$103.47,-1.77,-1.682%,3070701,11222522062.00,United States,1997,Semiconductors,Technology
RMCF,Rocky Mountain Chocolate Factory Inc. Common Stock,$0.85,0.00,0.00%,21992,8023649.00,United States,,Specialty Foods,Consumer Staples
RMCO,Royalty Management Holding Corporation Class A Common Stock,$2.62,0.00,0.00%,11072,39752495.00,United States,2023,Multi-Sector Companies,Miscellaneous
RMCOW,Royalty Management Holding Corporation Warrant,$0.156,-0.0103,-6.194%,10556,2366942.00,United States,2023,Multi-Sector Companies,Miscellaneous
RMD,ResMed Inc. Common Stock,$222.30,0.33,0.149%,1440116,32067287624.00,United States,,Medical/Dental Instruments,Health Care
RMI,RiverNorth Opportunistic Municipal Income Fund Inc. Common Stock,$14.01,-0.53,-3.645%,11332,89289485.00,,2018,Finance/Investors Services,Finance
RMIX,Suncrete Inc. Class A Common Stock,$12.73,-0.69,-5.142%,255259,935474667.00,United States,,Building Materials,Industrials
RML,Resolution Minerals Ltd American Depositary Shares,$6.24,0.00,0.00%,32245,69877105.00,Australia,,,
RMM,RiverNorth Managed Duration Municipal Income Fund Inc. Common Stock,$13.07,-0.19,-1.433%,76060,257996938.00,,2019,Trusts Except Educational Religious and Charitable,Finance
RMMZ,RiverNorth Managed Duration Municipal Income Fund II Inc. Common Stock,$13.57,-0.11,-0.804%,59408,267866752.00,,2022,Investment Managers,Finance
RMNI,Rimini Street Inc. (DE) Common Stock,$4.30,-0.08,-1.826%,221824,401430800.00,United States,2015,Business Services,Consumer Discretionary
RMR,The RMR Group Inc. Class A Common Stock,$18.82,-0.50,-2.588%,93429,603749853.00,United States,,Professional Services,Consumer Discretionary
RMSG,Real Messenger Corporation Ordinary Shares,$0.317,0.0296,10.299%,6912174,5125468.00,United States,,Computer Software: Programming Data Processing,Technology
RMSGW,Real Messenger Corporation Warrants,$0.0322,0.00,0.00%,50,520631.00,United States,,Computer Software: Programming Data Processing,Technology
RMT,Royce Micro-Cap Trust Inc. Common Stock,$13.52,-0.10,-0.734%,86050,625558327.00,United States,,Investment Managers,Finance
RMTI,Rockwell Medical Inc. Common Stock,$8.57,-0.285,-3.219%,9548,34541085.00,United States,1998,Biotechnology: Pharmaceutical Preparations,Health Care
RNA,Atrium Therapeutics Inc. Common Stock,$8.33,-0.89,-9.653%,434545,142490006.00,United States,,Biotechnology: Pharmaceutical Preparations,Health Care
RNAC,Cartesian Therapeutics Inc. Common Stock,$7.87,-0.21,-2.599%,117056,238109620.00,United States,2016,Biotechnology: Pharmaceutical Preparations,Health Care
RNAQ,Rainier Acquisition Corporation Class A Ordinary Shares,$10.07,-0.01,-0.099%,10108,0.00,United States,2026,Blank Checks,Finance
RNAQU,Rainier Acquisition Corporation Units,$10.20,0.00,0.00%,39,0.00,United States,2026,Blank Checks,Finance
RNAZ,TransCode Therapeutics Inc. Common Stock,$1.68,-0.09,-5.085%,425731,28443642.00,United States,2021,Biotechnology: Pharmaceutical Preparations,Health Care
RNG,RingCentral Inc. Class A Common Stock,$79.23,-0.50,-0.627%,2263951,6616193215.00,United States,2013,EDP Services,Technology
RNGR,Ranger Energy Services Inc. Class A Common Stock,$15.65,0.12,0.773%,169135,366241660.00,United States,2017,Oilfield Services/Equipment,Energy
RNGT,Range Capital Acquisition Corp II Class A Ordinary Shares,$10.17,0.00,0.00%,25930,0.00,United States,2025,Blank Checks,Finance
RNGTU,Range Capital Acquisition Corp II Units,$10.46,0.00,0.00%,280,0.00,United States,2025,Blank Checks,Finance
RNGTW,Range Capital Acquisition Corp II Warrants,$0.31,0.01,3.333%,78599,0.00,United States,2025,Blank Checks,Finance
RNP,Cohen & Steers REIT and Preferred and Income Fund Inc. Common Shares,$19.06,-0.37,-1.904%,95990,936582250.00,United States,2003,Investment Managers,Finance
RNR,RenaissanceRe Holdings Ltd. Common Stock,$328.80,2.90,0.89%,323216,13662262418.00,Bermuda,,Property-Casualty Insurers,Finance
RNR^F,RenaissanceRe Holdings Ltd. Depositary Shares each Representing a 1/1000th Interest in a 5.750% Series F Preference Share,$19.77,-0.08,-0.403%,28448,,Bermuda,,,
RNR^G,RenaissanceRe Holdings Ltd. Depositary Shares each representing a 1/1000th interest in a share of 4.20% Series G Preference Shares,$14.27,0.01,0.07%,74667,,Bermuda,,,
RNST,Renasant Corporation Common Stock,$39.70,-0.06,-0.151%,836164,3628757261.00,United States,2023,Major Banks,Finance
RNTX,Rein Therapeutics Inc. Common Stock,$0.7703,-0.0244,-3.07%,441406,66451495.00,United States,2017,Biotechnology: Pharmaceutical Preparations,Health Care
RNW,ReNew Energy Global plc Class A Ordinary Shares,$6.84,0.00,0.00%,933582,2492514386.00,United Kingdom,,Electric Utilities: Central,Utilities
RNXT,RenovoRx Inc. Common Stock,$1.63,-0.07,-4.118%,765016,73561098.00,United States,2021,Biotechnology: Pharmaceutical Preparations,Health Care
ROAD,Construction Partners Inc. Class A Common Stock,$93.44,-3.27,-3.381%,559351,5361078419.00,United States,2018,Military/Government/Technical,Industrials
ROC,Rank One Computing Corporation Common stock,$4.18,-0.07,-1.647%,14872,79754931.00,United States,2026,Computer Software: Prepackaged Software,Technology
ROCK,Gibraltar Industries Inc. Common Stock,$40.24,-2.36,-5.54%,445946,1194479693.00,United States,1993,Steel/Iron Ore,Industrials
ROG,Rogers Corporation Common Stock,$139.44,1.48,1.073%,313987,2491560632.00,United States,1960,Major Chemicals,Industrials
ROIV,Roivant Sciences Ltd. Common Shares,$36.82,-1.40,-3.663%,9272054,26595933412.00,United Kingdom,,Biotechnology: Pharmaceutical Preparations,Health Care
ROK,Rockwell Automation Inc. Common Stock,$432.89,5.70,1.334%,603048,48169381514.00,United States,,Industrial Machinery/Components,Industrials
ROKU,Roku Inc. Class A Common Stock,$153.49,-0.76,-0.493%,1388509,22780827552.00,United States,2017,Cable & Other Pay Television Services,Telecommunications
ROL,Rollins Inc. Common Stock,$32.49,-0.37,-1.126%,9239070,15632414176.00,United States,,Diversified Commercial Services,Consumer Discretionary
ROLR,High Roller Technologies Inc. Common Stock,$6.01,-0.17,-2.751%,23950,66286171.00,,2024,Services-Misc. Amusement & Recreation,Consumer Discretionary
ROMA,Roma Green Finance Limited Class A Ordinary Shares,$8.92,-0.08,-0.889%,1518,531315973.00,Hong Kong,2024,Professional Services,Consumer Discretionary
ROOT,Root Inc. Class A Common Stock,$46.76,-1.79,-3.687%,263328,724464464.00,United States,2020,Property-Casualty Insurers,Finance
ROP,Roper Technologies Inc. Common Stock,$366.36,2.51,0.69%,730542,36233324199.00,United States,1992,Industrial Machinery/Components,Industrials
ROST,Ross Stores Inc. Common Stock,$233.98,1.47,0.632%,1564726,74745638678.00,United States,1985,Clothing/Shoe/Accessory Stores,Consumer Discretionary
RPAY,Repay Holdings Corporation Class A Common Stock,$3.80,-0.09,-2.314%,392894,341470459.00,United States,2018,Business Services,Consumer Discretionary
RPC,Ridgepost Capital Inc. Class A Common Stock,$7.72,-0.20,-2.525%,475788,851040757.00,United States,2021,Investment Managers,Finance
RPD,Rapid7 Inc. Common Stock,$13.09,0.24,1.868%,1356223,882274378.00,United States,2015,Computer Software: Prepackaged Software,Technology
RPGL,Republic Power Group Limited Class A Ordinary Shares,$1.0037,-0.4213,-29.565%,578552,16207636.00,Singapore,2025,Computer Software: Prepackaged Software,Technology
RPID,Rapid Micro Biosystems Inc. Class A Common Stock,$1.11,-0.03,-2.632%,173823,55677107.00,United States,2021,Biotechnology: Laboratory Analytical Instruments,Industrials
RPM,RPM International Inc. Common Stock,$100.06,-0.97,-0.96%,913438,12781805685.00,United States,,Paints/Coatings,Consumer Discretionary
RPRX,Royalty Pharma plc Class A Ordinary Shares ,$57.65,-0.87,-1.487%,2804462,33148819411.00,United States,2020,Biotechnology: Pharmaceutical Preparations,Health Care
RPT,Rithm Property Trust Inc. Common stock,$11.13,-0.17,-1.504%,11884,86508637.00,United States,2015,Real Estate Investment Trusts,Real Estate
RPT^C,Rithm Property Trust Inc. 9.875% Series C Fixed-to-Floating Rate Cumulative Redeemable Preferred Stock,$25.04,-0.0901,-0.359%,9245,,United States,,,
RQI,Cohen & Steers Quality Income Realty Fund Inc Common Shares,$11.35,-0.19,-1.646%,515259,1524309631.00,United States,2002,Trusts Except Educational Religious and Charitable,Finance
RR,Richtech Robotics Inc. Class B Common Stock,$1.65,-0.08,-4.624%,3397289,371418206.00,United States,2023,Industrial Machinery/Components,Industrials
RRBI,Red River Bancshares Inc. Common Stock,$100.555,-0.655,-0.647%,69430,662064779.00,United States,2019,Major Banks,Finance
RRC,Range Resources Corporation Common Stock,$38.77,0.45,1.174%,2314537,9059754797.00,United States,,Oil & Gas Production,Energy
RREV,RRE Ventures Acquisition Corp. Class A Ordinary Shares,$9.91,0.00,0.00%,50944,0.00,United States,2026,Blank Checks,Finance
RREVU,RRE Ventures Acquisition Corp. Units,$10.065,-0.035,-0.347%,3954,0.00,United States,2026,Blank Checks,Finance
RREVW,RRE Ventures Acquisition Corp. Warrants,$0.4001,-0.0499,-11.089%,350,0.00,United States,2026,Blank Checks,Finance
RRGB,Red Robin Gourmet Burgers Inc. Common Stock,$7.73,0.26,3.481%,273219,146126003.00,United States,2002,Restaurants,Consumer Discretionary
RRR,Red Rock Resorts Inc. Class A Common Stock,$50.90,2.14,4.389%,2183665,5345324020.00,United States,2016,Hotels/Resorts,Consumer Discretionary
RRX,Regal Rexnord Corporation Common Stock,$152.42,-0.23,-0.151%,1075488,10149932368.00,United States,1976,Industrial Machinery/Components,Industrials
RS,Reliance Inc. Common Stock,$384.63,-2.32,-0.60%,260110,19637113490.00,United States,1994,Metal Fabrications,Industrials
RSF,RiverNorth Capital and Income Fund Common Stock,$14.305,0.05,0.351%,16811,47801259.00,,2019,Investment Managers,Finance
RSG,Republic Services Inc. Common Stock,$213.10,-0.78,-0.365%,1208294,65253985612.00,United States,1998,Environmental Services,Utilities
RSI,Rush Street Interactive Inc. Class A Common Stock,$20.56,-0.66,-3.11%,8822109,4765260240.00,United States,2020,Services-Misc. Amusement & Recreation,Consumer Discretionary
RSKD,Riskified Ltd. Class A Ordinary Shares,$7.14,0.13,1.854%,6032449,970798725.00,,2021,Business Services,Consumer Discretionary
RSSS,Research Solutions Inc Common Stock,$2.12,0.02,0.952%,13225,71576858.00,United States,,EDP Services,Technology
RSVR,Reservoir Media Inc. Common Stock,$9.56,-0.01,-0.104%,26243,630297903.00,United States,2021,Services-Misc. Amusement & Recreation,Consumer Discretionary
RTAC,Renatus Tactical Acquisition Corp I Class A Ordinary Shares,$10.43,-0.03,-0.287%,19289,0.00,United States,2025,Blank Checks,Finance
RTACU,Renatus Tactical Acquisition Corp I Unit,$10.75,0.00,0.00%,48,0.00,United States,2025,Blank Checks,Finance
RTACW,Renatus Tactical Acquisition Corp I Warrant,$0.58,0.00,0.00%,18154,0.00,United States,2025,Blank Checks,Finance
RTB,RTB Digital Inc. Common Stock,$9.84,0.29,3.037%,166133,147193352.00,United States,,Professional Services,Consumer Discretionary
RTO,Rentokil Initial plc American Depositary Shares (each representing five (5) Ordinary Shares),$21.41,0.04,0.187%,2649447,10799204000.00,United States,2022,Other Consumer Services,Consumer Discretionary
RTX,RTX Corporation Common Stock,$192.19,1.20,0.628%,4222448,259025637695.00,United States,,Aerospace,Industrials
RUBI,Rubico Inc. Common Stock,$1.15,0.01,0.877%,278458,2548113.00,Greece,,Marine Transportation,Consumer Discretionary
RUM,RUM Group Inc. Class A Common Stock,$8.27,-0.69,-7.701%,4821478,4100350304.00,United States,2021,Computer Software: Programming Data Processing,Technology
RUMBW,RUM Group Inc. Warrant,$2.00,-0.10,-4.762%,2007,991620388.00,United States,2021,Computer Software: Programming Data Processing,Technology
RUN,Sunrun Inc. Common Stock,$8.35,-0.44,-5.006%,8922641,2011072300.00,United States,2015,Industrial Machinery/Components,Miscellaneous
RUSHA,Rush Enterprises Inc. Common Stock Cl A,$48.04,-0.23,-0.476%,470798,5607726350.00,United States,,Retail-Auto Dealers and Gas Stations,Consumer Discretionary
RUSHB,Rush Enterprises Inc. Class B,$54.82,0.36,0.661%,63802,6399158171.00,United States,,Retail-Auto Dealers and Gas Stations,Consumer Discretionary
RVI,Robinhood Ventures Fund I Common Shares of Beneficial Interest,$28.18,-0.27,-0.949%,106797,0.00,,2026,,
RVII,Robinhood Ventures Fund II Common Shares of Beneficial Interest,$22.36,-0.38,-1.671%,149169,178880000.00,,2026,,
RVLV,Revolve Group Inc. Class A Common Stock,$20.72,-0.78,-3.628%,724089,1472889902.00,United States,2019,Catalog/Specialty Distribution,Consumer Discretionary
RVMD,Revolution Medicines Inc. Common Stock,$190.74,-2.12,-1.099%,2125136,40882528369.00,United States,2020,Biotechnology: Biological Products (No Diagnostic Substances),Health Care
RVMDW,Revolution Medicines Inc. Warrant,$9.82,-0.21,-2.094%,32240,2104783625.00,United States,,Biotechnology: Biological Products (No Diagnostic Substances),Health Care
RVP,Retractable Technologies Inc. Common Stock,$0.6947,-0.0003,-0.043%,21006,20797344.00,United States,2001,Medical/Dental Instruments,Health Care
RVSB,Riverview Bancorp Inc Common Stock,$5.91,-0.08,-1.336%,38272,119149223.00,United States,,Savings Institutions,Finance
RVSN,Rail Vision Ltd. Ordinary Share,$3.75,-0.01,-0.266%,8172,8220698.00,Israel,2022,Railroads,Industrials
RVSNW,Rail Vision Ltd. Warrant,$0.015,0.00,0.00%,956,32883.00,Israel,2022,Railroads,Industrials
RVT,Royce Small-Cap Trust Inc. Common Stock,$17.32,-0.30,-1.703%,162432,1869810304.00,United States,1986,Trusts Except Educational Religious and Charitable,Finance
RVTY,Revvity Inc. Common Stock,$142.11,-1.20,-0.837%,2244457,15857543446.00,United States,,Biotechnology: Laboratory Analytical Instruments,Industrials
RWAY,Runway Growth Finance Corp. Common Stock,$6.74,0.02,0.298%,383281,282472753.00,United States,2021,Finance: Consumer Services,Finance
RWAYI,Runway Growth Finance Corp. 7.25% Notes due 2031,$24.59,-0.11,-0.445%,6133,0.00,United States,,Finance: Consumer Services,Finance
RWAYL,Runway Growth Finance Corp. 7.50% Notes due 2027,$25.115,-0.005,-0.02%,449,909580713.00,United States,,Finance: Consumer Services,Finance
RWT,Redwood Trust Inc. Common Stock,$3.72,-0.39,-9.489%,4756864,467278247.00,United States,1995,Real Estate Investment Trusts,Real Estate
RWT^A,Redwood Trust Inc. 10.00% Series A Fixed-Rate Reset Cumulative Redeemable Preferred Stock,$22.60,0.00,0.00%,26844,,United States,,,
RWTN,Redwood Trust Inc. 9.125% Senior Notes Due 2029,$24.105,-0.045,-0.186%,2877,3114931600.00,United States,2024,Real Estate Investment Trusts,Real Estate
RWTO,Redwood Trust Inc. 9.00% Senior Notes Due 2029,$23.59,-0.01,-0.042%,2682,3048381516.00,United States,2024,Real Estate Investment Trusts,Real Estate
RWTP,Redwood Trust Inc. 9.125% Senior Notes Due 2030,$22.775,-0.325,-1.407%,3497,0.00,United States,2025,Real Estate Investment Trusts,Real Estate
RWTQ,Redwood Trust Inc. 9.500% Senior Notes Due 2030,$21.45,-0.13,-0.602%,17399,0.00,United States,2025,Real Estate Investment Trusts,Real Estate
RWTS,Redwood Trust Inc. 9.75% Senior Notes Due 2031,$21.37,-0.447,-2.049%,24914,0.00,United States,2026,Real Estate Investment Trusts,Real Estate
RXO,RXO Inc. Common Stock,$19.88,0.09,0.455%,2064132,3278731425.00,United States,2022,Transportation Services,Consumer Discretionary
RXRX,Recursion Pharmaceuticals Inc. Class A Common Stock,$3.70,-0.35,-8.642%,23670815,1980766029.00,United States,2021,Biotechnology: Biological Products (No Diagnostic Substances),Health Care
RXST,RxSight Inc. Common Stock,$4.85,-0.08,-1.623%,593525,201727292.00,United States,2021,Ophthalmic Goods,Health Care
RXT,Rackspace Technology Inc. Common Stock,$4.05,-0.08,-1.937%,4444034,1032235043.00,United States,2020,Computer Software: Programming Data Processing,Technology
RY,Royal Bank Of Canada Common Stock,$199.45,-4.38,-2.149%,1295782,276124523411.00,Canada,,Commercial Banks,Finance
RYAAY,Ryanair Holdings plc American Depositary Shares,$54.69,-1.16,-2.077%,1656400,28779725920.00,Ireland,1997,Air Freight/Delivery Services,Consumer Discretionary
RYAM,Rayonier Advanced Materials Inc. Common Stock,$9.14,-0.02,-0.218%,835643,618268061.00,United States,2014,Paper,Basic Materials
RYAN,Ryan Specialty Holdings Inc. Class A Common Stock,$36.17,-2.27,-5.905%,2618127,9252820773.00,United States,2021,Specialty Insurers,Finance
RYDE,Ryde Group Ltd. Class A Ordinary Shares,$0.77,0.0749,10.775%,1940896,138774256.00,,2024,Business Services,Consumer Discretionary
RYET,Ruanyun Edai Technology Inc. Ordinary shares,$0.8673,0.0453,5.511%,12124,32332947.00,China,2025,Computer Software: Prepackaged Software,Technology
RYM,RYTHM Inc. Common Stock,$23.01,-0.46,-1.96%,5003,50622000.00,United States,2021,Farming/Seeds/Milling,Consumer Staples
RYN,Rayonier Inc. REIT Common Stock,$19.86,-0.38,-1.877%,2864434,5909686399.00,United States,,Real Estate Investment Trusts,Real Estate
RYOJ,rYojbaba Co. Ltd. Common Shares,$3.71,0.04,1.09%,17275,42850500.00,Japan,2025,Professional Services,Consumer Discretionary
RYTM,Rhythm Pharmaceuticals Inc. Common Stock,$98.24,-1.03,-1.038%,696464,6764028536.00,United States,2017,Biotechnology: Pharmaceutical Preparations,Health Care
RYZ,Ryerson Holding Corporation Common Stock,$23.79,-0.38,-1.572%,552427,1234668955.00,United States,2014,Metal Fabrications,Industrials
RZC,Reinsurance Group of America Incorporated 7.125% Fixed-Rate Reset Subordinated Debentures due 2052,$25.45,-0.08,-0.313%,33504,1661927374.00,United States,2022,Life Insurance,Finance
RZLT,Rezolute Inc. Common Stock (NV),$4.00,-0.04,-0.99%,1683290,385169324.00,United States,,Biotechnology: Pharmaceutical Preparations,Health Care
RZLV,Rezolve AI PLC Ordinary Shares,$2.28,-0.06,-2.564%,10337229,912893226.00,United Kingdom,,Computer Software: Programming Data Processing,Technology
RZLVW,Rezolve AI PLC Warrants,$0.5291,-0.0134,-2.47%,6021,211847283.00,United Kingdom,,Computer Software: Programming Data Processing,Technology
S,SentinelOne Inc. Class A Common Stock,$24.10,0.25,1.048%,7333354,8387983720.00,United States,2021,Computer Software: Prepackaged Software,Technology
SA,Seabridge Gold Inc. Common Shares New,$31.20,-1.36,-4.177%,418524,3365581939.00,Canada,2026,Precious Metals,Basic Materials
SAAQ,Space Asset Acquisition Corp. Class A Ordinary Shares,$10.07,0.01,0.099%,354543,0.00,United States,2026,Blank Checks,Finance
SAAQU,Space Asset Acquisition Corp. Units,$10.24,0.04,0.392%,1950,0.00,United States,2026,Blank Checks,Finance
SAAQW,Space Asset Acquisition Corp. Warrants,$0.5963,0.0463,8.418%,100,0.00,United States,2026,Blank Checks,Finance
SABA,Saba Capital Income & Opportunities Fund II Shares of Beneficial Interest,$7.97,-0.07,-0.871%,155086,0.00,United States,,,
SABR,Sabre Corporation Common Stock,$2.19,-0.08,-3.524%,6133896,883847239.00,United States,2014,Computer Software: Programming Data Processing,Technology
SABS,SAB Biotherapeutics Inc. Common Stock,$3.39,-0.11,-3.143%,406678,308443788.00,United States,2021,Biotechnology: Biological Products (No Diagnostic Substances),Health Care
SABSW,SAB Biotherapeutics Inc. Warrant,$0.014,-0.001,-6.667%,104,1273809.00,United States,2021,Biotechnology: Biological Products (No Diagnostic Substances),Health Care
SAC,Safeguard Acquisition Corp. Class A Ordinary Shares,$10.09,0.00,0.00%,61,0.00,,2026,Blank Checks,Finance
SACH,Sachem Capital Corp. Common Shares,$0.9136,-0.0293,-3.107%,114761,43811352.00,United States,2017,Real Estate Investment Trusts,Real Estate
SACH^A,Sachem Capital Corp. 7.75% Series A Cumulative Redeemable Preferred Stock,$20.94,-0.21,-0.993%,6052,,United States,,,
SAFE,Safehold Inc. New Common Stock ,$12.91,-0.54,-4.015%,443428,914238175.00,United States,2023,Real Estate Investment Trusts,Real Estate
SAFT,Safety Insurance Group Inc. Common Stock,$103.51,-0.09,-0.087%,124643,1519576692.00,United States,2002,Property-Casualty Insurers,Finance
SAFX,XCF Global Inc. Class A Common Stock,$0.4253,-0.0333,-7.261%,3307252,176625770.00,United States,,Major Chemicals,Industrials
SAGT,SAGTEC GLOBAL LIMITED Class A Ordinary shares,$0.611,-0.0276,-4.322%,84898,12158900.00,Malaysia,2025,Computer Software: Prepackaged Software,Technology
SAGU,Shreya Acquisition Group Class A Ordinary Shares,$10.02,0.00,0.00%,7,0.00,,2026,Blank Checks,Finance
SAH,Sonic Automotive Inc. Common Stock,$62.37,-2.97,-4.545%,282380,1971815201.00,United States,1997,Retail-Auto Dealers and Gas Stations,Consumer Discretionary
SAIA,Saia Inc. Common Stock,$343.85,-4.53,-1.30%,373237,9172078403.00,United States,,Trucking Freight/Courier Services,Industrials
SAIC,Science Applications International Corporation Common Stock,$132.96,3.27,2.521%,425637,5570709550.00,United States,,EDP Services,Technology
SAIH,SAIHEAT Limited Class A Ordinary Shares,$29.74,2.74,10.148%,8847,53840106.00,Singapore,2021,EDP Services,Technology
SAIHW,SAIHEAT Limited Warrant,$0.0297,-0.0001,-0.336%,100,53768.00,Singapore,2021,EDP Services,Technology
SAIL,SailPoint Inc. Common Stock,$21.41,0.04,0.187%,6750772,12223218063.00,United States,2025,Computer Software: Prepackaged Software,Technology
SAJ,Saratoga Investment Corp 8.00% Notes due 2027,$25.19,0.0316,0.126%,1231,394680220.00,United States,2022,Investment Managers,Finance
SAM,Boston Beer Company Inc. (The) Common Stock,$167.69,-0.56,-0.333%,175859,1725811987.00,United States,,Beverages (Production/Distribution),Consumer Staples
SAMG,Silvercrest Asset Management Group Inc. Class A Common Stock,$9.80,0.48,5.15%,162747,116108117.00,United States,2013,Investment Managers,Finance
SAMO,Samos Energy Acquisition Corporation Class A Ordinary Shares,$9.81,0.01,0.102%,2527,0.00,,2026,,
SAN,Banco Santander S.A. Sponsored ADR (Spain),$14.20,-0.29,-2.001%,7438253,205540859777.00,Spain,,Commercial Banks,Finance
SANA,Sana Biotechnology Inc. Common Stock,$3.08,-0.25,-7.508%,3840309,922030762.00,United States,2021,Biotechnology: Biological Products (No Diagnostic Substances),Health Care
SANG,Sangoma Technologies Corporation Common Shares,$3.525,0.0026,0.074%,838,117307735.00,Canada,,Computer Software: Programming Data Processing,Technology
SANM,Sanmina Corporation Common Stock,$221.89,6.12,2.836%,884971,11892717323.00,United States,1993,Electrical Products,Technology
SAP,SAP  SE ADS,$210.62,-0.06,-0.028%,1553047,258747561344.00,Germany,,Computer Software: Prepackaged Software,Technology
SAR,Saratoga Investment Corp New,$17.46,-0.29,-1.634%,141017,280772793.00,United States,,Investment Managers,Finance
SARO,StandardAero Inc. Common Stock,$22.58,-0.20,-0.878%,3158225,7472160752.00,United States,2024,Aerospace,Industrials
SATA,Strive Inc. Variable Rate Series A Perpetual Preferred Stock,$100.01,0.0516,0.052%,548234,9701234926.00,United States,,Finance: Consumer Services,Finance
SATL,Satellogic Inc. Class A Common Stock,$5.51,-0.23,-4.007%,3667952,847106910.00,Uruguay,,Radio And Television Broadcasting And Communications Equipment,Technology
SATLW,Satellogic Inc. Warrant,$0.465,-0.135,-22.50%,25095,71489059.00,Uruguay,,Radio And Television Broadcasting And Communications Equipment,Technology
SAV,Saratoga Investment Corp 7.50% Notes due 2031,$24.77,-0.0799,-0.322%,8824,0.00,United States,2026,Investment Managers,Finance
SAX,Saratoga Investment Corp 8.00% Notes due 2031,$24.93,-0.23,-0.914%,200331,0.00,United States,2026,Investment Managers,Finance
SAY,Saratoga Investment Corp 8.125% Notes due 2027,$25.15,0.00,0.00%,659,394053495.00,United States,2022,Investment Managers,Finance
SAZ,Saratoga Investment Corp 8.50% Notes due 2028,$25.27,0.12,0.477%,2719,395933670.00,United States,2023,Investment Managers,Finance
SB,Safe Bulkers Inc Common Stock ($0.001 par value),$8.37,-0.11,-1.297%,2379592,956228825.00,Monaco,2008,Marine Transportation,Consumer Discretionary
SB^C,Safe Bulkers Inc Cumulative Redeemable Perpetual Preferred Series C (Marshall Islands),$26.0257,-0.0866,-0.332%,585,,Monaco,,,
SB^D,Safe Bulkers Inc Perpetual Preferred Series D (Marshall Islands),$25.77,-0.05,-0.194%,666,,Monaco,,,
SBAC,SBA Communications Corporation Class A Common Stock,$170.53,-5.31,-3.02%,928046,18091205398.00,United States,1999,Real Estate Investment Trusts,Real Estate
SBC,SBC Medical Group Holdings Incorporated Common Stock,$4.85,-0.19,-3.77%,241388,498807674.00,United States,2022,Medical/Nursing Services,Health Care
SBCF,Seacoast Banking Corporation of Florida Common Stock,$32.42,-0.41,-1.249%,694830,3138995144.00,United States,,Major Banks,Finance
SBCWW,SBC Medical Group Holdings Incorporated Warrants,$0.35,0.00,0.00%,202,35996430.00,United States,2022,Medical/Nursing Services,Health Care
SBET,Sharplink Inc. Common Stock,$9.81,-0.42,-4.106%,9393645,2130963555.00,United States,,Computer Software: Prepackaged Software,Technology
SBFG,SB Financial Group Inc. Common Stock,$30.12,0.05,0.166%,10694,188340119.00,United States,,Major Banks,Finance
SBFM,Sunshine Biopharma Inc. Common Stock,$0.8758,-0.0305,-3.365%,94694,3774962.00,Canada,,Biotechnology: Pharmaceutical Preparations,Health Care
SBGI,Sinclair Inc. Class A Common Stock,$12.87,-0.30,-2.278%,426604,930733432.00,United States,1995,Broadcasting,Industrials
SBH,Sally Beauty Holdings Inc. (Name to be changed from Sally Holdings Inc.) Common Stock,$16.75,-0.21,-1.238%,1303104,1568173391.00,United States,,Other Specialty Stores,Consumer Discretionary
SBI,Western Asset Intermediate Muni Fund Inc Common Stock,$7.11,-0.14,-1.931%,74165,0.00,United States,1992,Finance/Investors Services,Finance
SBLK,Star Bulk Carriers Corp. Common Shares,$30.40,-0.54,-1.745%,1690290,3390516560.00,Greece,,Marine Transportation,Consumer Discretionary
SBMT,Silver Bow Mining Corp. Common Shares,$8.24,-0.29,-3.40%,216932,243314840.00,,2026,Precious Metals,Basic Materials
SBR,Sabine Royalty Trust Common Stock,$72.33,-0.04,-0.055%,30612,1054524024.00,United States,,Oil & Gas Production,Energy
SBRA,Sabra Health Care REIT Inc. Common Stock,$19.69,-0.12,-0.606%,3033223,5030061666.00,United States,,Real Estate Investment Trusts,Real Estate
SBS,Companhia de saneamento Basico Do Estado De Sao Paulo - Sabesp American Depositary Shares (Each repstg 250 Common Shares),$5.17,-0.22,-4.082%,8432059,18221840909.00,Brazil,2002,Water Supply,Utilities
SBSI,Southside Bancshares Inc. Common Stock,$30.71,-0.46,-1.476%,162529,915403066.00,United States,,Major Banks,Finance
SBSW,D/B/A Sibanye-Stillwater Limited ADS,$10.55,-0.86,-7.537%,7657801,7465621159.00,South Africa,,Precious Metals,Basic Materials
SBUX,Starbucks Corporation Common Stock,$94.14,-0.97,-1.02%,8256599,107319600000.00,United States,1992,Restaurants,Consumer Discretionary
SBXD,SilverBox Corp IV Class A Ordinary Shares,$11.29,0.40,3.673%,18771,0.00,,2024,,
SBXE,SilverBox Corp V Class A Ordinary Shares,$10.10,0.00,0.00%,150133,0.00,,2026,,
SCAG,Scage Future American Depositary Shares,$0.2436,-0.0034,-1.377%,185117,17687714.00,China,,Construction/Ag Equipment/Trucks,Consumer Discretionary
SCAGW,Scage Future Warrants,$0.0075,0.0002,2.74%,4489,544572.00,China,,Construction/Ag Equipment/Trucks,Consumer Discretionary
SCATU,Southern Cross Acquisition II Corp. Units,$10.03,0.00,0.00%,37,0.00,United States,2026,Blank Checks,Finance
SCCD,Sachem Capital Corp. 6.00% Notes due 2026,$24.76,0.04,0.162%,1352,1172195051.00,United States,,Real Estate Investment Trusts,Real Estate
SCCE,Sachem Capital Corp. 6.00% Notes due 2027,$24.70,0.0499,0.202%,6084,1169354514.00,United States,2022,Real Estate Investment Trusts,Real Estate
SCCF,Sachem Capital Corp. 7.125% Notes due 2027,$24.66,0.035,0.142%,5708,1167460822.00,United States,2022,Real Estate Investment Trusts,Real Estate
SCCG,Sachem Capital Corp. 8.00% Notes due 2027,$24.725,-0.125,-0.503%,439,1170538071.00,United States,2022,Real Estate Investment Trusts,Real Estate
SCCO,Southern Copper Corporation Common Stock,$201.94,-4.20,-2.037%,998222,168484944710.00,United States,,Metal Mining,Basic Materials
SCD,LMP Capital and Income Fund Inc. Common Stock,$14.89,-0.31,-2.039%,73324,0.00,United States,2004,Trusts Except Educational Religious and Charitable,Finance
SCE^G,SCE Trust II Trust Preferred Securities,$16.75,0.06,0.359%,8835,,United States,,,
SCE^L,SCE TRUST VI,$16.62,0.06,0.362%,21300,,United States,,,
SCE^M,SCE Trust VII 7.50% Trust Preference Securities,$23.43,-0.16,-0.678%,59637,,United States,,,
SCE^N,SCE Trust VIII 6.95% Trust Preference Securities,$21.89,-0.19,-0.861%,20146,,United States,,,
SCHL,Scholastic Corporation Common Stock,$35.36,0.12,0.341%,373571,670594055.00,United States,1992,Books,Consumer Discretionary
SCHW,Charles Schwab Corporation (The) Common Stock,$99.50,-0.85,-0.847%,10897228,172068903543.00,United States,,Investment Bankers/Brokers/Service,Finance
SCHW^D,The Charles Schwab Corporation Depositary Shares each representing 1/40th interest in a share of 5.95% Non-Cumulative Perpetual Preferred Stock Series D,$21.66,-0.17,-0.779%,139030,,United States,,,
SCHW^J,The Charles Schwab Corporation Depositary Shares Each Representing a 1/40th Interest in a Share of 4.450% Non-Cumulative Perpetual Preferred Stock Series J,$16.14,-0.23,-1.405%,102653,,United States,,,
SCI,Service Corporation International Common Stock,$77.85,-0.26,-0.333%,610435,10635826051.00,United States,,Other Consumer Services,Consumer Discretionary
SCII,SC II Acquisition Corp. Class A ordinary share,$10.15,0.00,0.00%,200006,0.00,United States,2026,,
SCKT,Socket Mobile Inc. Common Stock,$0.5135,-0.0228,-4.251%,42423,4257778.00,United States,,Computer Manufacturing,Technology
SCL,Stepan Company Common Stock,$64.87,0.49,0.761%,115479,1474659870.00,United States,,Package Goods/Cosmetics,Consumer Discretionary
SCLX,Scilex Holding Company Common Stock,$5.10,-0.25,-4.673%,8718,43314300.00,United States,2021,Biotechnology: Biological Products (No Diagnostic Substances),Health Care
SCM,Stellus Capital Investment Corporation Common Stock,$7.81,-0.09,-1.139%,88839,222428308.00,United States,2012,Finance/Investors Services,Finance
SCNI,Scinai Immunotherapeutics Ltd. American Depositary Shares,$1.98,0.07,3.665%,517382,992665.00,Israel,2015,Biotechnology: Biological Products (No Diagnostic Substances),Health Care
SCNX,Scienture Holdings Inc. Common Stock,$0.2897,0.0046,1.613%,1105179,11896283.00,United States,,Biotechnology: Pharmaceutical Preparations,Health Care
SCOR,comScore Inc. Common Stock,$4.94,0.10,2.066%,27321,75010570.00,United States,2018,Business Services,Consumer Discretionary
SCPQ,Social Commerce Partners Corporation Class A Ordinary Shares,$10.05,0.00,0.00%,330426,0.00,United States,2026,,
SCPQU,Social Commerce Partners Corporation Unit,$10.28,0.00,0.00%,102,0.00,United States,2025,,
SCSC,ScanSource Inc. Common Stock,$58.485,0.735,1.273%,181133,1178052360.00,United States,,Retail: Computer Software & Peripheral Equipment,Technology
SCTX,Scribe Therapeutics Inc. Common Stock,$26.53,-1.54,-5.486%,532755,502257470.00,United States,2026,Biotechnology: Biological Products (No Diagnostic Substances),Health Care
SCWO,374Water Inc. Common Stock,$3.07,0.09,3.02%,32926,54394754.00,United States,,Metal Fabrications,Consumer Discretionary
SCYX,SCYNEXIS Inc. Common Stock,$4.635,-0.225,-4.63%,65740,46116438.00,United States,2014,Biotechnology: Pharmaceutical Preparations,Health Care
SCZM,Santacruz Silver Mining Ltd. Common Shares,$8.88,-0.67,-7.016%,576987,825753722.00,Canada,,Precious Metals,Basic Materials
SD,SandRidge Energy Inc. Common Stock,$14.03,-0.03,-0.213%,291183,520166403.00,United States,2016,Oil & Gas Production,Energy
SDA,SunCar Technology Group Inc. Class A Ordinary Shares,$0.4463,-0.0437,-8.918%,1255279,47150665.00,Hong Kong,2021,Automotive Aftermarket,Consumer Discretionary
SDAWW,SunCar Technology Group Inc. Warrant,$0.065,-0.009,-12.162%,1607,6867115.00,Hong Kong,2021,Automotive Aftermarket,Consumer Discretionary
SDEV,Stablecoin Development Corporation Common Stock,$1.12,-0.15,-11.811%,1194128,56689289.00,United States,,Biotechnology: Pharmaceutical Preparations,Health Care
SDGR,Schrodinger Inc. Common Stock,$29.23,-1.47,-4.788%,3066809,2186568506.00,United States,2020,Biotechnology: Pharmaceutical Preparations,Health Care
SDHC,Smith Douglas Homes Corp. Class A Common Stock,$10.32,-0.03,-0.29%,54663,524548892.00,United States,2024,Homebuilding,Consumer Discretionary
SDHI,Siddhi Acquisition Corp Class A Common stock,$10.53,-0.03,-0.284%,110536,0.00,United States,2025,Blank Checks,Finance
SDHIR,Siddhi Acquisition Corp Right,$0.1474,-0.0077,-4.965%,104401,0.00,United States,2025,,
SDHY,PGIM Short Duration High Yield Opportunities Fund Common Shares,$15.24,-0.21,-1.359%,67952,376017373.00,,2020,Finance/Investors Services,Finance
SDOT,Sadot Group Inc. Common Stock,$11.09,-0.69,-5.857%,57200,16134043.00,United States,2020,Restaurants,Consumer Discretionary
SDRL,Seadrill Limited Common Shares,$46.43,-0.42,-0.896%,296331,2903799198.00,Bermuda,2022,Oil & Gas Production,Energy
SDST,Stardust Power Inc. Common Stock,$0.1157,-0.0066,-5.397%,9551031,4694761.00,United States,2021,Major Chemicals,Industrials
SDSTW,Stardust Power Inc. Warrant,$0.0792,-0.0166,-17.328%,180,3213700.00,United States,2021,Major Chemicals,Industrials
SE,Sea Limited American Depositary Shares each representing one Class A Ordinary Share,$103.29,-0.38,-0.367%,2007790,63263526277.00,United States,2017,Other Consumer Services,Consumer Discretionary
SEAL^A,Seapeak LLC 9.00% Series A Cumulative Redeemable Perpetual Preferred Units,$25.81,-0.01,-0.039%,1350,,Bermuda,,,
SEAL^B,Seapeak LLC 8.50% Series B Fixed-to-Floating Rate Cumulative Redeemable Perpetual Preferred Units,$25.77,-0.06,-0.232%,13404,,Bermuda,,,
SEAT,Vivid Seats Inc. Class A Common Stock,$3.90,-0.02,-0.51%,79024,45677412.00,United States,,Services-Misc. Amusement & Recreation,Consumer Discretionary
SEATW,Vivid Seats Inc. Warrant,$0.022,0.00,0.00%,1,257667.00,United States,,Services-Misc. Amusement & Recreation,Consumer Discretionary
SEB,Seaboard Corporation Common Stock,$3974.05,-150.04,-3.638%,7802,3806321246.00,United States,1996,Farming/Seeds/Milling,Industrials
SECZ,Securitize Corp. Common Stock,$14.36,1.36,10.462%,9188096,2344495237.00,,2026,Finance: Consumer Services,Finance
SEDG,SolarEdge Technologies Inc. Common Stock,$33.35,-2.73,-7.567%,3295901,2051883696.00,Israel,2015,Semiconductors,Technology
SEED,Origin Agritech Limited Common Stock,$0.92,-0.011,-1.182%,18038,11172044.00,China,,Farming/Seeds/Milling,Consumer Staples
SEER,Seer Inc. Class A Common Stock,$1.80,-0.06,-3.226%,157135,99669627.00,United States,2020,Biotechnology: Laboratory Analytical Instruments,Industrials
SEG,Seaport Entertainment Group Inc. Common Stock,$23.83,-0.17,-0.708%,89197,305251243.00,United States,2024,Services-Misc. Amusement & Recreation,Consumer Discretionary
SEGG,Sports Entertainment Gaming Global Corporation Common Stock,$2.87,-0.13,-4.333%,33159,9354728.00,United States,2023,Computer Software: Prepackaged Software,Technology
SEI,Solaris Energy Infrastructure Inc. Class A Common Stock,$67.43,1.76,2.68%,1828336,5162871813.00,United States,2017,Oil and Gas Field Machinery,Consumer Discretionary
SEIC,SEI Investments Company Common Stock,$104.83,1.07,1.031%,694140,12581610849.00,United States,1981,Investment Bankers/Brokers/Service,Finance
SELF,Global Self Storage Inc. Common Stock,$5.01,0.04,0.805%,46225,57221314.00,United States,,Real Estate Investment Trusts,Real Estate
SENEA,Seneca Foods Corp. Class A Common Stock,$179.15,-4.66,-2.535%,106698,1212794801.00,United States,,Packaged Foods,Consumer Staples
SENEB,Seneca Foods Corp. Class B Common Stock,$187.42,-0.80,-0.425%,409,1268780360.00,United States,,Packaged Foods,Consumer Staples
SENS,Senseonics Holdings Inc. Common Stock,$9.975,-0.085,-0.845%,840173,527418679.00,United States,,Medical/Dental Instruments,Health Care
SEPN,Septerna Inc. Common Stock,$38.45,-1.93,-4.78%,509735,1794728612.00,United States,2024,Biotechnology: Pharmaceutical Preparations,Health Care
SER,Serina Therapeutics Inc. Common Stock,$2.19,-0.12,-5.195%,8951,55627036.00,United States,2018,Biotechnology: Pharmaceutical Preparations,Health Care
SERA,Sera Prognostics Inc. Class A Common Stock,$2.06,-0.07,-3.286%,13911,81265900.00,United States,2021,Medical Specialities,Health Care
SERV,Serve Robotics Inc. Common Stock,$4.31,-0.24,-5.275%,2433224,373709355.00,United States,,Industrial Machinery/Components,Industrials
SES,SES AI Corporation Class A Common Stock,$0.5232,-0.0342,-6.136%,19157504,194257568.00,United States,2021,Industrial Machinery/Components,Miscellaneous
SEV,Aptera Motors Corp. Class B Common Stock,$1.96,-0.11,-5.314%,272008,79464525.00,United States,,Auto Manufacturing,Industrials
SEVN,Seven Hills Realty Trust Common Stock,$7.25,-0.21,-2.815%,145964,164260394.00,United States,,Real Estate Investment Trusts,Real Estate
SEZL,Sezzle Inc. Common Stock,$106.89,-3.11,-2.827%,799814,3599522246.00,United States,,Finance: Consumer Services,Finance
SF,Stifel Financial Corporation Common Stock,$71.93,-1.25,-1.708%,1308390,10861554727.00,United States,,Investment Bankers/Brokers/Service,Finance
SF^B,Stifel Financial Corporation Depositary Shares Each Representing 1/1000th  Interest in a Share of 6.25% Non-Cumulative  Preferred Stock Series B,$23.05,0.15,0.655%,19863,,United States,,,
SF^C,Stifel Financial Corporation Depositary Shares Each Representing 1/1000th Interest in a Share of 6.125% Non Cumulative Preferred Stock Series C,$21.80,0.156,0.721%,25777,,United States,,,
SF^D,Stifel Financial Corporation Depositary Shares Each Representing 1/1000th Interest in a Share of 4.50% Non-Cumulative Preferred Stock Series D,$15.84,-0.09,-0.565%,15211,,United States,,,
SFB,Stifel Financial Corporation 5.20% Senior Notes due 2047,$19.105,-0.085,-0.443%,14411,1952022922.00,United States,2017,Investment Bankers/Brokers/Service,Finance
SFBC,Sound Financial Bancorp Inc. Common Stock,$47.40,-0.77,-1.599%,2170,121725238.00,United States,,Savings Institutions,Finance
SFBS,ServisFirst Bancshares Inc. Common Stock,$41.17,-0.58,-1.389%,733671,4501734473.00,United States,,Major Banks,Finance
SFD,Smithfield Foods Inc. Common Stock,$18.93,-0.63,-3.221%,2635693,7454017469.00,United States,2025,Meat/Poultry/Fish,Consumer Staples
SFHG,Samfine Creation Holdings Group Limited Class A Ordinary Share,$2.24,0.00,0.00%,4622,9094400.00,Hong Kong,2024,Publishing,Consumer Discretionary
SFIX,Stitch Fix Inc. Class A Common Stock,$2.82,-0.17,-5.686%,8511167,376260914.00,United States,2017,Catalog/Specialty Distribution,Consumer Discretionary
SFL,SFL Corporation Ltd,$12.72,-0.07,-0.547%,1580825,1691668212.00,Bermuda,,Marine Transportation,Consumer Discretionary
SFM,Sprouts Farmers Market Inc. Common Stock,$66.07,-2.61,-3.80%,2380887,6160870584.00,United States,2013,Food Chains,Consumer Staples
SFNC,Simmons First National Corporation Class A Common Stock,$22.89,0.39,1.733%,2120070,3307920630.00,United States,,Major Banks,Finance
SFST,Southern First Bancshares Inc. Common Stock,$59.85,-0.66,-1.091%,125023,566884537.00,United States,,Major Banks,Finance
SFWL,Shengfeng Development Limited Class A Ordinary Shares,$8.48,-0.345,-3.909%,3183,46638592.00,China,2023,Trucking Freight/Courier Services,Industrials
SG,Sweetgreen Inc. Class A Common Stock,$7.71,0.04,0.522%,3882329,917808539.00,United States,2021,Restaurants,Consumer Discretionary
SGA,Saga Communications Inc. Class A Common Stock (FL),$8.69,-0.21,-2.36%,24130,55250916.00,United States,,Broadcasting,Consumer Discretionary
SGC,Superior Group of Companies Inc. Common Stock,$12.53,-0.09,-0.713%,35084,199793369.00,United States,,Apparel,Consumer Discretionary
SGHC,Super Group (SGHC) Limited Ordinary Shares,$12.03,-0.32,-2.591%,2379805,6112163760.00,,2022,Services-Misc. Amusement & Recreation,Consumer Discretionary
SGHT,Sight Sciences Inc. Common Stock,$8.50,-0.09,-1.048%,217873,468247915.00,United States,2021,Medical/Dental Instruments,Health Care
SGI,Somnigroup International Inc. Common Stock,$62.87,-1.86,-2.873%,3240901,14475137875.00,United States,,Home Furnishings,Consumer Discretionary
SGLD,Scorpio Gold Corporation American Depositary Shares ,$4.01,0.01,0.25%,54596,69405922.00,Canada,,,
SGLY,Singularity Future Technology Ltd. Common Stock,$1.04,-0.03,-2.804%,129492,5619940.00,United States,2008,Integrated Freight & Logistics,Industrials
SGML,Sigma Lithium Corporation Common Shares,$10.14,-0.44,-4.159%,1417500,1141442694.00,Canada,,Metal Mining,Basic Materials
SGMT,Sagimet Biosciences Inc. Series A Common Stock,$10.42,-0.67,-6.041%,1115904,641779877.00,United States,2023,Biotechnology: Pharmaceutical Preparations,Health Care
SGP,SpyGlass Pharma Inc. Common Stock,$28.16,-0.53,-1.847%,149334,941895089.00,United States,2026,Medical/Dental Instruments,Health Care
SGRX,SANGRIX INC. Class A Ordinary Shares,$1.59,-0.10,-5.917%,74444,3131737.00,United States,2019,Finance: Consumer Services,Finance
SGRY,Surgery Partners Inc. Common Stock,$14.56,-1.24,-7.848%,3723654,1906169866.00,United States,2015,Hospital/Nursing Management,Health Care
SGU,Star Group L.P. Common Stock,$12.79,-0.09,-0.699%,19969,419655453.00,United States,,Other Specialty Stores,Consumer Discretionary
SHAK,Shake Shack Inc. Class A Common Stock,$58.47,0.38,0.654%,1507490,2502453905.00,United States,2015,Restaurants,Consumer Discretionary
SHAZ,SharonAI Holdings Inc. Class A Common Stock,$57.73,-5.48,-8.67%,1612882,2066936344.00,United States,,EDP Services,Technology
SHBI,Shore Bancshares Inc Common Stock,$22.74,-0.26,-1.13%,147154,758885556.00,United States,,Major Banks,Finance
SHC,Sotera Health Company Common Stock,$18.29,-0.40,-2.14%,1758489,5219505001.00,United States,2020,Misc Health and Biotechnology Services,Health Care
SHEL,Shell PLC American Depositary Shares (each representing two (2) Ordinary Shares) ,$95.41,1.48,1.576%,5255071,263911009569.00,Netherlands,2022,Oil & Gas Production,Energy
SHEN,Shenandoah Telecommunications Co Common Stock,$12.09,-0.22,-1.787%,789697,645178981.00,United States,,Telecommunications Equipment,Telecommunications
SHFS,SHF Holdings Inc. Class A Common Stock,$0.1658,-0.0107,-6.062%,315972,2044804.00,United States,2021,Finance: Consumer Services,Finance
SHFSW,SHF Holdings Inc. Warrants,$0.013,0.0017,15.044%,5804,160328.00,United States,2021,Finance: Consumer Services,Finance
SHG,Shinhan Financial Group Co Ltd American Depositary Shares,$79.83,-2.93,-3.54%,154155,37891657639.00,South Korea,,Major Banks,Finance
SHIM,Shimmick Corporation Common Stock,$3.42,-0.08,-2.286%,110210,141368515.00,United States,2023,Military/Government/Technical,Industrials
SHIP,Seanergy Maritime Holdings Corp. Common Stock,$17.56,-0.27,-1.514%,553495,380493557.00,Greece,,Marine Transportation,Consumer Discretionary
SHLS,Shoals Technologies Group Inc. Class A Common Stock,$7.71,-0.44,-5.399%,4577602,1297592615.00,United States,2021,Semiconductors,Technology
SHMD,SCHMID Group N.V. Class A Ordinary Shares,$3.68,0.09,2.507%,409286,224328763.00,Germany,,Industrial Machinery/Components,Technology
SHMDW,SCHMID Group N.V. Warrants,$0.8145,-0.0405,-4.737%,53907,49651026.00,Germany,,Industrial Machinery/Components,Technology
SHO,Sunstone Hotel Investors Inc. Sunstone Hotel Investors Inc. Common Shares,$11.03,-0.06,-0.541%,1965329,2050961669.00,United States,2004,Hotels/Resorts,Consumer Discretionary
SHO^H,Sunstone Hotel Investors Inc. 6.125% Series H Cumulative Redeemable Preferred Stock,$22.34,-0.14,-0.623%,113185,,United States,,,
SHO^I,Sunstone Hotel Investors Inc. 5.70% Series I Cumulative Redeemable Preferred Stock,$21.765,0.015,0.069%,52372,,United States,,,
SHOE,Shoe Station Group Inc. Common Stock,$13.11,-0.27,-2.018%,701239,356379815.00,United States,,Clothing/Shoe/Accessory Stores,Consumer Discretionary
SHOO,Steven Madden Ltd. Common Stock,$43.40,-1.05,-2.362%,1043262,3175885923.00,United States,1993,Shoe Manufacturing,Consumer Discretionary
SHOP,Shopify Inc. Class A Subordinate Voting Shares,$142.34,-5.40,-3.655%,20896163,184445741299.00,Canada,,Computer Software: Prepackaged Software,Technology
SHOT,RMG ML Sports Holdings Class A Ordinary Shares,$9.8501,0.00,0.00%,37,0.00,United States,2026,,
SHOTU,RMG ML Sports Holdings Unit,$9.99,0.00,0.00%,341,0.00,United States,2026,,
SHPH,Shuttle Pharmaceuticals Holdings Inc. Common Stock,$3.59,-0.17,-4.521%,50106,3687698.00,United States,2022,Biotechnology: Pharmaceutical Preparations,Health Care
SHW,Sherwin-Williams Company (The) Common Stock,$326.46,-1.89,-0.576%,2260590,79250825975.00,United States,,RETAIL: Building Materials,Consumer Discretionary
SI,Shoulder Innovations Inc. Common Stock,$17.37,-0.24,-1.363%,97913,361625283.00,United States,2025,Medical/Dental Instruments,Health Care
SIBN,SI-BONE Inc. Common Stock,$18.60,-0.21,-1.116%,514736,833625495.00,United States,2018,Medical/Dental Instruments,Health Care
SID,Companhia Siderurgica Nacional S.A. Common Stock,$1.14,-0.04,-3.39%,8256917,1511747100.00,Brazil,,Steel/Iron Ore,Industrials
SIDU,Sidus Space Inc. Class A Common Stock,$2.01,-0.12,-5.634%,2572745,203462905.00,United States,2021,Telecommunications Equipment,Telecommunications
SIEB,Siebert Financial Corp. Common Stock,$2.18,0.15,7.389%,51825,89600040.00,United States,,Investment Bankers/Brokers/Service,Finance
SIF,SIFCO Industries Inc. Common Stock,$21.46,-0.11,-0.51%,37480,134213587.00,United States,1969,Aerospace,Industrials
SIFY,Sify Technologies Limited American Depositary Shares,$13.73,-0.24,-1.718%,20111,994527264.00,India,,Computer Software: Programming Data Processing,Technology
SIG,Signet Jewelers Limited Common Shares,$100.12,-0.30,-0.299%,938638,3836322369.00,Bermuda,,Consumer Specialties,Consumer Discretionary
SIGA,SIGA Technologies Inc. Common Stock,$3.17,-0.09,-2.761%,435203,227763600.00,United States,,Biotechnology: Pharmaceutical Preparations,Health Care
SIGI,Selective Insurance Group Inc. Common Stock,$86.33,-1.35,-1.54%,692018,5142602043.00,United States,,Property-Casualty Insurers,Finance
SIGIP,Selective Insurance Group Inc. Depositary Shares each representing a 1/1000th interest in a share of 4.60% Non-Cumulative Preferred Stock Series B,$15.252,-0.088,-0.574%,4277,908548203.00,United States,,Property-Casualty Insurers,Finance
SII,Sprott Inc. Common Shares,$125.34,-6.22,-4.728%,147179,3233772000.00,,2020,Finance: Consumer Services,Finance
SILC,Silicom Ltd Ordinary Shares,$48.58,-1.00,-2.017%,141324,279218942.00,Israel,,Computer Communications Equipment,Telecommunications
SILO,Silo Pharma Inc. Common Stock,$1.77,0.05,2.907%,45355,3103253.00,United States,,Biotechnology: Pharmaceutical Preparations,Health Care
SIM,Grupo Simec S.A.B. de C.V. American Depositary Shares,$27.45,0.00,0.00%,533,4554039299.00,Mexico,1998,Steel/Iron Ore,Industrials
SIMA,SIM Acquisition Corp. I Class A Ordinary Shares,$10.93,-0.01,-0.091%,11097,0.00,United States,2024,Industrial Machinery/Components,Miscellaneous
SIMAU,SIM Acquisition Corp. I Unit,$11.25,0.00,0.00%,5,0.00,United States,2024,Blank Checks,Finance
SIMAW,SIM Acquisition Corp. I Warrant,$0.1599,-0.0001,-0.063%,429,0.00,United States,2024,Blank Checks,Finance
SIMO,Silicon Motion Technology Corporation American Depositary Shares,$276.53,-6.73,-2.376%,558442,9376644225.00,Taiwan,2005,Semiconductors,Technology
SIND,Sinda Ltd. Common Stock,$14.26,-0.19,-1.315%,37593,2264358020.00,,2026,Precious Metals,Basic Materials
SINT,SiNtx Technologies Inc. Common Stock,$1.78,-0.05,-2.732%,66173,11862871.00,United States,2014,Medical/Dental Instruments,Health Care
SION,Sionna Therapeutics Inc. Common Stock,$5.51,-0.51,-8.472%,1669553,249120318.00,United States,2025,Biotechnology: Pharmaceutical Preparations,Health Care
SIRI,SiriusXM Holdings Inc. Common Stock,$26.28,-0.25,-0.942%,6843649,8858117895.00,United States,,Broadcasting,Consumer Discretionary
SITC,SITE Centers Corp. Common Stock,$2.97,-0.09,-2.941%,693445,155851757.00,United States,,Real Estate Investment Trusts,Real Estate
SITE,SiteOne Landscape Supply Inc. Common Stock,$93.77,-0.62,-0.657%,550295,4093565920.00,United States,2016,Professional and commerical equipment,Consumer Discretionary
SITM,SiTime Corporation Common Stock,$608.91,-24.81,-3.915%,341167,18310554531.00,United States,2019,Semiconductors,Technology
SJ,Scienjoy Holding Corporation Class A Ordinary Shares ,$0.68,0.0352,5.459%,18963,28874682.00,China,2019,EDP Services,Technology
SJM,The J.M. Smucker Company Common Stock,$122.41,1.30,1.073%,1206273,13076225831.00,United States,,Packaged Foods,Consumer Staples
SJT,San Juan Basin Royalty Trust Common Stock,$3.02,-0.08,-2.581%,192446,140758564.00,United States,,Oil & Gas Production,Energy
SKE,Skeena Resources Limited Common Shares,$31.53,-1.73,-5.201%,419820,3955839089.00,,2021,Precious Metals,Basic Materials
SKHY,SK hynix Inc. American Depositary Shares,$189.28,-6.09,-3.117%,13960660,1379596618400.00,South Korea,2026,Semiconductors,Technology
SKIL,Skillsoft Corp. Class A Common Stock,$5.92,-0.02,-0.337%,99768,53874628.00,United States,2019,Computer Software: Prepackaged Software,Technology
SKIN,SkinHealth Systems Inc. Class A Common Stock,$0.6767,0.0035,0.52%,247690,88066254.00,United States,2020,Medical/Dental Instruments,Health Care
SKK,SKK Holdings Limited Class A Ordinary Shares,$4.15,0.13,3.234%,4318,13240973.00,Singapore,2024,Water Sewer Pipeline Comm & Power Line Construction,Industrials
SKM,SK Telecom Co. Ltd. Common Stock,$35.85,-0.50,-1.376%,1071931,13751343000.00,South Korea,,Telecommunications Equipment,Telecommunications
SKT,Tanger Inc. Common Stock,$35.13,-0.47,-1.32%,1183624,4035698884.00,United States,1993,Real Estate Investment Trusts,Real Estate
SKWD,Skyward Specialty Insurance Group Inc. Common Stock,$54.84,-1.07,-1.914%,322261,2434703676.00,United States,2023,Property-Casualty Insurers,Finance
SKY,Champion Homes Inc. Common Stock,$85.46,-3.38,-3.805%,414624,4638780252.00,United States,,Homebuilding,Consumer Discretionary
SKYA,SkyAI Inc. Common Stock,$1.81,0.03,1.685%,388240,78277986.00,United States,2022,Medical/Dental Instruments,Health Care
SKYAW,SkyAI Inc. Warrant,$0.035,0.00,0.00%,212,1513663.00,United States,2022,EDP Services,Technology
SKYE,Skye Bioscience Inc. Common Stock,$1.80,0.09,5.263%,217865,7969819.00,United States,,Biotechnology: Pharmaceutical Preparations,Health Care
SKYH,Sky Harbour Group Corporation Class A Common Stock,$9.95,-0.15,-1.485%,131434,812213605.00,United States,2022,Real Estate,Finance
SKYQ,Sky Quarry Inc. Common Stock,$2.54,-0.06,-2.308%,571583,22436811.00,United States,2024,Environmental Services,Industrials
SKYW,SkyWest Inc. Common Stock,$99.27,-1.93,-1.907%,228615,3854487823.00,United States,1986,Air Freight/Delivery Services,Consumer Discretionary
SKYX,SKYX Platforms Corp. Common Stock,$1.24,-0.04,-3.125%,410911,167934433.00,United States,2022,Building Products,Consumer Discretionary
SLAB,Silicon Laboratories Inc. Common Stock,$221.25,-0.72,-0.324%,202266,7382395871.00,United States,2000,Semiconductors,Technology
SLB,SLB Limited Common Shares,$51.87,-0.25,-0.48%,7654285,76982509392.00,France,,Oilfield Services/Equipment,Energy
SLBT,SL Science Holding Limited Ordinary Shares,$1.66,-0.02,-1.19%,30834,930861197.00,Taiwan,,Biotechnology: Biological Products (No Diagnostic Substances),Health Care
SLDB,Solid Biosciences Inc. Common Stock,$8.02,-0.90,-10.09%,1088256,859946409.00,United States,2018,Biotechnology: Biological Products (No Diagnostic Substances),Health Care
SLDE,Slide Insurance Holdings Inc. Common Stock,$22.96,-0.91,-3.812%,974121,2681997068.00,United States,2025,Property-Casualty Insurers,Finance
SLDP,Solid Power Inc. Class A Common Stock,$2.35,-0.14,-5.622%,3812588,536225848.00,United States,2021,Industrial Machinery/Components,Miscellaneous
SLDPW,Solid Power Inc. Warrant,$0.02,0.0005,2.564%,92076,4563624.00,United States,2021,Industrial Machinery/Components,Miscellaneous
SLE,Super League Enterprise Inc. Common Stock,$5.26,-0.14,-2.593%,224729,13008879.00,United States,2019,EDP Services,Technology
SLF,Sun Life Financial Inc. Common Stock,$79.96,-0.75,-0.929%,459662,44526909728.00,Canada,,Life Insurance,Finance
SLG,SL Green Realty Corp Common Stock,$49.98,-2.50,-4.764%,870968,3541078352.00,United States,1997,Real Estate Investment Trusts,Real Estate
SLG^I,SL Green Realty Corporation Preferred Series I,$21.34,-0.08,-0.373%,5236,,United States,,,
SLGB,Smart Logistics Global Limited Class A Ordinary Shares,$0.3053,0.0143,4.914%,19788978,13738500.00,Hong Kong,2025,Integrated Freight & Logistics,Industrials
SLGL,Sol-Gel Technologies Ltd. Ordinary Shares,$59.71,-1.24,-2.034%,70692,195490480.00,Israel,2018,Biotechnology: Pharmaceutical Preparations,Health Care
SLGN,Silgan Holdings Inc. Common Stock,$37.15,-0.30,-0.801%,1058953,3926087043.00,United States,2022,Containers/Packaging,Industrials
SLI,Standard Lithium Ltd. Common Shares,$2.14,-0.07,-3.167%,837303,528118107.00,Canada,2021,Major Chemicals,Industrials
SLM,SLM Corporation Common Stock,$23.61,-0.64,-2.639%,1542550,4437427678.00,United States,,Finance: Consumer Services,Finance
SLMBP,SLM Corporation Floating Rate Non-Cumulative Preferred Stock Series B,$73.99,-0.0099,-0.013%,588,13906195422.00,United States,,Finance: Consumer Services,Finance
SLMT,Brera Holdings PLC Class B Ordinary Shares,$3.87,-0.35,-8.294%,108173,42605968.00,Ireland,2023,Services-Misc. Amusement & Recreation,Consumer Discretionary
SLN,Silence Therapeutics Plc American Depository Share,$11.51,-0.78,-6.347%,876999,538668000.00,United Kingdom,,Biotechnology: Pharmaceutical Preparations,Health Care
SLND,Southland Holdings Inc. Common Stock,$0.6102,-0.0158,-2.524%,55380,33216394.00,United States,,Military/Government/Technical,Industrials
SLNG,Stabilis Solutions Inc. Common Stock,$5.24,-0.09,-1.689%,7879,97444617.00,United States,,Oil/Gas Transmission,Utilities
SLNH,Soluna Holdings Inc. Common Stock,$1.24,-0.04,-3.125%,6169977,305910538.00,United States,,EDP Services,Technology
SLNHP,Soluna Holdings Inc 9.0% Series A Cumulative Perpetual Preferred Stock ,$12.75,0.75,6.25%,5951,3145451099.00,United States,,EDP Services,Technology
SLP,Simulations Plus Inc. Common Stock,$18.42,0.01,0.054%,104388,372541516.00,United States,,EDP Services,Technology
SLQT,SelectQuote Inc. Common Stock,$0.4329,-0.0207,-4.563%,945317,77602434.00,United States,2020,Specialty Insurers,Finance
SLRC,SLR Investment Corp. Common Stock,$11.77,-0.18,-1.506%,389396,642108042.00,United States,2010,Finance/Investors Services,Finance
SLS,SELLAS Life Sciences Group Inc. Common Stock,$11.52,-0.50,-4.16%,3889149,2326414568.00,United States,,Biotechnology: Pharmaceutical Preparations,Health Care
SLSN,Solesence Inc. Common Stock,$0.82,0.014,1.737%,5152,57930577.00,United States,,Package Goods/Cosmetics,Consumer Discretionary
SLSR,Solaris Resources Inc. Common Shares,$7.22,-0.48,-6.234%,160709,1205995068.00,,2024,,
SLVM,Sylvamo Corporation Common Stock,$36.64,-0.23,-0.624%,309188,1456815304.00,United States,2021,Paper,Basic Materials
SLXN,Silexion Therapeutics Corp Ordinary Shares,$0.3153,-0.077,-19.628%,8352085,1814826.00,Israel,,Biotechnology: Biological Products (No Diagnostic Substances),Health Care
SLXNW,Silexion Therapeutics Corp Warrant,$0.0076,0.00,0.00%,135,43745.00,Israel,,Biotechnology: Biological Products (No Diagnostic Substances),Health Care
SM,SM Energy Company Common Stock,$34.31,0.39,1.15%,3526866,8160773073.00,United States,,Oil & Gas Production,Energy
SMA,SmartStop Self Storage REIT Inc. Common Stock,$31.68,-0.76,-2.343%,1038356,1754086847.00,United States,2025,Real Estate Investment Trusts,Real Estate
SMBC,Southern Missouri Bancorp Inc. Common Stock,$71.33,-0.12,-0.168%,54244,785577191.00,United States,,Banks,Finance
SMBK,SmartFinancial Inc. Common Stock,$49.92,-1.01,-1.983%,135321,853555772.00,United States,,Major Banks,Finance
SMC,Summit Midstream Corporation Common Stock,$31.35,-0.39,-1.229%,58312,636658465.00,United States,2012,Natural Gas Distribution,Utilities
SMCI,Super Micro Computer Inc. Common Stock,$41.44,-0.10,-0.241%,40871520,27224645513.00,United States,2020,Computer Manufacturing,Technology
SMCIP,Super Micro Computer Inc. Depositary Shares representing a 1/20th Interest in a Share of 7% Series A Mandatory Convertible Preferred Stock,$69.34,0.02,0.029%,459193,45553979727.00,United States,,Computer Manufacturing,Technology
SMFG,Sumitomo Mitsui Financial Group Inc Unsponsored American Depositary Shares (Japan),$25.85,-0.29,-1.109%,1097604,117910894191.00,Japan,,Commercial Banks,Finance
SMG,Scotts Miracle-Gro Company (The) Common Stock,$52.83,0.15,0.285%,1139865,3075777075.00,United States,1992,Agricultural Chemicals,Industrials
SMHI,SEACOR Marine Holdings Inc. Common Stock ,$8.83,-0.18,-1.998%,126049,239582854.00,United States,2017,Marine Transportation,Consumer Discretionary
SMID,Smith-Midland Corporation Common Stock,$24.17,-0.22,-0.902%,20397,128212327.00,United States,,Building Materials,Industrials
SMJF,SMJ International Holdings Inc. Class A Ordinary Shares,$1.60,0.36,29.032%,3657113,44328000.00,,2025,RETAIL: Building Materials,Consumer Discretionary
SMMT,Summit Therapeutics Inc. Common Stock ,$16.45,-0.67,-3.914%,3891175,13122980953.00,United States,2015,Biotechnology: Pharmaceutical Preparations,Health Care
SMP,Standard Motor Products Inc. Common Stock,$37.31,-0.38,-1.008%,84367,833516332.00,United States,,Auto Parts:O.E.M.,Consumer Discretionary
SMPL,The Simply Good Foods Company Common Stock,$9.59,-0.42,-4.196%,1858152,848336627.00,United States,,Packaged Foods,Consumer Staples
SMR,NuScale Power Corporation Class A Common Stock,$8.68,-0.21,-2.362%,38534412,3729998001.00,United States,2022,Metal Fabrications,Industrials
SMRT,SmartRent Inc. Class A Common Stock,$1.16,-0.03,-2.521%,686909,222269687.00,United States,,EDP Services,Technology
SMSI,Smith Micro Software Inc. Common Stock,$2.67,0.00,0.00%,11050,14924980.00,United States,1995,Computer Software: Prepackaged Software,Technology
SMTC,Semtech Corporation Common Stock,$169.33,-5.00,-2.868%,3812804,15802828251.00,United States,,Semiconductors,Technology
SMTI,Sanara MedTech Inc. Common Stock,$35.15,-0.13,-0.368%,141942,322959430.00,United States,,Industrial Specialties,Health Care
SMTK,SmartKem Inc. Common Stock,$1.68,-0.01,-0.592%,1316374,1740142.00,United States,,Semiconductors,Technology
SMWB,Similarweb Ltd. Ordinary Shares,$8.58,0.08,0.941%,351807,746172158.00,,2021,Computer Software: Programming Data Processing,Technology
SMX,SMX (Security Matters) Public Limited Company Ordinary Shares,$9.64,0.07,0.731%,70210,10494181.00,Ireland,,Industrial Machinery/Components,Technology
SMXT,Solarmax Technology Inc. Common Stock,$2.44,0.15,6.55%,8736,11571005.00,United States,2024,Engineering & Construction,Consumer Discretionary
SMXWW,SMX (Security Matters) Public Limited Company Warrant,$0.016,-0.001,-5.882%,17640,17418.00,Ireland,,Industrial Machinery/Components,Technology
SN,SharkNinja Inc. Ordinary Shares,$168.49,-0.52,-0.308%,1003826,23735447796.00,United States,2023,Consumer Electronics/Appliances,Consumer Discretionary
SNA,Snap-On Incorporated Common Stock,$370.25,-1.55,-0.417%,205519,19151967661.00,United States,,Industrial Machinery/Components,Consumer Discretionary
SNAL,Snail Inc. Class A Common Stock,$2.66,0.02,0.758%,8205,23822457.00,United States,2022,Computer Software: Prepackaged Software,Technology
SNAP,Snap Inc. Class A Common Stock,$5.29,-0.33,-5.872%,36066609,8946435896.00,United States,2017,Computer Software: Programming Data Processing,Technology
SND,Smart Sand Inc. Common Stock,$5.07,-0.01,-0.197%,306323,214963239.00,United States,2016,Mining & Quarrying of Nonmetallic Minerals (No Fuels),Industrials
SNDA,Sonida Senior Living Inc. Common Stock,$37.77,-0.35,-0.918%,571897,1814772582.00,United States,,Hospital/Nursing Management,Health Care
SNDK,Sandisk Corporation Common Stock,$1816.57,-70.47,-3.734%,7732165,265980364647.00,United States,,Electronic Components,Technology
SNDL,SNDL Inc. Common Shares,$1.40,-0.01,-0.709%,665518,344569180.00,Canada,2019, Medicinal Chemicals and Botanical Products ,Health Care
SNDR,Schneider National Inc. Common Stock,$32.22,-0.28,-0.862%,579337,5648194966.00,United States,2017,Trucking Freight/Courier Services,Industrials
SNDX,Syndax Pharmaceuticals Inc. Common Stock,$17.64,-0.545,-2.997%,2087444,1575200597.00,United States,2016,Biotechnology: Pharmaceutical Preparations,Health Care
SNES,SenesTech Inc. Common Stock,$0.7794,-0.0016,-0.205%,63595,4227109.00,United States,2016,Agricultural Chemicals,Industrials
SNEX,StoneX Group Inc. Common Stock,$67.78,-1.50,-2.165%,1008867,8175402298.00,United States,,Investment Bankers/Brokers/Service,Finance
SNFCA,Security National Financial Corporation Class A Common Stock,$8.62,-0.18,-2.045%,25812,235992231.00,United States,,Finance: Consumer Services,Finance
SNGX,Soligenix Inc. Common Stock,$0.3851,0.0001,0.026%,377809,8381886.00,United States,,Biotechnology: Pharmaceutical Preparations,Health Care
SNN,Smith & Nephew SNATS Inc. Common Stock,$26.82,-0.68,-2.473%,1794464,11229763686.00,United Kingdom,,Industrial Specialties,Health Care
SNOA,Sonoma Pharmaceuticals Inc. Common Stock,$1.25,-0.045,-3.475%,41506,5985531.00,United States,2007,Medical/Dental Instruments,Health Care
SNOW,Snowflake Inc. Common Stock,$334.81,-1.78,-0.529%,4040256,118120968000.00,United States,2020,Computer Software: Prepackaged Software,Technology
SNPS,Synopsys Inc. Common Stock,$413.06,3.82,0.933%,2097840,79157432997.00,United States,1992,Computer Software: Prepackaged Software,Technology
SNSC,SunScout Holding Limited Class A Ordinary Shares,$1.26,0.04,3.279%,29284,48006000.00,,2026,Semiconductors,Technology
SNT,Senstar Technologies Corporation Common Shares,$1.5375,0.0475,3.188%,54757,35872416.00,Canada,,Telecommunications Equipment,Telecommunications
SNTG,Sentage Holdings Inc. Class A Ordinary Shares,$1.69,0.01,0.595%,4605,4740999.00,China,2021,Finance: Consumer Services,Finance
SNTI,Senti Biosciences Holdings Inc. Common Stock,$0.338,0.0224,7.098%,10367901,10526927.00,United States,2021,Biotechnology: Biological Products (No Diagnostic Substances),Health Care
SNUS^H,Santander Holdings USA Inc. Depositary Shares Each Representing a 1/1000th Interest in a Share of Fixed-Rate Reset Non-Cumulative Perpetual Preferred Stock Series H,$20.88,0.05,0.24%,9250,,,,,
SNUS^I,Santander Holdings USA Inc. Depositary Shares Each Representing a 1/40th Interest in a Share of Fixed-Rate Reset Non-Cumulative Perpetual Preferred Stock Series I,$25.3225,0.0125,0.049%,13530,,,,,
SNWV,SANUWAVE Health Inc. Common Stock,$4.705,0.065,1.401%,60199,40473864.00,United States,,Medical/Dental Instruments,Health Care
SNX,TD SYNNEX Corporation Common Stock,$287.89,4.64,1.638%,2578954,23019325113.00,United States,2003,Retail: Computer Software & Peripheral Equipment,Technology
SNY,Sanofi ADS,$41.66,-0.85,-2.00%,3837645,101602665639.00,France,,Biotechnology: Pharmaceutical Preparations,Health Care
SO,Southern Company (The) Common Stock,$83.47,-1.68,-1.973%,5572820,96020796772.00,United States,,Electric Utilities: Central,Utilities
SOAR,Volato Group Inc. Class A Common Stock,$0.1834,-0.0008,-0.434%,2015151,9836338.00,,2022,Transportation Services,Consumer Discretionary
SOBO,South Bow Corporation Common Shares,$34.38,-0.22,-0.636%,651202,7171139476.00,Canada,2024,Natural Gas Distribution,Energy
SOC,Sable Offshore Corp. Common Stock,$4.15,-0.16,-3.712%,7611503,796258724.00,United States,2021,Oil & Gas Production,Energy
SOCA,Solarius Capital Acquisition Corp. Class A Ordinary Share,$10.35,0.00,0.00%,9,0.00,United States,2025,,
SOCAU,Solarius Capital Acquisition Corp. Units,$10.40,0.00,0.00%,2,0.00,United States,2025,Blank Checks,Finance
SOCAW,Solarius Capital Acquisition Corp. Warrant,$0.2299,0.0349,17.897%,120,0.00,United States,2025,,
SOFI,SoFi Technologies Inc. Common Stock  ,$16.55,-0.61,-3.555%,57005966,21375488862.00,United States,,Finance: Consumer Services,Finance
SOGP,Sound Group Inc. American Depositary Shares,$11.71,0.00,0.00%,3537,48879250.00,China,2020,Computer Software: Programming Data Processing,Technology
SOHU,Sohu.com Limited American Depositary Shares,$13.11,-0.13,-0.982%,35937,341764878.00,China,,EDP Services,Technology
SOJC,Southern Company (The) Series 2017B 5.25% Junior Subordinated Notes due December 1 2077,$18.66,-0.24,-1.27%,103926,20526884615.00,United States,2017,Electric Utilities: Central,Utilities
SOJD,Southern Company (The) Series 2020A 4.95% Junior Subordinated Notes due January 30 2080,$17.67,-0.21,-1.174%,116790,19437837682.00,United States,2020,Electric Utilities: Central,Utilities
SOJE,Southern Company (The) Series 2020C 4.20% Junior Subordinated Notes due October 15 2060,$16.00,-0.11,-0.683%,75295,17513051792.00,United States,2020,Electric Utilities: Central,Utilities
SOJF,Southern Company (The) Series 2025A 6.50% Junior Subordinated Notes due March 15 2085,$23.55,-0.18,-0.759%,60542,0.00,United States,2025,Electric Utilities: Central,Utilities
SOLS,Solstice Advanced Materials Inc. Common Stock ,$57.98,-0.91,-1.545%,1565402,9209970455.00,United States,,Major Chemicals,Industrials
SOLV,Solventum Corporation Common Stock,$88.37,-0.38,-0.428%,860085,15042670932.00,United States,2024,Medical/Dental Instruments,Health Care
SOMN,Southern Company (The) 2025 Series A Corporate Units,$44.92,-0.78,-1.707%,157342,51674304433.00,United States,,Electric Utilities: Central,Utilities
SON,Sonoco Products Company Common Stock,$50.63,-0.06,-0.118%,1182934,5006041402.00,United States,,Containers/Packaging,Consumer Discretionary
SONM,DNA X Inc. Common Stock,$3.6101,-0.7799,-17.765%,24525,5372796.00,United States,2019,Telecommunications Equipment,Utilities
SONO,Sonos Inc. Common Stock,$17.10,0.25,1.484%,2264198,2022827041.00,United States,2018,Consumer Electronics/Appliances,Consumer Staples
SONY,Sony Group Corporation American Depositary Shares ,$23.20,-0.22,-0.939%,2209073,136788419253.00,Japan,,Consumer Electronics/Appliances,Consumer Staples
SOPH,SOPHiA GENETICS SA Ordinary Shares,$8.08,0.01,0.124%,563030,687832826.00,Switzerland,2021,EDP Services,Technology
SOR,Source Capital Inc. Cmn Shs of BI,$45.61,0.01,0.022%,5325,380591870.00,United States,,Investment Managers,Finance
SORA,AsiaStrategy Ordinary Shares,$2.24,0.07,3.226%,3092,55695360.00,Hong Kong,2025,Other Specialty Stores,Industrials
SORN,Soren Acquisition Corp. Class A Ordinary Shares,$10.01,-0.01,-0.10%,83560,0.00,United States,2026,Blank Checks,Finance
SOS,SOS Limited Class A Ordinary Shares,$0.3444,-0.0042,-1.205%,31343112,6257858.00,China,,Investment Bankers/Brokers/Service,Finance
SOTK,Sono-Tek Corporation Common Stock,$4.86,0.14,2.966%,38260,76383274.00,United States,,Industrial Machinery/Components,Technology
SOUL,Soulpower Acquisition Corporation Class A Ordinary Shares,$10.47,0.00,0.00%,32429,0.00,,2025,Publishing,Consumer Discretionary
SOUN,SoundHound AI Inc Class A Common Stock,$6.01,-0.11,-1.797%,11266338,2890838145.00,United States,,Computer Software: Prepackaged Software,Technology
SOUNW,SoundHound AI Inc. Warrant,$0.64,-0.01,-1.538%,25625,307842997.00,United States,2021,Computer Software: Prepackaged Software,Technology
SOWG,Sow Good Inc. Common Stock,$2.50,-0.20,-7.407%,10119,50249733.00,United States,,Packaged Foods,Consumer Staples
SPAI,Safe Pro Group Inc. Common Stock,$4.53,-0.04,-0.875%,38223,92243765.00,United States,2024,Computer Software: Prepackaged Software,Technology
SPB,Spectrum Brands Holdings Inc. Common Stock,$86.48,-1.54,-1.75%,203229,1988659142.00,United States,,Industrial Machinery/Components,Miscellaneous
SPCB,SuperCom Ltd. Ordinary Shares (Israel),$9.59,-0.02,-0.208%,49998,60229535.00,Israel,,Semiconductors,Technology
SPCE,Virgin Galactic Holdings Inc. Common Stock,$3.12,-0.20,-6.024%,4620667,472979217.00,United States,2017,Transportation Services,Consumer Discretionary
SPCX,Space Exploration Technologies Corp. Class A Common Stock,$148.36,-6.36,-4.111%,60642045,2013663816285.00,United States,2026,Computer Software: Programming Data Processing,Technology
SPE,Special Opportunities Fund Inc Common Stock,$13.00,-0.14,-1.065%,29810,0.00,United States,,Finance/Investors Services,Finance
SPE^C,Special Opportunities Fund Inc. 2.75% Convertible Preferred Stock Series C,$24.7001,-0.0499,-0.202%,8112,,United States,,,
SPEG,Silver Pegasus Acquisition Corp Class A Ordinary Shares,$10.39,0.00,0.00%,557,0.00,United States,2025,,
SPEGR,Silver Pegasus Acquisition Corp Rights.,$0.1288,0.00,0.00%,1007,0.00,United States,2025,,
SPEGU,Silver Pegasus Acquisition Corp Unit,$10.48,0.00,0.00%,2,0.00,United States,2025,,
SPFI,South Plains Financial Inc. Common Stock,$43.10,-0.95,-2.157%,126345,811965426.00,United States,2019,Major Banks,Finance
SPG,Simon Property Group Inc. Common Stock,$204.16,-1.79,-0.869%,1056487,66056277302.00,United States,,Real Estate Investment Trusts,Real Estate
SPG^J,Simon Property Group Inc. Simon Property Group 8 3/8% Series J Cumulative Redeemable Preferred Stock,$55.38,1.03,1.895%,4990,,United States,,,
SPGI,S&P Global Inc. Common Stock,$406.50,4.06,1.009%,1528574,119836200000.00,United States,,Finance: Consumer Services,Finance
SPH,Suburban Propane Partners L.P. Common Stock,$16.57,-0.25,-1.486%,216577,1105424253.00,United States,1996,Other Specialty Stores,Consumer Discretionary
SPHL,Springview Holdings Ltd Class A Ordinary Shares,$2.306,0.106,4.818%,35698,28276126.00,Singapore,2024,Homebuilding,Consumer Discretionary
SPHR,Sphere Entertainment Co. Class A Common Stock,$135.89,-6.02,-4.242%,656483,4880300055.00,United States,2020,Services-Misc. Amusement & Recreation,Consumer Discretionary
SPIR,Spire Global Inc. Class A Common Stock,$12.21,0.00,0.00%,850159,495999150.00,United States,2020,Telecommunications Equipment,Consumer Discretionary
SPKL,Spark I Acquisition Corp. Class A Ordinary Share,$11.605,0.015,0.129%,19979,0.00,United States,2023,,
SPKLW,Spark I Acquisition Corp. Warrant,$1.095,0.0749,7.342%,1267,0.00,United States,2023,,
SPMA,Sound Point Meridian Capital Inc. 8.00% Series A Preferred Shares Due 2029,$24.947,-0.013,-0.052%,5194,0.00,,,,
SPMC,Sound Point Meridian Capital Inc. Common Stock,$8.4001,-0.3599,-4.108%,36245,0.00,,2024,,
SPME,Sound Point Meridian Capital Inc. 7.875% Series B Preferred Shares due 2030,$24.92,0.021,0.084%,22671,0.00,,,,
SPNT,SiriusPoint Ltd. Common Shares,$25.42,-0.06,-0.235%,1049147,2952914707.00,Bermuda,2013,Property-Casualty Insurers,Finance
SPOK,Spok Holdings Inc. Common Stock,$10.40,-0.13,-1.235%,102364,217548625.00,United States,,Telecommunications Equipment,Telecommunications
SPOT,Spotify Technology S.A. Ordinary Shares,$510.40,9.10,1.815%,1822689,105056921781.00,Luxembourg,2018,Broadcasting,Consumer Discretionary
SPPL,SIMPPLE LTD. Ordinary Shares,$2.17,-0.17,-7.265%,26168,21236019.00,Singapore,2023,Diversified Commercial Services,Consumer Discretionary
SPRB,Spruce Biosciences Inc. Common Stock,$49.415,-0.575,-1.15%,174793,142019352.00,United States,2020,Biotechnology: Pharmaceutical Preparations,Health Care
SPRC,SciSparc Ltd. Ordinary Shares,$5.01,0.44,9.628%,106969,2910675.00,Israel,,Biotechnology: Pharmaceutical Preparations,Health Care
SPRO,Spero Therapeutics Inc. Common Stock,$1.26,-0.10,-7.353%,1403232,73375882.00,United States,2017,Biotechnology: Pharmaceutical Preparations,Health Care
SPRU,Spruce Power Holding Corporation Class A Common Stock,$1.92,-0.09,-4.478%,175228,36964197.00,United States,2019,Electric Utilities: Central,Utilities
SPRY,ARS Pharmaceuticals Inc. Common Stock,$4.18,-0.30,-6.696%,1370368,415689894.00,United States,2020,Biotechnology: Pharmaceutical Preparations,Health Care
SPSC,SPS Commerce Inc. Common Stock,$81.29,-0.19,-0.233%,311184,2926454144.00,United States,2010,Computer Software: Prepackaged Software,Technology
SPT,Sprout Social Inc Class A Common Stock,$9.955,0.075,0.759%,796441,603195470.00,United States,2019,Computer Software: Prepackaged Software,Technology
SPTX,Seaport Therapeutics Inc. Common Stock,$21.29,-1.10,-4.913%,179285,1139665410.00,United States,2026,Biotechnology: Pharmaceutical Preparations,Health Care
SPWH,Sportsman's Warehouse Holdings Inc. Common Stock,$1.24,0.00,0.00%,238420,48535417.00,United States,2014,Other Specialty Stores,Consumer Discretionary
SPWR,SunPower Inc. Common Stock,$0.30,-0.01,-3.226%,2575317,96090104.00,United States,,Semiconductors,Technology
SPWRW,SunPower Inc. Warrants,$0.0243,0.0028,13.023%,4178,7783298.00,United States,,Semiconductors,Technology
SPXC,SPX Technologies Inc. Common Stock,$173.60,-1.05,-0.601%,644574,8694905296.00,United States,,Industrial Machinery/Components,Industrials
SPXX,Nuveen S&P 500 Dynamic Overwrite Fund,$18.74,-0.15,-0.794%,125602,0.00,United States,,Trusts Except Educational Religious and Charitable,Finance
SQFT,Presidio Property Trust Inc. Class A Common Stock,$1.37,0.12,9.60%,3456961,1965172.00,United States,2020,Real Estate Investment Trusts,Real Estate
SQFTP,Presidio Property Trust Inc. 9.375% Series D Cumulative Redeemable Perpetual Preferred Stock $0.01 par value per share,$6.95,0.45,6.923%,13470,9969302.00,United States,,Real Estate Investment Trusts,Real Estate
SQFTW,Presidio Property Trust Inc. Series A Common Stock Purchase Warrants,$0.012,0.00,0.00%,7210,17213.00,United States,,Real Estate Investment Trusts,Real Estate
SQM,Sociedad Quimica y Minera S.A. Common Stock,$69.08,-1.11,-1.581%,736202,19731859777.00,Chile,1993,Mining & Quarrying of Nonmetallic Minerals (No Fuels),Industrials
SQNS,Sequans Communications S.A. American Depositary Shares (each representing one hundred (100) Ordinary Shares),$2.97,-0.07,-2.303%,37419,44483665.00,France,,Semiconductors,Technology
SR,Spire Inc. Common Stock,$77.39,-1.11,-1.414%,608918,4574740134.00,United States,,Oil/Gas Transmission,Utilities
SRAD,Sportradar Group AG Class A Ordinary Shares,$13.17,-0.43,-3.162%,3366790,4105844484.00,Switzerland,2021,Computer Software: Programming Data Processing,Technology
SRBK,SR Bancorp Inc. Common stock,$19.24,-0.38,-1.937%,33378,152657009.00,United States,2023,Banks,Finance
SRCE,1st Source Corporation Common Stock,$84.38,-0.98,-1.148%,84902,2032024478.00,United States,,Major Banks,Finance
SRE,DBA Sempra Common Stock,$79.00,-1.98,-2.445%,3139916,51658127492.00,United States,,Natural Gas Distribution,Utilities
SREA,DBA Sempra 5.750% Junior Subordinated Notes due 2079,$19.55,-0.18,-0.912%,34266,12378001856.00,United States,2019,Natural Gas Distribution,Utilities
SRFM,Surf Air Mobility Inc. Common Stock,$0.8839,0.1139,14.792%,21504811,109289146.00,United States,2023,Transportation Services,Consumer Discretionary
SRG,Seritage Growth Properties Class A Common Stock,$1.85,-0.01,-0.538%,125924,104200523.00,United States,2015,Real Estate,Finance
SRG^A,Seritage Growth Properties 7.00% Series A Cumulative Redeemable Preferred Shares of Beneficial Interest,$21.00,-0.1397,-0.661%,2964,,United States,,,
SRI,Stoneridge Inc. Common Stock,$7.00,-0.17,-2.371%,166704,199660118.00,United States,1997,Auto Parts:O.E.M.,Consumer Discretionary
SRJN,Spire Inc. 6.375% Junior Subordinated Notes due 2086,$21.70,-0.11,-0.504%,30380,0.00,United States,,Oil/Gas Transmission,Utilities
SRL,Scully Royalty Ltd.,$5.23,-0.10,-1.876%,4551,79633816.00,Canada,,Precious Metals,Industrials
SRPT,Sarepta Therapeutics Inc. Common Stock (DE),$18.95,-1.86,-8.938%,3757797,2001632048.00,United States,,Biotechnology: Pharmaceutical Preparations,Health Care
SRRK,Scholar Rock Holding Corporation Common Stock,$49.85,-1.34,-2.618%,2492654,6070996308.00,United States,2018,Biotechnology: Biological Products (No Diagnostic Substances),Health Care
SRTA,Strata Critical Medical Inc. Class A Common Stock,$5.38,-0.10,-1.825%,895539,475951416.00,United States,2019,Medical/Nursing Services,Health Care
SRTS,Sensus Healthcare Inc. Common Stock,$3.03,-0.07,-2.258%,45684,49880039.00,United States,2016,Medical/Dental Instruments,Health Care
SRV,NXG Cushing Midstream Energy Fund Common Shares of Beneficial Interest,$43.59,-0.20,-0.457%,22391,0.00,United States,,Finance Companies,Finance
SRXH,SRX Global Inc. Common Stock,$1.70,-0.08,-4.494%,880478,34451165.00,,2021,Beverages (Production/Distribution),Consumer Staples
SRZN,Surrozen Inc. Common Stock,$16.16,-1.44,-8.182%,115546,189937497.00,United States,,Biotechnology: Biological Products (No Diagnostic Substances),Health Care
SSAC,SPACSphere Acquisition Corp. Class A Ordinary Shares,$10.11,0.01,0.099%,15619,0.00,United States,2026,Blank Checks,Finance
SSACR,SPACSphere Acquisition Corp. Rights,$0.19,0.00,0.00%,316,0.00,United States,2026,Blank Checks,Finance
SSACU,SPACSphere Acquisition Corp. Unit,$10.25,0.04,0.392%,1402,0.00,United States,2026,Blank Checks,Finance
SSACW,SPACSphere Acquisition Corp. Warrant,$0.0813,0.00,0.00%,191,0.00,United States,2026,Blank Checks,Finance
SSB,SouthState Bank Corporation Common Stock,$101.62,-0.75,-0.733%,529171,9854552145.00,United States,,Major Banks,Finance
SSBI,Summit State Bank Common Stock,$12.3386,-0.4614,-3.605%,3667,82337082.00,United States,2006,Major Banks,Finance
SSD,Simpson Manufacturing Company Inc. Common Stock,$175.02,-1.68,-0.951%,259241,7173139044.00,United States,,Industrial Machinery/Components,Consumer Discretionary
SSEA,Starry Sea Acquisition Corp	Ordinary Shares,$10.39,0.03,0.29%,1012,0.00,United States,2025,Blank Checks,Finance
SSEAR,Starry Sea Acquisition Corp Rights,$0.15,0.00,0.00%,10,0.00,United States,2025,Blank Checks,Finance
SSII,SS Innovations International Inc. Common Stock,$3.11,-0.19,-5.758%,76492,623198703.00,India,,Medical/Dental Instruments,Health Care
SSL,Sasol Ltd. American Depositary Shares,$14.29,0.50,3.626%,3110494,9256514264.00,South Africa,,Oil & Gas Production,Energy
SSM,Sono Group N.V. Ordinary Shares,$1.17,-0.10,-7.874%,268589,1667056.00,Germany,,Semiconductors,Technology
SSMR,Sunshine Silver Mining & Refining Company Common Stock,$15.73,-1.26,-7.416%,538208,2260819465.00,,2026,Precious Metals,Basic Materials
SSNC,SS&C Technologies Holdings Inc. Common Stock,$79.72,0.46,0.58%,1535025,18706696281.00,United States,2010,Computer Software: Prepackaged Software,Technology
SSP,E.W. Scripps Company (The) Class A Common Stock,$3.02,-0.10,-3.205%,437305,279860353.00,United States,,Broadcasting,Industrials
SSRM,SSR Mining Inc. Common Stock,$36.30,-2.00,-5.222%,3196803,7401908026.00,Canada,,Precious Metals,Industrials
SST,System1 Inc. Class A Common Stock,$3.14,-0.33,-9.51%,332386,32934358.00,United States,2020,Computer Software: Programming Data Processing,Technology
SSTI,SoundThinking Inc. Common Stock,$5.68,-0.10,-1.73%,33736,74770327.00,United States,2017,Computer Software: Prepackaged Software,Technology
SSTK,Shutterstock Inc. Common Stock,$4.30,-0.21,-4.656%,576983,158875041.00,United States,2012,EDP Services,Technology
SSYS,Stratasys Ltd. Ordinary Shares (Israel),$8.03,-0.11,-1.351%,359010,691965488.00,United States,1994,Computer peripheral equipment,Technology
ST,Sensata Technologies Holding plc Ordinary Shares,$41.51,-0.65,-1.542%,1286309,6041193632.00,Netherlands,2010,Industrial Machinery/Components,Industrials
STAA,STAAR Surgical Company Common Stock,$19.80,-0.85,-4.116%,846711,992850883.00,United States,,Ophthalmic Goods,Health Care
STAG,Stag Industrial Inc. Common Stock,$36.83,-0.49,-1.313%,1224033,7101130757.00,United States,2011,Real Estate Investment Trusts,Real Estate
STAK,STAK Inc. Class A Ordinary Shares,$0.94,-0.11,-10.476%,403003,18057728.00,China,2025,Oil and Gas Field Machinery,Consumer Discretionary
STBA,S&T Bancorp Inc. Common Stock,$49.10,-0.15,-0.305%,241065,1731535657.00,United States,,Major Banks,Finance
STC,Stewart Information Services Corporation Common Stock,$61.98,-0.91,-1.447%,370695,1891765894.00,United States,,Specialty Insurers,Finance
STDN,Standard Nuclear Inc. Class A Common Stock,$12.85,-0.17,-1.306%,237972,2011677202.00,,2026,Major Chemicals,Basic Materials
STE,STERIS plc (Ireland) Ordinary Shares,$209.98,1.19,0.57%,534204,20473073098.00,United States,,Industrial Specialties,Health Care
STEM,Stem Inc. Class A Common Stock,$3.82,-0.21,-5.211%,256897,36774162.00,United States,2020,EDP Services,Technology
STEP,StepStone Group Inc. Class A Common Stock,$45.03,-1.54,-3.307%,868915,5434070360.00,United States,2020,Investment Managers,Finance
STEW,SRH Total Return Fund Inc. Common Stock,$17.80,-0.12,-0.67%,50746,0.00,United States,,Investment Managers,Finance
STEX,Streamex Corp. Common Stock,$0.8339,0.0217,2.672%,1222169,97120511.00,United States,,Finance: Consumer Services,Finance
STFS,Star Fashion Culture Holdings Limited Class A Ordinary Shares,$3.41,-0.25,-6.831%,11763,10890776.00,China,2024,Advertising,Consumer Discretionary
STG,Sunlands Technology Group American Depositary Shares representing Class A ordinary shares,$2.91,-0.02,-0.683%,1498,38973618.00,,2018,Other Consumer Services,Real Estate
STGW,Stagwell Inc. Class A Common Stock,$8.48,-0.03,-0.353%,718955,2073151824.00,Canada,,Advertising,Consumer Discretionary
STHO,Star Holdings Shares of Beneficial Interest,$8.99,-0.06,-0.663%,12350,108611184.00,United States,,Real Estate,Real Estate
STI,Solidion Technology Inc. Common Stock,$6.74,-0.12,-1.749%,290640,57376077.00,United States,2022,Industrial Machinery/Components,Miscellaneous
STIM,Neuronetics Inc. Common Stock,$2.88,-0.03,-1.031%,779723,219447999.00,United States,2018,Medical/Dental Instruments,Health Care
STK,Columbia Seligman Premium Technology Growth Fund Inc,$53.70,-0.45,-0.831%,45144,0.00,United States,2009,Investment Managers,Finance
STKE,Sol Strategies Inc. Common Shares,$1.53,-0.10,-6.135%,580355,60414925.00,Canada,,,
STKH,Steakholder Foods Ltd. American Depositary Shares,$1.83,-0.07,-3.684%,28372,2037941.00,Israel,2021,Packaged Foods,Consumer Staples
STKS,The ONE Group Hospitality Inc. Common Stock,$1.64,0.00,0.00%,3015,51969999.00,United States,,Restaurants,Consumer Discretionary
STLA,Stellantis N.V. Common Shares,$4.62,-0.21,-4.348%,28064911,13386372366.00,United Kingdom,2014,Auto Manufacturing,Industrials
STLD,Steel Dynamics Inc.,$234.29,0.30,0.128%,662668,33580337738.00,United States,1996,Steel/Iron Ore,Industrials
STLN,Starling Oncology Inc. Common Stock,$6.82,-0.23,-3.262%,1115400,695067904.00,United States,2020,Medical/Nursing Services,Health Care
STLNW,Starling Oncology Inc. Warrant,$0.03,0.0095,46.341%,1769,3057483.00,United States,2020,Medical/Nursing Services,Health Care
STM,STMicroelectronics N.V. Common Stock,$52.46,-0.95,-1.779%,9489353,46822921559.00,Switzerland,,Semiconductors,Technology
STN,Stantec Inc Common Stock,$70.68,-0.39,-0.549%,308721,7944411008.00,Canada,,Military/Government/Technical,Consumer Discretionary
STNE,StoneCo Ltd. Class A Common Shares,$9.49,-0.37,-3.753%,3945801,2341322190.00,Brazil,2018,EDP Services,Technology
STNG,Scorpio Tankers Inc. Common Shares,$81.25,-1.08,-1.312%,1200040,4205726688.00,Monaco,2010,Marine Transportation,Consumer Discretionary
STOK,Stoke Therapeutics Inc. Common Stock,$26.11,-3.09,-10.582%,1201739,1684780179.00,United States,2019,Biotechnology: Pharmaceutical Preparations,Health Care
STRA,Strategic Education Inc. Common Stock,$78.24,1.77,2.315%,254497,1737519416.00,United States,1996,Other Consumer Services,Real Estate
STRC,Strategy Inc Variable Rate Series A Perpetual Stretch Preferred Stock,$98.91,-0.15,-0.151%,1151672,38003769031.00,United States,,Computer Software: Prepackaged Software,Technology
STRD,Strategy Inc 10.00% Series A Perpetual Stride Preferred Stock,$73.20,-0.02,-0.027%,45547,28125324973.00,United States,,Computer Software: Prepackaged Software,Technology
STRF,Strategy Inc 10.00% Series A Perpetual Strife Preferred Stock,$103.80,0.29,0.28%,77072,39882632954.00,United States,,Computer Software: Prepackaged Software,Technology
STRK,Strategy Inc 8.00% Series A Perpetual Strike Preferred Stock,$73.25,-1.36,-1.823%,89419,28144536261.00,United States,,Computer Software: Prepackaged Software,Technology
STRL,Sterling Infrastructure Inc. Common Stock,$512.00,-4.57,-0.885%,297203,15661321216.00,United States,,Military/Government/Technical,Industrials
STRO,Sutro Biopharma Inc. Common Stock,$15.73,-0.40,-2.48%,294087,260821820.00,United States,2018,Biotechnology: Biological Products (No Diagnostic Substances),Health Care
STRR,Star Equity Holdings Inc. Common Stock,$10.325,0.425,4.293%,15067,38093086.00,United States,,Professional Services,Consumer Discretionary
STRRP,Star Equity Holdings Inc. 10% Series A Cumulative Perpetual Preferred Stock,$9.68,-0.05,-0.514%,1187,35713421.00,United States,,Professional Services,Consumer Discretionary
STRT,STRATTEC SECURITY CORPORATION Common Stock,$66.98,-0.38,-0.564%,71911,266916171.00,United States,,Auto Parts:O.E.M.,Consumer Discretionary
STRW,Strawberry Fields REIT Inc. Common Stock,$13.60,-0.02,-0.147%,64015,192539770.00,United States,2023,Real Estate Investment Trusts,Real Estate
STRZ,Starz Entertainment Corp. Common Shares,$23.41,-2.30,-8.946%,623242,400876843.00,United States,,Movies/Entertainment,Consumer Discretionary
STT,State Street Corporation Common Stock,$179.95,-0.30,-0.166%,2235654,49432582612.00,United States,,Major Banks,Finance
STT^G,State Street Corporation Depositary shares each representing a 1/4000th ownership interest in a share of Fixed-to-Floating Rate Non-Cumulative,$19.82,-0.07,-0.352%,104408,,United States,,,
STTK,Shattuck Labs Inc. Common Stock,$6.36,-0.14,-2.154%,1386495,638310289.00,United States,2020,Biotechnology: Pharmaceutical Preparations,Health Care
STUB,StubHub Holdings Inc. Class A Common Stock,$5.31,-0.43,-7.491%,8611514,2028897719.00,United States,2025,Services-Misc. Amusement & Recreation,Consumer Discretionary
STVN,Stevanato Group S.p.A. Ordinary Shares,$21.69,-0.01,-0.046%,205785,5921450123.00,Italy,2021,Medical/Dental Instruments,Health Care
STWD,STARWOOD PROPERTY TRUST INC. Starwood Property Trust Inc.,$14.70,-0.40,-2.649%,4634480,5441483565.00,United States,2009,Real Estate Investment Trusts,Real Estate
STX,Seagate Technology Holdings PLC Ordinary Shares (Ireland),$923.86,4.02,0.437%,3246810,211303920527.00,Ireland,2002,Electronic Components,Technology
STXS,Stereotaxis Inc. Common Stock,$1.32,-0.08,-5.714%,316596,132266875.00,United States,,Biotechnology: Electromedical & Electrotherapeutic Apparatus,Health Care
STZ,Constellation Brands Inc. Common Stock,$116.57,-1.02,-0.867%,1536939,19907642051.00,United States,,Beverages (Production/Distribution),Consumer Staples
SU,Suncor Energy  Inc. Common Stock,$67.98,1.04,1.554%,4523265,79511421024.00,Canada,,Integrated oil Companies,Energy
SUGP,SU Group Holdings Limited Class A Ordinary Shares,$0.4795,-0.0074,-1.52%,471120,1115556.00,Hong Kong,2024,Diversified Commercial Services,Consumer Discretionary
SUI,Sun Communities Inc. Common Stock,$112.32,-1.45,-1.275%,916868,13680683490.00,United States,1993,Real Estate Investment Trusts,Real Estate
SUIG,Sui Group Holdings Limited Common Stock,$1.47,-0.07,-4.545%,1193384,112900222.00,United States,,Finance: Consumer Services,Finance
SUJA,Suja Life Inc. Class A Common Stock,$8.07,-0.14,-1.705%,229743,311703847.00,United States,2026,Beverages (Production/Distribution),Consumer Staples
SUMA,SUMA Acquisition Corporation Class A Ordinary Shares,$9.95,-0.02,-0.201%,61394,0.00,Canada,2026,,
SUMAR,SUMA Acquisition Corporation Rights,$0.2381,0.00,0.00%,200,0.00,Canada,2026,Blank Checks,Finance
SUN,Sunoco LP Common Units representing limited partner interests,$75.06,1.94,2.653%,639938,15374136653.00,United States,2012,Integrated oil Companies,Energy
SUNB,Sunbelt Rentals Holdings Inc. Common Stock,$73.78,-1.89,-2.498%,3207366,30232454101.00,,2026,Diversified Commercial Services,Consumer Discretionary
SUNC,SunocoCorp LLC Common Units representing limited liability company interests,$77.30,1.53,2.019%,366865,3982279405.00,,2025,Integrated oil Companies,Energy
SUNE,SUNation Energy Inc. Common Stock,$2.57,0.10,4.049%,166846,16738688.00,United States,,Engineering & Construction,Consumer Discretionary
SUNS,Sunrise Realty Trust Inc. Common Stock,$7.35,-0.26,-3.417%,86699,99341505.00,United States,,Real Estate Investment Trusts,Real Estate
SUPN,Supernus Pharmaceuticals Inc. Common Stock,$43.39,-0.36,-0.823%,544549,2522131094.00,United States,2012,Biotechnology: Pharmaceutical Preparations,Health Care
SUPV,Grupo Supervielle S.A. American Depositary Shares each Representing five Class B shares,$7.61,-0.31,-3.914%,516686,695131371.00,,2016,Commercial Banks,Finance
SUPX,SuperX AI Technology Limited Ordinary Shares,$7.29,-0.27,-3.571%,595554,315048540.00,Hong Kong,2024,,
SURG,SurgePays Inc. Common Stock,$0.1508,-0.0106,-6.568%,2396585,7978590.00,United States,,Advertising,Consumer Discretionary
SUZ,Suzano S.A. American Depositary Shares (each representing One Ordinary Share),$9.21,-0.34,-3.56%,2393648,11642523234.00,Brazil,2018,Paper,Basic Materials
SVAQ,Silicon Valley Acquisition Corp. Class A Ordinary Shares,$10.10,-0.02,-0.198%,235,0.00,United States,2026,Blank Checks,Finance
SVAQW,Silicon Valley Acquisition Corp. Warrants,$0.41,0.00,0.00%,1233,0.00,United States,2026,Blank Checks,Finance
SVC,Service Properties Trust Common Shares of Beneficial Interest,$6.55,-0.19,-2.819%,1228573,848287146.00,United States,,Real Estate Investment Trusts,Real Estate
SVCC,Stellar V Capital Corp. Class A Ordinary Shares,$10.66,0.00,0.00%,16,0.00,United States,2025,,
SVCO,Silvaco Group Inc. Common Stock,$8.26,0.22,2.736%,566181,279896361.00,United States,2024,Computer Software: Prepackaged Software,Technology
SVIA,Silvia Inc. Common Stock,$4.03,-0.63,-13.519%,4901347,339771073.00,United States,2025,Finance: Consumer Services,Finance
SVIAW,Silvia Inc. Warrant,$0.46,-0.1088,-19.128%,15199,38782802.00,United States,2025,Finance: Consumer Services,Finance
SVIV,Spring Valley Acquisition Corp. IV Class A Ordinary Shares,$10.15,0.00,0.00%,16,0.00,United States,2026,Blank Checks,Finance
SVIVW,Spring Valley Acquisition Corp. IV Warrants,$0.62,-0.155,-20.00%,1085,0.00,United States,2026,Blank Checks,Finance
SVM,Silvercorp Metals Inc. Common Shares,$11.51,-0.83,-6.726%,1868144,2546180529.00,Canada,,Precious Metals,Basic Materials
SVRA,Savara Inc. Common Stock,$5.00,-0.30,-5.66%,3353920,1027300075.00,United States,,Biotechnology: Pharmaceutical Preparations,Health Care
SVRE,SaverOne 2014 Ltd. American Depositary Shares,$2.19,-0.61,-21.786%,48614,5474639.00,Israel,2022,EDP Services,Technology
SVREW,SaverOne 2014 Ltd. Warrant,$0.0095,0.00,0.00%,51,1025932415.00,Israel,2022,EDP Services,Technology
SVRN,SVRN Inc. Common Stock,$32.55,-1.38,-4.067%,235541,61057811.00,Greece,,Marine Transportation,Consumer Discretionary
SVV,Savers Value Village Inc. Common Stock,$9.01,-0.25,-2.70%,1987297,1389847776.00,United States,2023,Other Specialty Stores,Consumer Discretionary
SW,Smurfit WestRock plc Ordinary Shares,$46.49,0.04,0.086%,4530863,24385069993.00,Ireland,2024,Containers/Packaging,Consumer Discretionary
SWAG,Stran & Company Inc. Common Stock,$1.54,0.03,1.987%,1346,28704967.00,United States,2021,Advertising,Consumer Discretionary
SWAGW,Stran & Company Inc. Warrant,$0.0035,0.0003,9.375%,300,65239.00,United States,2021,Advertising,Consumer Discretionary
SWBI,Smith & Wesson Brands Inc. Common Stock,$13.98,-0.08,-0.569%,435270,626858726.00,United States,,Ordnance And Accessories,Industrials
SWIM,Latham Group Inc. Common Stock,$6.34,-0.29,-4.374%,673332,745876185.00,United States,2021,Plastic Products,Industrials
SWK,Stanley Black & Decker Inc. Common Stock,$91.76,-0.37,-0.402%,1425853,13857286978.00,United States,,Industrial Machinery/Components,Consumer Discretionary
SWKHL,SWK Holdings Corporation 9.00% Senior Notes due 2027,$25.09,0.01,0.04%,20964,304778040.00,United States,,,
SWKS,Skyworks Solutions Inc. Common Stock,$91.45,1.49,1.656%,5030633,13760735914.00,United States,,Semiconductors,Technology
SWMR,Swarmer Inc Common Stock,$22.74,0.09,0.397%,491433,362406948.00,United States,2026,Computer Software: Prepackaged Software,Technology
SWRD,Stewards Inc Common Stock,$2.42,0.24,11.009%,350017,510982910.00,United States,,Finance Companies,Finance
SWVL,Swvl Holdings Corp Class A Common Shares,$3.83,-0.22,-5.432%,439501,114899127.00,United Arab Emirates,,Business Services,Consumer Discretionary
SWVLW,Swvl Holdings Corp Warrant,$0.0076,-0.0013,-14.607%,33737,227998.00,United Arab Emirates,,Business Services,Consumer Discretionary
SWX,Southwest Gas Holdings Inc. Common Stock (DE),$82.34,-1.15,-1.377%,568979,5965191536.00,United States,,Oil & Gas Production,Utilities
SWZ,Total Return Securities Fund Common Stock,$5.855,-0.045,-0.763%,16177,0.00,United States,,Finance Companies,Finance
SXC,SunCoke Energy Inc. Common Stock,$9.95,0.12,1.221%,891388,844504758.00,United States,2011,Steel/Iron Ore,Industrials
SXI,Standex International Corporation Common Stock,$276.91,5.77,2.128%,141544,3400860473.00,United States,,Industrial Machinery/Components,Industrials
SXT,Sensient Technologies Corporation Common Stock,$128.85,-1.96,-1.498%,309756,5484218197.00,United States,,Major Chemicals,Industrials
SXTC,China SXT Pharmaceuticals Inc. Class A Ordinary Shares,$2.51,0.04,1.619%,75247,3316905.00,China,2019,Biotechnology: Pharmaceutical Preparations,Health Care
SXTP,60 Degrees Pharmaceuticals Inc. Common Stock,$1.16,0.12,11.538%,54160,4079706.00,United States,2023,Biotechnology: Pharmaceutical Preparations,Health Care
SXTPW,60 Degrees Pharmaceuticals Inc. Warrant,$0.027,-0.008,-22.857%,8544,94959.00,United States,2023,Biotechnology: Pharmaceutical Preparations,Health Care
SY,So-Young International Inc. American Depository Shares,$2.84,0.04,1.429%,433322,284858166.00,China,2019,EDP Services,Technology
SYBT,Stock Yards Bancorp Inc. Common Stock,$77.22,-0.91,-1.165%,122237,2398966172.00,United States,,Major Banks,Finance
SYF,Synchrony Financial Common Stock,$70.67,-2.00,-2.752%,3509667,26293306917.00,United States,2014,Finance: Consumer Services,Finance
SYF^A,Synchrony Financial Depositary Shares each Representing a 1/40th Interest in a Share of 5.625% Fixed Rate Non-Cumulative Perpetual Preferred Stock Series A,$18.31,-0.14,-0.759%,57693,,United States,,,
SYF^B,Synchrony Financial Depositary Shares Each Representing a 1/40th Interest in a Share of 8.250% Fixed Rate Reset Non-Cumulative Perpetual Preferred Stock Series B,$25.80,-0.10,-0.386%,13684,,United States,,,
SYK,Stryker Corporation Common Stock,$273.40,-1.69,-0.614%,2722068,104868870776.00,United States,,Medical/Dental Instruments,Health Care
SYM,Symbotic Inc. Class A Common Stock,$43.69,-1.38,-3.062%,1672784,26423786623.00,United States,2021,Industrial Machinery/Components,Industrials
SYNA,Synaptics Incorporated Common Stock $0.001 Par Value,$98.10,0.46,0.471%,332236,3893825715.00,United States,2002,Semiconductors,Technology
SYNX,Silynxcom Ltd. Ordinary Shares,$0.94,-0.0405,-4.131%,2448,6236374.00,,2024,Consumer Electronics/Appliances,Consumer Staples
SYPR,Sypris Solutions Inc. Common Stock,$1.77,0.04,2.312%,25664,40756786.00,United States,,Industrial Machinery/Components,Industrials
SYRE,Spyre Therapeutics Inc. Common Stock,$88.17,-3.80,-4.132%,918795,7774280596.00,United States,2016,Biotechnology: Pharmaceutical Preparations,Health Care
SYY,Sysco Corporation Common Stock,$77.14,-1.53,-1.945%,5543739,37946242874.00,United States,,Food Distributors,Consumer Discretionary
SZZL,Sizzle Acquisition Corp. II Class A ordinary shares,$10.48,0.02,0.191%,60938,0.00,United States,2025,Blank Checks,Finance
T,AT&T Inc.,$25.30,0.20,0.797%,43043211,173365356945.00,United States,,Telecommunications Equipment,Telecommunications
T^A,AT&T Inc. Depositary Shares each representing a 1/1000th interest in a share of 5.000% Perpetual Preferred Stock Series A,$17.69,-0.04,-0.226%,230119,,United States,,,
T^C,AT&T Inc. Depositary Shares each representing a 1/1000th interest in a share of 4.750% Perpetual Preferred Stock Series C,$16.67,-0.13,-0.774%,343939,,United States,,,
TAC,TransAlta Corporation Ordinary Shares,$11.95,0.02,0.168%,1340101,3776200000.00,Canada,,Electric Utilities: Central,Utilities
TACH,Titan Acquisition Corp. Class A Ordinary Shares,$10.51,0.00,0.00%,5788,0.00,United States,2025,Blank Checks,Finance
TACHW,Titan Acquisition Corp. Warrants,$0.519,0.019,3.80%,29212,0.00,United States,2025,Blank Checks,Finance
TACO,Berto Acquisition Corp. Ordinary Shares,$10.45,-0.01,-0.096%,16909,380821324.00,United States,2025,Blank Checks,Finance
TACOU,Berto Acquisition Corp. Unit,$10.775,-0.08,-0.737%,115,0.00,United States,2025,Blank Checks,Finance
TACOW,Berto Acquisition Corp. Warrant,$0.65,-0.06,-8.451%,3774,0.00,United States,2025,Blank Checks,Finance
TACT,TransAct Technologies Incorporated Common Stock,$5.01,-0.10,-1.957%,15244,51725600.00,United States,1996,Computer peripheral equipment,Technology
TAK,Takeda Pharmaceutical Company Limited American Depositary Shares (each representing 1/2 of a share of Common Stock),$18.81,-0.14,-0.739%,2606400,59436677076.00,Japan,2018,Biotechnology: Pharmaceutical Preparations,Health Care
TAL,TAL Education Group American Depositary Shares,$11.98,0.11,0.927%,2360873,6645321023.00,China,,Other Consumer Services,Real Estate
TALO,Talos Energy Inc. Common Stock,$16.56,0.47,2.921%,1944736,2764948150.00,United States,2018,Oil & Gas Production,Energy
TANH,Tantech Holdings Ltd. Class A Common Shares,$14.45,-0.60,-3.987%,30349,9647499.00,China,2015,Major Chemicals,Industrials
TAOP,Taoping Inc. Ordinary Shares ,$0.6371,0.026,4.255%,443279,6086078.00,Hong Kong,,Computer Software: Prepackaged Software,Technology
TAOX,Tao Synergies Inc. Common Stock,$4.325,-0.165,-3.675%,344088,32365022.00,United States,,Finance: Consumer Services,Finance
TAP,Molson Coors Beverage Company Class B Common Stock,$36.62,-0.26,-0.705%,3310354,6827943026.00,Canada,,Beverages (Production/Distribution),Consumer Staples
TARA,Protara Therapeutics Inc.  Common Stock,$3.54,-0.14,-3.804%,882849,209198028.00,United States,2014,Biotechnology: Biological Products (No Diagnostic Substances),Health Care
TARS,Tarsus Pharmaceuticals Inc. Common Stock,$74.29,-2.79,-3.62%,674332,3476154502.00,United States,2020,Biotechnology: Biological Products (No Diagnostic Substances),Health Care
TASK,TaskUs Inc. Class A Common Stock,$8.41,-0.24,-2.775%,283026,771087847.00,United States,2021,EDP Services,Technology
TATT,TAT Technologies Ltd. Ordinary Shares,$38.17,0.12,0.315%,110539,495566339.00,Israel,,Aerospace,Industrials
TAVI,Tavia Acquisition Corp. Ordinary Shares,$10.76,0.00,0.00%,288,0.00,United States,2024,Blank Checks,Finance
TAVIU,Tavia Acquisition Corp. Unit,$10.80,0.00,0.00%,107,0.00,United States,2024,Blank Checks,Finance
TAYD,Taylor Devices Inc. Common Stock,$62.88,0.78,1.256%,34629,202810951.00,United States,,Industrial Machinery/Components,Industrials
TBB,AT&T Inc. 5.350% Global Notes due 2066,$19.35,-0.05,-0.258%,210429,138359959038.00,United States,2017,Telecommunications Equipment,Telecommunications
TBBB,BBB Foods Inc. Class A Common Shares,$51.73,0.35,0.681%,507448,6096750318.00,Mexico,2024,Food Chains,Consumer Staples
TBBK,The Bancorp Inc Common Stock,$49.54,-1.05,-2.076%,499289,2020578518.00,United States,2004,Major Banks,Finance
TBCH,Turtle Beach Corporation Common Stock,$12.77,-0.03,-0.234%,296712,228707009.00,United States,,Telecommunications Equipment,Telecommunications
TBCVU,Thunder Bridge Capital Partners V Ltd. Units,$9.93,0.00,0.00%,413637,0.00,United States,2026,Blank Checks,Finance
TBI,TrueBlue Inc. Common Stock,$9.81,-0.13,-1.308%,188223,298659015.00,United States,,Professional Services,Consumer Discretionary
TBLA,Taboola.com Ltd. Ordinary Shares,$3.40,-0.18,-5.028%,2283333,857193564.00,Israel,,Computer Software: Programming Data Processing,Technology
TBLD,Thornburg Income Builder Opportunities Trust Common Stock,$20.48,-0.26,-1.254%,48117,657036964.00,United States,2021,Investment Managers,Finance
TBN,Tamboran Resources Corporation Common stock,$35.76,0.34,0.96%,137087,1246465293.00,,2024,Oil & Gas Production,Energy
TC,Token Cat Limited American Depositary Shares,$1.94,0.09,4.865%,47723,51240873.00,China,2018,Business Services,Consumer Discretionary
TCBI,Texas Capital Bancshares Inc. Common Stock,$94.17,-0.30,-0.318%,475718,4093981329.00,United States,2003,Major Banks,Finance
TCBIO,Texas Capital Bancshares Inc. Depositary Shares 5.75% Fixed Rate Non-Cumulative Perpetual Preferred Stock Series B,$18.965,-0.31,-1.608%,35536,824491408.00,United States,,Major Banks,Finance
TCBK,TriCo Bancshares Common Stock,$51.44,-0.88,-1.682%,416360,1644363447.00,United States,,Major Banks,Finance
TCBS,Texas Community Bancshares Inc. Common Stock,$17.0001,0.00,0.00%,322,48836646.00,United States,2021,Banks,Finance
TCBX,Third Coast Bancshares Inc. Common Stock,$42.93,-0.63,-1.446%,78100,714997862.00,United States,,Banks,Finance
TCGX,TCGX Acquisition Corp. Class A Ordinary Shares,$14.73,0.18,1.237%,17781,0.00,United States,2026,,
TCI,Transcontinental Realty Investors Inc. Common Stock,$41.56,0.52,1.267%,12751,364645985.00,United States,,Real Estate Investment Trusts,Real Estate
TCMD,Tactile Systems Technology Inc. Common Stock,$22.43,-0.25,-1.102%,140872,508090775.00,United States,2016,Medical/Dental Instruments,Health Care
TCOM,Trip.com Group Limited American Depositary Shares,$40.63,-0.22,-0.539%,5373574,25584923170.00,China,2003,Business Services,Consumer Discretionary
TCPA,TransCanada PipeLines Limited 6.250% Junior Subordinated Notes due 2085,$21.12,-0.47,-2.177%,24842,0.00,Canada,2025,Natural Gas Distribution,Utilities
TCPC,BlackRock TCP Capital Corp. Common Stock,$4.04,-0.04,-0.98%,422465,338967211.00,United States,2012,Finance/Investors Services,Finance
TCRT,Alaunos Therapeutics Inc. Common Stock,$1.15,-0.12,-9.449%,207567,2928666.00,United States,,Biotechnology: Pharmaceutical Preparations,Health Care
TCRX,TScan Therapeutics Inc. Common Stock,$0.364,0.0092,2.593%,1081202,23114971.00,United States,2021,Biotechnology: Biological Products (No Diagnostic Substances),Health Care
TCX,Tucows Inc. Class A Common Stock,$10.49,-0.07,-0.663%,62708,117300355.00,Canada,,EDP Services,Technology
TD,Toronto Dominion Bank (The) Common Stock,$119.41,-3.24,-2.642%,1609219,195640985770.00,Canada,,Commercial Banks,Finance
TDAC,Translational Development Acquisition Corp. Ordinary Shares,$10.88,0.02,0.184%,3893,0.00,United States,2025,,
TDACU,Translational Development Acquisition Corp. Units,$12.57,0.00,0.00%,22,0.00,United States,2024,,
TDACW,Translational Development Acquisition Corp. Warrants,$1.55,-0.02,-1.274%,2137,0.00,United States,2025,,
TDAY,USA TODAY Co. Inc. Common Stock,$6.39,-0.17,-2.591%,1547244,938166643.00,United States,2014,Newspapers/Magazines,Consumer Discretionary
TDC,Teradata Corporation Common Stock,$29.21,-0.20,-0.68%,1008225,2716530000.00,United States,,Computer Software: Prepackaged Software,Technology
TDF,Templeton Dragon Fund Inc. Common Stock,$10.00,-0.34,-3.288%,18219,0.00,United States,,Finance/Investors Services,Finance
TDG,Transdigm Group Incorporated Common Stock,$1105.28,-7.14,-0.642%,287071,61096037552.00,United States,2006,Military/Government/Technical,Industrials
TDIC,Dreamland Limited Class A Ordinary Shares,$1.92,-0.03,-1.538%,19359,6692319.00,Hong Kong,2025,Other Consumer Services,Consumer Discretionary
TDOC,Teladoc Health Inc. Common Stock,$6.13,-0.22,-3.465%,2967213,1113723049.00,United States,2015,Medical/Nursing Services,Health Care
TDS,Telephone and Data Systems Inc. Common Shares,$36.43,-0.26,-0.709%,1526061,4193093000.00,United States,,Telecommunications Equipment,Telecommunications
TDS^U,Telephone and Data Systems Inc. Depositary Shares Each Representing a 1/1000th Interest in a 6.625% Series UU Cumulative Redeemable Perpetual Preferred Stock,$20.02,-0.10,-0.497%,43165,,United States,,,
TDS^V,Telephone and Data Systems Inc. Depositary Shares Each Representing a 1/1000th Interest in a 6.000% Series VV Cumulative Redeemable Perpetual Preferred Stock,$18.22,-0.11,-0.60%,55927,,United States,,,
TDTH,Trident Digital Tech Holdings Ltd Class B Ordinary Shares,$1.87,0.135,7.781%,23413,16150724.00,Singapore,2024,Business Services,Consumer Discretionary
TDUP,ThredUp Inc. Class A Common Stock,$2.28,-0.17,-6.939%,1392815,299440722.00,United States,2021,Catalog/Specialty Distribution,Consumer Discretionary
TDW,Tidewater Inc. Common Stock,$85.91,-1.25,-1.434%,341019,4274557805.00,United States,2017,Marine Transportation,Consumer Discretionary
TDWD,Tailwind 2.0 Acquisition Corp. Class A Ordinary Shares,$10.13,0.00,0.00%,10110,0.00,United States,2025,Blank Checks,Finance
TDWDR,Tailwind 2.0 Acquisition Corp. Rights,$0.1101,-0.0001,-0.091%,1100,0.00,United States,2025,Blank Checks,Finance
TDY,Teledyne Technologies Incorporated Common Stock,$621.05,8.31,1.356%,466774,28789190717.00,United States,,Industrial Machinery/Components,Industrials
TE,T1 Energy Inc. Common Stock,$4.04,-0.32,-7.339%,21013999,1189685161.00,Luxembourg,2021,Semiconductors,Technology
TEAD,Teads Holding Co. Common Stock,$0.4513,-0.0028,-0.617%,157647,44256808.00,United States,2021,Computer Software: Programming Data Processing,Technology
TEAM,Atlassian Corporation Class A Common Stock,$195.08,6.43,3.408%,2408354,49382320030.00,Australia,2015,Computer Software: Prepackaged Software,Technology
TECH,Bio-Techne Corp Common Stock,$72.52,-0.03,-0.041%,3562328,11372458620.00,United States,,Biotechnology: Biological Products (No Diagnostic Substances),Health Care
TECK,Teck Resources Ltd Ordinary Shares,$66.80,-2.08,-3.02%,3475190,32701461044.00,Canada,,Mining & Quarrying of Nonmetallic Minerals (No Fuels),Industrials
TECX,Tectonic Therapeutic Inc. Common Stock,$24.98,-1.52,-5.736%,207447,488343163.00,United States,2018,Biotechnology: Biological Products (No Diagnostic Substances),Health Care
TEI,Templeton Emerging Markets Income Fund Inc. Common Stock,$6.35,-0.22,-3.349%,139699,0.00,United States,1993,Finance Companies,Finance
TEL,TE Connectivity plc Ordinary Shares,$214.39,0.91,0.426%,1454170,62068740951.00,Ireland,,Electronic Components,Technology
TELA,TELA Bio Inc. Common Stock,$1.30,-0.11,-7.801%,443276,58686433.00,United States,2019,Medical/Dental Instruments,Health Care
TELO,Telomir Pharmaceuticals Inc. Common Stock,$1.22,-0.03,-2.40%,34656,83905446.00,United States,2024,Biotechnology: Pharmaceutical Preparations,Health Care
TEM,Tempus AI Inc. Class A Common Stock,$76.59,-0.60,-0.777%,5375416,13905385911.00,United States,2024,Computer Software: Programming Data Processing,Technology
TEN,Tsakos Energy Navigation Ltd Common Shares,$47.00,-1.27,-2.631%,685492,1415997341.00,Greece,,Marine Transportation,Consumer Discretionary
TEN^E,Tsakos Energy Navigation Ltd Series E Fixed-to-Floating Rate Cumulative Redeemable Perpetual Preferred Shares par value $1.00,$25.636,-0.014,-0.055%,2401,,Greece,,,
TEN^F,Tsakos Energy Navigation Ltd Series F Fixed-to-Floating Rate Cumulative Redeemable Perpetual Preferred Shares par value $1.00,$26.57,-0.0699,-0.262%,5659,,Greece,,,
TENB,Tenable Holdings Inc. Common Stock,$36.23,0.32,0.891%,2415678,3990371584.00,United States,2018,Computer Software: Prepackaged Software,Technology
TENX,Tenax Therapeutics Inc. Common Stock,$1.90,-0.04,-2.062%,2353062,71105442.00,United States,,Biotechnology: Pharmaceutical Preparations,Health Care
TEO,Telecom Argentina SA,$13.98,-0.20,-1.41%,164384,6021711676.00,Argentina,,Telecommunications Equipment,Telecommunications
TER,Teradyne Inc. Common Stock,$389.14,-9.55,-2.395%,2011542,60838439455.00,United States,,Electrical Products,Industrials
TEVA,Teva Pharmaceutical Industries Limited Ordinary Shares,$39.01,-0.51,-1.29%,6138749,45458200237.00,Israel,,Biotechnology: Pharmaceutical Preparations,Health Care
TEX,Terex Corporation Common Stock,$58.21,-0.58,-0.987%,989538,6653403000.00,United States,,Construction/Ag Equipment/Trucks,Industrials
TFC,Truist Financial Corporation Common Stock,$47.00,-1.07,-2.226%,6298534,57416430836.00,United States,,Major Banks,Finance
TFC^I,Truist Financial Corporation Depositary Shares,$18.11,0.01,0.055%,40453,,United States,,,
TFC^O,Truist Financial Corporation Depositary Shares Each Representing a 1/1000th Interest in a Share of Series O Non-Cumulative Perpetual Preferred Stock,$19.28,0.04,0.208%,162283,,United States,,,
TFC^R,Truist Financial Corporation Depositary Shares each representing 1/1000th interest in a share of Series R Non-Cumulative Perpetual Preferred Stock,$17.24,-0.03,-0.174%,154007,,United States,,,
TFII,TFI International Inc. Common Shares,$124.96,-0.08,-0.064%,406201,10270466274.00,Canada,,Trucking Freight/Courier Services,Industrials
TFIN,Triumph Financial Inc. Common Stock,$61.37,-0.89,-1.429%,233853,1466407736.00,United States,,Major Banks,Finance
TFIN^,Triumph Financial Inc. Depositary Shares Each Representing a 1/40th Interest in a Share of 7.125% Series C Fixed-Rate Non-Cumulative Perpetual Preferred Stock,$21.9299,0.0299,0.137%,8310,,United States,,,
TFPM,Triple Flag Precious Metals Corp. Common Shares,$32.52,-1.21,-3.587%,419744,6718759218.00,Canada,2022,Precious Metals,Industrials
TFSL,TFS Financial Corporation Common Stock,$16.50,-0.20,-1.198%,705335,4627305458.00,United States,2007,Savings Institutions,Finance
TFX,Teleflex Incorporated Common Stock,$121.75,-3.15,-2.522%,832677,5158839335.00,United States,,Medical/Dental Instruments,Health Care
TG,Tredegar Corporation Common Stock,$7.01,-0.13,-1.821%,130855,244958590.00,United States,,Metal Fabrications,Industrials
TGB,Trekor Metals Limited Common Shares,$9.06,-0.30,-3.205%,7098881,3316171261.00,Canada,,Precious Metals,Basic Materials
TGE,The Generation Essentials Group Class A Ordinary Shares,$0.8629,-0.0068,-0.782%,6097,42062585.00,,2025,Newspapers/Magazines,Consumer Discretionary
TGEN,Tecogen Inc. Common Stock,$3.15,-0.17,-5.12%,99957,95091639.00,United States,2025,Industrial Machinery/Components,Industrials
TGHL,The GrowHub Limited Class A Ordinary Shares,$0.8257,-0.0045,-0.542%,111881,20890053.00,Singapore,2025,EDP Services,Technology
TGL,Treasure Global Inc. Common Stock,$2.04,-0.05,-2.392%,165973,3987857.00,United States,2022,Business Services,Consumer Discretionary
TGLS,Tecnoglass Holdings Inc. Common Stock,$35.24,-1.74,-4.705%,209981,1563409068.00,Colombia,2022,Electronic Components,Consumer Discretionary
TGS,Transportadora de Gas del Sur SA TGS Common Stock,$27.41,-0.38,-1.367%,174755,4126636131.00,Argentina,,Natural Gas Distribution,Utilities
TGT,Target Corporation Common Stock,$156.26,-2.76,-1.736%,2989023,70988407967.00,United States,,Department/Specialty Retail Stores,Consumer Discretionary
TGTX,TG Therapeutics Inc. Common Stock,$56.00,-2.11,-3.631%,2120082,8571866968.00,United States,,Biotechnology: Pharmaceutical Preparations,Health Care
TH,Target Hospitality Corp. Common Stock,$21.20,0.01,0.047%,1222988,2112016568.00,United States,2018,Hotels/Resorts,Consumer Discretionary
THC,Tenet Healthcare Corporation Common Stock,$256.44,-5.62,-2.145%,632375,20648292360.00,United States,,Hospital/Nursing Management,Health Care
THCH,TH International Limited Ordinary shares,$1.29,-0.08,-5.839%,3168,42884221.00,China,,Restaurants,Consumer Discretionary
THEO,BOA Acquisition Corp. II Class A Ordinary Shares,$9.895,0.006,0.061%,885,0.00,United States,2026,Blank Checks,Finance
THFF,First Financial Corporation Common Stock,$74.50,-1.22,-1.611%,108129,885946252.00,United States,,Major Banks,Finance
THG,Hanover Insurance Group Inc,$217.57,-0.84,-0.385%,229753,7575835483.00,United States,,Property-Casualty Insurers,Finance
THH,TryHard Holdings Limited Ordinary Shares,$1.54,-0.04,-2.532%,1990,7707123.00,Japan,2025,Services-Misc. Amusement & Recreation,Consumer Discretionary
THM,International Tower Hill Mines Ltd. Ordinary Shares (Canada),$2.81,-0.14,-4.746%,770568,735201299.00,Canada,,Metal Mining,Basic Materials
THO,Thor Industries Inc. Common Stock,$72.31,-1.49,-2.019%,1079305,3732234444.00,United States,,Homebuilding,Industrials
THQ,abrdn Healthcare Opportunities Fund Shares of Beneficial Interest,$18.86,-0.38,-1.975%,104834,0.00,United States,2014,Finance Companies,Finance
THRM,Gentherm Inc Common Stock,$35.25,-1.47,-4.003%,615142,1082362424.00,United States,,Auto Parts:O.E.M.,Consumer Discretionary
THRY,Thryv Holdings Inc. Common Stock,$1.84,-0.14,-7.071%,367628,81767964.00,United States,,Advertising,Consumer Discretionary
THW,abrdn World Healthcare Fund Shares of Beneficial Interest,$13.37,-0.53,-3.813%,146549,0.00,United States,2015,Finance Companies,Finance
TIC,TIC Solutions Inc. Common Stock,$8.93,-0.30,-3.25%,945486,1948707779.00,United States,2025,Business Services,Consumer Discretionary
TIGO,Millicom International Cellular S.A. Common Stock,$91.90,-2.48,-2.628%,811218,15397002185.00,Luxembourg,,Telecommunications Equipment,Telecommunications
TIGR,UP Fintech Holding Ltd American Depositary Share representing fifteen Class A Ordinary Shares,$4.71,-0.17,-3.484%,1622988,841680113.00,China,2019,Investment Bankers/Brokers/Service,Finance
TII,Titan Mining Corporation Common Shares,$3.19,0.07,2.244%,195146,315747240.00,,2025,,
TIL,Instil Bio Inc. Common Stock,$7.235,0.105,1.473%,11589,49067596.00,United States,2021,Biotechnology: Biological Products (No Diagnostic Substances),Health Care
TILE,Interface Inc. Common Stock,$34.94,-0.29,-0.823%,253515,2019548072.00,United States,,Home Furnishings,Consumer Discretionary
TIMB,TIM S.A. American Depositary Shares (Each representing 5 Common Shares) ,$18.34,-0.60,-3.168%,629405,8774317765.00,Brazil,2020,Telecommunications Equipment,Telecommunications
TIPT,Tiptree Inc. Common Stock,$17.32,-0.15,-0.859%,207236,644991465.00,United States,,Property-Casualty Insurers,Finance
TISI,Team Inc. Common Stock,$28.90,0.35,1.226%,41778,132454740.00,United States,,Other Consumer Services,Consumer Discretionary
TITN,Titan Machinery Inc. Common Stock,$24.22,0.05,0.207%,134610,569966765.00,United States,2007,Other Specialty Stores,Consumer Discretionary
TJGC,TJGC Group Limited Class A Ordinary Shares,$23.28,6.38,37.751%,393123,235128535.00,Hong Kong,2025,Advertising,Consumer Discretionary
TJX,TJX Companies Inc. (The) Common Stock,$131.59,0.80,0.612%,8651501,144745586687.00,United States,,Clothing/Shoe/Accessory Stores,Consumer Discretionary
TK,Teekay Corporation Ltd. Common Stock,$13.52,-0.24,-1.744%,498290,1173245753.00,Bermuda,,Marine Transportation,Consumer Discretionary
TKC,Turkcell Iletisim Hizmetleri AS Common Stock,$5.16,-0.03,-0.578%,1020787,4540800000.00,Turkey,,Telecommunications Equipment,Telecommunications
TKLF,Tokyo Lifestyle Co. Ltd. American Depositary Shares,$1.68,0.005,0.299%,5946,7111072.00,Japan,2022,Other Specialty Stores,Consumer Discretionary
TKNO,Alpha Teknova Inc. Common Stock,$8.93,0.16,1.824%,381719,479436037.00,United States,2021,Biotechnology: In Vitro & In Vivo Diagnostic Substances,Health Care
TKO,TKO Group Holdings Inc. Class A Common Stock,$189.08,0.21,0.111%,747430,35787117334.00,United States,2023,Services-Misc. Amusement & Recreation,Consumer Discretionary
TKR,Timken Company (The) Common Stock,$117.64,2.12,1.835%,1193838,8152080140.00,United States,,Metal Fabrications,Industrials
TLAC,Three Lions Acquisition Corp. Ordinary Shares,$9.86,0.00,0.00%,10928,0.00,United States,2026,,
TLACU,Three Lions Acquisition Corp. Units,$9.95,0.00,0.00%,2058,0.00,United States,2026,,
TLACW,Three Lions Acquisition Corp. Warrants,$0.151,0.00,0.00%,1200,0.00,United States,2026,,
TLF,Tandy Leather Factory Inc. Common Stock,$2.61,0.02,0.772%,11890,21381316.00,United States,,Apparel,Consumer Discretionary
TLIH,Ten-League International Holdings Limited Ordinary Shares,$5.75,-0.03,-0.519%,379,16907501.00,Singapore,2025,Industrial Specialties,Consumer Discretionary
TLK,PT Telekomunikasi Indonesia Tbk,$13.47,-0.20,-1.463%,829397,13343680576.00,Indonesia,,Telecommunications Equipment,Telecommunications
TLN,Talen Energy Corporation Common Stock,$300.34,5.80,1.969%,924776,14390568548.00,United States,,Electric Utilities: Central,Utilities
TLNC,Talon Capital Corp. Class A Ordinary Shares,$10.21,0.00,0.00%,13690,0.00,United States,2025,Blank Checks,Finance
TLPH,Talphera Inc. Common Stock,$1.16,-0.01,-0.855%,81353,60210723.00,United States,2011,Biotechnology: Pharmaceutical Preparations,Health Care
TLRY,Tilray Brands Inc. Common Stock ,$4.11,-0.12,-2.837%,2858098,607384600.00,United States,2018, Medicinal Chemicals and Botanical Products ,Health Care
TLS,Telos Corporation Common Stock,$4.09,-0.01,-0.244%,525123,305673467.00,United States,2020,EDP Services,Technology
TLSA,Tiziana Life Sciences Ltd. Common Shares,$1.05,0.1601,17.991%,1581137,133622088.00,United Kingdom,2018,Biotechnology: Pharmaceutical Preparations,Health Care
TLSI,TriSalus Life Sciences Inc. Common Stock,$5.00,0.07,1.42%,2602875,307873000.00,United States,2021,Medical Specialities,Health Care
TLSIW,TriSalus Life Sciences Inc. Warrant,$0.80,-0.08,-9.091%,12792,49259680.00,United States,2021,Medical Specialities,Health Care
TLX,Telix Pharmaceuticals Limited American Depositary Shares,$11.27,-0.68,-5.69%,464923,3818017342.00,Australia,,Biotechnology: Pharmaceutical Preparations,Health Care
TLYS,Tilly's Inc. Common Stock,$4.13,-0.22,-5.057%,237874,126325404.00,United States,2012,Clothing/Shoe/Accessory Stores,Consumer Discretionary
TM,Toyota Motor Corporation Common Stock,$190.36,-1.70,-0.885%,266857,248113928981.00,Japan,,Auto Manufacturing,Industrials
TMC,TMC the metals company Inc. Common Stock,$4.065,-0.345,-7.823%,4582268,1793215734.00,Canada,,Metal Mining,Basic Materials
TMCI,Treace Medical Concepts Inc. Common Stock,$4.51,-0.08,-1.743%,318073,293305830.00,United States,2021,Medical/Dental Instruments,Health Care
TMCR,The Metals Royalty Company Inc. Common Stock,$4.42,-0.25,-5.353%,31597,278676328.00,Canada,,Precious Metals,Basic Materials
TMDE,TMD Energy Limited Ordinary Shares,$0.7001,-0.0014,-0.20%,67333,16497857.00,,2025,Oil Refining/Marketing,Energy
TMDX,TransMedics Group Inc. Common Stock,$87.00,-1.07,-1.215%,615603,3016737615.00,United States,2019,Biotechnology: Electromedical & Electrotherapeutic Apparatus,Health Care
TME,Tencent Music Entertainment Group American Depositary Shares each representing two Class A Ordinary Shares,$8.22,-0.06,-0.725%,9636135,12937494990.00,United States,2018,Broadcasting,Consumer Discretionary
TMO,Thermo Fisher Scientific Inc Common Stock,$665.30,6.78,1.03%,2345638,245992869376.00,United States,,Industrial Machinery/Components,Industrials
TMP,Tompkins Financial Corporation Common Stock,$96.69,-1.13,-1.155%,104213,1390683084.00,United States,1997,Major Banks,Finance
TMQ,Trilogy Metals Inc. Common Stock,$3.31,-0.12,-3.499%,1266052,571788065.00,Canada,,Precious Metals,Basic Materials
TMS,Teamshares Inc. Common Stock,$8.50,0.26,3.155%,54595,626114386.00,United States,2025,,
TMSWW,Teamshares Inc. Warrants,$1.01,-0.18,-15.126%,128092,74397121.00,United States,2025,,
TMTS,Spartacus Acquisition Corp. II Class A Ordinary Shares,$10.025,-0.005,-0.05%,197,0.00,United States,2026,,
TMTSW,Spartacus Acquisition Corp. II Warrants,$0.3916,-0.0084,-2.10%,200,0.00,United States,2026,,
TMUS,T-Mobile US Inc. Common Stock,$165.66,3.25,2.001%,8045148,177698779410.00,United States,,Telecommunications Equipment,Telecommunications
TMUSI,T-Mobile US Inc. 5.500% Senior Notes due June 2070,$19.3131,-0.0469,-0.242%,26665,0.00,United States,,Telecommunications Equipment,Telecommunications
TMUSL,T-Mobile US Inc. 6.250% Senior Notes due 2069,$21.62,-0.088,-0.405%,30908,0.00,United States,,Telecommunications Equipment,Telecommunications
TMUSZ,T-Mobile US Inc. 5.500% Senior Notes due March 2070,$19.4001,-0.1999,-1.02%,45014,0.00,United States,,Telecommunications Equipment,Telecommunications
TNC,Tennant Company Common Stock,$65.95,-0.77,-1.154%,147757,1124401533.00,United States,,Industrial Machinery/Components,Industrials
TNDM,Tandem Diabetes Care Inc. Common Stock,$16.38,-1.12,-6.40%,2806851,1139699221.00,United States,2013,Medical/Dental Instruments,Health Care
TNET,TriNet Group Inc. Common Stock,$65.24,-1.47,-2.204%,303411,2994825107.00,United States,2014,Business Services,Consumer Discretionary
TNGX,Tango Therapeutics Inc.,$24.45,-1.08,-4.23%,4957308,4122523473.00,United States,2020,Biotechnology: Pharmaceutical Preparations,Health Care
TNK,Teekay Tankers Ltd.,$94.54,-1.06,-1.109%,335817,3275230335.00,Bermuda,2007,Marine Transportation,Consumer Discretionary
TNL,Travel   Leisure Co. Common  Stock,$63.09,0.22,0.35%,599639,3861374997.00,United States,,Hotels/Resorts,Consumer Discretionary
TNMG,TNL Mediagene Ordinary Shares,$4.54,0.63,16.113%,4452291,3453001.00,Taiwan,,Advertising,Consumer Discretionary
TNON,Tenon Medical Inc. Common Stock,$3.27,-0.16,-4.665%,218103,3376530.00,United States,2022,Medical/Dental Instruments,Health Care
TNONW,Tenon Medical Inc. Warrant,$0.0056,-0.001,-15.152%,137104,5782.00,United States,,Medical/Dental Instruments,Health Care
TNXP,Tonix Pharmaceuticals Holding Corp. Common Stock,$10.24,-0.35,-3.305%,913640,175626486.00,United States,,Biotechnology: Pharmaceutical Preparations,Health Care
TNYA,Tenaya Therapeutics Inc. Common Stock,$0.6613,-0.0209,-3.064%,2920341,148283307.00,United States,2021,Biotechnology: Biological Products (No Diagnostic Substances),Health Care
TOL,Toll Brothers Inc. Common Stock,$135.27,-2.30,-1.672%,1296745,12464724690.00,United States,,Homebuilding,Consumer Discretionary
TOMZ,TOMI Environmental Solutions Inc. Common Stock,$1.4437,-0.0163,-1.116%,32138,14137528.00,United States,,Major Chemicals,Industrials
TONT,Graf Global Corp. Class A ordinary shares,$10.905,0.005,0.046%,4847,0.00,,2024,,
TONX,TON Strategy Company Common Stock,$4.04,-0.03,-0.737%,584079,222490836.00,United States,,Finance: Consumer Services,Finance
TOON,Kartoon Studios Inc. Common Stock,$0.5801,0.0021,0.363%,149565,36084601.00,United States,,Movies/Entertainment,Consumer Discretionary
TOP,TOP Financial Group Limited Class A Ordinary Shares,$15.00,-0.40,-2.597%,89479,1885582695.00,Hong Kong,2022,Investment Bankers/Brokers/Service,Finance
TOPP,Toppoint Holdings Inc. Common Stock,$0.142,0.0008,0.567%,234487,3507400.00,,2025,Trucking Freight/Courier Services,Industrials
TOPS,TOP Ships Inc. Common Stock,$0.7094,-0.1606,-18.46%,5527120,3931261.00,Greece,,Marine Transportation,Consumer Discretionary
TORO,Toro Corp. Common Stock,$5.74,0.00,0.00%,20320,198370554.00,Cyprus,,Marine Transportation,Consumer Discretionary
TOST,Toast Inc. Class A Common Stock,$29.81,0.16,0.54%,8572029,17230180000.00,United States,2021,EDP Services,Technology
TOUR,Tuniu Corporation American Depositary Shares,$5.065,-0.185,-3.524%,1981,55024929.00,China,2014,Transportation Services,Consumer Discretionary
TOVX,Theriva Biologics Inc. Common Stock,$0.2347,0.0039,1.69%,327787,10771009.00,United States,,Biotechnology: Pharmaceutical Preparations,Health Care
TOWN,TowneBank Common Stock,$36.07,-0.29,-0.798%,377684,2691447093.00,United States,,Major Banks,Finance
TOYO,TOYO Co. Ltd Ordinary Shares,$4.34,-0.14,-3.125%,372535,165672955.00,Japan,,Miscellaneous manufacturing industries,Consumer Discretionary
TP,Ticketplus Ltd. Ordinary Shares,$8.23,-0.17,-2.024%,6367,105161919.00,,2026,Services-Misc. Amusement & Recreation,Consumer Discretionary
TPB,Turning Point Brands Inc. Common Stock,$60.50,0.22,0.365%,692789,1212959781.00,United States,2016,Tobacco,Consumer Discretionary
TPC,Tutor Perini Corporation Common Stock,$84.36,-1.41,-1.644%,200258,4434730710.00,United States,1970,General Bldg Contractors - Nonresidential Bldgs,Consumer Discretionary
TPCS,TechPrecision Corporation Common stock,$5.29,-0.02,-0.377%,14502,53604951.00,United States,,Metal Fabrications,Industrials
TPET,Trio Petroleum Corp. Common Stock,$1.76,0.06,3.529%,212195,9370076.00,,2023,Oil & Gas Production,Energy
TPG,TPG Inc. Class A Common Stock,$44.93,-0.69,-1.512%,2595875,16979890156.00,United States,2022,Investment Managers,Finance
TPGXL,TPG Operating Group II L.P. 6.950% Fixed-Rate Junior Subordinated Notes due 2064,$21.11,-0.30,-1.401%,8302,7701472110.00,United States,,,
TPL,Texas Pacific Land Corporation Common Stock,$335.74,-19.50,-5.489%,433968,23157560070.00,United States,,Oil & Gas Production,Energy
TPR,Tapestry Inc. Common Stock,$110.51,-2.08,-1.847%,2385893,22034774336.00,United States,,Apparel,Consumer Discretionary
TPST,Tempest Therapeutics Inc. Common Stock,$0.922,-0.078,-7.80%,791847,15249665.00,United States,,Biotechnology: Pharmaceutical Preparations,Health Care
TPTS,Terra Property Trust Inc. 7.00% Senior Secured Notes due 2029,$14.70,-0.40,-2.649%,1182,0.00,,2026,Real Estate Investment Trusts,Real Estate
TPVG,TriplePoint Venture Growth BDC Corp. Common Stock,$4.92,0.01,0.204%,200989,200291837.00,United States,2014,Other Consumer Services,Consumer Discretionary
TR,Tootsie Roll Industries Inc. Common Stock,$37.97,0.44,1.172%,111149,2850470475.00,United States,,Specialty Foods,Consumer Staples
TRAD,APEX Tech Acquisition Inc. Ordinary Shares,$10.05,0.01,0.10%,396,0.00,,2026,Investment Bankers/Brokers/Service,Finance
TRAK,ReposiTrak Inc. Common Stock,$8.18,-0.04,-0.487%,52300,148659762.00,United States,,EDP Services,Technology
TRAW,Traws Pharma Inc. Common Stock,$0.5036,0.0036,0.72%,41434,7739464.00,United States,2013,Biotechnology: Pharmaceutical Preparations,Health Care
TRAX,First Tracks Biotherapeutics Inc. Ordinary Shares ,$36.66,-4.37,-10.651%,659464,1309892704.00,United States,,Biotechnology: Pharmaceutical Preparations,Health Care
TRBG,TurboGen Ltd. Ordinary Shares,$3.74,0.16,4.469%,27583,95205403.00,Israel,,Power Generation,Utilities
TRC,Tejon Ranch Co Common Stock,$16.26,-0.25,-1.514%,85596,439368679.00,United States,2000,Real Estate,Finance
TRDA,Entrada Therapeutics Inc. Common Stock,$6.50,-0.21,-3.13%,282773,253088349.00,United States,2021,Biotechnology: Pharmaceutical Preparations,Health Care
TREE,LendingTree Inc. Common Stock,$24.00,-2.05,-7.869%,622629,336949464.00,United States,,Finance: Consumer Services,Finance
TREO,Tactical Resources Corp. Common Shares,$3.98,0.00,0.00%,5737,54175895.00,Canada,,Metal Mining,Basic Materials
TREX,Trex Company Inc. Common Stock,$43.62,-0.51,-1.156%,1114660,4443359588.00,United States,,Forest Products,Basic Materials
TRGP,Targa Resources Inc. Common Stock,$283.01,0.86,0.305%,1059494,60686123253.00,United States,2010,Natural Gas Distribution,Utilities
TRGS,TRG Latin America Acquisitions Corp. Class A Ordinary Shares,$9.96,0.00,0.00%,10,0.00,United States,2026,Blank Checks,Finance
TRI,Thomson Reuters Corporation Common Shares,$98.45,2.79,2.917%,2058996,42648540000.00,United States,,Publishing,Consumer Discretionary
TRIB,Trinity Biotech plc American Depositary Shares,$7.01,-0.39,-5.27%,3881,5700055.00,Ireland,1992,Biotechnology: In Vitro & In Vivo Diagnostic Substances,Health Care
TRIN,Trinity Capital Inc. Common Stock,$17.55,-0.29,-1.626%,785768,1661872224.00,United States,,Finance: Consumer Services,Finance
TRIP,TripAdvisor Inc. Common Stock,$8.04,-0.51,-5.965%,6287402,942282710.00,United States,,Computer Software: Programming Data Processing,Technology
TRLV,Trulieve Cannabis Corp. Subordinate Voting Shares,$12.54,0.07,0.561%,2988671,2414768887.00,,, Medicinal Chemicals and Botanical Products ,Health Care
TRMB,Trimble Inc. Common Stock,$59.32,0.02,0.034%,1828091,13832228583.00,United States,1990,Industrial Machinery/Components,Industrials
TRMD,TORM plc Class A Common Stock,$34.42,-0.21,-0.606%,2541978,3493209869.00,United Kingdom,,Marine Transportation,Consumer Discretionary
TRMK,Trustmark Corporation Common Stock,$45.69,-0.25,-0.544%,294010,2653244663.00,United States,,Major Banks,Finance
TRN,Trinity Industries Inc. Common Stock,$28.05,0.23,0.827%,505347,2234729082.00,United States,,Railroads,Industrials
TRNI,Trinity Capital Inc. 7.875% Notes Due 2029,$25.01,-0.01,-0.04%,14480,1758557142.00,United States,,Finance: Consumer Services,Finance
TRNO,Terreno Realty Corporation Common Stock,$66.02,-0.38,-0.572%,755582,7194219866.00,United States,2010,Real Estate,Finance
TRNR,Interactive Strength Inc. Common Stock,$2.65,-0.31,-10.473%,507150,4292210.00,United States,2023,Consumer Electronics/Appliances,Technology
TRNS,Transcat Inc. Common Stock,$89.05,-2.78,-3.027%,104798,836027581.00,United States,,Electrical Products,Industrials
TRNZ,Trinity Capital Inc. 7.875% Notes due 2029,$25.02,-0.04,-0.16%,6863,1759260283.00,United States,,Finance: Consumer Services,Finance
TRON,Tron Inc. Common Stock,$1.47,-0.06,-3.922%,605646,697341634.00,United States,2023,Finance: Consumer Services,Finance
TROO,TROOPS Inc. Ordinary Shares ,$1.83,-0.21,-10.294%,71158,223553104.00,China,,Diversified Financial Services,Finance
TROW,T. Rowe Price Group Inc. Common Stock,$104.57,0.40,0.384%,1358547,22306438435.00,United States,1986,Investment Managers,Finance
TROX,Tronox Holdings plc Ordinary Shares (UK),$4.30,-0.10,-2.273%,1437705,686710125.00,United States,,Major Chemicals,Basic Materials
TRP,TC Energy Corporation Common Stock,$60.20,0.42,0.703%,4376288,60200000000.00,Canada,,Natural Gas Distribution,Utilities
TRS,TriMas Corporation Common Stock,$39.20,0.50,1.292%,378052,1406255822.00,United States,2007,Industrial Specialties,Industrials
TRSG,Tungray Technologies Inc Class A Ordinary Shares,$1.3999,-0.0556,-3.82%,18090,22893244.00,Singapore,2024,Industrial Machinery/Components,Industrials
TRST,TrustCo Bank Corp NY Common Stock,$55.54,-0.42,-0.751%,92656,945720680.00,United States,,Major Banks,Finance
TRT,Trio-Tech International Common Stock,$11.45,0.21,1.868%,435107,117917241.00,Singapore,,Industrial Machinery/Components,Technology
TRTN^A,Triton International Limited 8.50% Series A Cumulative Redeemable Perpetual  Preference Shares,$25.4501,-0.0799,-0.313%,8536,,United States,,,
TRTN^B,Triton International Limited 8.00% Series B Cumulative Redeemable Perpetual Preference Shares,$25.08,0.09,0.36%,14775,,United States,,,
TRTN^C,Triton International Limited 7.375% Series C Cumulative Redeemable Perpetual Preference Shares,$23.665,-0.165,-0.692%,4300,,United States,,,
TRTN^D,Triton International Limited 6.875% Series D Cumulative Redeemable Perpetual Preference Shares,$21.655,-0.335,-1.523%,20887,,United States,,,
TRTN^E,Triton International Limited 5.75% Series E Cumulative Redeemable Perpetual Preference Shares,$18.11,-0.19,-1.038%,5748,,United States,,,
TRTN^F,Triton International Limited 7.625% Series F Cumulative Redeemable Perpetual Preference Shares,$23.78,-0.02,-0.084%,5034,,United States,,,
TRTN^G,Triton International Limited 7.500% Series G Cumulative Redeemable Perpetual Preference Shares,$23.40,-0.03,-0.128%,20305,,United States,,,
TRTX,TPG RE Finance Trust Inc. Common Stock,$6.82,-0.37,-5.146%,1533658,523564641.00,United States,2017,Real Estate Investment Trusts,Real Estate
TRTX^C,TPG RE Finance Trust Inc. 6.25% Series C Cumulative Redeemable Preferred Stock $0.001 par value per share,$16.81,-0.39,-2.267%,22204,,United States,,,
TRU,TransUnion Common Stock,$70.95,-0.92,-1.28%,1801568,13594020000.00,United States,2015,Finance: Consumer Services,Finance
TRUG,TruGolf Holdings Inc. Class A Common Stock,$0.455,0.0304,7.16%,27789234,2098668.00,United States,2021,Recreational Games/Products/Toys,Consumer Discretionary
TRUP,Trupanion Inc. Common Stock,$22.88,-0.75,-3.174%,371163,1003805340.00,United States,,Medical Specialities,Health Care
TRV,The Travelers Companies Inc. Common Stock,$360.39,-1.62,-0.448%,1856917,75168352179.00,United States,,Property-Casualty Insurers,Finance
TRVG,trivago N.V. American Depositary Shares,$5.26,-1.08,-17.035%,331209,371459485.00,Germany,2016,EDP Services,Technology
TRVI,Trevi Therapeutics Inc. Common Stock,$14.46,-0.78,-5.118%,1349830,2060200661.00,United States,2019,Biotechnology: Pharmaceutical Preparations,Health Care
TRX,TRX Gold Corporation Common Stock,$1.33,-0.10,-6.993%,3889475,435540432.00,Canada,,Precious Metals,Basic Materials
TS,Tenaris S.A. American Depositary Shares,$55.77,0.35,0.632%,1099534,29527444960.00,Luxembourg,,Steel/Iron Ore,Industrials
TSAT,Telesat Corporation Class A Common Shares and Class B Variable Voting Shares ,$47.11,-1.68,-3.443%,136111,1703403757.00,Canada,,Metal Fabrications,Industrials
TSBK,Timberland Bancorp Inc. Common Stock,$44.82,-0.72,-1.581%,28608,348505440.00,United States,,Banks,Finance
TSCO,Tractor Supply Company Common Stock,$32.29,-0.55,-1.675%,10449167,16824386024.00,United States,1994,RETAIL: Building Materials,Consumer Discretionary
TSEM,Tower Semiconductor Ltd. Ordinary Shares,$230.50,-6.11,-2.582%,1472832,26053645500.00,Israel,1994,Semiconductors,Technology
TSHA,Taysha Gene Therapies Inc. Common Stock,$4.91,-0.25,-4.845%,5507277,1599842706.00,United States,2020,Biotechnology: Biological Products (No Diagnostic Substances),Health Care
TSI,TCW Strategic Income Fund Inc. Common Stock,$4.28,-0.02,-0.465%,161369,0.00,United States,,Investment Managers,Finance
TSLA,Tesla Inc. Common Stock,$380.12,1.22,0.322%,33523310,1501301955407.00,United States,2010,Auto Manufacturing,Industrials
TSLX,Sixth Street Specialty Lending Inc. Common Stock,$18.25,-0.10,-0.545%,538057,1740012287.00,,2014,Investment Managers,Finance
TSM,Taiwan Semiconductor Manufacturing Company Ltd.,$446.57,-5.43,-1.201%,10181413,2316137494979.00,Taiwan,1997,Semiconductors,Technology
TSN,Tyson Foods Inc. Common Stock,$51.36,-0.46,-0.888%,3202674,18068525656.00,United States,,Meat/Poultry/Fish,Consumer Staples
TSQ,Townsquare Media Inc. Class A Common Stock,$5.09,0.07,1.394%,56432,92799043.00,United States,2014,Broadcasting,Consumer Discretionary
TSSI,TSS Inc. Common Stock,$9.28,-0.02,-0.215%,885236,261872970.00,United States,,Professional Services,Consumer Discretionary
TT,Trane Technologies plc,$437.09,-0.73,-0.167%,1024930,96169930435.00,Ireland,,Auto Parts:O.E.M.,Industrials
TTAM,Titan America SA Common Shares,$13.50,-0.58,-4.119%,218704,2488893278.00,United States,2025,Mining & Quarrying of Nonmetallic Minerals (No Fuels),Industrials
TTAN,ServiceTitan Inc. Class A Common Stock,$61.65,0.09,0.146%,1994966,5947246220.00,United States,2024,Computer Software: Prepackaged Software,Technology
TTC,Toro Company (The) Common Stock,$96.58,2.06,2.179%,782767,9142589047.00,United States,,Tools/Hardware,Consumer Discretionary
TTD,The Trade Desk Inc. Class A Common Stock,$12.68,-0.50,-3.794%,28108169,5995041919.00,United States,2016,Computer Software: Programming Data Processing,Technology
TTE,TotalEnergies SE Ordinary Shares,$91.67,1.82,2.026%,2113842,200011271573.00,France,,Oil & Gas Production,Energy
TTEC,TTEC Holdings Inc. Common Stock,$1.23,-0.02,-1.60%,291592,60634006.00,United States,1996,Professional Services,Consumer Discretionary
TTEK,Tetra Tech Inc. Common Stock,$34.90,-0.56,-1.579%,3076994,8935950537.00,United States,1991,Military/Government/Technical,Consumer Discretionary
TTGT,TechTarget Inc. Common Stock,$3.77,-0.08,-2.078%,349833,272694128.00,United States,,Telecommunications Equipment,Telecommunications
TTI,Tetra Technologies Inc. Common Stock,$5.97,-0.05,-0.831%,1423149,883994491.00,United States,,Oil & Gas Production,Energy
TTMI,TTM Technologies Inc. Common Stock,$125.82,-1.65,-1.294%,1326346,13254994068.00,United States,2000,Electrical Products,Technology
TTRX,Turn Therapeutics Inc. Common Stock,$13.51,-1.78,-11.642%,101589,402436420.00,United States,,Biotechnology: Pharmaceutical Preparations,Health Care
TTWO,Take-Two Interactive Software Inc. Common Stock,$206.32,0.79,0.384%,2423851,38577805000.00,United States,1997,Computer Software: Prepackaged Software,Technology
TU,Telus Corporation Ordinary Shares,$8.50,-0.08,-0.932%,6668804,13506500000.00,Canada,,Telecommunications Equipment,Telecommunications
TULP,Bloomia Holdings Inc. Common Stock,$3.17,-0.13,-3.939%,2180,15314159.00,United States,,Farming/Seeds/Milling,Consumer Staples
TURB,Turbo Energy S.A. American Depositary Shares,$1.04,0.01,0.971%,249861,12497826.00,Spain,2023,Industrial Machinery/Components,Miscellaneous
TUSK,Mammoth Energy Services Inc. Common Stock,$2.92,-0.09,-2.99%,98813,140532548.00,United States,2016,Oilfield Services/Equipment,Energy
TUYA,Tuya Inc. American Depositary Shares each representing one Class A Ordinary Share,$1.73,-0.05,-2.809%,387941,1060984960.00,China,2021,Computer Software: Prepackaged Software,Technology
TV,Grupo Televisa S.A.B. Common Stock,$2.43,-0.05,-2.016%,995228,1499707548.00,Mexico,1993,Broadcasting,Industrials
TVA,Texas Ventures Acquisition III Corp Class A Ordinary Share,$10.56,-0.005,-0.047%,14919,0.00,United States,2025,,
TVACU,Texas Ventures Acquisition III Corp Unit,$10.65,-0.12,-1.114%,400,0.00,United States,2025,Blank Checks,Finance
TVACW,Texas Ventures Acquisition III Corp Warrants,$0.2211,0.0001,0.045%,443,0.00,United States,2025,,
TVAI,Thayer Ventures Acquisition Corporation II Class A Ordinary Shares,$10.40,0.01,0.096%,11329,0.00,United States,2025,,
TVAIR,Thayer Ventures Acquisition Corporation II Rights,$0.0882,0.00,0.00%,21770,0.00,United States,2025,,
TVC,Tennessee Valley Authority Common Stock,$23.77,-0.04,-0.168%,17194,0.00,United States,,Electric Utilities: Central,Utilities
TVE,Tennessee Valley Authority,$23.20,-0.07,-0.301%,13231,0.00,United States,,Electric Utilities: Central,Utilities
TVGN,Tevogen Inc. Common Stock,$7.81,0.00,0.00%,608,50855127.00,United States,2022,Biotechnology: Biological Products (No Diagnostic Substances),Health Care
TVGNW,Tevogen Inc. Warrant,$0.0607,0.0058,10.565%,505201,395250.00,United States,2022,Biotechnology: Biological Products (No Diagnostic Substances),Health Care
TVIV,Texas Ventures Acquisition IV Corp Class A Ordinary Shares,$9.96,0.00,0.00%,6,0.00,United States,2026,,
TVRD,Tvardi Therapeutics Inc. Common Stock,$1.32,-0.25,-15.924%,412753,17607405.00,United States,2014,Biotechnology: Pharmaceutical Preparations,Health Care
TVTX,Travere Therapeutics Inc. Common Stock,$59.83,-0.45,-0.747%,1713898,5639640536.00,United States,,Biotechnology: Pharmaceutical Preparations,Health Care
TW,Tradeweb Markets Inc. Class A Common Stock,$100.23,0.49,0.491%,1562117,23456652700.00,United States,2019,Investment Bankers/Brokers/Service,Finance
TWAV,TaoWeave Inc. Common Stock,$1.59,0.08,5.298%,200824,6164778.00,United States,,Computer Software: Programming Data Processing,Technology
TWFG,TWFG Inc. Class A Common Stock,$24.71,0.42,1.729%,475393,1335619830.00,United States,2024,Specialty Insurers,Finance
TWG,Top Wealth Group Holding Limited Class A Ordinary Shares,$0.2696,-0.0205,-7.067%,9233702,16916470.00,France,2024,Packaged Foods,Consumer Staples
TWI,Titan International Inc. (DE) Common Stock,$7.24,-0.25,-3.338%,409859,467286628.00,United States,,Steel/Iron Ore,Industrials
TWIN,Twin Disc Incorporated Common Stock,$25.85,-0.08,-0.309%,54846,375830979.00,United States,,Industrial Machinery/Components,Industrials
TWLO,Twilio Inc. Class A Common Stock,$290.70,6.17,2.168%,4150903,44644316454.00,United States,2016,Computer Software: Prepackaged Software,Technology
TWLV,Twelve Seas Investment Company III Class A Ordinary Shares,$10.07,0.00,0.00%,66126,0.00,United States,2026,Blank Checks,Finance
TWN,Taiwan Fund Inc. (The) Common Stock,$100.20,-2.08,-2.034%,7989,0.00,United States,1986,Trusts Except Educational Religious and Charitable,Finance
TWO^A,Two Harbors Investments Corp 8.125% Series A Fixed-to-Floating Rate Cumulative Redeemable Preferred Stock ($25.00 liquidation preference per share),$25.31,-0.0001,0.00%,19240,,United States,,,
TWO^B,Two Harbors Investments Corp 7.625% Series B Fixed-to-Floating Rate Cumulative Redeemable Preferred Stock,$25.295,-0.005,-0.02%,39235,,United States,,,
TWO^C,Two Harbors Investments Corp 7.25% Series C Fixed-to-Floating Rate Cumulative Redeemable Preferred Stock,$25.365,0.00,0.00%,66921,,United States,,,
TWOD,Two Harbors Investments Corp 9.375% Senior Notes due 2030,$26.28,0.01,0.038%,76912,0.00,United States,2025,Real Estate Investment Trusts,Real Estate
TWST,Twist Bioscience Corporation Common Stock,$158.50,-6.10,-3.706%,2134437,10508736079.00,United States,2018,Biotechnology: Biological Products (No Diagnostic Substances),Health Care
TX,Ternium S.A. Ternium S.A. American Depositary Shares (each representing ten shares USD1.00 par value),$55.99,-0.44,-0.78%,367594,10991266891.00,Luxembourg,,Steel/Iron Ore,Industrials
TXG,10x Genomics Inc. Class A Common Stock,$75.62,-5.08,-6.295%,3477019,9852618124.00,United States,2019,Biotechnology: Laboratory Analytical Instruments,Industrials
TXMD,TherapeuticsMD Inc. Common Stock,$2.17,0.01,0.463%,29936,25116366.00,United States,,Biotechnology: Pharmaceutical Preparations,Health Care
TXN,Texas Instruments Incorporated Common Stock,$272.62,1.21,0.446%,5559033,248969584157.00,United States,,Semiconductors,Technology
TXNM,TXNM Energy Inc. Common Stock,$58.32,-0.31,-0.529%,1620415,6422534148.00,United States,,Electric Utilities: Central,Utilities
TXO,TXO Partners L.P. Common Units Representing Limited Partner Interests,$14.20,-0.05,-0.351%,108499,787338979.00,United States,2023,Oil & Gas Production,Energy
TXRH,Texas Roadhouse Inc. Common Stock,$164.84,-1.28,-0.771%,1511884,10820250242.00,United States,2004,Restaurants,Consumer Discretionary
TXT,Textron Inc. Common Stock,$76.81,-1.07,-1.374%,2253268,13210315095.00,United States,,Aerospace,Industrials
TY,Tri Continental Corporation Common Stock,$34.60,-0.36,-1.03%,64873,1880542351.00,United States,,Finance Companies,Finance
TY^,Tri Continental Corporation Preferred Stock,$40.40,-0.57,-1.391%,1018,,United States,,,
TYG,Tortoise Energy Infrastructure Corporation Common Stock,$40.38,-2.10,-4.944%,230794,481648723.00,United States,2004,Investment Managers,Finance
TYGO,Tigo Energy Inc. Common Stock,$0.89,-0.0851,-8.727%,1035976,68328603.00,United States,2021,Semiconductors,Technology
TYL,Tyler Technologies Inc. Common Stock,$332.53,1.48,0.447%,563256,13617859673.00,United States,,Computer Software: Prepackaged Software,Technology
TYRA,Tyra Biosciences Inc. Common Stock,$23.23,-2.34,-9.151%,1102801,1597200463.00,United States,2021,Biotechnology: Pharmaceutical Preparations,Health Care
TZOO,Travelzoo Common Stock,$5.58,-0.09,-1.587%,69637,56929040.00,United States,,Advertising,Consumer Discretionary
U,Unity Software Inc. Common Stock,$44.10,0.99,2.296%,10788941,19407921945.00,United States,2020,Computer Software: Prepackaged Software,Technology
UA,Under Armour Inc. Class C Common Stock,$4.45,-0.18,-3.888%,2884737,1911477657.00,United States,2016,Apparel,Consumer Discretionary
UAA,Under Armour Inc. Class A Common Stock,$4.53,-0.21,-4.43%,10539134,1945841301.00,United States,,Apparel,Consumer Discretionary
UAC,United Acquisition Corp. I Class A Ordinary Shares,$9.97,0.00,0.00%,11,0.00,,2026,Blank Checks,Finance
UAL,United Airlines Holdings Inc. Common Stock,$110.72,-4.49,-3.897%,3772822,35937915236.00,United States,,Air Freight/Delivery Services,Consumer Discretionary
UAMY,United States Antimony Corporation Common Stock,$4.60,-0.20,-4.167%,4017921,688479166.00,United States,,Metal Fabrications,Industrials
UAN,CVR Partners LP Common Units representing Limited Partner Interests,$127.83,-1.02,-0.792%,18259,1351116698.00,United States,2011,Agricultural Chemicals,Industrials
UAVS,AgEagle Aerial Systems Inc. Common Stock,$0.983,-0.017,-1.70%,642996,61836309.00,United States,,Aerospace,Industrials
UBCP,United Bancorp Inc. Common Stock,$15.3501,-0.6299,-3.942%,18627,88040775.00,United States,,Major Banks,Finance
UBER,Uber Technologies Inc. Common Stock,$69.42,-0.47,-0.672%,18010202,141794523600.00,United States,2019,Business Services,Consumer Discretionary
UBS,UBS Group AG Registered Ordinary Shares,$47.74,-1.45,-2.948%,3078341,148157999265.00,Switzerland,2014,Major Banks,Finance
UBSI,United Bankshares Inc. Common Stock,$46.22,-0.31,-0.666%,953677,6295745032.00,United States,,Major Banks,Finance
UCAR,U Power Limited Class A Ordinary Shares,$4.60,0.25,5.747%,15593,8164715.00,China,2023,Industrial Machinery/Components,Miscellaneous
UCB,United Community Banks Inc. Common Stock,$33.51,-0.68,-1.989%,708461,4040485106.00,United States,2024,Major Banks,Finance
UCL,uCloudlink Group Inc. American Depositary Shares,$0.3571,-0.0059,-1.625%,896805,13602742.00,Hong Kong,2020,Telecommunications Equipment,Consumer Discretionary
UCTT,Ultra Clean Holdings Inc. Common Stock,$77.29,0.74,0.967%,710696,3499461571.00,United States,2004,Semiconductors,Technology
UDR,UDR Inc. Common Stock,$33.79,-0.31,-0.909%,5232510,10855518061.00,United States,,Real Estate Investment Trusts,Real Estate
UE,Urban Edge Properties Common Shares of Beneficial Interest,$19.78,-0.33,-1.641%,740697,2497115537.00,United States,2015,Real Estate,Finance
UEC,Uranium Energy Corp. Common Stock,$9.95,-0.38,-3.679%,6067351,4923980042.00,Canada,,Other Metals and Minerals,Basic Materials
UEIC,Universal Electronics Inc. Common Stock,$5.26,0.06,1.154%,25077,67775426.00,United States,1993,Consumer Electronics/Appliances,Consumer Staples
UFCS,United Fire Group Inc. Common Stock,$53.59,-0.09,-0.168%,97400,1377554476.00,United States,,Property-Casualty Insurers,Finance
UFG,Uni-Fuels Holdings Limited Class A Ordinary Shares,$0.5018,-0.0159,-3.071%,158742,16290937.00,Singapore,2025,Oil Refining/Marketing,Energy
UFI,Unifi Inc. New Common Stock,$6.71,0.12,1.821%,42065,124731096.00,United States,,Textiles,Consumer Discretionary
UFPI,UFP Industries Inc. Common Stock,$81.78,-1.24,-1.494%,335600,4511106734.00,United States,1993,Forest Products,Basic Materials
UFPT,UFP Technologies Inc. Common Stock,$287.38,2.18,0.764%,83333,2225985130.00,United States,1993,Medical/Dental Instruments,Health Care
UG,United-Guardian Inc. Common Stock,$7.12,-0.13,-1.793%,11137,32711551.00,United States,,Package Goods/Cosmetics,Consumer Discretionary
UGI,UGI Corporation Common Stock,$36.62,-0.23,-0.624%,1621601,7854805692.00,United States,,Natural Gas Distribution,Utilities
UGP,Ultrapar Participacoes S.A. (New) American Depositary Shares (Each representing one Common Share),$7.66,-0.03,-0.39%,5070206,8524126071.00,Brazil,,Oil/Gas Transmission,Utilities
UHAL,U-Haul Holding Company Common Stock,$61.58,-0.49,-0.789%,123875,11970751422.00,United States,2022,Rental/Leasing Companies,Consumer Discretionary
UHS,Universal Health Services Inc. Common Stock,$181.39,2.10,1.171%,896391,10690494456.00,United States,,Hospital/Nursing Management,Health Care
UHT,Universal Health Realty Income Trust Common Stock,$38.40,-0.53,-1.361%,116808,533709466.00,United States,,Real Estate Investment Trusts,Real Estate
UI,Ubiquiti Inc. Common Stock,$573.40,-7.48,-1.288%,56167,34706973665.00,United States,,Radio And Television Broadcasting And Communications Equipment,Technology
UIS,Unisys Corporation New Common Stock,$2.37,-0.08,-3.265%,391753,172810813.00,United States,,EDP Services,Technology
UK,Ucommune International Ltd Class A Ordinary Shares,$1.97,-0.1258,-6.002%,13762,1335563.00,United States,2019,Business Services,Consumer Discretionary
UL,Unilever PLC American Depositary Shares (each representing One Ordinary Share),$62.16,-0.77,-1.224%,2081619,133912987703.00,United Kingdom,2025,Package Goods/Cosmetics,Consumer Discretionary
ULBI,Ultralife Corporation Common Stock,$5.90,0.20,3.509%,54893,98313287.00,United States,1992,Industrial Machinery/Components,Miscellaneous
ULCC,Frontier Group Holdings Inc. Common Stock,$5.84,-0.36,-5.806%,1977821,1344460103.00,United States,2021,Air Freight/Delivery Services,Consumer Discretionary
ULH,Universal Logistics Holdings Inc. Common Stock,$16.25,-0.23,-1.396%,48204,428476831.00,United States,2005,Trucking Freight/Courier Services,Industrials
ULS,UL Solutions Inc. Class A Common Stock,$65.38,-1.27,-1.905%,690535,13200102551.00,United States,2024,Precision Instruments,Health Care
ULTA,Ulta Beauty Inc. Common Stock,$543.81,-10.05,-1.815%,328816,23251940305.00,United States,2007,Other Specialty Stores,Consumer Discretionary
UMAC,Unusual Machines Inc. Common Stock,$22.69,-1.34,-5.576%,2067512,1133513098.00,United States,2024,Radio And Television Broadcasting And Communications Equipment,Technology
UMBF,UMB Financial Corporation Common Stock,$133.85,-0.36,-0.268%,700643,10165911516.00,United States,,Major Banks,Finance
UMBFO,UMB Financial Corporation Depositary Shares Each Representing a 1/400th Interest in a Share of 7.750% Fixed-Rate Reset Non-Cumulative Perpetual Preferred Stock Series B,$25.98,0.12,0.464%,17252,1973181779.00,United States,,Major Banks,Finance
UMC,United Microelectronics Corporation (NEW) Common Stock,$24.68,-1.09,-4.23%,10892456,62135139719.00,Taiwan,,Semiconductors,Technology
UMH,UMH Properties Inc. Common Stock,$15.40,-0.40,-2.532%,536416,1314938240.00,United States,1994,Real Estate Investment Trusts,Real Estate
UMH^D,UMH Properties Inc. 6.375% Series D Cumulative Redeemable Preferred Stock Liquidation Preference $25 per share,$21.12,-0.085,-0.401%,20561,,United States,,,
UNB,Union Bankshares Inc. Common Stock,$23.40,-0.10,-0.426%,4086,115733311.00,United States,,Major Banks,Finance
UNCY,Unicycive Therapeutics Inc. Common Stock,$4.81,-0.15,-3.024%,771825,133983786.00,United States,2021,Biotechnology: Pharmaceutical Preparations,Health Care
UNF,Unifirst Corporation Common Stock,$257.62,-7.40,-2.792%,195477,4658844648.00,United States,,Other Consumer Services,Consumer Discretionary
UNFI,United Natural Foods Inc. Common Stock,$43.74,-2.12,-4.623%,402190,2638269254.00,United States,2019,Food Distributors,Consumer Discretionary
UNH,UnitedHealth Group Incorporated Common Stock (DE),$371.29,-1.66,-0.445%,3862810,333267990743.00,United States,,Medical Specialities,Health Care
UNIT,Uniti Group Inc. Common Stock,$9.16,-0.41,-4.284%,2422959,2223362237.00,United States,,Real Estate Investment Trusts,Real Estate
UNM,Unum Group Common Stock,$94.46,1.14,1.222%,1791752,14953660139.00,United States,,Accident &Health Insurance,Finance
UNMA,Unum Group 6.250% Junior Subordinated Notes due 2058,$21.62,-0.16,-0.735%,42518,3682172249.00,United States,2018,Accident &Health Insurance,Finance
UNP,Union Pacific Corporation Common Stock,$275.53,1.12,0.408%,1895825,163685621964.00,United States,,Railroads,Industrials
UNTY,Unity Bancorp Inc. Common Stock,$57.06,-0.78,-1.349%,32811,573029501.00,United States,,Major Banks,Finance
UONE,Urban One Inc. Class A Common Stock,$4.31,-0.08,-1.822%,5917,19890495.00,United States,,Broadcasting,Consumer Discretionary
UONEK,Urban One Inc. Class D Common Stock,$3.92,-0.11,-2.73%,3344,18090659.00,United States,,Broadcasting,Consumer Discretionary
UP,Wheels Up Experience Inc. Class A Common Stock,$3.83,-0.06,-1.542%,63281,138936471.00,Singapore,2020,Transportation Services,Consumer Discretionary
UPB,Upstream Bio Inc. Common Stock,$5.19,-0.30,-5.464%,553003,284261703.00,United States,2024,Biotechnology: Pharmaceutical Preparations,Health Care
UPBD,Upbound Group Inc. Common Stock,$15.99,-0.79,-4.708%,980685,932207486.00,United States,,Diversified Commercial Services,Consumer Discretionary
UPC,Universe Pharmaceuticals Inc. Class A Ordinary Shares,$4.6905,0.0255,0.547%,20244,23566901.00,China,2021,Biotechnology: Pharmaceutical Preparations,Health Care
UPLD,Upland Software Inc. Common Stock,$3.54,-0.16,-4.324%,162372,10468456.00,United States,2014,Computer Software: Prepackaged Software,Technology
UPS,United Parcel Service Inc. Common Stock,$95.82,-0.05,-0.052%,4421434,81521891187.00,United States,1999,Trucking Freight/Courier Services,Industrials
UPST,Upstart Holdings Inc. Common stock,$24.45,-1.52,-5.853%,6754986,2379303975.00,United States,2020,Finance: Consumer Services,Finance
UPWK,Upwork Inc. Common Stock,$8.18,-0.17,-2.036%,1977668,1021709526.00,United States,2018,EDP Services,Technology
UPXI,Upexi Inc. Common Stock,$1.17,-0.08,-6.40%,4789533,96059895.00,United States,2021,Finance: Consumer Services,Finance
URBN,Urban Outfitters Inc. Common Stock,$74.82,-0.20,-0.267%,957471,6409094742.00,United States,1993,Clothing/Shoe/Accessory Stores,Consumer Discretionary
URG,Ur Energy Inc Common Shares (Canada),$1.16,-0.05,-4.132%,5408851,461521915.00,Canada,,Precious Metals,Basic Materials
URGN,UroGen Pharma Ltd. Ordinary Shares,$41.63,-1.13,-2.643%,1298499,2034897879.00,Israel,2017,Biotechnology: Pharmaceutical Preparations,Health Care
URI,United Rentals Inc. Common Stock,$1031.99,-11.05,-1.059%,406206,64233626223.00,United States,1997,Diversified Commercial Services,Consumer Discretionary
UROY,Uranium Royalty Corp. Common Stock,$4.42,-0.09,-1.996%,2795051,1667270954.00,Canada,,Investment Bankers/Brokers/Service,Finance
USA,Liberty All-Star Equity Fund Common Stock,$5.86,-0.04,-0.678%,1248807,0.00,United States,1986,Finance Companies,Finance
USAC,USA Compression Partners LP Common Units Representing Limited Partner Interests,$25.83,0.28,1.096%,247499,3743886601.00,United States,2013,Natural Gas Distribution,Utilities
USAR,USA Rare Earth Inc. Class A Common Stock,$15.83,-1.16,-6.828%,13263319,5937462056.00,United States,2023,Metal Mining,Basic Materials
USAS,Americas Gold and Silver Corporation Common Shares no par value,$4.85,-0.41,-7.795%,4239444,1640064428.00,Canada,2017,Metal Mining,Basic Materials
USAU,U.S. Gold Corp. Common Stock,$15.65,-0.50,-3.096%,166489,258673576.00,United States,,Metal Mining,Basic Materials
USB,U.S. Bancorp Common Stock,$58.48,-0.96,-1.615%,7644564,91114848562.00,United States,,Major Banks,Finance
USB^A,U.S. Bancorp Depositary Shares Each representing a 1/100th interest in a share of Series A Non-CumulativePerpetual Pfd Stock,$763.50,-1.61,-0.21%,481,,United States,,,
USB^H,U.S. Bancorp Depositary Shares repstg 1/1000th Pfd Ser B,$18.45,-0.10,-0.539%,76598,,United States,,,
USB^P,U.S. Bancorp Depositary Shares each representing a 1/1000th interest in a share of Series K Non-Cumulative Perpetual Preferred Stock,$20.55,-0.05,-0.243%,67892,,United States,,,
USB^Q,U.S. Bancorp Depositary Shares Each Representing a 1/1000th Interest in a Share of Series L Non-Cumulative Perpetual Preferred Stock,$14.00,-0.08,-0.568%,78667,,United States,,,
USB^R,U.S. Bancorp Depositary Shares Each Representing a 1/1000th Interest in a Share of Series M Non-Cumulative Perpetual Preferred Stock,$14.88,-0.12,-0.80%,106313,,United States,,,
USB^S,U.S. Bancorp Depositary Shares each representing a 1/1000th interest in a share of Series O Non-Cumulative Perpetual Preferred Stock,$16.69,-0.04,-0.239%,29731,,United States,,,
USBC,USBC Inc. Common Stock,$0.4985,-0.0305,-5.766%,321862,193489998.00,United States,,Finance: Consumer Services,Finance
USCB,USCB Financial Holdings Inc. Class A Common Stock,$22.44,-0.48,-2.094%,39604,414567107.00,United States,2021,Major Banks,Finance
USDE,StablecoinX Inc. Class A Common Stock,$12.87,-0.67,-4.948%,2772709,349898350.00,United States,,Finance: Consumer Services,Finance
USDEW,StablecoinX Inc. Warrants,$3.30,-0.21,-5.983%,107246,89717526.00,United States,,Finance: Consumer Services,Finance
USEA,United Maritime Corporation Common Stock,$3.03,-0.06,-1.942%,47449,28900561.00,Greece,,Marine Transportation,Consumer Discretionary
USFD,US Foods Holding Corp. Common Stock,$93.93,-0.27,-0.287%,2832204,20319944811.00,United States,2016,Food Distributors,Consumer Discretionary
USGO,U.S. GoldMining Inc. Common stock,$7.08,-0.12,-1.667%,117937,99373011.00,United States,2023,Precious Metals,Basic Materials
USIO,Usio Inc. Common Stock,$2.27,-0.02,-0.873%,286024,64684590.00,United States,,Investment Bankers/Brokers/Service,Finance
USLM,United States Lime & Minerals Inc. Common Stock,$109.41,-4.37,-3.841%,236198,3138793796.00,United States,,Mining & Quarrying of Nonmetallic Minerals (No Fuels),Industrials
USNA,USANA Health Sciences Inc. Common Stock,$14.04,-0.74,-5.007%,145892,259410537.00,United States,, Medicinal Chemicals and Botanical Products ,Health Care
USPH,U.S. Physical Therapy Inc. Common Stock,$82.65,-0.52,-0.625%,133186,1233360990.00,United States,1992,Medical/Nursing Services,Health Care
UTF,Cohen & Steers Infrastructure Fund Inc Common Stock,$24.60,-0.20,-0.806%,363323,0.00,United States,2004,Finance Companies,Finance
UTG,Reaves Utility Income Fund Common Shares of Beneficial Interest,$35.24,-0.90,-2.49%,433390,0.00,United States,2004,Investment Managers,Finance
UTHR,United Therapeutics Corporation Common Stock,$489.42,-8.17,-1.642%,433684,20991562479.00,United States,1999,Biotechnology: Pharmaceutical Preparations,Health Care
UTI,Universal Technical Institute Inc Common Stock,$20.42,0.01,0.049%,1983689,1125044617.00,United States,2003,Other Consumer Services,Real Estate
UTL,UNITIL Corporation Common Stock,$50.85,-0.79,-1.53%,109427,927334873.00,United States,1985,Power Generation,Utilities
UTMD,Utah Medical Products Inc. Common Stock,$75.01,-1.65,-2.152%,23753,238818188.00,United States,,Medical/Dental Instruments,Health Care
UTSI,UTStarcom Holdings Corp. Ordinary Shares,$2.34,-0.08,-3.306%,16377,22216217.00,China,2000,Telecommunications Equipment,Telecommunications
UTZ,Utz Brands Inc Class A Common Stock ,$14.23,0.00,0.00%,666915,2048582291.00,United States,2018,Packaged Foods,Consumer Staples
UUU,Universal Safety Products Inc. Common Stock,$5.05,0.33,6.992%,20133,15293738.00,United States,2003,Electronic Components,Technology
UUUU,Energy Fuels Inc Ordinary Shares (Canada),$11.60,-0.54,-4.448%,6916316,2898457200.00,Canada,,Mining & Quarrying of Nonmetallic Minerals (No Fuels),Industrials
UVE,UNIVERSAL INSURANCE HOLDINGS INC Common Stock,$42.47,-0.56,-1.301%,146964,1181955177.00,United States,,Property-Casualty Insurers,Finance
UVSP,Univest Financial Corporation Common Stock,$41.41,-0.43,-1.028%,194251,1142119603.00,United States,,Major Banks,Finance
UVV,Universal Corporation Common Stock,$42.81,-0.67,-1.541%,346651,1065937192.00,United States,,Farming/Seeds/Milling,Industrials
UWMC,UWM Holdings Corporation Class A Common Stock,$1.22,-0.04,-3.175%,8617539,1959949099.00,United States,,Finance: Consumer Services,Finance
UXIN,Uxin Limited ADS,$1.09,-0.01,-0.909%,127292,239778484.00,China,2018,Business Services,Consumer Discretionary
UYSC,UY Scuti Acquisition Corp. Ordinary Shares,$11.00,0.00,0.00%,9,0.00,United States,2025,Blank Checks,Finance
UYSCR,UY Scuti Acquisition Corp. Rights,$0.08,0.00,0.00%,10,0.00,United States,2025,Blank Checks,Finance
UZD,Array Digital Infrastructure Inc. 6.250% Senior Notes due 2069,$18.31,-0.145,-0.786%,4097,1574660000.00,United States,2020,Telecommunications Equipment,Telecommunications
UZE,Array Digital Infrastructure Inc. 5.500% Senior Notes due 2070,$16.34,-0.09,-0.548%,15403,1405240000.00,United States,2020,Telecommunications Equipment,Telecommunications
UZF,Array Digital Infrastructure Inc. 5.500% Senior Notes due 2070,$16.35,-0.02,-0.122%,3112,1406100000.00,United States,2021,Telecommunications Equipment,Telecommunications
UZX,Linkage Global Inc. Class A Ordinary Shares,$1.63,-0.11,-6.322%,199619,4687184.00,Japan,2023,Catalog/Specialty Distribution,Consumer Discretionary
V,Visa Inc.,$361.52,-0.52,-0.144%,5129026,645947748942.00,United States,,Business Services,Consumer Discretionary
VABK,Virginia National Bankshares Corporation Common Stock,$47.01,-0.99,-2.063%,3665,255042507.00,United States,,Major Banks,Finance
VAC,Marriott Vacations Worldwide Corporation Common Stock,$100.85,1.70,1.715%,325313,3468768022.00,United States,,Real Estate,Finance
VACI,Viking Acquisition Corp. I Class A Ordinary Shares,$7.42,-0.67,-8.282%,5389,0.00,,2025,Telecommunications Equipment,Telecommunications
VAI,Valor Energy Incorporated Common Stock,$2.15,0.05,2.381%,49172,31298601.00,China,2018,Rental/Leasing Companies,Consumer Discretionary
VAL,Valaris Limited Common Shares,$82.57,-0.15,-0.181%,1273204,5733314584.00,United States,2021,Oil & Gas Production,Energy
VALE,VALE S.A.  American Depositary Shares Each Representing one common share,$13.82,-0.37,-2.607%,30982744,59004688358.00,Brazil,,Metal Mining,Basic Materials
VALN,Valneva SE American Depositary Shares,$6.35,-0.24,-3.642%,14691,602523681.00,France,2021,Biotechnology: Biological Products (No Diagnostic Substances),Health Care
VALU,Value Line Inc. Common Stock,$38.17,-0.53,-1.37%,1565,358114681.00,United States,1983,Investment Managers,Finance
VANI,Vivani Medical Inc. Common Stock (DE),$1.23,-0.04,-3.15%,149095,110950128.00,United States,2014,Biotechnology: Electromedical & Electrotherapeutic Apparatus,Health Care
VATE,INNOVATE Corp. Common Stock,$7.68,-0.50,-6.112%,110076,104769531.00,United States,,Metal Fabrications,Industrials
VBF,Invesco Bond Fund Common Stock,$14.26,-0.08,-0.558%,72742,0.00,United States,,Trusts Except Educational Religious and Charitable,Finance
VBIO,Valion Bio Inc. Common Stock,$2.73,0.24,9.639%,2109234,3509756.00,United States,2021,Biotechnology: Electromedical & Electrotherapeutic Apparatus,Health Care
VBNK,VersaBank Common Shares,$23.06,-0.12,-0.518%,184741,747583962.00,Canada,,Commercial Banks,Finance
VC,Visteon Corporation Common Stock,$93.03,1.04,1.131%,423858,2483475760.00,United States,,Auto Parts:O.E.M.,Consumer Discretionary
VCEL,Vericel Corporation Common Stock,$38.79,-1.43,-3.555%,433985,1986304557.00,United States,,Biotechnology: Biological Products (No Diagnostic Substances),Health Care
VCIG,VCI Global Limited Ordinary Share,$1.64,0.01,0.613%,29900,2077053.00,Malaysia,2023,Diversified Commercial Services,Consumer Discretionary
VCRE,Vicore Pharma Holding AB American Depositary Shares,$9.80,-0.36,-3.543%,101711,2758950811.00,Sweden,,Biotechnology: Pharmaceutical Preparations,Health Care
VCTR,Victory Capital Holdings Inc. Class A Common Stock,$106.31,1.35,1.286%,585016,6539082599.00,United States,2018,Investment Managers,Finance
VCV,Invesco California Value Municipal Income Trust Common Stock,$9.35,-0.19,-1.992%,295727,447776409.00,United States,,Trusts Except Educational Religious and Charitable,Finance
VCX,Fundrise Innovation Fund LLC Common Shares of Limited Liability Company Interests,$30.60,-0.23,-0.746%,262624,0.00,,2026,,
VCYT,Veracyte Inc. Common Stock,$43.82,0.46,1.061%,1525636,3522721832.00,United States,2013,Medical Specialities,Health Care
VECA,Vernal Capital Acquisition Corp. Ordinary Shares,$10.02,0.00,0.00%,8,0.00,,2026,Blank Checks,Finance
VECO,Veeco Instruments Inc. Common Stock,$45.92,1.56,3.517%,728340,2807073069.00,United States,1994,Industrial Machinery/Components,Technology
VEEA,Veea Inc. Common Stock,$3.22,-0.37,-10.306%,425335,10016480.00,United States,2021,EDP Services,Technology
VEEAW,Veea Inc. Warrant,$0.0357,0.0102,40.00%,31416,111052.00,United States,2021,EDP Services,Technology
VEEE,Twin Vee PowerCats Co. Common Stock,$12.78,-2.21,-14.743%,201504,7467622.00,United States,2021,Marine Transportation,Industrials
VEEV,Veeva Systems Inc. Class A Common Stock,$270.75,9.84,3.771%,1427322,43836821138.00,United States,2013,Computer Software: Prepackaged Software,Technology
VEL,Velocity Financial Inc. Common Stock,$15.82,-0.46,-2.826%,221245,624596650.00,United States,2020,Finance: Consumer Services,Finance
VELO,Velo3D Inc. Common stock,$10.97,-0.55,-4.774%,754382,352675824.00,United States,,Industrial Machinery/Components,Technology
VENU,Venu Holding Corporation Common Stock,$1.47,-0.09,-5.769%,525594,86537928.00,United States,2024,Services-Misc. Amusement & Recreation,Consumer Discretionary
VEON,VEON Ltd. ADS,$70.36,0.99,1.427%,245536,4845073680.00,Netherlands,,Telecommunications Equipment,Telecommunications
VERA,Vera Therapeutics Inc. Class A Common Stock,$33.05,-3.21,-8.853%,2018483,2381693222.00,United States,2021,Biotechnology: Pharmaceutical Preparations,Health Care
VERI,Veritone Inc. Common Stock,$1.29,0.01,0.781%,2879938,129589618.00,United States,2017,EDP Services,Technology
VERU,Veru Inc. Common Stock,$2.46,-0.04,-1.60%,94886,41943787.00,United States,,Biotechnology: Pharmaceutical Preparations,Health Care
VERX,Vertex Inc. Class A Common Stock,$11.72,-0.07,-0.594%,915240,1901194726.00,United States,2020,Computer Software: Prepackaged Software,Technology
VET,Vermilion Energy Inc. Common (Canada),$11.68,0.06,0.516%,1487364,1789376000.00,Canada,,Oil & Gas Production,Energy
VFC,V.F. Corporation Common Stock,$13.52,-0.03,-0.221%,7156593,5315179386.00,United States,,Garments and Clothing,Industrials
VFF,Village Farms International Inc. Common Shares,$3.035,0.055,1.846%,743225,371138911.00,Canada,,Farming/Seeds/Milling,Consumer Staples
VFS,VinFast Auto Ltd. Ordinary Shares,$3.195,-0.035,-1.084%,401324,7474817552.00,Singapore,,Auto Manufacturing,Industrials
VFSWW,VinFast Auto Ltd. Warrant,$0.245,0.0149,6.475%,1005,573186322.00,Singapore,,Auto Manufacturing,Industrials
VG,Venture Global Inc. Class A common stock,$13.27,0.36,2.789%,17497792,33176232133.00,United States,2025,Oil/Gas Transmission,Utilities
VGAS,Verde Clean Fuels Inc. Class A Common Stock,$1.10,-0.13,-10.569%,21248,49004583.00,United States,2021,Major Chemicals,Industrials
VGASW,Verde Clean Fuels Inc. Warrant,$0.026,0.0024,10.169%,4007,1158290.00,United States,2021,Major Chemicals,Industrials
VGI,Virtus Global Multi-Sector Income Fund Common Shares of Beneficial Interest,$6.95,0.01,0.144%,103415,0.00,United States,2012,Investment Managers,Finance
VGM,Invesco Trust for Investment Grade Municipals Common Stock (DE),$9.32,-0.34,-3.52%,614575,505441942.00,United States,,Trusts Except Educational Religious and Charitable,Finance
VGNT,Versigent PLC Ordinary Shares,$46.20,-0.89,-1.89%,370287,3272589243.00,United Kingdom,2026,Auto Parts:O.E.M.,Consumer Discretionary
VGZ,Vista Gold Corp Common Stock,$2.74,-0.08,-2.837%,2686365,399961488.00,United States,1986,Precious Metals,Basic Materials
VHC,VirnetX Holding Corp Common Stock,$12.65,0.25,2.016%,82694,53340407.00,United States,,Multi-Sector Companies,Miscellaneous
VHCP,Vine Hill Capital Investment Corp. II Class A Ordinary Shares,$10.06,-0.005,-0.05%,429104,0.00,United States,2026,,
VHI,Valhi Inc. Common Stock,$16.33,-0.46,-2.74%,8015,462485082.00,United States,,Major Chemicals,Basic Materials
VHUB,VenHub Global Inc. Common Stock,$0.529,-0.0528,-9.075%,224791,51539336.00,United States,,Industrial Machinery/Components,Technology
VIA,Via Transportation Inc. Class A Common Stock,$29.54,1.17,4.124%,1076423,2407675808.00,United States,2025,Computer Software: Prepackaged Software,Technology
VIAV,Viavi Solutions Inc. Common Stock,$36.43,0.03,0.082%,6833709,8989096234.00,United States,,Semiconductors,Technology
VICI,VICI Properties Inc. Common Stock,$23.70,-0.28,-1.168%,12317218,26095538219.00,United States,2018,Real Estate Investment Trusts,Real Estate
VICR,Vicor Corporation Common Stock,$283.16,14.82,5.523%,1624259,13055582233.00,United States,,Industrial Machinery/Components,Technology
VIDA,VIDA Global Inc. Class A Common Stock,$1.84,0.02,1.099%,50460,26832595.00,,2026,Computer Software: Prepackaged Software,Technology
VII,Viking Acquisition Corp. II Class A Ordinary Shares,$9.83,0.00,0.00%,195761,0.00,,2026,,
VIK,Viking Holdings Ltd Ordinary Shares,$80.30,-0.72,-0.889%,5827697,35796618932.00,United States,2024,Marine Transportation,Consumer Discretionary
VINP,Vinci Compass Investments Ltd. Class A Common Shares,$9.33,-0.14,-1.478%,22813,610388174.00,Brazil,2021,Investment Managers,Finance
VIOT,Viomi Technology Co. Ltd American Depositary Shares,$1.30,-0.02,-1.515%,93633,87518249.00,China,2018,Consumer Electronics/Appliances,Consumer Discretionary
VIP,Vulcan Infrastructure and Power Inc. Class A Common Stock,$1.74,-0.13,-6.952%,194071,32068029.00,United States,,Finance: Consumer Services,Finance
VIPS,Vipshop Holdings Limited American Depositary Shares each representing two ordinary shares,$12.37,-0.30,-2.368%,2881831,5940946580.00,China,2012,Catalog/Specialty Distribution,Consumer Discretionary
VIR,Vir Biotechnology Inc. Common Stock,$11.09,-0.41,-3.565%,1685305,1876604974.00,United States,2019,Biotechnology: Biological Products (No Diagnostic Substances),Health Care
VIRC,Virco Manufacturing Corporation Common Stock,$6.57,-0.11,-1.647%,16511,103568265.00,United States,,Industrial Specialties,Consumer Discretionary
VIRT,Virtu Financial Inc. Class A Common Stock,$53.01,-1.48,-2.716%,1497283,8227164033.00,United States,,Investment Bankers/Brokers/Service,Finance
VISN,Vistance Networks Inc. Common Stock,$6.45,-0.03,-0.463%,5710820,1487540357.00,United States,2013,Radio And Television Broadcasting And Communications Equipment,Technology
VIST,Vista Energy S.A.B. de C.V. American Depositary Shares each representing one series A share with no par value,$70.25,0.83,1.196%,1178769,7820047491.00,Mexico,2019,Oil & Gas Production,Energy
VITL,Vital Farms Inc. Common Stock,$10.31,-0.94,-8.356%,1931343,442623992.00,United States,2020,Packaged Foods,Consumer Staples
VIV,Telefonica Brasil S.A. American Depositary Shares (Each representing One Common Share),$11.65,-0.29,-2.429%,1398142,18614407000.00,Brazil,2020,Telecommunications Equipment,Telecommunications
VIVK,Vivakor Inc. Common Stock,$0.5315,-0.0152,-2.78%,735486,4349597.00,United States,,Environmental Services,Utilities
VIVO,VivoPower PLC Class A Ordinary Shares,$3.86,0.01,0.26%,317219,123495122.00,United Kingdom,,Power Generation,Utilities
VIVS,VivoSim Labs Inc. Common Stock,$0.2291,-0.0062,-2.635%,624877,3799966.00,United States,,Biotechnology: Biological Products (No Diagnostic Substances),Health Care
VKI,Invesco Advantage Municipal Income Trust II Common Shares of Beneficial Interest (DE),$8.16,-0.25,-2.973%,249278,362353123.00,United States,1993,Finance Companies,Finance
VKQ,Invesco Municipal Trust Common Stock,$8.96,-0.18,-1.969%,676620,495806214.00,United States,,Trusts Except Educational Religious and Charitable,Finance
VKTX,Viking Therapeutics Inc. Common Stock,$41.65,0.80,1.958%,15732171,4858594826.00,United States,2015,Biotechnology: Pharmaceutical Preparations,Health Care
VLGEA,Village Super Market Inc. Class A Common Stock,$44.66,-0.52,-1.151%,43238,661391868.00,United States,,Food Chains,Consumer Staples
VLN,Valens Semiconductor Ltd. Ordinary Shares,$1.92,0.00,0.00%,643635,202161984.00,,,Semiconductors,Technology
VLO,Valero Energy Corporation Common Stock,$375.84,-1.30,-0.345%,7082552,108214656942.00,United States,,Integrated oil Companies,Energy
VLOS,Velos Acquisition I Corp. Class A Ordinary shares,$10.78,0.13,1.221%,401,0.00,United States,2024,,
VLRS,Controladora Vuela Compania de Aviacion S.A.B. de C.V. American Depositary Shares each representing ten (10) Ordinary Participation Certificates,$6.73,-0.20,-2.886%,505539,781998548.00,,2013,Air Freight/Delivery Services,Consumer Discretionary
VLT,Invesco High Income Trust II,$9.28,-0.12,-1.277%,53217,0.00,United States,1989,Trusts Except Educational Religious and Charitable,Finance
VLTO,Veralto Corp Common Stock ,$95.88,0.09,0.094%,1743442,23374905823.00,United States,2023,Electrical Products,Industrials
VLY,Valley National Bancorp Common Stock,$12.87,-0.25,-1.905%,7318115,7112029259.00,United States,,Major Banks,Finance
VLYPN,Valley National Bancorp 8.250% Fixed-Rate Reset Non-Cumulative Perpetual Preferred Stock Series C,$25.58,-0.08,-0.312%,4161,14135641681.00,United States,,Major Banks,Finance
VLYPO,Valley National Bancorp 5.50% Fixed-to-Floating Rate Non-Cumulative Perpetual Preferred Stock Series B,$24.87,-0.03,-0.12%,3455,13743291971.00,United States,,Major Banks,Finance
VLYPP,Valley National Bancorp 6.25% Fixed-to-Floating Rate Non-Cumulative Perpetual Preferred Stock Series A,$24.97,-0.0572,-0.229%,2868,13798552493.00,United States,,Major Banks,Finance
VMAR,Vision Marine Technologies Inc. Common Shares,$7.46,-0.55,-6.866%,60750,4871723.00,Canada,2020,Marine Transportation,Industrials
VMC,Vulcan Materials Company (Holding Company) Common Stock,$244.40,-3.47,-1.40%,1730810,31669043812.00,United States,,Mining & Quarrying of Nonmetallic Minerals (No Fuels),Industrials
VMD,Viemed Healthcare Inc. Common Shares,$8.80,-0.16,-1.786%,213430,335176406.00,United States,,Misc Health and Biotechnology Services,Health Care
VMET,Versamet Royalties Corporation Common Stock,$9.22,-0.59,-6.014%,223989,1003408055.00,Canada,,Precious Metals,Industrials
VMI,Valmont Industries Inc. Common Stock,$471.01,3.00,0.641%,150364,9092781167.00,United States,,Metal Fabrications,Industrials
VMO,Invesco Municipal Opportunity Trust Common Stock,$8.85,-0.29,-3.173%,787446,596850062.00,United States,,Trusts Except Educational Religious and Charitable,Finance
VMRK,Vivmark Residential Common Shares of Beneficial Interest,$61.29,-1.06,-1.70%,6200355,48265875000.00,United States,,Real Estate Investment Trusts,Real Estate
VNCE,Vince Holding Corp. Common Stock,$11.11,0.97,9.566%,612561,143816161.00,United States,,Clothing/Shoe/Accessory Stores,Consumer Discretionary
VNDA,Vanda Pharmaceuticals Inc. Common Stock,$5.04,-0.17,-3.263%,904785,304731942.00,United States,2006,Biotechnology: Pharmaceutical Preparations,Health Care
VNET,VNET Group Inc. American Depositary Shares,$6.92,-0.23,-3.217%,2641406,1971012943.00,China,2011,Computer Software: Programming Data Processing,Technology
VNME,Vendome Acquisition Corporation I Class A Ordinary Shares,$10.28,0.00,0.00%,8,0.00,United States,2025,Blank Checks,Finance
VNMEW,Vendome Acquisition Corporation I Warrant,$0.2799,0.00,0.00%,119,0.00,United States,2025,Blank Checks,Finance
VNO,Vornado Realty Trust Common Stock,$34.16,-1.12,-3.175%,1509331,6378373339.00,United States,,Real Estate Investment Trusts,Real Estate
VNO^L,Vornado Realty Trust Pfd Ser L %,$16.83,-0.195,-1.145%,15270,,United States,,,
VNO^M,Vornado Realty Trust 5.25% Series M Cumulative Redeemable Preferred Shares of Beneficial Interest liquidation preference $25.00 per share no par value per share,$16.7836,-0.2064,-1.215%,10015,,United States,,,
VNO^N,Vornado Realty Trust 5.25% Series N Cumulative Redeemable Preferred Shares of Beneficial Interest liquidation preference $25.00 per share,$16.42,-0.23,-1.381%,8587,,United States,,,
VNO^O,Vornado Realty Trust 4.45% Series O Cumulative Redeemable Preferred Shares Liquidation Preference $25.00 Per Share,$13.76,-0.23,-1.644%,44690,,United States,,,
VNOM,Viper Energy Inc. Class A Common Stock,$40.93,0.16,0.392%,1545989,14701846970.00,United States,2014,Oil & Gas Production,Energy
VNRX,VolitionRX Limited Common Stock,$0.247,-0.0162,-6.155%,2842695,6892122.00,Singapore,2015,Biotechnology: In Vitro & In Vivo Diagnostic Substances,Health Care
VNT,Vontier Corporation Common Stock ,$31.32,-0.10,-0.318%,906523,4234464000.00,United States,2020,Industrial Machinery/Components,Industrials
VNTG,Vantage Corp Class A Ordinary Shares,$0.7224,-0.0042,-0.578%,335611,22149427.00,Singapore,2025,Integrated Freight & Logistics,Industrials
VOC,VOC Energy Trust Units of Beneficial Interest,$3.37,-0.02,-0.59%,37636,57290000.00,United States,2011,Oil & Gas Production,Energy
VOD,Vodafone Group Plc American Depositary Shares,$16.35,-0.27,-1.625%,3464210,37838741480.00,United Kingdom,,Telecommunications Equipment,Telecommunications
VOGX,Vogenx Inc Common Stock,$26.86,0.29,1.091%,53390,399007637.00,United States,2026,Biotechnology: Pharmaceutical Preparations,Health Care
VOR,Vor Biopharma Inc. Common Stock,$19.37,-2.63,-11.955%,2764338,1145973635.00,United States,2021,Biotechnology: Biological Products (No Diagnostic Substances),Health Care
VOXR,Vox Royalty Corp. Common Stock,$5.57,-0.19,-3.299%,283825,387088732.00,Canada,,Precious Metals,Basic Materials
VOYA,Voya Financial Inc. Common Stock,$97.37,-0.67,-0.683%,798882,8821366502.00,United States,2013,Life Insurance,Finance
VOYA^B,Voya Financial Inc. Depositary Shares each representing a 1/40th interest in a share of 5.35% Fixed-Rate Reset Non-Cumulative Preferred Stock Series B,$23.40,-0.05,-0.213%,23482,,United States,,,
VOYG,Voyager Technologies Inc. Class A Common Stock,$31.40,-6.13,-16.334%,11854446,1945787601.00,United States,2025,Military/Government/Technical,Industrials
VPG,Vishay Precision Group Inc. Common Stock,$69.83,-0.08,-0.114%,251126,930165627.00,United States,,Electrical Products,Technology
VPV,Invesco Pennsylvania Value Municipal Income Trust Common Stock (DE),$10.75,-0.07,-0.647%,40519,256167598.00,United States,,Trusts Except Educational Religious and Charitable,Finance
VRA,Vera Bradley Inc. Common Stock,$4.04,-0.25,-5.828%,253122,115902203.00,United States,2010,Apparel,Consumer Discretionary
VRAX,Virax Biolabs Group Limited Ordinary Shares,$2.55,0.05,2.00%,14378,3429719.00,United Kingdom,2022,Biotechnology: In Vitro & In Vivo Diagnostic Substances,Health Care
VRCA,Verrica Pharmaceuticals Inc. Common Stock,$4.62,-0.10,-2.119%,41343,79365991.00,United States,2018,Biotechnology: Pharmaceutical Preparations,Health Care
VRDN,Viridian Therapeutics Inc. Common Stock,$21.43,-0.69,-3.119%,2857666,2427853325.00,United States,2014,Biotechnology: Pharmaceutical Preparations,Health Care
VREX,Varex Imaging Corporation Common Stock,$18.45,-0.03,-0.162%,388570,776745000.00,United States,,Industrial Machinery/Components,Technology
VRM,Vroom Inc. Common Stock,$9.35,-0.16,-1.682%,2497,48941201.00,United States,,Retail-Auto Dealers and Gas Stations,Consumer Discretionary
VRME,VerifyMe Inc. Common Stock,$1.15,0.11,10.577%,10730918,15139975.00,United States,,EDP Services,Technology
VRNS,Varonis Systems Inc. Common Stock,$48.35,1.06,2.241%,1161488,5553504450.00,United States,2014,Computer Software: Prepackaged Software,Technology
VRRM,Verra Mobility Corporation Class A Common Stock,$3.38,-0.06,-1.744%,4289845,513701878.00,United States,2017,Transportation Services,Consumer Discretionary
VRSK,Verisk Analytics Inc. Common Stock,$171.80,-0.14,-0.081%,1062442,22360802862.00,United States,2009,EDP Services,Technology
VRSN,VeriSign Inc. Common Stock,$293.28,-6.14,-2.051%,618515,26483184000.00,United States,1998,EDP Services,Technology
VRT,Vertiv Holdings LLC Class A Common Stock,$248.78,-4.68,-1.846%,3556515,95777357679.00,United States,2018,Industrial Machinery/Components,Technology
VRTS,Virtus Investment Partners Inc. Common Stock,$128.00,-2.31,-1.773%,169462,847704320.00,United States,,Investment Managers,Finance
VRTX,Vertex Pharmaceuticals Incorporated Common Stock,$516.34,1.35,0.262%,1214100,130872013498.00,United States,1991,Biotechnology: Pharmaceutical Preparations,Health Care
VRXA,Veraxa Biotech AG Ordinary Shares,$1.39,-0.02,-1.418%,43370,196556860.00,Switzerland,,Biotechnology: Pharmaceutical Preparations,Health Care
VS,Versus Systems Inc. Common Stock,$1.11,0.015,1.37%,30960,6896037.00,Canada,,EDP Services,Technology
VSA,VisionSys AI Inc. American Depositary Shares,$3.64,1.66,83.838%,15715733,10166287.00,China,2014,Other Consumer Services,Real Estate
VSAT,ViaSat Inc. Common Stock,$73.68,-1.31,-1.747%,1709457,10149848081.00,United States,1996,Telecommunications Equipment,Consumer Discretionary
VSEC,VSE Corporation Common Stock,$178.54,-4.88,-2.661%,312640,5010720101.00,United States,,Military/Government/Technical,Consumer Discretionary
VSECU,VSE Corporation Tangible Equity Units,$46.61,-1.45,-3.017%,28877,1308108345.00,United States,,,
VSH,Vishay Intertechnology Inc. Common Stock,$32.60,-0.54,-1.629%,2413036,5000160844.00,United States,,Electrical Products,Technology
VSME,VS Media Holdings Limited Class A Ordinary Shares,$0.8307,0.019,2.341%,41565,2285076.00,Singapore,2023,Advertising,Consumer Discretionary
VSNT,Versant Media Group Inc. Class A Common Stock ,$33.04,-0.47,-1.403%,1415791,4585697691.00,United States,,Broadcasting,Industrials
VST,Vistra Corp. Common Stock,$137.97,-2.44,-1.738%,4412208,46307587854.00,United States,,Electric Utilities: Central,Utilities
VSTM,Verastem Inc. Common Stock,$8.18,-0.19,-2.27%,1936706,740808947.00,United States,2012,Biotechnology: Pharmaceutical Preparations,Health Care
VSTS,Vestis Corporation Common Stock,$13.87,-0.56,-3.881%,1325812,1833060656.00,United States,2023,Consumer Specialties,Consumer Discretionary
VSXY,Victorias Secret & Co. Common Stock ,$83.34,-0.48,-0.573%,975512,6647535010.00,United States,2021,Clothing/Shoe/Accessory Stores,Consumer Discretionary
VTAK,Catheter Precision Inc. Common Stock,$0.1586,0.007,4.617%,961492,3008967.00,,2018,Medical/Dental Instruments,Health Care
VTEX,VTEX Class A Common Shares,$3.61,-0.02,-0.551%,814731,624506459.00,United Kingdom,2021,Computer Software: Prepackaged Software,Technology
VTGN,Vistagen Therapeutics Inc. Common Stock,$0.3684,0.117,46.539%,574960019,16348454.00,United States,,Biotechnology: Pharmaceutical Preparations,Health Care
VTIX,Virtuix Holdings Inc. Class A Common Stock,$1.13,0.01,0.893%,163180,38387624.00,United States,,Computer peripheral equipment,Technology
VTMX,Corporacion Inmobiliaria Vesta S.A.B de C.V. American Depositary Shares each representing ten (10) Common Shares,$32.83,0.00,0.00%,39986,2903768983.00,,2023,Real Estate,Finance
VTN,Invesco Trust for Investment Grade New York Municipals Common Stock,$9.51,-0.28,-2.86%,88079,185311660.00,United States,,Finance Companies,Finance
VTOL,Bristow Group Inc. Common Stock,$42.81,0.02,0.047%,195254,1268974020.00,United States,,Transportation Services,Consumer Discretionary
VTR,Ventas Inc. Common Stock,$86.64,-0.22,-0.253%,2735628,44441672544.00,United States,,Real Estate Investment Trusts,Real Estate
VTRS,Viatris Inc. Common Stock,$17.12,-0.06,-0.349%,6868590,19663875592.00,United States,,Biotechnology: Pharmaceutical Preparations,Health Care
VTS,Vitesse Energy Inc. Common Stock,$16.78,-0.07,-0.415%,332387,706510439.00,United States,2023,Oil & Gas Production,Energy
VTSI,VirTra Inc. Common Stock,$2.88,0.00,0.00%,9038,32600517.00,United States,,Miscellaneous manufacturing industries,Consumer Discretionary
VTVT,vTv Therapeutics Inc. Class A Common Stock,$30.58,-0.52,-1.672%,18903,120911118.00,United States,2015,Biotechnology: Pharmaceutical Preparations,Health Care
VUZI,Vuzix Corporation Common Stock,$2.85,-0.11,-3.716%,1218289,240580556.00,United States,,Radio And Television Broadcasting And Communications Equipment,Technology
VVOS,Vivos Therapeutics Inc. Common Stock,$0.1489,-0.0077,-4.917%,1544917,2995574.00,United States,2020,Medical/Dental Instruments,Health Care
VVR,Invesco Senior Income Trust Common Stock (DE),$2.86,-0.03,-1.038%,585404,0.00,United States,1998,Trusts Except Educational Religious and Charitable,Finance
VVV,Valvoline Inc. Common Stock,$28.75,0.08,0.279%,5300666,3668109518.00,United States,2016,Major Chemicals,Industrials
VVX,V2X Inc. Common Stock,$74.94,1.99,2.728%,531564,2349021129.00,United States,2014,Diversified Commercial Services,Consumer Discretionary
VWAV,VisionWave Holdings Inc. Common Stock,$5.72,-0.49,-7.89%,344846,13577970.00,United States,,Computer Software: Prepackaged Software,Technology
VWAVW,VisionWave Holdings Inc. Warrant,$0.0404,-0.0002,-0.493%,66195,95900.00,United States,,Computer Software: Prepackaged Software,Technology
VYGR,Voyager Therapeutics Inc. Common Stock,$2.87,-0.27,-8.599%,690933,176843511.00,United States,2015,Biotechnology: Biological Products (No Diagnostic Substances),Health Care
VYX,NCR Voyix Corporation Common Stock,$7.13,-0.27,-3.649%,2341292,984438373.00,United States,,Office Equipment/Supplies/Services,Miscellaneous
VZ,Verizon Communications Inc. Common Stock,$46.52,0.07,0.151%,20941237,193280142397.00,United States,,Telecommunications Equipment,Telecommunications
VZLA,Vizsla Silver Corp. Common Shares,$4.04,-0.26,-6.047%,6292041,1434429763.00,Canada,2024,Precious Metals,Basic Materials
W,Wayfair Inc. Class A Common Stock,$99.50,-7.85,-7.313%,4267917,13628322965.00,United States,2014,Catalog/Specialty Distribution,Consumer Discretionary
WAB,Westinghouse Air Brake Technologies Corporation Common Stock,$292.22,2.51,0.866%,827095,49359128879.00,United States,,Railroads,Industrials
WABC,Westamerica Bancorporation Common Stock,$59.23,0.19,0.322%,202748,1368873592.00,United States,,Major Banks,Finance
WAFD,WaFd Inc. Common Stock,$30.70,-0.81,-2.571%,1433217,2271653807.00,United States,,Major Banks,Finance
WAFDP,WaFd Inc. Depositary Shares,$16.28,-0.04,-0.245%,26967,1204642475.00,United States,,Major Banks,Finance
WAFU,Wah Fu Education Group Limited Ordinary Shares,$1.60,0.21,15.108%,7164137,7056894.00,China,2019,Other Consumer Services,Real Estate
WAL,Western Alliance Bancorporation Common Stock (DE),$75.60,-2.15,-2.765%,1013093,8248025318.00,United States,2005,Major Banks,Finance
WAL^A,Western Alliance Bancorporation Depositary Shares Each Representing a 1/400th Interest in a Share of 4.250% Fixed-Rate Non-Cumulative Perpetual Preferred Stock Series A,$24.73,-0.02,-0.081%,33225,,United States,,,
WALD,Waldencast plc Class A Ordinary Share,$1.02,-0.05,-4.673%,193930,131172931.00,United States,2021,Package Goods/Cosmetics,Consumer Discretionary
WALDW,Waldencast plc Warrant ,$0.0054,-0.0015,-21.739%,270453,694445.00,United States,2021,Package Goods/Cosmetics,Consumer Discretionary
WASH,Washington Trust Bancorp Inc. Common Stock,$38.24,-0.67,-1.722%,101040,729402035.00,United States,,Major Banks,Finance
WAT,Waters Corporation Common Stock,$420.57,-5.17,-1.214%,743655,41320208043.00,United States,1995,Biotechnology: Laboratory Analytical Instruments,Industrials
WATR,Air Water Ventures Limited Ordinary Shares,$1.80,-0.07,-3.743%,26364,56951017.00,United Arab Emirates,,Beverages (Production/Distribution),Consumer Staples
WATT,Energous Corporation Common Stock,$12.98,0.01,0.077%,409974,71741382.00,United States,2014,Radio And Television Broadcasting And Communications Equipment,Technology
WAVE,Eco Wave Power Global AB (publ) American Depositary Shares,$5.75,-0.76,-11.674%,19400,35878068.00,Israel,2021,Electric Utilities: Central,Utilities
WAY,Waystar Holding Corp. Common Stock,$24.76,-0.87,-3.394%,1497695,4747690780.00,United States,2024,EDP Services,Technology
WB,Weibo Corporation American Depositary Share,$6.56,-0.13,-1.943%,537885,1611612072.00,China,2014,Computer Software: Programming Data Processing,Technology
WBD,Warner Bros. Discovery Inc. Series A Common Stock ,$30.76,-0.07,-0.227%,111094533,77229233939.00,United States,,Cable & Other Pay Television Services,Telecommunications
WBI,WaterBridge Infrastructure LLC Class A Shares Representing Limited Liability Company Interests,$28.86,-0.70,-2.368%,613267,3562946192.00,,2025,Oilfield Services/Equipment,Energy
WBTN,WEBTOON Entertainment Inc. Common stock,$10.74,-0.46,-4.107%,220504,1457536892.00,United States,2024,Publishing,Consumer Discretionary
WBUY,WEBUY GLOBAL LTD. Class A Ordinary Shares,$0.804,-0.056,-6.512%,56719,4406808.00,Singapore,2023,Other Specialty Stores,Consumer Discretionary
WBX,Wallbox N.V. Class A Ordinary Shares,$2.83,-0.11,-3.741%,11688,67611810.00,Spain,,Industrial Specialties,Consumer Discretionary
WCC,WESCO International Inc. Common Stock,$365.85,3.77,1.041%,364545,17828914636.00,United States,1999,Telecommunications Equipment,Consumer Discretionary
WCCB,West Coast Community Bancorp Common Stock,$60.11,-0.14,-0.232%,22469,632602629.00,United States,,Major Banks,Finance
WCN,Waste Connections Inc. Common Shares,$155.41,-0.01,-0.006%,1831964,39664521601.00,Canada,,Environmental Services,Utilities
WCT,Wellchange Holdings Company Limited Class A Ordinary shares,$7.52,-0.23,-2.968%,1300222,80772816.00,Hong Kong,2024,Computer Software: Prepackaged Software,Technology
WD,Walker & Dunlop Inc Common Stock,$36.96,-1.36,-3.549%,592130,1268679535.00,United States,2010,Finance: Consumer Services,Finance
WDAY,Workday Inc. Class A Common Stock,$192.38,4.15,2.205%,1991412,46363580000.00,United States,,EDP Services,Technology
WDC,Western Digital Corporation Common Stock,$473.69,9.09,1.957%,5037765,170784639763.00,United States,,Electronic Components,Technology
WDFC,WD-40 Company Common Stock,$199.34,5.11,2.631%,204326,2675361277.00,United States,1973,Major Chemicals,Industrials
WDH,Waterdrop Inc. American Depositary Shares (each representing the right to receive 10 Class A Ordinary Shares),$1.05,0.00,0.00%,878427,377267051.00,Cayman Islands,2021,Specialty Insurers,Finance
WDI,Western Asset Diversified Income Fund Common Shares of Beneficial Interest,$11.97,-0.33,-2.683%,459295,0.00,United States,2021,Trusts Except Educational Religious and Charitable,Finance
WDS,Woodside Energy Group Limited American Depositary Shares each representing one Ordinary Share,$22.18,-0.11,-0.493%,650677,42166401172.00,Australia,2022,Oil & Gas Production,Energy
WEA,Western Asset Bond Fund Share of Beneficial Interest,$9.96,-0.09,-0.896%,41868,0.00,United States,2002,Trusts Except Educational Religious and Charitable,Finance
WEAV,Weave Communications Inc. Common Stock,$7.36,0.02,0.272%,886889,588793516.00,United States,2021,Computer Software: Prepackaged Software,Technology
WEC,WEC Energy Group Inc. Common Stock,$101.17,-1.66,-1.614%,3612286,32966182078.00,United States,,Power Generation,Utilities
WELL,Welltower Inc. Common Stock,$229.87,-0.52,-0.226%,2761838,165677641886.00,United States,,Real Estate Investment Trusts,Real Estate
WEN,Wendy's Company (The) Common Stock,$6.73,-0.08,-1.175%,4059383,1283208629.00,United States,,Restaurants,Consumer Discretionary
WENC,West Enclave Merger Corp. Ordinary Shares,$10.01,-0.01,-0.10%,329,0.00,,2026,Blank Checks,Finance
WENN,Wen Acquisition Corp Class A Ordinary Shares,$10.41,0.0038,0.037%,51056,0.00,United States,2025,,
WENNU,Wen Acquisition Corp Unit,$10.5099,0.0099,0.094%,433,0.00,United States,2025,Blank Checks,Finance
WENNW,Wen Acquisition Corp Warrant,$0.26,-0.0008,-0.307%,3382,0.00,United States,2025,Blank Checks,Finance
WERN,Werner Enterprises Inc. Common Stock,$34.41,-0.38,-1.092%,981553,2063813938.00,United States,1986,Trucking Freight/Courier Services,Industrials
WES,Western Midstream Partners LP Common Units Representing Limited Partner Interests,$45.65,-0.41,-0.89%,921306,18861420170.00,United States,2012,Natural Gas Distribution,Utilities
WEST,Westrock Coffee Company Common Stock,$8.08,-0.09,-1.102%,331902,788829287.00,United States,,Beverages (Production/Distribution),Consumer Staples
WETH,Wetouch Technology Inc. Common Stock,$1.04,0.01,0.971%,213276,13916795.00,China,,Computer peripheral equipment,Technology
WETO,Wetour Robotics Limited Ordinary Shares,$1.45,-0.20,-12.121%,15541502,1562811.00,China,2025,Other Transportation,Industrials
WEX,WEX Inc. common stock,$184.54,3.31,1.826%,484126,6289420494.00,United States,,Business Services,Consumer Discretionary
WEYS,Weyco Group Inc. Common Stock,$46.07,-0.80,-1.707%,26658,440013787.00,United States,,Apparel,Consumer Staples
WF,Woori Financial Group Inc. American Depositary Shares (each representing three (3) shares of Common Stock),$77.43,-1.44,-1.826%,41920,18868112667.00,South Korea,,Commercial Banks,Finance
WFC,Wells Fargo & Company Common Stock,$81.90,-1.25,-1.503%,14624000,247665545618.00,United States,,Major Banks,Finance
WFC^A,Wells Fargo & Company Depositary Shares each representing a 1/1000th interest in a share of Non-Cumulative Perpetual Class A Preferred Stock Series AA,$17.05,-0.08,-0.467%,296432,,United States,,,
WFC^C,Wells Fargo & Company Depositary Shares each representing a 1/1000th interest in a share of Non-Cumulative Perpetual Class A Preferred Stock Series CC,$15.85,-0.12,-0.751%,74925,,United States,,,
WFC^D,Wells Fargo & Company Depositary Shares each representing a 1/1000th interest in  a share of Non-Cumulative Perpetual Class A Preferred Stock Series DD,$15.42,-0.09,-0.58%,346038,,United States,,,
WFC^L,Wells Fargo & Company 7.50% Non-Cumulative Perpetual Convertible Class A Preferred Stock Series L,$1090.00,-13.20,-1.197%,8428,,United States,,,
WFC^Y,Wells Fargo & Company Depositary Shares each representing a 1/1000th interest in a share of Non-Cumulative Perpetual Class A Preferred Stock Series Y,$20.56,-0.34,-1.627%,127891,,United States,,,
WFC^Z,Wells Fargo & Company Depositary Shares each representing a 1/1000th interest in a share of Non-Cumulative Perpetual Class A Preferred Stock Series Z,$17.14,-0.18,-1.039%,455047,,United States,,,
WFCF,Where Food Comes From Inc. Common Stock,$11.37,-0.33,-2.821%,1225,56618768.00,United States,,Computer Software: Prepackaged Software,Technology
WFF,WF Holding Limited Ordinary Shares,$2.07,0.01,0.485%,179718,86774263.00,Malaysia,2025,Miscellaneous manufacturing industries,Consumer Discretionary
WFG,West Fraser Timber Co. Ltd Common stock,$73.07,-1.25,-1.682%,293168,5721660274.00,Canada,2021,Forest Products,Basic Materials
WFRD,Weatherford International plc Ordinary Shares,$84.66,0.66,0.786%,734025,6054214725.00,United States,,Oil and Gas Field Machinery,Consumer Discretionary
WGO,Winnebago Industries Inc. Common Stock,$27.43,-0.83,-2.937%,637514,775415735.00,United States,,Homebuilding,Industrials
WGS,GeneDx Holdings Corp. Class A Common Stock,$85.20,-5.60,-6.167%,1045840,2540880493.00,United States,2020,Medical/Nursing Services,Health Care
WH,Wyndham Hotels & Resorts Inc. Common Stock ,$69.31,1.45,2.137%,1039862,5143572866.00,United States,2018,Hotels/Resorts,Consumer Discretionary
WHD,Cactus Inc. Class A Common Stock,$66.03,-0.30,-0.452%,388672,5294246905.00,United States,2018,Oil and Gas Field Machinery,Consumer Discretionary
WHF,WhiteHorse Finance Inc. Common Stock,$7.10,-0.16,-2.204%,68712,152482944.00,United States,,Finance Companies,Finance
WHFCL,WhiteHorse Finance Inc. 7.875% Notes due 2028,$25.08,0.0001,0.00%,3395,582936647.00,United States,,,
WHG,Westwood Holdings Group Inc Common Stock,$18.64,-0.19,-1.009%,9008,177884353.00,United States,,Investment Managers,Finance
WHK,WhiteHawk Minerals Corp Class A Common Stock,$26.48,0.30,1.146%,165339,729403516.00,,2026,Oil & Gas Production,Energy
WHLR,Wheeler Real Estate Investment Trust Inc. Common Stock,$5.44,3.57,190.909%,92828340,3091068.00,United States,2012,Real Estate Investment Trusts,Real Estate
WHLRD,Wheeler Real Estate Investment Trust Inc. Series D Cumulative Preferred Stock,$36.50,-0.50,-1.351%,2853,20739702.00,United States,,Real Estate Investment Trusts,Real Estate
WHLRP,Wheeler Real Estate Investment Trust Inc. Class B Preferred Stock,$9.40,0.15,1.622%,36958,5341183.00,United States,,Real Estate Investment Trusts,Real Estate
WHR,Whirlpool Corporation Common Stock,$32.93,-0.63,-1.877%,1940844,2147015518.00,United States,,Consumer Electronics/Appliances,Consumer Discretionary
WHR^A,Whirlpool Corporation Depositary Shares each representing a 1/20th interest in a share of 8.50% Series A Mandatory Convertible Preferred Stock,$29.80,-0.25,-0.832%,33392,,United States,,,
WHWK,Whitehawk Therapeutics Inc. Common Stock,$3.82,-0.22,-5.446%,248458,217774418.00,United States,,Biotechnology: Pharmaceutical Preparations,Health Care
WIA,Western Asset Inflation-Linked Income Fund,$7.65,-0.14,-1.797%,73970,0.00,United States,2003,Trusts Except Educational Religious and Charitable,Finance
WIMI,WiMi Hologram Cloud Inc. Class B Ordinary Shares,$0.885,-0.025,-2.747%,159348,16270773.00,China,2020,Computer Software: Prepackaged Software,Technology
WINA,Winmark Corporation Common Stock,$291.26,-2.66,-0.905%,92995,1046255143.00,United States,,Other Specialty Stores,Consumer Discretionary
WING,Wingstop Inc. Common Stock,$97.88,-4.50,-4.395%,1716510,2666500402.00,United States,2015,Restaurants,Consumer Discretionary
WIT,Wipro Limited Common Stock,$1.69,0.00,0.00%,5968646,16736999157.00,India,,EDP Services,Technology
WIW,Western Asset Inflation-Linked Opportunities & Income Fund,$7.96,-0.13,-1.607%,427846,0.00,United States,2004,Finance Companies,Finance
WIX,Wix.com Ltd. Ordinary Shares,$76.80,-3.30,-4.12%,1078901,3214042445.00,Israel,2013,Computer Software: Programming Data Processing,Technology
WK,Workiva Inc. Class A Common Stock,$70.79,0.96,1.375%,1170001,3852143186.00,United States,2014,Computer Software: Prepackaged Software,Technology
WKC,World Kinect Corporation Common Stock,$36.04,0.20,0.558%,741701,1843504385.00,United States,,Oil Refining/Marketing,Energy
WKEY,WISeKey International Holding Ltd American Depositary Shares,$5.95,-0.12,-1.977%,29125,67701087.00,Switzerland,,EDP Services,Technology
WKHS,Workhorse Group Inc. Common Stock,$3.02,-0.01,-0.33%,43206,33004327.00,United States,,Auto Manufacturing,Industrials
WKSP,Worksport Ltd. Common Stock,$0.4443,0.0095,2.185%,296699,6797049.00,Canada,,Auto Parts:O.E.M.,Consumer Discretionary
WLCO,Wilco 63 Corporation Class A Ordinary Shares,$9.865,0.00,0.00%,88,0.00,Cayman Islands,2026,Blank Checks,Finance
WLCOU,Wilco 63 Corporation Units,$10.09,0.09,0.90%,2784,0.00,Cayman Islands,2026,Blank Checks,Finance
WLDN,Willdan Group Inc. Common Stock,$81.36,1.47,1.84%,381470,1239282924.00,United States,2006,Military/Government/Technical,Consumer Discretionary
WLDS,Wearable Devices Ltd. Ordinary Share,$1.64,0.06,3.797%,3793584,4033975.00,Israel,2022,Computer Communications Equipment,Telecommunications
WLDSW,Wearable Devices Ltd. Warrant,$14.82,0.00,0.00%,2,36453362.00,Israel,2022,Computer Communications Equipment,Telecommunications
WLFC,Willis Lease Finance Corporation Common Stock,$54.38,-0.51,-0.929%,80359,1149816756.00,United States,1996,Industrial Specialties,Consumer Discretionary
WLII,Willow Lane Acquisition Corp. II Class A Ordinary Shares,$10.26,0.00,0.00%,6,0.00,United States,2026,Blank Checks,Finance
WLIIW,Willow Lane Acquisition Corp. II Warrants,$0.75,0.00,0.00%,3,0.00,United States,2026,Blank Checks,Finance
WLK,Westlake Corporation Common Stock,$68.42,-0.38,-0.552%,504933,8743839814.00,United States,2004,Major Chemicals,Industrials
WLKP,Westlake Chemical Partners LP Common Units representing limited partner interests,$21.35,-0.03,-0.14%,18880,752499517.00,United States,2014,Major Chemicals,Industrials
WLTH,Wealthfront Corporation Common Stock,$9.84,-0.10,-1.006%,2012836,1536776170.00,United States,2025,Finance: Consumer Services,Finance
WLY,John Wiley & Sons Inc. Common Stock,$47.75,0.73,1.553%,377050,2420157658.00,United States,,Books,Consumer Discretionary
WLYB,John Wiley & Sons Inc. Common Stock,$47.76,0.61,1.294%,917,2420664497.00,United States,,Books,Consumer Discretionary
WM,Waste Management Inc. Common Stock,$207.88,0.20,0.096%,2871152,83092792450.00,United States,,Environmental Services,Utilities
WMB,Williams Companies Inc. (The) Common Stock,$71.11,0.13,0.183%,5176570,86979438934.00,United States,,Natural Gas Distribution,Utilities
WMG,Warner Music Group Corp. Class A Common Stock,$27.16,-0.23,-0.84%,1192861,14207661326.00,United States,2020,Services-Misc. Amusement & Recreation,Consumer Discretionary
WMK,Weis Markets Inc. Common Stock,$72.47,-0.25,-0.344%,191391,1793240945.00,United States,,Food Chains,Consumer Staples
WMS,Advanced Drainage Systems Inc. Common Stock,$129.74,-0.99,-0.757%,684060,9783089071.00,United States,2014,Containers/Packaging,Consumer Discretionary
WMT,Walmart Inc. Common Stock,$110.53,0.41,0.372%,22770814,876916972018.00,United States,,Department/Specialty Retail Stores,Consumer Discretionary
WNC,Wabash National Corporation Common Stock,$11.76,-0.36,-2.97%,822307,479069154.00,United States,1991,Construction/Ag Equipment/Trucks,Industrials
WNEB,Western New England Bancorp Inc. Common Stock,$13.71,-0.23,-1.65%,46120,274828905.00,United States,,Savings Institutions,Finance
WNW,Meiwu Technology Company Limited Ordinary Shares,$2.41,0.06,2.553%,1454495,63456435.00,China,2020,Package Goods/Cosmetics,Consumer Discretionary
WOK,WORK Medical Technology Group LTD Class A Ordinary Shares,$1.86,-0.04,-2.105%,23921,8309695.00,China,2024,Medical/Dental Instruments,Health Care
WOLF,Wolfspeed Inc. Common Stock New,$27.14,-0.85,-3.037%,2265576,1436535643.00,United States,2025,Semiconductors,Technology
WOOF,Petco Health and Wellness Company Inc. Class A Common Stock,$2.31,-0.08,-3.347%,1903112,661628715.00,United States,2021,Other Specialty Stores,Consumer Discretionary
WOR,Worthington Enterprises Inc. Common Shares,$59.70,0.76,1.289%,1530374,2920929005.00,United States,,Steel/Iron Ore,Industrials
WPAC,White Pearl Acquisition Corp. Class A Ordinary Shares,$10.061,0.00,0.00%,7,0.00,,2026,Blank Checks,Finance
WPC,W. P. Carey Inc. REIT,$66.49,-0.40,-0.598%,2263815,15147544285.00,United States,,Real Estate Investment Trusts,Real Estate
WPM,Wheaton Precious Metals Corp Common Shares (Canada),$145.45,-8.36,-5.435%,2224103,66057567346.00,Canada,,Precious Metals,Basic Materials
WPP,WPP plc American Depositary Shares,$25.12,-0.59,-2.295%,473568,5419903057.00,Ireland,,Advertising,Consumer Discretionary
WPRT,Westport Fuel Systems Inc Common Shares,$1.98,0.00,0.00%,79959,37611553.00,Canada,2008,Industrial Machinery/Components,Industrials
WRAP,Wrap Technologies Inc. Common Stock,$1.475,-0.015,-1.007%,255970,95250444.00,United States,,Ordnance And Accessories,Industrials
WRB,W.R. Berkley Corporation Common Stock,$67.67,-0.50,-0.733%,1857493,25120966887.00,United States,,Property-Casualty Insurers,Finance
WRB^E,W.R. Berkley Corporation 5.70% Subordinated Debentures due 2058,$20.36,0.07,0.345%,16059,,United States,,,
WRB^F,W.R. Berkley Corporation 5.10% Subordinated Debentures due 2059,$18.14,0.025,0.138%,53296,,United States,,,
WRB^G,W.R. Berkley Corporation 4.25% Subordinated Debentures due 2060,$15.8001,0.0651,0.414%,6387,,United States,,,
WRB^H,W.R. Berkley Corporation 4.125% Subordinated Debentures due 2061,$14.98,0.02,0.134%,27853,,United States,,,
WRBY,Warby Parker Inc. Class A Common Stock,$23.35,0.41,1.787%,2815453,2886248061.00,United States,2021,Ophthalmic Goods,Health Care
WRD,WeRide Inc. American Depositary Shares,$5.85,-0.07,-1.182%,2396754,1961250379.00,China,2024,EDP Services,Technology
WRLD,World Acceptance Corporation Common Stock,$170.07,-2.92,-1.688%,51954,793067023.00,United States,1991,Finance: Consumer Services,Finance
WRN,Western Copper and Gold Corporation Common Stock,$2.39,-0.13,-5.159%,1966136,540559268.00,Canada,2011,Metal Mining,Basic Materials
WS,Worthington Steel Inc. Common Shares,$34.71,-0.19,-0.544%,224567,1768357145.00,United States,2023,Steel/Iron Ore,Industrials
WSBC,WesBanco Inc. Common Stock,$38.09,-0.40,-1.039%,866181,3653055312.00,United States,,Major Banks,Finance
WSBCO,WesBanco Inc. Depositary Shares each representing 1/40th interest in a share of 7.375% Fixed-Rate Reset Non-Cumulative Perpetual Preferred Stock Series B,$25.33,0.05,0.198%,2138,2429296168.00,United States,,Major Banks,Finance
WSBF,Waterstone Financial Inc. Common Stock (MD),$20.33,-0.41,-1.977%,64455,365472979.00,United States,2005,Savings Institutions,Finance
WSBK,Winchester Bancorp Inc. Common Stock,$12.81,-0.10,-0.775%,5791,119073767.00,United States,2025,Banks,Finance
WSC,WillScot Holdings Corporation Class A Common Stock,$17.90,-0.45,-2.452%,3936006,3243318148.00,United States,2015,Misc Corporate Leasing Services,Industrials
WSE,Wise Group plc Class A Ordinary Shares,$11.35,-0.16,-1.39%,2107050,13954862580.00,United Kingdom,,Diversified Commercial Services,Industrials
WSFS,WSFS Financial Corporation Common Stock,$76.99,0.10,0.13%,292249,3933465679.00,United States,,Major Banks,Finance
WSHP,WeShop Holdings Limited Class A Ordinary Shares,$5.78,-0.17,-2.857%,250335,139975029.00,Jersey,,Other Specialty Stores,Consumer Discretionary
WSM,Williams-Sonoma Inc. Common Stock (DE),$227.83,-4.86,-2.089%,1088410,26833628985.00,United States,,Home Furnishings,Consumer Discretionary
WSO,Watsco Inc. Common Stock,$325.37,-0.21,-0.065%,450120,13422226362.00,United States,,Industrial Machinery/Components,Consumer Discretionary
WSO/B,Watsco Inc.,$326.7053,14.2453,4.559%,532,,United States,,,
WST,West Pharmaceutical Services Inc. Common Stock,$375.87,4.78,1.288%,877505,26452137663.00,United States,,Medical/Dental Instruments,Health Care
WSTN,Westin Acquisition Corp Class A Ordinary Share,$10.185,0.00,0.00%,6,82040175.00,Singapore,2025,EDP Services,Technology
WT,WisdomTree Inc. Common Stock,$23.72,-0.01,-0.042%,1304659,3593867273.00,United States,2022,Investment Bankers/Brokers/Service,Finance
WTBA,West Bancorporation Common Stock,$28.52,-0.69,-2.362%,42521,486087550.00,United States,,Major Banks,Finance
WTF,Waton Financial Limited Ordinary Shares,$2.41,-0.13,-5.118%,5845,116252308.00,Hong Kong,2025,Investment Bankers/Brokers/Service,Finance
WTFC,Wintrust Financial Corporation Common Stock,$143.71,-0.99,-0.684%,380587,9695534118.00,United States,,Major Banks,Finance
WTFCN,Wintrust Financial Corporation Depositary Shares Each Representing a 1/1000th Interest in a Share of 7.875% Fixed-Rate Reset Non-Cumulative Perpetual Preferred StocK,$26.05,-0.02,-0.077%,11573,1757488440.00,United States,,Major Banks,Finance
WTG,Wintergreen Acquisition Corp. Ordinary Shares,$10.588,0.008,0.076%,252,0.00,China,2025,Blank Checks,Finance
WTGUR,Wintergreen Acquisition Corp. Rights,$0.10,0.00,0.00%,3,0.00,China,2025,Blank Checks,Finance
WTGUU,Wintergreen Acquisition Corp. Unit,$10.7762,0.00,0.00%,6,0.00,China,2025,,
WTI,W&T Offshore Inc. Common Stock,$3.74,0.09,2.466%,3649495,564526640.00,United States,2005,Oil & Gas Production,Energy
WTM,White Mountains Insurance Group Ltd. Common Stock,$2032.01,-21.63,-1.053%,12931,4849840939.00,United States,,Property-Casualty Insurers,Finance
WTRG,Essential Utilities Inc. Common Stock,$40.18,-0.20,-0.495%,3026607,11402224349.00,United States,,Water Supply,Utilities
WTS,Watts Water Technologies Inc. Class A Common Stock,$357.29,3.00,0.847%,175553,11927429935.00,United States,1986,Metal Fabrications,Industrials
WTTR,Select Water Solutions Inc. Class A common stock,$19.29,-0.98,-4.835%,1238989,2671295269.00,United States,2017,Oilfield Services/Equipment,Energy
WTW,Willis Towers Watson Public Limited Company Ordinary Shares,$298.99,-2.74,-0.908%,493885,27767780444.00,United Kingdom,,Specialty Insurers,Finance
WU,Western Union Company (The) Common Stock,$6.09,-0.13,-2.09%,8123123,1899342994.00,United States,,Business Services,Consumer Discretionary
WULF,TeraWulf Inc. Common Stock,$16.35,-0.98,-5.655%,32100592,8158137869.00,United States,,Finance: Consumer Services,Finance
WVE,Wave Life Sciences Inc. Common Stock,$3.95,-0.40,-9.195%,3975047,778340291.00,Singapore,2015,Biotechnology: Pharmaceutical Preparations,Health Care
WVVI,Willamette Valley Vineyards Inc. Common Stock,$1.89,-0.08,-4.061%,7178,9411310.00,United States,,Beverages (Production/Distribution),Consumer Staples
WVVIP,Willamette Valley Vineyards Inc. Series A Redeemable Preferred Stock,$3.12,-0.28,-8.235%,12671,15536130.00,United States,,Beverages (Production/Distribution),Consumer Staples
WW,WW International Inc.  Common Stock,$15.03,-1.41,-8.577%,279589,150281363.00,United States,,Other Consumer Services,Consumer Discretionary
WWD,Woodward Inc. Common Stock,$326.23,0.09,0.028%,536962,19262517859.00,United States,,Industrial Machinery/Components,Energy
WWR,Westwater Resources Inc. Common Stock,$0.53,-0.0352,-6.228%,718546,68139361.00,United States,,Metal Mining,Basic Materials
WWW,Wolverine World Wide Inc. Common Stock,$19.11,-0.76,-3.825%,355523,1568287738.00,United States,,Shoe Manufacturing,Consumer Discretionary
WXM,WF International Limited Ordinary Shares,$4.00,-0.12,-2.913%,6329,12470348.00,China,2025,Engineering & Construction,Consumer Discretionary
WY,Weyerhaeuser Company Common Stock,$21.17,-0.37,-1.718%,6679146,15257981120.00,United States,,Real Estate Investment Trusts,Real Estate
WYFI,WhiteFiber Inc. Ordinary Shares,$19.05,-1.18,-5.833%,971770,740056648.00,United States,2025,Finance: Consumer Services,Finance
WYHG,Wing Yip Food Holdings Group Limited American Depositary Shares,$4.10,-0.10,-2.381%,45698,145889201.00,China,2024,Specialty Foods,Consumer Staples
WYNN,Wynn Resorts Limited Common stock,$81.45,-1.06,-1.285%,1536120,8387223422.00,United States,2002,Hotels/Resorts,Consumer Discretionary
WYY,WidePoint Corporation Common Stock,$11.17,-0.02,-0.179%,42065,111680508.00,United States,,EDP Services,Technology
XAIR,Beyond Air Inc. Common Stock,$3.01,-0.19,-5.938%,36664,2882469.00,United States,,Medical/Dental Instruments,Health Care
XBIO,Xenetic Biosciences Inc. Common Stock,$2.52,-0.05,-1.946%,91408,5904816.00,United States,,Biotechnology: Pharmaceutical Preparations,Health Care
XBIT,XBiotech Inc. Common Stock,$2.18,0.00,0.00%,40044,66463254.00,United States,2015,Biotechnology: Pharmaceutical Preparations,Health Care
XBP,XBP Global Holdings Inc. Common Stock,$3.265,0.025,0.772%,15248,46221247.00,United States,2021,EDP Services,Technology
XCBE,X3 Acquisition Corp. Ltd. Class A Ordinary Shares,$10.01,0.00,0.00%,7,0.00,United States,2026,,
XCH,XCHG Limited American Depositary Share,$3.16,0.12,3.947%,102252,13987531.00,Germany,2024,Industrial Machinery/Components,Miscellaneous
XCUR,Exicure Inc. Common Stock,$1.24,-0.05,-3.876%,9331,8117034.00,United States,,Biotechnology: Pharmaceutical Preparations,Health Care
XE,X-Energy Inc. Class A Common Stock,$16.38,0.02,0.122%,6509526,6656276849.00,United States,2026,Metal Fabrications,Industrials
XEL,Xcel Energy Inc. Common Stock,$70.66,-1.40,-1.943%,4409411,44136660062.00,United States,,Power Generation,Utilities
XELB,Xcel Brands Inc. Common Stock,$0.845,-0.016,-1.858%,4082,5543432.00,United States,,Multi-Sector Companies,Miscellaneous
XELLL,Xcel Energy Inc. 6.25% Junior Subordinated Notes Series due 2085,$21.99,0.03,0.137%,82504,0.00,United States,,Power Generation,Utilities
XENE,Xenon Pharmaceuticals Inc. Common Shares,$36.56,-2.53,-6.472%,3173815,3540486194.00,Canada,2014,Biotechnology: Pharmaceutical Preparations,Health Care
XERS,Xeris Biopharma Holdings Inc. Common Stock,$8.66,-0.07,-0.802%,2042803,1578893850.00,United States,2018,Biotechnology: Pharmaceutical Preparations,Health Care
XFLH,XFLH Capital Corporation Ordinary Shares,$10.04,0.00,0.00%,6,0.00,,2026,Blank Checks,Finance
XFLT,XAI Floating Rate & Alternative Income Trust Common Shares of Beneficial Interest,$19.42,-0.09,-0.461%,93827,688798891.00,United States,2017,Investment Managers,Finance
XFOR,X4 Pharmaceuticals Inc. Common Stock,$3.11,-0.32,-9.329%,2309565,308346371.00,United States,2017,Biotechnology: Biological Products (No Diagnostic Substances),Health Care
XGN,Exagen Inc. Common Stock,$8.55,-0.19,-2.174%,383812,207126648.00,United States,2019,Medical Specialities,Health Care
XHG,XChange TEC.INC American Depositary Shares ,$2.28,-0.05,-2.146%,7118,117529271.00,China,2019,Specialty Insurers,Finance
XHLD,TEN Holdings Inc. Common Stock,$12.08,0.35,2.984%,2473796,144717711.00,United States,2025,Business Services,Consumer Discretionary
XHR,Xenia Hotels & Resorts Inc. Common Stock,$17.82,-0.07,-0.391%,1055618,1643820780.00,United States,2015,Hotels/Resorts,Consumer Discretionary
XIFR,XPLR Infrastructure LP Common Units representing limited partner interests,$10.67,-0.15,-1.386%,709964,1005890723.00,United States,2014,Electric Utilities: Central,Utilities
XIII,Churchill Capital Corp XIII Class A Ordinary Shares,$10.34,0.00,0.00%,52202,0.00,United States,2026,,
XIIIU,Churchill Capital Corp XIII Units,$10.64,0.00,0.00%,1270,0.00,United States,2026,,
XIIIW,Churchill Capital Corp XIII Warrants,$2.16,0.06,2.857%,6307,0.00,United States,2026,,
XLAB,Exascale Labs Holdings Inc. Class A Common Stock,$2.75,0.005,0.182%,14611,250800000.00,United States,,Computer Software: Prepackaged Software,Technology
XLABW,Exascale Labs Holdings Inc. Warrant,$0.305,0.0341,12.588%,243,27816000.00,United States,,Computer Software: Prepackaged Software,Technology
XLO,Xilio Therapeutics Inc. Common Stock,$8.94,-0.10,-1.106%,1281,58826532.00,United States,2021,Biotechnology: Pharmaceutical Preparations,Health Care
XMAX,XMAX Inc. Common Stock,$8.71,-0.16,-1.804%,390411,561999040.00,United States,,Home Furnishings,Consumer Discretionary
XMTR,Xometry Inc. Class A Common Stock,$105.01,-0.12,-0.114%,1224121,6019548401.00,United States,2021,Business Services,Consumer Discretionary
XNCR,Xencor Inc. Common Stock,$24.26,-0.90,-3.577%,1156677,1803813411.00,United States,2013,Biotechnology: Pharmaceutical Preparations,Health Care
XNDU,Xanadu Quantum Technologies Limited Class B Subordinate Voting Shares,$5.33,-0.45,-7.785%,17791057,1621514048.00,Canada,,Computer Manufacturing,Technology
XNET,Xunlei Limited American Depositary Shares,$5.07,0.015,0.297%,203572,1613623429.00,China,2014,Computer Software: Prepackaged Software,Technology
XOM,ExxonMobil Holdings Corporation Common Stock,$161.23,2.52,1.588%,12577378,662963565311.00,United States,,Integrated oil Companies,Energy
XOS,Xos Inc. Common Stock,$2.55,0.03,1.19%,129559,36255523.00,United States,2020,Auto Parts:O.E.M.,Consumer Discretionary
XP,XP Inc. Class A Common Stock,$20.88,-0.33,-1.556%,7476905,10822353286.00,Brazil,2019,Investment Bankers/Brokers/Service,Finance
XPEL,XPEL Inc. Common Stock,$44.52,-1.77,-3.824%,143544,1227449701.00,United States,,Industrial Specialties,Industrials
XPER,Xperi Inc. Common Stock ,$5.50,-0.11,-1.961%,298063,268245021.00,United States,2022,Computer Software: Prepackaged Software,Technology
XPEV,XPeng Inc. American depositary shares each representing two Class A ordinary shares,$10.29,-0.19,-1.813%,4675981,9858542049.00,China,2020,Auto Manufacturing,Industrials
XPL,Solitario Resources Corp. Common Stock,$0.6402,-0.0162,-2.468%,91755,60616993.00,United States,,Precious Metals,Basic Materials
XPO,XPO Inc. Common Stock,$179.92,2.25,1.266%,1250524,21066196783.00,United States,,Transportation Services,Consumer Discretionary
XPOF,Xponential Fitness Inc. Class A Common Stock,$3.70,-0.30,-7.50%,849964,182498800.00,United States,2021,Services-Misc. Amusement & Recreation,Consumer Discretionary
XPON,Expion Energy Inc. Common Stock,$4.71,-0.59,-11.132%,76247,4768866.00,United States,2022,Industrial Machinery/Components,Miscellaneous
XPRO,Expro Ltd Ordinary Shares,$16.51,0.13,0.794%,433905,1872156122.00,Cayman Islands,,Oilfield Services/Equipment,Energy
XRAY,DENTSPLY SIRONA Inc. Common Stock,$9.78,-0.17,-1.709%,3352133,1949680907.00,United States,1987,Medical/Dental Instruments,Health Care
XRN,Chiron Real Estate Inc. Common Stock,$35.57,-0.97,-2.655%,99588,470869613.00,United States,2016,Real Estate Investment Trusts,Real Estate
XRN^A,Chiron Real Estate Inc. Series A Cumulative Redeemable Preferred Stock,$24.82,-0.18,-0.72%,6892,,United States,,,
XRN^B,Chiron Real Estate Inc. 8.00% Series B Cumulative Redeemable Preferred Stock $0.001 par value per share,$25.85,0.00,0.00%,87851,,United States,,,
XRPN,Armada Acquisition Corp. II Class A Ordinary Shares,$10.57,0.00,0.00%,58968,0.00,United States,2025,Blank Checks,Finance
XRPNU,Armada Acquisition Corp. II Units,$11.36,0.00,0.00%,6,0.00,United States,2025,Blank Checks,Finance
XRPNW,Armada Acquisition Corp. II Warrant,$1.29,0.00,0.00%,48184,0.00,United States,2025,Blank Checks,Finance
XRTX,XORTX Therapeutics Inc. Common Shares,$1.70,-0.16,-8.602%,59426,3088161.00,Canada,,Biotechnology: Pharmaceutical Preparations,Health Care
XRX,Xerox Holdings Corporation Common Stock,$3.47,-0.02,-0.573%,1676953,455661353.00,United States,,Computer peripheral equipment,Technology
XRXDW,Xerox Holdings Corporation Warrants,$0.32,-0.01,-3.03%,158291,42020644.00,United States,,Computer peripheral equipment,Technology
XSLL,Xsolla SPAC 1 Class A Ordinary Shares,$9.98,-0.005,-0.05%,144,0.00,United States,2026,Blank Checks,Finance
XTER,Karman Line Acquisition Corp. Class A Ordinary Shares,$9.79,0.00,0.00%,13478,0.00,United States,2026,Blank Checks,Finance
XTERU,Karman Line Acquisition Corp. Units,$9.94,0.0268,0.27%,620,0.00,United States,2026,,
XTIA,XTI Aerospace Inc. Common Stock,$0.9585,-0.0465,-4.627%,431661,36880961.00,United States,2014,EDP Services,Technology
XTLB,XTL Biopharmaceuticals Ltd. American Depositary Shares,$2.2001,-0.1783,-7.497%,2549,5406664.00,Israel,,Biotechnology: Pharmaceutical Preparations,Health Care
XTND,Xtend AI Robotics Inc. Common Stock,$3.95,-0.02,-0.504%,780902,79910092.00,,2026,Military/Government/Technical,Industrials
XTNT,Xtant Medical Holdings Inc. Common Stock,$0.375,0.021,5.932%,170187,52607985.00,United States,,Medical/Dental Instruments,Health Care
XWEL,XWELL Inc. Common Stock,$0.9025,0.01,1.12%,27908,7751813.00,United States,,Other Consumer Services,Consumer Discretionary
XXI,Twenty One Capital Inc. Class A Common Stock,$6.80,-0.08,-1.163%,2798748,3824131110.00,,2025,Finance: Consumer Services,Finance
XXII,22nd Century Group Inc. Common Stock,$2.34,0.53,29.282%,2695952,1670746.00,United States,, Medicinal Chemicals and Botanical Products ,Health Care
XYF,X Financial American Depositary Shares each representing six Class A Ordinary Shares,$5.23,-0.08,-1.507%,27194,286514253.00,Cayman Islands,2018,Finance: Consumer Services,Finance
XYL,Xylem Inc. Common Stock New,$108.64,0.79,0.732%,1882243,25366007256.00,United States,2011,Fluid Controls,Industrials
XYZ,Block Inc. Class A Common Stock,$74.68,-2.85,-3.676%,5182300,44867370600.00,United States,2015,Computer Software: Prepackaged Software,Technology
XZO,Exzeo Group Inc. Common Stock,$15.31,-1.22,-7.381%,324805,1379215405.00,,2025,Computer Software: Prepackaged Software,Technology
YAAS,Youxin Technology Ltd Class A Ordinary shares,$1.31,-0.07,-5.072%,20150,20586174.00,China,2024,Computer Software: Prepackaged Software,Technology
YALA,Yalla Group Limited American Depositary Shares each representing one Class A Ordinary Share,$5.46,-0.10,-1.799%,408965,828986269.00,United Arab Emirates,2020,Computer Software: Programming Data Processing,Technology
YARW,Yarrow Bioscience Inc. Common Stock,$27.88,-0.80,-2.789%,102315,259405585.00,United States,2018,Biotechnology: Pharmaceutical Preparations,Health Care
YB,Yuanbao Inc. American Depositary Shares,$12.21,0.05,0.411%,20418,562639254.00,China,2025,Specialty Insurers,Finance
YCBD,cbdMD Inc. Common Stock,$0.4574,-0.0426,-8.52%,371594,5125188.00,United States,2017,Package Goods/Cosmetics,Consumer Discretionary
YCY,AA Mission Acquisition Corp. II Class A Ordinary Shares,$10.23,0.00,0.00%,119,0.00,,2025,,
YDDL,One and One Green Technologies. Inc Class A Ordinary Shares,$1.46,-0.03,-2.013%,48722,81808666.00,Philippines,2025,Industrial Specialties,Consumer Discretionary
YDES,YD Bio Limited Ordinary Shares,$3.23,0.41,14.539%,359195,228785248.00,United States,,Medical Specialities,Health Care
YDESW,YD Bio Limited Warrants,$0.36,0.00,0.00%,1007,25499285.00,United States,,Medical Specialities,Health Care
YDKG,Yueda Digital Holding Class A Ordinary Share,$0.8759,-0.001,-0.114%,10318,4854467.00,China,2007,Advertising,Consumer Discretionary
YELP,Yelp Inc. Common Stock,$17.73,-1.23,-6.487%,1818088,962094000.00,United States,2012,Other Consumer Services,Consumer Discretionary
YETI,YETI Holdings Inc. Common Stock,$41.86,-1.72,-3.947%,2121574,3055311001.00,United States,2018,Recreational Games/Products/Toys,Consumer Discretionary
YEXT,Yext Inc. Common Stock,$6.44,0.07,1.099%,829103,637422854.00,United States,2017,EDP Services,Technology
YFOR,YYForce Inc. Class A Ordinary Shares,$1.65,-0.11,-6.25%,203304,21181677.00,Singapore,2024,Professional Services,Consumer Discretionary
YHC,LQR House Inc. Common Stock,$1.30,-0.11,-7.801%,488818,1695014.00,United States,2023,Beverages (Production/Distribution),Consumer Staples
YHGJ,Yunhong Green CTI Ltd. Common Stock,$2.6899,-0.0402,-1.472%,6030,7018605.00,United States,,Specialty Chemicals,Industrials
YHNA,YHN Acquisition I Limited Ordinary Shares,$11.05,0.00,0.00%,36,0.00,Hong Kong,2024,,
YI,111 Inc. American Depositary Shares,$3.71,0.16,4.507%,19473,32636736.00,China,2018,Retail-Drug Stores and Proprietary Stores,Consumer Staples
YIBO,Planet Image International Limited Class A Ordinary Shares,$1.17,0.00,0.00%,1157,69304039.00,China,2024,Computer peripheral equipment,Technology
YICC,Yorkville International Capital Corp. Class A Ordinary Shares,$9.925,0.00,0.00%,1991,0.00,United States,2026,Blank Checks,Finance
YJ,Yunji Inc. American Depository Shares,$1.79,-0.10,-5.291%,102575,8816717.00,China,2019,Other Specialty Stores,Consumer Discretionary
YMAT,J-Star Holding Co. Ltd. Class A Ordinary Shares,$1.28,-0.04,-3.03%,4498075,5132932.00,Taiwan,2025,Recreational Games/Products/Toys,Consumer Discretionary
YMM,Full Truck Alliance Co. Ltd. American Depositary Shares (each representing 20 Class A Ordinary Shares),$8.34,-0.11,-1.302%,5936039,8653119704.00,China,2021,Computer Software: Prepackaged Software,Technology
YMT,Yimutian Inc. American Depositary Shares,$1.84,-0.19,-9.36%,382018,876891.00,China,2025,EDP Services,Technology
YORW,York Water Company (The) Common Stock,$30.93,-0.66,-2.089%,138280,501950010.00,United States,,Water Supply,Utilities
YOU,Clear Secure Inc. Class A Common Stock,$38.90,-0.13,-0.333%,1879882,5262706390.00,United States,2021,Computer Software: Prepackaged Software,Technology
YOUL,Youlife Group Inc. American Depositary Shares,$0.472,0.0213,4.726%,45739,65943594.00,China,,Other Consumer Services,Real Estate
YPF,YPF Sociedad Anonima American Depositary Shares,$53.93,0.58,1.087%,1554204,21211358926.00,Argentina,1993,Integrated oil Companies,Energy
YQ,17 Education & Technology Group Inc. American Depositary Shares,$3.555,-0.135,-3.659%,4076,38591971.00,China,2020,Other Consumer Services,Real Estate
YRD,Yiren Digital Ltd. American Depositary Shares each representing two ordinary shares,$1.00,-0.01,-0.99%,40884,87488461.00,China,2015,Finance: Consumer Services,Finance
YSG,Yatsen Holding Limited American Depositary Shares each representing twenty (20) Class A Ordinary Shares,$2.76,0.03,1.099%,44673,259068510.00,China,,Package Goods/Cosmetics,Consumer Discretionary
YSS,York Space Systems Inc. Common Stock,$9.61,-0.30,-3.027%,2921543,1320006584.00,,2026,Military/Government/Technical,Industrials
YSWY,Yesway Inc. Class A Common Stock,$19.57,-0.43,-2.15%,432231,1236721179.00,United States,2026,Food Chains,Consumer Staples
YSXT,YSX Tech. Co. Ltd Class A Ordinary Shares,$1.40,0.045,3.321%,914,44635500.00,China,2024,Automotive Aftermarket,Consumer Discretionary
YTRA,Yatra Online Inc. Ordinary Shares,$1.04,-0.01,-0.952%,9181,66530137.00,India,,Transportation Services,Consumer Discretionary
YUM,Yum! Brands Inc.,$140.63,0.92,0.659%,2636015,38378079584.00,United States,,Restaurants,Consumer Discretionary
YUMC,Yum China Holdings Inc. Common Stock,$40.85,-0.73,-1.756%,1348309,13989414856.00,United States,2016,Restaurants,Consumer Discretionary
YXT,YXT.COM GROUP HOLDING LIMITED American Depository Shares,$2.38,0.01,0.422%,14361,15732433.00,China,2024,Computer Software: Prepackaged Software,Technology
YYAI,AiRWA Inc. Common Stock,$0.7379,-0.0221,-2.908%,244923,3380997.00,United States,,Computer Software: Programming Data Processing,Technology
Z,Zillow Group Inc. Class C Capital Stock,$28.65,-2.30,-7.431%,7428524,6442667432.00,United States,,Business Services,Consumer Discretionary
ZBAO,Zhibao Technology Inc. Class A Ordinary Shares,$0.097,-0.012,-11.009%,24720431,45209888.00,China,2024,Specialty Insurers,Finance
ZBH,Zimmer Biomet Holdings Inc. Common Stock,$90.88,-3.10,-3.299%,2974407,17334241176.00,United States,,Industrial Specialties,Health Care
ZBIO,Zenas BioPharma Inc. Common Stock,$29.63,-3.42,-10.348%,525173,1931186302.00,United States,2024,Biotechnology: Pharmaceutical Preparations,Health Care
ZBRA,Zebra Technologies Corporation Class A Common Stock,$371.02,9.41,2.602%,652836,17553201073.00,United States,1991,Industrial Machinery/Components,Industrials
ZCMD,Zhongchao Inc. Class A Ordinary Shares,$0.9875,-0.0425,-4.126%,448645,8762558.00,China,2020,Other Consumer Services,Real Estate
ZD,Ziff Davis Inc. Common Stock,$56.75,-1.45,-2.491%,530805,1945799054.00,United States,,Telecommunications Equipment,Telecommunications
ZDAI,DirectBooking Technology Co. Ltd. Class A Ordinary Shares,$1.62,-0.04,-2.41%,3371,13589326.00,Hong Kong,2024,General Bldg Contractors - Nonresidential Bldgs,Consumer Discretionary
ZDGE,Zedge Inc. Class B Common Stock ,$3.03,-0.04,-1.303%,12210,47525786.00,,2016,Computer Software: Prepackaged Software,Technology
ZENA,ZenaTech Inc. Common Stock,$1.49,-0.05,-3.247%,1012387,128011905.00,Canada,,Computer Software: Prepackaged Software,Technology
ZEO,Zeo Energy Corporation Class A Common Stock,$0.3967,-0.0931,-19.008%,69922268,24668190.00,United States,2021,Industrial Machinery/Components,Miscellaneous
ZEOWW,Zeo Energy Corporation Warrants,$0.0282,-0.0014,-4.73%,145430,1753574.00,United States,2021,Industrial Machinery/Components,Miscellaneous
ZEPP,Zepp Health Corporation American depositary shares each representing sixteen Class A ordinary shares,$4.24,-0.06,-1.395%,48713,62179519.00,China,,Computer Manufacturing,Technology
ZETA,Zeta Global Holdings Corp. Class A Common Stock,$29.79,-0.34,-1.128%,3513792,7477695293.00,United States,2021,Computer Software: Prepackaged Software,Technology
ZG,Zillow Group Inc. Class A Common Stock,$29.35,-2.24,-7.091%,1413323,6600079900.00,United States,2011,Business Services,Consumer Discretionary
ZGN,Ermenegildo Zegna N.V. Ordinary Shares,$12.44,-0.07,-0.56%,1389020,3337801902.00,,2021,Apparel,Consumer Discretionary
ZH,Zhihu Inc. American Depositary Shares each representing three (3) Class A Ordinary Shares,$3.50,-0.02,-0.568%,913980,310746674.00,China,,Business Services,Consumer Discretionary
ZIM,ZIM Integrated Shipping Services Ltd. Ordinary Shares,$30.09,-0.42,-1.377%,1259089,3624819172.00,,2021,Marine Transportation,Consumer Discretionary
ZION,Zions Bancorporation N.A. Common Stock,$62.65,-1.00,-1.571%,1706016,9143977691.00,United States,,Major Banks,Finance
ZIONP,Zions Bancorporation N.A. Depositary Shares (Each representing 1/40th Interest in a Share of Series A Floating-Rate Non-Cumulative Perpetual Preferred Stock),$17.86,1.10,6.563%,18045,2606726920.00,United States,,Major Banks,Finance
ZIP,ZipRecruiter Inc. Class A Common Stock,$3.58,-0.14,-3.763%,675601,294369664.00,United States,2021,Computer Software: Programming Data Processing,Technology
ZJK,ZJK Industrial Co. Ltd. Class A Ordinary Shares,$2.09,-0.04,-1.878%,5965,134433500.00,China,2024,Metal Fabrications,Industrials
ZJYL,JIN MEDICAL INTERNATIONAL LTD. Class A Ordinary Shares,$2.05,-0.03,-1.442%,19687,160786594.00,China,2023,Industrial Specialties,Health Care
ZKH,ZKH Group Limited American Depositary Shares each representing thirty-five (35) Class A Ordinary Shares,$2.81,-0.08,-2.768%,131940,446563281.00,Cayman Islands,2023,RETAIL: Building Materials,Consumer Discretionary
ZKIN,ZK International Group Co. Ltd Ordinary Share,$1.70,0.25,17.241%,619814,97430924.00,China,2017,Metal Fabrications,Industrials
ZKP,Lafayette Digital Acquisition Corp. I Class A Ordinary Shares,$10.03,0.00,0.00%,8,0.00,United States,2026,Blank Checks,Finance
ZKPU,Lafayette Digital Acquisition Corp. I Unit,$10.24,0.00,0.00%,6,0.00,United States,2026,Blank Checks,Finance
ZLAB,Zai Lab Limited American Depositary Shares,$26.44,0.03,0.114%,791644,2968319068.00,China,2017,Biotechnology: Pharmaceutical Preparations,Health Care
ZM,Zoom Communications Inc. Class A Common Stock,$91.90,0.95,1.045%,3087310,26814923041.00,United States,2019,Computer Software: Programming Data Processing,Technology
ZNB,Zeta Network Group Class A Ordinary Shares,$1.38,0.00,0.00%,29489,5071572.00,United States,,Other Consumer Services,Real Estate
ZNTL,Zentalis Pharmaceuticals Inc. Common Stock,$2.87,-0.21,-6.818%,1453592,271698790.00,United States,2020,Biotechnology: Pharmaceutical Preparations,Health Care
ZONE,Zone Frontier Inc. Class B Common Stock,$0.145,0.009,6.618%,44387312,72803088.00,,2024,Specialty Chemicals,Consumer Discretionary
ZOOZ,ZOOZ Strategy Ltd. Ordinary Shares,$7.62,-0.24,-3.053%,9771,61033213.00,Israel,,Industrial Machinery/Components,Technology
ZOOZW,ZOOZ Strategy Ltd. Warrant,$0.0166,-0.0055,-24.887%,12804,132959.00,Israel,,Industrial Machinery/Components,Technology
ZS,Zscaler Inc. Common Stock,$214.45,4.27,2.032%,2560716,34967079986.00,United States,2018,EDP Services,Technology
ZSQR,Z Squared Inc. Common Stock,$2.96,0.17,6.093%,321232,156881175.00,United States,2020,Finance: Consumer Services,Finance
ZSTK,ZeroStack Corp. Common Stock,$3.92,-0.13,-3.21%,87680,85536466.00,Canada,2021,Other Pharmaceuticals,Health Care
ZTG,Zenta Group Company Limited Class A Ordinary Shares,$1.73,0.00,0.00%,844277,41670820.00,Macau,2025,Professional Services,Consumer Discretionary
ZTO,ZTO Express (Cayman) Inc. American Depositary Shares each representing one Class A ordinary share.,$19.61,-0.23,-1.159%,3218980,15097752590.00,China,2016,Trucking Freight/Courier Services,Industrials
ZTR,Virtus Total Return Fund Inc.,$6.08,-0.11,-1.777%,172860,0.00,United States,1988,Investment Managers,Finance
ZTS,Zoetis Inc. Class A Common Stock,$71.61,-1.25,-1.716%,3829145,29590942139.00,United States,2013,Biotechnology: Pharmaceutical Preparations,Health Care
ZUMZ,Zumiez Inc. Common Stock,$13.75,-0.73,-5.041%,282687,210795929.00,United States,2005,Clothing/Shoe/Accessory Stores,Consumer Discretionary
ZURA,Zura Bio Limited Class A Ordinary Shares,$4.33,-0.18,-3.991%,2062402,414940163.00,Cayman Islands,,Biotechnology: Biological Products (No Diagnostic Substances),Health Care
ZVIA,Zevia PBC Class A Common Stock,$1.29,-0.05,-3.731%,510262,99775567.00,United States,2021,Beverages (Production/Distribution),Consumer Staples
ZVRA,Zevra Therapeutics Inc. Common Stock,$11.32,-0.26,-2.245%,735920,672224401.00,United States,,Biotechnology: Pharmaceutical Preparations,Health Care
ZWS,Zurn Elkay Water Solutions Corporation Common Stock,$46.78,-0.13,-0.277%,593489,7759122458.00,United States,2012,Industrial Machinery/Components,Industrials
ZYBT,Zhengye Biotechnology Holding Limited Class A Ordinary Shares,$1.37,0.09,7.031%,28508,64926185.00,China,2025,Biotechnology: Pharmaceutical Preparations,Health Care
ZYME,Zymeworks Inc. Common Stock,$27.50,-0.065,-0.236%,647762,1951379128.00,United States,,Biotechnology: Pharmaceutical Preparations,Health Care
