symbol,name,lastsale,netchange,pctchange,volume,marketCap,country,ipoyear,industry,sector
A,Agilent Technologies Inc. Common Stock,$172.79,-0.05,-0.029%,2582127,48714486683.00,United States,1999,Biotechnology: Laboratory Analytical Instruments,Industrials
AA,Alcoa Corporation Common Stock ,$42.85,0.17,0.398%,3401413,11308519718.00,United States,2016,Aluminum,Industrials
AAC,Ares Acquisition Corporation III Class A Ordinary Shares,$10.07,0.00,0.00%,6807,710984898.00,,2026,Metal Fabrications,Industrials
AACG,ATA Creativity Global American Depositary Shares,$0.86,0.0344,4.167%,2146,58879057.00,China,2008,Other Consumer Services,Real Estate
AACI,Armada Acquisition Corp. III Class A Ordinary Share,$10.05,0.00,0.00%,2178,0.00,United States,2026,Blank Checks,Finance
AACIU,Armada Acquisition Corp. III Units,$10.32,0.18,1.775%,201,0.00,United States,2026,Blank Checks,Finance
AACIW,Armada Acquisition Corp. III Warrant,$0.25,0.0291,13.173%,2107,0.00,United States,2026,Blank Checks,Finance
AACO,Abony Acquisition Corp. I Class A Ordinary Share,$10.00,0.00,0.00%,13,0.00,United States,2026,,
AACOW,Abony Acquisition Corp. I Warrants,$0.435,0.00,0.00%,11,0.00,United States,2026,,
AACP,Apogee Acquisition Corp Class A Ordinary Shares,$10.10,0.00,0.00%,10,0.00,United States,2026,Blank Checks,Finance
AACPR,Apogee Acquisition Corp Rights,$0.1761,0.00,0.00%,11,0.00,United States,2026,Blank Checks,Finance
AACPU,Apogee Acquisition Corp Units,$10.30,0.00,0.00%,2,0.00,United States,2026,Blank Checks,Finance
AADX,Applied Aerospace & Defense Inc. Common Stock,$12.64,-0.10,-0.785%,1507930,2179054068.00,,2026,Military/Government/Technical,Industrials
AAL,American Airlines Group Inc. Common Stock,$13.87,0.52,3.895%,76084507,9181523220.00,United States,,Air Freight/Delivery Services,Consumer Discretionary
AAME,Atlantic American Corporation Common Stock,$1.36,0.05,3.817%,14999,27740230.00,United States,,Life Insurance,Finance
AAMI,Acadian Asset Management Inc. Common Stock,$93.88,0.56,0.60%,293845,3331813217.00,United Kingdom,2014,Investment Managers,Finance
AAOI,Applied Optoelectronics Inc. Common Stock,$101.40,0.37,0.366%,5512174,8609497705.00,United States,2013,Semiconductors,Technology
AAON,AAON Inc. Common Stock,$89.10,4.83,5.732%,1947562,7346619235.00,United States,,Industrial Machinery/Components,Industrials
AAP,Advance Auto Parts Inc.,$41.73,0.30,0.724%,1606051,2520492000.00,United States,,Auto & Home Supply Stores,Consumer Discretionary
AAPG,Ascentage Pharma Group International American Depository Shares,$14.856,-0.374,-2.456%,2872,1386518621.00,China,2025,Biotechnology: Pharmaceutical Preparations,Health Care
AAPL,Apple Inc. Common Stock,$341.07,5.15,1.533%,30002768,4977636972600.00,United States,1980,Computer Manufacturing,Technology
AARD,Aardvark Therapeutics Inc. Common Stock,$5.06,-0.49,-8.829%,71481,110737321.00,United States,2025,Biotechnology: Pharmaceutical Preparations,Health Care
AAT,American Assets Trust Inc. Common Stock,$21.58,0.09,0.419%,379152,1325102917.00,United States,2011,Real Estate Investment Trusts,Real Estate
AAUC,Allied Gold Corporation Common Shares,$22.29,0.24,1.088%,345810,3106064535.00,,2025,,
AB,AllianceBernstein Holding L.P.  Units,$35.76,0.35,0.988%,349304,3328369831.00,United States,,Investment Managers,Finance
ABAT,American Battery Technology Company Common Stock,$2.26,0.01,0.444%,1960813,322225733.00,United States,,Mining & Quarrying of Nonmetallic Minerals (No Fuels),Industrials
ABBV,AbbVie Inc. Common Stock,$264.34,-0.78,-0.294%,2541725,467119783117.00,United States,2012,Biotechnology: Pharmaceutical Preparations,Health Care
ABCB,Ameris Bancorp Common Stock,$82.29,0.50,0.611%,349029,5522254697.00,United States,1994,Major Banks,Finance
ABCL,AbCellera Biologics Inc. Common Shares,$12.70,0.05,0.395%,3384001,4113600218.00,Canada,2020,Biotechnology: Pharmaceutical Preparations,Health Care
ABEO,Abeona Therapeutics Inc. Common Stock,$5.40,-0.03,-0.552%,720731,308793692.00,United States,,Biotechnology: Pharmaceutical Preparations,Health Care
ABEV,Ambev S.A. American Depositary Shares (Each representing 1 Common Share),$2.91,0.00,0.00%,13201824,45866368780.00,Brazil,2013,Beverages (Production/Distribution),Consumer Staples
ABG,Asbury Automotive Group Inc Common Stock,$185.15,5.21,2.895%,237837,3323797433.00,United States,2002,Retail-Auto Dealers and Gas Stations,Consumer Discretionary
ABLV,Able View Global Inc. Class B Ordinary Shares,$1.30,0.16,14.035%,2127893,71787074.00,China,,Other Consumer Services,Consumer Discretionary
ABLVW,Able View Global Inc. Warrant,$0.0178,0.0047,35.878%,27742,982931.00,China,,Other Consumer Services,Consumer Discretionary
ABM,ABM Industries Incorporated Common Stock,$49.78,0.24,0.484%,424293,2917834390.00,United States,,Diversified Commercial Services,Consumer Discretionary
ABNB,Airbnb Inc. Class A Common Stock,$157.47,6.08,4.016%,5479678,94290781345.00,United States,2020,Diversified Commercial Services,Consumer Discretionary
ABOS,Acumen Pharmaceuticals Inc. Common Stock,$2.24,0.005,0.224%,235316,161990718.00,United States,2021,Biotechnology: Biological Products (No Diagnostic Substances),Health Care
ABR,Arbor Realty Trust Common Stock,$4.03,-0.04,-0.983%,4542505,751828913.00,United States,2004,Real Estate Investment Trusts,Real Estate
ABR^D,Arbor Realty Trust 6.375% Series D Cumulative Redeemable Preferred Stock Liquidation Preference $25.00 per Share,$14.98,-0.22,-1.447%,16755,,United States,,,
ABR^E,Arbor Realty Trust 6.25% Series E Cumulative Redeemable Preferred Stock,$14.79,-0.22,-1.466%,10073,,United States,,,
ABR^F,Arbor Realty Trust 6.25% Series F Fixed-to-Floating Rate Cumulative Redeemable Preferred Stock Liquidation Preference $25.00 per share,$21.04,-0.56,-2.593%,21139,,United States,,,
ABSI,Absci Corporation Common Stock,$9.74,-0.605,-5.848%,3206665,1671520457.00,United States,2021,Biotechnology: Commercial Physical & Biological Resarch,Health Care
ABT,Abbott Laboratories Common Stock,$101.29,0.22,0.218%,7784309,175270524052.00,United States,,Biotechnology: Pharmaceutical Preparations,Health Care
ABTC,American Bitcoin Corp. Class A Common Stock,$9.10,-0.50,-5.208%,1107174,662659388.00,United States,2018,Finance: Consumer Services,Finance
ABTS,Abits Group Inc Ordinary Shares,$1.18,-0.08,-6.349%,14827,3793045.00,China,,Finance: Consumer Services,Finance
ABUS,Arbutus Biopharma Corporation Common Stock,$4.85,-0.03,-0.615%,16881195,959562000.00,Canada,,Biotechnology: Pharmaceutical Preparations,Health Care
ABVC,ABVC BioPharma Inc. Common Stock,$1.13,0.04,3.67%,89267,30119432.00,United States,,Biotechnology: Pharmaceutical Preparations,Health Care
ABVX,Abivax SA American Depositary Shares,$91.06,-3.81,-4.016%,1485032,7839768357.00,France,2023,Biotechnology: Pharmaceutical Preparations,Health Care
ABX,Abacus Global Management Inc. Class A Common Stock,$8.29,0.02,0.242%,805438,810697744.00,United States,,Investment Managers,Finance
ABXL,Abacus Global Management Inc. 9.875% Fixed Rate Senior Notes due 2028,$25.34,0.01,0.039%,26969,1891665133.00,United States,,Investment Managers,Finance
ACA,Arcosa Inc. Common Stock ,$146.62,0.10,0.068%,492292,7200040336.00,United States,2018,Metal Fabrications,Industrials
ACAA,Averin Capital Acquisition Corp. Class A Ordinary Shares,$10.00,-0.02,-0.20%,305010,0.00,United States,2026,Blank Checks,Finance
ACAAW,Averin Capital Acquisition Corp. Warrants,$0.756,0.00,0.00%,9,0.00,United States,2026,Blank Checks,Finance
ACAD,ACADIA Pharmaceuticals Inc. Common Stock,$20.68,-1.50,-6.763%,3364270,3563278112.00,United States,1985,Biotechnology: Pharmaceutical Preparations,Health Care
ACB,Aurora Cannabis Inc. Common Shares,$4.10,-0.06,-1.442%,685154,254023388.00,Canada,, Medicinal Chemicals and Botanical Products ,Health Care
ACCL,Acco Group Holdings Limited Class A Ordinary Shares,$2.50,-0.03,-1.186%,27837,34750000.00,Hong Kong,2025,Professional Services,Consumer Discretionary
ACCO,Acco Brands Corporation Common Stock,$4.31,0.01,0.233%,737250,397845618.00,United States,,Publishing,Consumer Discretionary
ACCS,ACCESS Newswire Inc. Common Stock,$4.79,0.03,0.63%,2692,18332786.00,United States,,Professional Services,Consumer Discretionary
ACDC,ProFrac Holding Corp. Class A Common Stock,$4.605,0.065,1.432%,598197,838675319.00,United States,2022,Oilfield Services/Equipment,Energy
ACEL,Accel Entertainment Inc. ,$11.07,0.03,0.272%,269985,898811768.00,United States,2017,Services-Misc. Amusement & Recreation,Consumer Discretionary
ACET,Adicet Bio Inc. Common Stock,$9.02,0.75,9.069%,638631,84440640.00,United States,2018,Biotechnology: Pharmaceutical Preparations,Health Care
ACFN,Acorn Energy Inc. Common Stock,$20.985,0.185,0.889%,43399,52664334.00,United States,,Military/Government/Technical,Consumer Discretionary
ACGC,ACP Holdings Acquisition Corp. Class A Ordinary Shares,$10.051,-0.004,-0.04%,153,0.00,United States,2026,Blank Checks,Finance
ACGCW,ACP Holdings Acquisition Corp. Warrants,$0.43,0.00,0.00%,5000,0.00,United States,2026,Blank Checks,Finance
ACGL,Arch Capital Group Ltd. Common Stock,$94.66,-0.36,-0.379%,3837074,32300749067.00,Bermuda,,Property-Casualty Insurers,Finance
ACGLN,Arch Capital Group Ltd. Depositary Shares each Representing a 1/1000th Interest in a 4.550% Non-Cumulative Preferred Share Series G,$15.3214,0.0314,0.205%,44785,5228107931.00,Bermuda,,Property-Casualty Insurers,Finance
ACGLO,Arch Capital Group Ltd. Depositary Shares Each Representing 1/1000th Interest in a Share of 5.45% Non-Cumulative Preferred Shares Series F,$18.785,-0.055,-0.292%,38580,6409989132.00,Bermuda,,Property-Casualty Insurers,Finance
ACH,Accendra Health Inc. Common Stock,$0.708,-0.0252,-3.437%,1410564,54448530.00,United States,,Medical Specialities,Health Care
ACHC,Acadia Healthcare Company Inc. Common Stock,$28.09,0.29,1.043%,1150353,2615186725.00,United States,,Medical Specialities,Health Care
ACHR,Archer Aviation Inc. Class A Common Stock,$5.61,-0.10,-1.751%,26917822,4366179260.00,United States,2020,Aerospace,Industrials
ACHV,Achieve Life Sciences Inc. Common Shares,$7.54,-0.29,-3.704%,1422981,775884775.00,United States,,Biotechnology: In Vitro & In Vivo Diagnostic Substances,Health Care
ACI,Albertsons Companies Inc. Class A Common Stock,$11.67,-0.28,-2.343%,7253917,5663750721.00,United States,2020,Food Chains,Consumer Staples
ACIC,American Coastal Insurance Corporation Common Stock,$9.40,0.33,3.638%,405360,444355183.00,United States,,Property-Casualty Insurers,Finance
ACIU,AC Immune SA Common Stock,$2.52,-0.14,-5.263%,323592,256469404.00,Switzerland,2016,Biotechnology: Pharmaceutical Preparations,Health Care
ACIW,ACI Worldwide Inc. Common Stock,$49.51,-0.11,-0.222%,585448,4998293982.00,United States,,Computer Software: Prepackaged Software,Technology
ACLS,Axcelis Technologies Inc. Common Stock,$123.11,6.97,6.001%,379195,3801820111.00,United States,2000,Industrial Machinery/Components,Technology
ACM,AECOM Common Stock,$60.89,2.37,4.05%,3563742,7836325318.00,United States,2007,Military/Government/Technical,Consumer Discretionary
ACMR,ACM Research Inc. Class A Common Stock,$77.30,1.12,1.47%,611305,5383882851.00,United States,2017,Industrial Machinery/Components,Technology
ACN,Accenture plc Class A Ordinary Shares (Ireland),$176.11,-1.30,-0.733%,4962243,117555223083.00,Ireland,2001,Business Services,Consumer Discretionary
ACNB,ACNB Corporation Common Stock,$63.73,0.29,0.457%,65263,648129639.00,United States,,Major Banks,Finance
ACNT,Ascent Industries Co. Common Stock,$14.70,0.06,0.41%,20325,132438959.00,United States,,Major Chemicals,Industrials
ACOG,Alpha Cognition Inc. Common Stock,$8.47,-0.10,-1.167%,116608,184426661.00,Canada,,,
ACON,Aclarion Inc. Common Stock,$2.59,-0.04,-1.521%,30142,7465341.00,United States,2022,Medical Specialities,Health Care
ACONW,Aclarion Inc. Warrant,$0.0257,-0.0022,-7.885%,5807,74077.00,United States,2022,Medical Specialities,Health Care
ACP,abrdn Income Credit Strategies Fund Common Shares,$4.48,0.02,0.448%,1007337,0.00,United States,2011,Investment Managers,Finance
ACP^A,abrdn Income Credit Strategies Fund 5.250% Series A Perpetual Preferred Stock,$18.375,0.015,0.082%,458,,United States,,,
ACR,ACRES Commercial Realty Corp. Common Stock,$10.48,-0.48,-4.38%,59214,78374282.00,United States,,Real Estate Investment Trusts,Real Estate
ACR^C,ACRES Commercial Realty Corp. 8.625% Fixed-to-Floating Series C Cumulative Redeemable Preferred Stock ,$23.7397,-0.0503,-0.211%,12121,,United States,,,
ACR^D,ACRES Commercial Realty Corp. 7.875% Series D Cumulative Redeemable Preferred Stock,$18.35,-0.5201,-2.756%,4865,,United States,,,
ACRE,Ares Commercial Real Estate Corporation Common Stock,$4.19,0.04,0.964%,477025,232465863.00,United States,2012,Real Estate Investment Trusts,Real Estate
ACRS,Aclaris Therapeutics Inc. Common Stock,$5.15,-0.23,-4.275%,1474136,758074299.00,United States,2015,Biotechnology: Pharmaceutical Preparations,Health Care
ACRV,Acrivon Therapeutics Inc. Common Stock,$2.10,-0.02,-0.943%,181969,89992060.00,United States,2022,Biotechnology: Pharmaceutical Preparations,Health Care
ACT,Enact Holdings Inc. Common Stock,$46.97,-0.28,-0.593%,258158,6457608027.00,United States,2021,Specialty Insurers,Finance
ACTG,Acacia Research Corporation (Acacia Tech) Common Stock,$4.27,-0.04,-0.928%,96686,416695657.00,United States,,Multi-Sector Companies,Miscellaneous
ACTU,Actuate Therapeutics Inc. Common stock,$0.68,0.06,9.677%,383559,16329657.00,United States,2024,Biotechnology: Pharmaceutical Preparations,Health Care
ACU,Acme United Corporation. Common Stock,$62.75,-0.56,-0.885%,25414,240572393.00,United States,1988,Industrial Machinery/Components,Consumer Discretionary
ACV,Virtus Diversified Income & Convertible Fund Common Shares of Beneficial Interest,$24.73,-0.21,-0.842%,35258,256275852.00,United States,2015,Finance/Investors Services,Finance
ACVA,ACV Auctions Inc. Class A Common Stock,$10.46,0.00,0.00%,3745533,1776191471.00,United States,2025,Business Services,Consumer Discretionary
ACXP,Acurx Pharmaceuticals Inc. Common Stock,$1.36,0.00,0.00%,134029,7560791.00,United States,2021,Biotechnology: Pharmaceutical Preparations,Health Care
AD,Array Digital Infrastructure Inc. Common Shares,$34.49,0.00,0.00%,260949,2983385000.00,United States,1988,Telecommunications Equipment,Telecommunications
ADAC,American Drive Acquisition Company Class A Ordinary Shares,$10.12,0.00,0.00%,18,0.00,United States,2026,,
ADAG,Adagene Inc. American Depositary Shares,$2.93,-0.05,-1.678%,197668,193531170.00,China,2021,Biotechnology: Pharmaceutical Preparations,Health Care
ADAM,Adamas Trust Inc. Common Stock,$8.14,0.00,0.00%,1465652,731621458.00,United States,,Real Estate Investment Trusts,Real Estate
ADAMG,Adamas Trust Inc. 9.125% Senior Notes Due 2030,$24.995,0.005,0.02%,9952,0.00,United States,,Real Estate Investment Trusts,Real Estate
ADAMH,Adamas Trust Inc. 9.875% Senior Notes Due 2030,$25.099,-0.061,-0.242%,51186,0.00,United States,,Real Estate Investment Trusts,Real Estate
ADAMI,Adamas Trust Inc. 9.125% Senior Notes Due 2029,$25.01,0.00,0.00%,4857,2265392019.00,United States,,Real Estate Investment Trusts,Real Estate
ADAMK,Adamas Trust Inc. 9.600% Senior Notes Due 2031 ,$25.05,-0.035,-0.14%,6813,0.00,United States,,Real Estate Investment Trusts,Real Estate
ADAML,Adamas Trust Inc. 6.875% Series F Fixed-to-Floating Rate Cumulative Redeemable Preferred Stock $0.01 par value per share,$25.07,0.04,0.16%,2530,2253286235.00,United States,,Real Estate Investment Trusts,Real Estate
ADAMM,Adamas Trust Inc. 7.875% Series E Fixed-to-Floating Rate Cumulative Redeemable Preferred Stock,$25.61,-0.0249,-0.097%,4746,2301821319.00,United States,,Real Estate Investment Trusts,Real Estate
ADAMN,Adamas Trust Inc. 8.00% Series D Fixed-to-Floating Rate Cumulative Redeemable Preferred Stock,$24.49,-0.01,-0.041%,11720,2201155959.00,United States,,Real Estate Investment Trusts,Real Estate
ADAMO,Adamas Trust Inc. 9.250% Senior Notes Due 2031,$24.701,-0.173,-0.696%,32236,0.00,United States,,Real Estate Investment Trusts,Real Estate
ADAMZ,Adamas Trust Inc. 7.000% Series G Cumulative Redeemable Preferred Stock $0.01 par value per share,$17.82,-0.325,-1.791%,12109,1601657787.00,United States,,Real Estate Investment Trusts,Real Estate
ADBE,Adobe Inc. Common Stock,$235.47,-3.46,-1.448%,3115393,91644924000.00,United States,1986,Computer Software: Prepackaged Software,Technology
ADBT,Advasa Holdings Inc. Common Stock,$0.113,-0.0109,-8.797%,9263028,55038424.00,Japan,,Computer Software: Prepackaged Software,Technology
ADC,Agree Realty Corporation Common Stock,$67.48,0.30,0.447%,1396622,8393115839.00,United States,,Real Estate Investment Trusts,Real Estate
ADC^A,Agree Realty Corporation Depositary Shares each representing 1/1000th of a 4.250% Series A Cumulative Redeemable Preferred Stock,$15.53,0.01,0.064%,34532,,United States,,,
ADCT,ADC Therapeutics SA Common Shares,$1.27,-0.02,-1.55%,1076989,162137973.00,Switzerland,2020,Biotechnology: Pharmaceutical Preparations,Health Care
ADEA,Adeia Inc. Common Stock,$25.48,0.47,1.879%,775467,2809938222.00,United States,2003,Cable & Other Pay Television Services,Telecommunications
ADGM,Adagio Medical Holdings Inc Common Stock,$0.195,-0.015,-7.143%,2088725,4331040.00,United States,,Medical/Dental Instruments,Health Care
ADI,Analog Devices Inc. Common Stock,$393.60,10.99,2.872%,2458175,190724967024.00,United States,,Semiconductors,Technology
ADIG,ADI Global Distribution Inc. Common Stock,$19.55,-0.91,-4.448%,579895,1484298521.00,United States,2026,Wholesale Distributors,Industrials
ADIL,Adial Pharmaceuticals Inc Common Stock,$4.22,-0.22,-4.955%,33175,11081256.00,United States,2018,Biotechnology: Pharmaceutical Preparations,Health Care
ADM,Archer-Daniels-Midland Company Common Stock,$81.12,-0.76,-0.928%,3207524,39096561373.00,United States,,Packaged Foods,Consumer Staples
ADMA,ADMA Biologics Inc Common Stock,$9.38,-0.14,-1.471%,3567301,2100976298.00,United States,,Biotechnology: Biological Products (No Diagnostic Substances),Health Care
ADNT,Adient plc Ordinary Shares ,$17.63,0.63,3.706%,897468,1359218911.00,United States,2016,Auto Parts:O.E.M.,Consumer Discretionary
ADP,Automatic Data Processing Inc. Common Stock,$263.67,0.56,0.213%,1210349,104479645661.00,United States,,EDP Services,Technology
ADPT,Adaptive Biotechnologies Corporation Common Stock,$29.43,-0.14,-0.473%,1686094,4696905630.00,United States,2019,Biotechnology: Biological Products (No Diagnostic Substances),Health Care
ADRX,ADARx Pharmaceuticals Inc. Common Stock,$19.35,2.35,13.824%,4213862,1977587512.00,United States,2026,Biotechnology: Pharmaceutical Preparations,Health Care
ADSE,ADS-TEC ENERGY PLC Ordinary Shares,$10.81,-0.14,-1.279%,11630,812152381.00,Ireland,,Industrial Specialties,Consumer Discretionary
ADSEW,ADS-TEC ENERGY PLC Warrant,$0.2829,-0.0271,-8.742%,665,21254201.00,Ireland,,Industrial Specialties,Consumer Discretionary
ADSK,Autodesk Inc. Common Stock,$209.40,-1.95,-0.923%,1877549,43764600000.00,United States,,Computer Software: Prepackaged Software,Technology
ADT,ADT Inc. Common Stock,$6.40,0.04,0.629%,6774053,4675579187.00,United States,2018,Diversified Commercial Services,Consumer Discretionary
ADTN,ADTRAN Holdings Inc. Common Stock,$7.13,0.195,2.812%,1602291,580962432.00,United States,1994,Telecommunications Equipment,Utilities
ADUR,Aduro Clean Technologies Inc. Common Stock,$12.63,0.07,0.557%,175471,450950967.00,Canada,,Major Chemicals,Industrials
ADUS,Addus HomeCare Corporation Common Stock,$113.19,-0.86,-0.754%,216652,2113744017.00,United States,2009,Medical/Nursing Services,Health Care
ADV,Advantage Solutions Inc. Class A Common Stock,$33.12,-0.83,-2.445%,71444,424672258.00,United States,2019,Business Services,Consumer Discretionary
ADVB,Advanced Biomed Inc. Common Stock,$6.38,0.07,1.109%,13670,10540609.00,Taiwan,2025,Medical Specialities,Health Care
ADX,Adams Diversified Equity Fund Inc.,$25.98,0.18,0.698%,184305,0.00,United States,,Investment Managers,Finance
ADXN,Addex Therapeutics Ltd American Depositary Shares,$3.65,0.19,5.491%,15481,6218552.00,Switzerland,,Biotechnology: Pharmaceutical Preparations,Health Care
AEAQ,Activate Energy Acquisition Corp. Class A Ordinary Share,$10.08,0.00,0.00%,25,0.00,Cayman Islands,2026,,
AEAQW,Activate Energy Acquisition Corp. Warrant,$0.305,0.00,0.00%,104,0.00,Cayman Islands,2026,,
AEBI,Aebi Schmidt Holding AG Common Stock ,$11.00,-0.22,-1.961%,779918,853593224.00,Switzerland,,Auto Manufacturing,Industrials
AEC,Anfield Energy Inc. Common Shares,$3.64,0.04,1.111%,38717,72617913.00,Canada,,Metal Mining,Basic Materials
AEE,Ameren Corporation Common Stock,$99.39,0.19,0.192%,2427249,27515450717.00,United States,,Power Generation,Utilities
AEF,abrdn Emerging Markets ex-China Fund Inc. Common Stock,$9.74,0.15,1.564%,140778,1045710750.00,United States,,Finance/Investors Services,Finance
AEFC,Aegon Funding Company LLC 5.10% Subordinated Notes due 2049,$17.85,-0.01,-0.056%,48473,0.00,United States,2019,,
AEG,Aegon Ltd. New York Registry Shares,$8.89,0.08,0.908%,9370720,16970570034.00,Netherlands,,Life Insurance,Finance
AEHL,Antelope Enterprise Holdings Limited Class A Ordinary Shares,$9.36,0.40,4.464%,73255,177511052.00,China,,Telecommunications Equipment,Consumer Discretionary
AEHR,Aehr Test Systems Common Stock,$104.39,6.97,7.155%,2863081,3409330007.00,United States,1997,Electrical Products,Industrials
AEI,Alset Inc. Common Stock (TX),$0.7843,0.0308,4.088%,17725,30505999.00,United States,2020,Real Estate,Finance
AEIS,Advanced Energy Industries Inc. Common Stock,$279.68,1.65,0.593%,342758,11201307619.00,United States,1995,Industrial Machinery/Components,Technology
AEM,Agnico Eagle Mines Limited Common Stock,$194.48,0.60,0.309%,1239062,98710462891.00,Canada,,Precious Metals,Basic Materials
AEMD,Aethlon Medical Inc. Common Stock,$6.28,-0.49,-7.238%,133630,10073717.00,United States,,Medical/Dental Instruments,Health Care
AENT,Alliance Entertainment Holding Corporation Class A Common Stock,$4.88,0.00,0.00%,32740,248780594.00,United States,,Durable Goods,Consumer Discretionary
AENTW,Alliance Entertainment Holding Corporation Warrant,$0.21,-0.04,-16.00%,5115,10705722.00,United States,,Durable Goods,Consumer Discretionary
AEO,American Eagle Outfitters Inc. Common Stock,$16.58,0.50,3.109%,4465617,2778365861.00,United States,,Clothing/Shoe/Accessory Stores,Consumer Discretionary
AEON,AEON Biopharma Inc. Class A Common Stock,$0.2636,0.0034,1.307%,566529,13149103.00,United States,,Biotechnology: Pharmaceutical Preparations,Health Care
AEP,American Electric Power Company Inc. Common Stock,$118.35,0.78,0.663%,4069405,64429426609.00,United States,,Electric Utilities: Central,Utilities
AER,AerCap Holdings N.V. Ordinary Shares,$149.21,3.79,2.606%,1083544,23042509999.00,Netherlands,2006,Diversified Commercial Services,Consumer Discretionary
AERO,Grupo Aeromexico S.A.B. de C.V. American Depositary Shares (each representing ten (10) Common Shares),$15.82,0.24,1.54%,250926,2308191930.00,,2025,Air Freight/Delivery Services,Consumer Discretionary
AERT,Aeries Technology Inc. Class A Ordinary Share,$7.10,-0.14,-1.934%,2130,37259749.00,United States,2021,Professional Services,Consumer Discretionary
AERTW,Aeries Technology Inc. Warrant,$0.0183,0.00,0.00%,3,96036.00,United States,2021,Professional Services,Consumer Discretionary
AES,The AES Corporation Common Stock,$14.87,0.02,0.135%,5389287,10608832428.00,United States,,Electric Utilities: Central,Industrials
AESI,Atlas Energy Solutions Inc. Common Stock,$12.47,1.48,13.467%,12172155,1558793034.00,United States,2023,Mining & Quarrying of Nonmetallic Minerals (No Fuels),Industrials
AESP,Aeon Acquisition I Corp. Class A Ordinary Shares,$9.97,0.00,0.00%,9,0.00,United States,2026,Blank Checks,Finance
AEVA,Aeva Technologies Inc. Common Stock,$15.35,-0.27,-1.729%,993103,1069983385.00,United States,,Auto Parts:O.E.M.,Consumer Discretionary
AEXA,American Exceptionalism Acquisition Corp. A Class A Ordinary Shares,$11.16,-0.03,-0.268%,40562,0.00,,2025,,
AEYE,AudioEye Inc. Common Stock,$6.86,-0.34,-4.722%,119933,86227964.00,United States,,Computer Software: Prepackaged Software,Technology
AFB,AllianceBernstein National Municipal Income Fund Inc,$9.75,-0.02,-0.205%,437433,0.00,United States,2002,Trusts Except Educational Religious and Charitable,Finance
AFCG,Advanced Flower Capital Inc. Common Stock,$3.56,0.08,2.299%,35727,80712032.00,United States,2021,Real Estate,Finance
AFG,American Financial Group Inc. Common Stock,$138.22,-0.20,-0.144%,288838,11461405031.00,United States,,Property-Casualty Insurers,Finance
AFGB,American Financial Group Inc. 5.875% Subordinated Debentures due 2059,$21.96,-0.12,-0.543%,18591,1820955393.00,United States,2019,Property-Casualty Insurers,Finance
AFGC,American Financial Group Inc. 5.125% Subordinated Debentures due 2059,$18.85,-0.08,-0.423%,10048,1563069634.00,United States,2019,Property-Casualty Insurers,Finance
AFGD,American Financial Group Inc. 5.625% Subordinated Debentures due 2060,$21.69,-0.11,-0.505%,11923,1798566598.00,United States,2020,Property-Casualty Insurers,Finance
AFGE,American Financial Group Inc. 4.500% Subordinated Debentures due 2060,$16.95,-0.12,-0.703%,5701,1405518849.00,United States,2020,Property-Casualty Insurers,Finance
AFJK,Aimei Health Technology Co. Ltd Ordinary Share,$12.19,0.0051,0.042%,4709,0.00,United States,2024,,
AFL,AFLAC Incorporated Common Stock,$113.72,-0.29,-0.254%,1657788,57012759849.00,United States,,Accident &Health Insurance,Finance
AFRI,Forafric Global PLC Ordinary Shares,$10.97,-0.13,-1.171%,20522,295793051.00,Gibraltar,,Packaged Foods,Consumer Staples
AFRIW,Forafric Global PLC Warrants,$1.35,0.02,1.504%,1744,36401150.00,Gibraltar,,Packaged Foods,Consumer Staples
AFRM,Affirm Holdings Inc. Class A Common Stock,$71.52,-0.05,-0.07%,2568525,24132368229.00,United States,2021,Finance: Consumer Services,Finance
AFYA,Afya Limited Class A Common Shares,$13.00,-0.73,-5.317%,621087,1218396803.00,Brazil,2019,Other Consumer Services,Real Estate
AG,First Majestic Silver Corp. Ordinary Shares (Canada),$19.01,0.25,1.333%,6029634,9370150341.00,Canada,,Precious Metals,Basic Materials
AGBK,AGI Inc Class A Common Shares,$5.89,0.08,1.377%,104118,943195574.00,Cayman Islands,2026,Commercial Banks,Finance
AGCC,Agencia Comercial Spirits Ltd Class A Ordinary Shares,$15.00,0.105,0.705%,22389,559297500.00,Taiwan,2025,Beverages (Production/Distribution),Consumer Staples
AGCO,AGCO Corporation Common Stock,$118.02,1.81,1.558%,796421,8265144657.00,United States,,Industrial Machinery/Components,Industrials
AGD,abrdn Global Dynamic Dividend Fund Common Shares of Beneficial Interest,$11.83,-0.03,-0.253%,79427,0.00,United States,2006,Trusts Except Educational Religious and Charitable,Finance
AGEN,Agenus Inc. Common Stock,$8.54,0.04,0.471%,672557,385682763.00,United States,2000,Biotechnology: Biological Products (No Diagnostic Substances),Health Care
AGI,Alamos Gold Inc. Class A Common Shares,$34.50,0.40,1.173%,3264963,14488806680.00,Canada,2015,Precious Metals,Basic Materials
AGIG,Abundia Global Impact Group Inc. Common stock,$1.34,0.06,4.688%,157999,59161430.00,United States,,Oil & Gas Production,Energy
AGIO,Agios Pharmaceuticals Inc. Common Stock,$32.58,-0.32,-0.973%,996527,1945087316.00,United States,2013,Biotechnology: Pharmaceutical Preparations,Health Care
AGL,agilon health inc. Common Stock,$80.73,4.90,6.462%,283799,1355554383.00,United States,2021,Misc Health and Biotechnology Services,Health Care
AGM,Federal Agricultural Mortgage Corporation Common Stock,$214.01,-4.78,-2.185%,153513,2322695472.00,United States,,Finance Companies,Finance
AGM^D,Federal Agricultural Mortgage Corporation 5.700% Non-Cumulative Preferred Stock Series D,$20.08,-0.09,-0.446%,3943,,United States,,,
AGM^E,Federal Agricultural Mortgage Corporation 5.750% Non-Cumulative Preferred Stock Series E,$19.97,-0.01,-0.05%,2895,,United States,,,
AGM^F,Federal Agricultural Mortgage Corporation 5.250% Non-Cumulative Preferred Stock Series F,$18.249,-0.041,-0.224%,14868,,United States,,,
AGM^G,Federal Agricultural Mortgage Corporation 4.875% Non-Cumulative Preferred Stock Series G,$17.06,0.0001,0.001%,11830,,United States,,,
AGM^H,Federal Agricultural Mortgage Corporation 6.500% Non-Cumulative Preferred Stock Series H,$21.80,-0.0101,-0.046%,3180,,United States,,,
AGM^I,Federal Agricultural Mortgage Corporation 6.875% Non-Cumulative Preferred Stock Series I,$24.02,-0.03,-0.125%,8312,,United States,,,
AGMB,AgomAb Therapeutics NV American Depositary Shares,$10.51,-0.07,-0.662%,164031,517596217.00,Belgium,2026,Biotechnology: Biological Products (No Diagnostic Substances),Health Care
AGMH,AGM Group Holdings Inc. Class A Ordinary Shares,$0.769,0.0048,0.628%,36485,3688412.00,Hong Kong,2018,EDP Services,Technology
AGNC,AGNC Investment Corp. Common Stock,$9.62,0.00,0.00%,35023726,11404331520.00,United States,2008,Real Estate Investment Trusts,Real Estate
AGNCL,AGNC Investment Corp. Depositary Shares Each Representing a 1/1000th Interest in a Share of 7.75% Series G Fixed-Rate Reset Cumulative Redeemable Preferred Stock,$25.47,0.09,0.355%,18414,30194212455.00,United States,,Real Estate Investment Trusts,Real Estate
AGNCM,AGNC Investment Corp. Depositary Shares rep 6.875% Series D Fixed-to-Floating Cumulative Redeemable Preferred Stock,$25.25,0.0897,0.357%,14072,29933406537.00,United States,,Real Estate Investment Trusts,Real Estate
AGNCN,AGNC Investment Corp. Depositary Shares Each Representing a 1/1000th Interest in a Share of 7.00% Series C Fixed-To-Floating Rate Cumulative Redeemable Preferred Stock,$25.70,-0.02,-0.078%,21197,30466873188.00,United States,,Real Estate Investment Trusts,Real Estate
AGNCO,AGNC Investment Corp. Depositary Shares each representing a 1/1000th interest in a share of 6.50% Series E Fixed-to-Floating Cumulative Redeemable Preferred Stock,$25.61,-0.0005,-0.002%,39805,30360179858.00,United States,,Real Estate Investment Trusts,Real Estate
AGNCP,AGNC Investment Corp. Depositary Shares Each Representing a 1/1000th Interest in a Share of 6.125% Series F Fixed-to-Floating Rate Cumulative Redeemable Preferred Stock,$25.23,0.01,0.04%,49403,29909696908.00,United States,,Real Estate Investment Trusts,Real Estate
AGNCZ,AGNC Investment Corp. Depositary Shares Each Representing a 1/1000th Interest in a Share of 8.75% Series H Fixed-Rate Cumulative Redeemable Preferred Stock,$25.09,-0.04,-0.159%,90001,29743729505.00,United States,,Real Estate Investment Trusts,Real Estate
AGNT,AGNT Inc. Common Stock,$3.63,0.10,2.833%,1711738,606638111.00,United States,,Real Estate,Finance
AGO,Assured Guaranty Ltd. Common Stock,$69.49,1.09,1.594%,762781,3056115164.00,Bermuda,2004,Property-Casualty Insurers,Finance
AGPU,Axe Compute Inc. Common Stock,$12.09,0.74,6.52%,253635,140136689.00,United States,,Industrial Specialties,Health Care
AGRO,Adecoagro S.A. Common Shares,$10.43,-0.20,-1.881%,421578,1505137300.00,Luxembourg,2011,Farming/Seeds/Milling,Consumer Staples
AGRZ,Agroz Inc. Class A Ordinary Shares,$0.1903,-0.0097,-4.85%,500554,3886589.00,Malaysia,2025,Farming/Seeds/Milling,Consumer Staples
AGX,Argan Inc. Common Stock,$364.29,3.23,0.895%,222299,5110931142.00,United States,,Engineering & Construction,Consumer Discretionary
AGYS,Agilysys Inc. Common Stock (DE),$99.64,-0.04,-0.04%,157277,2810424716.00,United States,,EDP Services,Technology
AHCO,AdaptHealth Corp. Common Stock,$5.64,0.07,1.257%,1354352,768981265.00,United States,2018,Medical/Nursing Services,Health Care
AHG,Akso Health Group ADS,$0.75,-0.01,-1.316%,2402,642528133.00,China,2017,Business Services,Consumer Discretionary
AHL^D,Aspen Insurance Holdings Limited 5.625% Perpetual Non-Cumulative Preference Shares,$17.79,-0.11,-0.615%,17093,,Bermuda,,,
AHL^E,Aspen Insurance Holdings Limited Depositary Shares each representing a 1/1000th interest in a share of 5.625% Perpetual Non-Cumulative Preference Shares,$17.51,-0.08,-0.455%,15970,,Bermuda,,,
AHL^F,Aspen Insurance Holdings Limited Depositary Shares each representing a 1/1000th Interest in a 7.00% Perpetual Non-Cumulative Preference Share,$22.675,-0.005,-0.022%,3449,,Bermuda,,,
AHMA,Ambitions Enterprise Management Co. L.L.C Class A Ordinary Shares,$1.37,0.02,1.481%,49967,40723250.00,United Arab Emirates,2025,Services-Misc. Amusement & Recreation,Consumer Discretionary
AHR,American Healthcare REIT Inc. Common Stock,$52.02,-0.29,-0.554%,2723376,12130294104.00,United States,2024,Real Estate Investment Trusts,Real Estate
AHRT,AH Realty Trust Inc. Common Stock,$5.91,-0.15,-2.475%,1022781,440844583.00,United States,2013,Real Estate,Finance
AHRT^A,AH Realty Trust Inc. 6.75% Series A Cumulative Redeemable Perpetual Preferred Stock,$20.12,-0.1187,-0.587%,7858,,United States,,,
AHT,Ashford Hospitality Trust Inc Common Stock,$2.49,-0.05,-1.969%,11405,16109837.00,United States,2003,Real Estate Investment Trusts,Real Estate
AHT^D,Ashford Hospitality Trust Inc 8.45% Series D Cumulative Preferred Stock,$5.1668,0.00,0.00%,28,,United States,,,
AHT^F,Ashford Hospitality Trust Inc 7.375% Series F Cumulative Preferred Stock,$5.00,-0.20,-3.846%,218,,United States,,,
AHT^G,Ashford Hospitality Trust Inc 7.375% Series G Cumulative Preferred Stock,$4.53,0.03,0.667%,1766,,United States,,,
AHT^H,Ashford Hospitality Trust Inc 7.50% Series H Cumulative Preferred Stock,$4.6271,-0.0193,-0.415%,1604,,United States,,,
AHT^I,Ashford Hospitality Trust Inc 7.50% Series I Cumulative Preferred Stock,$4.65,-0.02,-0.428%,1034,,United States,,,
AI,C3.ai Inc. Class A Common Stock,$10.65,-0.11,-1.022%,4279674,1712305466.00,United States,2020,Computer Software: Prepackaged Software,Technology
AIAI,AIAI Holdings Corporation Class A Common Stock,$3.64,0.31,9.309%,257924,257878304.00,United States,,EDP Services,Technology
AIB,AIB Data Centers Inc. Common Stock,$1.69,0.27,19.014%,2320852,128405298.00,,2026,Investment Bankers/Brokers/Service,Finance
AIBZ,Bitzero Holdings Inc. Common Shares,$4.09,-0.22,-5.104%,354793,254438867.00,Canada,,Services-Misc. Amusement & Recreation,Consumer Discretionary
AIDX,20/20 Biolabs Inc. Common Stock,$0.4347,0.0116,2.742%,60843,5551251.00,United States,,Precision Instruments,Health Care
AIFA,All In FutureTech Alliance Inc. Common Stock,$3.96,-0.24,-5.714%,94850,25424451.00,United States,2017,Services-Misc. Amusement & Recreation,Consumer Discretionary
AIFC,AI Financial Corporation Common Stock,$0.5174,-0.0236,-4.362%,456884,72351411.00,United States,,Investment Bankers/Brokers/Service,Finance
AIFF,Firefly Neuroscience Inc. Common Stock,$2.01,0.82,68.908%,143748147,31537535.00,United States,,Computer Software: Prepackaged Software,Technology
AIFU,AIFU Inc. Class A Ordinary Share,$12.02,2.92,32.088%,79045,74231986.00,China,2007,Specialty Insurers,Finance
AIG,American International Group Inc. New Common Stock,$74.17,-0.65,-0.869%,2931820,38782986345.00,United States,,Property-Casualty Insurers,Finance
AII,American Integrity Insurance Group Inc. Common Stock,$25.19,-0.14,-0.553%,68587,493558426.00,United States,2025,Property-Casualty Insurers,Finance
AIIA,AI Infrastructure Acquisition Corp. Class A Ordinary Shares,$10.26,-0.02,-0.195%,882,0.00,,2025,Blank Checks,Finance
AIIO,Robo.ai Inc. Class B Ordinary Shares,$1.39,-0.06,-4.138%,449481,165459451.00,United Arab Emirates,,Auto Manufacturing,Industrials
AIIOW,Robo.ai Inc. Warrant,$0.014,0.00,0.00%,40060,1666498.00,United Arab Emirates,,Auto Manufacturing,Industrials
AIIR,Air Global PLC Ordinary Shares,$7.62,0.15,2.008%,2064,1222145907.00,United Arab Emirates,,Tobacco,Consumer Discretionary
AIM,AIM ImmunoTech Inc. Common Stock,$0.1901,-0.0132,-6.493%,1918231,6750067.00,,,Biotechnology: Biological Products (No Diagnostic Substances),Health Care
AIMD,Ainos Inc. Common Stock,$1.34,-0.10,-6.944%,162500,11449058.00,United States,,Computer peripheral equipment,Technology
AIMDW,Ainos Inc. Warrants,$0.0879,-0.0021,-2.333%,1362,751024.00,United States,,Computer peripheral equipment,Technology
AIN,Albany International Corporation Common Stock,$60.98,0.34,0.561%,185260,1731832000.00,United States,,Textiles,Consumer Discretionary
AIO,Virtus Artificial Intelligence & Technology Opportunities Fund Common Shares of Beneficial Interest,$24.77,-0.01,-0.04%,86923,850625876.00,,2019,Finance/Investors Services,Finance
AIOS,AIOS Tech Inc. Class A Common Shares,$12.50,0.075,0.604%,16707,40615688.00,China,2016,Metal Fabrications,Industrials
AIOT,PowerFleet Inc. Common Stock,$2.80,-0.03,-1.06%,1692106,375832570.00,United States,,Telecommunications Equipment,Telecommunications
AIP,Arteris Inc. Common Stock,$23.89,-0.30,-1.24%,579069,1174243717.00,United States,2021,Semiconductors,Technology
AIR,AAR Corp. Common Stock,$116.11,-4.45,-3.691%,383526,4674453912.00,United States,,Aerospace,Industrials
AIRE,reAlpha Tech Corp. Common Stock,$1.34,-0.02,-1.471%,53412,8048876.00,United States,,Real Estate,Finance
AIRG,Airgain Inc. Common Stock,$5.14,-0.11,-2.095%,30103,67335203.00,United States,2016,Radio And Television Broadcasting And Communications Equipment,Technology
AIRI,Air Industries Group Common Stock,$2.60,0.03,1.167%,12395,12611711.00,United States,,Military/Government/Technical,Industrials
AIRJ,AirJoule Technologies Corporation Class A Common Stock,$4.09,0.04,0.988%,792425,307596213.00,United States,2022,Industrial Machinery/Components,Industrials
AIRJW,AirJoule Technologies Corporation Warrant,$0.9999,0.0599,6.372%,48453,75199377.00,United States,2022,Industrial Machinery/Components,Industrials
AIRO,AIRO Group Holdings Inc. Common Stock,$7.24,0.03,0.416%,219419,228464839.00,United States,2025,Aerospace,Industrials
AIRS,AirSculpt Technologies Inc. Common Stock,$1.96,-0.07,-3.448%,682476,141306610.00,United States,2021,Medical/Nursing Services,Health Care
AIRT,Air T Inc. Common Stock,$29.03,0.37,1.291%,60478,77851144.00,United States,,Air Freight/Delivery Services,Consumer Discretionary
AIRTP,Air T Inc. Air T Funding Alpha Income Trust Preferred Securities,$18.842,0.012,0.064%,1097,50529496.00,United States,,Air Freight/Delivery Services,Consumer Discretionary
AISP,Airship AI Holdings Inc. Class A Common Stock,$1.82,-0.07,-3.704%,177761,62680003.00,United States,2021,Computer Software: Prepackaged Software,Technology
AISPW,Airship AI Holdings Inc. Warrants,$0.37,0.0079,2.182%,4289,12742638.00,United States,2021,Computer Software: Prepackaged Software,Technology
AIT,Applied Industrial Technologies Inc. Common Stock,$333.39,1.37,0.413%,172581,12246713254.00,United States,,Industrial Specialties,Consumer Discretionary
AIV,Apartment Investment and Management Company Common Stock,$2.18,0.00,0.00%,1217868,316616438.00,United States,1994,Real Estate Investment Trusts,Real Estate
AIXC,AIxCrypto Holdings Inc. Common Stock,$1.73,0.31,21.831%,818993,36518369.00,United States,2015,Finance: Consumer Services,Finance
AIXI,XIAO-I Corporation American Depositary Shares,$1.72,-0.16,-8.511%,344278,226202.00,China,2023,Computer Software: Prepackaged Software,Technology
AIZ,Assurant Inc. Common Stock,$265.00,3.14,1.199%,375123,13070798255.00,United States,2004,Property-Casualty Insurers,Finance
AIZN,Assurant Inc. 5.25% Subordinated Notes due 2061,$18.13,-0.12,-0.658%,9710,914825495.00,United States,2020,Property-Casualty Insurers,Finance
AJG,Arthur J. Gallagher & Co. Common Stock,$231.10,3.97,1.748%,1497654,59230930000.00,United States,,Specialty Insurers,Finance
AKA,a.k.a. Brands Holding Corp. Common Stock,$11.22,0.29,2.653%,1241,123319682.00,,2021,Catalog/Specialty Distribution,Consumer Discretionary
AKAM,Akamai Technologies Inc. Common Stock,$113.94,3.53,3.197%,31946798,16375070429.00,United States,1999,Business Services,Consumer Discretionary
AKAN,Akanda Corp. Common Shares,$3.05,-0.08,-2.556%,98081,1649565.00,United Kingdom,2022, Medicinal Chemicals and Botanical Products ,Health Care
AKBA,Akebia Therapeutics Inc. Common Stock,$0.8962,-0.0228,-2.481%,4377852,248342617.00,United States,2014,Biotechnology: Pharmaceutical Preparations,Health Care
AKO/A,Embotelladora Andina S.A.,$25.97,0.00,0.00%,78,,Chile,,,
AKO/B,Embotelladora Andina S.A.,$30.70,0.41,1.354%,6321,,Chile,,,
AKR,Acadia Realty Trust Common Stock,$19.24,0.03,0.156%,949062,2642281571.00,United States,,Real Estate Investment Trusts,Real Estate
AKTS,Aktis Oncology Inc. Common stock,$19.43,-0.20,-1.019%,518925,1080686866.00,United States,2026,Biotechnology: Pharmaceutical Preparations,Health Care
AKTX,Akari Therapeutics plc ADS,$9.755,-0.305,-3.032%,71543,18992809.00,United Kingdom,,Biotechnology: Pharmaceutical Preparations,Health Care
ALAB,Astera Labs Inc. Common Stock,$364.62,4.11,1.14%,3071359,63256138620.00,United States,2024,Semiconductors,Technology
ALAR,Alarum Technologies Ltd. American Depositary Share,$1.78,0.07,4.094%,36908,12905838.00,Israel,2018,Computer Software: Prepackaged Software,Technology
ALB,Albemarle Corporation Common Stock,$109.73,1.48,1.367%,1990121,12948694905.00,United States,,Major Chemicals,Industrials
ALB^A,Albemarle Corporation Depositary Shares each representing a 1/20th of 7.25% Series A Mandatory Convertible Preferred Stock,$46.13,0.08,0.174%,46091,,United States,,,
ALC,Alcon Inc. Ordinary Shares,$64.47,-0.09,-0.139%,2457931,32215659000.00,Switzerland,2019,Ophthalmic Goods,Health Care
ALCO,Alico Inc. Common Stock,$39.07,0.21,0.54%,23348,289843178.00,United States,,Farming/Seeds/Milling,Consumer Staples
ALDF,Aldel Financial II Inc. Class A Ordinary Shares,$10.83,0.00,0.00%,17,0.00,United States,2024,,
ALDFU,Aldel Financial II Inc. Units,$10.94,0.00,0.00%,34,0.00,United States,2024,Blank Checks,Finance
ALDX,Aldeyra Therapeutics Inc. Common Stock,$1.205,-0.015,-1.23%,644946,72693337.00,United States,2014,Biotechnology: Pharmaceutical Preparations,Health Care
ALEC,Alector Inc. Common Stock,$1.95,0.03,1.563%,1024574,217730992.00,United States,2019,Biotechnology: Biological Products (No Diagnostic Substances),Health Care
ALF,Centurion Acquisition Corp. Class A Ordinary Shares,$10.92,0.00,0.00%,17,0.00,United States,2024,,
ALFUW,Centurion Acquisition Corp. Warrant,$0.25,-0.02,-7.407%,133,0.00,United States,2024,Blank Checks,Finance
ALG,Alamo Group Inc. Common Stock,$159.45,0.42,0.264%,278733,1940660369.00,United States,,Industrial Machinery/Components,Industrials
ALGM,Allegro MicroSystems Inc. Common Stock,$36.76,1.63,4.64%,2555489,6852139211.00,United States,2020,Semiconductors,Technology
ALGN,Align Technology Inc. Common Stock,$146.78,1.155,0.793%,829809,10427229477.00,United States,2001,Industrial Specialties,Health Care
ALGS,Aligos Therapeutics Inc. Common Stock,$5.51,-0.04,-0.721%,45056,34407515.00,United States,2020,Biotechnology: Biological Products (No Diagnostic Substances),Health Care
ALGT,Allegiant Travel Company Common Stock,$79.09,2.25,2.928%,459263,2162143043.00,United States,2006,Air Freight/Delivery Services,Consumer Discretionary
ALH,Alliance Laundry Holdings Inc. Common Stock,$21.86,0.49,2.293%,1514773,4345529639.00,United States,2025,Industrial Machinery/Components,Industrials
ALHC,Alignment Healthcare Inc. Common Stock,$8.21,0.54,7.04%,10653839,1703042573.00,United States,2021,Medical Specialities,Health Care
ALIS,Calisa Acquisition Corp Ordinary shares,$10.29,-0.05,-0.484%,920,0.00,United States,2025,,
ALISR,Calisa Acquisition Corp Right,$0.80,0.00,0.00%,23,0.00,United States,2025,Blank Checks,Finance
ALIT,Alight Inc. Class A Common Stock,$11.02,-0.26,-2.305%,405627,296868805.00,United States,2021,Business Services,Consumer Discretionary
ALK,Alaska Air Group Inc. Common Stock,$40.94,0.91,2.273%,2414948,4569031733.00,United States,,Air Freight/Delivery Services,Consumer Discretionary
ALKS,Alkermes plc Ordinary Shares,$40.85,0.06,0.147%,2588044,6853129661.00,Ireland,1991,Biotechnology: Pharmaceutical Preparations,Health Care
ALKT,Alkami Technology Inc. Common Stock,$13.80,-0.38,-2.68%,3256622,1475799324.00,United States,2021,Computer Software: Prepackaged Software,Technology
ALL,Allstate Corporation (The) Common Stock,$227.60,0.43,0.189%,1717175,57550469420.00,United States,,Property-Casualty Insurers,Finance
ALL^B,Allstate Corporation (The) 5.100% Fixed-to-Floating Rate Subordinated Debentures due 2053,$25.71,-0.06,-0.233%,12715,,United States,,,
ALL^H,Allstate Corporation (The) Depositary Shares each representing a 1/1000th interest in a share of Fixed Rate Noncumulative Perpetual Preferred Stock Series H,$18.48,-0.06,-0.324%,133336,,United States,,,
ALL^I,Allstate Corporation (The) Depositary Shares each representing a 1/1000th interest in a share of Fixed Rate Noncumulative Perpetual Preferred Stock Series I,$17.28,0.02,0.116%,24952,,United States,,,
ALL^J,Allstate Corporation (The) Depositary Shares each representing a 1/1000th interest in a share of Fixed Rate Noncumulative Perpetual Preferred Stock Series J,$26.10,-0.02,-0.077%,27154,,United States,,,
ALLE,Allegion plc Ordinary Shares,$154.47,1.99,1.305%,654958,13135632333.00,United States,2013,Diversified Commercial Services,Consumer Discretionary
ALLO,Allogene Therapeutics Inc. Common Stock,$1.65,-0.02,-1.198%,3622448,570059954.00,United States,2018,Biotechnology: Biological Products (No Diagnostic Substances),Health Care
ALLR,Allarity Therapeutics Inc. Common Stock,$1.03,-0.06,-5.505%,43688,16388046.00,United States,,Biotechnology: Pharmaceutical Preparations,Health Care
ALLT,Allot Ltd. Ordinary Shares,$8.69,0.07,0.812%,364354,425141730.00,Israel,2006,Computer Communications Equipment,Telecommunications
ALLY,Ally Financial Inc. Common Stock,$38.79,0.05,0.129%,2917136,11799906091.00,United States,2014,Major Banks,Finance
ALM,Almonty Industries Inc. Common Shares,$13.72,1.32,10.645%,11521690,3957955890.00,Canada,,Other Metals and Minerals,Basic Materials
ALMR,Alamar Biosciences Inc. Common Stock,$32.80,-0.40,-1.205%,297273,2276082725.00,United States,2026,Biotechnology: Laboratory Analytical Instruments,Industrials
ALMS,Alumis Inc. Common Stock,$7.10,-0.19,-2.606%,1723995,918990197.00,United States,2024,Biotechnology: Pharmaceutical Preparations,Health Care
ALMU,Aeluma Inc. Common Stock,$13.29,-0.07,-0.524%,366703,256040768.00,United States,,Semiconductors,Technology
ALNT,Allient Inc. Common Stock,$116.01,3.45,3.065%,218968,1972461301.00,United States,,Electrical Products,Industrials
ALNY,Alnylam Pharmaceuticals Inc. Common Stock,$255.96,6.37,2.552%,1084533,34249781843.00,United States,2004,Biotechnology: Pharmaceutical Preparations,Health Care
ALOV,Aldabra 4 Liquidity Opportunity Vehicle Inc. Class A Ordinary Shares,$10.00,0.00,0.00%,2159,0.00,United States,2026,,
ALOVW,Aldabra 4 Liquidity Opportunity Vehicle Inc. Warrants,$0.3686,0.0002,0.054%,449,0.00,United States,2026,,
ALOY,REalloys Inc. Common Stock,$8.90,0.38,4.46%,1735909,617828486.00,United States,,Metal Mining,Basic Materials
ALP,Alpha Compute Corp Ordinary Shares,$5.58,-0.03,-0.535%,195447,8648152.00,Canada,,Finance: Consumer Services,Finance
ALPS,ALPS Group Inc Ordinary Share,$0.396,-0.004,-1.00%,69697,65894524.00,Malaysia,,Medical/Nursing Services,Health Care
ALPX,Alpex Acquisition Corporation Class A Ordinary Shares,$9.95,0.00,0.00%,50121,0.00,United States,2026,Blank Checks,Finance
ALRM,Alarm.com Holdings Inc. Common Stock,$53.38,-0.06,-0.112%,337435,2620436371.00,United States,2015,Computer Software: Prepackaged Software,Technology
ALRS,Alerus Financial Corporation Common Stock,$32.17,0.18,0.563%,460515,801918511.00,United States,2019,Major Banks,Finance
ALSN,Allison Transmission Holdings Inc. Common Stock,$113.86,1.12,0.993%,662513,9402335407.00,United States,2012,Auto Parts:O.E.M.,Consumer Discretionary
ALT,Altimmune Inc. Common Stock,$3.06,0.02,0.658%,2859170,595224165.00,United States,,Biotechnology: Pharmaceutical Preparations,Health Care
ALTG,Alta Equipment Group Inc. Class A Common Stock,$6.22,0.40,6.873%,254089,203187944.00,United States,2019,Industrial Machinery/Components,Industrials
ALTG^A,Alta Equipment Group Inc. Depositary Shares (each representing 1/1000th in a share of 10% Series A Cumulative Perpetual Preferred Stock),$25.20,-0.21,-0.826%,2580,,United States,,,
ALTI,AlTi Global Inc. Class A Common Stock,$3.13,0.07,2.288%,89753,488102942.00,United States,2021,Investment Managers,Finance
ALTO,Alto Ingredients Inc. Common Stock,$3.73,-0.01,-0.267%,732986,289327014.00,United States,,Major Chemicals,Industrials
ALUB,Alussa Energy Acquisition Corp. II Class A Ordinary Shares,$10.12,0.00,0.00%,1266,0.00,,2026,,
ALV,Autoliv Inc. Common Stock,$117.52,3.60,3.16%,876494,8606837742.00,Sweden,,Auto Parts:O.E.M.,Consumer Discretionary
ALVO,Alvotech Ordinary Shares,$5.75,-0.13,-2.211%,705260,2244981010.00,Luxembourg,,Biotechnology: Biological Products (No Diagnostic Substances),Health Care
ALVOW,Alvotech Warrant,$0.37,0.00,0.00%,46,144459648.00,Luxembourg,,Biotechnology: Biological Products (No Diagnostic Substances),Health Care
ALX,Alexander's Inc. Common Stock,$247.12,1.66,0.676%,58513,1262113505.00,United States,,Real Estate Investment Trusts,Real Estate
ALXO,ALX Oncology Holdings Inc. Common Stock,$1.31,-0.045,-3.321%,1168051,181142866.00,United States,2020,Biotechnology: Pharmaceutical Preparations,Health Care
ALZN,Alzamend Neuro Inc. Common Stock,$1.83,0.01,0.549%,23325,8831073.00,United States,2021,Biotechnology: Pharmaceutical Preparations,Health Care
AM,Antero Midstream Corporation Common Stock,$20.93,-0.30,-1.413%,2730189,9934926820.00,United States,2017,Natural Gas Distribution,Utilities
AMAC,AMR Resources Acquisition Corp Class A Ordinary Shares,$9.80,0.01,0.102%,39398,0.00,Cayman Islands,2026,Blank Checks,Finance
AMACU,AMR Resources Acquisition Corp Units,$9.92,0.00,0.00%,10,0.00,Cayman Islands,2026,Blank Checks,Finance
AMAL,Amalgamated Financial Corp. Common Stock (DE),$47.58,0.37,0.784%,170329,1422648994.00,United States,2018,Major Banks,Finance
AMAN,Amanat Acquisition Corp Class A Ordinary Shares,$10.65,0.01,0.094%,4101,0.00,United States,2026,Blank Checks,Finance
AMAT,Applied Materials Inc. Common Stock,$485.00,10.75,2.267%,5206514,384894759855.00,United States,1972,Semiconductors,Technology
AMBA,Ambarella Inc. Ordinary Shares,$72.68,2.82,4.037%,1785378,3208165772.00,United States,2012,Semiconductors,Technology
AMBO,Ambow Education Holding Ltd. American Depository Shares (each representing twenty (20) Class A Ordinary Shares),$2.12,-0.034,-1.578%,1744,6063883.00,China,,Other Consumer Services,Real Estate
AMBP,Ardagh Metal Packaging S.A. Ordinary Shares,$4.38,0.07,1.624%,1077400,2617924187.00,,,Containers/Packaging,Industrials
AMBQ,Ambiq Micro Inc. Common Stock,$69.79,0.87,1.262%,268639,1687838767.00,United States,2025,Semiconductors,Technology
AMBR,Amber International Holding Limited American Depositary Shares,$1.86,-0.02,-1.064%,245576,175351967.00,Hong Kong,2017,Finance: Consumer Services,Finance
AMC,AMC Entertainment Holdings Inc. Class A Common Stock,$2.94,0.03,1.031%,18687758,2624257636.00,United States,2013,Movies/Entertainment,Consumer Discretionary
AMCI,AMC Robotics Corporation Common Stock,$3.18,0.05,1.597%,24566,73796425.00,United States,2023,Home Furnishings,Consumer Discretionary
AMCR,Amcor plc Ordinary Shares,$42.51,0.41,0.974%,2446046,19654315282.00,United Kingdom,2019,Miscellaneous manufacturing industries,Consumer Discretionary
AMCX,AMC Global Media Inc. Class A Common Stock,$12.16,0.13,1.081%,476552,501599647.00,United States,,Cable & Other Pay Television Services,Telecommunications
AMD,Advanced Micro Devices Inc. Common Stock,$630.63,1.37,0.218%,17632500,1029487735736.00,United States,,Semiconductors,Technology
AME,AMETEK Inc.,$250.74,3.00,1.211%,1400122,57484964321.00,United States,,Industrial Machinery/Components,Industrials
AMG,Affiliated Managers Group Inc. Common Stock,$373.69,2.98,0.804%,242053,9663598363.00,United States,,Investment Managers,Finance
AMGN,Amgen Inc. Common Stock,$414.61,8.57,2.111%,2213326,224151435593.00,United States,1983,Biotechnology: Biological Products (No Diagnostic Substances),Health Care
AMH,American Homes 4 Rent Common Shares of Beneficial Interest,$30.64,-0.03,-0.098%,5243754,11005273484.00,United States,2013,Real Estate Investment Trusts,Real Estate
AMH^G,American Homes 4 Rent Series G cumulative redeemable perpetual preferred shares of beneficial interest,$20.67,-0.0501,-0.242%,4636,,United States,,,
AMH^H,American Homes 4 Rent Series H cumulative redeemable perpetual Preferred Shares of Beneficial Interest,$21.99,0.14,0.641%,6200,,United States,,,
AMIX,Autonomix Medical Inc. Common Stock,$4.02,-0.05,-1.229%,264703,7878951.00,United States,2024,Medical/Dental Instruments,Health Care
AMKR,Amkor Technology Inc. Common Stock,$53.61,0.92,1.746%,2564021,13319537024.00,United States,1998,Semiconductors,Technology
AMLX,Amylyx Pharmaceuticals Inc. Common Stock,$29.49,-0.65,-2.157%,1294520,3699764766.00,United States,2022,Biotechnology: Pharmaceutical Preparations,Health Care
AMN,AMN Healthcare Services Inc,$34.56,0.00,0.00%,463470,1338508489.00,United States,,Professional Services,Consumer Discretionary
AMOD,Alpha Modus Holdings Inc. Class A Common Stock,$1.65,-0.02,-1.198%,28911,8227336.00,United States,,Multi-Sector Companies,Miscellaneous
AMODW,Alpha Modus Holdings Inc. Warrant,$0.0179,0.00,0.00%,8505,89254.00,United States,,Multi-Sector Companies,Miscellaneous
AMP,Ameriprise Financial Inc. Common Stock,$493.00,7.85,1.618%,765379,44319262412.00,United States,,Investment Managers,Finance
AMPG,Amplitech Group Inc. Common Stock,$3.34,-0.10,-2.907%,548041,100346583.00,United States,,Telecommunications Equipment,Telecommunications
AMPGZ,Amplitech Group Inc. Series B Right,$0.1616,-0.0142,-8.077%,35357,4855092.00,United States,,Telecommunications Equipment,Telecommunications
AMPH,Amphastar Pharmaceuticals Inc. Common Stock,$26.13,-0.14,-0.533%,376959,1111516477.00,United States,2014,Biotechnology: Pharmaceutical Preparations,Health Care
AMPL,Amplitude Inc. Class A Common Stock,$13.30,-0.39,-2.849%,1138997,1661383678.00,United States,,Computer Software: Prepackaged Software,Technology
AMPX,Amprius Technologies Inc. Common Stock,$9.75,0.06,0.619%,4023837,1424286026.00,United States,2022,Industrial Machinery/Components,Miscellaneous
AMPY,Amplify Energy Corp. Common Stock,$4.28,-0.06,-1.382%,460995,177433606.00,United States,2016,Oil & Gas Production,Energy
AMR,Alpha Metallurgical Resources Inc. Common Stock,$174.43,2.42,1.407%,184318,2211605819.00,United States,2018,Coal Mining,Energy
AMRC,Ameresco Inc. Class A Common Stock,$21.48,-0.19,-0.877%,613244,1139862212.00,United States,2010,Engineering & Construction,Consumer Discretionary
AMRN,Amarin Corporation plc,$13.20,-0.23,-1.713%,127291,278821409.00,Ireland,,Biotechnology: Pharmaceutical Preparations,Health Care
AMRX,Amneal Pharmaceuticals Inc. Class A Common Stock,$19.77,-0.035,-0.177%,2885183,6885812256.00,United States,,Biotechnology: Pharmaceutical Preparations,Health Care
AMRZ,Amrize Ltd Ordinary Shares,$38.22,0.99,2.659%,3576220,20903498114.00,Switzerland,2025,Building Materials,Industrials
AMS,American Shared Hospital Services Common Stock,$1.42,-0.04,-2.74%,13249,9443000.00,United States,1988,Medical Specialities,Health Care
AMSC,American Superconductor Corporation Common Stock,$30.01,-0.41,-1.348%,677550,1453748711.00,United States,1991,Metal Fabrications,Consumer Discretionary
AMSF,AMERISAFE Inc. Common Stock,$23.51,-0.32,-1.343%,924670,435782724.00,United States,2005,Property-Casualty Insurers,Finance
AMSS,AMASS Brands Inc. Common Stock,$0.64,-0.0371,-5.479%,54084,7427252.00,United States,,Beverages (Production/Distribution),Consumer Staples
AMST,Amesite Inc. Common Stock,$1.04,-0.01,-0.952%,244714,6811845.00,United States,2020,Computer Software: Prepackaged Software,Technology
AMT,American Tower Corporation (REIT) Common Stock,$169.03,1.77,1.058%,2055287,78761226913.00,United States,,Real Estate Investment Trusts,Real Estate
AMTB,Amerant Bancorp Inc. Class A Common Stock,$29.57,0.27,0.922%,330303,1158844101.00,United States,,Major Banks,Finance
AMTD,AMTD IDEA Group American Depositary Shares each representing six (6) Class A Ordinary Shares,$0.7318,0.0227,3.201%,4928,70037324.00,,,Finance: Consumer Services,Finance
AMTM,Amentum Holdings Inc. Common Stock,$19.19,-0.21,-1.082%,1509693,4692078065.00,United States,2024,Business Services,Consumer Discretionary
AMTX,Aemetis Inc. (DE) Common Stock,$1.79,0.02,1.13%,577998,129183573.00,United States,,Major Chemicals,Industrials
AMWL,American Well Corporation Class A Common Stock,$13.43,-0.04,-0.297%,80836,228427620.00,United States,2020,Business Services,Consumer Discretionary
AMX,America Movil S.A.B. de C.V. American Depositary Shares (each representing the right to receive twenty (20) Series B Shares,$22.03,-0.02,-0.091%,1621129,66304792500.00,Mexico,2023,Telecommunications Equipment,Telecommunications
AMZE,Amaze Holdings Inc. Common Stock,$0.136,0.0032,2.41%,4924096,2832087.00,,2021,Catalog/Specialty Distribution,Consumer Discretionary
AMZN,Amazon.com Inc. Common Stock,$249.67,0.29,0.116%,34264023,2693018909521.00,United States,1997,Catalog/Specialty Distribution,Consumer Discretionary
AN,AutoNation Inc. Common Stock,$166.98,4.09,2.511%,466654,5520493386.00,United States,,Retail-Auto Dealers and Gas Stations,Consumer Discretionary
ANAB,AnaptysBio Inc. Common Stock,$51.00,-0.70,-1.354%,437689,1510032531.00,United States,2017,Biotechnology: Pharmaceutical Preparations,Health Care
ANDE,Andersons Inc. (The) Common Stock,$66.97,0.18,0.27%,272943,2275343923.00,United States,,Farming/Seeds/Milling,Industrials
ANDG,Andersen Group Inc. Class A Common Stock,$52.96,-0.41,-0.768%,568545,5983868471.00,,2025,Business Services,Consumer Discretionary
ANET,Arista Networks Inc. Common Stock,$206.55,0.85,0.413%,4378462,260505951044.00,United States,,Computer Communications Equipment,Telecommunications
ANF,Abercrombie & Fitch Company Common Stock,$135.71,1.41,1.05%,1066578,5758769303.00,United States,,Clothing/Shoe/Accessory Stores,Consumer Discretionary
ANG^D,American National Group Inc. Depositary Shares each representing a 1/1000th interest in a share of 7.375% Fixed-Rate Non-Cumulative Preferred Stock Series D,$24.14,0.25,1.046%,36577,,United States,,,
ANGH,Anghami Inc. Ordinary Shares,$3.8791,0.2291,6.277%,1397,35163297.00,United Arab Emirates,,Telecommunications Equipment,Consumer Discretionary
ANGHW,Anghami Inc. Warrants,$0.0076,0.00,0.00%,14574,68893.00,United Arab Emirates,,Telecommunications Equipment,Consumer Discretionary
ANGI,Angi Inc. Class A Common Stock,$5.42,0.26,5.039%,775567,219814880.00,United States,,Advertising,Consumer Discretionary
ANGO,AngioDynamics Inc. Common Stock,$15.49,0.21,1.374%,635512,640238706.00,United States,2004,Medical/Dental Instruments,Health Care
ANGX,Angel Studios Inc. Class A Common Stock,$4.80,-0.06,-1.235%,1301207,896430331.00,United States,2025,Movies/Entertainment,Consumer Discretionary
ANIK,Anika Therapeutics Inc. Common Stock,$20.37,0.14,0.692%,58172,272611017.00,United States,,Medical/Dental Instruments,Health Care
ANIP,ANI Pharmaceuticals Inc.,$74.00,-0.04,-0.054%,278704,1699002112.00,United States,,Biotechnology: Pharmaceutical Preparations,Health Care
ANIX,Anixa Biosciences Inc. Common Stock,$2.78,0.00,0.00%,360863,96643370.00,United States,,Biotechnology: Pharmaceutical Preparations,Health Care
ANL,Adlai Nortye Group Ltd. American Depositary Shares,$15.53,-0.30,-1.895%,34809,1000099977.00,Cayman Islands,2023,Biotechnology: Pharmaceutical Preparations,Health Care
ANNA,AleAnna Inc. Class A Common Stock,$2.71,-0.05,-1.812%,128535,181392224.00,United States,,Oil & Gas Production,Energy
ANNAW,AleAnna Inc. Warrant,$0.2999,-0.0081,-2.63%,8475,20073627.00,United States,,Oil & Gas Production,Energy
ANNX,Annexon Inc. Common Stock,$3.64,-0.16,-4.211%,3511280,690068048.00,United States,2020,Biotechnology: Pharmaceutical Preparations,Health Care
ANPA,Rich Sparkle Holdings Limited Ordinary Shares,$2.00,-0.07,-3.382%,14915,30203510.00,Hong Kong,2025,Other Consumer Services,Consumer Discretionary
ANRO,Alto Neuroscience Inc. Common Stock,$26.49,-0.69,-2.539%,366296,1039523335.00,United States,2024,Biotechnology: Pharmaceutical Preparations,Health Care
ANTA,Antalpha Platform Holding Company Class A Ordinary Shares,$2.84,-0.075,-2.573%,94101,106784000.00,Singapore,2025,Investment Bankers/Brokers/Service,Finance
ANTX,AN2 Therapeutics Inc. Common Stock,$4.88,-0.01,-0.204%,155131,184152837.00,United States,2022,Biotechnology: Pharmaceutical Preparations,Health Care
ANVS,Annovis Bio Inc. Common Stock,$1.31,-0.02,-1.504%,573635,55909567.00,United States,2020,Biotechnology: Pharmaceutical Preparations,Health Care
AOD,abrdn Total Dynamic Dividend Fund Common Shares of Beneficial Interest,$10.30,0.06,0.586%,255175,0.00,United States,2007,Investment Managers,Finance
AOMD,Angel Oak Mortgage REIT Inc. 9.750% Senior Notes due 2030,$25.0734,-0.0066,-0.026%,16276,0.00,United States,2025,Real Estate,Finance
AOMN,Angel Oak Mortgage REIT Inc. 9.500% Senior Notes due 2029,$25.1201,-0.1205,-0.477%,4396,0.00,United States,2024,Real Estate,Finance
AOMR,Angel Oak Mortgage REIT Inc. Common Stock,$7.55,0.09,1.206%,223427,175272321.00,United States,2021,Real Estate,Finance
AON,Aon plc Class A Ordinary Shares (Ireland),$277.99,1.90,0.688%,1642566,58968749398.00,United States,,Specialty Insurers,Finance
AORT,Artivion Inc. Common Stock,$22.63,-0.40,-1.737%,502796,1103353281.00,United States,,Medical/Dental Instruments,Health Care
AOS,A.O. Smith Corporation Common Stock,$58.65,0.95,1.646%,995972,7971037806.00,United States,,Consumer Electronics/Appliances,Consumer Discretionary
AOSL,Alpha and Omega Semiconductor Limited Common Shares,$27.93,0.62,2.27%,300498,845140992.00,Bermuda,2010,Semiconductors,Technology
AOUT,American Outdoor Brands Inc. Common Stock ,$17.55,0.52,3.053%,154022,221502499.00,United States,,Recreational Games/Products/Toys,Consumer Discretionary
AP,Ampco-Pittsburgh Corporation Common Stock,$8.64,-0.03,-0.346%,125643,178490485.00,United States,,Fluid Controls,Industrials
APA,APA Corporation Common Stock,$42.74,-0.94,-2.152%,5335027,14974023537.00,United States,,Oil & Gas Production,Energy
APAC,StoneBridge Acquisition II Corporation Class A Ordinary Shares,$10.26,0.00,0.00%,33,0.00,United States,2025,Blank Checks,Finance
APACR,StoneBridge Acquisition II Corporation Rights,$0.11,-0.005,-4.348%,250000,0.00,United States,2025,,
APAM,Artisan Partners Asset Management Inc. Class A Common Stock,$36.16,0.38,1.062%,412952,2931587711.00,United States,2013,Investment Managers,Finance
APC,ARKO Petroleum Corp. Class A Common Stock,$16.23,-0.54,-3.22%,475533,204014719.00,United States,2026,Oil Refining/Marketing,Energy
APD,Air Products and Chemicals Inc. Common Stock,$281.76,-2.73,-0.96%,807946,62743874933.00,United States,,Major Chemicals,Basic Materials
APEI,American Public Education Inc. Common Stock,$41.665,-1.045,-2.447%,171455,762533789.00,United States,2007,Other Consumer Services,Real Estate
APG,APi Group Corporation Common Stock,$38.46,0.63,1.665%,2299579,16620885023.00,United States,2020,Diversified Commercial Services,Consumer Discretionary
APH,Amphenol Corporation Common Stock,$84.09,1.01,1.216%,10152168,207363157798.00,United States,,Electrical Products,Technology
API,Agora Inc. American Depositary Shares,$4.21,-0.06,-1.405%,87981,352692750.00,China,2020,Computer Software: Prepackaged Software,Technology
APLD,Applied Digital Corporation Common Stock,$26.25,-0.81,-2.993%,14009128,7651064190.00,United States,2022,EDP Services,Technology
APLE,Apple Hospitality REIT Inc. Common Shares,$16.19,0.08,0.497%,2006442,3822178881.00,United States,2015,Real Estate Investment Trusts,Real Estate
APLM,Apollomics Inc. Class A Ordinary Shares,$22.35,-1.13,-4.813%,39580,64726785.00,United States,,Biotechnology: Pharmaceutical Preparations,Health Care
APLMW,Apollomics Inc. Warrant,$0.0116,0.00,0.00%,10,33594.00,United States,,Biotechnology: Pharmaceutical Preparations,Health Care
APMC,AmperCap Acquisition Company Ordinary Shares,$9.96,0.00,0.00%,12,0.00,United States,2026,Blank Checks,Finance
APMCU,AmperCap Acquisition Company Unit,$10.03,0.00,0.00%,237,0.00,United States,2026,Blank Checks,Finance
APMD,Apnimed Inc. Common Stock,$21.09,-0.54,-2.497%,298703,877993129.00,United States,2026,Biotechnology: Pharmaceutical Preparations,Health Care
APO,Apollo Global Management Inc. (New) Common Stock,$121.69,1.00,0.829%,1864191,71863197019.00,United States,,Investment Managers,Finance
APOG,Apogee Enterprises Inc. Common Stock,$37.15,0.84,2.313%,213952,775257122.00,United States,,Auto Parts:O.E.M.,Consumer Discretionary
APOS,Apollo Global Management Inc. 7.625% Fixed-Rate Resettable Junior Subordinated Notes due 2053,$25.43,0.14,0.554%,33453,14483256512.00,United States,1987,Investment Managers,Finance
APP,Applovin Corporation Class A Common Stock,$310.75,-1.72,-0.55%,3023749,103992798250.00,United States,2021,Computer Software: Programming Data Processing,Technology
APPF,AppFolio Inc. Class A Common Stock,$204.22,-0.21,-0.103%,151658,7232858106.00,United States,2015,Computer Software: Prepackaged Software,Technology
APPN,Appian Corporation Class A Common Stock,$36.01,-1.60,-4.254%,641631,2579309768.00,United States,2017,Computer Software: Prepackaged Software,Technology
APPS,Digital Turbine Inc. Common Stock,$11.11,0.23,2.114%,3601426,1344490538.00,United States,,Multi-Sector Companies,Miscellaneous
APRE,Aprea Therapeutics Inc. Common stock,$0.7608,-0.0189,-2.424%,53349,9579336.00,United States,2019,Biotechnology: Pharmaceutical Preparations,Health Care
APT,Alpha Pro Tech Ltd. Common Stock,$5.14,0.16,3.213%,42303,52459961.00,Canada,2000,Industrial Specialties,Health Care
APTV,Aptiv PLC Ordinary Shares,$44.79,1.21,2.777%,3141636,9299896895.00,United Kingdom,,Auto Parts:O.E.M.,Consumer Discretionary
APUR,Aperture AC Class A Ordinary Shares,$10.03,0.00,0.00%,14,0.00,United States,2026,Blank Checks,Finance
APUS,Apimeds Pharmaceuticals US Inc. Common Stock,$7.25,2.33,47.358%,37115485,11184024.00,,2025,Biotechnology: Pharmaceutical Preparations,Health Care
APVO,Aptevo Therapeutics Inc. Common Stock,$1.89,0.06,3.279%,25480,3405723.00,United States,,Biotechnology: Pharmaceutical Preparations,Health Care
APWC,Asia Pacific Wire & Cable Corporation Ltd. Ordinary Shares (Bermuda),$1.34,0.01,0.752%,2798,55251488.00,Taiwan,,Telecommunications Equipment,Industrials
APXT,Apex Treasury Corporation Class A Ordinary Share,$10.14,0.00,0.00%,228,0.00,United States,2025,Blank Checks,Finance
APXTW,Apex Treasury Corporation Warrants,$0.29,-0.0001,-0.034%,45299,0.00,United States,2025,Blank Checks,Finance
APYX,Apyx Medical Corporation Common Stock,$2.96,0.13,4.594%,131501,124687108.00,United States,,Medical/Dental Instruments,Health Care
AQB,AquaBounty Technologies Inc. Common Stock,$0.95,0.0687,7.795%,111775,4889844.00,United States,,Meat/Poultry/Fish,Consumer Staples
AQMS,Aqua Metals Inc. Common Stock,$2.62,0.13,5.221%,18962,9336451.00,United States,2015,Metal Fabrications,Industrials
AQN,Algonquin Power & Utilities Corp. Common Shares,$5.00,-0.02,-0.398%,2992086,3848738420.00,United States,2016,Electric Utilities: Central,Utilities
AQNB,Algonquin Power & Utilities Corp. 6.20% Fixed-to-Floating Subordinated Notes Series 2019-A due July 1 2079,$26.27,0.09,0.344%,23126,20176016776.00,United States,2019,Electric Utilities: Central,Utilities
AQST,Aquestive Therapeutics Inc. Common Stock,$4.68,-0.14,-2.905%,1910422,587394513.00,United States,2018,Biotechnology: Pharmaceutical Preparations,Health Care
AR,Antero Resources Corporation Common Stock,$35.00,-1.09,-3.02%,4850297,10760365000.00,United States,2013,Oil & Gas Production,Energy
ARAI,Arrive AI Inc. Common Stock,$0.2012,-0.0329,-14.054%,1631886,10437493.00,United States,,Diversified Commercial Services,Consumer Discretionary
ARAY,Accuray Incorporated Common Stock,$0.2151,-0.0079,-3.543%,760479,25691395.00,United States,2007,Medical/Dental Instruments,Health Care
ARBB,ARB IOT Group Limited Ordinary Shares,$4.47,0.27,6.429%,2035,7890694.00,Malaysia,2023,EDP Services,Technology
ARBE,Arbe Robotics Ltd. Ordinary Shares,$0.635,-0.0389,-5.772%,3899264,80901578.00,Israel,,EDP Services,Technology
ARBEW,Arbe Robotics Ltd. Warrant,$0.0046,-0.0034,-42.50%,95554,586059.00,Israel,,EDP Services,Technology
ARBK,Argo Blockchain plc American Depositary Shares,$2.34,-0.1126,-4.591%,6729,31262480.00,United Kingdom,2021,Finance: Consumer Services,Finance
ARCB,ArcBest Corporation Common Stock,$125.16,-2.19,-1.72%,200498,2797495467.00,United States,,Trucking Freight/Courier Services,Industrials
ARCC,Ares Capital Corporation Common Stock,$19.20,0.07,0.366%,3846369,13786038624.00,United States,2004,Finance: Consumer Services,Finance
ARCI,Archimedes Tech SPAC Partners III Co. Ordinary Share,$10.10,0.00,0.00%,11,0.00,United States,2026,,
ARCIW,Archimedes Tech SPAC Partners III Co. Warrant,$0.40,-0.01,-2.439%,1401,0.00,United States,2026,,
ARCL,ARC Group Acquisition I Corp Class A Ordinary Shares,$9.99,0.00,0.00%,9,0.00,United States,2026,Blank Checks,Finance
ARCO,Arcos Dorados Holdings Inc. Class A Shares,$7.24,0.01,0.138%,1385216,1525200533.00,Argentina,2011,Restaurants,Consumer Discretionary
ARCT,Arcturus Therapeutics Holdings Inc. Common Stock,$13.85,-0.27,-1.912%,629937,393659506.00,Israel,2013,Biotechnology: Pharmaceutical Preparations,Health Care
ARDC,Ares Dynamic Credit Allocation Fund Inc. Common Shares,$11.54,0.03,0.261%,156275,264438396.00,United States,2012,Investment Managers,Finance
ARDT,Ardent Health Inc. Common Stock,$10.54,0.06,0.573%,251888,1486623860.00,United States,2024,Hospital/Nursing Management,Health Care
ARDX,Ardelyx Inc. Common Stock,$3.42,-0.03,-0.87%,2126122,852221496.00,United States,2014,Biotechnology: Pharmaceutical Preparations,Health Care
ARE,Alexandria Real Estate Equities Inc. Common Stock,$49.93,-0.55,-1.09%,1506151,8700181170.00,United States,,Real Estate Investment Trusts,Real Estate
AREC,American Resources Corporation Class A Common Stock,$1.90,0.02,1.064%,1387037,203245417.00,United States,,Coal Mining,Energy
ARES,Ares Management Corporation Class A Common Stock,$122.01,1.90,1.582%,1575794,40297124710.00,United States,2014,Investment Managers,Finance
ARES^B,Ares Management Corporation 6.75% Series B Mandatory Convertible Preferred Stock,$39.47,0.51,1.309%,26604,,United States,,,
ARGX,argenx SE American Depositary Shares,$959.49,-2.73,-0.284%,264515,59548720407.00,Netherlands,2017,Biotechnology: Biological Products (No Diagnostic Substances),Health Care
ARHS,Arhaus Inc. Class A Common Stock,$9.71,0.24,2.534%,1671177,1376409327.00,United States,2021,Other Specialty Stores,Consumer Discretionary
ARI,Apollo Commercial Real Estate Finance Inc,$6.24,-0.02,-0.319%,1882557,800043460.00,United States,2009,Real Estate Investment Trusts,Real Estate
ARIS,Aris Mining Corporation Common Shares,$18.93,0.28,1.501%,1468558,3907152000.00,,2023,,
ARKO,ARKO Corp. Common Stock,$4.28,0.05,1.182%,651602,480154886.00,United States,,Food Chains,Consumer Staples
ARKR,Ark Restaurants Corp. Common Stock,$4.51,-0.05,-1.096%,856,16263768.00,United States,,Restaurants,Consumer Discretionary
ARL,American Realty Investors Inc. Common Stock,$16.21,0.47,2.986%,2205,261824617.00,United States,,Real Estate,Finance
ARLO,Arlo Technologies Inc. Common Stock,$12.84,-0.18,-1.382%,1119144,1381754823.00,United States,2018,Diversified Commercial Services,Consumer Discretionary
ARLP,Alliance Resource Partners L.P. Common Units representing Limited Partners Interests,$25.15,-0.045,-0.179%,373996,3235768845.00,United States,1999,Coal Mining,Energy
ARM,Arm Holdings plc American Depositary Shares,$310.32,3.98,1.299%,7003827,330197625801.00,United Kingdom,2023,Semiconductors,Technology
ARMK,Aramark Common Stock,$54.92,0.60,1.105%,1230341,14478287416.00,United States,2013,Restaurants,Consumer Discretionary
ARMP,Armata Pharmaceuticals Inc. Common Stock,$3.74,0.12,3.315%,100801,139060601.00,United States,,Biotechnology: Biological Products (No Diagnostic Substances),Health Care
AROC,Archrock Inc. Common Stock,$30.43,-0.25,-0.815%,1333669,5335540970.00,United States,,Natural Gas Distribution,Utilities
AROW,Arrow Financial Corporation Common Stock,$37.65,0.32,0.857%,65431,697418171.00,United States,,Major Banks,Finance
ARQ,Arq Inc. Common Stock,$2.02,0.01,0.498%,202378,88210336.00,United States,,Major Chemicals,Industrials
ARQQ,Arqit Quantum Inc. Ordinary Shares,$24.60,1.48,6.401%,372013,592628391.00,United Kingdom,,Computer Software: Prepackaged Software,Technology
ARQT,Arcutis Biotherapeutics Inc. Common Stock,$26.92,0.65,2.474%,2040015,3383627590.00,United States,2020,Biotechnology: Pharmaceutical Preparations,Health Care
ARR,ARMOUR Residential REIT Inc.,$14.10,-0.01,-0.071%,4937150,2356073312.00,United States,,Real Estate Investment Trusts,Real Estate
ARR^C,ARMOUR Residential REIT Inc. 7% Series C Cumulative Redeemable Preferred Stock (liquidation preference $25.00 per share),$19.60,-0.27,-1.359%,17279,,United States,,,
ARRY,Array Technologies Inc. Common Stock,$4.03,0.10,2.545%,5595978,620650999.00,United States,2020,Semiconductors,Technology
ARTC,Art Technology Acquisition Corp. Class A Ordinary Shares,$9.97,-0.03,-0.30%,6287,0.00,United States,2026,Blank Checks,Finance
ARTL,Artelo Biosciences Inc. Common Stock,$4.54,-0.63,-12.186%,260269,2486894.00,United States,,Biotechnology: Pharmaceutical Preparations,Health Care
ARTNA,Artesian Resources Corporation Class A Common Stock,$33.25,-0.07,-0.21%,32179,343376773.00,United States,,Water Supply,Utilities
ARTV,Artiva Biotherapeutics Inc. Common Stock,$6.99,-0.50,-6.676%,507166,341741946.00,United States,2024,Biotechnology: Biological Products (No Diagnostic Substances),Health Care
ARTW,Art's-Way Manufacturing Co. Inc. Common Stock,$3.27,-0.01,-0.305%,14476,17008532.00,United States,,Industrial Machinery/Components,Industrials
ARVN,Arvinas Inc. Common Stock,$7.59,-0.20,-2.567%,713446,496281190.00,United States,2018,Biotechnology: Pharmaceutical Preparations,Health Care
ARW,Arrow Electronics Inc. Common Stock,$232.80,5.47,2.406%,330540,11850782474.00,United States,,Electronic Components,Technology
ARWR,Arrowhead Pharmaceuticals Inc. Common Stock,$65.92,-0.15,-0.227%,1616423,9311494465.00,United States,,Biotechnology: Pharmaceutical Preparations,Health Care
ARX,Accelerant Holdings Class A Common Shares,$19.75,0.01,0.051%,600479,4289473902.00,Cayman Islands,2025,Specialty Insurers,Finance
ARXS,Arxis Inc. Class A Common Stock,$50.12,-1.18,-2.30%,740449,20923815424.00,United States,2026,Military/Government/Technical,Industrials
AS,Amer Sports Inc. Ordinary Shares,$27.77,1.00,3.736%,6724310,15486423337.00,,2024,Apparel,Consumer Discretionary
ASA,ASA  Gold and Precious Metals Limited,$56.68,0.58,1.034%,28411,1032536329.00,United States,,Precious Metals,Industrials
ASAN,Asana Inc. Class A Common Stock,$9.02,-0.14,-1.528%,5069581,2065310455.00,United States,2020,Computer Software: Prepackaged Software,Technology
ASB,Associated Banc-Corp Common Stock,$29.37,0.30,1.032%,2168130,5546514485.00,United States,,Major Banks,Finance
ASB^E,Associated Banc-Corp Depositary Shares each representing a 1/40th interest in a share of 5.875% Non-Cumulative Perpetual Preferred Stock Series E,$19.27,0.025,0.13%,545,,United States,,,
ASB^F,Associated Banc-Corp Depositary Shares each representing a 1/40th interest in a share of Associated Banc-Corp 5.625% Non-Cumulative Perpetual Preferred Stock Series F,$18.6973,-0.0927,-0.493%,2779,,United States,,,
ASBA,Associated Banc-Corp 6.625% Fixed-Rate Reset Subordinated Notes due 2033,$24.90,0.05,0.201%,17129,3757430294.00,United States,2023,Major Banks,Finance
ASBH,American Savings Bank N.A. Common Stock,$18.30,-0.03,-0.164%,55099,147447492.00,,2026,,
ASBP,Aspire-Lakewood Holdings Inc. Common Stock,$8.32,-0.38,-4.368%,32754,11669274.00,United States,2022,Biotechnology: Pharmaceutical Preparations,Health Care
ASBPW,Aspire-Lakewood Holdings Inc. Warrant,$0.0198,0.00,0.00%,480,27771.00,United States,2022,Biotechnology: Pharmaceutical Preparations,Health Care
ASC,Ardmore Shipping Corporation Common Stock,$17.85,0.02,0.112%,389346,728326660.00,,2013,Marine Transportation,Consumer Discretionary
ASG,Liberty All-Star Growth Fund Inc.,$5.10,0.06,1.19%,222392,0.00,United States,,Investment Managers,Finance
ASGI,abrdn Global Infrastructure Income Fund Common Shares of Beneficial Interest,$19.26,-0.18,-0.926%,203276,0.00,United States,2020,Investment Managers,Finance
ASH,Ashland Inc. Common Stock,$69.06,-0.04,-0.058%,549445,3162490132.00,United States,,Specialty Chemicals,Consumer Discretionary
ASIC,Ategrity Specialty Insurance Company Holdings Common Stock,$27.15,0.61,2.298%,127443,1301216095.00,,2025,Property-Casualty Insurers,Finance
ASIX,AdvanSix Inc. Common Stock ,$15.80,0.05,0.317%,222543,426618739.00,United States,2016,Major Chemicals,Industrials
ASLE,AerSale Corporation Common Stock,$5.40,-0.09,-1.639%,348644,257724520.00,United States,2019,Industrial Specialties,Consumer Discretionary
ASM,Avino Silver & Gold Mines Ltd. Common Shares (Canada),$5.94,0.03,0.508%,2686168,1008940310.00,Canada,,Metal Mining,Basic Materials
ASMB,Assembly Biosciences Inc. Common Stock,$23.67,0.01,0.042%,143536,481935307.00,United States,2010,Biotechnology: Pharmaceutical Preparations,Health Care
ASML,ASML Holding N.V. New York Registry Shares,$1743.94,21.44,1.245%,802267,672145282700.00,Netherlands,1995,Industrial Machinery/Components,Technology
ASND,Ascendis Pharma A/S Ordinary Share,$225.60,-5.10,-2.211%,420115,14815892870.00,Denmark,2015,Biotechnology: Pharmaceutical Preparations,Health Care
ASO,Academy Sports and Outdoors Inc. Common Stock,$49.14,1.01,2.098%,1344251,3025986704.00,United States,2020,Other Specialty Stores,Consumer Discretionary
ASPC,A SPAC III Acquisition Corp. Class A Ordinary Shares,$10.835,0.025,0.231%,688,0.00,China,2025,Blank Checks,Finance
ASPCR,A SPAC III Acquisition Corp. Right,$0.0998,0.00,0.00%,57,0.00,China,2025,Blank Checks,Finance
ASPCU,A SPAC III Acquisition Corp. Unit,$11.99,0.00,0.00%,19,0.00,China,2024,Blank Checks,Finance
ASPI,ASP Isotopes Inc. Common Stock,$2.925,-0.025,-0.847%,3559006,448429937.00,United States,2022,Major Chemicals,Industrials
ASPN,Aspen Aerogels Inc. Common Stock,$5.22,-0.08,-1.509%,1741668,433201452.00,United States,2014,RETAIL: Building Materials,Consumer Discretionary
ASPS,Altisource Portfolio Solutions S.A. Common Stock,$5.49,0.12,2.235%,9600,62696931.00,Luxembourg,,Other Consumer Services,Consumer Discretionary
ASPSW,Altisource Portfolio Solutions S.A. Net Settle Stakeholder Warrants,$0.20,-0.0001,-0.05%,14734,2284041.00,Luxembourg,,Other Consumer Services,Consumer Discretionary
ASPSZ,Altisource Portfolio Solutions S.A. Cash Exercise Stakeholder Warrants,$0.14,0.00,0.00%,6391,1598829.00,Luxembourg,,Other Consumer Services,Consumer Discretionary
ASR,Grupo Aeroportuario del Sureste S.A. de C.V. Common Stock,$243.21,4.91,2.06%,62245,7296300000.00,Mexico,,Aerospace,Consumer Discretionary
ASRV,AmeriServ Financial Inc. Common Stock,$4.68,0.01,0.214%,26943,79462970.00,United States,,Major Banks,Finance
ASST,Strive Inc. Class A Common Stock,$29.44,-0.50,-1.67%,4413122,2855757987.00,United States,2023,Finance: Consumer Services,Finance
ASTC,Astrotech Corporation (DE) Common Stock,$7.155,-0.025,-0.348%,20319,15079849.00,United States,,Biotechnology: Laboratory Analytical Instruments,Industrials
ASTE,Astec Industries Inc. Common Stock,$41.28,0.69,1.70%,190244,950487150.00,United States,1986,Construction/Ag Equipment/Trucks,Industrials
ASTH,Astrana Health Inc. Common Stock,$36.37,1.93,5.604%,336649,1804110791.00,United States,,Professional Services,Consumer Discretionary
ASTI,Ascent Solar Technologies Inc. Common Stock,$2.92,0.05,1.742%,137400,28663979.00,United States,,Semiconductors,Technology
ASTL,Algoma Steel Group Inc. Common Shares,$4.26,0.07,1.671%,508683,448955517.00,Canada,,Steel/Iron Ore,Industrials
ASTLW,Algoma Steel Group Inc. Warrant,$0.005,0.00,0.00%,1,526943.00,Canada,,Steel/Iron Ore,Industrials
ASTS,AST SpaceMobile Inc. Class A Common Stock,$61.81,0.75,1.228%,6451237,24054442804.00,United States,2019,Telecommunications Equipment,Consumer Discretionary
ASUR,Asure Software Inc Common Stock,$7.89,-0.02,-0.253%,105609,227857898.00,United States,,EDP Services,Technology
ASX,ASE Technology Holding Co. Ltd. American Depositary Shares (each representing Two Common Shares) ,$44.31,0.81,1.862%,4330378,98673885429.00,Taiwan,2018,Semiconductors,Technology
ASYS,Amtech Systems Inc. Common Stock,$15.78,0.38,2.468%,180997,276277834.00,United States,,Industrial Machinery/Components,Technology
ATAT,Atour Lifestyle Holdings Limited American Depositary Shares,$32.23,-0.12,-0.371%,480336,4384672207.00,China,2022,Hotels/Resorts,Consumer Discretionary
ATCH,AtlasClear Holdings Inc. Common Stock,$0.1878,-0.0071,-3.643%,6442839,28515316.00,,2024,Finance: Consumer Services,Finance
ATCX,Atlas Critical Minerals Corporation Common Stock,$3.10,-0.005,-0.161%,31089,15758342.00,Brazil,,Precious Metals,Basic Materials
ATEC,Alphatec Holdings Inc. Common Stock,$10.12,0.20,2.016%,3003839,1563044889.00,United States,2006,Medical/Dental Instruments,Health Care
ATEN,A10 Networks Inc. Common Stock,$25.73,-0.26,-1.00%,749125,1868230110.00,United States,2014,Computer Communications Equipment,Telecommunications
ATER,Aterian Inc. Common Stock,$0.664,-0.0106,-1.571%,76685,11930028.00,United States,2019,Home Furnishings,Consumer Discretionary
ATEX,Anterix Inc. Common Stock,$81.42,0.09,0.111%,168934,1596628776.00,United States,2015,Telecommunications Equipment,Telecommunications
ATGL,Alpha Technology Group Limited Class A Ordinary Shares,$5.50,-0.87,-13.658%,6868,90543750.00,China,2023,EDP Services,Technology
ATH^A,Athene Holding Ltd. Depositary Shares Each Representing a 1/1000th Interest in a 6.35% Fixed-to-Floating Rate Perpetual Non-Cumulative Preference Share Series A,$23.65,0.14,0.595%,37638,,Bermuda,,,
ATH^B,Athene Holding Ltd. Depositary Shares Each Representing a 1/1000th Interest in a 5.625% Fixed Rate Perpetual Non- Cumulative Preference Share Series B par value $1.00 per share,$17.12,-0.13,-0.754%,26839,,Bermuda,,,
ATH^D,Athene Holding Ltd. Depositary Shares Each Representing a 1/1000th Interest in a 4.875% Fixed-Rate Perpetual Non-Cumulative Preference Share Series D,$15.13,-0.08,-0.526%,61818,,Bermuda,,,
ATH^E,Athene Holding Ltd. Depositary Shares Each Representing a 1/1000th Interest in a 7.750% Fixed-Rate Reset Perpetual Non-Cumulative Preference Share Series E,$24.95,-0.05,-0.20%,33012,,Bermuda,,,
ATHE,Alterity Therapeutics Limited American Depositary Shares,$3.67,-0.10,-2.653%,2554,66824711.00,Australia,,Biotechnology: Pharmaceutical Preparations,Health Care
ATHM,Autohome Inc. American Depositary Shares each representing four class A ordinary shares.,$21.33,0.03,0.141%,551782,2456595532.00,China,2013,EDP Services,Technology
ATHR,Aether Holdings Inc. Common Stock,$3.70,0.10,2.778%,3571,45280818.00,United States,2025,Computer Software: Prepackaged Software,Technology
ATHS,Athene Holding Ltd. 7.250% Fixed-Rate Reset Junior Subordinated Debentures due 2064,$24.35,-0.04,-0.164%,14482,4962651750.00,Bermuda,2024,Life Insurance,Finance
ATI,ATI Inc. Common Stock,$185.48,-0.73,-0.392%,1141665,25256882639.00,United States,,Steel/Iron Ore,Industrials
ATII,Archimedes Tech SPAC Partners II Co. Ordinary Shares,$10.69,0.005,0.047%,159034,0.00,United States,2025,,
ATIIU,Archimedes Tech SPAC Partners II Co. Unit,$11.30,0.00,0.00%,5,0.00,United States,2025,Blank Checks,Finance
ATIIW,Archimedes Tech SPAC Partners II Co. Warrant,$1.35,0.03,2.273%,781,0.00,United States,2025,Blank Checks,Finance
ATKR,Atkore Inc. Common Stock,$94.57,0.03,0.032%,537736,3193870054.00,United States,2016,Industrial Machinery/Components,Miscellaneous
ATLC,Atlanticus Holdings Corporation Common Stock,$92.50,1.11,1.215%,77260,1403228515.00,United States,1995,Finance: Consumer Services,Finance
ATLCL,Atlanticus Holdings Corporation 6.125% Senior Notes due 2026,$25.23,-0.01,-0.04%,49929,381615078.00,United States,,Finance: Consumer Services,Finance
ATLCP,Atlanticus Holdings Corporation 7.625% Series B Cumulative Perpetual Preferred Stock no par value per share,$23.958,0.00,0.00%,1916,363443770.00,United States,,Finance: Consumer Services,Finance
ATLCZ,Atlanticus Holdings Corporation 9.25% Senior Notes due 2029,$25.59,-0.08,-0.312%,14071,387060240.00,United States,,Finance: Consumer Services,Finance
ATLO,Ames National Corporation Common Stock,$31.82,0.01,0.031%,22814,281836740.00,United States,,Major Banks,Finance
ATLQ,JAB Acquisition Corp I Class A Ordinary Shares,$9.98,0.00,0.00%,112,0.00,United States,2026,Blank Checks,Finance
ATLQW,JAB Acquisition Corp I Warrants,$0.04,0.00,0.00%,11149,0.00,United States,2026,Blank Checks,Finance
ATLX,Atlas Lithium Corporation Common Stock,$2.70,0.04,1.504%,265771,81269474.00,United States,,Mining & Quarrying of Nonmetallic Minerals (No Fuels),Industrials
ATMU,Atmus Filtration Technologies Inc. Common Stock,$44.71,-0.08,-0.179%,459205,3648136012.00,United States,2023,Auto Parts:O.E.M.,Consumer Discretionary
ATNI,ATN International Inc. Common Stock,$28.62,-0.52,-1.784%,93637,440844077.00,United States,,Telecommunications Equipment,Telecommunications
ATNM,Actinium Pharmaceuticals Inc. (Delaware) Common Stock,$1.20,0.01,0.84%,28424,37729723.00,United States,,Biotechnology: Pharmaceutical Preparations,Health Care
ATO,Atmos Energy Corporation Common Stock,$157.21,0.79,0.505%,1040673,26566690417.00,United States,,Oil/Gas Transmission,Utilities
ATOM,Atomera Incorporated Common Stock,$4.35,0.01,0.23%,205175,169754583.00,United States,2016,Semiconductors,Technology
ATOS,Atossa Therapeutics Inc. Common Stock,$1.90,-0.15,-7.317%,77857,18960666.00,United States,2012,Biotechnology: Pharmaceutical Preparations,Health Care
ATPC,Agape ATP Corporation Common Stock,$2.24,0.00,0.00%,3327,2241402.00,Malaysia,,Medical/Nursing Services,Health Care
ATR,AptarGroup Inc. Common Stock,$123.87,0.49,0.397%,325680,7875794449.00,United States,,Plastic Products,Industrials
ATRA,Atara Biotherapeutics Inc. Common Stock,$8.81,0.27,3.162%,31202,88432225.00,United States,2014,Biotechnology: Biological Products (No Diagnostic Substances),Health Care
ATRC,AtriCure Inc. Common Stock,$58.38,-2.39,-3.933%,1591673,2969574244.00,United States,2005,Medical/Dental Instruments,Health Care
ATRO,Astronics Corporation Common Stock,$69.22,0.07,0.101%,414275,2977087410.00,United States,,Military/Government/Technical,Industrials
ATS,ATS Corporation Common Shares,$19.10,0.21,1.112%,201689,1852842887.00,Canada,2023,Industrial Machinery/Components,Industrials
ATTO,Attovia Therapeutics Inc. Common Stock,$17.78,-0.39,-2.146%,404440,811679438.00,United States,2026,Biotechnology: Biological Products (No Diagnostic Substances),Health Care
ATTT,Atlas Trinity Tech Limited Ordinary Shares,$2.73,-0.02,-0.727%,9389,16038048.00,Hong Kong,2024,Consumer Electronics/Appliances,Consumer Discretionary
ATXG,Addentax Group Corp. Common Stock,$3.60,-0.05,-1.37%,37552,4240706.00,China,,Professional Services,Consumer Discretionary
ATYR,aTyr Pharma Inc. Common Stock,$0.305,-0.0326,-9.656%,8360450,29916665.00,United States,2015,Biotechnology: Biological Products (No Diagnostic Substances),Health Care
AU,AngloGold Ashanti PLC Ordinary Shares,$99.03,0.54,0.548%,1182683,50086329422.00,South Africa,,Precious Metals,Basic Materials
AUB,Atlantic Union Bankshares Corporation Common Stock,$38.78,0.26,0.675%,1440931,5538361667.00,United States,,Major Banks,Finance
AUB^A,Atlantic Union Bankshares Corporation Depositary Shares each representing a 1/400th ownership interest in a share of 6.875% Perpetual Non-Cumulative Preferred Stock Series A,$23.58,0.13,0.554%,4101,,United States,,,
AUBN,Auburn National Bancorporation Inc. Common Stock,$27.225,0.0374,0.138%,9724,94859850.00,United States,,Major Banks,Finance
AUC,ATIF Holdings Limited Ordinary Shares,$8.48,-0.42,-4.719%,1346,187648645.00,United States,2019,Professional Services,Consumer Discretionary
AUDC,AudioCodes Ltd. Common Stock,$10.66,0.13,1.235%,95483,262138450.00,Israel,1999,Telecommunications Equipment,Utilities
AUGO,Aura Minerals Inc. Common Shares,$83.57,0.50,0.602%,489071,7002265366.00,United States,,Metal Mining,Basic Materials
AUID,authID Inc. Common Stock,$0.4639,0.0486,11.702%,488781,7756565.00,United States,,Computer Software: Prepackaged Software,Technology
AUNA,Auna SA Class A Ordinary Shares,$5.10,0.01,0.196%,75364,377466122.00,Peru,2024,Medical/Nursing Services,Health Care
AUPH,Aurinia Pharmaceuticals Inc Ordinary Shares,$16.44,-0.155,-0.934%,740782,2187361202.00,Canada,,Biotechnology: Pharmaceutical Preparations,Health Care
AUR,Aurora Innovation Inc. Class A Common Stock,$6.04,-0.02,-0.33%,31919376,12105097819.00,United States,2021,EDP Services,Technology
AURA,Aura Biosciences Inc. Common Stock,$6.00,-0.15,-2.439%,1116521,622228854.00,United States,2021,Biotechnology: Biological Products (No Diagnostic Substances),Health Care
AURE,Aurelion Inc. Class A Ordinary Shares,$1.14,0.05,4.587%,21804,42864000.00,Hong Kong,2023,Finance: Consumer Services,Finance
AUROW,Aurora Innovation Inc. Warrant,$0.0391,0.0039,11.08%,64841,78362471.00,United States,2021,EDP Services,Technology
AUST,Austin Gold Corp. Common Shares,$1.0755,-0.0145,-1.33%,4515,14726823.00,,2022,Precious Metals,Basic Materials
AUTL,Autolus Therapeutics plc American Depositary Share,$1.855,-0.055,-2.88%,1383536,493731512.00,United Kingdom,2018,Biotechnology: Biological Products (No Diagnostic Substances),Health Care
AUUD,Auddia Inc. Common Stock,$1.14,-0.14,-10.938%,307765,6615477.00,United States,2021,EDP Services,Technology
AUXX,Gold X2 Mining Inc. Common Shares,$5.315,-0.02,-0.375%,15986,537797255.00,,2026,,
AVA,Avista Corporation Common Stock,$35.11,0.06,0.171%,859489,2940561861.00,United States,,Power Generation,Utilities
AVAH,Aveanna Healthcare Holdings Inc. Common Stock,$12.41,0.03,0.242%,2284793,2708106427.00,United States,2021,Medical/Nursing Services,Health Care
AVAL,Grupo Aval Acciones y Valores S.A. ADR (Each representing 20 preferred shares),$4.96,0.06,1.224%,92026,5888381988.00,,2014,Commercial Banks,Finance
AVAT,Avalanche Treasury Corporation Class A Common Stock,$1.84,0.04,2.222%,1029212,80445617.00,United States,,Finance: Consumer Services,Finance
AVAV,AeroVironment Inc. Common Stock,$152.05,-6.50,-4.10%,1296007,7727287739.00,United States,2007,Aerospace,Industrials
AVBC,Avidia Bancorp Inc. Common Stock,$21.68,-0.01,-0.046%,85429,432956234.00,United States,2025,Banks,Finance
AVBH,Avidbank Holdings Inc. Common stock,$31.41,0.21,0.673%,46952,344991107.00,United States,,Commercial Banks,Finance
AVBP,ArriVent BioPharma Inc. Common Stock,$28.45,-1.65,-5.482%,653166,1402804890.00,United States,2024,Biotechnology: Pharmaceutical Preparations,Health Care
AVD,American Vanguard Corporation Common Stock ($0.10 Par Value),$1.87,-0.06,-3.109%,325331,55166182.00,United States,1998,Agricultural Chemicals,Industrials
AVEX,AEVEX Corp. Class A Common Stock,$16.07,-0.61,-3.657%,989787,1832650119.00,,2026,Aerospace,Industrials
AVGO,Broadcom Inc. Common Stock,$352.81,2.45,0.699%,16255707,1684184352671.00,United States,2009,Semiconductors,Technology
AVIR,Atea Pharmaceuticals Inc. Common Stock,$5.17,0.00,0.00%,280674,414658294.00,United States,2020,Biotechnology: Pharmaceutical Preparations,Health Care
AVK,Advent Convertible and Income Fund,$11.62,-0.12,-1.022%,242354,0.00,United States,2003,Trusts Except Educational Religious and Charitable,Finance
AVLN,Avalyn Pharma Inc. Common Stock,$28.08,-0.47,-1.646%,223135,1244873308.00,United States,2026,Biotechnology: Pharmaceutical Preparations,Health Care
AVNT,Avient Corporation Common Stock,$41.28,0.50,1.226%,719463,3786183024.00,United States,,Major Chemicals,Industrials
AVNW,Aviat Networks Inc. Common Stock,$20.09,0.14,0.702%,94059,258329897.00,United States,,Radio And Television Broadcasting And Communications Equipment,Technology
AVO,Mission Produce Inc. Common Stock,$13.14,0.18,1.389%,931046,1152094229.00,United States,2020,Farming/Seeds/Milling,Consumer Staples
AVPT,AvePoint Inc. Class A Common Stock,$13.00,-0.16,-1.216%,2852846,2750350538.00,United States,2019,Computer Software: Prepackaged Software,Technology
AVR,Anteris Technologies Global Corp. Common Stock,$7.69,0.04,0.523%,762679,749455665.00,United States,2024,Industrial Specialties,Health Care
AVT,Avnet Inc. Common Stock,$103.075,2.165,2.145%,1202975,8459672310.00,United States,,Electronic Components,Technology
AVTR,Avantor Inc. Common Stock,$15.25,-0.13,-0.845%,6529502,10314472310.00,United States,2019,Biotechnology: Laboratory Analytical Instruments,Industrials
AVTX,Avalo Therapeutics Inc. Common Stock,$15.47,-0.25,-1.59%,1433847,829655930.00,United States,2015,Biotechnology: Pharmaceutical Preparations,Health Care
AVX,Avax One Technology Ltd. Common Shares,$6.04,0.59,10.826%,355360,44680193.00,Canada,2021,Finance: Consumer Services,Finance
AVXL,Anavex Life Sciences Corp. Common Stock,$2.38,0.04,1.709%,744407,220618484.00,United States,,Biotechnology: Biological Products (No Diagnostic Substances),Health Care
AVY,Avery Dennison Corporation Common Stock,$170.34,1.33,0.787%,591557,12909752108.00,United States,,Containers/Packaging,Consumer Discretionary
AWF,Alliancebernstein Global High Income Fund,$9.77,0.07,0.722%,272300,0.00,United States,1993,Trusts Except Educational Religious and Charitable,Finance
AWI,Armstrong World Industries Inc Common Stock,$162.81,0.68,0.419%,270034,6880810701.00,United States,,Plastic Products,Industrials
AWK,American Water Works Company Inc. Common Stock,$130.91,-0.62,-0.471%,1232507,26015611950.00,United States,2008,Water Supply,Utilities
AWP,abrdn Global Premier Properties Fund Common Shares of Beneficial Interest,$10.56,-0.10,-0.938%,92574,0.00,United States,2007,Trusts Except Educational Religious and Charitable,Finance
AWR,American States Water Company Common Stock,$82.80,0.30,0.364%,238087,3281829833.00,United States,,Water Supply,Utilities
AWRE,Aware Inc. Common Stock,$1.18,0.05,4.425%,48815,25738912.00,United States,1996,Computer Software: Prepackaged Software,Technology
AWX,Avalon Holdings Corporation Common Stock,$2.5863,0.0363,1.424%,2687,10085098.00,United States,1998,Environmental Services,Utilities
AX,Axos Financial Inc. Common Stock,$88.52,-0.06,-0.068%,256410,5033070426.00,United States,2018,Savings Institutions,Finance
AXG,Solowin Holdings Class A Ordinary Share,$0.20,-1.10,-84.615%,106366507,40202176.00,Hong Kong,2023,Investment Bankers/Brokers/Service,Finance
AXGN,Axogen Inc. Common Stock,$43.39,0.07,0.162%,1221883,2545756949.00,United States,,Biotechnology: Electromedical & Electrotherapeutic Apparatus,Health Care
AXIL,AXIL Brands Inc. Common Stock,$6.27,0.08,1.292%,10535,42778210.00,,2024,Package Goods/Cosmetics,Consumer Discretionary
AXIN,Axiom Intelligence Acquisition Corp 1 Class A Ordinary Shares,$10.34,0.00,0.00%,51548,0.00,United Kingdom,2025,Blank Checks,Finance
AXINR,Axiom Intelligence Acquisition Corp 1 Right,$0.1849,0.00,0.00%,115,0.00,United Kingdom,2025,Blank Checks,Finance
AXINU,Axiom Intelligence Acquisition Corp 1 Units,$10.53,0.00,0.00%,180,0.00,United Kingdom,2025,Blank Checks,Finance
AXON,Axon Enterprise Inc. Common Stock,$430.11,-14.89,-3.346%,878705,34941024566.00,United States,2001,Ordnance And Accessories,Industrials
AXP,American Express Company Common Stock,$308.89,3.23,1.057%,3124481,208596454315.00,United States,,Finance: Consumer Services,Finance
AXR,AMREP Corporation Common Stock,$22.37,-0.26,-1.149%,4708,119116872.00,United States,,Homebuilding,Real Estate
AXS,Axis Capital Holdings Limited Common Stock,$94.45,-0.27,-0.285%,442346,6891668641.00,Bermuda,2003,Property-Casualty Insurers,Finance
AXS^E,Axis Capital Holdings Limited Depositary Shares each representing 1/100th interest in a share of a 5.50% Series E Preferred Shares,$17.84,0.02,0.112%,60830,,Bermuda,,,
AXSM,Axsome Therapeutics Inc. Common Stock,$195.09,-0.94,-0.48%,838255,10218973784.00,United States,2015,Biotechnology: Pharmaceutical Preparations,Health Care
AXTA,Axalta Coating Systems Ltd. Common Shares,$32.89,0.63,1.953%,1573393,7039117701.00,United States,2014,Paints/Coatings,Consumer Discretionary
AXTI,AXT Inc Common Stock,$78.94,3.04,4.005%,7429821,5176349355.00,United States,1998,Semiconductors,Technology
AYA,Aya Gold & Silver Inc. Common Shares,$28.47,0.53,1.897%,799294,4100709703.00,Canada,,Precious Metals,Basic Materials
AYI,Acuity Inc. Common Stock,$319.42,9.97,3.222%,478126,9562012423.00,United States,,Building Products,Consumer Discretionary
AYTU,Aytu BioPharma Inc.  Common Stock,$2.28,-0.03,-1.299%,28183,24776094.00,United States,,Biotechnology: Pharmaceutical Preparations,Health Care
AZ,A2Z Cust2Mate Solutions Corp. Common Shares,$5.45,-0.23,-4.049%,149117,239944245.00,Canada,,Industrial Machinery/Components,Industrials
AZI,Autozi Internet Technology (Global) Ltd. Class A Ordinary Shares,$1.17,-0.04,-3.306%,44234,77629575.00,China,2024,Automotive Aftermarket,Consumer Discretionary
AZIO,Azio AI Holdings Inc. Common Stock,$1.28,-0.015,-1.158%,43155,22026045.00,United States,,Auto Parts:O.E.M.,Consumer Discretionary
AZN,AstraZeneca PLC Ordinary Shares,$166.58,2.02,1.228%,2067868,258319915258.00,United Kingdom,2026,Biotechnology: Pharmaceutical Preparations,Health Care
AZO,AutoZone Inc. Common Stock,$2872.16,10.41,0.364%,439332,46889031617.00,United States,,Auto & Home Supply Stores,Consumer Discretionary
AZTA,Azenta Inc.,$34.02,-0.18,-0.526%,781121,1490361530.00,United States,,Industrial Machinery/Components,Technology
AZTR,Azitra Inc Common Stock,$0.1678,0.0008,0.479%,159313,10169308.00,,2023,Biotechnology: Pharmaceutical Preparations,Health Care
AZUL,Azul S.A. American Depositary Shares each representing two (2) Common Shares,$6.49,0.32,5.186%,52392,1195970463.00,,,Air Freight/Delivery Services,Consumer Discretionary
AZZ,AZZ Inc.,$137.17,-0.81,-0.587%,180700,4122164392.00,United States,,Industrial Specialties,Industrials
B,Barrick Mining Corporation Common Shares,$42.88,0.56,1.323%,7843848,70575523887.00,Canada,,Precious Metals,Basic Materials
BA,Boeing Company (The) Common Stock,$198.07,1.27,0.645%,5389672,156548589861.00,United States,,Aerospace,Industrials
BA^A,Boeing Company (The) Depositary Shares each representing a 1/20th interest in a share of 6.00% Series A Mandatory Convertible Preferred Stock par value $1.00,$61.83,0.23,0.373%,61569,,United States,,,
BABA,Alibaba Group Holding Limited American Depositary Shares each representing eight Ordinary share,$109.74,-0.89,-0.804%,5926919,265843615615.00,China,2014,Business Services,Consumer Discretionary
BAC,Bank of America Corporation Common Stock,$56.70,0.67,1.196%,28601313,396488832296.00,United States,,Major Banks,Finance
BAC^B,Bank of America Corporation Depositary Shares each representing a 1/1000th interest in a share of 6.000% Non-Cumulative Preferred Stock Series GG,$22.80,-0.09,-0.393%,253374,,United States,,,
BAC^E,Bank of America Corporation Depositary Sh repstg 1/1000th Perp Pfd Ser E,$18.64,0.00,0.00%,23491,,United States,,,
BAC^K,Bank of America Corporation Depositary Shares each representing a 1/1000th interest in a share of 5.875% Non- Cumulative Preferred Stock Series HH,$22.19,-0.10,-0.449%,77600,,United States,,,
BAC^L,Bank of America Corporation Non Cumulative Perpetual Conv Pfd Ser L,$1236.55,6.55,0.533%,6429,,United States,,,
BAC^M,Bank of America Corporation Depositary Shares each representing a 1/1000th interest in a share of 5.375% Non-Cumulative Preferred Stock Series KK,$19.66,-0.11,-0.556%,164652,,United States,,,
BAC^N,Bank of America Corporation Depositary shares each representing 1/1000th interest in a share of 5.000% Non-Cumulative Preferred Stock Series LL,$18.46,0.02,0.108%,156983,,United States,,,
BAC^O,Bank of America Corporation Depositary shares each representing 1/1000th interest in a share of 4.375% Non-Cumulative Preferred Stock Series NN,$16.19,-0.06,-0.369%,175670,,United States,,,
BAC^P,Bank of America Corporation Depositary Shares each representing a 1/1000th interest in a share of 4.125% Non-Cumulative Preferred Stock Series PP,$15.68,0.04,0.256%,297765,,United States,,,
BAC^Q,Bank of America Corporation Depositary shares each representing 1/1000th interest in a share of 4.250% Non-Cumulative Preferred Stock Series QQ,$15.70,-0.05,-0.317%,164997,,United States,,,
BAC^S,Bank of America Corporation Depositary shares each representing 1/1000th interest in a share of 4.750% Non-Cumulative Preferred Stock Series SS,$17.52,-0.16,-0.905%,115076,,United States,,,
BACC,Blue Acquisition Corp. Class A Ordinary Shares,$10.495,-0.005,-0.048%,671286,0.00,United States,2025,Blank Checks,Finance
BACCR,Blue Acquisition Corp. Right ,$0.4201,-0.0802,-16.03%,42899,0.00,United States,2025,Blank Checks,Finance
BACCU,Blue Acquisition Corp. Unit,$10.88,-0.01,-0.092%,337,0.00,United States,2025,Blank Checks,Finance
BAER,Bridger Aerospace Group Holdings Inc. Common Stock,$0.7932,-0.0368,-4.434%,671135,46660894.00,United States,,Aerospace,Industrials
BAERW,Bridger Aerospace Group Holdings Inc. Warrant,$0.078,-0.0063,-7.473%,6140,4588439.00,United States,,Aerospace,Industrials
BAFN,BayFirst Financial Corp. Common Stock,$6.795,-0.325,-4.565%,204646,183212328.00,United States,,Major Banks,Finance
BAH,Booz Allen Hamilton Holding Corporation Common Stock,$72.95,-0.87,-1.179%,1240823,8774788780.00,United States,2010,Professional Services,Consumer Discretionary
BAK,Braskem SA ADR,$1.54,0.02,1.316%,1452156,613850032.00,Brazil,,Major Chemicals,Industrials
BALL,Ball Corporation Common Stock,$56.83,0.17,0.30%,1948489,15043091778.00,United States,,Containers/Packaging,Industrials
BALY,Bally's Corporation Common Stock,$14.00,-0.05,-0.356%,169192,706573308.00,United States,2024,Hotels/Resorts,Consumer Discretionary
BAM,Brookfield Asset Management Inc Class A Limited Voting Shares,$44.59,0.01,0.022%,2858916,71220798633.00,,2022,Building operators,Real Estate
BANC,Banc of California Inc. Common Stock,$17.94,0.21,1.184%,2386639,2833632490.00,United States,,Major Banks,Finance
BANC^F,Banc of California Inc. Depositary Shares each representing a 1/40th interest in a share of 7.75% non-cumulative perpetual preferred stock Series F,$24.72,-0.13,-0.523%,142579,,United States,,,
BAND,Bandwidth Inc. Class A Common Stock,$61.81,-0.02,-0.032%,1090074,1989094506.00,United States,2017,Computer Software: Prepackaged Software,Technology
BANF,BancFirst Corporation Common Stock,$108.71,1.36,1.267%,235390,3652519569.00,United States,1993,Major Banks,Finance
BANFP,BancFirst Corporation - BFC Capital Trust II Cumulative Trust Preferred Securities,$26.86,0.00,0.00%,504,902462291.00,United States,,Major Banks,Finance
BANL,CBL International Limited Class B Ordinary Shares,$5.10,-0.1801,-3.411%,6176,10704686.00,Malaysia,2023,Oil Refining/Marketing,Energy
BANR,Banner Corporation Common Stock,$69.03,0.24,0.349%,207093,2529222752.00,United States,,Major Banks,Finance
BANX,ArrowMark Financial Corp. Common Stock,$19.92,-0.63,-3.066%,120797,141484310.00,United States,,Trusts Except Educational Religious and Charitable,Finance
BAOS,Baosheng Media Group Holdings Limited Ordinary shares,$0.2641,-0.014,-5.034%,466360,8812968.00,China,2021,Business Services,Consumer Discretionary
BAP,Credicorp Ltd. Common Stock,$386.16,3.15,0.822%,211790,36446675533.00,Peru,,Commercial Banks,Finance
BARK,BARK Inc. Class A Common Stock,$8.16,0.06,0.741%,113928,73713009.00,United States,2020,Other Specialty Stores,Consumer Discretionary
BATL,Battalion Oil Corporation Common Stock,$1.05,-0.07,-6.25%,3857167,60146263.00,United States,,Oil & Gas Production,Energy
BATRA,Atlanta Braves Holdings Inc. Series A Common Stock,$59.03,0.18,0.306%,39926,3787830960.00,United States,,Services-Misc. Amusement & Recreation,Consumer Discretionary
BATRK,Atlanta Braves Holdings Inc. Series C Common Stock,$54.26,0.20,0.37%,518599,3481750091.00,United States,,Services-Misc. Amusement & Recreation,Consumer Discretionary
BAX,Baxter International Inc. Common Stock,$23.37,-0.11,-0.468%,6569150,12082196497.00,United States,,Medical/Dental Instruments,Health Care
BB,BlackBerry Limited Common Stock,$8.21,-0.52,-5.956%,32315843,4819535011.00,Canada,,Computer Software: Prepackaged Software,Technology
BBAI,BigBear.ai Inc. Common Stock,$2.80,0.00,0.00%,10723372,1342584580.00,United States,2021,Computer Software: Prepackaged Software,Technology
BBAR,Banco BBVA Argentina S.A. ADS,$13.15,-0.34,-2.52%,344140,2685712513.00,Argentina,,Commercial Banks,Finance
BBBYW,Neighborhood Intelligence Inc. Warrants,$0.525,-0.065,-11.017%,59703,50136284.00,United States,,Catalog/Specialty Distribution,Consumer Discretionary
BBCP,Concrete Pumping Holdings Inc. Common Stock,$9.77,0.17,1.771%,95466,492343713.00,United States,2017,Engineering & Construction,Consumer Discretionary
BBD,Banco Bradesco Sa American Depositary Shares,$3.41,0.03,0.888%,16508066,38141512324.00,Brazil,,Major Banks,Finance
BBDC,Barings BDC Inc. Common Stock,$8.67,0.05,0.58%,451526,907808684.00,United States,,Diversified Financial Services,Finance
BBDO,Banco Bradesco Sa American Depositary Shares (each representing one Common Share),$3.10,0.02,0.649%,40927,34674102113.00,Brazil,,Major Banks,Finance
BBGI,Beasley Broadcast Group Inc. Class A Common Stock,$15.29,-0.745,-4.646%,55052,28328563.00,United States,2000,Broadcasting,Consumer Discretionary
BBIO,BridgeBio Pharma Inc. Common Stock,$65.57,-0.71,-1.071%,2090316,12818113670.00,United States,2019,Biotechnology: Pharmaceutical Preparations,Health Care
BBLG,Bone Biologics Corp Common Stock,$0.496,0.0048,0.977%,59774,1367004.00,United States,,Industrial Specialties,Health Care
BBLGW,Bone Biologics Corp Warrants,$4.06,0.00,0.00%,2,11189591.00,United States,,Industrial Specialties,Health Care
BBN,BlackRock Taxable Municipal Bond Trust Common Shares of Beneficial Interest,$14.47,0.11,0.766%,266658,0.00,United States,2010,Finance Companies,Finance
BBNX,Beta Bionics Inc. Common Stock,$21.51,-0.25,-1.149%,926083,1132326473.00,United States,2025,Medical/Dental Instruments,Health Care
BBOT,BridgeBio Oncology Therapeutics Inc. Common Stock  ,$3.95,-0.04,-1.003%,523572,316688355.00,United States,2024,Biotechnology: Pharmaceutical Preparations,Health Care
BBSI,Barrett Business Services Inc. Common Stock,$31.14,-0.46,-1.456%,377963,754683505.00,United States,1993,Professional Services,Consumer Discretionary
BBT,Beacon Financial Corporation Common stock,$28.19,0.19,0.679%,1576167,2362775464.00,United States,,Banks,Finance
BBUC,Brookfield Business Corporation Class A Subordinate Voting Shares,$25.46,0.39,1.556%,276072,5293134000.00,,,Engineering & Construction,Consumer Discretionary
BBVA,Banco Bilbao Vizcaya Argentaria S.A. Common Stock,$28.87,0.40,1.405%,1760025,164817926369.00,Spain,,Commercial Banks,Finance
BBW,Build-A-Bear Workshop Inc. Common Stock,$25.77,0.67,2.669%,356734,317469263.00,United States,2004,Recreational Games/Products/Toys,Consumer Discretionary
BBWI,Bath & Body Works Inc.,$16.45,-0.35,-2.083%,5732625,3317065399.00,United States,,Other Specialty Stores,Consumer Discretionary
BBY,Best Buy Co. Inc. Common Stock,$90.51,-0.49,-0.538%,2486632,18982453946.00,United States,,Consumer Electronics/Video Chains,Consumer Discretionary
BC,Brunswick Corporation Common Stock,$67.19,1.03,1.557%,720585,4353739187.00,United States,,Industrial Machinery/Components,Industrials
BC^C,Brunswick Corporation 6.375% Notes due 2049,$23.97,0.57,2.436%,3329,,United States,,,
BCAL,California BanCorp Common Stock,$21.64,0.05,0.232%,183716,695737707.00,United States,,Major Banks,Finance
BCAT,BlackRock Capital Allocation Term Trust Common Shares of Beneficial Interest,$13.70,-0.15,-1.083%,1617247,1481449500.00,United States,2020,Finance/Investors Services,Finance
BCAX,Bicara Therapeutics Inc. Common Stock,$19.21,-0.57,-2.882%,662515,1271182062.00,United States,2024,Biotechnology: Pharmaceutical Preparations,Health Care
BCBP,BCB Bancorp Inc. (NJ) Common Stock,$8.75,0.00,0.00%,442173,365328443.00,United States,2005,Savings Institutions,Finance
BCC,Boise Cascade L.L.C. Common Stock,$77.14,1.04,1.367%,378153,2691518816.00,United States,2013,RETAIL: Building Materials,Consumer Discretionary
BCCQ,Bleichroeder Acquisition Corp. III Class A Ordinary Shares,$9.9647,-0.0063,-0.063%,124672,0.00,United States,2026,Blank Checks,Finance
BCCQU,Bleichroeder Acquisition Corp. III Units,$10.25,0.04,0.392%,105,0.00,United States,2026,Blank Checks,Finance
BCCQW,Bleichroeder Acquisition Corp. III Warrant,$0.8749,-0.0525,-5.661%,48563,0.00,United States,2026,Blank Checks,Finance
BCDA,BioCardia Inc. Common Stock,$1.05,-0.02,-1.869%,53785,15895721.00,United States,,Biotechnology: Biological Products (No Diagnostic Substances),Health Care
BCE,BCE Inc. Common Stock,$20.97,-0.33,-1.549%,3909686,19555066382.00,Canada,,Telecommunications Equipment,Telecommunications
BCG,Binah Capital Group Inc. Common Stock,$1.15,-0.015,-1.288%,19112,19619151.00,United States,,Finance: Consumer Services,Finance
BCH,Banco De Chile ADS,$42.04,0.54,1.301%,253861,21233790468.00,Chile,,Commercial Banks,Finance
BCHT,Birchtech Corp. Common Stock,$1.61,-0.01,-0.617%,82677,42352605.00,,2026,Industrial Machinery/Components,Industrials
BCIC,BCP Investment Corporation Common Stock,$6.94,-0.055,-0.786%,59724,85942545.00,United States,2006,Finance: Consumer Services,Finance
BCML,BayCom Corp Common Stock,$30.87,0.66,2.185%,83283,337104012.00,United States,2018,Major Banks,Finance
BCO,Brinks Company (The) Common Stock,$106.82,0.97,0.916%,371303,4399876704.00,United States,,Integrated Freight & Logistics,Industrials
BCPC,Balchem Corporation Common Stock,$167.89,0.05,0.03%,212560,5352000946.00,United States,,Major Chemicals,Industrials
BCRX,BioCryst Pharmaceuticals Inc. Common Stock,$8.59,0.07,0.822%,3667497,2195046552.00,United States,1994,Biotechnology: Biological Products (No Diagnostic Substances),Health Care
BCS,Barclays PLC Common Stock,$24.81,0.38,1.555%,3020144,83368260120.00,United Kingdom,,Commercial Banks,Finance
BCSF,Bain Capital Specialty Finance Inc. Common Stock,$11.08,-0.04,-0.36%,478131,718743058.00,United States,2018,Finance/Investors Services,Finance
BCSS,Bain Capital GSS Investment Corp. Class A Ordinary Shares,$10.31,0.02,0.194%,194555,0.00,,2025,,
BCTX,BriaCell Therapeutics Corp. Common Shares,$4.315,0.035,0.818%,140053,37539581.00,Canada,,Biotechnology: Pharmaceutical Preparations,Health Care
BCTXL,BriaCell Therapeutics Corp. Warrant expiring 2031,$1.065,0.0151,1.438%,17025,9265273.00,Canada,,Biotechnology: Pharmaceutical Preparations,Health Care
BCTXZ,BriaCell Therapeutics Corp. Warrant expiring 2030,$0.1553,-0.0447,-22.35%,10295,1351077.00,Canada,,Biotechnology: Pharmaceutical Preparations,Health Care
BCV,Bancroft Fund Ltd.,$23.79,-0.235,-0.978%,7143,0.00,United States,1972,Finance/Investors Services,Finance
BCV^A,Bancroft Fund Limited 5.375% Series A Cumulative Preferred Shares,$19.5199,0.3299,1.719%,3871,,United States,,,
BCX,BlackRock Resources Common Shares of Beneficial Interest,$12.07,-0.14,-1.147%,153435,1024236181.00,United States,2011,Finance/Investors Services,Finance
BCYC,Bicycle Therapeutics plc American Depositary Shares,$3.685,-0.045,-1.206%,238891,257923730.00,United Kingdom,2019,Biotechnology: Pharmaceutical Preparations,Health Care
BDC,Belden Inc Common Stock,$112.45,1.65,1.489%,334459,4394342578.00,United States,,Telecommunications Equipment,Industrials
BDCI,BTC Development Corp. Class A Ordinary Shares,$10.155,0.00,0.00%,518,0.00,United States,2025,Blank Checks,Finance
BDCIU,BTC Development Corp. Unit,$10.30,0.00,0.00%,9,0.00,United States,2025,Blank Checks,Finance
BDCIW,BTC Development Corp. Warrant,$0.3701,-0.025,-6.328%,806,0.00,United States,2025,Blank Checks,Finance
BDJ,Blackrock Enhanced Equity Dividend Trust,$9.61,0.03,0.313%,446394,1700863886.00,United States,2005,Finance Companies,Finance
BDL,Flanigan's Enterprises Inc. Common Stock,$45.12,0.70,1.576%,22122,83862153.00,United States,1972,Restaurants,Consumer Discretionary
BDMD,Baird Medical Investment Holdings Ltd Ordinary Share,$0.7665,-0.0135,-1.731%,50115,32353017.00,China,,Medical/Dental Instruments,Health Care
BDN,Brandywine Realty Trust Common Stock,$2.86,-0.03,-1.038%,1616353,499289925.00,United States,,Real Estate Investment Trusts,Real Estate
BDRX,Biodexa Pharmaceuticals plc American Depositary Shs,$0.676,0.001,0.148%,169251,2835088.00,United Kingdom,,Biotechnology: Pharmaceutical Preparations,Health Care
BDSX,Biodesix Inc. Common Stock,$29.10,-0.30,-1.02%,98344,307037534.00,United States,2020,Medical Specialities,Health Care
BDTX,Black Diamond Therapeutics Inc. Common Stock,$1.88,-0.01,-0.529%,378815,108013044.00,United States,2020,Biotechnology: Biological Products (No Diagnostic Substances),Health Care
BDX,Becton Dickinson and Company Common Stock,$183.82,4.59,2.561%,1472845,50070141576.00,United States,,Medical/Dental Instruments,Health Care
BE,Bloom Energy Corporation Class A Common Stock,$288.70,22.05,8.269%,17360046,85030044790.00,United States,2018,Industrial Machinery/Components,Energy
BEAG,Bold Eagle Acquisition Corp. Class A Ordinary Shares,$10.71,0.00,0.00%,108586,0.00,United States,2024,,
BEAGR,Bold Eagle Acquisition Corp. Right,$0.2435,0.0035,1.458%,342,0.00,United States,2024,,
BEAM,Beam Therapeutics Inc. Common Stock,$24.27,-0.39,-1.582%,1221016,2506791630.00,United States,2020,Biotechnology: Biological Products (No Diagnostic Substances),Health Care
BEAT,Heartbeam Inc. Common Stock,$0.3598,-0.0192,-5.066%,684447,20274432.00,United States,2021,Medical/Dental Instruments,Health Care
BEATW,Heartbeam Inc. Warrant,$0.007,-0.0027,-27.835%,11665,394444.00,United States,2021,Medical/Dental Instruments,Health Care
BEBE,TGE Value Creative Solutions Corp Class A Ordinary Shares,$10.04,0.00,0.00%,9,129214800.00,,2026,Diversified Commercial Services,Consumer Discretionary
BEEM,Beam Global Common Stock,$1.19,-0.02,-1.653%,128183,26933645.00,United States,,Industrial Machinery/Components,Miscellaneous
BEEP,Mobile Infrastructure Corporation Common Stock,$2.87,0.01,0.35%,9193,118531000.00,United States,,Real Estate,Finance
BEKE,KE Holdings Inc American Depositary Shares (each representing three Class A Ordinary Shares),$16.33,-0.36,-2.157%,9756865,18450285796.00,China,2020,Real Estate,Finance
BELFA,Bel Fuse Inc. Class A Common Stock,$203.10,-0.05,-0.025%,65352,2932652295.00,United States,,,
BELFB,Bel Fuse Inc. Class B Common Stock,$252.69,1.73,0.689%,141354,3648704621.00,United States,,,
BEN,Franklin Templeton Inc. Common Stock,$33.02,0.47,1.444%,3650062,16776699568.00,United States,,Investment Managers,Finance
BENF,Beneficient Class A Common Stock,$1.46,0.01,0.69%,31359874,22565354.00,United States,,Finance: Consumer Services,Finance
BENFW,Beneficient Warrant,$0.0109,0.0002,1.869%,628082,168467.00,United States,,Finance: Consumer Services,Finance
BEP,Brookfield Renewable Partners L.P. Limited Partnership Units,$28.35,0.08,0.283%,716431,19283636689.00,Canada,,Electric Utilities: Central,Utilities
BEP^A,Brookfield Renewable Partners L.P. 5.25% Class A Preferred Limited Partnership Units Series 17,$16.37,0.11,0.677%,1290,,Canada,,,
BEPC,Brookfield Renewable Corporation Brookfield Renewable Corporation Class A Subordinate Voting Shares,$28.47,0.09,0.317%,1598147,10729951082.00,United States,,Electric Utilities: Central,Utilities
BEPH,Brookfield BRP Holdings (Canada) Inc. 4.625% Perpetual Subordinated Notes,$14.86,-0.01,-0.067%,27475,4267262092.00,Canada,,Electric Utilities: Central,Utilities
BEPI,Brookfield BRP Holdings (Canada) Inc. 4.875% Perpetual Subordinated Notes,$16.19,0.18,1.124%,28713,4649190665.00,Canada,2021,Electric Utilities: Central,Utilities
BEPJ,Brookfield BRP Holdings (Canada) Inc. 7.250% Perpetual Subordinated Notes,$22.5501,0.0401,0.178%,7689,6475584583.00,Canada,2024,Electric Utilities: Central,Utilities
BESS,Bimergen Energy Corporation Common Stock,$2.79,0.19,7.308%,47310,19802229.00,,2026,Electric Utilities: Central,Utilities
BETA,Beta Technologies Inc. Class A Common Stock,$23.85,0.70,3.024%,1824386,5579494281.00,United States,2025,Aerospace,Industrials
BETR,Better Home & Finance Holding Company Class A Common Stock,$10.45,-0.39,-3.598%,593100,198535151.00,United Kingdom,2021,Finance: Consumer Services,Finance
BETRW,Better Home & Finance Holding Company Warrant,$0.14,0.0155,12.45%,504,2659801.00,United Kingdom,2021,Finance: Consumer Services,Finance
BF/A,Brown Forman Corporation,$26.69,0.29,1.098%,83001,,United States,,,
BF/B,Brown Forman Corporation,$26.16,0.16,0.615%,1505010,,United States,,,
BFAM,Bright Horizons Family Solutions Inc. Common Stock,$65.86,-0.48,-0.724%,841379,3203121253.00,United States,2013,Other Consumer Services,Consumer Discretionary
BFC,Bank First Corporation Common Stock,$152.13,1.81,1.204%,86133,1686453393.00,United States,,Major Banks,Finance
BFH,Bread Financial Holdings Inc. Common Stock,$102.91,1.35,1.329%,467605,3953726870.00,United States,,Business Services,Consumer Discretionary
BFH^A,Bread Financial Holdings Inc. Depositary Shares each representing a 1/40th interest in a share of 8.625% Non-Cumulative Perpetual Preferred Stock Series A,$24.25,0.00,0.00%,17683,,United States,,,
BFH^B,Bread Financial Holdings Inc. Depositary Shares each representing a 1/40th interest in a share of 8.875% Fixed Rate Reset Non-Cumulative Perpetual Preferred Stock Series B,$24.67,0.05,0.203%,69142,,United States,,,
BFLY,Butterfly Network Inc. Class A Common Stock,$9.39,-0.02,-0.213%,3747340,2500417868.00,United States,2020,Medical Electronics,Health Care
BFRG,Bullfrog AI Holdings Inc. Common Stock,$0.6656,-0.0991,-12.959%,3004251,12341323.00,United States,2023,Biotechnology: Pharmaceutical Preparations,Health Care
BFRGW,Bullfrog AI Holdings Inc. Warrants,$0.19,0.0123,6.922%,25353,3522914.00,United States,2023,Biotechnology: Pharmaceutical Preparations,Health Care
BFRI,Biofrontera Inc. Common Stock,$1.18,-0.02,-1.667%,248151,17525784.00,United States,2021,Biotechnology: Pharmaceutical Preparations,Health Care
BFRIW,Biofrontera Inc. Warrants,$0.02,-0.0001,-0.498%,5028,297047.00,United States,2021,Biotechnology: Pharmaceutical Preparations,Health Care
BFS,Saul Centers Inc. Common Stock,$30.00,0.15,0.503%,137974,741513030.00,United States,1993,Real Estate Investment Trusts,Real Estate
BFS^D,Saul Centers Inc. Depositary Shares each representing 1/100th of a share of 6.125% Series D Cumulative Redeemable Preferred Stock,$18.995,-0.235,-1.222%,3332,,United States,,,
BFS^E,Saul Centers Inc. Depositary shares each representing a 1/100th fractional interest in a share of 6.000% Series E Cumulative Redeemable Preferred Stock,$18.76,-0.10,-0.53%,4543,,United States,,,
BFST,Business First Bancshares Inc. Common Stock,$30.86,0.23,0.751%,176276,1004489389.00,United States,,Major Banks,Finance
BG,Bunge Limited Common Shares,$109.00,-1.21,-1.098%,2004737,20940984407.00,United States,,Packaged Foods,Consumer Staples
BGB,Blackstone Strategic Credit 2027 Term Fund Common Shares of Beneficial Interest,$11.11,0.05,0.452%,109267,0.00,United States,2012,Trusts Except Educational Religious and Charitable,Finance
BGC,BGC Group Inc. Class A Common Stock,$11.84,-0.33,-2.712%,3828854,5629523620.00,United States,,Investment Bankers/Brokers/Service,Finance
BGDE,Big Digital Energy Inc. Common Stock,$5.76,-0.48,-7.692%,81256,32626593.00,Australia,,Finance: Consumer Services,Finance
BGH,Barings Global Short Duration High Yield Fund Common Shares of Beneficial Interests,$13.16,0.05,0.381%,71681,0.00,United States,2012,Investment Managers,Finance
BGIN,Bgin Blockchain Limited Class A Ordinary Shares,$1.90,0.04,2.151%,1850,214958288.00,China,2025,Finance: Consumer Services,Finance
BGL,Blue Gold Limited Class A Ordinary Shares,$0.2131,0.0019,0.90%,332960,8702529.00,United Kingdom,,Metal Mining,Basic Materials
BGLC,BioNexus Gene Lab Corp Common stock,$1.39,-0.09,-6.081%,6041,4077484.00,Malaysia,,Medical Specialities,Health Care
BGLWW,Blue Gold Limited Warrant,$0.033,-0.001,-2.941%,5320,1347647.00,United Kingdom,,Metal Mining,Basic Materials
BGM,BGM Group Ltd. Class A Ordinary Shares,$0.24,-0.0087,-3.498%,189640,96149606.00,China,2021,Biotechnology: Pharmaceutical Preparations,Health Care
BGMS,Bio Green Med Solution Inc. Common Stock,$0.92,-0.025,-2.646%,16583,6092970.00,United States,,Biotechnology: Pharmaceutical Preparations,Health Care
BGR,BlackRock Energy and Resources Trust,$17.06,-0.18,-1.044%,118561,2313100470.00,United States,2004,Trusts Except Educational Religious and Charitable,Finance
BGS,B&G Foods Inc. Common Stock,$3.10,0.08,2.649%,1628759,251954580.00,United States,,Packaged Foods,Consumer Staples
BGSF,BGSF Inc. Common Stock,$5.00,0.00,0.00%,1534,53398825.00,United States,,Professional Services,Consumer Discretionary
BGSI,Boyd Group Services Inc. Common Shares,$79.95,0.77,0.972%,30933,2225522978.00,Canada,,,
BGT,BlackRock Floating Rate Income Trust,$10.49,0.05,0.479%,160819,0.00,United States,2004,Trusts Except Educational Religious and Charitable,Finance
BGX,Blackstone Long Short Credit Income Fund Common Shares,$10.61,0.10,0.951%,44178,0.00,,2011,Trusts Except Educational Religious and Charitable,Finance
BGY,Blackrock Enhanced International Dividend Trust,$5.77,0.05,0.874%,182983,0.00,United States,2007,Trusts Except Educational Religious and Charitable,Finance
BH,Biglari Holdings Inc. Class B Common Stock,$344.81,-3.80,-1.09%,64045,802217706.00,United States,2018,Restaurants,Consumer Discretionary
BHAV,BHAV Acquisition Corp Class A Ordinary Shares,$10.035,0.015,0.15%,2098,0.00,United States,2026,Blank Checks,Finance
BHB,Bar Harbor Bankshares Inc. Common Stock,$38.96,-0.77,-1.938%,466077,653206477.00,United States,1997,Major Banks,Finance
BHC,Bausch Health Companies Inc. Common Stock,$5.69,0.04,0.708%,1250386,2128006292.00,Canada,,Biotechnology: Pharmaceutical Preparations,Health Care
BHE,Benchmark Electronics Inc. Common Stock,$82.52,0.37,0.45%,544599,2964112871.00,United States,,Electrical Products,Technology
BHF,Brighthouse Financial Inc. Common Stock,$53.24,-0.22,-0.412%,852784,3061915614.00,United States,,Life Insurance,Finance
BHFAL,Brighthouse Financial Inc. 6.25% Junior Subordinated Debentures due 2058,$15.6301,-0.20,-1.263%,17160,898911481.00,United States,,Life Insurance,Finance
BHFAM,Brighthouse Financial Inc. Depositary shares each representing a 1/1000th Interest in a Share of 4.625% Non-Cumulative Preferred Stock Series D,$10.49,0.33,3.248%,63637,603296296.00,United States,,Life Insurance,Finance
BHFAN,Brighthouse Financial Inc. Depositary shares each representing a 1/1000th interest in a share of 5.375% Non-Cumulative Preferred Stock Series C,$11.87,0.21,1.801%,93662,682662253.00,United States,,Life Insurance,Finance
BHFAO,Brighthouse Financial Inc. Depositary Shares 6.75% Non-Cumulative Preferred Stock Series B,$14.77,0.25,1.722%,39976,849445786.00,United States,,Life Insurance,Finance
BHFAP,Brighthouse Financial Inc. Depositary Shares 6.6% Non-Cumulative Preferred Stock Series A,$14.43,0.19,1.334%,43510,829891854.00,United States,,Life Insurance,Finance
BHK,Blackrock Core Bond Trust,$8.37,0.11,1.332%,409679,0.00,United States,2001,Finance Companies,Finance
BHM,Bluerock Homes Trust Inc. Class A Common Stock,$8.1313,0.00,0.00%,313,33403608.00,,2022,Real Estate Investment Trusts,Real Estate
BHP,BHP Group Limited American Depositary Shares (Each representing two Ordinary Shares),$84.97,-0.12,-0.141%,2964513,216001489689.00,Australia,,Coal Mining,Energy
BHR,Braemar Hotels & Resorts Inc. Common Stock,$1.69,-0.02,-1.17%,426290,116068047.00,United States,2013,Real Estate Investment Trusts,Real Estate
BHR^B,Braemar Hotels & Resorts Inc. 5.50% Series B Cumulative Convertible Preferred Stock par value $0.01 per share,$12.86,0.01,0.078%,3144,,United States,,,
BHR^D,Braemar Hotels & Resorts Inc. 8.25% Series D Cumulative Preferred Stock  par value $0.01 per share,$16.63,-0.43,-2.521%,4432,,United States,,,
BHRB,Burke & Herbert Financial Services Corp. Common Stock,$69.84,0.50,0.721%,123807,1409862385.00,United States,,Major Banks,Finance
BHST,BioHarvest Sciences Inc. Common Stock,$1.46,0.01,0.69%,12027,33095049.00,Canada,,,
BHV,BlackRock Virginia Municipal Bond Trust,$12.6601,0.0801,0.637%,690,0.00,United States,2002,Finance/Investors Services,Finance
BHVN,Biohaven Ltd. Common Shares ,$12.99,-0.20,-1.516%,1579122,1962058715.00,United States,2022,Biotechnology: Pharmaceutical Preparations,Health Care
BIAF,bioAffinity Technologies Inc. Common Stock,$7.93,0.10,1.277%,129365,9251336.00,United States,2022,Biotechnology: Commercial Physical & Biological Resarch,Health Care
BIAFW,bioAffinity Technologies Inc. Warrant,$0.32,0.00,0.00%,5,373320.00,United States,2022,Biotechnology: Commercial Physical & Biological Resarch,Health Care
BID,Tribeca Strategic Acquisition Corp. Class A Ordinary Shares,$9.925,0.00,0.00%,20,0.00,United States,2026,Blank Checks,Finance
BIDU,Baidu Inc. ADS,$87.33,-0.75,-0.851%,2239927,29714264710.00,China,2005,Computer Software: Programming Data Processing,Technology
BIDWU,Tribeca Strategic Acquisition Corp. Unit,$10.04,0.04,0.40%,1600,0.00,United States,2026,Blank Checks,Finance
BIIB,Biogen Inc. Common Stock,$227.60,1.24,0.548%,958032,33628809945.00,United States,,Biotechnology: Biological Products (No Diagnostic Substances),Health Care
BIII,Black Spade Acquisition III Co Class A Ordinary Shares,$10.045,0.00,0.00%,119,0.00,,2026,Blank Checks,Finance
BILI,Bilibili Inc. American Depositary Shares,$14.895,0.085,0.574%,1336161,6205609222.00,China,2018,EDP Services,Technology
BILL,BILL Holdings Inc. Common Stock,$44.25,-0.72,-1.601%,1460428,3773497604.00,United States,2019,Computer Software: Prepackaged Software,Technology
BIO,Bio-Rad Laboratories Inc. Class A Common Stock,$381.00,-6.54,-1.688%,253641,10187244675.00,United States,1980,Biotechnology: Laboratory Analytical Instruments,Industrials
BIO/B,Bio-Rad Laboratories Inc.,$365.08,0.00,0.00%,9,,United States,,,
BIOA,BioAge Labs Inc. Common Stock,$7.05,-0.16,-2.219%,630313,323573208.00,United States,2024,Biotechnology: Pharmaceutical Preparations,Health Care
BIOT,Instinct Bio Technical Company Holdings Inc. Ordinary Shares,$0.4127,0.0132,3.304%,134538,11866714.00,Japan,,Package Goods/Cosmetics,Consumer Discretionary
BIOTW,Instinct Bio Technical Company Holdings Inc. Warrants,$0.0151,-0.0029,-16.111%,190,434183.00,Japan,,Package Goods/Cosmetics,Consumer Discretionary
BIOX,Bioceres Crop Solutions Corp. Ordinary Shares,$0.3743,0.0032,0.862%,73266,23886288.00,Argentina,,Agricultural Chemicals,Industrials
BIP,Brookfield Infrastructure Partners LP Limited Partnership Units,$34.76,0.32,0.929%,806082,15910155916.00,Bermuda,,Marine Transportation,Consumer Discretionary
BIP^A,Brookfield Infrastructure Partners LP 5.125% Class A Preferred Limited Partnership Units Series 13,$16.44,-0.09,-0.544%,3285,,Bermuda,,,
BIP^B,Brookfield Infrastructure Partners LP 5.000% Class A Preferred Limited Partnership Units Series 14,$16.21,-0.12,-0.735%,5607,,Bermuda,,,
BIPC,Brookfield Infrastructure Corporation Brookfield Infrastructure Corporation,$34.96,0.43,1.245%,845811,4300625271.00,Canada,,Marine Transportation,Consumer Discretionary
BIPH,Brookfield Infrastructure Corporation 5.000% Subordinated Notes due 2081,$15.4292,0.0292,0.19%,12366,7118168413.00,Canada,2021,Marine Transportation,Consumer Discretionary
BIPI,BIP Bermuda Holdings I Limited 5.125% Perpetual Subordinated Notes,$15.90,-0.06,-0.376%,7159,150682710.00,Bermuda,2022,Marine Transportation,Consumer Discretionary
BIPJ,Brookfield Infrastructure Corporation 7.250% Subordinated Notes due 2084,$23.39,0.16,0.689%,5219,10790835505.00,Canada,2024,Marine Transportation,Consumer Discretionary
BIRD,Smartbird Inc. Class A Common Stock,$2.32,-0.06,-2.521%,245994,27397328.00,United States,2021,Apparel,Consumer Discretionary
BIRK,Birkenstock Holding plc Ordinary Shares,$33.60,1.81,5.694%,3728290,5548240454.00,,2023,Shoe Manufacturing,Consumer Discretionary
BIT,BlackRock Multi-Sector Income Trust Common Shares of Beneficial Interest,$11.23,0.04,0.357%,460884,0.00,United States,2013,Trusts Except Educational Religious and Charitable,Finance
BIVI,BioVie Inc. Class A Common Stock,$1.605,-0.005,-0.311%,458959,13564093.00,United States,,Biotechnology: Pharmaceutical Preparations,Health Care
BIXI,Bitcoin Infrastructure Acquisition Corp Ltd. Class A Ordinary Shares,$10.15,0.00,0.00%,29,0.00,United States,2025,,
BIXIU,Bitcoin Infrastructure Acquisition Corp Ltd. Unit ,$10.23,0.00,0.00%,4,0.00,United States,2025,Blank Checks,Finance
BIYA,Baiya International Group Inc Class A Ordinary Shares,$2.11,0.045,2.179%,38560,13463387.00,China,2025,Diversified Commercial Services,Consumer Discretionary
BJ,BJ's Wholesale Club Holdings Inc. Common Stock,$93.79,1.95,2.123%,1768444,11847054963.00,United States,2018,Department/Specialty Retail Stores,Consumer Discretionary
BJDX,Bluejay Diagnostics Inc. Common Stock,$0.9213,-0.0287,-3.021%,286418,4116415.00,United States,2021,Medical/Dental Instruments,Health Care
BJRI,BJ's Restaurants Inc. Common Stock,$60.13,-1.83,-2.954%,359130,1279191489.00,United States,,Restaurants,Consumer Discretionary
BKD,Brookdale Senior Living Inc. Common Stock,$11.11,0.04,0.361%,3289031,2653259670.00,United States,2005,Hospital/Nursing Management,Health Care
BKE,Buckle Inc. (The) Common Stock,$42.27,0.73,1.757%,333616,2177430585.00,United States,,Clothing/Shoe/Accessory Stores,Consumer Discretionary
BKH,Black Hills Corporation Common Stock,$70.46,0.53,0.758%,1864589,5372796315.00,United States,,Electric Utilities: Central,Utilities
BKHA,Black Hawk Acquisition Corporation Class A Ordinary Shares,$12.27,0.08,0.656%,14112,0.00,United States,2024,Biotechnology: Biological Products (No Diagnostic Substances),Health Care
BKHAR,Black Hawk Acquisition Corporation Rights,$1.54,0.00,0.00%,9,0.00,United States,2024,Biotechnology: Biological Products (No Diagnostic Substances),Health Care
BKHAU,Black Hawk Acquisition Corporation Units,$12.29,0.04,0.327%,368,0.00,United States,2024,,
BKKT,Bakkt Inc. Class A Common Stock,$8.50,-0.58,-6.388%,1010858,383090393.00,United States,,Finance: Consumer Services,Finance
BKNG,Booking Holdings Inc. Common Stock,$163.95,6.54,4.155%,8939230,123188832975.00,United States,,Transportation Services,Consumer Discretionary
BKR,Baker Hughes Company Class A Common Stock,$57.83,0.54,0.943%,6522254,57406341526.00,United States,,Oil and Gas Field Machinery,Consumer Discretionary
BKSY,BlackSky Technology Inc. Class A Common Stock,$23.25,0.08,0.345%,783354,951502670.00,United States,2019,Radio And Television Broadcasting And Communications Equipment,Technology
BKT,BlackRock Income Trust Inc. (The),$9.55,0.02,0.21%,185134,1420681598.00,United States,,Investment Bankers/Brokers/Service,Finance
BKTI,BK Technologies Corporation Common Stock,$74.78,-0.09,-0.12%,40521,281874909.00,United States,,Radio And Television Broadcasting And Communications Equipment,Technology
BKU,BankUnited Inc. Common Stock,$43.64,0.25,0.576%,939035,3108575346.00,United States,2011,Savings Institutions,Finance
BKV,BKV Corporation Common Stock,$21.81,-1.27,-5.503%,2011412,2386839072.00,United States,2024,Oil & Gas Production,Energy
BKYI,BIO-key International Inc. Common Stock,$1.79,-0.25,-12.255%,179387,2571056.00,United States,,Computer Software: Prepackaged Software,Technology
BL,BlackLine Inc. Common Stock,$27.99,0.10,0.359%,826903,1626926307.00,United States,2016,Computer Software: Prepackaged Software,Technology
BLBD,Blue Bird Corporation Common Stock,$58.12,2.54,4.57%,668853,1841011387.00,United States,2014,Construction/Ag Equipment/Trucks,Consumer Discretionary
BLCO,Bausch + Lomb Corporation Common Shares,$16.86,0.06,0.357%,162122,6021806048.00,,2022,Ophthalmic Goods,Health Care
BLDP,Ballard Power Systems Inc. Common Shares,$2.13,0.00,0.00%,1462839,747823204.00,Canada,,Industrial Machinery/Components,Energy
BLDR,Builders FirstSource Inc. Common Stock,$59.17,0.89,1.527%,1494618,6366482361.00,United States,2005,RETAIL: Building Materials,Consumer Discretionary
BLFS,BioLife Solutions Inc. Common Stock,$38.49,-0.09,-0.233%,998575,1882419037.00,United States,,Biotechnology: Electromedical & Electrotherapeutic Apparatus,Health Care
BLIN,Bridgeline Digital Inc. Common Stock,$0.8316,-0.0184,-2.165%,14959,10478059.00,United States,2007,Computer Software: Prepackaged Software,Technology
BLIV,BeLive Holdings Ordinary Share,$2.315,0.00,0.00%,12,25152017.00,Singapore,2025,EDP Services,Technology
BLK,BlackRock Inc. Common Stock,$1086.31,12.86,1.198%,513507,168236024744.00,United States,1999,Investment Bankers/Brokers/Service,Finance
BLKB,Blackbaud Inc. Common Stock,$43.19,-0.08,-0.185%,277837,1960398289.00,United States,2004,Computer Software: Prepackaged Software,Technology
BLLN,BillionToOne Inc. Class A Common Stock,$123.08,-1.82,-1.457%,528297,5807780637.00,United States,2025,Medical Specialities,Health Care
BLMN,Bloomin' Brands Inc. Common Stock,$7.875,-0.245,-3.017%,2172827,674264721.00,United States,2012,Restaurants,Consumer Discretionary
BLND,Blend Labs Inc. Class A Common Stock,$1.11,0.04,3.738%,1750828,262529784.00,United States,2021,Computer Software: Programming Data Processing,Technology
BLNE,Beeline Holdings Inc. Common Stock,$0.8886,-0.0717,-7.466%,312231,29259952.00,United States,,Finance: Consumer Services,Finance
BLNK,Blink Charging Co. Common Stock,$0.5793,0.0207,3.706%,742261,83962998.00,United States,,Industrial Machinery/Components,Miscellaneous
BLRK,Bluerock Acquisition Corp. Class A Ordinary Shares,$10.11,-0.015,-0.148%,29015,0.00,United States,2026,,
BLRKW,Bluerock Acquisition Corp. Warrants,$0.33,0.00,0.00%,83,0.00,United States,2026,,
BLRX,BioLineRx Ltd. American Depositary Shares,$2.60,0.08,3.175%,9890,12607377.00,Israel,,Biotechnology: Pharmaceutical Preparations,Health Care
BLSH,Bullish Ordinary Shares,$37.58,-2.11,-5.316%,875176,5999317123.00,Cayman Islands,2025,Finance: Consumer Services,Finance
BLSM,BlossomHill Therapeutics Inc. Common Stock,$19.75,-0.72,-3.517%,203074,627751953.00,United States,2026,Biotechnology: Pharmaceutical Preparations,Health Care
BLTE,Belite Bio Inc American Depositary Shares,$167.33,-2.11,-1.245%,123722,6738737856.00,United States,2022,Biotechnology: Pharmaceutical Preparations,Health Care
BLUW,Blue Water Acquisition Corp. III Class A Ordinary Shares,$10.3723,0.0023,0.022%,267,75147314.00,United States,2025,,
BLW,Blackrock Limited Duration Income Trust,$11.61,0.03,0.259%,197852,414607647.00,United States,2003,Other Consumer Services,Consumer Discretionary
BLX,Bladex Inc. Class E Common Stock,$54.74,0.08,0.146%,84798,2058164826.00,Panama,1992,Commercial Banks,Finance
BLZE,Backblaze Inc. Class A Common Stock,$13.19,-0.315,-2.332%,1201762,816461000.00,United States,2021,Computer Software: Prepackaged Software,Technology
BLZR,Trailblazer Acquisition Corp. Class A Ordinary Shares,$10.22,0.005,0.049%,50803,0.00,United States,2025,Blank Checks,Finance
BLZRU,Trailblazer Acquisition Corp. Unit,$10.29,-0.02,-0.194%,3253,0.00,United States,2025,,
BMA,Banco Macro S.A.  ADR (representing Ten Class B Common Shares),$68.86,-2.14,-3.014%,330720,4402841606.00,Argentina,,Commercial Banks,Finance
BMBL,Bumble Inc. Class A Common Stock,$2.66,-0.02,-0.746%,1528144,351035715.00,United States,2021,Computer Software: Programming Data Processing,Technology
BME,Blackrock Health Sciences Trust,$44.84,-0.14,-0.311%,27708,597852527.00,United States,2005,Trusts Except Educational Religious and Charitable,Finance
BMEA,Biomea Fusion Inc. Common Stock,$1.32,-0.17,-11.409%,3083489,95678685.00,United States,2021,Biotechnology: Pharmaceutical Preparations,Health Care
BMEZ,BlackRock Health Sciences Term Trust Common Shares of Beneficial Interest,$16.81,0.01,0.06%,148051,224128033.00,United States,2020,Trusts Except Educational Religious and Charitable,Finance
BMGL,Basel Medical Group Ltd Ordinary Shares,$3.70,-0.10,-2.632%,4871,5853811.00,Singapore,2025,Medical/Nursing Services,Health Care
BMHL,Bluemount Holdings Limited Class B Ordinary Shares,$5.11,0.00,0.00%,838,130407951.00,Hong Kong,2025,Finance: Consumer Services,Finance
BMI,Badger Meter Inc. Common Stock,$129.48,-1.12,-0.858%,295689,3753216950.00,United States,1971,Industrial Machinery/Components,Industrials
BML^G,Bank of America Corporation Depositary Shares (Each representing a 1/1200th interest in a share of Floating Rate Non-Cumulative Preferred Stock  Series 1),$18.535,-0.03,-0.162%,6307,,United States,,,
BML^H,Bank of America Corporation Depositary Shares (Each representing a 1/1200th interest in a Share of Floating Rate Non-Cumulative Preferred Stock Series 2),$18.59,0.12,0.65%,35531,,United States,,,
BML^J,Bank of America Corporation Depositary Shares (Each representing a 1/1200th interest in a Share of Floating Rate Non-Cumulative Preferred Stock Series 4),$19.79,0.20,1.021%,501825,,United States,,,
BML^L,Bank of America Corporation Depositary Shares (Each representing a 1/1200th Interest in a Share of Floating Rate Non-Cumulative Preferred Stock Series 5),$19.82,0.11,0.558%,18466,,United States,,,
BMM,Blue Moon Metals Inc. Common Shares,$5.16,-0.06,-1.149%,284278,541093085.00,Canada,,,
BMN,BlackRock 2037 Municipal Target Term Trust Common Shares of Beneficial Interest,$22.83,-0.32,-1.382%,27044,0.00,,2022,Trusts Except Educational Religious and Charitable,Finance
BMNP,BitMine Immersion Technologies Inc. 9.5% Series A Perpetual Preferred Stock,$99.46,-0.04,-0.04%,36767,59996897147.00,,,Finance: Consumer Services,Finance
BMNR,BitMine Immersion Technologies Inc. Common Stock,$27.56,-0.47,-1.677%,32171334,16624919419.00,United States,2025,Finance: Consumer Services,Finance
BMO,Bank Of Montreal Common Stock,$172.30,1.24,0.725%,354059,119764392435.00,Canada,,Commercial Banks,Finance
BMR,Beamr Imaging Ltd. Ordinary Share,$1.26,-0.04,-3.077%,12992,19567616.00,Israel,2023,Computer Software: Prepackaged Software,Technology
BMRA,Biomerica Inc. Common Stock,$2.32,-0.14,-5.691%,58589,10669606.00,United States,,Biotechnology: In Vitro & In Vivo Diagnostic Substances,Health Care
BMRC,Bank of Marin Bancorp Common Stock,$27.91,0.13,0.468%,107615,451981462.00,United States,,Major Banks,Finance
BMRN,BioMarin Pharmaceutical Inc. Common Stock,$60.26,-1.09,-1.777%,1791489,11664754717.00,United States,1999,Biotechnology: Pharmaceutical Preparations,Health Care
BMY,Bristol-Myers Squibb Company Common Stock,$62.86,1.36,2.211%,10673306,128405043276.00,United States,,Biotechnology: Pharmaceutical Preparations,Health Care
BN,Brookfield Corporation Class A Limited Voting Shares,$36.87,0.24,0.655%,3259083,90359140149.00,Canada,1925,Building operators,Real Estate
BNAI,Brand Engagement Network Inc. Common Stock,$6.17,-0.315,-4.857%,118253,46294645.00,United States,2021,EDP Services,Technology
BNC,CEA Industries Inc. Common Stock,$6.11,-0.15,-2.396%,709578,251572224.00,United States,,Farming/Seeds/Milling,Consumer Staples
BNCWW,CEA Industries Inc. Warrant,$0.0124,0.00,0.00%,6,510556.00,United States,,Farming/Seeds/Milling,Consumer Staples
BNCWZ,CEA Industries Inc. Warrant,$0.1989,0.0388,24.235%,2281,8189479.00,United States,,Farming/Seeds/Milling,Consumer Staples
BNED,Barnes & Noble Education Inc Common Stock,$11.33,0.20,1.797%,138795,392754223.00,United States,2015,Other Specialty Stores,Consumer Discretionary
BNGO,Bionano Genomics Inc. Common Stock,$1.66,-0.03,-1.775%,578713,19549820.00,United States,2018,Biotechnology: Laboratory Analytical Instruments,Industrials
BNH,Brookfield Finance Inc. 4.625% Subordinated Notes due October 16 2080,$14.87,0.02,0.135%,7962,22420940855.00,Canada,2020,Building operators,Real Estate
BNJ,Brookfield Finance Inc. 4.50% Perpetual Subordinated Notes,$14.385,0.045,0.314%,7593,21689659327.00,Canada,2020,Building operators,Real Estate
BNKK,Bonk Inc. Common Stock,$1.53,0.11,7.746%,131171,12241438.00,United States,2020,Package Goods/Cosmetics,Consumer Discretionary
BNL,Broadstone Net Lease Inc. Common Stock,$18.91,0.01,0.053%,1263758,3628696082.00,United States,2020,Real Estate Investment Trusts,Real Estate
BNR,Burning Rock Biotech Limited American Depositary Shares,$18.60,0.60,3.333%,39527,196161980.00,China,2020,Medical Specialities,Health Care
BNS,Bank Nova Scotia Halifax Pfd 3 Ordinary Shares,$93.48,1.25,1.355%,1670053,114680082413.00,Canada,,Major Banks,Finance
BNT,Brookfield Wealth Solutions Ltd. Class A Exchangeable Limited Voting Shares,$36.82,0.23,0.629%,7018,12445686158.00,,2021,Property-Casualty Insurers,Finance
BNTC,Benitec Biopharma Inc. Common Stock,$9.59,-0.05,-0.519%,106970,334525342.00,United States,2015,Biotechnology: Pharmaceutical Preparations,Health Care
BNTX,BioNTech SE American Depositary Share,$98.52,-0.74,-0.746%,580035,24748654138.00,Germany,2019,Biotechnology: Biological Products (No Diagnostic Substances),Health Care
BNY,The Bank of New York Mellon Corporation Common Stock,$150.15,-0.04,-0.027%,3652664,101877396921.00,United States,,Major Banks,Finance
BNY^K,The Bank Of New York Mellon Corporation  Depositary Shares each representing a 1/4000th interest in a share of Series K Noncumulative Perpetual Preferred Stock,$24.22,0.01,0.041%,45856,,United States,,,
BOBS,Bob's Discount Furniture Inc. Common Stock,$13.75,0.06,0.438%,572997,1796947295.00,,2026,Other Specialty Stores,Consumer Discretionary
BOC,Boston Omaha Corporation Class A Common Stock,$13.47,0.04,0.298%,158793,405804844.00,United States,2022,Real Estate,Finance
BODI,The Beachbody Company Inc. Class A Common Stock,$4.56,-0.24,-5.00%,53182,33110078.00,United States,,Other Consumer Services,Consumer Discretionary
BOE,Blackrock Enhanced Global Dividend Trust Common Shares of Beneficial Interest,$12.06,0.01,0.083%,183177,0.00,United States,2005,Trusts Except Educational Religious and Charitable,Finance
BOF,BranchOut Food Inc. Common Stock,$3.71,-0.18,-4.627%,95338,60323509.00,United States,2023,Packaged Foods,Consumer Staples
BOH,Bank of Hawaii Corporation Common Stock,$71.65,0.52,0.731%,521527,2826620873.00,United States,,Major Banks,Finance
BOH^A,Bank of Hawaii Corporation Depositary Shares Each Representing a 1/40th Interest in a Share of 4.375% Fixed Rate Non-Cumulative Perpetual Preferred Stock Series A,$15.29,-0.03,-0.196%,4317,,United States,,,
BOH^B,Bank of Hawaii Corporation Depositary Shares Each Representing a 1/40th Interest in a Share of 8.000% Fixed Rate Non-Cumulative Perpetual Preferred Stock Series B,$25.80,0.05,0.194%,4261,,United States,,,
BOKF,BOK Financial Corporation Common Stock,$131.77,0.97,0.742%,188369,8007250065.00,United States,,Major Banks,Finance
BOLD,Boundless Bio Inc. Common Stock,$2.66,0.06,2.308%,255401,60509640.00,United States,2024,Biotechnology: Pharmaceutical Preparations,Health Care
BOLT,Bolt Biotherapeutics Inc. Common Stock,$3.58,-0.01,-0.279%,4107,6896315.00,United States,2021,Biotechnology: Pharmaceutical Preparations,Health Care
BON,Bon Natural Life Limited Class A Ordinary Shares,$1.2021,-0.0079,-0.653%,5580,9771643.00,China,2021, Medicinal Chemicals and Botanical Products ,Health Care
BOOM,DMC Global Inc. Common Stock,$5.91,0.09,1.546%,251703,121397009.00,United States,,Industrial Specialties,Industrials
BOOT,Boot Barn Holdings Inc. Common Stock,$123.30,-2.70,-2.143%,523781,3734121265.00,United States,2014,Clothing/Shoe/Accessory Stores,Consumer Discretionary
BORR,Borr Drilling Limited Common Shares,$4.20,-0.06,-1.408%,5170393,1292344515.00,Bermuda,2019,Oil & Gas Production,Energy
BOSC,B.O.S. Better Online Solutions Common Stock,$4.74,0.00,0.00%,4018,33416099.00,Israel,,Computer Communications Equipment,Telecommunications
BOT,RoboStrategy Inc. Common Stock,$28.62,-1.39,-4.632%,294325,0.00,Puerto Rico,,,
BOTJ,Bank of the James Financial Group Inc. Common Stock,$26.75,0.06,0.225%,54893,121534292.00,United States,,Major Banks,Finance
BOW,Bowhead Specialty Holdings Inc. Common Stock,$33.76,-0.11,-0.325%,111633,1112155849.00,United States,2024,Property-Casualty Insurers,Finance
BOX,Box Inc. Class A Common Stock,$31.39,-0.93,-2.877%,2073283,4306732264.00,United States,2015,Computer Software: Prepackaged Software,Technology
BOXL,Boxlight Corporation Class A Common Stock,$4.81,0.02,0.418%,9693,4062257.00,United States,2017,Other Consumer Services,Real Estate
BP,BP p.l.c. Common Stock,$44.15,-0.26,-0.585%,7828960,115581627204.00,United Kingdom,,Integrated oil Companies,Energy
BPAC,Blueport Acquisition Ltd Class A Ordinary Shares,$10.19,0.00,0.00%,6,0.00,United States,2026,,
BPOP,Popular Inc. Common Stock,$160.48,0.89,0.558%,350610,10235173840.00,United States,,Major Banks,Finance
BPOPM,Popular Inc. Popular Capital Trust II - 6.125% Cumulative Monthly Income Trust Preferred Securities,$25.09,0.00,0.00%,585,1600202590.00,United States,,Major Banks,Finance
BPRE,Bluerock Private Real Estate Fund Common Shares of Beneficial Interest,$12.35,0.05,0.407%,865954,0.00,,2025,,
BPRN,Princeton Bancorp Inc. Common Stock (PA),$43.41,0.22,0.509%,22571,295761055.00,United States,,Major Banks,Finance
BPYPM,Brookfield Property Partners L.P. 6.25% Class A Cumulative Redeemable Preferred Units Series 1,$16.09,-0.01,-0.062%,9859,19931125507.00,Bermuda,,Real Estate,Finance
BPYPN,Brookfield Property Partners L.P. 5.750% Class A Cumulative Redeemable Perpetual Preferred Units Series 3,$13.21,0.01,0.076%,22856,16363590301.00,Bermuda,,Real Estate,Finance
BPYPO,Brookfield Property Partners L.P. 6.375% Class A Cumulative Redeemable Perpetual Preferred Units Series 2,$14.61,0.06,0.412%,14267,18097808804.00,Bermuda,,Real Estate,Finance
BPYPP,Brookfield Property Partners L.P. 6.50% Class A Cumulative Redeemable Perpetual Preferred Units,$15.011,0.1609,1.083%,18648,18594538533.00,Bermuda,,Real Estate,Finance
BQ,Boqii Holding Limited Class A Ordinary Shares,$0.8301,-0.0155,-1.833%,25948,6540868.00,,2025,Other Specialty Stores,Consumer Discretionary
BR,Broadridge Financial Solutions Inc. Common Stock,$163.77,1.11,0.682%,838775,18673349858.00,United States,,Business Services,Consumer Discretionary
BRAG,Bragg Gaming Group Inc. Common Shares,$1.38,0.00,0.00%,5104,42867498.00,Canada,,Office Equipment/Supplies/Services,Technology
BRAI,Braiin Limited Common Stock,$5.47,-0.06,-1.085%,19816,1127302607.00,Australia,,EDP Services,Technology
BRBI,BRBI BR Partners S.A. ADSs,$11.24,0.00,0.00%,77,563534777.00,Brazil,,Finance: Consumer Services,Finance
BRBR,BellRing Brands Inc. Common Stock ,$7.91,0.22,2.861%,7210139,919760515.00,United States,2022,Packaged Foods,Consumer Staples
BRBS,Blue Ridge Bankshares Inc. Common Stock,$3.85,-0.03,-0.773%,1362159,345302084.00,United States,,Major Banks,Finance
BRC,Brady Corporation Common Stock,$84.02,1.39,1.682%,356702,3940471960.00,United States,,Miscellaneous manufacturing industries,Consumer Discretionary
BRCB,Black Rock Coffee Bar Inc. Class A Common Stock,$7.19,0.00,0.00%,216926,360022562.00,United States,2025,Restaurants,Consumer Discretionary
BRCC,BRC Inc. Class A Common Stock,$9.22,0.18,1.991%,73521,230765038.00,United States,2022,Beverages (Production/Distribution),Consumer Staples
BREZ,Breeze Acquisition Corp. II Ordinary Shares,$10.02,0.00,0.00%,6,0.00,United States,2026,Blank Checks,Finance
BREZR,Breeze Acquisition Corp. II Right,$0.29,0.01,3.571%,84950,0.00,United States,2026,Blank Checks,Finance
BRFH,Barfresh Food Group Inc. Common Stock,$0.9244,-0.0706,-7.095%,114482,15075274.00,United States,,Packaged Foods,Consumer Staples
BRIA,BrilliA Inc Class A Ordinary Shares,$1.40,0.02,1.449%,2881,42875000.00,,2024,Apparel,Consumer Discretionary
BRID,Bridgford Foods Corporation Common Stock,$5.825,-0.075,-1.271%,793,52872546.00,United States,,Specialty Foods,Consumer Staples
BRK/A,Berkshire Hathaway Inc.,$758505.680000000051,-694.32,-0.091%,184,1115666283564.00,United States,,,
BRK/B,Berkshire Hathaway Inc.,$505.48,0.30,0.059%,2994447,1115246271813.00,United States,,,
BRKH,Burtech Acquisition Corp II Class A Ordinary Shares,$10.015,-0.045,-0.447%,633,0.00,United States,2026,Blank Checks,Finance
BRKR,Bruker Corporation Common Stock,$64.18,0.18,0.281%,2525788,9778420901.00,United States,,Biotechnology: Laboratory Analytical Instruments,Industrials
BRKRP,Bruker Corporation 6.375% Mandatory Convertible Preferred Stock Series A,$470.52,1.95,0.416%,2073,71688105364.00,United States,,Biotechnology: Laboratory Analytical Instruments,Industrials
BRLS,Borealis Foods Inc. Class A Common Shares,$1.39,0.0498,3.716%,1763,29833995.00,Canada,2021,Packaged Foods,Consumer Staples
BRLT,Brilliant Earth Group Inc. Class A Common Stock,$1.37,-0.03,-2.143%,30988,139497229.00,United States,2021,Consumer Specialties,Consumer Discretionary
BRN,Barnwell Industries Inc. Common Stock,$0.9412,-0.0288,-2.969%,17081,13585573.00,United States,1965,Oil & Gas Production,Energy
BRNX,BrenX Ltd. Ordinary Shares,$2.49,0.20,8.734%,255271,9068578.00,Israel,,Building Products,Industrials
BRO,Brown & Brown Inc. Common Stock,$60.82,0.49,0.812%,1999579,20351001913.00,United States,,Specialty Insurers,Finance
BROS,Dutch Bros Inc. Class A Common Stock,$37.89,-0.62,-1.61%,3256313,6618690219.00,United States,2021,Restaurants,Consumer Discretionary
BRRKU,Bluerock Acquisition Corp. II Units,$10.01,0.01,0.10%,3580170,0.00,United States,2026,,
BRSL,Brightstar Lottery PLC Trading under the Legal Name to begin at the market open on July 21 2025. Ordinary Shares,$9.96,0.22,2.259%,2705701,1837620000.00,United States,2015,Services-Misc. Amusement & Recreation,Consumer Discretionary
BRSP,BrightSpire Capital Inc. Class A Common Stock,$4.09,0.00,0.00%,2562042,517483896.00,United States,2018,Real Estate Investment Trusts,Real Estate
BRT,BRT Apartments Corp. (MD) Common Stock,$13.77,0.07,0.511%,64004,258783424.00,United States,,Real Estate Investment Trusts,Real Estate
BRTM,B&R Technology Merger Corp. Class A Ordinary Shares,$9.80,-0.01,-0.102%,21319,0.00,United States,2026,Blank Checks,Finance
BRTMU,B&R Technology Merger Corp. Units,$9.9378,-0.0422,-0.423%,1072,0.00,United States,2026,,
BRTMW,B&R Technology Merger Corp. Warrants,$0.2707,0.0032,1.196%,17859,0.00,United States,2026,Blank Checks,Finance
BRTX,BioRestorative Therapies Inc. Common Stock (NV),$2.55,0.04,1.594%,29441,3521876.00,United States,,Managed Health Care,Health Care
BRUN,Boost Run Inc. Class A Common Stock,$16.77,0.05,0.299%,1361050,1333004386.00,United States,,EDP Services,Technology
BRVE,Braveheart Bio Inc. Common Stock,$20.62,-2.75,-11.767%,471975,1856603541.00,United States,2026,Biotechnology: Pharmaceutical Preparations,Health Care
BRW,Saba Capital Income & Opportunities Fund SBI,$6.08,0.05,0.829%,166145,0.00,United States,,Trusts Except Educational Religious and Charitable,Finance
BRX,Brixmor Property Group Inc. Common Stock,$28.07,0.34,1.226%,3648076,8613905910.00,United States,2013,Real Estate Investment Trusts,Real Estate
BRZE,Braze Inc. Class A Common Stock,$24.37,-0.30,-1.216%,1277180,2768052486.00,United States,2021,Computer Software: Prepackaged Software,Technology
BSAA,BEST SPAC I Acquisition Corp. Class A Ordinary Shares,$11.30,0.00,0.00%,157,,Hong Kong,2025,Blank Checks,Finance
BSAC,Banco Santander - Chile ADS,$34.37,0.59,1.747%,299254,16192233445.00,Chile,,Commercial Banks,Finance
BSBK,Bogota Financial Corp. Common Stock,$9.115,0.105,1.165%,447,116319368.00,United States,2020,Banks,Finance
BSBR,Banco Santander Brasil SA American Depositary Shares each representing one unit,$5.76,0.05,0.876%,1348738,43034101235.00,Brazil,2009,Commercial Banks,Finance
BSEM,BioStem Technologies Inc. Common Stock,$4.14,0.26,6.701%,278949,73896810.00,United States,,Biotechnology: Biological Products (No Diagnostic Substances),Health Care
BSET,Bassett Furniture Industries Incorporated Common Stock,$18.28,0.41,2.294%,11441,158273157.00,United States,,Home Furnishings,Consumer Discretionary
BSIN,Big Sky Industrial Inc. Common Stock,$1.44,-0.11,-7.097%,727712,75590536.00,United States,,Oil & Gas Production,Energy
BSL,Blackstone Senior Floating Rate 2027 Term Fund Common Shares of Beneficial Interest,$12.90,0.05,0.389%,26923,0.00,United States,2010,Trusts Except Educational Religious and Charitable,Finance
BSM,Black Stone Minerals L.P. Common units representing limited partner interests,$14.42,-0.27,-1.838%,334049,3067286434.00,United States,2015,Oil & Gas Production,Energy
BSP,Bending Spoons S.p.A. Ordinary Shares,$33.25,0.45,1.372%,3442226,22885286725.00,Italy,2026,Computer Software: Programming Data Processing,Technology
BSRR,Sierra Bancorp Common Stock,$39.90,0.25,0.631%,23778,517239540.00,United States,,Major Banks,Finance
BST,BlackRock Science and Technology Trust Common Shares of Beneficial Interest,$48.90,0.17,0.349%,88030,1083517887.00,United States,2014,Finance Companies,Finance
BSTZ,BlackRock Science and Technology Term Trust Common Shares of Beneficial Interest,$29.76,0.21,0.711%,107288,659417021.00,United States,2019,Trusts Except Educational Religious and Charitable,Finance
BSVN,Bank7 Corp. Common stock,$55.85,0.56,1.013%,46970,532019058.00,United States,2018,Major Banks,Finance
BSX,Boston Scientific Corporation Common Stock,$43.92,-0.76,-1.701%,15208284,63650160782.00,United States,,Medical/Dental Instruments,Health Care
BSY,Bentley Systems Incorporated Class B Common Stock,$31.44,-0.46,-1.442%,1889224,9497800430.00,United States,2020,Computer Software: Prepackaged Software,Technology
BTBD,BT Brands Inc. Common Stock,$1.94,0.07,3.743%,55692,11998365.00,United States,2021,Restaurants,Consumer Discretionary
BTBDW,BT Brands Inc. Warrant,$0.0399,-0.0101,-20.20%,687,246770.00,United States,2021,Restaurants,Consumer Discretionary
BTBT,Bit Digital Inc. Ordinary Shares,$1.76,-0.03,-1.676%,17696361,634714965.00,United States,2018,Finance: Consumer Services,Finance
BTCS,BTCS Inc. Common Stock,$1.53,-0.10,-6.135%,1740433,80282070.00,United States,,Finance: Consumer Services,Finance
BTCT,BTC Digital Ltd. Ordinary Shares,$1.19,-0.05,-4.032%,1123145,14042675.00,China,,Finance: Consumer Services,Finance
BTDR,Bitdeer Technologies Group Class A Ordinary Shares,$11.51,-0.64,-5.267%,10525116,3128213640.00,Singapore,,Finance: Consumer Services,Finance
BTE,Baytex Energy Corp Common Shares,$4.53,-0.06,-1.307%,22493265,3211262640.00,Canada,2023,Oil & Gas Production,Energy
BTG,B2Gold Corp Common shares (Canada),$5.48,0.16,3.008%,19650510,7239467776.00,Canada,,Precious Metals,Basic Materials
BTGO,BitGo Holdings Inc. Class A Common Stock,$7.48,-0.49,-6.148%,1416445,879241253.00,United States,2026,Finance: Consumer Services,Finance
BTI,British American Tobacco  Industries p.l.c. Common Stock ADR,$55.63,-0.39,-0.696%,2961694,120179355665.00,United Kingdom,1998, Medicinal Chemicals and Botanical Products ,Health Care
BTLN,Brightline Interactive Inc. Common Stock,$0.6399,-0.0101,-1.554%,233827,13885070.00,United States,2021,EDP Services,Technology
BTMD,Biote Corp. Class A Common Stock,$1.22,-0.01,-0.813%,52381,43831511.00,United States,, Medicinal Chemicals and Botanical Products ,Health Care
BTO,John Hancock Financial Opportunities Fund Common Stock,$36.69,0.21,0.576%,35696,0.00,United States,1994,Investment Managers,Finance
BTOC,Armlogi Holding Corp. Common Stock,$0.2585,0.0175,7.261%,210360,11747036.00,United States,2024,Office Equipment/Supplies/Services,Consumer Discretionary
BTQ,BTQ Technologies Corp. Common Stock,$2.74,-0.05,-1.792%,1376852,403001055.00,Canada,,,
BTSG,BrightSpring Health Services Inc. Common Stock,$56.59,0.57,1.017%,2080282,11197137398.00,United States,2024,Medical/Nursing Services,Health Care
BTSGU,BrightSpring Health Services Inc. Tangible Equity Unit,$184.31,-0.30,-0.163%,1008,36468358259.00,United States,2024,Medical/Nursing Services,Health Care
BTT,BlackRock Municipal 2030 Target Term Trust,$21.74,0.14,0.648%,246767,0.00,United States,2012,Investment Managers,Finance
BTTC,Black Titan Corporation Ordinary Shares,$0.4981,-0.0432,-7.981%,830178,6823324.00,Malaysia,,Biotechnology: Biological Products (No Diagnostic Substances),Health Care
BTU,Peabody Energy Corporation Common Stock ,$25.44,-0.24,-0.935%,1401424,3101136000.00,United States,2017,Coal Mining,Energy
BTX,BlackRock Technology and Private Equity Term Trust Common Shares of Beneficial Interest,$9.04,0.06,0.668%,306094,2131597413.00,United States,2021,,
BTZ,BlackRock Credit Allocation Income Trust,$9.48,0.08,0.851%,308776,1025119800.00,United States,2006,Finance/Investors Services,Finance
BUD,Anheuser-Busch Inbev SA Sponsored ADR (Belgium),$78.00,0.58,0.749%,2019489,153826378212.00,Belgium,,Beverages (Production/Distribution),Consumer Staples
BUDA,Buda Juice Inc. Common Stock,$7.15,-0.35,-4.667%,4090,89851662.00,,2026,Beverages (Production/Distribution),Consumer Staples
BUI,BlackRock Utility Infrastructure & Power Opportunities Trust,$24.95,-0.14,-0.558%,66368,0.00,United States,2011,Trusts Except Educational Religious and Charitable,Finance
BULL,Webull Corporation Class A Ordinary Shares,$7.19,-0.07,-0.964%,8517116,3886086323.00,United States,,Investment Bankers/Brokers/Service,Finance
BULLW,Webull Corporation Warrants,$2.25,-0.035,-1.532%,142,1216090991.00,United States,,Investment Bankers/Brokers/Service,Finance
BUR,Burford Capital Limited Ordinary Shares,$3.64,0.01,0.275%,2412115,796474191.00,,2020,Finance: Consumer Services,Finance
BURL,Burlington Stores Inc. Common Stock,$254.69,-0.14,-0.055%,1449667,15998402015.00,United States,2013,Department/Specialty Retail Stores,Consumer Discretionary
BURU,Nuburu Inc. Common Stock,$0.99,-0.05,-4.808%,797303,9169722.00,United States,,Industrial Machinery/Components,Miscellaneous
BUSE,First Busey Corporation Class A Common Stock,$30.09,0.09,0.30%,1110795,2503172085.00,United States,,Major Banks,Finance
BUSEP,First Busey Corporation Depositary Shares Each Representing a 1/40thInterest in a Share of 8.25% Fixed-Rate Series B Non-Cumulative Perpetual Preferred Stock $0.001 par value,$25.56,-0.29,-1.122%,25992,2126323646.00,United States,,Major Banks,Finance
BUUU,BUUU Group Limited Class A Ordinary Share,$44.20,-1.715,-3.735%,158642,833059500.00,Hong Kong,2025,Services-Misc. Amusement & Recreation,Consumer Discretionary
BV,BrightView Holdings Inc. Common Stock,$10.41,0.50,5.045%,1478473,963966000.00,United States,2018,Farming/Seeds/Milling,Consumer Staples
BVC,BitVentures Limited Ordinary Shares,$11.35,-1.69,-12.96%,13287,1906800000.00,China,2021,Investment Managers,Finance
BVFL,BV Financial Inc. Common Stock,$20.87,0.06,0.288%,12874,176781505.00,United States,2023,Savings Institutions,Finance
BVN,Buenaventura Mining Company Inc.,$33.17,0.32,0.974%,443140,8424744378.00,Peru,1996,Metal Mining,Basic Materials
BVS,Bioventus Inc. Class A Common Stock,$13.81,0.29,2.145%,455432,1161308863.00,United States,2021,Medical/Dental Instruments,Health Care
BW,Babcock & Wilcox Enterprises Inc. Common Stock,$6.27,0.10,1.621%,6482306,934010964.00,United States,2015,Building Products,Industrials
BW^A,Babcock & Wilcox Enterprises Inc. 7.75% Series A Cumulative Perpetual Preferred Stock,$18.87,-0.31,-1.616%,98917,,United States,,,
BWA,BorgWarner Inc. Common Stock,$61.32,2.84,4.856%,2769951,12488820827.00,United States,,Auto Parts:O.E.M.,Consumer Discretionary
BWAY,BrainsWay Ltd. American Depositary Shares,$13.31,0.10,0.757%,54608,532839576.00,Israel,2019,Medical/Dental Instruments,Health Care
BWB,Bridgewater Bancshares Inc. Common Stock,$20.77,0.09,0.435%,57434,579147004.00,United States,2018,Major Banks,Finance
BWBBP,Bridgewater Bancshares Inc. Depositary Shares Each Representing a 1/100th Interest in a Share of 5.875% Non-Cumulative Perpetual Preferred Stock Series A,$19.60,-0.0301,-0.153%,1243,546522931.00,United States,,Major Banks,Finance
BWEN,Broadwind Inc. Common Stock,$4.23,0.06,1.439%,110774,100070688.00,United States,,Metal Fabrications,Telecommunications
BWFG,Bankwell Financial Group Inc. Common Stock,$66.48,0.48,0.727%,39989,529976699.00,United States,2014,Major Banks,Finance
BWG,BrandywineGLOBAL Global Income Opportunities Fund Inc.,$7.09,0.015,0.212%,63039,0.00,United States,2012,Finance/Investors Services,Finance
BWIN,The Baldwin Insurance Group Inc. Class A Common Stock,$31.85,0.01,0.031%,1480166,4443021938.00,United States,2019,Specialty Insurers,Finance
BWIV,Blue Water Acquisition Corp. IV Class A Ordinary Shares,$10.00,0.03,0.301%,272,0.00,,2026,Blank Checks,Finance
BWLP,BW LPG Limited Common Shares,$24.23,0.17,0.707%,246259,3859402860.00,,2024,Transportation Services,Consumer Discretionary
BWMN,Bowman Consulting Group Ltd. Common Stock,$42.57,0.01,0.023%,223445,737972746.00,United States,2021,Professional Services,Consumer Discretionary
BWMX,Betterware de Mexico S.A.P.I. de C.V. Ordinary Shares,$16.74,0.29,1.763%,30404,660979787.00,Mexico,,Catalog/Specialty Distribution,Consumer Discretionary
BWXT,BWX Technologies Inc. Common Stock,$138.47,-0.21,-0.151%,1022656,12686895571.00,United States,,Industrial Machinery/Components,Industrials
BX,Blackstone Inc. Common Stock,$118.42,1.21,1.032%,4501733,88889026000.00,United States,2007,Investment Managers,Finance
BXBL,BOXABL Inc. Common stock,$4.03,0.00,0.00%,91355,973218172.00,United States,2025,Homebuilding,Consumer Discretionary
BXC,Bluelinx Holdings Inc. Common Stock,$76.35,2.53,3.427%,147030,600127568.00,United States,2004,Wholesale Distributors,Consumer Discretionary
BXDC,Blackstone Digital Infrastructure Trust Inc. Common Stock,$19.08,-0.49,-2.504%,2684406,1920400187.00,,2026,Real Estate,Finance
BXMT,Blackstone Mortgage Trust Inc. Common Stock,$12.50,0.11,0.888%,1811912,2106794888.00,United States,,Real Estate Investment Trusts,Real Estate
BXP,BXP Inc. Common Stock,$63.40,1.13,1.815%,1022199,10122542650.00,United States,1997,Real Estate Investment Trusts,Real Estate
BXSL,Blackstone Secured Lending Fund Common Shares of Beneficial Interest,$24.66,0.07,0.285%,1073157,0.00,,2021,Trusts Except Educational Religious and Charitable,Finance
BY,Byline Bancorp Inc. Common Stock,$37.44,0.33,0.889%,255948,1691779565.00,United States,2017,Major Banks,Finance
BYAH,Park Ha Biological Technology Co. Ltd. Class A Ordinary Shares,$2.77,-0.10,-3.484%,683114,9488710.00,China,2024,Package Goods/Cosmetics,Consumer Discretionary
BYD,Boyd Gaming Corporation Common Stock,$71.23,-0.61,-0.849%,956484,5175245139.00,United States,1993,Hotels/Resorts,Consumer Discretionary
BYFC,Broadway Financial Corporation Class A Common Stock,$11.91,0.00,0.00%,188,110507471.00,United States,,Savings Institutions,Finance
BYND,Beyond Meat Inc. Common Stock,$8.35,-0.84,-9.14%,2755998,143569616.00,United States,2019,Packaged Foods,Consumer Staples
BYRN,Byrna Technologies Inc. Common Stock,$3.49,-0.13,-3.591%,450056,81682591.00,United States,,Industrial Machinery/Components,Miscellaneous
BYSI,BeyondSpring Inc. Ordinary Shares,$0.7772,0.0522,7.20%,15576,31958324.00,United States,2017,Biotechnology: Pharmaceutical Preparations,Health Care
BZ,KANZHUN LIMITED American Depository Shares,$14.11,-0.11,-0.774%,3675887,6530188469.00,China,2021,Computer Software: Programming Data Processing,Technology
BZAI,Blaize Holdings Inc. Common Stock,$0.5139,0.0063,1.241%,1574976,74429185.00,United States,2025,Semiconductors,Technology
BZAIW,Blaize Holdings Inc. Warrants,$0.0812,-0.0188,-18.80%,87699,11760362.00,United States,2025,Semiconductors,Technology
BZFD,BuzzFeed Inc. Class A Common Stock,$1.04,0.01,0.971%,181756,88436122.00,United States,2021,Telecommunications Equipment,Consumer Discretionary
BZFDW,BuzzFeed Inc. Warrant,$0.0056,0.0001,1.818%,102291,476195.00,United States,2021,Telecommunications Equipment,Consumer Discretionary
BZH,Beazer Homes USA Inc. Common Stock,$33.37,0.01,0.03%,487224,890299020.00,United States,1994,Homebuilding,Consumer Discretionary
BZUN,Baozun Inc. American Depositary Shares,$2.94,0.00,0.00%,167718,170897464.00,China,2015,Catalog/Specialty Distribution,Consumer Discretionary
C,Citigroup Inc. Common Stock,$134.28,2.18,1.65%,8084201,225246211221.00,United States,,Major Banks,Finance
C^N,Citigroup Capital XIII 7.875% Fixed rate Floating Rate trust Preferred Securities (TruPS),$26.55,0.10,0.378%,191163,,United States,,,
C^R,Citigroup Inc. Depositary Shares Each Representing a 1/1000th Interest in a Share of 6.250% Noncumulative Preferred Stock Series II,$23.03,0.24,1.053%,109132,,United States,,,
CAAP,Corporacion America Airports SA Common Shares,$23.88,0.33,1.401%,143907,3945433206.00,,2018,Aerospace,Consumer Discretionary
CAAS,China Automotive Systems Inc. Ordinary Share,$4.8608,-0.2192,-4.315%,23240,146653748.00,China,,Auto Parts:O.E.M.,Consumer Discretionary
CABA,Cabaletta Bio Inc. Common Stock,$2.07,-0.085,-3.944%,3097278,350959071.00,United States,2019,Biotechnology: Biological Products (No Diagnostic Substances),Health Care
CABO,Cable One Inc. Common Stock,$14.65,-0.98,-6.27%,345288,83123001.00,United States,2015,Cable & Other Pay Television Services,Telecommunications
CABR,Caring Brands Inc. Common Stock,$1.2369,0.0219,1.802%,12191,12824459.00,United States,,Package Goods/Cosmetics,Consumer Discretionary
CAC,Camden National Corporation Common Stock,$57.82,0.92,1.617%,94046,976987373.00,United States,,Major Banks,Finance
CACC,Credit Acceptance Corporation Common Stock,$555.68,8.28,1.513%,144653,5768280694.00,United States,1992,Finance: Consumer Services,Finance
CACI,CACI International Inc. Class A Common Stock,$618.32,1.50,0.243%,218582,13664622817.00,United States,,EDP Services,Technology
CADL,Candel Therapeutics Inc. Common Stock,$11.02,-0.53,-4.589%,799780,843234586.00,United States,2021,Biotechnology: Biological Products (No Diagnostic Substances),Health Care
CAE,CAE Inc. Common Shares,$24.86,0.24,0.975%,619777,7992705288.00,Canada,,Industrial Machinery/Components,Miscellaneous
CAES,Cantor Equity Partners VII Inc. Class A Ordinary Shares,$10.06,0.00,0.00%,77,0.00,United States,2026,Blank Checks,Finance
CAF,Morgan Stanley China A Share Fund Inc. Common Stock,$18.4599,-0.1801,-0.966%,15132,0.00,United States,2006,Investment Managers,Finance
CAG,ConAgra Brands Inc. Common Stock,$14.32,-0.35,-2.386%,9264724,6874568333.00,United States,,Packaged Foods,Consumer Staples
CAH,Cardinal Health Inc. Common Stock,$220.22,-2.40,-1.078%,2092889,50993998956.00,United States,,Other Pharmaceuticals,Health Care
CAI,Caris Life Sciences Inc. Common Stock,$31.98,-0.29,-0.899%,2919309,9037394048.00,United States,2025,Medical Specialities,Health Care
CAII,Collective Acquisition Corp. II Class A Ordinary Shares,$9.99,0.00,0.00%,2226,0.00,United States,2026,Blank Checks,Finance
CAIIU,Collective Acquisition Corp. II Units,$10.075,0.00,0.00%,33,0.00,United States,2026,Blank Checks,Finance
CAKE,Cheesecake Factory Incorporated (The) Common Stock,$104.49,-0.56,-0.533%,985280,5199488647.00,United States,1992,Restaurants,Consumer Discretionary
CAL,Caleres Inc. Common Stock,$12.52,0.03,0.24%,366068,432002312.00,United States,,Shoe Manufacturing,Consumer Discretionary
CALC,CalciMedica Inc. Common Stock,$1.75,0.01,0.575%,41442,11949511.00,United States,2023,Biotechnology: Pharmaceutical Preparations,Health Care
CALM,Cal-Maine Foods Inc. Common Stock,$67.43,-1.05,-1.533%,1116506,3163538800.00,United States,1996,Farming/Seeds/Milling,Consumer Staples
CALX,Calix Inc Common Stock,$33.14,-0.13,-0.391%,831891,2086626595.00,United States,2010,Telecommunications Equipment,Consumer Discretionary
CALY,Callaway Golf Company Common Stock,$14.44,0.19,1.333%,1499012,2577691923.00,United States,,Recreational Games/Products/Toys,Consumer Discretionary
CAMP,CAMP4 Therapeutics Corporation Common Stock,$3.92,0.08,2.083%,477406,245992544.00,United States,2024,Biotechnology: Pharmaceutical Preparations,Health Care
CAMT,Camtek Ltd. Ordinary Shares,$147.05,1.93,1.33%,259767,6844972659.00,Israel,2000,Electronic Components,Technology
CAN,Canaan Inc. American Depositary Shares,$0.3772,-0.0159,-4.045%,7142211,268328445.00,China,2019,Finance: Consumer Services,Finance
CANF,Can-Fite Biopharma Ltd American Depositary Shares each representing two (2) Ordinary Shares,$2.162,-0.008,-0.369%,28747,4632187.00,Israel,,Biotechnology: Pharmaceutical Preparations,Health Care
CANG,Cango Inc. Class A Ordinary Shares,$1.91,-0.12,-5.911%,187712,78351957.00,China,2025,Finance: Consumer Services,Finance
CAPL,CrossAmerica Partners LP Common Units representing limited partner interests,$21.48,-0.13,-0.602%,21310,819961517.00,United States,2012,Oil Refining/Marketing,Energy
CAPN,Cayson Acquisition Corp Ordinary shares,$11.25,0.00,0.00%,52,0.00,United States,2024,,
CAPR,Capricor Therapeutics Inc. Common Stock,$8.36,-0.21,-2.45%,1919787,486041948.00,United States,,Biotechnology: Pharmaceutical Preparations,Health Care
CAPS,Capstone Holding Corp. Common Stock,$0.1634,-0.0119,-6.788%,1519247,3553950.00,United States,,Biotechnology: Pharmaceutical Preparations,Health Care
CAQ,Cambridge Acquisition Corp. Class A Ordinary Shares,$10.00,0.00,0.00%,3411,0.00,United States,2026,,
CAQUU,Cambridge Acquisition Corp. Unit,$10.07,0.00,0.00%,10,0.00,United States,2026,,
CAR,Avis Budget Group Inc. Common Stock,$108.29,4.75,4.588%,364912,3825425901.00,United States,,Rental/Leasing Companies,Consumer Discretionary
CARE,Carter Bankshares Inc. Common Stock,$30.31,0.24,0.798%,184679,671788749.00,United States,,Major Banks,Finance
CARG,CarGurus Inc. Class A Common Stock ,$31.30,0.31,1.00%,1179691,2787999861.00,United States,2017,EDP Services,Technology
CARL,Carlsmed Inc. Common Stock,$15.10,0.28,1.889%,65435,412271419.00,United States,2025,Medical/Dental Instruments,Health Care
CARR,Carrier Global Corporation Common Stock ,$56.37,1.50,2.734%,7076812,46467203463.00,United States,2020,Industrial Machinery/Components,Industrials
CARS,Cars.com Inc. Common Stock ,$10.90,0.29,2.733%,458681,583506583.00,United States,2017,EDP Services,Technology
CART,Maplebear Inc. Common Stock,$43.19,-0.07,-0.162%,2712902,9998487894.00,United States,2023,Business Services,Consumer Discretionary
CASH,Pathward Financial Inc. Common Stock,$73.80,0.30,0.408%,173634,1533074116.00,United States,1993,Major Banks,Finance
CASS,Cass Information Systems Inc Common Stock,$54.13,-0.25,-0.46%,228183,693196845.00,United States,,Business Services,Consumer Discretionary
CAST,FreeCast Inc. Class A Common Stock,$1.19,-0.05,-4.032%,371918,56621464.00,United States,,EDP Services,Technology
CASY,Casey's General Stores Inc. Common Stock,$598.46,-0.39,-0.065%,510382,22119181543.00,United States,1983,Retail-Auto Dealers and Gas Stations,Consumer Discretionary
CAT,Caterpillar Inc. Common Stock,$821.58,16.33,2.028%,1978825,377659695305.00,United States,,Construction/Ag Equipment/Trucks,Industrials
CATL, Catalyst Acquisition Corp. Class A Ordinary Share,$9.80,-0.01,-0.102%,18651,0.00,United States,2026,Blank Checks,Finance
CATLU,Catalyst Acquisition Corp. Units,$10.10,0.00,0.00%,1,0.00,United States,2026,Blank Checks,Finance
CATO,Cato Corporation (The) Class A Common Stock,$2.45,0.02,0.823%,44994,48784275.00,United States,,Clothing/Shoe/Accessory Stores,Consumer Discretionary
CATX,Perspective Therapeutics Inc. Common Stock,$2.52,0.02,0.80%,1801841,287662191.00,United States,,Biotechnology: Pharmaceutical Preparations,Health Care
CATY,Cathay General Bancorp Common Stock,$61.45,0.32,0.523%,480834,4099564239.00,United States,,Major Banks,Finance
CAVA,CAVA Group Inc. Common Stock,$51.58,-1.93,-3.607%,3503000,6024863693.00,United States,2023,Restaurants,Consumer Discretionary
CB,Chubb Limited  Common Stock,$333.37,-1.47,-0.439%,1522422,128614098995.00,Switzerland,,Property-Casualty Insurers,Finance
CBAN,Colony Bankcorp Inc. Common Stock,$20.68,-0.06,-0.289%,161038,438849556.00,United States,,Major Banks,Finance
CBAT,CBAK Energy Technology Limited Ordinary Shares,$1.25,-0.12,-8.759%,800691,110807295.00,China,,Industrial Machinery/Components,Miscellaneous
CBC,Central Bancompany Inc. Class A Common Stock,$32.06,0.06,0.188%,1142265,7678534564.00,United States,,Major Banks,Finance
CBFV,CB Financial Services Inc. Common Stock,$37.05,-0.06,-0.162%,3570,188272687.00,United States,,Major Banks,Finance
CBIO,Crescent Biopharma Inc. Common Stock,$13.99,-0.25,-1.756%,228696,519643721.00,United States,2014,Biotechnology: Pharmaceutical Preparations,Health Care
CBK,Commercial Bancgroup Inc. Common Stock,$32.09,0.28,0.88%,35655,439673754.00,United States,2025,Major Banks,Finance
CBL,CBL & Associates Properties Inc. Common Stock,$51.91,-0.40,-0.765%,216139,1606238516.00,United States,2021,Real Estate Investment Trusts,Real Estate
CBLL,CeriBell Inc. Common Stock,$23.69,-0.13,-0.546%,270591,909177213.00,United States,2024,Biotechnology: Electromedical & Electrotherapeutic Apparatus,Health Care
CBNA,Chain Bridge Bancorp Inc. Class A Common Stock,$47.76,0.35,0.738%,13351,313392380.00,,2024,Major Banks,Finance
CBNK,Capital Bancorp Inc. Common Stock,$36.05,0.07,0.195%,49232,587270939.00,United States,2018,Major Banks,Finance
CBOE,Cboe Global Markets Inc. Common Stock,$258.03,-9.54,-3.565%,1315432,28852592063.00,,2010,Investment Bankers/Brokers/Service,Finance
CBRE,CBRE Group Inc Common Stock Class A,$134.55,-1.98,-1.45%,1980602,38962356346.00,United States,,Real Estate,Finance
CBRL,Cracker Barrel Old Country Store Inc Common Stock,$51.81,-0.03,-0.058%,1168694,1158029143.00,United States,1981,Restaurants,Consumer Discretionary
CBRS,Cerebras Systems Inc. Class A Common Stock,$206.75,0.34,0.165%,5644666,49116365477.00,United States,2026,Semiconductors,Technology
CBSH,Commerce Bancshares Inc. Common Stock,$56.44,0.68,1.22%,828184,8095312126.00,United States,,Major Banks,Finance
CBT,Cabot Corporation Common Stock,$78.76,0.11,0.14%,413890,4066458111.00,United States,,Major Chemicals,Industrials
CBU,Community Financial System Inc. Common Stock,$61.57,0.83,1.366%,413603,3239561271.00,United States,,Major Banks,Finance
CBUS,Cibus Inc. Class A Common Stock,$1.52,0.02,1.333%,66800,116172025.00,United States,2017,Agricultural Chemicals,Industrials
CBZ,CBIZ Inc. Common Stock,$54.68,0.00,0.00%,456534,2967148904.00,United States,,Business Services,Consumer Discretionary
CC,Chemours Company (The) Common Stock,$14.46,0.27,1.903%,1767479,2176215468.00,United States,2015,Major Chemicals,Industrials
CCAP,Crescent Capital BDC Inc. Common stock,$9.57,-0.01,-0.104%,184843,352615761.00,United States,,Finance: Consumer Services,Finance
CCAQ,Collective Acquisition Corp. Class A Ordinary Shares,$10.69,0.00,0.00%,56,0.00,United States,2025,Blank Checks,Finance
CCAQW,Collective Acquisition Corp. Warrants,$0.1774,0.0174,10.875%,530,0.00,United States,2025,Blank Checks,Finance
CCB,Coastal Financial Corporation Common Stock,$44.82,1.20,2.751%,183848,685133176.00,United States,2018,Major Banks,Finance
CCBG,Capital City Bank Group Common Stock,$49.86,0.55,1.115%,59105,853268988.00,United States,,Major Banks,Finance
CCC,CCC Intelligent Solutions Holdings Inc. Common Stock,$6.90,0.03,0.437%,14329897,4064063458.00,United States,,Computer Software: Prepackaged Software,Technology
CCCC,C4 Therapeutics Inc. Common Stock,$2.98,-0.05,-1.65%,2118920,366614905.00,United States,2020,Biotechnology: Biological Products (No Diagnostic Substances),Health Care
CCCT,Columbus Circle Capital Corp III Class A Ordinary Shares,$9.84,0.00,0.00%,136,0.00,United States,2026,,
CCD,Calamos Dynamic Convertible & Income Fund Common Stock,$23.01,-0.38,-1.625%,70843,0.00,United States,,Trusts Except Educational Religious and Charitable,Finance
CCEC,Capital Clean Energy Carriers Corp. Common Share,$21.75,0.39,1.826%,4263,1311302672.00,Greece,2007,Marine Transportation,Consumer Discretionary
CCEL,Cryo-Cell International Inc. Common Stock,$4.24,0.21,5.211%,337,34185636.00,United States,2022,Misc Health and Biotechnology Services,Health Care
CCEP,Coca-Cola Europacific Partners plc Ordinary Shares,$101.73,1.42,1.416%,1301790,46183632909.00,United Kingdom,,Beverages (Production/Distribution),Consumer Staples
CCG,Cheche Group Inc. Class A Ordinary Shares,$11.30,-1.64,-12.674%,20027,28311314.00,China,,Specialty Insurers,Finance
CCHH,CCH Holdings Ltd Class A Ordinary Shares,$1.00,-0.03,-2.913%,22314,19815727.00,Malaysia,2025,Restaurants,Consumer Discretionary
CCI,Crown Castle Inc. Common Stock,$67.84,0.21,0.311%,3202789,28862896982.00,United States,,Real Estate Investment Trusts,Real Estate
CCID,Carlyle Credit Income Fund 7.375% Series D Term Preferred Shares due 2028,$24.98,0.035,0.14%,1475,0.00,,,,
CCIF,Carlyle Credit Income Fund Shares of Beneficial Interest,$2.42,0.18,8.036%,323703,0.00,,2019,Finance/Investors Services,Finance
CCII,Cohen Circle Acquisition Corp. II Class A Ordinary Shares,$10.30,0.00,0.00%,116,0.00,United States,2025,,
CCIIW,Cohen Circle Acquisition Corp. II Warrant,$0.68,0.00,0.00%,10,0.00,United States,2025,,
CCJ,Cameco Corporation Common Stock,$88.07,-0.05,-0.057%,1978881,38357389372.00,Canada,1996,Other Metals and Minerals,Basic Materials
CCK,Crown Holdings Inc.,$108.06,2.36,2.233%,1160121,11752660819.00,United States,,Containers/Packaging,Industrials
CCL,Carnival Corporation Ltd. Common Shares,$22.25,0.46,2.111%,22098935,30474692898.00,United States,1987,Marine Transportation,Consumer Discretionary
CCLD,CareCloud Inc. Common Stock,$2.05,-0.01,-0.485%,140080,87112411.00,United States,2014,Computer Software: Prepackaged Software,Technology
CCM,Concord Medical Services Holdings Limited American Depositary Shares (Each represents thirty (30) Class A ordinary shares),$3.60,0.04,1.124%,17415,15630203.00,China,2024,Medical/Nursing Services,Health Care
CCNE,CNB Financial Corporation Common Stock,$34.09,0.18,0.531%,125499,1009775970.00,United States,,Major Banks,Finance
CCNEP,CNB Financial Corporation Depositary Shares each representing a 1/40th ownership interest in a share of 7.125% Series A Fixed-Rate Non-Cumulative Perpetual Preferred Stock,$24.9001,-0.0999,-0.40%,502,737562999.00,United States,,Major Banks,Finance
CCO,Clear Channel Outdoor Holdings Inc. Common Stock,$2.36,0.01,0.426%,3199714,1201461474.00,United States,2005,Advertising,Consumer Discretionary
CCOI,Cogent Communications Holdings Inc.,$7.69,0.05,0.654%,1752964,393849010.00,United States,,Telecommunications Equipment,Consumer Discretionary
CCS,Century Communities Inc. Common Stock,$62.66,0.66,1.065%,165485,1781605514.00,United States,2014,Homebuilding,Consumer Discretionary
CCSI,Consensus Cloud Solutions Inc. Common Stock,$35.22,-0.15,-0.424%,82743,645403753.00,United States,,Computer Software: Prepackaged Software,Technology
CCTG,CCSC Technology International Holdings Limited Class A Ordinary Shares,$0.515,-0.0046,-0.885%,202234,6993796.00,Hong Kong,2024,Building Products,Consumer Discretionary
CCU,Compania Cervecerias Unidas S.A. Common Stock,$11.00,0.07,0.64%,135277,2032265796.00,Chile,,Beverages (Production/Distribution),Consumer Staples
CCXI,Churchill Capital Corp XI Class A Ordinary Shares,$12.43,0.20,1.635%,1478278,0.00,United States,2026,Blank Checks,Finance
CCXIU,Churchill Capital Corp XI Units,$12.90,0.24,1.896%,36392,0.00,United States,2025,Blank Checks,Finance
CCXIW,Churchill Capital Corp XI Warrants,$6.30,0.40,6.78%,62302,0.00,United States,2026,,
CCZ,Comcast Holdings ZONES,$64.67,0.00,0.00%,80,229490327176.00,United States,,Cable & Other Pay Television Services,Telecommunications
CD,Chaince Digital Holdings Inc. Ordinary Shares,$5.33,0.16,3.095%,158977,586320254.00,China,2015,Finance: Consumer Services,Finance
CDE,Coeur Mining Inc. Common Stock,$19.22,0.28,1.478%,32212492,19756910662.00,United States,,Precious Metals,Basic Materials
CDIO,Cardio Diagnostics Holdings Inc. Common stock,$1.95,0.04,2.094%,38957,5770965.00,United States,2022,Biotechnology: In Vitro & In Vivo Diagnostic Substances,Health Care
CDLR,Cadeler A/S American Depositary Share (each representing four (4) Ordinary Shares),$23.51,0.06,0.256%,88841,2268499578.00,,2023,Marine Transportation,Consumer Discretionary
CDLX,Cardlytics Inc. Common Stock,$3.30,-0.15,-4.348%,37729,19432763.00,United States,2018,Computer Software: Programming Data Processing,Technology
CDNA,CareDx Inc. Common Stock,$63.68,2.31,3.764%,2351823,3294435321.00,United States,2014,Medical Specialities,Health Care
CDNL,Cardinal Infrastructure Group Inc. Class A Common Stock,$28.02,0.48,1.743%,867967,1330195113.00,United States,2025,Military/Government/Technical,Industrials
CDNS,Cadence Design Systems Inc. Common Stock,$326.13,4.13,1.283%,2697293,89813919090.00,United States,,Computer Software: Prepackaged Software,Technology
CDP,COPT Defense Properties Common Shares of Beneficial Interest,$33.88,0.07,0.207%,760010,3842346317.00,United States,,Real Estate Investment Trusts,Real Estate
CDR^B,Cedar Realty Trust Inc. 7.25% Series B Cumulative Redeemable Preferred Stock,$16.275,-0.085,-0.52%,117,,United States,,,
CDR^C,Cedar Realty Trust Inc. 6.50% Series C Cumulative Redeemable Preferred Stock,$15.145,0.005,0.033%,577,,United States,,,
CDRE,Cadre Holdings Inc. Common Stock,$26.39,0.18,0.687%,453810,1130039170.00,United States,2021,Industrial Specialties,Health Care
CDRO,Codere Online Luxembourg S.A. Ordinary Shares,$10.01,0.21,2.143%,79939,455153849.00,Luxembourg,,Services-Misc. Amusement & Recreation,Consumer Discretionary
CDROW,Codere Online Luxembourg S.A. Warrants,$0.40,-0.01,-2.439%,107940,18187966.00,Luxembourg,,Services-Misc. Amusement & Recreation,Consumer Discretionary
CDT,CDT Equity Inc. Common Stock,$0.08,-0.041,-33.884%,26661125,1541458.00,United States,2022,Biotechnology: Pharmaceutical Preparations,Health Care
CDTG,CDT Environmental Technology Investment Holdings Limited ordinary shares,$1.23,0.02,1.653%,137223,3715830.00,China,2024,Miscellaneous,Industrials
CDTTW,CDT Equity Inc. Warrant,$0.0117,-0.0003,-2.50%,10839,225438.00,United States,2022,Biotechnology: Pharmaceutical Preparations,Health Care
CDW,CDW Corporation Common Stock,$135.43,-4.03,-2.89%,1206750,16931110003.00,United States,2013,Catalog/Specialty Distribution,Consumer Discretionary
CDXS,Codexis Inc. Common Stock,$1.32,-0.05,-3.65%,464727,144547610.00,United States,2010,Major Chemicals,Industrials
CDZI,CADIZ Inc. Common Stock,$3.65,-0.06,-1.617%,814940,309071324.00,United States,,Water Supply,Utilities
CDZIP,Cadiz Inc. Depositary Shares,$21.92,0.1201,0.551%,7027,1856121484.00,United States,,Water Supply,Utilities
CE,Celanese Corporation Common Stock,$47.09,-0.47,-0.988%,1586972,5168076925.00,United States,2005,Major Chemicals,Industrials
CECO,CECO Environmental Corp. Common Stock,$73.50,0.64,0.878%,565651,4304882505.00,United States,1998,Pollution Control Equipment,Industrials
CEE,The Central and Eastern Europe Fund Inc. (The) Common Stock,$19.24,0.2399,1.263%,16750,0.00,United States,,Finance Companies,Finance
CEG,Constellation Energy Corporation Common Stock ,$263.27,1.65,0.631%,1929236,93278503669.00,United States,,Electric Utilities: Central,Utilities
CELC,Celcuity Inc. Common Stock,$79.52,0.15,0.189%,657199,3891065324.00,United States,2017,Medical Specialities,Health Care
CELH,Celsius Holdings Inc. Common Stock,$27.99,-0.44,-1.548%,6528190,7082450966.00,United States,,Beverages (Production/Distribution),Consumer Staples
CELU,Celularity Inc. Class A Common Stock,$1.38,0.06,4.545%,166085,39945426.00,United States,2019,Biotechnology: Pharmaceutical Preparations,Health Care
CELZ,Creative Medical Technology Holdings Inc. Common Stock,$1.03,0.06,6.186%,323693,6790334.00,United States,,Biotechnology: Biological Products (No Diagnostic Substances),Health Care
CENN,Cenntro Inc. Common Stock,$4.4411,0.0123,0.278%,4287,78058781.00,New Zealand,,Auto Manufacturing,Industrials
CENT,Central Garden & Pet Company Common Stock,$39.51,0.00,0.00%,62550,2473033547.00,United States,1993,Consumer Specialties,Consumer Discretionary
CENTA,Central Garden & Pet Company Class A Common Stock Nonvoting,$34.06,-0.13,-0.38%,275885,2131903888.00,United States,,Consumer Specialties,Consumer Discretionary
CENX,Century Aluminum Company Common Stock,$38.39,0.27,0.708%,869800,3800352595.00,United States,1996,Aluminum,Industrials
CEPF,Cantor Equity Partners IV Inc. Class A Ordinary Shares,$10.30,0.015,0.146%,133554,0.00,United States,2025,Blank Checks,Finance
CEPL,Capstone Energy Plus Inc. Common Stock,$4.71,-0.25,-5.04%,470454,153600584.00,United States,,Industrial Machinery/Components,Industrials
CEPO,Cantor Equity Partners I Inc. Class A Ordinary Shares,$10.765,0.00,0.00%,1312,0.00,United States,2025,Blank Checks,Finance
CEPS,Cantor Equity Partners VI Inc. Class A Ordinary Shares,$10.30,0.00,0.00%,6,0.00,United States,2026,Blank Checks,Finance
CEPU,Central Puerto S.A. American Depositary Shares (each represents ten Common Shares),$13.18,-0.24,-1.788%,141446,1995149150.00,,2018,Electric Utilities: Central,Utilities
CEPV,Cantor Equity Partners V Inc. Class A Ordinary Shares,$10.36,0.00,0.00%,13,0.00,United States,2025,,
CERS,Cerus Corporation Common Stock,$2.62,0.01,0.383%,2672824,527995233.00,United States,1997,Medical/Dental Instruments,Health Care
CERT,Certara Inc. Common Stock,$9.11,0.22,2.475%,2915647,1389628286.00,United States,2020,Computer Software: Prepackaged Software,Technology
CET,Central Securities Corporation Common Stock,$56.39,0.54,0.967%,25178,13647801028.00,United States,1951,Finance/Investors Services,Finance
CETX,Cemtrex Inc. Common Stock,$2.03,-0.02,-0.976%,52165,3493916.00,United States,,Electrical Products,Technology
CETY,Clean Energy Technologies Inc. Common Stock,$0.98,-0.025,-2.488%,3704,11922784.00,United States,,Oil/Gas Transmission,Utilities
CEV,Eaton Vance California Municipal Income Trust Shares of Beneficial Interest,$9.99,0.00,0.00%,24769,70265414.00,United States,1999,Finance/Investors Services,Finance
CEVA,CEVA Inc. Common Stock,$36.20,1.74,5.049%,764572,1019177406.00,United States,,Computer Software: Programming Data Processing,Technology
CF,CF Industries Holdings Inc. Common Stock,$114.67,-3.77,-3.183%,2271807,17353943367.00,United States,2005,Agricultural Chemicals,Industrials
CFBK,CF Bankshares Inc. Common Stock,$34.51,0.40,1.173%,49377,221399319.00,United States,,Major Banks,Finance
CFFI,C&F Financial Corporation Common Stock,$93.60,0.59,0.634%,64437,304358278.00,United States,,Major Banks,Finance
CFFN,Capitol Federal Financial Inc. Common Stock,$8.68,0.02,0.231%,1274509,1091061096.00,United States,,Savings Institutions,Finance
CFG,Citizens Financial Group Inc. Common Stock,$65.53,0.80,1.236%,3852672,27599714918.00,United States,2014,Major Banks,Finance
CFG^E,Citizens Financial Group Inc. Depositary Shares Each Representing 1/40th Interest in a Share of 5.000% Fixed-Rate Non-Cumulative Perpetual Preferred Stock Series E,$17.08,0.05,0.294%,99339,,United States,,,
CFG^H,Citizens Financial Group Inc. Depositary Shares Each Representing a 1/40th Interest in a Share of 7.375% Fixed-Rate Non-Cumulative Perpetual Preferred Stock Series H,$25.07,-0.16,-0.634%,36893,,United States,,,
CFG^I,Citizens Financial Group Inc. Depositary Shares Each Representing a 1/40th Interest in a Share of 6.500% Fixed-Rate Reset Non-Cumulative Perpetual Preferred Stock Series I,$24.24,-0.02,-0.082%,79450,,United States,,,
CFND,C1 Fund Inc. Common Stock,$3.10,0.10,3.333%,14866,0.00,,2025,,
CFR,Cullen/Frost Bankers Inc. Common Stock,$157.42,1.21,0.775%,485698,9783461735.00,United States,,Major Banks,Finance
CFR^B,Cullen/Frost Bankers Inc. Depositary Shares each representing a 1/40th ownership interest in a share of 4.450% non-cumulative perpetual preferred stock Series B,$15.99,-0.18,-1.113%,3429,,United States,,,
CFTR^A,Cantor Fitzgerald Income Trust Inc. 9.50% Series A Cumulative Redeemable Preferred Stock,$25.39,-0.16,-0.626%,6408,,,,,
CG,The Carlyle Group Inc. Common Stock,$40.03,0.61,1.547%,2039957,14264001904.00,United States,2012,Investment Managers,Finance
CGABL,The Carlyle Group Inc. 4.625% Subordinated Notes due 2061,$15.50,-0.09,-0.577%,19216,5606426059.00,United States,,Investment Managers,Finance
CGAU,Centerra Gold Inc. Common Shares,$22.56,-0.22,-0.966%,762156,4505464842.00,Canada,2021,Precious Metals,Basic Materials
CGBD,Carlyle Secured Lending Inc. Common Stock,$11.25,0.10,0.897%,271513,774051536.00,United States,2017,Finance: Consumer Services,Finance
CGC,Canopy Growth Corporation Common Shares,$0.9415,0.0125,1.346%,1061025,398289971.00,Canada,, Medicinal Chemicals and Botanical Products ,Health Care
CGCF,Cartesian Growth Corporation IV Class A Ordinary Shares,$9.81,0.00,0.00%,32,0.00,United States,2026,Blank Checks,Finance
CGCFU,Cartesian Growth Corporation IV Unit,$9.89,0.00,0.00%,109,0.00,United States,2026,Blank Checks,Finance
CGCFW,Cartesian Growth Corporation IV Warrants,$0.315,0.005,1.613%,951,0.00,United States,2026,Blank Checks,Finance
CGEM,Cullinan Therapeutics Inc. Common Stock,$14.81,-0.63,-4.08%,1715572,953093018.00,United States,2021,Biotechnology: Biological Products (No Diagnostic Substances),Health Care
CGEN,Compugen Ltd. Ordinary Shares,$2.38,0.01,0.422%,77763,225111434.00,Israel,2000,Biotechnology: Biological Products (No Diagnostic Substances),Health Care
CGNT,Cognyte Software Ltd. Ordinary Shares,$8.52,-0.18,-2.069%,456069,629631246.00,Israel,,Computer Software: Prepackaged Software,Technology
CGNX,Cognex Corporation Common Stock,$58.66,0.96,1.664%,1689745,9868010572.00,United States,1989,Industrial Machinery/Components,Industrials
CGO,Calamos Global Total Return Fund Common Stock,$12.94,0.07,0.544%,11390,0.00,United States,2005,Investment Managers,Finance
CGON,CG Oncology Inc. Common stock,$67.15,-1.61,-2.341%,1177534,5952201181.00,United States,2024,Biotechnology: Biological Products (No Diagnostic Substances),Health Care
CGTL,Creative Global Technology Holdings Limited Class A Ordinary Shares,$4.11,0.31,8.158%,24977,7066138.00,China,2024,Retail: Computer Software & Peripheral Equipment,Technology
CGTX,Cognition Therapeutics Inc. Common Stock,$0.9365,-0.0143,-1.504%,540069,89055293.00,United States,2021,Biotechnology: Biological Products (No Diagnostic Substances),Health Care
CHA,Chagee Holdings Limited American Depositary Shares,$11.41,-0.06,-0.523%,710368,2176609550.00,China,2025,Restaurants,Consumer Discretionary
CHAD,DeFi Development Corp. Variable Rate Series C Perpetual Preferred Stock,$8.80,-0.06,-0.677%,28079,287062952.00,United States,,Finance: Consumer Services,Finance
CHAI,Core AI Holdings Inc. Common Shares,$0.272,-0.014,-4.895%,547592,7035782.00,Canada,2020,Telecommunications Equipment,Telecommunications
CHAR,Charlton Aria Acquisition Corporation Class A Ordinary Shares,$10.99,-0.025,-0.227%,1178,0.00,United States,2024,,
CHCI,Comstock Holding Companies Inc. Class A Common Stock,$19.33,-0.07,-0.361%,28372,198750132.00,United States,2004,Real Estate,Finance
CHCO,City Holding Company Common Stock,$141.97,1.88,1.342%,181798,1993991365.00,United States,,Major Banks,Finance
CHCT,Community Healthcare Trust Incorporated Common Stock,$14.41,0.10,0.699%,321100,412901863.00,United States,2015,Real Estate Investment Trusts,Real Estate
CHD,Church & Dwight Company Inc. Common Stock,$96.38,1.05,1.101%,997595,22861712557.00,United States,,Package Goods/Cosmetics,Consumer Discretionary
CHDN,Churchill Downs Incorporated Common Stock,$79.77,0.36,0.453%,559865,5559988384.00,United States,,Services-Misc. Amusement & Recreation,Consumer Discretionary
CHE,Chemed Corp,$512.16,16.51,3.331%,233358,6693911226.00,United States,,Medical/Nursing Services,Health Care
CHEC,Chenghe Acquisition III Co. Class A Ordinary Share,$10.28,0.01,0.097%,25008,0.00,Singapore,2025,,
CHEF,The Chefs' Warehouse Inc. Common Stock,$110.27,-0.09,-0.082%,415685,4498584072.00,United States,2011,Food Distributors,Consumer Discretionary
CHGA,Change Agents Corporation Common Stock,$2.10,0.04,1.942%,44651,2352454.00,United States,,EDP Services,Technology
CHGG,Chegg Inc. Common Stock,$0.7347,0.0094,1.296%,283429,81571891.00,United States,2013,Other Consumer Services,Real Estate
CHH,Choice Hotels International Inc. Common Stock,$101.81,0.85,0.842%,376365,4599718786.00,United States,,Hotels/Resorts,Consumer Discretionary
CHI,Calamos Convertible Opportunities and Income Fund Common Stock,$11.90,-0.11,-0.916%,143263,0.00,United States,2002,Investment Managers,Finance
CHKP,Check Point Software Technologies Ltd. Ordinary Shares,$131.24,-5.05,-3.705%,949684,13399687206.00,Israel,1996,Computer Software: Prepackaged Software,Technology
CHMG,Chemung Financial Corp Common Stock,$82.00,-0.09,-0.11%,69877,395360704.00,United States,,Major Banks,Finance
CHMI,Cherry Hill Mortgage Investment Corporation Common Stock,$2.74,0.00,0.00%,242124,101235860.00,,2013,Real Estate Investment Trusts,Real Estate
CHMI^A,Cherry Hill Mortgage Investment Corporation 8.20% Series A Cumulative Redeemable Preferred Stock,$21.29,0.29,1.381%,2383,,,,,
CHMI^B,Cherry Hill Mortgage Investment Corporation 8.250% Series B Fixed-to-Floating Rate Cumulative Redeemable Preferred Stock,$23.6701,-0.0499,-0.21%,2952,,,,,
CHNR,China Natural Resources Inc. Common Stock,$4.08,0.26,6.806%,14645,5031542.00,Hong Kong,,Precious Metals,Basic Materials
CHOW,ChowChow Cloud International Holdings Limited Ordinary Shares,$0.668,-0.033,-4.708%,242863,23707320.00,,2025,Computer Software: Prepackaged Software,Technology
CHPG,ChampionsGate Acquisition Corporation Class A Ordinary Share,$10.45,0.00,0.00%,248,0.00,United States,2025,,
CHPGR,ChampionsGate Acquisition Corporation Rights,$0.1201,-0.0174,-12.655%,905,0.00,United States,2025,,
CHPT,ChargePoint Holdings Inc. Common Stock,$8.93,-0.05,-0.557%,934073,239773393.00,United States,2019,Industrial Machinery/Components,Miscellaneous
CHR,Cheer Holding Inc. Class A Ordinary Share,$1.66,0.06,3.75%,30966,3893452.00,China,2018,EDP Services,Technology
CHRD,Chord Energy Corporation Common Stock,$136.27,-3.75,-2.678%,624628,7453679017.00,United States,,Oil & Gas Production,Energy
CHRN,ChronoScale Holdings Corporation Common Stock,$19.85,-2.00,-9.153%,169761,2890903422.00,United States,,Industrial Machinery/Components,Industrials
CHRS,Coherus Oncology Inc. Common Stock,$1.13,-0.04,-3.419%,1222410,174586092.00,United States,2014,Biotechnology: Biological Products (No Diagnostic Substances),Health Care
CHRW,C.H. Robinson Worldwide Inc. Common Stock,$147.10,0.90,0.616%,1152218,17188820052.00,United States,1997,Integrated Freight & Logistics,Industrials
CHSCL,CHS Inc Class B Cumulative Redeemable Preferred Stock Series 4,$25.0531,-0.0369,-0.147%,54327,307451718.00,United States,,Farming/Seeds/Milling,Industrials
CHSCM,CHS Inc Class B Reset Rate Cumulative Redeemable Preferred Stock Series 3,$23.865,-0.095,-0.396%,28003,292871352.00,United States,,Farming/Seeds/Milling,Industrials
CHSCN,CHS Inc Preferred Class B Series 2 Reset Rate,$24.62,-0.045,-0.182%,24090,302136714.00,United States,,Farming/Seeds/Milling,Industrials
CHSCO,CHS Inc. Class B Cumulative Redeemable Preferred Stock,$25.55,0.04,0.157%,10112,313549677.00,United States,,Farming/Seeds/Milling,Industrials
CHSCP,CHS Inc. 8%  Cumulative Redeemable Preferred Stock,$25.98,0.00,0.00%,7644,318826638.00,United States,,Farming/Seeds/Milling,Industrials
CHSN,Chanson International Holding Class A Ordinary Shares,$1.17,-0.02,-1.681%,53116,4340451.00,China,2023,Packaged Foods,Consumer Staples
CHT,Chunghwa Telecom Co. Ltd.,$46.15,0.08,0.174%,140002,35800615782.00,Taiwan,,Telecommunications Equipment,Telecommunications
CHTR,Charter Communications Inc. Class A Common Stock New,$112.91,-4.64,-3.947%,2943327,12936944622.00,United States,,Cable & Other Pay Television Services,Telecommunications
CHTRP,Charter Communications Inc. Series A Cumulative Redeemable Preferred Stock,$22.4052,-0.4194,-1.837%,12995,2567131624.00,United States,,Cable & Other Pay Television Services,Telecommunications
CHW,Calamos Global Dynamic Income Fund Common Stock,$8.26,0.02,0.243%,190545,0.00,United States,2007,Investment Managers,Finance
CHWY,Chewy Inc. Class A Common Stock,$18.27,-0.05,-0.273%,9844754,7343210839.00,United States,2019,Catalog/Specialty Distribution,Consumer Discretionary
CHY,Calamos Convertible and High Income Fund Common Stock,$11.94,-0.36,-2.927%,487373,0.00,United States,2003,Investment Managers,Finance
CHYM,Chime Financial Inc. Class A Common Stock,$26.78,-0.29,-1.071%,3998300,10138509273.00,United States,2025,Finance: Consumer Services,Finance
CI,The Cigna Group Common Stock,$272.01,6.51,2.452%,1821868,71876054597.00,United States,,Medical Specialities,Health Care
CIA,Citizens Inc. Class A Common Stock ($1.00 Par),$3.59,-0.02,-0.554%,148413,181808758.00,United States,1994,Life Insurance,Finance
CIB,Grupo Cibest S.A. American Depositary Shares each representing four Preferred Shares,$95.15,0.93,0.987%,213881,22674593820.00,Colombia,2025,Commercial Banks,Finance
CICB,CION Investment Corporation 7.50% Notes due 2029,$24.70,-0.151,-0.608%,4229,0.00,United States,2024,Finance/Investors Services,Finance
CICC,CION Investment Corporation 7.50% Notes due 2031,$24.50,0.04,0.164%,1435,0.00,United States,2026,Finance/Investors Services,Finance
CIEN,Ciena Corporation Common Stock,$356.91,-1.52,-0.424%,1619530,50612880658.00,United States,1997,Telecommunications Equipment,Utilities
CIFR,Cipher Digital Inc. Common Stock,$17.73,-0.37,-2.044%,32207057,7358494701.00,United States,2020,Finance: Consumer Services,Finance
CIG,Comp En De Mn Cemig ADS American Depositary Shares,$2.06,-0.01,-0.483%,3630494,5895270704.00,Brazil,,Electric Utilities: Central,Utilities
CIGI,Colliers International Group Inc. Subordinate Voting Shares,$90.42,-1.81,-1.962%,155015,4620807495.00,Canada,,Real Estate,Finance
CIGL,Concorde International Group Ltd Class A Ordinary Shares,$0.40,-0.0129,-3.124%,23587,90794187.00,Singapore,2025,Diversified Commercial Services,Consumer Discretionary
CII,BlackRock Enhanced Large Cap Core Fund Inc. Common Stock,$24.32,0.27,1.123%,67943,3617903295.00,United States,2004,Investment Bankers/Brokers/Service,Finance
CIIT,Tianci International Inc. Common Stock,$2.75,-0.035,-1.257%,55514,2660325.00,Hong Kong,,Computer Communications Equipment,Telecommunications
CIK,UBS Asset Management Income Fund Inc. Common Stock,$2.33,0.00,0.00%,1038461,0.00,United States,,Finance/Investors Services,Finance
CIM,Chimera Investment Corporation Common Stock,$10.34,-0.07,-0.672%,1733631,865580198.00,United States,2007,Real Estate Investment Trusts,Real Estate
CIM^A,Chimera Investment Corporation 8.00% Series A Cumulative Redeemable Preferred Stock,$19.68,-0.26,-1.304%,8885,,United States,,,
CIM^B,Chimera Investment Corporation 8.00% Series B Fixed-to-Floating Rate Cumulative Redeemable Preferred Stock,$23.2401,-0.1099,-0.471%,26145,,United States,,,
CIM^C,Chimera Investment Corporation 7.75% Series C Fixed-to-Floating Rate  Cumulative Redeemable  Preferred Stock,$21.46,-0.1294,-0.599%,30777,,United States,,,
CIM^D,Chimera Investment Corporation 8.00% Series D Fixed-to-Floating Rate Cumulative Redeemable Preferred Stock,$23.22,0.07,0.302%,20905,,United States,,,
CIMN,Chimera Investment Corporation 9.000% Senior Notes due 2029,$25.08,-0.085,-0.338%,3507,2019709856.00,United States,2024,Real Estate Investment Trusts,Real Estate
CIMO,Chimera Investment Corporation 9.250% Senior Notes due 2029,$25.25,-0.045,-0.178%,11707,0.00,United States,2024,Real Estate Investment Trusts,Real Estate
CIMP,Chimera Investment Corporation 8.875% Senior Notes due 2030,$25.03,0.08,0.321%,18676,0.00,United States,2025,Real Estate Investment Trusts,Real Estate
CINF,Cincinnati Financial Corporation Common Stock,$162.54,0.21,0.129%,409762,24946321434.00,United States,,Property-Casualty Insurers,Finance
CING,Cingulate Inc. Common Stock,$4.83,-0.23,-4.545%,149492,70237020.00,United States,2021,Biotechnology: Pharmaceutical Preparations,Health Care
CINT,CI&T Inc Class A Common Shares,$2.97,-0.04,-1.329%,38970,382802566.00,,2021,EDP Services,Technology
CION,CION Investment Corporation Common Stock,$7.16,0.03,0.421%,342293,352291361.00,United States,2021,Finance/Investors Services,Finance
CIRC,Circle8 Group Inc. Common Stock,$0.342,0.0098,2.95%,366624,39127168.00,United States,2024,Biotechnology: Laboratory Analytical Instruments,Industrials
CISO,CISO Global Inc. Common Stock,$0.2411,0.0066,2.814%,56617,10976235.00,United States,,Professional Services,Consumer Discretionary
CISS,C3is Inc. Common Stock,$1.11,-0.01,-0.893%,269398,1651647.00,Greece,,Marine Transportation,Consumer Discretionary
CITR,CitroTech Inc. Common Stock,$4.32,0.05,1.171%,21020,97431008.00,,,Major Chemicals,Industrials
CIVB,Civista Bancshares Inc. Common Stock,$27.06,0.00,0.00%,205534,562692080.00,United States,,Major Banks,Finance
CIX,CompX International Inc. Common Stock,$37.80,1.54,4.247%,35731,466325635.00,United States,1998,Industrial Machinery/Components,Consumer Discretionary
CJMB,Callan JMB Inc. Common Stock,$2.21,0.02,0.913%,77288,12712733.00,United States,2025,Business Services,Consumer Discretionary
CKX,CKX Lands Inc. Common Stock,$10.815,-0.14,-1.278%,6098,22204590.00,United States,2003,Oil & Gas Production,Energy
CL,Colgate-Palmolive Company Common Stock,$86.06,0.74,0.867%,3540233,68604693664.00,United States,,Package Goods/Cosmetics,Consumer Discretionary
CLAR,Clarus Corporation Common Stock,$3.58,0.07,1.994%,71357,137071595.00,United States,,Recreational Games/Products/Toys,Consumer Discretionary
CLB,Core Laboratories Inc. Common Stock,$10.39,-0.10,-0.953%,884882,476740391.00,Netherlands,2023,Oilfield Services/Equipment,Energy
CLBK,Columbia Financial Inc. Common Stock,$11.33,0.07,0.622%,2380061,1178857824.00,United States,2018,Savings Institutions,Finance
CLBR,Colombier Acquisition Corp. III Class A Ordinary Shares,$10.20,-0.005,-0.049%,68162,0.00,,2026,,
CLBT,Cellebrite DI Ltd. Ordinary Shares,$10.79,-0.58,-5.101%,3430028,2711970037.00,Israel,,Computer Software: Prepackaged Software,Technology
CLDI,Calidi Biotherapeutics Inc. Common Stock,$1.13,-0.07,-5.833%,129895,4165009.00,,2021,Biotechnology: Biological Products (No Diagnostic Substances),Health Care
CLDT,Chatham Lodging Trust (REIT) Common Shares of Beneficial Interest,$13.35,-0.05,-0.373%,235365,621650947.00,United States,2010,Real Estate Investment Trusts,Real Estate
CLDT^A,Chatham Lodging Trust (REIT) 6.625% Series A Cumulative Redeemable Preferred Shares of Beneficial Interest,$19.6774,-0.1926,-0.969%,26563,,United States,,,
CLDX,Celldex Therapeutics Inc.,$31.10,-0.38,-1.207%,2023959,2442268445.00,United States,,Biotechnology: In Vitro & In Vivo Diagnostic Substances,Health Care
CLF,Cleveland-Cliffs Inc. Common Stock,$12.18,-0.32,-2.56%,9090624,6949177772.00,United States,,Metal Mining,Basic Materials
CLFD,Clearfield Inc. Common Stock,$31.07,0.54,1.769%,67931,422053482.00,United States,,Telecommunications Equipment,Utilities
CLGN,CollPlant Biotechnologies Ltd Ordinary Shares,$4.25,0.13,3.155%,24156,8035989.00,Israel,,Industrial Specialties,Health Care
CLH,Clean Harbors Inc. Common Stock,$313.04,-3.03,-0.959%,310645,16524520114.00,United States,,Environmental Services,Industrials
CLIK,Click Holdings Limited Class A Ordinary Share,$1.14,-0.02,-1.724%,290671,9761858.00,Hong Kong,2024,Diversified Commercial Services,Consumer Discretionary
CLIR,ClearSign Technologies Corporation Common Stock (DE),$3.4505,-0.0095,-0.275%,11664,23489123.00,United States,2012,Industrial Machinery/Components,Industrials
CLLS,Cellectis S.A. American Depositary Shares,$1.47,0.04,2.797%,37746,147775096.00,France,2015,Biotechnology: Pharmaceutical Preparations,Health Care
CLM,Cornerstone Strategic Investment Fund Inc. Common Shares,$6.43,0.05,0.784%,1613982,0.00,United States,2003,Finance/Investors Services,Finance
CLMB,Climb Global Solutions Inc. Common Stock,$31.65,0.49,1.573%,264130,590609224.00,United States,,Retail: Computer Software & Peripheral Equipment,Technology
CLMT,Calumet Inc. Common Stock,$53.65,-0.20,-0.371%,1647004,4715740254.00,United States,2006,Integrated oil Companies,Energy
CLNE,Clean Energy Fuels Corp. Common Stock,$1.60,-0.04,-2.439%,795610,352712024.00,United States,2007,Natural Gas Distribution,Utilities
CLNN,Clene Inc. Common Stock,$4.30,0.09,2.138%,136470,61120118.00,United States,,Biotechnology: Pharmaceutical Preparations,Health Care
CLOV,Clover Health Investments Corp. Class A Common Stock,$4.49,-0.02,-0.443%,3606005,2384891621.00,United States,,Medical Specialities,Health Care
CLPR,Clipper Realty Inc. Common Stock,$3.32,-0.09,-2.639%,39271,53643119.00,United States,2017,Real Estate Investment Trusts,Real Estate
CLPS,CLPS Incorporation Common Stock,$1.0254,0.0102,1.005%,8525,30498936.00,China,2018,Computer Software: Prepackaged Software,Technology
CLPT,ClearPoint Neuro Inc. Common Stock,$14.83,0.22,1.506%,321337,452377686.00,United States,,Medical/Dental Instruments,Health Care
CLRB,Cellectar Biosciences Inc.  Common Stock,$1.80,-0.275,-13.253%,124584,17013794.00,United States,,Biotechnology: Pharmaceutical Preparations,Health Care
CLRO,ClearOne Inc. Common Stock,$3.45,0.02,0.583%,1067493,9230171.00,United States,,Telecommunications Equipment,Utilities
CLS,Celestica Inc. Common Stock,$365.44,-8.12,-2.174%,2270198,42015772222.00,Canada,1998,Electrical Products,Technology
CLSK,CleanSpark Inc. Common Stock,$13.95,-0.31,-2.174%,17283192,3582598168.00,United States,,Finance: Consumer Services,Finance
CLSKW,CleanSpark Inc. Warrant,$0.2491,-0.0029,-1.151%,25280,63973133.00,United States,,Finance: Consumer Services,Finance
CLST,Catalyst Bancorp Inc. Common Stock,$17.90,0.00,0.00%,79,72204859.00,United States,2021,Savings Institutions,Finance
CLVT,Clarivate Plc Ordinary Shares,$1.78,-0.06,-3.261%,4862165,1138601925.00,United Kingdom,2019,EDP Services,Technology
CLW,Clearwater Paper Corporation Common Stock,$20.34,0.07,0.345%,96110,328038720.00,United States,,Paper,Basic Materials
CLWT,Euro Tech Holdings Company Limited Common Stock,$1.37,-0.08,-5.517%,26046,10153706.00,Hong Kong,1997,Professional and commerical equipment,Consumer Discretionary
CLX,Clorox Company (The) Common Stock,$83.80,2.00,2.445%,2634560,10134018219.00,United States,,Specialty Chemicals,Consumer Discretionary
CLYM,Climb Bio Inc. Common Stock,$11.66,-0.23,-1.934%,1532887,669706733.00,United States,2021,Biotechnology: Pharmaceutical Preparations,Health Care
CM,Canadian Imperial Bank of Commerce Common Stock,$113.60,2.18,1.957%,5597809,103143817277.00,Canada,,Commercial Banks,Finance
CMBT,CMB.TECH NV Ordinary Shares,$19.01,-0.03,-0.158%,857794,6006735069.00,,2015,Marine Transportation,Consumer Discretionary
CMC,Commercial Metals Company Common Stock,$65.73,1.51,2.351%,959711,7271337540.00,United States,,Steel/Iron Ore,Industrials
CMCL,Caledonia Mining Corporation Plc Common Shares,$23.84,-0.03,-0.126%,159621,460948283.00,Canada,,Precious Metals,Basic Materials
CMCM,Cheetah Mobile Inc. American Depositary Shares each representing fifty (50) Class A Ordinary Shares,$2.68,0.03,1.132%,4086,83551246.00,China,2022,Computer Software: Prepackaged Software,Technology
CMCO,Columbus McKinnon Corporation Common Stock,$16.83,0.80,4.991%,521858,485785227.00,United States,1996,Construction/Ag Equipment/Trucks,Industrials
CMCSA,Comcast Corporation Class A Common Stock,$21.91,-0.22,-0.994%,41806675,77750627314.00,United States,,Cable & Other Pay Television Services,Telecommunications
CMCT,Creative Media & Community Trust Corporation Common stock,$2.03,-0.11,-5.14%,25005,5983411.00,United States,,Real Estate Investment Trusts,Real Estate
CMDB,Costamare Bulkers Holdings Limited Common Stock,$21.90,-0.90,-3.947%,84450,529552337.00,,2025,Marine Transportation,Consumer Discretionary
CME,CME Group Inc. Class A Common Stock,$264.48,-4.43,-1.647%,2201549,95101523478.00,United States,2002,Investment Bankers/Brokers/Service,Finance
CMG,Chipotle Mexican Grill Inc. Common Stock,$31.33,-0.68,-2.124%,13342097,39645545940.00,United States,2006,Restaurants,Consumer Discretionary
CMI,Cummins Inc. Common Stock,$525.06,3.99,0.766%,811975,72282115544.00,United States,,Industrial Machinery/Components,Industrials
CMMB,Chemomab Therapeutics Ltd. American Depositary Share,$2.16,-0.04,-1.818%,63244,15650513.00,Israel,2019,Biotechnology: Pharmaceutical Preparations,Health Care
CMND,Clearmind Medicine Inc. Common Shares,$0.803,-0.0073,-0.901%,58117,1722604.00,Canada,,Biotechnology: Pharmaceutical Preparations,Health Care
CMP,Compass Minerals Intl Inc Common Stock,$22.62,-0.13,-0.571%,301552,949607370.00,United States,2003,Mining & Quarrying of Nonmetallic Minerals (No Fuels),Industrials
CMPR,Cimpress plc Ordinary Shares (Ireland),$79.79,1.18,1.501%,170652,1942844690.00,Netherlands,2005,Publishing,Consumer Discretionary
CMPS,COMPASS Pathways Plc American Depository Shares,$13.06,-0.03,-0.229%,2229182,1808507295.00,United Kingdom,2020,Biotechnology: Pharmaceutical Preparations,Health Care
CMPX,Compass Therapeutics Inc. Common Stock,$1.13,-0.005,-0.441%,3532965,203499344.00,United States,,Biotechnology: Biological Products (No Diagnostic Substances),Health Care
CMRC,Commerce.com Inc. Series 1 Common Stock,$3.255,0.105,3.333%,494623,269706016.00,United States,2020,Computer Software: Prepackaged Software,Technology
CMRE,Costamare Inc. Common Stock $0.0001 par value,$14.53,-0.13,-0.887%,267612,1752154668.00,Greece,2010,Marine Transportation,Consumer Discretionary
CMRE^B,Costamare Inc. Perpetual Preferred Stock Series B (Marshall Islands),$25.31,-0.09,-0.354%,1272,,Greece,,,
CMRE^C,Costamare Inc. Perpetual Preferred Series C (Marshall Islands),$26.6332,-0.0268,-0.101%,332,,Greece,,,
CMRE^D,Costamare Inc. 8.75% Series D Cumulative Redeemable Perpetual Preferred Stock,$26.25,-0.01,-0.038%,1018,,Greece,,,
CMS,CMS Energy Corporation Common Stock,$62.95,0.18,0.287%,3891993,19739680711.00,United States,,Power Generation,Utilities
CMS^B,CMS Energy Corporation Preferred Stock,$76.05,0.00,0.00%,9,,United States,,,
CMS^C,CMS Energy Corporation Depositary Shares each representing a 1/1000th interest in a share of 4.200% Cumulative Redeemable Perpetual Preferred Stock Series C,$16.82,0.14,0.839%,34812,,United States,,,
CMSA,CMS Energy Corporation 5.625% Junior Subordinated Notes due 2078,$19.248,-0.1221,-0.63%,8139,5761608953.00,United States,2018,Power Generation,Utilities
CMSC,CMS Energy Corporation 5.875% Junior Subordinated Notes due 2078,$20.40,-0.11,-0.536%,17302,6106443404.00,United States,2018,Power Generation,Utilities
CMSD,CMS Energy Corporation 5.875% Junior Subordinated Notes due 2079,$20.30,-0.07,-0.344%,52944,6076509858.00,United States,2019,Power Generation,Utilities
CMT,Core Molding Technologies Inc Common Stock,$23.21,0.11,0.476%,48373,205386079.00,United States,1996,Plastic Products,Industrials
CMTG,Claros Mortgage Trust Inc. Common Stock,$1.31,0.01,0.769%,404061,184820310.00,United States,2021,Real Estate,Finance
CMTL,Comtech Telecommunications Corp. Common Stock,$1.39,0.00,0.00%,97123,41646389.00,United States,,Radio And Television Broadcasting And Communications Equipment,Technology
CMTV,Community Bancorp. Common Stock,$40.82,0.35,0.865%,34053,228628820.00,United States,,Major Banks,Finance
CNA,CNA Financial Corporation Common Stock,$45.98,-0.13,-0.282%,492010,12442230669.00,United States,,Property-Casualty Insurers,Finance
CNC,Centene Corporation Common Stock,$61.82,-0.10,-0.161%,3630931,30538770900.00,United States,,Medical Specialities,Health Care
CNCK,Coincheck Group N.V. Ordinary Shares,$1.59,-0.09,-5.357%,52383,304958777.00,Netherlands,,Finance: Consumer Services,Finance
CNDT,Conduent Incorporated Common Stock ,$1.64,0.01,0.613%,1086468,255054112.00,United States,,Business Services,Consumer Discretionary
CNET,ZW Data Action Technologies Inc. Common Stock,$1.85,0.48,35.036%,26626840,6786594.00,China,,Computer Software: Programming Data Processing,Technology
CNEY,CN Energy Group Inc. Class A Ordinary Shares,$0.5604,-0.021,-3.612%,18885,4597133.00,China,2021,Major Chemicals,Industrials
CNF,CNFinance Holdings Limited American Depositary Shares each representing two hundred (200) Ordinary Shares,$1.97,0.10,5.348%,22541,35061833.00,,,Finance: Consumer Services,Finance
CNH,CNH Industrial N.V. Common Shares,$13.09,-0.19,-1.431%,13306411,16201832790.00,United Kingdom,2013,Construction/Ag Equipment/Trucks,Industrials
CNI,Canadian National Railway Company Common Stock,$120.93,1.01,0.842%,1652124,73053813000.00,Canada,,Railroads,Industrials
CNK,Cinemark Holdings Inc Cinemark Holdings Inc. Common Stock,$37.77,0.79,2.136%,2212979,4377990763.00,United States,2007,Movies/Entertainment,Consumer Discretionary
CNL,Collective Mining Ltd. Common Shares,$12.94,-0.09,-0.691%,117045,1200090629.00,United States,,,
CNM,Core & Main Inc. Class A Common Stock,$42.64,1.02,2.451%,1936420,8122666292.00,United States,2021,Durable Goods,Consumer Discretionary
CNMD,CONMED Corporation Common Stock,$45.38,0.20,0.443%,282619,1359187634.00,United States,1987,Biotechnology: Electromedical & Electrotherapeutic Apparatus,Health Care
CNNE,Cannae Holdings Inc. Common Stock,$15.74,0.21,1.352%,458195,682710333.00,United States,2017,Restaurants,Consumer Discretionary
CNO,CNO Financial Group Inc. Common Stock,$53.98,0.46,0.859%,751002,4994303607.00,United States,,Accident &Health Insurance,Finance
CNO^A,CNO Financial Group Inc. 5.125% Subordinated Debentures due 2060,$16.65,0.11,0.665%,1173,,United States,,,
CNOB,ConnectOne Bancorp Inc. Common Stock,$31.06,0.17,0.55%,346444,1686414503.00,United States,,Major Banks,Finance
CNOBP,ConnectOne Bancorp Inc. Depositary Shares each representing a 1/40th interest in a share of 5.25% Fixed-Rate Reset Non-Cumulative Perpetual Preferred Stock Series A,$25.29,0.01,0.04%,713,1373130160.00,United States,,Major Banks,Finance
CNP,CenterPoint Energy Inc (Holding Co) Common Stock,$36.84,0.02,0.054%,6859822,24267255410.00,United States,,Electric Utilities: Central,Utilities
CNQ,Canadian Natural Resources Limited Common Stock,$47.41,-0.52,-1.085%,4753573,98083704400.00,Canada,,Oil & Gas Production,Energy
CNR,Core Natural Resources Inc. Common Stock,$89.02,0.26,0.293%,348039,4418619598.00,United States,2017,Coal Mining,Energy
CNS,Cohen & Steers Inc Common Stock,$74.20,-0.95,-1.264%,280045,3815477749.00,United States,2004,Investment Managers,Finance
CNSP,CNS Pharmaceuticals Inc. Common Stock,$4.931,-0.219,-4.252%,1276,7206405.00,United States,2019,Biotechnology: Pharmaceutical Preparations,Health Care
CNSY,Cerenome Inc. Common Stock ,$1.99,0.12,6.417%,204248,15103354.00,United States,,Medical/Dental Instruments,Health Care
CNTB,Connect Biopharma Holdings Limited Ordinary Shares,$1.08,-0.02,-1.818%,804339,68012254.00,China,2021,Biotechnology: Pharmaceutical Preparations,Health Care
CNTN,Canton Strategic Holdings Inc. Common Stock,$2.57,0.26,11.255%,1527840,204781098.00,United States,2022,Biotechnology: Pharmaceutical Preparations,Health Care
CNTX,Context Therapeutics Inc. Common Stock,$0.3457,-0.0254,-6.845%,1325684,31762631.00,United States,2021,Biotechnology: Pharmaceutical Preparations,Health Care
CNTY,Century Casinos Inc. Common Stock,$1.10,-0.01,-0.901%,19714,30951461.00,United States,,Hotels/Resorts,Consumer Discretionary
CNVS,Cineverse Corp. Class A Common Stock,$2.02,-0.02,-0.98%,90954,48018202.00,United States,,Consumer Electronics/Video Chains,Consumer Discretionary
CNX,CNX Resources Corporation Common Stock,$32.79,-0.62,-1.856%,2272992,4851071857.00,United States,1999,Oil & Gas Production,Energy
CNXC,Concentrix Corporation Common Stock,$27.08,-2.31,-7.86%,2705225,1652376918.00,United States,,Computer Software: Prepackaged Software,Technology
CNXN,PC Connection Inc. Common Stock,$89.32,0.30,0.337%,85188,2254267003.00,United States,,Catalog/Specialty Distribution,Consumer Discretionary
CNXU,Conexeu Sciences Inc. Common Stock,$3.89,-0.07,-1.768%,111210,109724055.00,United States,,Industrial Specialties,Health Care
COAG,Hemab Therapeutics Holdings Inc. Common Stock,$34.74,-0.98,-2.744%,266545,1622778945.00,United States,2026,Biotechnology: Biological Products (No Diagnostic Substances),Health Care
COCH,Envoy Medical Inc. Class A Common Stock,$0.715,-0.0011,-0.154%,55052,55194135.00,United States,2021,Industrial Specialties,Health Care
COCHW,Envoy Medical Inc Warrant,$0.0317,0.00,0.00%,17,2447069.00,United States,2021,Industrial Specialties,Health Care
COCO,The Vita Coco Company Inc. Common Stock,$58.59,-0.58,-0.98%,860206,3438893061.00,United States,2021,Beverages (Production/Distribution),Consumer Staples
COCP,Cocrystal Pharma Inc. Common Stock,$1.17,0.02,1.739%,13388,22537944.00,United States,,Biotechnology: Pharmaceutical Preparations,Health Care
CODA,Coda Octopus Group Inc. Common stock,$10.78,0.07,0.654%,64972,121631829.00,United States,,Industrial Machinery/Components,Industrials
CODI,D/B/A Compass Diversified Holdings Shares of Beneficial Interest,$11.25,0.00,0.00%,378757,846404618.00,United States,2006,Home Furnishings,Consumer Discretionary
CODI^A,Compass Diversified Holdings 7.250% Series A Preferred Shares representing beneficial interest in Compass Diversified Holdings,$19.015,-0.1252,-0.654%,3861,,United States,,,
CODI^B,Compass Diversified Holdings 7.875% Series B Fixed-to-Floating Rate Cumulative Preferred Shares representing beneficial interests in Compass Diversified Holdings,$22.19,-0.05,-0.225%,11950,,United States,,,
CODI^C,Compass Diversified Holdings 7.875% Series C Cumulative Preferred Shares,$21.49,-0.235,-1.082%,14472,,United States,,,
CODX,Co-Diagnostics Inc. Common Stock,$1.09,-0.06,-5.217%,189761,7641225.00,United States,2026,Medical/Dental Instruments,Health Care
COE,51Talk Online Education Group American depositary shares each representing 60 Class A ordinary shares,$11.67,0.10,0.864%,197517,70105366.00,China,2016,Other Consumer Services,Real Estate
COF,Capital One Financial Corporation Common Stock,$200.20,3.59,1.826%,3902271,122819664167.00,United States,1994,Major Banks,Finance
COF^I,Capital One Financial Corporation Depositary shares each representing a 1/40th interest in a share of Fixed Rate Non-Cumulative Perpetual Preferred Stock Series I of the Issuer,$16.77,-0.15,-0.887%,184997,,United States,,,
COF^J,Capital One Financial Corporation Depositary Shares Each Representing a 1/40th Interest in a Share of Fixed Rate Non- Cumulative Perpetual Preferred Stock Series J,$16.15,-0.02,-0.124%,335716,,United States,,,
COF^K,Capital One Financial Corporation Depositary Shares Each Representing a 1/40th Ownership Interest in a Share of Fixed Rate Non-Cumulative Perpetual Preferred Stock Series K,$15.75,-0.099,-0.625%,9501,,United States,,,
COF^L,Capital One Financial Corporation Depositary Shares Each Representing a 1/40th Interest in a Share of Fixed Rate Non-Cumulative Perpetual Preferred Stock Series L,$14.98,-0.06,-0.399%,69885,,United States,,,
COF^N,Capital One Financial Corporation Depositary Shares Each Representing a 1/40th Ownership Interest in a Share of Fixed Rate Non-Cumulative Perpetual Preferred Stock Series N,$14.65,-0.13,-0.88%,39615,,United States,,,
COFS,ChoiceOne Financial Services Inc. Common Stock,$33.06,0.19,0.578%,53962,494429491.00,United States,,Major Banks,Finance
COGT,Cogent Biosciences Inc. Common Stock,$32.31,0.88,2.80%,2979076,5606592168.00,United States,2018,Biotechnology: Pharmaceutical Preparations,Health Care
COHN,Cohen & Company Inc.,$10.11,0.005,0.049%,13619,32644887.00,United States,,Investment Bankers/Brokers/Service,Finance
COHR,Coherent Corp. Common Stock,$295.83,5.22,1.796%,4698401,57933053334.00,United States,,Electronic Components,Technology
COHU,Cohu Inc. Common Stock,$67.00,3.30,5.181%,1044297,3171675011.00,United States,,Electrical Products,Industrials
COIN,Coinbase Global Inc. Class A Common Stock,$195.11,-4.10,-2.058%,6277467,51477222047.00,United States,,Finance: Consumer Services,Finance
COKE,Coca-Cola Consolidated Inc. Common Stock,$190.29,0.64,0.337%,424635,12666519505.00,United States,1972,Beverages (Production/Distribution),Consumer Staples
COLA,Columbus Acquisition Corp Ordinary Shares,$10.45,-0.25,-2.336%,4383,0.00,Singapore,2025,Blank Checks,Finance
COLAR,Columbus Acquisition Corp Rights,$0.42,0.022,5.528%,11280,0.00,Singapore,2025,Blank Checks,Finance
COLB,Columbia Banking System Inc. Common Stock,$29.64,0.46,1.576%,1847835,8385223224.00,United States,1992,Major Banks,Finance
COLD,Americold Realty Trust Inc. Common Stock,$14.74,0.38,2.646%,3080365,4207983322.00,United States,2018,Real Estate Investment Trusts,Real Estate
COLL,Collegium Pharmaceutical Inc. Common Stock,$22.53,-0.11,-0.486%,503451,733477961.00,United States,2015,Biotechnology: Pharmaceutical Preparations,Health Care
COLM,Columbia Sportswear Company Common Stock,$57.60,0.63,1.106%,548069,2948727974.00,United States,1998,Apparel,Consumer Discretionary
COMP,Compass Inc. Class A Common Stock,$9.38,0.09,0.969%,13712741,7105558208.00,United States,2021,Real Estate,Finance
CON,Concentra Group Holdings Parent Inc. Common Stock,$35.01,0.39,1.127%,571557,4464395937.00,United States,2024,Medical Specialities,Health Care
COO,The Cooper Companies Inc. Common Stock,$55.38,0.00,0.00%,4454178,10530800182.00,United States,,Ophthalmic Goods,Health Care
COOK,Traeger Inc. Common Stock,$46.60,-0.13,-0.278%,81174,130397238.00,United States,2021,Consumer Electronics/Appliances,Consumer Discretionary
COOT,Australian Oilseeds Holdings Limited Ordinary Shares,$0.4776,-0.0076,-1.566%,152047,14360765.00,Australia,,Packaged Foods,Consumer Staples
COOTW,Australian Oilseeds Holdings Limited Warrant,$0.0131,-0.0009,-6.429%,22003,393899.00,Australia,,Packaged Foods,Consumer Staples
COP,ConocoPhillips Common Stock,$127.30,-2.04,-1.577%,5083405,152930261077.00,United States,,Integrated oil Companies,Energy
COPL,Copley Acquisition Corp Ordinary Shares,$10.555,0.00,0.00%,44,0.00,,2025,,
COPR,Idaho Copper Corporation Common Stock,$3.07,-0.01,-0.325%,28834,57650314.00,,2026,Metal Mining,Basic Materials
COR,Cencora Inc. Common Stock,$306.92,-2.95,-0.952%,1084372,58568673482.00,United States,,Other Pharmaceuticals,Health Care
CORT,Corcept Therapeutics Incorporated Common Stock,$116.10,-2.41,-2.034%,800985,12550223892.00,United States,2004,Biotechnology: Pharmaceutical Preparations,Health Care
CORZ,Core Scientific Inc. Common Stock,$17.34,-0.78,-4.305%,8820634,5572043247.00,United States,,Finance: Consumer Services,Finance
CORZW,Core Scientific Inc. Tranche 1 Warrants,$10.625,-0.74,-6.511%,17525,3414242186.00,United States,,Finance: Consumer Services,Finance
CORZZ,Core Scientific Inc. Tranche 2 Warrants,$17.64,-0.29,-1.617%,182,5668445379.00,United States,,Finance: Consumer Services,Finance
COSM,Cosmos Health Inc. Common Stock,$0.3516,-0.0285,-7.498%,2809166,35382835.00,United States,,Other Pharmaceuticals,Health Care
COSO,CoastalSouth Bancshares Inc. Common Stock,$26.61,0.04,0.151%,106335,318107808.00,United States,2025,Major Banks,Finance
COST,Costco Wholesale Corporation Common Stock,$922.765,26.285,2.932%,4631555,409226718573.00,United States,,Department/Specialty Retail Stores,Consumer Discretionary
COTY,Coty Inc. Class A Common Stock,$2.65,0.02,0.76%,3895081,2333819130.00,United States,2013,Package Goods/Cosmetics,Consumer Discretionary
COUR,Coursera Inc. Common Stock,$5.05,-0.01,-0.198%,14179810,1335220000.00,United States,2021,Computer Software: Prepackaged Software,Technology
COYA,Coya Therapeutics Inc. Common Stock,$5.08,-0.10,-1.931%,59940,119165873.00,United States,2022,Biotechnology: Pharmaceutical Preparations,Health Care
CP,Canadian Pacific Kansas City Limited Common Shares,$86.91,-0.41,-0.47%,2296754,77546655288.00,Canada,,Railroads,Industrials
CPA,Copa Holdings S.A. Class A Common Stock,$133.72,4.89,3.796%,215547,5501047307.00,Panama,2005,Air Freight/Delivery Services,Consumer Discretionary
CPAC,Cementos Pacasmayo S.A.A. American Depositary Shares (Each representing five Common Shares),$12.23,0.06,0.493%,5610,1036782229.00,Peru,,Building Materials,Industrials
CPAY,Corpay Inc. Common Stock,$398.11,-2.21,-0.552%,432933,26139742958.00,United States,,Business Services,Consumer Discretionary
CPB,The Campbell's Company Common Stock,$19.37,-0.48,-2.418%,7912719,5776806003.00,United States,,Packaged Foods,Consumer Staples
CPBI,Central Plains Bancshares Inc. Common Stock,$19.80,-0.30,-1.493%,838,82610273.00,United States,2023,Savings Institutions,Finance
CPF,Central Pacific Financial Corp New,$36.85,0.01,0.027%,120205,948792869.00,United States,,Major Banks,Finance
CPHC,Canterbury Park Holding Corporation 'New' Common Stock,$15.78,0.00,0.00%,142,81793957.00,United States,,Services-Misc. Amusement & Recreation,Consumer Discretionary
CPHI,China Pharma Holdings Inc. Common Stock,$0.7516,0.0117,1.581%,2272415,32335337.00,China,,Biotechnology: Pharmaceutical Preparations,Health Care
CPIX,Cumberland Pharmaceuticals Inc. Common Stock,$7.61,-0.40,-4.994%,46964,114021444.00,United States,2009,Biotechnology: Pharmaceutical Preparations,Health Care
CPK,Chesapeake Utilities Corporation Common Stock,$128.77,0.51,0.398%,215126,3104188210.00,United States,,Oil & Gas Production,Utilities
CPNG,Coupang Inc. Class A Common Stock,$13.88,0.00,0.00%,11867042,24949462424.00,United States,2021,Catalog/Specialty Distribution,Consumer Discretionary
CPOP,Pop Culture Group Co. Ltd Class A Ordinary Shares,$5.08,-0.39,-7.13%,40271,8676401.00,China,2021,Services-Misc. Amusement & Recreation,Consumer Discretionary
CPRI,Capri Holdings Limited Ordinary Shares,$15.10,-0.09,-0.592%,2641977,1716139432.00,Hong Kong,2011,Apparel,Consumer Discretionary
CPRT,Copart Inc. (DE) Common Stock,$27.59,-0.45,-1.605%,10903143,25543138788.00,United States,1994,Retail-Auto Dealers and Gas Stations,Consumer Discretionary
CPS,Cooper-Standard Holdings Inc. Common Stock,$22.70,0.48,2.16%,182678,403361022.00,United States,,Auto Parts:O.E.M.,Consumer Discretionary
CPSH,CPS Technologies Corp. Common Stock,$3.85,-0.02,-0.517%,96608,74643577.00,United States,,Building Materials,Consumer Discretionary
CPSS,Consumer Portfolio Services Inc. Common Stock,$9.56,0.19,2.028%,40050,206063066.00,United States,1992,Finance: Consumer Services,Finance
CPT,Camden Property Trust Common Stock,$98.12,0.71,0.729%,1550905,9864921022.00,United States,1993,Real Estate Investment Trusts,Real Estate
CPZ,Calamos Long/Short Equity & Dynamic Income Trust Common Stock,$12.755,0.055,0.433%,69082,250408634.00,United States,2019,Trusts Except Educational Religious and Charitable,Finance
CQP,Cheniere Energy Partners LP Common Units,$63.43,-0.21,-0.33%,109524,30703780165.00,United States,2007,Oil/Gas Transmission,Utilities
CR,Crane Company Common Stock,$206.83,2.27,1.11%,325818,11954847631.00,United States,2023,Metal Fabrications,Industrials
CRAC,Crown Reserve Acquisition Corp. I Class A Ordinary Shares,$10.24,0.00,0.00%,435,0.00,Cayman Islands,2025,,
CRACW,Crown Reserve Acquisition Corp. I Warrant,$0.0425,0.0025,6.25%,25000,0.00,Cayman Islands,2025,,
CRAI,CRA International Inc. Common Stock,$162.07,-0.50,-0.308%,151593,1017290700.00,United States,1998,Other Consumer Services,Consumer Discretionary
CRAN,Crane Harbor Acquisition Corp. II Class A Ordinary Shares,$10.10,0.00,0.00%,72,0.00,United States,2026,Blank Checks,Finance
CRANR,Crane Harbor Acquisition Corp. II Rights,$0.17,0.00,0.00%,11003,0.00,United States,2026,Blank Checks,Finance
CRAQ,Cal Redwood Acquisition Corp. Class A Ordinary Shares,$10.40,0.00,0.00%,12,0.00,United States,2025,Blank Checks,Finance
CRBD,Corebridge Financial Inc. 6.375% Junior Subordinated Notes due 2064,$20.71,-0.45,-2.127%,41304,0.00,United States,2024,Life Insurance,Finance
CRBG,Corebridge Financial Inc. Common Stock,$34.87,0.78,2.288%,3746554,15544087842.00,United States,2022,Life Insurance,Finance
CRBP,Corbus Pharmaceuticals Holdings Inc. Common Stock,$7.14,-0.31,-4.161%,708613,138096832.00,United States,,Biotechnology: Pharmaceutical Preparations,Health Care
CRBU,Caribou Biosciences Inc. Common Stock,$1.24,-0.01,-0.80%,901282,132937316.00,United States,2021,Biotechnology: Biological Products (No Diagnostic Substances),Health Care
CRC,California Resources Corporation Common Stock,$52.51,0.08,0.153%,935938,4663932581.00,United States,2020,Oil & Gas Production,Energy
CRCL,Circle Internet Group Inc. Class A Common Stock,$89.00,-4.00,-4.301%,11211048,22594953409.00,United States,2025,Finance: Consumer Services,Finance
CRCT,Cricut Inc. Class A Common Stock,$6.14,0.22,3.716%,812075,1285988714.00,United States,2021,Industrial Machinery/Components,Technology
CRD/A,Crawford & Company,$12.50,0.07,0.563%,92315,,United States,,,
CRD/B,Crawford & Company,$11.83,-0.23,-1.907%,9947,,United States,,,
CRDF,Cardiff Oncology Inc. Common Stock,$1.24,-0.04,-3.125%,563375,96466109.00,United States,,Biotechnology: Biological Products (No Diagnostic Substances),Health Care
CRDL,Cardiol Therapeutics Inc. Class A Common Shares,$1.71,-0.02,-1.156%,1010159,206329361.00,Canada,,Biotechnology: Biological Products (No Diagnostic Substances),Health Care
CRDO,Credo Technology Group Holding Ltd Ordinary Shares,$210.97,15.00,7.654%,11753101,39652216140.00,United States,2022,Semiconductors,Technology
CRE,Cre8 Enterprise Limited Class A Ordinary Shares,$2.82,-0.19,-6.312%,446385,5679438.00,Hong Kong,2025,Publishing,Consumer Discretionary
CRESY,Cresud S.A.C.I.F. y A. American Depositary Shares,$12.71,-0.03,-0.235%,208198,901459241.00,Argentina,1997,Real Estate,Finance
CREX,Creative Realities Inc. Common Stock,$2.48,-0.04,-1.587%,17966,33545735.00,United States,,EDP Services,Technology
CRF,Cornerstone Total Return Fund Inc. (The) Common Stock,$6.19,0.04,0.65%,1527734,0.00,United States,2003,Finance/Investors Services,Finance
CRGO,Freightos Limited Ordinary shares,$1.05,0.03,2.941%,111365,54677159.00,Israel,,Integrated Freight & Logistics,Industrials
CRGOW,Freightos Limited Warrants,$0.0304,-0.0001,-0.328%,1714,1583034.00,Israel,,Integrated Freight & Logistics,Industrials
CRGY,Crescent Energy Company Class A Common Stock,$13.15,-0.27,-2.012%,4535017,4344808602.00,United States,2021,Oil & Gas Production,Energy
CRH,CRH PLC Ordinary Shares,$85.04,1.08,1.286%,5197651,56920625297.00,Ireland,,Building Materials,Industrials
CRI,Carter's Inc. Common Stock,$31.31,1.05,3.47%,1289751,1149427202.00,United States,2003,Apparel,Consumer Discretionary
CRIS,Curis Inc. Common Stock,$0.8299,-0.0494,-5.618%,290541,1734555.00,United States,,Biotechnology: Biological Products (No Diagnostic Substances),Health Care
CRK,Comstock Resources Inc. Common Stock,$13.12,-0.70,-5.065%,2444865,3852301590.00,United States,,Oil & Gas Production,Energy
CRL,Charles River Laboratories International Inc. Common Stock,$292.84,-1.60,-0.543%,838436,13979851276.00,United States,2000,Biotechnology: Commercial Physical & Biological Resarch,Health Care
CRM,Salesforce Inc. Common Stock,$234.02,-4.20,-1.763%,8738252,192598460000.00,United States,2004,Computer Software: Prepackaged Software,Technology
CRMD,CorMedix Inc. Common Stock,$7.85,0.08,1.03%,606669,611862943.00,United States,,Biotechnology: Pharmaceutical Preparations,Health Care
CRML,Critical Metals Corp. Ordinary Shares,$7.83,-0.34,-4.162%,7918158,1150138936.00,British Virgin Islands,,Metal Mining,Basic Materials
CRMLW,Critical Metals Corp. Warrants,$2.915,-0.155,-5.049%,33467,428180715.00,British Virgin Islands,,Metal Mining,Basic Materials
CRMT,America's Car-Mart Inc Common Stock,$1.06,-0.30,-22.059%,965246,8838787.00,United States,,Retail-Auto Dealers and Gas Stations,Consumer Discretionary
CRNC,Cerence Inc. Common Stock,$7.95,0.02,0.252%,609355,359580543.00,United States,,Computer Software: Prepackaged Software,Technology
CRNT,Ceragon Networks Ltd. Ordinary Shares,$2.11,-0.02,-0.939%,188254,192601880.00,Israel,,Radio And Television Broadcasting And Communications Equipment,Technology
CRON,Cronos Group Inc. Common Share,$3.34,0.02,0.602%,876538,1230498966.00,Canada,, Medicinal Chemicals and Botanical Products ,Health Care
CROX,Crocs Inc. Common Stock,$126.14,2.70,2.187%,911901,6047791761.00,United States,2006,Shoe Manufacturing,Consumer Discretionary
CRS,Carpenter Technology Corporation Common Stock,$396.84,-4.01,-1.00%,682796,19666821331.00,United States,,Steel/Iron Ore,Industrials
CRSP,CRISPR Therapeutics AG Common Shares,$54.23,-1.47,-2.639%,1008944,5243642572.00,Switzerland,2016,Biotechnology: Biological Products (No Diagnostic Substances),Health Care
CRSR,Corsair Gaming Inc. Common Stock,$13.66,0.11,0.812%,970201,1477697260.00,United States,2020,Computer peripheral equipment,Technology
CRT,Cross Timbers Royalty Trust Common Stock,$12.50,0.25,2.041%,28775,75000000.00,United States,1992,Oil & Gas Production,Energy
CRTO,Criteo S.A. Ordinary Shares,$16.28,-0.28,-1.691%,285803,797680261.00,France,2013,Advertising,Consumer Discretionary
CRUS,Cirrus Logic Inc. Common Stock,$119.92,1.12,0.943%,383267,6010097915.00,United States,1989,Semiconductors,Technology
CRVL,CorVel Corp. Common Stock,$74.33,0.60,0.814%,213873,3754896722.00,United States,,Specialty Insurers,Finance
CRVO,CervoMed Inc. Common Stock,$2.54,0.02,0.794%,106100,38402504.00,United States,,Biotechnology: Pharmaceutical Preparations,Health Care
CRVS,Corvus Pharmaceuticals Inc. Common Stock,$11.62,-0.18,-1.525%,1099762,977485369.00,United States,2016,Biotechnology: Pharmaceutical Preparations,Health Care
CRWD,CrowdStrike Holdings Inc. Class A Common Stock,$252.13,-7.54,-2.904%,7641579,258164691713.00,United States,2019,Computer Software: Prepackaged Software,Technology
CRWS,Crown Crafts Inc Common Stock,$2.50,-0.05,-1.961%,107024,26900718.00,United States,,Textiles,Consumer Discretionary
CRWV,CoreWeave Inc. Class A Common Stock,$87.59,-2.54,-2.818%,23569303,48309090969.00,United States,2025,Computer Software: Prepackaged Software,Technology
CSAI,Cloudastructure Inc. Class A Common Stock,$3.53,0.00,0.00%,19555,3062176.00,United States,,Computer Software: Programming Data Processing,Technology
CSBR,Champions Oncology Inc. Common Stock,$4.90,-0.05,-1.01%,8799,68200988.00,United States,,Biotechnology: Biological Products (No Diagnostic Substances),Health Care
CSCO,Cisco Systems Inc. Common Stock (DE),$106.70,-0.27,-0.252%,19951987,420674019349.00,United States,1990,Computer Communications Equipment,Telecommunications
CSGP,CoStar Group Inc. Common Stock,$28.09,0.235,0.844%,6662488,11382000247.00,United States,1998,Real Estate,Finance
CSHR,CoinShares PLC Ordinary Shares,$5.53,-0.31,-5.308%,373496,728744556.00,Jersey,,Investment Bankers/Brokers/Service,Finance
CSHRW,CoinShares PLC Warrants,$1.30,0.05,4.00%,15539,171314272.00,Jersey,,Investment Bankers/Brokers/Service,Finance
CSIQ,Canadian Solar Inc. Common Shares (ON),$10.80,-0.15,-1.37%,2005242,732420619.00,Canada,2006,Semiconductors,Technology
CSL,Carlisle Companies Incorporated Common Stock,$326.37,12.24,3.896%,607141,12961501587.00,United States,,Specialty Chemicals,Industrials
CSPI,CSP Inc. Common Stock,$7.71,0.14,1.849%,8198,77721773.00,United States,1982,EDP Services,Technology
CSQ,Calamos Strategic Total Return Common Stock,$20.75,0.08,0.387%,210574,3296918157.00,United States,2004,Finance Companies,Finance
CSQR,Csquare Inc. Common Stock,$17.01,-0.34,-1.96%,853503,2834444068.00,,2026,Computer Software: Programming Data Processing,Technology
CSR,D/B/A Centerspace Common Stock,$55.29,0.12,0.218%,151127,928548609.00,United States,,Real Estate Investment Trusts,Real Estate
CSTE,Caesarstone Ltd. Ordinary Shares,$2.94,-0.06,-2.00%,17009,101656601.00,Israel,2012,Building Materials,Industrials
CSTL,Castle Biosciences Inc. Common Stock,$35.81,0.62,1.762%,437767,1093977846.00,United States,2019,Medical Specialities,Health Care
CSTM,Constellium SE Ordinary Shares (France),$24.89,0.26,1.056%,1115290,3373285150.00,Netherlands,2013,Metal Fabrications,Industrials
CSV,Carriage Services Inc. Common Stock,$31.94,-0.04,-0.125%,175626,507280534.00,United States,,Other Consumer Services,Consumer Discretionary
CSW,CSW Industrials Inc. Common Stock,$296.80,2.35,0.798%,85287,4835906942.00,United States,,Home Furnishings,Industrials
CSWC,Capital Southwest Corporation Common Stock,$23.13,0.09,0.391%,504063,1437314992.00,United States,,Textiles,Consumer Discretionary
CSX,CSX Corporation Common Stock,$46.78,-0.17,-0.362%,8581443,86658776617.00,United States,,Railroads,Industrials
CTA^A,EIDP Inc. Preferred Stock $3.50 Series,$50.84,-0.1601,-0.314%,1004,,United States,,,
CTA^B,EIDP Inc. Preferred Stock $4.50 Series,$64.7003,-0.8253,-1.26%,699,,United States,,,
CTAA,ClearThink 1 Acquisition Corp. Class A Ordinary Shares,$9.95,0.00,0.00%,9,0.00,United States,2026,Blank Checks,Finance
CTAS,Cintas Corporation Common Stock,$199.91,2.23,1.128%,2487342,79867396891.00,United States,1983,Garments and Clothing,Industrials
CTBI,Community Trust Bancorp Inc. Common Stock,$75.56,0.27,0.359%,217817,1372770604.00,United States,,Major Banks,Finance
CTEV,Claritev Corporation Class A Common Stock,$23.20,-0.16,-0.685%,201427,393181142.00,United States,2020,Business Services,Consumer Discretionary
CTGG,Qwest Corporation 6.500% Senior Notes due 2051 (denominations of $25),$16.13,-0.025,-0.155%,53428,0.00,,2026,Telecommunications Equipment,Telecommunications
CTGO,Contango Silver & Gold Inc. Common Stock,$18.55,0.42,2.317%,596451,620324818.00,United States,2021,Precious Metals,Basic Materials
CTHH,Qwest Corporation 6.750% Senior Notes due 2052 (denominations of $25),$16.66,0.045,0.271%,10169,0.00,,2026,Telecommunications Equipment,Telecommunications
CTKB,Cytek Biosciences Inc. Common Stock,$5.65,-0.08,-1.396%,1494824,734405379.00,United States,2021,Biotechnology: Laboratory Analytical Instruments,Industrials
CTM,Castellum Inc. Common Stock,$0.6288,0.0042,0.672%,334026,59598473.00,,2022,Professional Services,Consumer Discretionary
CTMX,CytomX Therapeutics Inc. Common Stock,$2.70,-0.05,-1.818%,3031511,588328067.00,United States,2015,Biotechnology: Pharmaceutical Preparations,Health Care
CTNM,Contineum Therapeutics Inc. Class A Common Stock,$12.56,0.07,0.56%,404932,472521418.00,United States,2024,Biotechnology: Pharmaceutical Preparations,Health Care
CTNT,Cheetah Net Supply Chain Service Inc Class A Common Stock,$0.0315,-0.0006,-1.869%,518029043,42002.00,United States,2023,Motor Vehicles,Consumer Discretionary
CTO,CTO Realty Growth Inc. Common Stock,$20.72,0.17,0.827%,532411,776698607.00,United States,1992,Real Estate Investment Trusts,Real Estate
CTO^A,CTO Realty Growth Inc. 6.375% Series A Cumulative Redeemable Preferred Stock,$19.67,-0.31,-1.552%,7383,,United States,,,
CTOR,Citius Oncology Inc. Common Stock,$1.05,0.00,0.00%,26673,97630264.00,United States,2022,Biotechnology: Pharmaceutical Preparations,Health Care
CTOS,Custom Truck One Source Inc. Common Stock,$9.45,0.22,2.384%,497963,2149927306.00,Cayman Islands,2017,Diversified Commercial Services,Consumer Discretionary
CTRE,CareTrust REIT Inc. Common Stock,$37.41,0.09,0.241%,1684627,8839728575.00,United States,2022,Real Estate Investment Trusts,Real Estate
CTRI,Centuri Holdings Inc. Common Stock,$20.51,0.12,0.589%,1844988,2070752217.00,United States,2024,Oil & Gas Production,Utilities
CTRM,Castor Maritime Inc. Common Shares,$2.14,0.00,0.00%,27258,20677438.00,Cyprus,,Marine Transportation,Consumer Discretionary
CTRN,Citi Trends Inc. Common Stock,$49.03,-1.04,-2.077%,154089,408883086.00,United States,2005,Clothing/Shoe/Accessory Stores,Consumer Discretionary
CTS,CTS Corporation Common Stock,$59.60,0.02,0.034%,242668,1701949222.00,United States,,Electrical Products,Technology
CTSH,Cognizant Technology Solutions Corporation Class A Common Stock,$57.33,0.16,0.28%,4465924,25823966502.00,United States,1998,EDP Services,Technology
CTSO,Cytosorbents Corporation Common Stock,$4.38,0.08,1.86%,6567,13801822.00,United States,,Medical/Dental Instruments,Health Care
CTVA,Corteva Inc. Common Stock ,$78.52,-0.93,-1.171%,4163353,52388229920.00,United States,2019,Farming/Seeds/Milling,Consumer Staples
CTW,CTW Class A Ordinary Shares,$2.10,0.00,0.00%,30826,131040000.00,Japan,2025,EDP Services,Technology
CTXR,Citius Pharmaceuticals Inc. Common Stock,$0.5786,0.0084,1.473%,65167,15884057.00,United States,,Biotechnology: Pharmaceutical Preparations,Health Care
CUB,Lionheart Holdings Class A Ordinary Shares,$10.89,0.01,0.092%,26875,345959793.00,United States,2024,Industrial Machinery/Components,Industrials
CUBB,Customers Bancorp Inc 5.375% Subordinated Notes Due 2034,$21.25,0.2258,1.074%,252,671999163.00,United States,2019,Major Banks,Finance
CUBE,CubeSmart Common Shares,$37.82,0.21,0.558%,2615670,8515636408.00,United States,,Real Estate Investment Trusts,Real Estate
CUBI,Customers Bancorp Inc Common Stock,$77.06,0.23,0.299%,263515,2603379551.00,United States,,Major Banks,Finance
CUBWW,Lionheart Holdings Warrant,$0.15,0.00,0.00%,60,0.00,United States,2024,Industrial Machinery/Components,Industrials
CUE,Cue Biopharma Inc. Common Stock,$31.41,-1.44,-4.384%,232474,228175244.00,United States,2018,Biotechnology: Pharmaceutical Preparations,Health Care
CULP,Culp Inc. Common Stock,$3.56,0.05,1.425%,41353,45337753.00,United States,,Textiles,Consumer Discretionary
CUPR,Cuprina Holdings (Cayman) Limited Class A Ordinary Shares,$1.87,-0.03,-1.579%,7291,13097027.00,Singapore,2025,Industrial Specialties,Health Care
CURB,Curbline Properties Corp. Common Stock,$28.46,0.02,0.07%,1681777,3273982192.00,United States,2024,Real Estate,Finance
CURI,CuriosityStream Inc. Class A Common Stock,$3.10,-0.02,-0.641%,735456,183947887.00,United States,2020,Movies/Entertainment,Consumer Discretionary
CURR,Currenc Group Inc. Ordinary Shares,$3.00,-0.01,-0.332%,53950,336845655.00,Singapore,,Business Services,Consumer Discretionary
CURV,Torrid Holdings Inc. Common Stock,$2.35,-0.09,-3.689%,247988,234340672.00,United States,2021,Clothing/Shoe/Accessory Stores,Consumer Discretionary
CURX,Curanex Pharmaceuticals Inc Common Stock,$4.74,0.29,6.517%,71287,7433462.00,United States,2025,Biotechnology: Pharmaceutical Preparations,Health Care
CUVL,Clinuvel Pharmaceuticals Limited American Depositary Shares,$5.63,-0.15,-2.595%,13339,281841741.00,Australia,,Miscellaneous,Miscellaneous
CUZ,Cousins Properties Incorporated Common Stock,$28.65,0.16,0.562%,1384661,4715848962.00,United States,,Real Estate Investment Trusts,Real Estate
CV,CapsoVision Inc. Common Stock,$6.65,0.48,7.78%,184606,353750687.00,United States,2025,Biotechnology: Electromedical & Electrotherapeutic Apparatus,Health Care
CVBF,CVB Financial Corporation Common Stock,$22.53,0.23,1.031%,1894144,3965222211.00,United States,,Major Banks,Finance
CVCO,Cavco Industries Inc. Common Stock When Issued,$557.28,14.07,2.59%,88396,4285149947.00,United States,,Homebuilding,Consumer Discretionary
CVE,Cenovus Energy Inc Common Stock,$30.93,-0.35,-1.119%,5915796,57993750000.00,Canada,,Oil & Gas Production,Energy
CVEO,Civeo Corporation (Canada) Common Shares,$32.47,-0.53,-1.606%,90558,335637812.00,,2014,Hotels/Resorts,Consumer Discretionary
CVGI,Commercial Vehicle Group Inc. Common Stock,$2.98,-0.03,-0.997%,181322,121085392.00,United States,2004,Auto Parts:O.E.M.,Consumer Discretionary
CVI,CVR Energy Inc. Common Stock,$51.52,0.22,0.429%,1170273,5179336460.00,United States,2007,Integrated oil Companies,Energy
CVKD,Cadrenal Therapeutics Inc. Common Stock,$1.15,-0.05,-4.167%,224867,4102731.00,United States,2023,Biotechnology: Pharmaceutical Preparations,Health Care
CVLG,Covenant Logistics Group Inc. Class A Common Stock,$32.47,-0.69,-2.081%,176765,824016452.00,United States,,Trucking Freight/Courier Services,Industrials
CVLT,Commvault Systems Inc. Common Stock,$145.54,-4.46,-2.973%,476043,6031841845.00,United States,2006,Computer Software: Prepackaged Software,Technology
CVM,Cel-Sci Corporation Common Stock,$1.67,-0.05,-2.907%,36418,29373608.00,United States,1997,Biotechnology: Biological Products (No Diagnostic Substances),Health Care
CVNA,Carvana Co. Class A Common Stock,$65.06,0.88,1.371%,4217896,71596172876.00,United States,2017,Retail-Auto Dealers and Gas Stations,Consumer Discretionary
CVR,Chicago Rivet & Machine Co. Common Stock,$10.2499,0.00,0.00%,944,9902756.00,United States,1930,Industrial Machinery/Components,Industrials
CVRX,CVRx Inc. Common Stock,$2.70,0.17,6.719%,462374,71932312.00,United States,2021,Medical/Dental Instruments,Health Care
CVS,CVS Health Corporation Common Stock,$89.13,4.08,4.797%,15768147,113994628989.00,United States,,Retail-Drug Stores and Proprietary Stores,Consumer Staples
CVSA,Covista Inc. Common Shares,$120.75,-3.41,-2.746%,525893,4110187515.00,United States,,Other Consumer Services,Real Estate
CVU,CPI Aerostructures Inc. Common Stock,$5.08,-0.08,-1.55%,44618,67308649.00,United States,2022,Military/Government/Technical,Industrials
CVV,CVD Equipment Corporation Common Stock,$4.40,0.01,0.228%,27459,30585293.00,United States,,Industrial Machinery/Components,Technology
CVX,Chevron Corporation Common Stock,$204.45,-1.20,-0.584%,7135205,403946436969.00,United States,,Integrated oil Companies,Energy
CW,Curtiss-Wright Corporation Common Stock,$539.73,-4.48,-0.823%,260745,19934627460.00,United States,,Industrial Machinery/Components,Technology
CWBC,Community West Bancshares Common Stock,$26.77,0.41,1.555%,225486,726298958.00,United States,,Major Banks,Finance
CWCO,Consolidated Water Co. Ltd. Ordinary Shares,$27.86,0.03,0.108%,77623,446118419.00,Cayman Islands,,Water Supply,Utilities
CWD,CaliberCos Inc. Class A Common Stock,$0.6242,-0.0335,-5.094%,844816,6482100.00,United States,2023,Real Estate,Finance
CWEN,Clearway Energy Inc. Class C Common Stock,$29.77,0.58,1.987%,1144131,4879711147.00,United States,2015,Electric Utilities: Central,Utilities
CWH,Camping World Holdings Inc. Class A Common Stock,$5.39,0.20,3.854%,1912522,556759597.00,United States,2016,Retail-Auto Dealers and Gas Stations,Consumer Discretionary
CWK,Cushman & Wakefield Ltd. Common Shares,$12.16,-0.12,-0.977%,1796370,2854118689.00,United States,2018,Real Estate,Finance
CWST,Casella Waste Systems Inc. Class A Common Stock,$82.24,-1.59,-1.897%,429880,5233757383.00,United States,1997,Environmental Services,Utilities
CWT,California Water Service Group Common Stock,$46.17,0.17,0.37%,360893,2855111293.00,United States,,Water Supply,Utilities
CX,Cemex S.A.B. de C.V. Sponsored ADR,$9.71,0.20,2.103%,7390740,14719545477.00,Mexico,,Building Materials,Industrials
CXAI,CXApp Inc. Class A Common Stock,$2.495,-0.085,-3.295%,37046,5831828.00,United States,2021,EDP Services,Technology
CXAIW,CXApp Inc. Warrant,$0.0337,-0.0013,-3.714%,16374,78771.00,United States,2021,EDP Services,Technology
CXDO,Crexendo Inc. Common Stock,$6.09,0.22,3.748%,313742,202515581.00,United States,,Telecommunications Equipment,Telecommunications
CXII,Churchill Capital Corp XII Class A Ordinary Shares,$10.79,0.07,0.653%,1237,0.00,United States,2026,Blank Checks,Finance
CXIIU,Churchill Capital Corp XII Units,$11.17,-0.03,-0.268%,392,0.00,United States,2026,Blank Checks,Finance
CXIIW,Churchill Capital Corp XII Warrants,$2.13,0.09,4.412%,1603,0.00,United States,2026,Blank Checks,Finance
CXM,Sprinklr Inc. Class A Common Stock,$5.07,-0.23,-4.34%,2822185,1177108694.00,United States,2021,Computer Software: Prepackaged Software,Technology
CXT,Crane NXT Co. Common Stock,$47.72,0.56,1.187%,383235,2746825427.00,United States,,Metal Fabrications,Industrials
CXW,CoreCivic Inc. Common Stock,$32.13,-2.23,-6.49%,2901909,3177447802.00,United States,,Real Estate Investment Trusts,Real Estate
CYAB,Cyabra Inc. Common Stock,$0.2172,-0.021,-8.816%,687426,3822084.00,Israel,,Computer Software: Prepackaged Software,Technology
CYCU,Cycurion Inc. Common Stock,$2.81,-0.05,-1.748%,93086,9076418.00,United States,2025,EDP Services,Technology
CYCUW,Cycurion Inc. Warrant,$0.0322,-0.0177,-35.471%,25675,104007.00,United States,2025,EDP Services,Technology
CYD,China Yuchai International Limited Common Stock,$33.03,1.83,5.865%,180861,1239230176.00,Singapore,1994,Industrial Machinery/Components,Industrials
CYH,Community Health Systems Inc. Common Stock,$2.94,0.06,2.083%,1205241,414567510.00,United States,2000,Hospital/Nursing Management,Health Care
CYN,Cyngn Inc. Common Stock,$0.6899,-0.0225,-3.158%,126845,10588779.00,United States,2021,EDP Services,Technology
CYPH,Cypherpunk Technologies Inc. Common Stock,$4.12,0.04,0.98%,19967602,443989254.00,United States,,Biotechnology: Pharmaceutical Preparations,Health Care
CYRX,CryoPort Inc. Common Stock,$17.41,0.01,0.057%,729963,881800831.00,United States,,Biotechnology: Pharmaceutical Preparations,Health Care
CYTK,Cytokinetics Incorporated Common Stock,$64.66,-1.00,-1.523%,1599310,8989254208.00,United States,2004,Biotechnology: Pharmaceutical Preparations,Health Care
CZFS,Citizens Financial Services Inc. Common Stock,$79.85,0.52,0.655%,34120,384066922.00,United States,,Major Banks,Finance
CZNC,Citizens & Northern Corp Common Stock,$25.70,0.22,0.863%,42744,460926082.00,United States,,Major Banks,Finance
CZR,Caesars Entertainment Inc. Common Stock,$29.59,-0.03,-0.101%,4724589,6028085807.00,United States,,Hotels/Resorts,Consumer Discretionary
CZWI,Citizens Community Bancorp Inc. Common Stock,$21.34,0.13,0.613%,28371,205935930.00,United States,2006,Savings Institutions,Finance
D,Dominion Energy Inc. Common Stock,$60.68,0.28,0.464%,4906635,53369634585.00,United States,,Electric Utilities: Central,Utilities
DAAQ,Digital Asset Acquisition Corp. Class A Ordinary shares,$10.46,0.02,0.192%,802,0.00,United States,2025,Blank Checks,Finance
DAAQU,Digital Asset Acquisition Corp. Units,$11.76,0.00,0.00%,6,0.00,United States,2025,Blank Checks,Finance
DAAQW,Digital Asset Acquisition Corp. Warrant,$0.15,0.0099,7.066%,7159,0.00,United States,2025,Blank Checks,Finance
DAC,Danaos Corporation Common Stock,$154.14,-0.52,-0.336%,187560,2805883637.00,Greece,2006,Marine Transportation,Consumer Discretionary
DAIC,CID HoldCo Inc. Common Stock,$3.20,-0.21,-6.158%,274972,6280333.00,United States,,EDP Services,Technology
DAICW,CID HoldCo Inc. Warrants,$0.0099,0.0034,52.308%,9736,19430.00,United States,,EDP Services,Technology
DAIO,Data I/O Corporation Common Stock,$2.85,-0.03,-1.042%,8414,29627537.00,United States,1981,Electrical Products,Industrials
DAKT,Daktronics Inc. Common Stock,$17.02,-0.19,-1.104%,597319,818536903.00,United States,1994,Miscellaneous manufacturing industries,Consumer Discretionary
DAL,Delta Air Lines Inc. Common Stock,$84.94,2.18,2.634%,7069348,55858500168.00,United States,,Air Freight/Delivery Services,Consumer Discretionary
DAN,Dana Incorporated Common Stock ,$27.14,-0.21,-0.768%,1595175,2919631068.00,United States,,Auto Parts:O.E.M.,Consumer Discretionary
DAO,Youdao Inc. American Depositary Shares each representing one Class A Ordinary Share,$14.70,0.14,0.962%,24531,1773329076.00,China,2019,Other Consumer Services,Real Estate
DAR,Darling Ingredients Inc. Common Stock,$61.29,-0.45,-0.729%,2107623,9671740722.00,United States,1997,Packaged Foods,Consumer Staples
DARE,Dare Bioscience Inc. Common Stock,$0.7755,0.035,4.727%,119249,15253374.00,United States,2014,Biotechnology: Pharmaceutical Preparations,Health Care
DASH,DoorDash Inc. Class A Common Stock,$193.36,5.83,3.109%,2872626,83782489098.00,United States,,Business Services,Consumer Discretionary
DAVA,Endava plc American Depositary Shares (each representing one Class A Ordinary Share),$1.81,0.11,6.471%,618634,98332961.00,United Kingdom,2018,EDP Services,Technology
DAVE,Dave Inc. Class A Common Stock,$324.88,-6.575,-1.984%,200454,4144009114.00,United States,,Finance: Consumer Services,Finance
DAVEW,Dave Inc. Warrants,$1.05,0.0201,1.952%,3734,13393282.00,United States,,Finance: Consumer Services,Finance
DB,Deutsche Bank AG Common Stock,$36.57,0.95,2.667%,1655084,68802798000.00,Germany,,Major Banks,Finance
DBCA,D. Boral Acquisition I Corp. Class A Ordinary Shares,$10.03,0.00,0.00%,28726,0.00,United States,2026,Blank Checks,Finance
DBCAU,D. Boral Acquisition I Corp. Unit,$10.38,-0.02,-0.192%,1202,0.00,United States,2026,Blank Checks,Finance
DBD,Diebold Nixdorf Incorporated Common stock,$62.72,0.25,0.40%,122416,2129129999.00,United States,2023,Office Equipment/Supplies/Services,Miscellaneous
DBGI,Digital Brands Group Inc. Common Stock,$4.73,-0.40,-7.797%,238723,4415498.00,United States,2025,Clothing/Shoe/Accessory Stores,Consumer Discretionary
DBI,Designer Brands Inc. Class A Common Stock,$6.13,-0.14,-2.233%,639247,313386467.00,United States,,Clothing/Shoe/Accessory Stores,Consumer Discretionary
DBL,DoubleLine Opportunistic Credit Fund Common Shares of Beneficial Interest,$13.56,0.00,0.00%,86317,0.00,United States,2012,,
DBRG,DigitalBridge Group Inc.,$15.98,0.00,0.00%,4402111,2996174590.00,United States,2014,Real Estate Investment Trusts,Real Estate
DBRG^H,DigitalBridge Group Inc. 7.125% Series H ,$14.725,-0.065,-0.439%,35477,,United States,,,
DBRG^I,DigitalBridge Group Inc. 7.15% Series I ,$14.905,0.045,0.303%,814741,,United States,,,
DBRG^J,DigitalBridge Group Inc. 7.125% Series J ,$15.3801,0.0101,0.066%,454814,,United States,,,
DBVT,DBV Technologies S.A. American Depositary Shares,$11.56,-0.04,-0.345%,290000,684155885.00,France,2014,Biotechnology: Biological Products (No Diagnostic Substances),Health Care
DBX,Dropbox Inc. Class A Common Stock,$32.32,-0.34,-1.041%,4044006,7294924091.00,United States,2018,Computer Software: Prepackaged Software,Technology
DC,Dakota Gold Corp. Common Stock,$6.61,-0.11,-1.637%,1102535,886883471.00,United States,2022,Metal Mining,Basic Materials
DCBG,Dime Commercial Bancshares Inc. 9.000% Junior Subordinated Notes,$26.50,-0.1499,-0.562%,2699,1037438881.00,United States,,Major Banks,Finance
DCBO,Docebo Inc. Common Shares,$22.84,0.47,2.101%,28968,569803047.00,Canada,,Computer Software: Prepackaged Software,Technology
DCGO,DocGo Inc. Common Stock,$0.3445,0.0045,1.324%,513189,34080823.00,United States,2020,Medical/Nursing Services,Health Care
DCH,Dauch Corporation Common Stock,$5.46,0.04,0.738%,5274817,1297321127.00,United States,,Auto Parts:O.E.M.,Consumer Discretionary
DCI,Donaldson Company Inc. Common Stock,$87.41,0.81,0.935%,483234,10131785405.00,United States,,Pollution Control Equipment,Industrials
DCO,Ducommun Incorporated Common Stock,$172.15,-2.42,-1.386%,290905,2599426955.00,United States,,Military/Government/Technical,Industrials
DCOM,Dime Commercial Bancshares Inc. Common Stock,$40.37,0.16,0.398%,264329,1782601740.00,United States,,Major Banks,Finance
DCOM^,Dime Commercial Bancshares Inc. Preferred Stock Series A,$16.3001,-0.0499,-0.305%,75572,,United States,,,
DCOY,Decoy Therapeutics Inc. Common Stock,$3.09,-0.02,-0.643%,441784,5684423.00,United States,2015,Biotechnology: Pharmaceutical Preparations,Health Care
DCTH,Delcath Systems Inc. Common Stock,$15.60,-0.48,-2.985%,262298,541301202.00,United States,,Medical/Dental Instruments,Health Care
DCX,Digital Currency X Technology Inc. Class A Ordinary Shares,$0.0494,-0.0109,-18.076%,85986115,0.00,Cayman Islands,,Auto Manufacturing,Industrials
DD,DuPont de Nemours Inc. Common Stock,$131.71,1.49,1.144%,780536,17786510237.00,United States,2017,Major Chemicals,Industrials
DDC,DDC Enterprise Limited Class A Ordinary Shares,$0.1976,-0.0134,-6.351%,3535054,11577633.00,,2023,Packaged Foods,Consumer Staples
DDD,3D Systems Corporation Common Stock,$3.57,0.14,4.082%,2277632,593144886.00,United States,,Computer Software: Prepackaged Software,Technology
DDI,DoubleDown Interactive Co. Ltd. American Depository Shares,$13.00,0.00,0.00%,188431,644194720.00,South Korea,2021,EDP Services,Technology
DDL,Dingdong (Cayman) Limited American Depositary Shares (each two representing three Ordinary Shares),$2.22,-0.03,-1.333%,169716,524425461.00,Cayman Islands,2021,Catalog/Specialty Distribution,Consumer Discretionary
DDOG,Datadog Inc. Class A Common Stock,$268.13,11.21,4.363%,5368486,96278786185.00,United States,2019,Computer Software: Prepackaged Software,Technology
DDS,Dillard's Inc. Common Stock,$664.07,12.28,1.884%,112367,10372408826.00,United States,,Department/Specialty Retail Stores,Consumer Discretionary
DDT,Dillard's Capital Trust I,$26.262,0.0296,0.113%,6687,410198022.00,United States,,Department/Specialty Retail Stores,Consumer Discretionary
DE,Deere & Company Common Stock,$690.46,-4.48,-0.645%,1112703,186165561970.00,United States,,Industrial Machinery/Components,Industrials
DEA,Easterly Government Properties Inc. Common Stock,$22.91,0.20,0.881%,365270,1084138245.00,United States,2015,Real Estate Investment Trusts,Real Estate
DEC,Diversified Energy Company Common Stock,$13.79,-0.26,-1.851%,721778,1058469253.00,United States,2025,,
DECK,Deckers Outdoor Corporation Common Stock,$78.67,-0.01,-0.013%,2550920,10731707238.00,United States,1993,Shoe Manufacturing,Consumer Discretionary
DEFT,Defi Technologies Inc. Common Stock,$0.504,-0.028,-5.263%,2725977,195598985.00,Canada,,Finance: Consumer Services,Finance
DEI,Douglas Emmett Inc. Common Stock,$9.82,0.15,1.551%,2867777,1644705322.00,United States,2006,Real Estate Investment Trusts,Real Estate
DELL,Dell Technologies Inc. Class C Common Stock ,$562.89,26.87,5.013%,8729846,357892638848.00,United States,2018,Computer Manufacturing,Technology
DEO,Diageo plc Common Stock,$87.52,0.69,0.795%,580682,48718003274.00,United Kingdom,,Beverages (Production/Distribution),Consumer Staples
DERM,Journey Medical Corporation Common Stock,$6.14,-0.18,-2.848%,216317,173297785.00,United States,2021,Biotechnology: Pharmaceutical Preparations,Health Care
DETX,Liberty Defense Holdings Ltd. Common Shares,$2.108,0.008,0.381%,8789,11977620.00,United States,,Industrial Machinery/Components,Industrials
DFDV,DeFi Development Corp. Common Stock,$6.04,0.25,4.318%,2945362,197029572.00,United States,2023,Finance: Consumer Services,Finance
DFDVW,DeFi Development Corp. Warrant,$0.91,-0.02,-2.151%,2359,29684919.00,United States,,Finance: Consumer Services,Finance
DFH,Dream Finders Homes Inc. Class A Common Stock,$11.30,0.21,1.894%,1075749,1023046833.00,United States,2022,Homebuilding,Consumer Discretionary
DFIN,Donnelley Financial Solutions Inc. Common Stock ,$48.92,-0.30,-0.61%,245218,1202716936.00,United States,2016,Other Consumer Services,Consumer Discretionary
DFLI,Dragonfly Energy Holdings Corp. Common Stock (NV),$0.9135,0.0143,1.59%,548190,13683137.00,United States,2021,Industrial Machinery/Components,Miscellaneous
DFLIW,Dragonfly Energy Holdings Corp. Warrant,$0.0198,0.0029,17.16%,530,296580.00,United States,2021,Industrial Machinery/Components,Miscellaneous
DFNS,T3 Defense Inc. Common Stock,$7.79,-0.08,-1.017%,158400,22125906.00,United States,2020,Professional Services,Consumer Discretionary
DFNSW,T3 Defense Inc. Warrants,$0.06,-0.0004,-0.662%,134650,170418.00,United States,2020,Professional Services,Consumer Discretionary
DFP,Flaherty & Crumrine Dynamic Preferred and Income Fund Inc. Common Stock,$19.02,0.05,0.264%,112736,0.00,,2013,Investment Managers,Finance
DFSC,DEFSEC Technologies Inc. Common Stock,$1.10,0.04,3.774%,142249,7225977.00,Canada,,Computer Software: Prepackaged Software,Technology
DFTX,Definium Therapeutics Inc. Common Shares,$36.17,-0.56,-1.525%,2682941,4860052582.00,United States,, Medicinal Chemicals and Botanical Products ,Health Care
DG,Dollar General Corporation Common Stock,$124.84,2.31,1.885%,2506460,27541800064.00,United States,2009,Department/Specialty Retail Stores,Consumer Discretionary
DGAC,Disciplined Growth Acquisition Corporation Class A Ordinary Shares,$10.00,0.0099,0.099%,835,0.00,,2026,,
DGICA,Donegal Group Inc. Class A Common Stock,$18.09,0.17,0.949%,160859,671487811.00,United States,,Property-Casualty Insurers,Finance
DGICB,Donegal Group Inc. Class B Common Stock,$18.20,0.79,4.538%,2212,675570932.00,United States,1986,Property-Casualty Insurers,Finance
DGII,Digi International Inc. Common Stock,$78.30,1.55,2.02%,357652,2971338031.00,United States,1989,Computer Communications Equipment,Telecommunications
DGNX,Diginex Limited Ordinary Shares,$1.35,-0.05,-3.571%,1231517,67675676.00,Hong Kong,2025,EDP Services,Technology
DGX,Quest Diagnostics Incorporated Common Stock,$236.32,-0.27,-0.114%,742028,26083432435.00,United States,,Medical Specialities,Health Care
DGXX,Digi Power X Inc. Subordinate Voting Shares,$4.59,0.06,1.325%,3609158,465395499.00,Canada,,Finance: Consumer Services,Finance
DH,Definitive Healthcare Corp. Class A Common Stock,$0.945,-0.065,-6.436%,569217,136996693.00,United States,2021,Computer Software: Prepackaged Software,Technology
DHC,Diversified Healthcare Trust Common Shares of Beneficial Interest,$8.13,0.01,0.123%,1767037,1968508672.00,United States,,Real Estate Investment Trusts,Real Estate
DHCNI,Diversified Healthcare Trust 5.625% Senior Notes due 2042,$17.62,-0.23,-1.289%,11997,4253720970.00,United States,,Real Estate Investment Trusts,Real Estate
DHCNL,Diversified Healthcare Trust 6.25% Senior Notes Due 2046,$18.75,-0.005,-0.027%,16891,4526519194.00,United States,,Real Estate Investment Trusts,Real Estate
DHF,BNY Mellon High Yield Strategies Fund Common Stock,$2.24,0.03,1.357%,481569,0.00,United States,1998,Finance Companies,Finance
DHI,D.R. Horton Inc. Common Stock,$141.51,1.16,0.827%,2946446,39580526293.00,United States,,Homebuilding,Consumer Discretionary
DHR,Danaher Corporation Common Stock,$224.49,0.72,0.322%,4423722,157813339262.00,United States,,Industrial Machinery/Components,Industrials
DHT,DHT Holdings Inc.,$21.78,0.10,0.461%,3392349,3507486854.00,Jersey,2005,Marine Transportation,Consumer Discretionary
DHX,DHI Group Inc. Common Stock,$4.73,0.00,0.00%,127338,205396419.00,United States,2007,Business Services,Consumer Discretionary
DHY,UBS Asset Management High Yield Credit Fund Common Stock,$1.62,0.00,0.00%,1045228,0.00,United States,1998,Finance/Investors Services,Finance
DIBS,1stdibs.com Inc. Common Stock,$3.97,-0.08,-1.975%,71938,133452713.00,United States,2021,Catalog/Specialty Distribution,Consumer Discretionary
DIN,Dine Brands Global Inc. Common Stock,$28.17,-0.84,-2.896%,604507,356608256.00,United States,,Restaurants,Consumer Discretionary
DINO,HF Sinclair Corporation Common Stock,$106.82,1.03,0.974%,2084921,18990870750.00,United States,1960,Natural Gas Distribution,Energy
DIOD,Diodes Incorporated Common Stock,$95.84,1.10,1.161%,353488,4413595407.00,United States,,Semiconductors,Technology
DIS,Walt Disney Company (The) Common Stock,$106.15,0.59,0.559%,7248961,183287814647.00,United States,,Services-Misc. Amusement & Recreation,Consumer Discretionary
DIT,AMCON Distributing Company Common Stock,$67.56,0.00,0.00%,29,65940452.00,United States,1999,Food Distributors,Consumer Discretionary
DJCO,Daily Journal Corp. (S.C.) Common Stock,$656.86,1.85,0.282%,51328,905121551.00,United States,,Newspapers/Magazines,Consumer Discretionary
DJT,Trump Media & Technology Group Corp. Common Stock,$9.14,0.04,0.44%,2064979,2540383244.00,United States,2024,Computer Software: Programming Data Processing,Technology
DJTWW,Trump Media & Technology Group Corp. Warrants,$5.07,-0.21,-3.977%,18880,1409162259.00,United States,2021,Computer Software: Programming Data Processing,Technology
DK,Delek US Holdings Inc. Common Stock,$67.84,0.93,1.39%,5792919,4153990684.00,United States,2017,Integrated oil Companies,Energy
DKI,DarkIris Inc. Class A Ordinary Shares,$2.73,-0.17,-5.862%,97493,5671452.00,Hong Kong,2025,Computer Software: Prepackaged Software,Technology
DKL,Delek Logistics Partners L.P. Common Units representing Limited Partner Interests,$53.89,-0.59,-1.083%,110417,2866802551.00,United States,2012,Natural Gas Distribution,Energy
DKNG,DraftKings Inc. Class A Common Stock,$22.02,0.75,3.526%,20470528,10931918137.00,United States,2019,Services-Misc. Amusement & Recreation,Consumer Discretionary
DKS,Dick's Sporting Goods Inc Common Stock,$136.43,3.18,2.386%,2263452,12132250035.00,United States,2002,Other Specialty Stores,Consumer Discretionary
DLB,Dolby Laboratories Common Stock,$58.56,1.00,1.737%,571923,5485244635.00,United States,2005,Multi-Sector Companies,Miscellaneous
DLHC,DLH Holdings Corp.,$3.55,-0.22,-5.836%,24305,51450274.00,United States,,Professional Services,Consumer Discretionary
DLNG,Dynagas LNG Partners LP Common Units,$3.56,0.00,0.00%,22607,129519959.00,Greece,,Marine Transportation,Consumer Discretionary
DLNG^A,Dynagas LNG Partners LP 9.00% Series A Cumulative Redeemable Preferred Units,$26.12,-0.01,-0.038%,576,,Greece,,,
DLO,DLocal Limited Class A Common Shares,$14.08,0.20,1.441%,980139,4152641940.00,Uruguay,2021,Business Services,Consumer Discretionary
DLPN,Dolphin Entertainment Inc. Common Stock,$1.085,-0.004,-0.367%,5875,14141707.00,United States,,Other Consumer Services,Consumer Discretionary
DLR,Digital Realty Trust Inc. Common Stock,$178.61,-2.39,-1.32%,1483544,66092161395.00,United States,2004,Real Estate Investment Trusts,Real Estate
DLR^J,Digital Realty Trust Inc. 5.250% Series J Cumulative Redeemable Preferred Stock,$18.1837,-0.0963,-0.527%,9387,,United States,,,
DLR^K,Digital Realty Trust Inc. 5.850% Series K Cumulative Redeemable Preferred Stock par value $0.01 per share,$20.33,-0.02,-0.098%,11816,,United States,,,
DLR^L,Digital Realty Trust Inc. 5.200% Series L Cumulative Redeemable Preferred Stock,$18.15,-0.145,-0.793%,43016,,United States,,,
DLTH,Duluth Holdings Inc. Class B Common Stock,$3.97,-0.05,-1.244%,49916,150879854.00,United States,2015,Clothing/Shoe/Accessory Stores,Consumer Discretionary
DLTR,Dollar Tree Inc. Common Stock,$114.07,0.57,0.502%,2007238,21402988207.00,United States,1995,Department/Specialty Retail Stores,Consumer Discretionary
DLX,Deluxe Corporation Common Stock,$24.33,0.04,0.165%,421277,1115683536.00,United States,,Publishing,Consumer Discretionary
DLXY,Delixy Holdings Limited Class A Ordinary Shares,$0.4999,0.0397,8.627%,805348,0.00,Singapore,2025,Oil Refining/Marketing,Energy
DLY,DoubleLine Yield Opportunities Fund Common Shares of Beneficial Interest,$13.11,0.05,0.383%,347320,628569163.00,United States,2020,Investment Managers,Finance
DMA,Destra Multi-Alternative Fund Common Stock,$7.60,0.00,0.00%,14747,0.00,,2022,Trusts Except Educational Religious and Charitable,Finance
DMAA,Drugs Made In America Acquisition Corp. Ordinary Shares,$10.84,-0.01,-0.092%,1470,0.00,United States,2025,,
DMAAR,Drugs Made In America Acquisition Corp. Rights,$0.125,-0.0013,-1.029%,30672,0.00,United States,2025,Blank Checks,Finance
DMAC,DiaMedica Therapeutics Inc. Common Stock,$7.94,0.11,1.405%,236364,428170034.00,United States,2018,Biotechnology: Pharmaceutical Preparations,Health Care
DMB,BNY Mellon Municipal Bond Infrastructure Fund Inc. Common Stock,$9.52,-0.10,-1.04%,67628,0.00,,2013,Trusts Except Educational Religious and Charitable,Finance
DMC,Del Monte Corporation Ordinary Shares,$30.71,0.20,0.656%,224193,1447860355.00,Cayman Islands,,Farming/Seeds/Milling,Consumer Staples
DMII,Drugs Made In America Acquisition II Corp. Ordinary Shares,$10.16,0.01,0.099%,26427,0.00,United States,2025,Blank Checks,Finance
DMIIR,Drugs Made In America Acquisition II Corp. Right,$0.06,-0.0052,-7.975%,101725,0.00,United States,2025,Blank Checks,Finance
DMIIU,Drugs Made In America Acquisition II Corp. Unit,$10.20,-0.01,-0.098%,100,0.00,United States,2025,,
DMLP,Dorchester Minerals L.P. Common Units Representing Limited Partnership Interests,$29.04,-0.27,-0.921%,96724,1425614488.00,United States,,Oil & Gas Production,Energy
DMO,Western Asset Mortgage Opportunity Fund Inc. Common Stock,$9.52,0.05,0.528%,60740,0.00,United States,2010,Trusts Except Educational Religious and Charitable,Finance
DMRA,Damora Therapeutics Inc. Ordinary Shares,$20.66,0.39,1.924%,1431833,1275455823.00,Denmark,2020,Biotechnology: Pharmaceutical Preparations,Health Care
DMRC,Digimarc Corporation Common Stock,$4.91,-0.03,-0.607%,174021,110353865.00,United States,,EDP Services,Technology
DNA,Ginkgo Bioworks Holdings Inc. Class A Common Stock,$10.66,0.41,4.00%,2312459,685867353.00,United States,2021,Biotechnology: Biological Products (No Diagnostic Substances),Health Care
DNLI,Denali Therapeutics Inc. Common Stock,$20.39,-0.08,-0.391%,1257774,3259288547.00,United States,2017,Biotechnology: Biological Products (No Diagnostic Substances),Health Care
DNMX,Dynamix Corporation III Class A Ordinary Shares,$10.055,0.005,0.05%,192,0.00,United States,2025,Blank Checks,Finance
DNMXU,Dynamix Corporation III Unit,$10.1499,-0.0001,-0.001%,5243,0.00,United States,2025,Blank Checks,Finance
DNMXW,Dynamix Corporation III Warrants,$0.24,0.0899,59.893%,1700,0.00,United States,2025,Blank Checks,Finance
DNN,Denison Mines Corp Ordinary Shares (Canada),$2.65,0.02,0.76%,30948152,2398822737.00,Canada,,Other Metals and Minerals,Basic Materials
DNOW,DNOW Inc. Common Stock,$15.93,0.02,0.126%,1393939,2879919244.00,United States,2014,Oil and Gas Field Machinery,Consumer Discretionary
DNP,DNP Select Income Fund Inc. Common Stock,$9.80,-0.05,-0.508%,1162755,0.00,United States,1987,Investment Managers,Finance
DNTH,Dianthus Therapeutics Inc. Common Stock,$88.55,-2.16,-2.381%,522749,4952989172.00,United States,2018,Biotechnology: Pharmaceutical Preparations,Health Care
DNUT,Krispy Kreme Inc. Common Stock,$2.89,-0.09,-3.02%,2299698,501415000.00,United States,2021,Food Chains,Consumer Staples
DOC,Healthpeak Properties Inc. Common Stock,$20.31,0.04,0.197%,5204855,14004298651.00,United States,,Real Estate Investment Trusts,Real Estate
DOCN,DigitalOcean Holdings Inc. Common Stock,$139.75,-1.82,-1.286%,1951769,16431742113.00,United States,2021,Computer Software: Programming Data Processing,Technology
DOCS,Doximity Inc. Class A Common Stock,$26.35,0.31,1.19%,2006275,4696781573.00,United States,2021,EDP Services,Technology
DOCU,DocuSign Inc. Common Stock,$67.50,-1.49,-2.16%,2224727,12615915510.00,United States,1989,Computer Software: Prepackaged Software,Technology
DOGZ,Dogness (International) Corporation Class A Common Stock,$0.9131,0.0066,0.728%,6882,16089423.00,China,2017,Miscellaneous manufacturing industries,Consumer Discretionary
DOLE,Dole plc Ordinary Shares,$12.98,0.08,0.62%,759084,1226075315.00,Ireland,2021,Farming/Seeds/Milling,Consumer Staples
DOMH,Dominari Holdings Inc. Common Stock,$2.335,0.035,1.522%,321805,56608913.00,United States,,Investment Bankers/Brokers/Service,Finance
DOO,BRP Inc. Common Subordinate Voting Shares,$57.17,1.78,3.214%,229084,4067662765.00,Canada,,Industrial Specialties,Consumer Discretionary
DORM,Dorman Products Inc. Common Stock,$124.02,1.42,1.158%,198765,3680370144.00,United States,,Auto Parts:O.E.M.,Consumer Discretionary
DOUG,Douglas Elliman Inc. Common Stock,$1.57,0.04,2.614%,222329,142698043.00,United States,2021,Real Estate,Finance
DOV,Dover Corporation Common Stock,$191.88,3.99,2.124%,1694337,25842441573.00,United States,,Industrial Machinery/Components,Industrials
DOW,Dow Inc. Common Stock ,$28.02,-0.54,-1.891%,8842135,20239986722.00,United States,2019,Major Chemicals,Industrials
DOX,Amdocs Limited Ordinary Shares,$57.71,-0.14,-0.242%,650936,6229767896.00,Guernsey,,EDP Services,Technology
DOYU,DouYu International Holdings Limited ADS,$4.61,-0.04,-0.86%,51795,139124540.00,China,2019,Computer Software: Programming Data Processing,Technology
DPC,DPC Holdings PLC Ordinary Shares,$41.03,-0.31,-0.75%,914067,6129595446.00,,2026,Metal Fabrications,Telecommunications
DPG,Duff & Phelps Utility and Infrastructure Fund Inc.,$12.92,-0.02,-0.155%,101465,0.00,United States,2011,Trusts Except Educational Religious and Charitable,Finance
DPRO,Draganfly Inc. Common Shares,$5.35,-0.22,-3.95%,783930,197950000.00,Canada,,Aerospace,Industrials
DPU,Top KingWin Ltd Class A Ordinary Shares,$1.57,-0.10,-5.988%,10456,4719228.00,China,2023,Business Services,Consumer Discretionary
DPZ,Domino's Pizza Inc Common Stock,$292.14,-0.89,-0.304%,637214,9664498063.00,United States,2004,Food Distributors,Consumer Discretionary
DQ,DAQO New Energy Corp. American Depositary Shares each representing five ordinary shares,$11.47,0.02,0.175%,427395,776130591.00,China,2010,Semiconductors,Technology
DRCT,Direct Digital Holdings Inc. Class A Common Stock,$1.57,-0.01,-0.633%,16073,1260281.00,United States,2022,Advertising,Consumer Discretionary
DRD,DRDGOLD Limited American Depositary Shares,$25.21,0.27,1.083%,188788,2179628138.00,South Africa,,Precious Metals,Basic Materials
DRDB,Roman DBDR Acquisition Corp. II Ordinary shares,$10.71,0.00,0.00%,5429,0.00,United States,2025,,
DRDBU,Roman DBDR Acquisition Corp. II Unit,$10.72,0.00,0.00%,4,0.00,United States,2024,,
DRDBW,Roman DBDR Acquisition Corp. II Warrants,$0.115,-0.0152,-11.674%,357,0.00,United States,2025,,
DRH,Diamondrock Hospitality Company Common Stock,$12.49,0.07,0.564%,1985954,2555524956.00,United States,2005,Real Estate Investment Trusts,Real Estate
DRI,Darden Restaurants Inc. Common Stock,$199.75,-7.49,-3.614%,1913837,22787074308.00,United States,,Restaurants,Consumer Discretionary
DRIO,DarioHealth Corp. Common Stock,$6.63,-0.14,-2.068%,12709,64970559.00,Israel,,Medical/Dental Instruments,Health Care
DRK,DarkHorse Technologies Inc. Common Shares,$3.07,0.02,0.656%,87607,31840434.00,Canada,,Finance: Consumer Services,Finance
DRMA,Dermata Therapeutics Inc. Common Stock,$1.14,-0.03,-2.564%,30319,4585243.00,United States,2021,Biotechnology: Pharmaceutical Preparations,Health Care
DRS,Leonardo DRS Inc. Common Stock,$37.16,-0.43,-1.144%,654471,9917688697.00,Israel,,Industrial Machinery/Components,Industrials
DRTS,Alpha Tau Medical Ltd. Ordinary Shares,$14.54,-0.23,-1.557%,435423,1344632359.00,Israel,,Medical/Dental Instruments,Health Care
DRTSW,Alpha Tau Medical Ltd. Warrant,$3.92,-0.05,-1.259%,1582,362514364.00,Israel,,Medical/Dental Instruments,Health Care
DRUG,Bright Minds Biosciences Inc. Common Stock,$51.80,-1.71,-3.196%,210999,510958360.00,Canada,,Biotechnology: Pharmaceutical Preparations,Health Care
DRVN,Driven Brands Holdings Inc. Common Stock,$12.31,0.27,2.243%,1113492,2030901535.00,United States,2021,Automotive Aftermarket,Consumer Discretionary
DSAC,Daedalus Special Acquisition Corp. Class A Ordinary Shares,$10.15,0.00,0.00%,409,0.00,Cayman Islands,2026,Blank Checks,Finance
DSACW,Daedalus Special Acquisition Corp. Warrant,$0.67,-0.0299,-4.272%,1128,0.00,Cayman Islands,2026,Blank Checks,Finance
DSC,DSC Holdings Ltd. American Depositary Shares,$6.277,0.077,1.242%,14927,314305032.00,China,2026,Computer Software: Programming Data Processing,Technology
DSGN,Design Therapeutics Inc. Common Stock,$12.12,-0.12,-0.98%,434516,758489610.00,United States,2021,Biotechnology: Pharmaceutical Preparations,Health Care
DSGR,Distribution Solutions Group Inc. Common Stock,$34.96,0.01,0.029%,260434,1617089553.00,United States,,Industrial Specialties,Consumer Discretionary
DSGX,Descartes Systems Group Inc. (The) Common Stock,$78.61,-1.52,-1.897%,664951,6724971751.00,Canada,,Computer Software: Prepackaged Software,Technology
DSL,DoubleLine Income Solutions Fund Common Shares of Beneficial Interests,$10.02,0.07,0.704%,728854,1022008217.00,United States,2013,Trusts Except Educational Religious and Charitable,Finance
DSM,BNY Mellon Strategic Municipal Bond Fund Inc. Common Stock,$5.26,-0.02,-0.379%,261482,0.00,United States,1989,Investment Managers,Finance
DSP,Viant Technology Inc. Class A Common Stock,$12.19,-0.15,-1.216%,409211,810620579.00,United States,2021,Computer Software: Programming Data Processing,Technology
DSS,DSS Inc. Common Stock,$0.7076,0.0306,4.52%,12614,7106086.00,United States,,Containers/Packaging,Consumer Discretionary
DSU,Blackrock Debt Strategies Fund Inc. Common Stock,$8.94,0.03,0.337%,243641,0.00,United States,1998,Finance Companies,Finance
DSWL,Deswell Industries Inc. Common Shares,$3.10,-0.032,-1.022%,2210,49244241.00,Macau,1995,Plastic Products,Industrials
DSX,Diana Shipping inc. common stock,$2.80,-0.09,-3.114%,892227,348358363.00,Greece,2005,Marine Transportation,Consumer Discretionary
DSX^B,Diana Shipping Inc. Perpetual Preferred Shares Series B (Marshall Islands),$27.40,0.20,0.735%,935,,Greece,,,
DSY,Big Tree Cloud Holdings Limited Class A Ordinary Shares,$3.61,0.01,0.278%,4653,17154258.00,China,,Containers/Packaging,Consumer Discretionary
DSYWW,Big Tree Cloud Holdings Limited Warrants,$0.0141,0.00,0.00%,35,67001.00,China,,Containers/Packaging,Consumer Discretionary
DT,Dynatrace Inc. Common Stock,$57.95,-0.73,-1.244%,6848923,16747673318.00,United States,2019,Computer Software: Prepackaged Software,Technology
DTB,DTE Energy Company 2020 Series G 4.375% Junior Subordinated Debentures due 2080,$15.34,0.00,0.00%,63908,3192070978.00,United States,2020,Electric Utilities: Central,Utilities
DTCX,Datacentrex Inc. Common Stock,$1.91,-0.08,-4.02%,118420,76674326.00,United States,,EDP Services,Technology
DTE,DTE Energy Company Common Stock,$121.44,0.26,0.215%,2022608,25270215099.00,United States,,Electric Utilities: Central,Utilities
DTF,DTF Tax-Free Income 2028 Term Fund Inc. Common Stock,$11.27,-0.06,-0.53%,11167,79223220.00,United States,1991,Investment Managers,Finance
DTG,DTE Energy Company 2021 Series E 4.375% Junior Subordinated Debentures,$15.36,-0.13,-0.839%,18142,3196232740.00,United States,2021,Electric Utilities: Central,Utilities
DTI,Drilling Tools International Corporation Common Stock,$2.45,0.00,0.00%,119600,86441449.00,United States,2021,Oil and Gas Field Machinery,Consumer Discretionary
DTIL,Precision BioSciences Inc. Common Stock,$6.22,-0.11,-1.738%,204004,171681666.00,United States,2019,Biotechnology: Biological Products (No Diagnostic Substances),Health Care
DTK,DTE Energy Company 2025 Series H 6.25% Junior Subordinated Debentures due 2085,$21.38,0.15,0.707%,43453,0.00,United States,2025,Electric Utilities: Central,Utilities
DTM,DT Midstream Inc. Common Stock ,$122.28,-2.47,-1.98%,573624,12474430395.00,United States,2021,Natural Gas Distribution,Utilities
DTSQ,DT Cloud Star Acquisition Corporation Ordinary Shares,$11.50,0.00,0.00%,16,0.00,United States,2024,,
DTSS,Datasea Intelligent Technology Ltd. Class A Ordinary Shares,$0.8785,-0.0041,-0.465%,108066,12672258.00,China,,Computer Software: Prepackaged Software,Technology
DTST,Data Storage Corporation Common Stock,$3.13,0.28,9.825%,182848,7317120.00,United States,,EDP Services,Technology
DTW,DTE Energy Company 2017 Series E 5.25% Junior Subordinated Debentures due 2077,$18.55,0.02,0.108%,28664,3860033680.00,United States,2017,Electric Utilities: Central,Utilities
DUK,Duke Energy Corporation (Holding Company) Common Stock,$113.35,0.12,0.106%,3749354,88379243577.00,United States,,Power Generation,Utilities
DUK^A,Duke Energy Corporation Depositary Shares each representing a 1/1000th interest in a share of 5.75% Series A Cumulative Redeemable Perpetual Preferred Stock,$22.25,0.26,1.182%,144965,,United States,,,
DUKB,Duke Energy Corporation 5.625% Junior Subordinated Debentures due 2078,$20.27,-0.05,-0.246%,73004,15804563452.00,United States,2018,Power Generation,Utilities
DUKR,DUKE Robotics Corp. Common Stock,$5.29,-0.02,-0.377%,11071,18123424.00,Israel,,Aerospace,Industrials
DUKRW,DUKE Robotics Corp. Warrant,$1.35,0.14,11.57%,578,4625070.00,Israel,,Aerospace,Industrials
DUKU,Duke Energy Corporation Corporate Units,$47.47,-2.53,-5.06%,27160,0.00,United States,2026,Power Generation,Utilities
DUO,Fangdd Network Group Ltd. Class A Ordinary Shares,$0.6479,0.0508,8.508%,153501,24975517.00,China,2019,Real Estate,Finance
DUOL,Duolingo Inc. Class A Common Stock,$143.51,-4.24,-2.87%,680788,6714297464.00,United States,2021,Computer Software: Prepackaged Software,Technology
DUOT,Duos Technologies Group Inc. Common Stock,$9.14,-0.41,-4.293%,390677,287658641.00,United States,,Computer Software: Prepackaged Software,Technology
DV,DoubleVerify Holdings Inc. Common Stock,$13.41,0.04,0.299%,1586919,2078373618.00,United States,2021,Computer Software: Programming Data Processing,Technology
DVA,DaVita Inc. Common Stock,$178.47,3.80,2.176%,519847,11386386000.00,United States,,Misc Health and Biotechnology Services,Health Care
DVLT,Datavault AI Inc. Common Stock,$0.1526,0.0011,0.726%,21005643,144928585.00,United States,2018,Business Services,Consumer Discretionary
DVN,Devon Energy Corporation Common Stock,$47.05,-1.85,-3.783%,10760724,51755000000.00,United States,1985,Oil & Gas Production,Energy
DWSN,Dawson Geophysical Company Common Stock,$2.89,-0.19,-6.169%,38757,89750736.00,United States,,Oil & Gas Production,Energy
DWTX,Dogwood Therapeutics Inc. Common Stock,$1.36,-0.07,-4.895%,46405,46229872.00,United States,2020,Biotechnology: Pharmaceutical Preparations,Health Care
DX,Dynex Capital Inc. Common Stock,$11.34,0.00,0.00%,9251171,2814212839.00,United States,,Real Estate Investment Trusts,Real Estate
DX^C,Dynex Capital Inc. 6.900% Series C Fixed-to-Floating Rate Cumulative Redeemable Preferred Stock,$25.68,0.00,0.00%,27786,,United States,,,
DXC,DXC Technology Company Common Stock ,$10.65,-0.16,-1.48%,2633900,1701643038.00,United States,,EDP Services,Technology
DXCM,DexCom Inc. Common Stock,$86.62,-0.85,-0.972%,1891371,32686989464.00,United States,2005,Medical/Dental Instruments,Health Care
DXF,Eason Technology Limited American Depositary Shares (each representing sixty-thousand (60000) Ordinary Shares),$0.5265,-0.0128,-2.373%,77697,1703731.00,,,Finance: Consumer Services,Finance
DXLG,Destination XL Group Inc. Common Stock,$0.4992,-0.0208,-4.00%,247515,27682412.00,United States,,Clothing/Shoe/Accessory Stores,Consumer Discretionary
DXPE,DXP Enterprises Inc. Common Stock,$192.10,-1.55,-0.80%,147031,2980844131.00,United States,,Industrial Machinery/Components,Industrials
DXR,Daxor Corporation Common Stock,$11.01,-0.38,-3.336%,16423,64278846.00,United States,,Medical/Dental Instruments,Health Care
DXST,Decent Holding Inc Class A Ordinary Shares,$2.11,-0.19,-8.261%,25998,3829920.00,China,2025,Miscellaneous,Industrials
DXYZ,Destiny Tech100 Inc. Common Stock,$30.62,1.48,5.079%,802959,0.00,,2024,,
DY,Dycom Industries Inc. Common Stock,$271.52,-0.58,-0.213%,527034,8189303045.00,United States,,Water Sewer Pipeline Comm & Power Line Construction,Industrials
DYAI,Dyadic International Inc. Common Stock,$0.416,-0.0192,-4.412%,141752,16666500.00,United States,,Biotechnology: Biological Products (No Diagnostic Substances),Health Care
DYN,Dyne Therapeutics Inc. Common Stock,$16.03,-0.48,-2.907%,1612999,2993545289.00,United States,2020,Biotechnology: Pharmaceutical Preparations,Health Care
DYNC,Dynamix Corporation Class A Ordinary Shares,$10.895,0.015,0.138%,9724,0.00,United States,2024,,
DYNCU,Dynamix Corporation Unit,$10.95,-0.255,-2.276%,761,0.00,United States,2024,,
DYNCW,Dynamix Corporation Warrant,$0.12,-0.01,-7.692%,21471,0.00,United States,2024,,
DYOR,Insight Digital Partners II Class A Ordinary Shares,$10.13,-0.01,-0.099%,772,0.00,United States,2025,Blank Checks,Finance
DYORW,Insight Digital Partners II Warrants,$0.2365,0.0365,18.25%,360,0.00,United States,2025,Blank Checks,Finance
E,ENI S.p.A. Common Stock,$54.71,-0.33,-0.60%,216374,86079759693.00,Italy,,Oil & Gas Production,Energy
EAD,Allspring Income Opportunities Fund Common Shares,$6.04,0.02,0.332%,337298,0.00,United States,2003,Finance/Investors Services,Finance
EAF,GrafTech International Ltd. Common Stock,$11.09,0.52,4.92%,650515,289362099.00,United States,2018,Industrial Machinery/Components,Energy
EAI,Entergy Arkansas LLC First Mortgage Bonds 4.875% Series Due September 1 2066,$18.735,-0.125,-0.663%,18112,8742341115.00,United States,2016,Electric Utilities: Central,Utilities
EARN,Ellington Credit Company Common Shares of Beneficial Interest,$4.26,0.09,2.158%,240684,160002171.00,United States,2013,Real Estate Investment Trusts,Real Estate
EAT,Brinker International Inc. Common Stock,$207.20,0.49,0.237%,916574,8653710072.00,United States,,Restaurants,Consumer Discretionary
EBAY,eBay Inc. Common Stock,$107.90,0.07,0.065%,2859257,48015500000.00,United States,1998,Business Services,Consumer Discretionary
EBC,Eastern Bankshares Inc. Common Stock,$21.42,0.11,0.516%,2004414,4894717444.00,United States,2020,Savings Institutions,Finance
EBF,Ennis Inc. Common Stock,$22.13,-0.18,-0.807%,155943,559850759.00,United States,,Office Equipment/Supplies/Services,Consumer Discretionary
EBMT,Eagle Bancorp Montana Inc. Common Stock,$21.53,0.13,0.607%,25011,171495729.00,United States,2010,Major Banks,Finance
EBON,Ebang International Holdings Inc. Class A Ordinary Shares,$2.06,0.05,2.488%,3731,13480512.00,China,2020,Investment Bankers/Brokers/Service,Finance
EBS,Emergent BioSolutions Inc. Common Stock,$6.79,0.02,0.295%,631383,348145951.00,United States,2006,Biotechnology: Pharmaceutical Preparations,Health Care
EC,Ecopetrol S.A. American Depositary Shares,$16.58,0.21,1.283%,1733262,34085739906.00,Colombia,,Oil & Gas Production,Energy
ECAT,BlackRock ESG Capital Allocation Term Trust Common Shares of Beneficial Interest,$14.07,-0.01,-0.071%,314433,1521459450.00,United States,2021,Finance/Investors Services,Finance
ECBK,ECB Bancorp Inc. Common Stock,$20.70,0.00,0.00%,8646,180870431.00,United States,2022,Banks,Finance
ECC           ,Eagle Point Credit Company Common Share of Beneficial Interest,$3.50,-0.02,-0.568%,615684,212318834.00,United States,2014,Trusts Except Educational Religious and Charitable,Finance
ECC^D,Eagle Point Credit Company 6.75% Series D Preferred Stock,$17.685,-0.365,-2.022%,18615,,United States,,,
ECCC,Eagle Point Credit Company 6.50% Series C Term Preferred Stock due 2031,$25.00,0.00,0.00%,245,1516563100.00,United States,,Trusts Except Educational Religious and Charitable,Finance
ECCU,Eagle Point Credit Company 7.75% Notes due 2030,$25.04,-0.0699,-0.278%,19285,0.00,United States,2024,,
ECCV,Eagle Point Credit Company 5.375% Notes due 2029,$24.06,0.20,0.838%,9989,1459540327.00,United States,2022,Trusts Except Educational Religious and Charitable,Finance
ECF,Ellsworth Growth and Income Fund Ltd.,$11.92,-0.10,-0.832%,48988,0.00,United States,1986,Finance/Investors Services,Finance
ECF^A,Ellsworth Growth and Income Fund Ltd. 5.25% Series A Cumulative Preferred Shares (Liquidation Preference $25.00 per share),$19.4999,0.54,2.848%,194,,United States,,,
ECG,Everus Construction Group Inc. Common Stock,$116.94,0.24,0.206%,331334,5971404982.00,United States,2024,Homebuilding,Consumer Discretionary
ECHO,EchoStar  Corporation Common Stock,$90.11,-0.27,-0.299%,3371268,26205415703.00,United States,,Telecommunications Equipment,Consumer Discretionary
ECL,Ecolab Inc. Common Stock,$279.49,4.12,1.496%,1006117,78349041252.00,United States,,Package Goods/Cosmetics,Consumer Discretionary
ECO,Okeanis Eco Tankers Corp. Common Stock,$77.90,-0.32,-0.409%,655667,3041578625.00,,,Marine Transportation,Consumer Discretionary
ECOR,electroCore Inc. Common Stock,$11.12,-0.23,-2.026%,52234,100256641.00,United States,2018,Biotechnology: Electromedical & Electrotherapeutic Apparatus,Health Care
ECPG,Encore Capital Group Inc Common Stock,$98.41,0.83,0.851%,196468,2087213708.00,United States,,Finance Companies,Finance
ECVT,Ecovyst Inc. Common Stock,$10.14,0.00,0.00%,1014494,1110009556.00,United States,2017,Major Chemicals,Industrials
ECX,ECARX Holdings Inc. Class A Ordinary shares,$1.09,-0.01,-0.909%,1666059,415355383.00,China,,EDP Services,Technology
ED,Consolidated Edison Inc. Common Stock,$103.10,0.39,0.38%,1921722,38129332062.00,United States,,Power Generation,Utilities
EDBL,Edible Garden AG Incorporated Common Stock,$1.24,0.06,5.085%,6462136,2419871.00,United States,2022,Farming/Seeds/Milling,Consumer Staples
EDBLW,Edible Garden AG Incorporated Warrant,$0.0313,-0.0001,-0.318%,3471,61082.00,United States,2022,Farming/Seeds/Milling,Consumer Staples
EDD,Morgan Stanley Emerging Markets Domestic Debt Fund Inc. Common Stock,$5.60,0.07,1.266%,395949,0.00,United States,2007,Finance Companies,Finance
EDF,Virtus Stone Harbor Emerging Markets Income Fund Common Shares of Beneficial Interest,$5.05,0.00,0.00%,122272,0.00,United States,2010,Investment Managers,Finance
EDHL,Everbright Digital Holding Limited Ordinary Shares,$5.00,-0.44,-8.088%,880702,29796375.00,Hong Kong,2025,Advertising,Consumer Discretionary
EDIT,Editas Medicine Inc. Common Stock,$2.58,-0.17,-6.182%,3119388,396236490.00,United States,2016,Biotechnology: Biological Products (No Diagnostic Substances),Health Care
EDN,Empresa Distribuidora Y Comercializadora Norte S.A. (Edenor) American Depositary Shares,$21.32,-0.68,-3.091%,47764,964579097.00,Argentina,2007,Electric Utilities: Central,Utilities
EDRY,EuroDry Ltd. Common Shares ,$48.16,-2.74,-5.383%,219138,138055023.00,Greece,,Marine Transportation,Consumer Discretionary
EDSA,Edesa Biotech Inc. Common Shares,$4.01,-0.02,-0.496%,16771,54149929.00,United States,,Biotechnology: Pharmaceutical Preparations,Health Care
EDTK,Skillful Craftsman Education Technology Limited Ordinary Share,$1.05,-0.0236,-2.198%,1008,17009424.00,China,2020,Other Consumer Services,Real Estate
EDU,New Oriental Education & Technology Group Inc. Sponsored ADR representing 10 Ordinary Share (Cayman Islands),$56.47,-0.61,-1.069%,305047,8754520383.00,China,2006,Other Consumer Services,Real Estate
EDUC,Educational Development Corporation Common Stock,$1.30,0.00,0.00%,9683,11082453.00,United States,,Consumer Specialties,Consumer Discretionary
EDVA,Endovia Health Sciences Inc. Common Stock,$0.1921,0.0025,1.319%,1547111,1231845.00,,2021,Beverages (Production/Distribution),Consumer Staples
EE,Excelerate Energy Inc. Class A Common Stock,$33.09,-0.48,-1.43%,247277,3752475654.00,United States,2022,Oil/Gas Transmission,Utilities
EEA,The European Equity Fund Inc. Common Stock,$10.585,0.005,0.047%,2998,0.00,United States,,Trusts Except Educational Religious and Charitable,Finance
EEFT,Euronet Worldwide Inc. Common Stock,$65.61,1.28,1.99%,616100,2454049868.00,United States,1997,Investment Bankers/Brokers/Service,Finance
EEIQ,EpicQuest Education Group International Limited Common Stock,$4.82,0.72,17.561%,40902,7936723.00,United States,2021,Other Consumer Services,Real Estate
EFC,Ellington Financial Inc. Common Stock ,$12.36,-0.01,-0.081%,1575577,1593048091.00,United States,2010,Real Estate,Finance
EFC^B,Ellington Financial Inc. 6.250% Series B Fixed-Rate Reset Cumulative Redeemable Preferred Stock,$25.07,-0.01,-0.04%,5050,,United States,,,
EFC^C,Ellington Financial Inc. 8.625% Series C Fixed-Rate Reset Cumulative Redeemable Preferred Stock,$25.40,-0.01,-0.039%,1232,,United States,,,
EFC^D,Ellington Financial Inc. 7.00% Series D Cumulative Perpetual Redeemable Preferred Stock,$23.42,-0.08,-0.34%,401,,United States,,,
EFOI,Energy Focus Inc. Common Stock,$2.72,-0.015,-0.548%,16460,17324284.00,United States,,Building Products,Consumer Discretionary
EFOR,Everforth Inc. Common Stock,$33.12,0.69,2.128%,512673,1357920000.00,United States,,Professional Services,Consumer Discretionary
EFR,Eaton Vance Senior Floating-Rate Fund Common Shares of Beneficial Interest,$10.30,0.08,0.783%,104528,0.00,United States,2003,Trusts Except Educational Religious and Charitable,Finance
EFSC,Enterprise Financial Services Corporation Common Stock,$60.93,0.24,0.395%,304915,2205210244.00,United States,,Major Banks,Finance
EFSCP,Enterprise Financial Services Corporation Depositary Shares Each Representing a 1/40th Interest in a Share of 5% Fixed Rate Non-Cumulative Perpetual Preferred Stock Series A,$16.7899,-0.1869,-1.101%,4795,607668792.00,United States,,Major Banks,Finance
EFSI,Eagle Financial Services Inc Common Stock,$45.72,0.32,0.705%,23637,247419038.00,United States,,Major Banks,Finance
EFT,Eaton Vance Floating Rate Income Trust Common Shares of Beneficial Interest,$10.50,0.12,1.156%,70067,305449358.00,United States,2004,Finance Companies,Finance
EFX,Equifax Inc. Common Stock,$148.11,-0.69,-0.464%,3033560,17400687947.00,United States,,Finance: Consumer Services,Finance
EFXT,Enerflex Ltd Common Shares,$23.57,0.32,1.376%,595550,2877964952.00,Canada,2022,Industrial Machinery/Components,Industrials
EG,Everest Group Ltd. Common Stock,$370.43,-1.53,-0.411%,282276,14203298956.00,Bermuda,,Property-Casualty Insurers,Finance
EGAN,eGain Corporation Common Stock,$5.83,0.04,0.691%,360191,152579653.00,United States,1999,Computer Software: Prepackaged Software,Technology
EGBN,Eagle Bancorp Inc. Common Stock,$28.54,0.22,0.777%,378825,870012589.00,United States,,Major Banks,Finance
EGG,Enigmatig Limited Class A Ordinary Shares,$2.80,0.13,4.869%,2075,77966560.00,,2025,Professional Services,Consumer Discretionary
EGHA,EGH Acquisition Corp. Class A Ordinary Shares,$10.40,0.00,0.00%,14,0.00,United States,2025,Finance/Investors Services,Finance
EGHAR,EGH Acquisition Corp. Rights,$0.2633,0.0033,1.269%,1701,0.00,United States,2025,Finance/Investors Services,Finance
EGHT,8x8 Inc Common Stock,$2.30,0.02,0.877%,2031050,332201652.00,United States,,EDP Services,Technology
EGO,Eldorado Gold Corporation Ordinary Shares,$41.92,-0.21,-0.498%,1427751,10954528657.00,Canada,,Precious Metals,Basic Materials
EGP,EastGroup Properties Inc. Common Stock,$201.52,-0.98,-0.484%,431802,10836398842.00,United States,,Real Estate Investment Trusts,Real Estate
EGY,VAALCO Energy Inc.  Common Stock,$5.82,-0.12,-2.02%,1268861,612216148.00,United States,,Oil & Gas Production,Energy
EH,EHang Holdings Limited ADS,$4.51,-0.03,-0.661%,428823,342062583.00,China,2019,Aerospace,Industrials
EHC,Encompass Health Corporation Common Stock,$123.47,1.46,1.197%,1223320,12180733322.00,United States,,Hospital/Nursing Management,Health Care
EHGO,Eshallgo Inc. Class A Ordinary Shares,$0.8819,-0.0052,-0.586%,98955,4882707.00,China,2024,Diversified Commercial Services,Consumer Discretionary
EHI,Western Asset Global High Income Fund Inc Common Stock,$5.39,0.01,0.186%,172113,0.00,United States,2003,Investment Managers,Finance
EHLD,Euroholdings Ltd. Common Stock ,$11.95,0.43,3.733%,7207,33658549.00,Greece,,Marine Transportation,Consumer Discretionary
EHTH,eHealth Inc. Common Stock,$0.7556,-0.064,-7.809%,830618,24203873.00,United States,2006,Specialty Insurers,Finance
EIC,Eagle Point Income Company Common Shares of Beneficial Interest,$9.42,0.01,0.106%,37294,83914377.00,United States,2019,Finance/Investors Services,Finance
EICA,Eagle Point Income Company 5.00% Series A Term Preferred Shares due 2026,$24.96,-0.01,-0.04%,3407,222346376.00,United States,2021,Finance/Investors Services,Finance
EIG,Employers Holdings Inc Common Stock,$47.30,-0.27,-0.568%,341601,849531934.00,United States,2007,Property-Casualty Insurers,Finance
EIIA,Eagle Point Institutional Income Fund 8.125% Series A Term Preferred Shares Due 2029,$25.16,0.01,0.04%,952,0.00,,2024,,
EIKN,Eikon Therapeutics Inc. Common Stock,$7.92,-0.37,-4.463%,377200,428987038.00,United States,2026,Biotechnology: Biological Products (No Diagnostic Substances),Health Care
EIM,Eaton Vance Municipal Bond Fund Common Shares of Beneficial Interest $.01 par value,$8.83,0.03,0.341%,265717,0.00,United States,2002,Finance/Investors Services,Finance
EIX,Edison International Common Stock,$52.65,0.11,0.209%,3727527,20260455994.00,United States,,Electric Utilities: Central,Utilities
EJH,E-Home Household Service Holdings Limited Ordinary Shares,$1.2194,-0.04,-3.176%,9482,3902268.00,China,2021,Other Consumer Services,Consumer Discretionary
EL,Estee Lauder Companies Inc. (The) Common Stock,$94.47,-0.90,-0.944%,2798707,34179110624.00,United States,1995,Package Goods/Cosmetics,Consumer Discretionary
ELA,Envela Corporation Common Stock,$12.54,-0.08,-0.634%,73505,325581989.00,United States,,Consumer Specialties,Consumer Discretionary
ELAB,PMGC Holdings Inc. Common Stock,$4.57,0.05,1.106%,8850,3699776.00,United States,2023,Biotechnology: Pharmaceutical Preparations,Health Care
ELAN,Elanco Animal Health Incorporated Common Stock,$22.31,-0.04,-0.179%,6454620,11146563027.00,United States,2018,Biotechnology: Pharmaceutical Preparations,Health Care
ELBM,Electra Battery Materials Corporation Common Stock,$0.5382,0.0113,2.145%,113012,57479834.00,Canada,,Industrial Machinery/Components,Miscellaneous
ELC,Entergy Louisiana Inc. Collateral Trust Mortgage Bonds 4.875 % Series due September 1 2066,$18.69,-0.11,-0.585%,15920,3985409847.00,United States,2016,Electric Utilities: Central,Utilities
ELDN,Eledon Pharmaceuticals Inc. Common Stock,$2.65,-0.03,-1.119%,620083,215342053.00,United States,2014,Biotechnology: Pharmaceutical Preparations,Health Care
ELE,Elemental Royalty Corporation Common Stock,$20.74,0.59,2.928%,444724,1669964599.00,Canada,,Precious Metals,Basic Materials
ELF,e.l.f. Beauty Inc. Common Stock,$99.51,-1.06,-1.054%,1151086,5871885682.00,United States,2016,Package Goods/Cosmetics,Consumer Discretionary
ELLA,Ellington Credit Company 8.50% Notes due 2031,$25.0899,0.0099,0.039%,2608,0.00,United States,2026,Real Estate Investment Trusts,Real Estate
ELLO,Ellomay Capital Ltd Ordinary Shares (Israel),$21.98,0.00,0.00%,884,302955395.00,Israel,,Electric Utilities: Central,Utilities
ELMD,Electromed Inc. Common Stock,$27.88,0.02,0.072%,92782,233248624.00,United States,2011,Biotechnology: Electromedical & Electrotherapeutic Apparatus,Health Care
ELME,Elme Communities Common Stock,$1.73,0.03,1.765%,698399,153724138.00,United States,2000,Real Estate Investment Trusts,Real Estate
ELMT,The Elmet Group Co. Common Stock,$19.64,-0.09,-0.456%,375039,598224541.00,United States,2026,Metal Fabrications,Industrials
ELOG,Eastern International Ltd. Ordinary Shares,$0.48,-0.01,-2.041%,18169,6159360.00,China,2025,Integrated Freight & Logistics,Industrials
ELOX,Eloxx Pharmaceuticals Inc. Common Stock,$15.03,-0.97,-6.063%,27620,60667979.00,United States,,Biotechnology: Biological Products (No Diagnostic Substances),Health Care
ELPC,Companhia Paranaense de Energia (COPEL) American Depositary Shares (each representing four (4) Common Shares),$12.24,0.16,1.325%,593208,9127400412.00,Brazil,2023,Electric Utilities: Central,Utilities
ELPW,Elong Power Holding Limited Class A Ordinary Shares,$3.19,0.51,19.03%,8559031,2973364.00,China,,Industrial Machinery/Components,Miscellaneous
ELS,Equity Lifestyle Properties Inc. Common Stock,$59.23,-0.32,-0.537%,1917445,11494447383.00,United States,,Real Estate Investment Trusts,Real Estate
ELTK,Eltek Ltd. Ordinary Shares,$8.12,0.00,0.00%,419,54564995.00,Israel,1997,Electrical Products,Technology
ELTX,Elicio Therapeutics Inc. Common Stock,$1.84,-0.04,-2.128%,165372,48358663.00,United States,2021,Biotechnology: Pharmaceutical Preparations,Health Care
ELUT,Elutia Inc. Class A Common Stock,$0.8198,-0.0102,-1.229%,34663,36308311.00,United States,2020,Biotechnology: Biological Products (No Diagnostic Substances),Health Care
ELV,Elevance Health Inc. Common Stock,$396.09,-2.16,-0.542%,1220018,85899757076.00,United States,,Medical Specialities,Health Care
ELVA,Electrovaya Inc. Common Shares,$6.35,-0.04,-0.626%,254695,317492996.00,Canada,,Industrial Machinery/Components,Miscellaneous
ELVN,Enliven Therapeutics Inc. Common Stock,$44.75,-0.42,-0.93%,963807,3278866555.00,United States,2020,Biotechnology: Pharmaceutical Preparations,Health Care
ELVR,Elevra Lithium Limited American Depository Shares,$41.43,-1.40,-3.269%,59739,701727958.00,Australia,,Mining & Quarrying of Nonmetallic Minerals (No Fuels),Industrials
ELWT,Elauwit Connection Inc. Common Stock,$7.125,0.23,3.336%,18674,47166047.00,United States,2025,Telecommunications Equipment,Consumer Discretionary
EMA,Emera Incorporated Common Shares,$47.73,-0.03,-0.063%,320597,14662656000.00,Canada,2025,Electric Utilities: Central,Utilities
EMAT,Evolution Metals & Technologies Corp. Common Stock,$3.20,-0.01,-0.312%,1234068,2007042067.00,United States,,Industrial Machinery/Components,Miscellaneous
EMBC,Embecta Corp. Common Stock,$5.90,0.28,4.982%,791853,334291634.00,United States,,Medical/Dental Instruments,Health Care
EMBJ,Embraer S.A. Common Stock,$78.63,2.23,2.919%,1465435,14207775397.00,Brazil,,Aerospace,Industrials
EMD,Western Asset Emerging Markets Debt Fund Inc Common Stock,$9.64,0.19,2.011%,210437,0.00,United States,,Finance/Investors Services,Finance
EME,EMCOR Group Inc. Common Stock,$762.21,10.25,1.363%,265914,33621007641.00,United States,,Engineering & Construction,Industrials
EMF,Templeton Emerging Markets Fund Common Stock,$22.28,0.09,0.406%,26977,0.00,United States,1987,Finance/Investors Services,Finance
EMIS,Emmis Acquisition Corp. Class A Ordinary Shares,$10.27,0.01,0.097%,34195,0.00,United States,2025,Biotechnology: Pharmaceutical Preparations,Health Care
EML,Eastern Company (The) Common Stock,$24.10,-0.4975,-2.023%,3346,145023148.00,United States,,Industrial Machinery/Components,Consumer Discretionary
EMN,Eastman Chemical Company Common Stock,$66.97,0.78,1.178%,993625,7659855884.00,United States,,Major Chemicals,Industrials
EMO,ClearBridge Energy Midstream Opportunity Fund Inc. Common Stock,$51.39,-0.68,-1.306%,34351,0.00,United States,2011,Investment Managers,Finance
EMP,Entergy Mississippi LLC First Mortgage Bonds 4.90% Series Due October 1 2066,$19.075,-0.055,-0.288%,11111,8900995824.00,United States,2016,Electric Utilities: Central,Utilities
EMPD,Empery Digital Inc. Common stock,$2.89,-0.04,-1.365%,156815,81238221.00,United States,2021,Auto Manufacturing,Industrials
EMR,Emerson Electric Company Common Stock,$158.23,2.09,1.339%,1956235,88260694000.00,United States,,Consumer Electronics/Appliances,Technology
ENB,Enbridge Inc Common Stock,$46.74,-0.61,-1.288%,5363014,102085237787.00,Canada,,Natural Gas Distribution,Energy
ENGN,enGene Therapeutics Inc. Common Stock,$1.96,0.04,2.083%,1976173,131351979.00,Canada,,Biotechnology: Biological Products (No Diagnostic Substances),Health Care
ENGNW,enGene Therapeutics Inc. Warrants,$0.2201,-0.1199,-35.265%,9715,14750291.00,Canada,,Biotechnology: Biological Products (No Diagnostic Substances),Health Care
ENGS,Energys Group Limited Ordinary Shares,$2.94,0.03,1.031%,4441509,159279016.00,United Kingdom,2025,Engineering & Construction,Industrials
ENHA,Enhanced Group Inc. Class A Common Stock,$1.44,-0.03,-2.041%,406323,569341529.00,Singapore,,Services-Misc. Amusement & Recreation,Consumer Discretionary
ENIC,Enel Chile S.A. American Depositary Shares (Each representing 50 shares of Common Stock),$4.29,0.05,1.179%,478290,5934490608.00,Chile,2016,Electric Utilities: Central,Utilities
ENJ,Entergy New Orleans LLC First Mortgage Bonds 5.0% Series due December 1 2052,$19.14,0.2361,1.249%,825,8931326872.00,United States,,Power Generation,Utilities
ENLT,Enlight Renewable Energy Ltd. Ordinary Shares,$69.47,0.60,0.871%,137591,9687178848.00,Israel,2023,Electric Utilities: Central,Utilities
ENLV,Enlivex Ltd. Ordinary Shares,$0.5975,-0.0082,-1.354%,317481,10447564.00,Israel,2014,Biotechnology: Pharmaceutical Preparations,Health Care
ENO,Entergy New Orleans LLC First Mortgage Bonds 5.50% Series due April 1 2066,$20.33,-0.12,-0.587%,4545,4347181099.00,United States,2016,Power Generation,Utilities
ENOV,Enovis Corporation Common Stock,$18.46,0.19,1.04%,1289134,1064578859.00,United States,,Industrial Specialties,Health Care
ENPH,Enphase Energy Inc. Common Stock,$32.40,-0.42,-1.28%,4155028,4281486595.00,United States,2012,Semiconductors,Technology
ENR,Energizer Holdings Inc. Common Stock,$22.00,-0.20,-0.901%,745669,1506640014.00,United States,2015,Industrial Machinery/Components,Miscellaneous
ENRD,Einride AB American Depositary Shares,$4.14,0.315,8.235%,372025,607293739.00,Sweden,,EDP Services,Technology
ENRDW,Einride AB Warrants,$0.28,0.0299,11.955%,24638,41073007.00,Sweden,,EDP Services,Technology
ENS,EnerSys Common Stock,$178.89,1.76,0.994%,367684,6451707921.00,United States,2004,Industrial Machinery/Components,Miscellaneous
ENSC,Ensysce Biosciences Inc. Common Stock,$0.4123,0.0122,3.049%,142861,8022036.00,United States,,Biotechnology: Pharmaceutical Preparations,Health Care
ENSG,The Ensign Group Inc. Common Stock,$175.18,1.90,1.096%,220805,10209916788.00,United States,2007,Hospital/Nursing Management,Health Care
ENTA,Enanta Pharmaceuticals Inc. Common Stock,$11.88,-0.12,-1.00%,217321,346009776.00,United States,2013,Biotechnology: Pharmaceutical Preparations,Health Care
ENTG,Entegris Inc. Common Stock,$151.89,3.26,2.193%,1251575,23208792000.00,United States,2000,Plastic Products,Industrials
ENTX,Entera Bio Ltd. Ordinary Shares,$2.745,-0.055,-1.964%,776309,477417065.00,Israel,2018,Biotechnology: Biological Products (No Diagnostic Substances),Health Care
ENVA,Enova International Inc. Common Stock,$173.48,1.58,0.919%,220814,4319369401.00,United States,2014,Finance: Consumer Services,Finance
ENVB,Enveric Biosciences Inc. Common Stock,$1.50,-0.045,-2.913%,38242,6713826.00,United States,,Biotechnology: Pharmaceutical Preparations,Health Care
ENVX,Enovix Corporation Common Stock,$2.87,-0.09,-3.041%,5837265,629817295.00,United States,2021,Industrial Machinery/Components,Miscellaneous
EOCN,Eocene Ltd. Ordinary Shares,$3.63,0.01,0.276%,3686,3780881.00,Israel,2014,Biotechnology: Pharmaceutical Preparations,Health Care
EOD,Allspring Global Dividend Opportunity Fund Common Shares of Beneficial Interest,$6.41,0.07,1.104%,179092,0.00,United States,2007,Investment Managers,Finance
EOG,EOG Resources Inc. Common Stock,$140.35,-2.51,-1.757%,2671425,73617669852.00,United States,,Oil & Gas Production,Energy
EOI,Eaton Vance Enhance Equity Income Fund Eaton Vance Enhanced Equity Income Fund Shares of Beneficial Interest,$19.94,0.21,1.064%,74959,0.00,United States,2004,Finance/Investors Services,Finance
EOLS,Evolus Inc. Common Stock,$7.97,0.11,1.399%,398326,526422007.00,United States,2018,Biotechnology: Pharmaceutical Preparations,Health Care
EONR,EON Resources Inc. Class A Common Stock,$0.4929,-0.023,-4.458%,632997,24629397.00,,2022,Oil & Gas Production,Energy
EOS,Eaton Vance Enhance Equity Income Fund II Common Stock,$21.44,0.11,0.516%,125429,0.00,,2005,Trusts Except Educational Religious and Charitable,Finance
EOSE,Eos Energy Enterprises Inc. Class A Common Stock,$3.165,-0.08,-2.465%,33528667,1152590910.00,United States,,Industrial Machinery/Components,Miscellaneous
EOSEW,Eos Energy Enterprises Inc. Warrant,$3.00,-0.12,-3.846%,5279,1092503232.00,United States,,Industrial Machinery/Components,Miscellaneous
EOT,Eaton Vance Municipal Income Trust EATON VANCE NATIONAL MUNICIPAL OPPORTUNITIES TRUST,$15.41,-0.05,-0.323%,34994,240780033.00,United States,2009,Investment Bankers/Brokers/Service,Finance
EP,Empire Petroleum Corporation Common Stock,$2.11,-0.15,-6.637%,22044,87780940.00,United States,2022,Oil & Gas Production,Energy
EP^C,El Paso Corporation Preferred Stock,$49.6585,-0.0575,-0.116%,2176,,United States,,,
EPAC,Enerpac Tool Group Corp. Common Stock,$35.70,-0.34,-0.943%,564029,1825613962.00,United States,,Industrial Machinery/Components,Technology
EPAM,EPAM Systems Inc. Common Stock,$108.23,1.24,1.159%,1538068,5583258954.00,United States,2012,EDP Services,Technology
EPC,Edgewell Personal Care Company Common Stock,$27.82,0.49,1.793%,409573,1282193615.00,United States,,Package Goods/Cosmetics,Consumer Discretionary
EPD,Enterprise Products Partners L.P. Common Stock,$36.75,-0.52,-1.395%,5747065,79360785961.00,United States,,Natural Gas Distribution,Utilities
EPM,Evolution Petroleum Corporation Inc. Common Stock,$3.52,-0.11,-3.03%,629955,141406236.00,United States,,Oil & Gas Production,Energy
EPOW,E-Power Inc. Class A Ordinary Shares,$5.66,-0.07,-1.222%,14370,13169875.00,China,2021,Industrial Machinery/Components,Miscellaneous
EPR,EPR Properties Common Stock,$56.83,0.02,0.035%,685011,4353685037.00,United States,1997,Real Estate Investment Trusts,Real Estate
EPR^C,EPR Properties 5.75% Series C Cumulative Convertible Preferred Shares,$25.24,-0.06,-0.237%,1874,,United States,,,
EPR^E,EPR Properties Series E Cumulative Conv Pfd Shs Ser E,$31.60,0.175,0.557%,396,,United States,,,
EPR^G,EPR Properties 5.750% Series G Cumulative Redeemable Preferred Shares,$19.45,-0.22,-1.118%,16042,,United States,,,
EPRT,Essential Properties Realty Trust Inc. Common Stock,$26.53,0.06,0.227%,1897936,5737722796.00,United States,2018,Real Estate Investment Trusts,Real Estate
EPRX,Eupraxia Pharmaceuticals Inc. Common Stock,$8.01,-0.15,-1.838%,1313311,527912122.00,Canada,,Pharmaceuticals and Biotechnology,Health Care
EPSM,Epsium Enterprise Limited Class A Ordinary Shares,$1.28,-0.14,-9.859%,103318,17200684.00,Macau,2025,Beverages (Production/Distribution),Consumer Staples
EPSN,Epsilon Energy Ltd. Common Share,$5.93,-0.10,-1.658%,97554,179582809.00,United States,,Oil & Gas Production,Energy
EQ,Equillium Inc. Common Stock,$1.67,-0.05,-2.907%,137760,105891497.00,United States,2018,Biotechnology: Pharmaceutical Preparations,Health Care
EQBK,Equity Bancshares Inc. Class A Common Stock,$48.36,0.19,0.394%,122098,995852816.00,United States,,Major Banks,Finance
EQH,Equitable Holdings Inc. Common Stock,$53.84,1.23,2.338%,2090296,14700212853.00,United States,2018,Specialty Insurers,Finance
EQH^A,Equitable Holdings Inc. Depositary Shares,$18.05,0.02,0.111%,148202,,United States,,,
EQH^C,Equitable Holdings Inc. Depositary Shares each representing a 1/1000th interest in a share of Fixed Rate Noncumulative Perpetual Preferred Stock Series C,$15.96,0.03,0.188%,14789,,United States,,,
EQIX,Equinix Inc. Common Stock REIT,$1008.08,-26.68,-2.578%,882419,99468953223.00,United States,2000,Real Estate Investment Trusts,Real Estate
EQNR,Equinor ASA,$42.19,-0.98,-2.27%,4975948,105486434756.00,Norway,,Integrated oil Companies,Energy
EQPT,EquipmentShare.com Inc Class A Common Stock,$17.35,1.03,6.311%,4279269,4396072958.00,United States,2026,Diversified Commercial Services,Consumer Discretionary
EQS,Equus Total Return Inc. Common Stock,$0.999,0.049,5.158%,20367,13952729.00,United States,,Finance/Investors Services,Finance
EQT,EQT Corporation Common Stock,$50.81,-1.06,-2.044%,8835012,31782467960.00,United States,,Oil & Gas Production,Energy
EQX,Equinox Gold Corp. Common Shares,$11.94,0.21,1.79%,9211989,13939470275.00,Canada,,Precious Metals,Basic Materials
ERAS,Erasca Inc. Common Stock,$14.25,-0.27,-1.86%,3218228,4984108999.00,United States,2021,Biotechnology: Pharmaceutical Preparations,Health Care
ERC,Allspring Multi-Sector Income Fund Common Stock,$8.66,0.02,0.231%,34988,0.00,United States,2003,Finance/Investors Services,Finance
ERH,Allspring Utilities and High Income Fund Common Shares,$10.24,-0.10,-0.967%,16479,0.00,,2004,Finance/Investors Services,Finance
ERIC,Ericsson American Depositary Shares,$9.53,0.02,0.21%,7904582,32128982035.00,Sweden,,Radio And Television Broadcasting And Communications Equipment,Technology
ERIE,Erie Indemnity Company Class A Common Stock,$222.86,3.90,1.781%,137136,10293695694.00,United States,,Specialty Insurers,Finance
ERII,Energy Recovery Inc. Common Stock,$6.81,-0.02,-0.293%,681700,347615599.00,United States,2008,Industrial Machinery/Components,Technology
ERNA,Ernexa Therapeutics Inc. Common Stock,$3.445,-0.175,-4.834%,21427,5623656.00,United States,,Biotechnology: Pharmaceutical Preparations,Health Care
ERNAW,Ernexa Therapeutics Inc. Warrants,$0.035,0.00,0.00%,49,57134.00,United States,,Biotechnology: Pharmaceutical Preparations,Health Care
ERO,Ero Copper Corp. Common Shares,$37.87,0.76,2.048%,816718,3949006648.00,Canada,2021,Metal Mining,Basic Materials
EROC,ERock Inc. Class A Common Stock,$12.60,0.54,4.478%,2279117,2764441008.00,,2026,Industrial Machinery/Components,Energy
EROK,EagleRock Land LLC Class A shares representing limited liability company interests,$21.57,-0.44,-1.999%,161416,2836877125.00,,2026,Oil & Gas Production,Energy
ES,Eversource Energy (D/B/A) Common Stock,$63.67,-0.13,-0.204%,2867440,23982881587.00,United States,,Electric Utilities: Central,Utilities
ESAB,ESAB Corporation Common Stock,$71.91,4.02,5.921%,1070438,4470487217.00,United States,2022,Industrial Machinery/Components,Industrials
ESCA,Escalade Incorporated Common Stock,$19.52,0.21,1.088%,29400,268713764.00,United States,,Recreational Games/Products/Toys,Consumer Discretionary
ESE,ESCO Technologies Inc. Common Stock,$268.09,-0.33,-0.123%,194016,6945559637.00,United States,,Telecommunications Equipment,Telecommunications
ESEA,Euroseas Ltd. Common Stock (Marshall Islands),$69.70,-1.33,-1.872%,35385,491794906.00,Greece,,Marine Transportation,Consumer Discretionary
ESI,Element Solutions Inc. Common Stock,$35.71,1.21,3.507%,3689825,8702202539.00,United States,2014,Major Chemicals,Industrials
ESLA,Estrella Immunopharma Inc. Common Stock,$0.481,0.01,2.123%,28055,20922473.00,United States,2021,Biotechnology: Biological Products (No Diagnostic Substances),Health Care
ESLT,Elbit Systems Ltd. Ordinary Shares,$735.00,-4.72,-0.638%,71231,34184065755.00,Israel,,Military/Government/Technical,Industrials
ESNT,Essent Group Ltd. Common Shares,$63.73,-0.53,-0.825%,771352,5727828899.00,Bermuda,2013,Property-Casualty Insurers,Finance
ESOA,Energy Services of America Corporation Common Stock,$11.12,0.03,0.271%,160964,207490093.00,United States,,Water Sewer Pipeline Comm & Power Line Construction,Industrials
ESP,Espey Mfg. & Electronics Corp. Common Stock,$65.63,2.38,3.763%,58272,199309909.00,United States,1960,Industrial Machinery/Components,Technology
ESQ,Esquire Financial Holdings Inc. Common Stock,$122.28,-0.89,-0.723%,125379,1480148409.00,United States,2017,Commercial Banks,Finance
ESRT,Empire State Realty Trust Inc. Class A Common Stock,$4.11,-0.05,-1.202%,3264189,707600793.00,United States,2013,Real Estate Investment Trusts,Real Estate
ESS,Essex Property Trust Inc. Common Stock,$271.61,-0.04,-0.015%,565177,17455950717.00,United States,1994,Real Estate Investment Trusts,Real Estate
ESTA,Establishment Labs Holdings Inc. Common Shares,$65.97,0.39,0.595%,265039,1966030749.00,Costa Rica,2018,Industrial Specialties,Health Care
ESTC,Elastic N.V. Ordinary Shares,$88.12,-3.16,-3.462%,1762512,9251831594.00,United States,2018,Computer Software: Prepackaged Software,Technology
ESYN,EnerSyn Global Inc. Common Stock,$2.56,-0.02,-0.775%,14636,76099584.00,United States,2022,Other Pharmaceuticals,Health Care
ET,Energy Transfer LP Common Units ,$20.19,-0.14,-0.689%,15114771,69520218944.00,United States,,Natural Gas Distribution,Utilities
ET^I,Energy Transfer L.P. Series I Fixed Rate Perpetual Preferred Units,$11.32,-0.03,-0.264%,37079,,United States,,,
ETB,Eaton Vance Tax-Managed Buy-Write Income Fund Eaton Vance Tax-Managed Buy-Write Income Fund Common Shares of Beneficial Interest,$15.48,0.04,0.259%,54673,454669241.00,United States,2005,Investment Bankers/Brokers/Service,Finance
ETD,Ethan Allen Interiors Inc. Common Stock,$21.29,0.24,1.14%,365854,536561289.00,United States,,Home Furnishings,Consumer Discretionary
ETG,Eaton Vance Tax-Advantaged Global Dividend Income Fund Common Shares of Beneficial Interest,$23.31,0.22,0.953%,120768,0.00,United States,2004,Investment Managers,Finance
ETI^,Entergy Texas Inc 5.375% Series A Preferred Stock Cumulative No Par Value,$20.95,-0.35,-1.643%,5051,,United States,,,
ETJ,Eaton Vance Risk-Managed Diversified Equity Income Fund Common Shares of Beneficial Interest,$8.28,0.04,0.485%,188084,0.00,United States,2007,Finance Companies,Finance
ETN,Eaton Corporation PLC Ordinary Shares,$439.98,-0.02,-0.005%,1417021,170888232000.00,Ireland,,Industrial Machinery/Components,Technology
ETO,Eaton Vance Tax-Advantage Global Dividend Opp Common Stock,$30.43,0.10,0.33%,16698,498691039.00,United States,2004,Investment Managers,Finance
ETON,Eton Pharmaceuticals Inc. Common Stock,$57.68,-1.81,-3.043%,514486,1648675227.00,United States,2018,Biotechnology: Pharmaceutical Preparations,Health Care
ETOR,eToro Group Ltd. Class A Common Shares,$26.39,-0.42,-1.567%,826586,2125617728.00,Israel,2025,Investment Bankers/Brokers/Service,Finance
ETR,Entergy Corporation Common Stock,$98.57,0.41,0.418%,3339605,45995866758.00,United States,,Electric Utilities: Central,Utilities
ETRA,Electra Therapeutics Inc. Common stock,$11.55,-0.27,-2.284%,438473,724958330.00,United States,2026,Biotechnology: Biological Products (No Diagnostic Substances),Health Care
ETS,Elite Express Holding Inc. Class A Common Stock,$1.59,-0.04,-2.454%,88282,77459508.00,United States,2025,Trucking Freight/Courier Services,Industrials
ETSS,Energy Transition Special Opportunities Class A Ordinary Shares,$9.95,0.03,0.302%,204,0.00,,2026,Blank Checks,Finance
ETSY,Etsy Inc. Common Stock,$68.44,-0.54,-0.783%,2689448,6281542833.00,United States,2025,Business Services,Consumer Discretionary
ETV,Eaton Vance Corporation Eaton Vance Tax-Managed Buy-Write Opportunities Fund Common Shares of Beneficial Interest,$15.19,-0.05,-0.328%,194540,1659786221.00,United States,2005,Investment Bankers/Brokers/Service,Finance
ETW,Eaton Vance Corporation Eaton Vance Tax-Managed Global Buy-Write Opportunites Fund Common Shares of Beneficial Interest,$9.60,0.06,0.629%,225661,1052138746.00,United States,2005,Investment Managers,Finance
ETX           ,Eaton Vance Municipal Income 2028 Term Trust Common Shares of Beneficial Interest,$17.53,-0.11,-0.624%,19155,190813279.00,,2013,Investment Managers,Finance
ETY,Eaton Vance Tax-Managed Diversified Equity Income Fund Common Shares of Beneficial Interest,$14.15,0.08,0.569%,383885,0.00,United States,2006,Finance Companies,Finance
EU,enCore Energy Corp. Common Shares,$1.24,0.02,1.639%,5030300,240908404.00,United States,,Other Metals and Minerals,Basic Materials
EUDA,EUDA Health Holdings Limited Ordinary Shares,$17.8615,1.4415,8.779%,21143,53483136.00,Singapore,2021,Medical/Nursing Services,Health Care
EUDAW,EUDA Health Holdings Limited Warrant,$0.0288,0.0018,6.667%,20335,86237.00,Singapore,2021,Medical/Nursing Services,Health Care
EURK,Eureka Acquisition Corp Class A Ordinary Share,$11.5432,-0.0068,-0.059%,540,0.00,United States,2024,,
EVAC,EQV Ventures Acquisition Corp. II Class A Ordinary Shares,$10.31,0.01,0.097%,358121,0.00,,2025,Fluid Controls,Industrials
EVAX,Evaxion A/S American Depositary Share,$3.34,0.08,2.454%,45060,30131753.00,Denmark,2021,Biotechnology: Biological Products (No Diagnostic Substances),Health Care
EVC,Entravision Communications Corporation Common Stock,$7.41,-0.39,-5.00%,1219198,683856340.00,United States,2000,Broadcasting,Industrials
EVCM,EverCommerce Inc. Common Stock,$8.08,-0.24,-2.885%,117808,1427455188.00,United States,2021,Computer Software: Prepackaged Software,Technology
EVER,EverQuote Inc. Class A Common Stock,$18.64,0.58,3.212%,969066,656868959.00,United States,2018,Computer Software: Programming Data Processing,Technology
EVEX,Eve Holding Inc. Common Stock,$2.17,0.08,3.828%,2631654,756215343.00,United States,2022,Aerospace,Industrials
EVF,Eaton Vance Senior Income Trust Common Stock,$4.87,0.04,0.828%,64715,85414238.00,United States,1998,Investment Bankers/Brokers/Service,Finance
EVG,Eaton Vance Short Diversified Income Fund Eaton Vance Short Duration Diversified Income Fund Common Shares of Beneficial Interest,$9.98,0.05,0.504%,34008,0.00,United States,2005,Investment Managers,Finance
EVGN,Evogene Ltd Ordinary Shares,$0.4157,-0.0083,-1.958%,76544,6568645.00,Israel,,Agricultural Chemicals,Industrials
EVGO,EVgo Inc. Class A Common Stock,$1.38,0.05,3.759%,3529678,434031694.00,United States,,Automotive Aftermarket,Consumer Discretionary
EVH,Evolent Health Inc Class A Common Stock,$3.61,0.09,2.557%,2990342,408144199.00,United States,2015,Other Consumer Services,Consumer Discretionary
EVI,EVI Industries Inc.  Common Stock,$20.33,0.71,3.619%,51828,261820556.00,United States,1999,Other Consumer Services,Consumer Discretionary
EVLV,Evolv Technologies Holdings Inc. Class A Common Stock,$4.79,-0.11,-2.245%,1419947,867594239.00,United States,2020,Computer peripheral equipment,Technology
EVMN,Evommune Inc. Common Stock,$8.49,-0.31,-3.523%,542058,308120039.00,United States,2025,Biotechnology: Pharmaceutical Preparations,Health Care
EVN,Eaton Vance Municipal Income Trust Common Stock,$9.79,0.04,0.41%,204413,388341526.00,United States,1999,Investment Managers,Finance
EVO,Evotec SE American Depositary Shares,$1.56,0.03,1.961%,20626,554978680.00,Germany,2021,Biotechnology: Pharmaceutical Preparations,Health Care
EVOX,Evolution Global Acquisition Corp Class A Ordinary Shares,$10.11,-0.01,-0.099%,625,0.00,United States,2025,Blank Checks,Finance
EVOXW,Evolution Global Acquisition Corp Warrants,$0.35,0.00,0.00%,27303,0.00,United States,2025,Blank Checks,Finance
EVR,Evercore Inc. Class A Common Stock,$262.91,5.98,2.327%,944185,10110934414.00,United States,2006,Investment Managers,Finance
EVRG,Evergy Inc. Common Stock,$78.04,0.38,0.489%,1706736,17993462103.00,United States,,Power Generation,Utilities
EVT,Eaton Vance Tax Advantaged Dividend Income Fund Common Shares of Beneficial Interest,$28.23,0.24,0.857%,103881,0.00,United States,2003,Finance Companies,Finance
EVTC,Evertec Inc. Common Stock,$28.18,-0.02,-0.071%,408840,1683826634.00,Puerto Rico,2013,EDP Services,Technology
EVTL,Vertical Aerospace Ltd. Ordinary Shares,$0.739,0.062,9.158%,10188028,126903771.00,,2021,Aerospace,Industrials
EVV,Eaton Vance Limited Duration Income Fund Common Shares of Beneficial Interest,$8.42,0.01,0.119%,775454,0.00,United States,2003,Finance/Investors Services,Finance
EW,Edwards Lifesciences Corporation Common Stock,$86.29,0.56,0.653%,3599770,49737556000.00,United States,,Industrial Specialties,Health Care
EWAV,East West Ave Acquisition Corp. Common Stock,$9.90,0.00,0.00%,14,0.00,United States,2026,Blank Checks,Finance
EWBC,East West Bancorp Inc. Common Stock,$127.23,1.61,1.282%,545561,17432018439.00,United States,,Major Banks,Finance
EWTX,Edgewise Therapeutics Inc. Common Stock,$39.34,-1.82,-4.422%,2487573,4272486435.00,United States,2021,Biotechnology: Pharmaceutical Preparations,Health Care
EXC,Exelon Corporation Common Stock,$40.34,0.14,0.348%,6910499,41641125029.00,United States,,Power Generation,Utilities
EXE,Expand Energy Corporation Common Stock,$86.84,-1.78,-2.009%,2536616,20103789037.00,United States,,Oil & Gas Production,Energy
EXEL,Exelixis Inc. Common Stock,$58.16,0.21,0.362%,1989909,14410983207.00,United States,2000,Biotechnology: Biological Products (No Diagnostic Substances),Health Care
EXFY,Expensify Inc. Class A Common Stock,$2.21,-0.05,-2.212%,666869,201522527.00,United States,2021,Computer Software: Prepackaged Software,Technology
EXG,Eaton Vance Tax-Managed Global Diversified Equity Income Fund Common Shares of Beneficial Interest,$9.58,0.06,0.63%,396135,0.00,United States,2007,Finance Companies,Finance
EXK,Endeavour Silver Corporation Ordinary Shares (Canada),$9.39,0.23,2.511%,6834302,2780086051.00,Canada,,Precious Metals,Basic Materials
EXLS,ExlService Holdings Inc. Common Stock,$34.75,-0.41,-1.166%,1356408,5268534340.00,United States,2006,Business Services,Consumer Discretionary
EXOD,Exodus Movement Inc. Class A Common Stock,$7.92,-0.03,-0.377%,52881,239209803.00,United States,,Finance: Consumer Services,Finance
EXOZ,eXoZymes Inc. Common Stock,$6.245,-0.09,-1.421%,9193,57962087.00,United States,2024,Biotechnology: Biological Products (No Diagnostic Substances),Health Care
EXP,Eagle Materials Inc Common Stock,$178.49,1.06,0.597%,418596,5475238759.00,United States,,Building Materials,Industrials
EXPD,Expeditors International of Washington Inc. Common Stock,$187.46,3.80,2.069%,823482,24368042000.00,United States,,Integrated Freight & Logistics,Industrials
EXPE,Expedia Group Inc. Common Stock,$264.17,2.42,0.925%,2064161,30246379525.00,United States,,Transportation Services,Consumer Discretionary
EXPO,Exponent Inc. Common Stock,$64.18,-0.28,-0.434%,572942,3051507671.00,United States,,Professional Services,Consumer Discretionary
EXR,Extra Space Storage Inc Common Stock,$133.35,1.12,0.847%,1061209,28172795559.00,United States,2004,Real Estate Investment Trusts,Real Estate
EXTR,Extreme Networks Inc. Common Stock,$21.52,-0.12,-0.555%,1771629,2844313356.00,United States,1999,Computer Communications Equipment,Telecommunications
EXYN,Exyn Technologies Inc. Common Stock,$2.31,-0.11,-4.545%,61604,18373641.00,United States,2026,Computer Software: Prepackaged Software,Technology
EXYNW,Exyn Technologies Inc. Warrant,$0.32,0.0079,2.531%,2229,2545266.00,United States,2026,Computer Software: Prepackaged Software,Technology
EYE,National Vision Holdings Inc. Common Stock,$16.53,0.12,0.731%,1337454,1307015744.00,United States,2017,Ophthalmic Goods,Health Care
EYPT,EyePoint Inc. Common Stock,$3.62,-0.03,-0.822%,2250811,312087940.00,United States,,Biotechnology: Laboratory Analytical Instruments,Industrials
EZGO,EZGO Technologies Ltd. Ordinary Shares,$0.91,-0.18,-16.514%,127337,4828368.00,China,2021,Motor Vehicles,Consumer Discretionary
EZPW,EZCORP Inc. Class A Non Voting Common Stock,$31.16,0.87,2.872%,514166,1914575627.00,United States,1991,Other Specialty Stores,Consumer Discretionary
EZRA,Reliance Global Group Inc. Common Stock,$2.68,-0.02,-0.741%,10417,4502228.00,United States,,Specialty Insurers,Finance
F,Ford Motor Company Common Stock,$12.71,0.11,0.873%,35094502,49781811042.00,United States,,Auto Manufacturing,Industrials
F^B,Ford Motor Company 6.20% Notes due June 1 2059,$19.81,-0.04,-0.202%,40793,,United States,,,
F^C,Ford Motor Company 6% Notes due December 1 2059,$19.15,-0.125,-0.649%,32067,,United States,,,
F^D,Ford Motor Company 6.500% Notes due August 15 2062,$20.4148,-0.1152,-0.561%,53604,,United States,,,
FA,First Advantage Corporation Common Stock,$19.60,-0.32,-1.606%,1128340,3366372344.00,United States,2021,EDP Services,Technology
FABC,Fabric.AI Inc. Common Stock,$2.41,0.10,4.329%,143569,16878707.00,United States,,Telecommunications Equipment,Consumer Discretionary
FAC,Factorial Energy Inc. Class A Common Stock,$6.28,0.24,3.974%,306176,672105979.00,United States,2025,Industrial Machinery/Components,Miscellaneous
FACT,FACT II Acquisition Corp. Class A Ordinary Shares,$10.7211,-0.0089,-0.083%,4005,0.00,United States,2024,,
FACTW,FACT II Acquisition Corp. Warrant,$0.13,0.00,0.00%,383,0.00,United States,2024,Blank Checks,Finance
FACWW,Factorial Energy Inc. Warrant,$0.811,0.0253,3.22%,1935,86795852.00,United States,2025,Industrial Machinery/Components,Miscellaneous
FAF,First American Corporation (New) Common Stock,$66.27,0.67,1.021%,852992,6766167000.00,United States,,Specialty Insurers,Finance
FAMI,Farmmi Inc. Class A Ordinary Shares,$0.1332,0.0052,4.063%,5459361,4264928.00,China,2018,Packaged Foods,Consumer Staples
FANG,Diamondback Energy Inc. Common Stock,$186.67,-2.34,-1.238%,1733341,52272145975.00,United States,2012,Oil & Gas Production,Energy
FAST,Fastenal Company Common Stock,$50.43,-0.30,-0.591%,6809333,57868302606.00,United States,1987,RETAIL: Building Materials,Consumer Discretionary
FATE,Fate Therapeutics Inc. Common Stock,$2.35,0.02,0.858%,3387255,281578208.00,United States,2013,Biotechnology: Biological Products (No Diagnostic Substances),Health Care
FATN,FatPipe Inc. Common Stock,$5.31,-0.14,-2.569%,30554,75022165.00,United States,2025,Computer Software: Prepackaged Software,Technology
FAX,abrdn Asia-Pacific Income Fund Inc. Common Stock,$13.50,-0.03,-0.222%,283463,0.00,United States,1986,Investment Managers,Finance
FBDT,First Breach Inc. Common Stock,$1.14,0.05,4.587%,1378969,63584869.00,United States,,Ordnance And Accessories,Industrials
FBGL,FBS Global Limited Ordinary Shares,$0.3839,0.011,2.95%,998697,0.00,Singapore,2025,Homebuilding,Consumer Discretionary
FBIN,Fortune Brands Innovations Inc. Common Stock,$39.38,1.39,3.659%,1950940,4700848764.00,United States,,Forest Products,Basic Materials
FBIO,Fortress Biotech Inc. Common Stock,$2.28,0.00,0.00%,264905,76040264.00,United States,,Biotechnology: Pharmaceutical Preparations,Health Care
FBIOP,Fortress Biotech Inc. 9.375% Series A Cumulative Redeemable Perpetual Preferred Stock,$16.645,-0.18,-1.07%,64912,555127278.00,United States,,Biotechnology: Pharmaceutical Preparations,Health Care
FBIZ,First Business Financial Services Inc. Common Stock,$70.53,0.33,0.47%,46090,590217610.00,United States,,Major Banks,Finance
FBK,FB Financial Corporation Common Stock,$52.74,-0.07,-0.133%,445187,2635846998.00,United States,2016,Major Banks,Finance
FBLA,FB Bancorp Inc. Common Stock,$16.47,0.21,1.292%,82108,262666492.00,United States,2024,Banks,Finance
FBLG,FibroBiologics Inc. Common Stock,$1.39,0.03,2.206%,55419,9254888.00,United States,,Biotechnology: Pharmaceutical Preparations,Health Care
FBNC,First Bancorp Common Stock,$63.50,0.70,1.115%,214371,2628825261.00,United States,1987,Major Banks,Finance
FBP,First BanCorp. New Common Stock,$27.06,0.27,1.008%,1086557,4131203332.00,Puerto Rico,,Major Banks,Finance
FBRT,Franklin BSP Realty Trust Inc. Common Stock,$6.97,-0.33,-4.521%,3271862,578826550.00,United States,2021,Real Estate Investment Trusts,Real Estate
FBRT^E,Franklin BSP Realty Trust Inc. 7.50% Series E Cumulative Redeemable Preferred Stock,$19.01,-0.14,-0.731%,46368,,United States,,,
FBYD,Falcon's Beyond Global Inc. Class A Common Stock,$7.43,0.68,10.074%,97389,900956213.00,United States,,Services-Misc. Amusement & Recreation,Consumer Discretionary
FC,Franklin Covey Company Common Stock,$17.31,0.04,0.232%,33687,195496942.00,United States,,Other Consumer Services,Consumer Discretionary
FCAP,First Capital Inc. Common Stock,$60.29,-0.86,-1.406%,16683,201647441.00,United States,,Savings Institutions,Finance
FCBC,First Community Bankshares Inc. (VA) Common Stock,$47.62,0.19,0.401%,57261,900509867.00,United States,,Major Banks,Finance
FCBM,First Carolina Financial Services Inc. Common Stock,$12.68,-0.03,-0.236%,302866,393953043.00,,2026,Major Banks,Finance
FCCO,First Community Corporation Common Stock,$32.95,0.30,0.919%,50523,309721136.00,United States,,Major Banks,Finance
FCEL,FuelCell Energy Inc. Common Stock,$16.49,0.10,0.61%,3779624,1318444692.00,United States,,Industrial Machinery/Components,Energy
FCF,First Commonwealth Financial Corporation Common Stock,$20.91,-0.03,-0.143%,1002092,2113079392.00,United States,,Major Banks,Finance
FCFS,FirstCash Holdings Inc. Common Stock,$217.45,1.05,0.485%,301362,9431197910.00,United States,1991,Other Specialty Stores,Consumer Discretionary
FCHL,Fitness Champs Holdings Limited Common Stock,$1.00,0.0299,3.082%,260426,1318742.00,Singapore,2025,Services-Misc. Amusement & Recreation,Consumer Discretionary
FCN,FTI Consulting Inc. Common Stock,$134.29,3.84,2.944%,389058,3707958407.00,United States,1999,Professional Services,Consumer Discretionary
FCNCA,First Citizens BancShares Inc. Class A Common Stock,$2090.36,33.53,1.63%,42176,23606686323.00,United States,,Major Banks,Finance
FCNCN,First Citizens BancShares Inc. Depositary Shares each representing a 1/40th interest in a share of 6.625% Non-Cumulative Perpetual Preferred Stock Series E,$23.1939,-0.0661,-0.284%,45585,261931496.00,United States,,Major Banks,Finance
FCNCO,First Citizens BancShares Inc. 5.625% Non-Cumulative Perpetual Preferred Stock Series C,$19.55,0.00,0.00%,14304,220780496.00,United States,,Major Banks,Finance
FCNCP,First Citizens BancShares Inc. Depositary Shares,$18.905,0.0115,0.061%,3632,213496434.00,United States,,Major Banks,Finance
FCPT,Four Corners Property Trust Inc. Common Stock,$22.20,0.06,0.271%,1734791,2436592213.00,United States,2015,Real Estate Investment Trusts,Real Estate
FCRS,FutureCrest Acquisition Corp. Class A Ordinary Shares,$10.245,0.0159,0.155%,5649,0.00,,2025,Blank Checks,Finance
FCUV,Focus Universal Inc. Common Stock,$4.52,-0.21,-4.44%,18635,4438694.00,United States,,Industrial Machinery/Components,Industrials
FCX,Freeport-McMoRan Inc. Common Stock,$72.31,0.23,0.319%,7545945,103838427088.00,United States,,Metal Mining,Basic Materials
FDBC,Fidelity D & D Bancorp Inc. Common Stock,$55.74,1.03,1.883%,8972,323766236.00,United States,,Major Banks,Finance
FDMM,Freedom Metals Acquisition Corp. Class A Ordinary Shares,$9.835,0.00,0.00%,76,0.00,United States,2026,Blank Checks,Finance
FDMT,4D Molecular Therapeutics Inc. Common Stock,$14.47,-0.24,-1.632%,1018025,799383733.00,United States,2020,Biotechnology: Biological Products (No Diagnostic Substances),Health Care
FDS,FactSet Research Systems Inc. Common Stock,$273.08,1.83,0.675%,406558,9712238482.00,United States,2000,Computer Software: Programming Data Processing,Technology
FDSB,Fifth District Bancorp Inc. Common Stock,$17.75,-0.07,-0.393%,2438,92932930.00,United States,2024,Savings Institutions,Finance
FDUS,Fidus Investment Corporation Common Stock,$19.15,0.06,0.314%,224068,726826071.00,United States,2011,Finance/Investors Services,Finance
FDX,FedEx Corporation Common Stock,$285.85,6.31,2.257%,2025625,67652243845.00,United States,,Air Freight/Delivery Services,Consumer Discretionary
FDXF,FedEx Freight Holding Company Inc. Common Stock,$113.18,-0.63,-0.554%,1532571,16922462293.00,United States,2026,Air Freight/Delivery Services,Consumer Discretionary
FE,FirstEnergy Corp. Common Stock,$43.30,0.11,0.255%,4121355,25055109056.00,United States,,Electric Utilities: Central,Utilities
FEAM,5E Advanced Materials Inc. Common Stock,$2.80,0.025,0.901%,404575,116612639.00,United States,,Mining & Quarrying of Nonmetallic Minerals (No Fuels),Industrials
FEBO,Fenbo Holdings Limited Class A Ordinary Shares,$0.69,0.029,4.387%,9899,7633125.00,Hong Kong,2023,Home Furnishings,Consumer Discretionary
FEDU,Four Seasons Education (Cayman) Inc. American Depositary Shares each ADS representing 10 ordinary shares,$10.00,0.60,6.383%,525,22614380.00,,2017,Other Consumer Services,Real Estate
FEIM,Frequency Electronics Inc. Common Stock,$88.43,3.89,4.601%,349795,996896769.00,United States,,Electrical Products,Industrials
FELE,Franklin Electric Co. Inc. Common Stock,$97.07,0.23,0.238%,394048,4291606810.00,United States,,Metal Fabrications,Consumer Discretionary
FEMY,Femasys Inc. Common Stock,$2.48,0.05,2.058%,36172,20770067.00,United States,2021,Medical/Dental Instruments,Health Care
FENC,Fennec Pharmaceuticals Inc. Common Stock,$10.605,-0.015,-0.141%,105077,371535570.00,United States,,Biotechnology: Biological Products (No Diagnostic Substances),Health Care
FENG,Phoenix New Media Limited American Depositary Shares each representing 48 Class A ordinary shares.,$1.43,-0.02,-1.379%,3901,17175410.00,China,2011,Broadcasting,Industrials
FER,Ferrovial N.V. Ordinary Shares,$55.83,0.45,0.813%,1540800,40167326294.00,Netherlands,,Military/Government/Technical,Industrials
FERA,Fifth Era Acquisition Corp I Class A Ordinary Shares,$10.54,0.01,0.095%,651,0.00,Cayman Islands,2025,,
FERAR,Fifth Era Acquisition Corp I Rights,$0.27,0.00,0.00%,1063,0.00,Cayman Islands,2025,,
FERG,Ferguson Enterprises Inc. Common Stock,$222.74,2.57,1.167%,1228172,43089658185.00,United Kingdom,2021,Miscellaneous,Miscellaneous
FET,Forum Energy Technologies Inc. Common Stock,$82.83,-0.81,-0.968%,158013,950283658.00,United States,2012,Oil and Gas Field Machinery,Consumer Discretionary
FF,FutureFuel Corp.  Common shares,$5.12,-0.02,-0.389%,379490,224580188.00,United States,,Major Chemicals,Industrials
FFA,First Trust Enhanced Equity Income Fund Common Shares of Beneficial Interest,$22.27,0.03,0.135%,28863,0.00,United States,2004,Investment Managers,Finance
FFAI,Faraday Future Intelligent Electric Inc. Class A Common Stock,$1.61,0.30,22.901%,23218302,9864468.00,United States,2020,Auto Manufacturing,Industrials
FFBC,First Financial Bancorp. Common Stock,$32.40,0.85,2.694%,1813288,3407408402.00,United States,,Major Banks,Finance
FFC,Flaherty & Crumrine Preferred and Income Securities Fund Incorporated,$15.12,0.03,0.199%,119159,0.00,United States,2003,Trusts Except Educational Religious and Charitable,Finance
FFIN,First Financial Bankshares Inc. Common Stock,$32.45,0.28,0.87%,844861,4650977602.00,United States,,Major Banks,Finance
FFIV,F5 Inc. Common Stock,$443.06,-3.49,-0.782%,428520,25089239257.00,United States,1999,Computer Communications Equipment,Telecommunications
FG,F&G Annuities & Life Inc. Common Stock,$22.12,0.50,2.313%,574692,2896286823.00,United States,2022,Life Insurance,Finance
FGBI,First Guaranty Bancshares Inc. Common Stock,$8.01,0.11,1.392%,13919,132478143.00,United States,,Savings Institutions,Finance
FGBIP,First Guaranty Bancshares Inc. 6.75% Series A Fixed-Rate Non-Cumulative Perpetual Preferred Stock,$17.388,-0.364,-2.05%,17445,287581766.00,United States,,Savings Institutions,Finance
FGI,FGI Industries Ltd. Ordinary Shares,$7.66,-0.39,-4.845%,9187,14793536.00,United States,2022,Industrial Specialties,Industrials
FGII,FG Imperii Acquisition Corp. Class A Ordinary Shares,$10.02,0.00,0.00%,2804,0.00,United States,2026,Blank Checks,Finance
FGIIW,FG Imperii Acquisition Corp. Warrants,$0.1799,0.0019,1.067%,220,0.00,United States,2026,Blank Checks,Finance
FGIWW,FGI Industries Ltd. Warrant,$0.0893,0.00,0.00%,96,172463.00,United States,2022,Industrial Specialties,Industrials
FGL,Founder Group Limited Class A Ordinary Shares,$4.33,-0.08,-1.814%,490579,3596909.00,Malaysia,2024,Engineering & Construction,Consumer Discretionary
FGN,F&G Annuities & Life Inc. 7.950% Senior Notes due 2053,$24.28,-0.05,-0.206%,14414,3061672745.00,United States,2023,Life Insurance,Finance
FGSN,F&G Annuities & Life Inc. 7.300% Junior Subordinated Notes due 2065,$20.33,-0.16,-0.781%,21711,0.00,United States,2025,Life Insurance,Finance
FHB,First Hawaiian Inc. Common Stock,$25.25,0.13,0.518%,1828525,3072454138.00,United States,2016,Major Banks,Finance
FHI,Federated Hermes Inc. Common Stock,$57.82,0.44,0.767%,445796,4316857447.00,United States,,Investment Managers,Finance
FHN,First Horizon Corporation Common Stock,$23.46,0.28,1.208%,4183122,11114812127.00,United States,,Major Banks,Finance
FHN^E,First Horizon Corporation Depositary Shares each representing a 1/4000th interest in a share of Non-Cumulative Perpetual Preferred Stock Series E,$23.1499,0.1399,0.608%,13846,,United States,,,
FHN^F,First Horizon Corporation Depositary Shares each representing 1/4000th Interest in a Share of Non-Cumulative Perpetual Preferred Stock Series F,$16.50,0.14,0.856%,26522,,United States,,,
FHN^H,First Horizon Corporation Depositary Shares each representing a 1/4000th interest in a share of Non-Cumulative Perpetual Preferred Stock Series H,$23.45,0.27,1.165%,434801,,United States,,,
FHTX,Foghorn Therapeutics Inc. Common Stock,$3.50,-0.10,-2.778%,525431,207848603.00,United States,2020,Biotechnology: Pharmaceutical Preparations,Health Care
FIBK,First Interstate BancSystem Inc. Common Stock (DE),$36.91,0.40,1.096%,1646978,3517693044.00,United States,2010,Major Banks,Finance
FICO,Fair Isaac Corporation Common Stock,$863.09,6.61,0.772%,387457,18640702792.00,United States,,Business Services,Consumer Discretionary
FIEE,FiEE Inc Common Stock,$3.85,0.07,1.852%,6964,32835102.00,United States,,Telecommunications Equipment,Utilities
FIG,Figma Inc. Class A Common Stock,$20.85,-0.49,-2.296%,10433074,11113255727.00,United States,2025,Computer Software: Prepackaged Software,Technology
FIGR,Figure Technology Solutions Inc. Class A Common Stock,$31.90,-0.76,-2.327%,5001861,7157654117.00,U.S. Virgin Islands,2025,Finance: Consumer Services,Finance
FIGS,FIGS Inc. Class A Common Stock,$13.42,0.93,7.446%,4450105,2229602048.00,United States,2021,Apparel,Consumer Discretionary
FIGX,FIGX Capital Acquisition Corp. Class A Ordinary Share,$10.33,0.00,0.00%,57,0.00,United States,2025,Blank Checks,Finance
FINS,Angel Oak Financial Strategies Income Term Trust Common Shares of Beneficial Interest,$11.92,0.06,0.506%,80711,298746645.00,,2019,Finance/Investors Services,Finance
FINV,FinVolution Group American Depositary Shares,$3.11,-0.02,-0.639%,377588,734252346.00,United States,2017,Finance: Consumer Services,Finance
FINW,FinWise Bancorp Common Stock,$11.32,0.04,0.355%,86027,157151938.00,United States,2021,Major Banks,Finance
FIP,FTAI Infrastructure Inc. Common Stock ,$3.125,0.035,1.133%,892641,369317928.00,United States,,Railroads,Industrials
FIRY,Firy Inc. Class A Common Stock,$12.42,-0.32,-2.512%,136070,206448432.00,United States,2020,EDP Services,Technology
FIS,Fidelity National Information Services Inc. Common Stock,$35.41,0.42,1.20%,6238979,18261146521.00,United States,,Business Services,Consumer Discretionary
FISI,Financial Institutions Inc. Common Stock,$40.23,0.215,0.537%,108335,792786863.00,United States,1999,Major Banks,Finance
FISN,Deep Fission Inc. Common Stock,$6.25,-0.70,-10.072%,581467,368162113.00,United States,2026,Electric Utilities: Central,Utilities
FISV,Fiserv Inc. Common Stock,$46.48,0.50,1.087%,6687377,24716517192.00,United States,1986,Business Services,Consumer Discretionary
FITB,Fifth Third Bancorp Common Stock,$52.10,0.64,1.244%,5959026,47249102584.00,United States,,Major Banks,Finance
FITB^A,Fifth Third Bancorp Depositary Shares each representing 1/40th share of Fifth Third 6.00% Non-Cumulative Perpetual Class B Preferred Stock Series A,$21.48,0.08,0.374%,7463,,United States,,,
FITB^I,Fifth Third Bancorp Depositary Share repstg 1/1000th Ownership Interest Perp Pfd Series I,$25.65,-0.015,-0.058%,34446,,United States,,,
FITB^K,Fifth Third Bancorp Depositary Shares each representing a 1/1000th ownership interest in a share of Non-Cumulative Perpetual Preferred Stock Series K,$18.41,0.15,0.821%,44543,,United States,,,
FITB^M,Fifth Third Bancorp Depositary Shares Representing a 1/40th Ownership Interest in a Share of 6.875% Fixed-Rate Reset Non-Cumulative Perpetual Preferred Stock Series M,$25.33,0.03,0.119%,532606,,United States,,,
FIVE,Five Below Inc. Common Stock,$222.60,0.22,0.099%,1103387,12255028191.00,United States,2012,Department/Specialty Retail Stores,Consumer Discretionary
FIVN,Five9 Inc. Common Stock,$35.77,-0.89,-2.428%,1461830,2672860704.00,United States,2014,EDP Services,Technology
FIX,Comfort Systems USA Inc. Common Stock,$1658.91,15.52,0.944%,229088,58384224321.00,United States,1997,Engineering & Construction,Industrials
FIZZ,National Beverage Corp. Common Stock,$29.67,-0.20,-0.67%,309065,2777566010.00,United States,,Beverages (Production/Distribution),Consumer Staples
FJDI,ARC Group Securities Acquisition I Class A Ordinary Shares,$9.85,0.00,0.00%,409079,0.00,United States,2026,,
FJDIR,ARC Group Securities Acquisition I Rights,$0.1658,0.0048,2.981%,216300,0.00,United States,2026,,
FJDIU,ARC Group Securities Acquisition I Units,$10.03,0.01,0.10%,27464,0.00,United States,2026,,
FJDIW,ARC Group Securities Acquisition I Warrants,$0.03,-0.005,-14.286%,256621,0.00,United States,2026,,
FJET,Starfighters Space Inc. Common Stock,$1.82,0.02,1.111%,838307,100092755.00,United States,2025,Air Freight/Delivery Services,Consumer Discretionary
FKWL,Franklin Wireless Corp. Common Stock,$2.43,0.06,2.532%,3673,28635800.00,United States,,Telecommunications Equipment,Utilities
FLC,Flaherty & Crumrine Total Return Fund Inc Common Stock,$15.76,0.03,0.191%,48870,0.00,United States,2003,Trusts Except Educational Religious and Charitable,Finance
FLD,Fold Holdings Inc. Class A Common Stock,$0.5367,-0.0056,-1.033%,80651,29447885.00,United States,2025,Finance: Consumer Services,Finance
FLDDW,Fold Holdings Inc. Warrant,$0.09,-0.015,-14.286%,509,4938158.00,United States,2025,Finance: Consumer Services,Finance
FLEX,Flex Ltd. Ordinary Shares,$114.68,2.28,2.028%,3026026,42363133517.00,Singapore,1994,Electrical Products,Technology
FLG,Flagstar Bank N.A. Common Stock,$12.37,-0.02,-0.161%,5876847,5134698381.00,United States,,Banks,Finance
FLG^A,Flagstar Bank N.A. Depositary shares each representing a 1/40th interest in a share of Fixed-to-Floating Rate Series A Noncumulative Perpetual Preferred Stock,$23.71,-0.06,-0.252%,18676,,United States,,,
FLG^U,Flagstar Bank N.A. Bifurcated Option Note Unit SecuritiES,$37.79,-0.16,-0.422%,3112,,United States,,,
FLGT,Fulgent Genetics Inc. Common Stock,$22.20,0.65,3.016%,246977,610839505.00,United States,2016,Medical Specialities,Health Care
FLL,Full House Resorts Inc. Common Stock,$1.70,-0.05,-2.857%,197017,62295616.00,United States,,Hotels/Resorts,Consumer Discretionary
FLNA,Filana Therapeutics Inc. Common Stock,$0.7481,-0.0247,-3.196%,779553,36139137.00,United States,,Biotechnology: Pharmaceutical Preparations,Health Care
FLNC,Fluence Energy Inc. Class A Common Stock,$7.85,0.39,5.228%,8565916,1449081497.00,United States,2021,Industrial Machinery/Components,Miscellaneous
FLNG,FLEX LNG Ltd. Ordinary Shares,$30.88,-0.19,-0.612%,310032,1670372571.00,,2019,Marine Transportation,Consumer Discretionary
FLNT,Fluent Inc. Common Stock,$3.16,-0.29,-8.406%,74247,99878392.00,United States,,Advertising,Consumer Discretionary
FLO,Flowers Foods Inc. Common Stock,$5.74,-0.07,-1.205%,8245754,1217209579.00,United States,,Packaged Foods,Consumer Staples
FLOC,Flowco Holdings Inc. Class A Common Stock,$19.14,-0.36,-1.846%,598494,1729360784.00,United States,2025,Oil and Gas Field Machinery,Consumer Discretionary
FLR,Fluor Corporation Common Stock,$50.38,-0.25,-0.494%,2383395,6737874955.00,United States,,Military/Government/Technical,Industrials
FLS,Flowserve Corporation Common Stock,$73.82,-2.22,-2.92%,2308788,9383465420.00,United States,,Fluid Controls,Industrials
FLUT,Flutter Entertainment plc Ordinary Shares,$83.23,1.34,1.636%,3030728,14580324118.00,Ireland,2024,Computer Software: Programming Data Processing,Technology
FLUX,Flux Power Holdings Inc. Common Stock,$0.4627,0.0008,0.173%,128140,10004334.00,United States,,Industrial Machinery/Components,Miscellaneous
FLWS,1-800-FLOWERS.COM Inc. Common Stock,$2.68,-0.13,-4.626%,546272,172016057.00,United States,1999,Other Specialty Stores,Consumer Discretionary
FLX,BingEx Limited American Depositary Shares,$1.17,0.1701,17.012%,229956,85561995.00,China,2024,Trucking Freight/Courier Services,Industrials
FLXS,Flexsteel Industries Inc. Common Stock,$89.37,1.00,1.132%,131974,365678893.00,United States,,Home Furnishings,Consumer Discretionary
FLY,Firefly Aerospace Inc. Common Stock,$24.36,1.27,5.50%,5294021,4077977152.00,United States,2025,Military/Government/Technical,Industrials
FLYE,Fly-E Group Inc. Common Stock,$1.41,-0.07,-4.73%,41593,2301664.00,United States,2024,Aerospace,Industrials
FLYW,Flywire Corporation Voting Common Stock,$17.40,0.31,1.814%,1695690,2117017528.00,United States,2021,Business Services,Consumer Discretionary
FLYX,flyExclusive Inc. Class A Common Stock,$1.27,0.03,2.419%,67620,129643820.00,,2023,Transportation Services,Consumer Discretionary
FMAC,Future Money Acquisition Corporation Ordinary Shares,$10.09,0.0001,0.001%,118,0.00,United States,2026,Blank Checks,Finance
FMAO,Farmers & Merchants Bancorp Inc. Common Stock,$34.93,-0.10,-0.285%,56971,481096549.00,United States,,Savings Institutions,Finance
FMBH,First Mid Bancshares Inc. Common Stock,$49.72,0.33,0.668%,208283,1322647065.00,United States,,Major Banks,Finance
FMC,FMC Corporation Common Stock,$9.58,-0.01,-0.104%,3891606,1199673118.00,United States,,Major Chemicals,Industrials
FMFC,Kandal M Venture Limited Class A Ordinary Shares,$0.1958,-0.0062,-3.069%,296421,4170540.00,Cambodia,2025,Apparel,Consumer Discretionary
FMN,Federated Hermes Premier Municipal Income Fund,$10.06,-0.10,-0.984%,62932,867723791.00,United States,2002,Investment Managers,Finance
FMNB,Farmers National Banc Corp. Common Stock,$15.43,0.09,0.587%,321895,914190036.00,United States,,Major Banks,Finance
FMS,Fresenius Medical Care AG American Depositary Shares (Each representing 1/2 of an Ordinary Share),$22.69,0.34,1.521%,532854,12674129601.00,Germany,,Misc Health and Biotechnology Services,Health Care
FMST,Foremost Clean Energy Ltd. Common Shares,$0.7232,0.0032,0.444%,132238,21757214.00,Canada,,Other Metals and Minerals,Basic Materials
FMSTW,Foremost Clean Energy Ltd. Warrant,$0.25,-0.0499,-16.639%,100,7521161.00,Canada,,Other Metals and Minerals,Basic Materials
FMX,Fomento Economico Mexicano S.A.B. de C.V. Common Stock,$119.62,1.91,1.623%,282928,40752317202.00,Mexico,,Beverages (Production/Distribution),Consumer Staples
FMY,First Trust Mortgage Income Fund Common Shares of Beneficial Interest,$11.21,0.20,1.817%,975,0.00,United States,2005,Finance/Investors Services,Finance
FN,Fabrinet Ordinary Shares,$417.39,19.03,4.777%,743497,14957113885.00,Cayman Islands,2010,Telecommunications Equipment,Utilities
FNB,F.N.B. Corporation Common Stock,$17.64,0.20,1.147%,4552933,6226937146.00,United States,,Major Banks,Finance
FND,Floor & Decor Holdings Inc. Common Stock,$47.06,0.64,1.379%,1605499,5011417753.00,United States,2017,RETAIL: Building Materials,Consumer Discretionary
FNF,Fidelity National Financial Inc. Common Stock,$41.42,0.60,1.47%,2752415,11108546894.00,United States,2014,Specialty Insurers,Finance
FNGR,FingerMotion Inc. Common Stock,$0.1514,0.0025,1.679%,14501534,11385981.00,United States,,Computer Software: Prepackaged Software,Technology
FNKO,Funko Inc. Class A Common Stock,$5.50,0.05,0.917%,660559,307976713.00,United States,2017,Recreational Games/Products/Toys,Consumer Discretionary
FNLC,First Bancorp Inc  (ME) Common Stock,$34.35,0.15,0.439%,31643,387548379.00,United States,,Major Banks,Finance
FNRN,First Northern Community Bancorp Common stock,$17.17,0.09,0.527%,57024,281507353.00,United States,,Savings Institutions,Finance
FNUC,Frontier Nuclear and Minerals Inc. Common Shares,$1.46,-0.05,-3.311%,125200,52412607.00,Canada,2021,Other Metals and Minerals,Basic Materials
FNV,Franco-Nevada Corporation,$257.87,-2.02,-0.777%,381044,49736369385.00,Canada,,Precious Metals,Basic Materials
FNWB,First Northwest Bancorp Common Stock,$10.05,0.00,0.00%,21574,95591731.00,United States,2015,Banks,Finance
FNWD,Finward Bancorp Common Stock,$43.24,0.98,2.319%,27800,187359006.00,United States,,Savings Institutions,Finance
FOA,Finance of America Companies Inc. Class A Common Stock,$14.49,0.10,0.695%,53490,250776836.00,United States,2021,Finance: Consumer Services,Finance
FOCL,EDAP TMS S.A. American Depositary Shares,$4.71,0.12,2.614%,59554,176756645.00,France,,Biotechnology: Electromedical & Electrotherapeutic Apparatus,Health Care
FOF,Cohen & Steers Closed-End Opportunity Fund Inc. Common Stock,$12.26,-0.02,-0.163%,39056,602439579.00,United States,2006,Investment Managers,Finance
FOFO,Hang Feng Technology Innovation Co. Ltd. Ordinary Shares,$2.19,-0.24,-9.877%,206927,16580661.00,Hong Kong,2025,Professional Services,Consumer Discretionary
FOIL,Londian Wason New Energy Tech Inc. American Depositary Shares each representing five Ordinary Shares,$18.12,-0.11,-0.603%,28592,1416230878.00,,2026,Industrial Specialties,Industrials
FOR,Forestar Group Inc Common Stock ,$26.49,-0.21,-0.787%,147066,1351456939.00,United States,2017,Real Estate,Finance
FORM,FormFactor Inc. FormFactor Inc. Common Stock,$129.69,0.65,0.504%,896452,10131476825.00,United States,2003,Semiconductors,Technology
FORR,Forrester Research Inc. Common Stock,$11.40,-0.17,-1.469%,86864,217044600.00,United States,1996,Diversified Commercial Services,Industrials
FORTY,Formula Systems (1985) Ltd. American Depositary Shares,$114.99,0.99,0.868%,13758,1761378528.00,Israel,,EDP Services,Technology
FOSL,Fossil Group Inc. Common Stock,$6.20,0.35,5.983%,641042,366655922.00,United States,1993,Consumer Specialties,Consumer Discretionary
FOUR,Shift4 Payments Inc. Class A Common Stock,$38.45,0.29,0.76%,1679836,3036016614.00,United States,2020,Business Services,Consumer Discretionary
FOUR^A,Shift4 Payments Inc. 6.00% Series A Mandatory Convertible Preferred Stock,$52.37,0.725,1.404%,3033,,United States,,,
FOX,Fox Corporation Class B Common Stock,$56.54,-0.66,-1.154%,676096,23841426588.00,United States,,Broadcasting,Industrials
FOXA,Fox Corporation Class A Common Stock,$63.07,-0.77,-1.206%,3645286,26594955340.00,United States,,Broadcasting,Industrials
FOXF,Fox Factory Holding Corp. Common Stock,$18.55,0.03,0.162%,363165,779675069.00,United States,2013,Motor Vehicles,Consumer Discretionary
FOXX,Foxx Development Holdings Inc. Common Stock,$2.4985,0.0285,1.154%,3464,17592418.00,United States,,Computer Communications Equipment,Telecommunications
FPF,First Trust Intermediate Duration Preferred & Income Fund Common Shares of Beneficial Interest,$16.30,0.08,0.493%,197730,0.00,United States,2013,Trusts Except Educational Religious and Charitable,Finance
FPH,Five Point Holdings LLC Class A Common Shares,$4.75,0.12,2.592%,169470,702428404.00,United States,2017,Real Estate,Finance
FPI,Farmland Partners Inc. Common Stock,$10.86,0.16,1.495%,733822,473829641.00,United States,2014,Real Estate Investment Trusts,Real Estate
FPS,Forgent Power Solutions Inc. Class A Common Stock,$38.97,0.02,0.051%,5801540,11863593804.00,United States,2026,Industrial Machinery/Components,Energy
FR,First Industrial Realty Trust Inc. Common Stock,$61.17,-0.19,-0.31%,723530,8109487107.00,United States,1994,Real Estate Investment Trusts,Real Estate
FRA,Blackrock Floating Rate Income Strategies Fund Inc  Common Stock,$10.50,0.06,0.575%,201522,1562005946.00,United States,2003,Investment Bankers/Brokers/Service,Finance
FRAF,Franklin Financial Services Corporation Common Stock,$62.65,0.39,0.626%,25147,281898812.00,United States,,Major Banks,Finance
FRBA,First Bank Common Stock,$17.80,0.21,1.194%,68104,447392373.00,United States,2013,Major Banks,Finance
FRBT,Forbright Inc. Class A Common Stock,$17.67,-0.25,-1.395%,101224,897006595.00,United States,2026,Major Banks,Finance
FRD,Friedman Industries Inc. Common Stock,$39.34,-0.13,-0.329%,36186,283751198.00,United States,,Steel/Iron Ore,Industrials
FRGT,Freight Technologies Inc. Ordinary Shares,$0.35,-0.05,-12.50%,1127602,200244.00,United States,2017,Integrated Freight & Logistics,Industrials
FRHC,Freedom Holding Corp. Common Stock,$172.08,-4.29,-2.432%,91402,10976581565.00,Kazakhstan,,Investment Bankers/Brokers/Service,Finance
FRME,First Merchants Corporation Common Stock,$40.71,0.225,0.556%,754497,2556645930.00,United States,,Major Banks,Finance
FRMEP,First Merchants Corporation Depository Shares,$25.20,-0.05,-0.198%,1459,1582595860.00,United States,,Major Banks,Finance
FRMI,Fermi Inc. Common Stock,$4.52,-0.03,-0.659%,17011345,2894912413.00,United States,2025,Real Estate Investment Trusts,Real Estate
FRMM,Forum Markets Incorporated Common Stock,$5.04,-0.17,-3.263%,77023,66522698.00,United States,2017,Finance: Consumer Services,Finance
FRNM,Freenome Inc. Common stock,$15.99,-0.02,-0.125%,418863,1718074556.00,United States,,Medical Specialities,Health Care
FRO,Frontline Plc Ordinary Shares,$47.73,-0.24,-0.50%,2832437,10625790492.00,Bermuda,,Marine Transportation,Consumer Discretionary
FROG,JFrog Ltd. Ordinary Shares,$89.18,-5.02,-5.329%,1929281,10996010915.00,United States,2020,Computer Software: Prepackaged Software,Technology
FRPH,FRP Holdings Inc. Common Stock,$21.11,0.03,0.142%,73714,405276134.00,United States,,Real Estate,Finance
FRPT,Freshpet Inc. Common Stock,$57.91,-0.40,-0.686%,1042401,2783043065.00,United States,2014,Packaged Foods,Consumer Staples
FRSH,Freshworks Inc. Class A Common Stock,$12.54,-0.27,-2.108%,3898101,3271946481.00,United States,2021,Computer Software: Prepackaged Software,Technology
FRST,Primis Financial Corp. Common Stock,$15.69,0.10,0.641%,120324,389097440.00,United States,2006,Major Banks,Finance
FRSX,Foresight Autonomous Holdings Ltd. American Depositary Shares,$1.15,0.02,1.77%,41611,3427359.00,Israel,,Computer Software: Prepackaged Software,Technology
FRT,Federal Realty Investment Trust Common Stock,$110.52,0.17,0.154%,1341126,9602986979.00,United States,,Real Estate Investment Trusts,Real Estate
FRT^C,Federal Realty Investment Trust Depositary Shares each representing a 1/1000th interest in a 5.000% Series C Cumulative Redeemable Preferred Share,$18.607,-0.058,-0.311%,7792,,United States,,,
FRTT,Fort Technology Inc. Common Shares,$0.8986,0.0006,0.067%,55645,13517264.00,Canada,,Agricultural Chemicals,Industrials
FRVO,Fervo Energy Company Class A common stock,$15.18,-1.53,-9.156%,10460394,4474505361.00,United States,2026,Electric Utilities: Central,Utilities
FSBC,Five Star Bancorp Common Stock,$43.83,0.40,0.921%,115674,1075439792.00,United States,2021,Major Banks,Finance
FSBW,FS Bancorp Inc. Common Stock,$44.18,-0.075,-0.169%,26728,347349699.00,United States,2012,Banks,Finance
FSCO,FS Credit Opportunities Corp. Common Stock,$5.11,0.06,1.188%,1155651,1013598649.00,United States,2022,Trusts Except Educational Religious and Charitable,Finance
FSEA,First Seacoast Bancorp Inc. Common Stock,$17.24,0.06,0.349%,26608,81104287.00,United States,2019,Savings Institutions,Finance
FSHP,Flag Ship Acquisition Corp. Ordinary Shares,$11.28,0.00,0.00%,24,0.00,United States,2024,,
FSHPR,Flag Ship Acquisition Corp. Right,$0.0875,0.00,0.00%,54,0.00,United States,2024,,
FSI,Flexible Solutions International Inc. Common Stock (CDA),$5.80,0.00,0.00%,2470,74080488.00,Canada,2002,Major Chemicals,Industrials
FSK,FS KKR Capital Corp. Common Stock,$11.25,0.08,0.716%,1406129,3108828150.00,United States,2014,Investment Managers,Finance
FSLR,First Solar Inc. Common Stock,$177.71,5.55,3.224%,3157426,19098456025.00,United States,2006,Semiconductors,Technology
FSLY,Fastly Inc. Class A Common Stock,$24.96,-1.72,-6.447%,9674032,3976128000.00,United States,,Computer Software: Prepackaged Software,Technology
FSM,Fortuna Mining Corp. Common Shares,$11.69,0.19,1.652%,4059371,3560275854.00,Canada,,Precious Metals,Basic Materials
FSP,Franklin Street Properties Corp. Common Stock,$0.35,0.03,9.375%,1737145,36404098.00,United States,,Real Estate Investment Trusts,Real Estate
FSS,Federal Signal Corporation Common Stock,$114.75,1.97,1.747%,369855,7004524862.00,United States,,Auto Manufacturing,Industrials
FSSL,FS Specialty Lending Fund Common Shares of Beneficial Interest,$11.55,0.00,0.00%,219723,0.00,United States,2025,Finance/Investors Services,Finance
FSTR,L.B. Foster Company Common Stock,$37.47,-0.05,-0.133%,64371,394175520.00,United States,,Metal Fabrications,Industrials
FSUN,FirstSun Capital Bancorp Common Stock,$39.74,0.50,1.274%,272878,1851247087.00,United States,,Major Banks,Finance
FSV,FirstService Corporation Common Shares,$128.62,1.59,1.252%,200458,5616805817.00,Canada,,Real Estate,Finance
FT,Franklin Universal Trust Common Stock,$7.09,-0.02,-0.281%,44259,178185128.00,United States,,Trusts Except Educational Religious and Charitable,Finance
FTAI,FTAI Aviation Ltd. Common Stock,$175.06,0.53,0.304%,1503425,17979903350.00,United States,,Misc Corporate Leasing Services,Industrials
FTAIM,FTAI Aviation Ltd. 9.500% Fixed-Rate Reset Series D Cumulative Perpetual Redeemable Preferred Shares,$27.0401,-0.1949,-0.716%,979,2777210011.00,United States,,Misc Corporate Leasing Services,Industrials
FTCI,FTC Solar Inc. Common Stock,$2.66,-0.02,-0.746%,306453,43946913.00,United States,2021,Semiconductors,Technology
FTDR,Frontdoor Inc. Common Stock,$73.99,2.11,2.935%,684015,5097416451.00,United States,,Diversified Commercial Services,Consumer Discretionary
FTEK,Fuel Tech Inc. Common Stock,$1.715,0.00,0.00%,60939,53536793.00,United States,,Pollution Control Equipment,Industrials
FTF,Franklin Limited Duration Income Trust Common Shares of Beneficial Interest,$5.36,0.01,0.187%,283673,216572805.00,United States,2003,Finance/Investors Services,Finance
FTFT,Future FinTech Group Inc. Common Stock,$4.38,-0.04,-0.905%,208111,41062500.00,China,,Business Services,Consumer Discretionary
FTH,Faeth Therapeutics Inc. Common Stock,$28.00,-1.05,-3.614%,328198,723531900.00,United States,2021,Biotechnology: Pharmaceutical Preparations,Health Care
FTHA,Forefront Tech Holdings Acquisition Corp Class A Ordinary Shares,$9.971,0.00,0.00%,101,0.00,Cayman Islands,2026,Blank Checks,Finance
FTHAW,Forefront Tech Holdings Acquisition Corp Warrant,$0.30,0.00,0.00%,60,0.00,Cayman Islands,2026,Blank Checks,Finance
FTHM,Fathom Holdings Inc. Common Stock,$0.583,0.0637,12.267%,43563059,19942820.00,United States,2020,Real Estate,Finance
FTHY,First Trust High Yield Opportunities 2027 Term Fund Common Stock,$13.00,0.11,0.853%,168078,478048857.00,United States,2020,Investment Managers,Finance
FTI,TechnipFMC plc Ordinary Share,$70.99,0.04,0.056%,2035312,27839749904.00,,,Oil and Gas Field Machinery,Consumer Discretionary
FTK,Flotek Industries Inc. Common Stock,$29.53,0.58,2.003%,353207,1069589268.00,United States,,Major Chemicals,Industrials
FTLF,FitLife Brands Inc. Common Stock,$9.255,-0.025,-0.269%,2908,86914371.00,United States,, Medicinal Chemicals and Botanical Products ,Health Care
FTNT,Fortinet Inc. Common Stock,$173.46,-5.21,-2.916%,2508844,127269970249.00,United States,2009,Computer peripheral equipment,Technology
FTRA,FutureCorp Space Acquisition 1 Class A Ordinary Shares,$9.86,-0.01,-0.101%,27558,0.00,,2026,,
FTRE,Fortrea Holdings Inc. Common Stock,$19.89,-0.13,-0.649%,708931,1891539000.00,United States,,Medical Specialities,Health Care
FTS,Fortis Inc. Common Shares,$53.09,0.01,0.019%,927965,27123681000.00,United States,2016,Electric Utilities: Central,Utilities
FTV,Fortive Corporation Common Stock ,$56.09,0.65,1.172%,1702931,16940136447.00,United States,2016,Industrial Machinery/Components,Industrials
FTW,Presidio Production Company Class A Common Stock,$10.20,-0.06,-0.585%,52241,319523313.00,,,Oil & Gas Production,Energy
FUBO,FuboTV Inc. Class A Common Stock,$9.64,-0.09,-0.925%,770703,1052657104.00,United States,2020,Movies/Entertainment,Consumer Discretionary
FUFU,BitFuFu Inc. Class A Ordinary Shares,$1.45,0.02,1.399%,27712,241647717.00,Singapore,,Finance: Consumer Services,Finance
FUL,H. B. Fuller Company Common Stock,$50.06,0.06,0.12%,1145761,2694685697.00,United States,,Home Furnishings,Industrials
FULC,Fulcrum Therapeutics Inc. Common Stock,$3.74,-0.045,-1.189%,2493213,285351741.00,United States,2019,Biotechnology: Pharmaceutical Preparations,Health Care
FULT,Fulton Financial Corporation Common Stock,$23.23,0.18,0.781%,2161846,4434945298.00,United States,,Major Banks,Finance
FULTP,Fulton Financial Corporation Depositary Shares Each Representing a 1/40th Interest in a Share of Fixed Rate Non-Cumulative Perpetual Preferred Stock Series A,$17.435,-0.135,-0.768%,12066,3328595406.00,United States,,Major Banks,Finance
FUN,Six Flags Entertainment Corporation Common Stock New,$12.32,-0.08,-0.645%,1091420,1260536964.00,United States,,Services-Misc. Amusement & Recreation,Consumer Discretionary
FUNC,First United Corporation Common Stock,$43.29,-0.01,-0.023%,16700,279386560.00,United States,,Major Banks,Finance
FUND,Sprott Focus Trust Inc. Common Stock,$9.95,0.035,0.353%,14979,294853892.00,United States,,Investment Managers,Finance
FURY,Fury Gold Mines Limited Common Shares,$0.534,-0.0116,-2.126%,480092,101530592.00,,2020,Precious Metals,Basic Materials
FUSB,First US Bancshares Inc. Common Stock,$16.44,-0.01,-0.061%,47955,90497416.00,United States,,Major Banks,Finance
FUSE,Fusemachines Inc. Common stock,$0.5752,-0.0047,-0.81%,69520,16672346.00,United States,,EDP Services,Technology
FUSEW,Fusemachines Inc. Warrants,$0.0401,0.00,0.00%,106,1162311.00,United States,,EDP Services,Technology
FUTU,Futu Holdings Limited American Depositary Shares,$111.87,2.60,2.379%,906189,15680552432.00,Hong Kong,2019,Investment Bankers/Brokers/Service,Finance
FVAV,Fortress Value Acquisition Corp. V Class A Ordinary Shares,$10.28,0.00,0.00%,818,0.00,United States,2026,,
FVCB,FVCBankcorp Inc. Common Stock,$17.98,0.19,1.068%,68159,324255006.00,United States,,Major Banks,Finance
FVN,Future Vision II Acquisition Corporation Ordinary shares,$9.72,-0.02,-0.205%,12993,0.00,China,2024,,
FVNNU,Future Vision II Acquisition Corporation Units,$10.19,-0.61,-5.648%,941,0.00,China,2024,,
FVR,FrontView REIT Inc. Common Stock,$17.86,-0.36,-1.976%,179275,436783321.00,United States,2024,Real Estate Investment Trusts,Real Estate
FVRR,Fiverr International Ltd. Ordinary Shares no par value,$8.55,0.03,0.352%,459599,307378724.00,,2019,Business Services,Consumer Discretionary
FWAC,Futurewave Acquisition Corporation Ordinary Shares,$9.94,0.00,0.00%,24,0.00,United States,2026,,
FWACW,Futurewave Acquisition Corporation Warrants,$0.04,0.00,0.00%,819,0.00,United States,2026,,
FWDI,Forward Industries Inc. Common Stock,$8.42,0.07,0.838%,2329439,642346770.00,United States,,Finance: Consumer Services,Finance
FWONA,Liberty Media Corporation Series A Common Stock,$86.46,-0.27,-0.311%,147433,21676255613.00,United States,,Broadcasting,Industrials
FWONK,Liberty Media Corporation Series C Common Stock,$94.61,-0.47,-0.494%,2068401,23719529766.00,United States,,Broadcasting,Industrials
FWRD,Forward Air Corporation Common Stock,$14.69,-0.06,-0.407%,434121,496240863.00,United States,,Integrated Freight & Logistics,Industrials
FWRG,First Watch Restaurant Group Inc. Common Stock,$10.14,-0.08,-0.783%,1012559,625764091.00,United States,2021,Restaurants,Consumer Discretionary
FXAC,FortuneX Acquisition Corporation Ordinary shares,$10.08,0.02,0.199%,1212,0.00,United States,2026,Blank Checks,Finance
FXHO,UTime Limited Class A Ordinary Shares,$9.965,0.215,2.205%,67592,271808638.00,China,2021,Consumer Electronics/Appliances,Technology
FXNC,First National Corporation Common Stock,$29.38,-0.25,-0.844%,82245,265672440.00,United States,,Major Banks,Finance
G,Genpact Limited Common Stock,$33.10,-0.27,-0.809%,1383464,5561938872.00,Bermuda,2007,Professional Services,Consumer Discretionary
GAB,Gabelli Equity Trust Inc. (The) Common Stock,$5.32,0.05,0.949%,1369957,1563107573.00,United States,1986,Investment Managers,Finance
GAB^G,Gabelli Equity Trust Inc. (The) Series G Cumulative Preferred Stock,$18.42,0.00,0.00%,4145,,United States,,,
GAB^H,Gabelli Equity Trust Inc. (The) Pfd Ser H,$18.38,0.07,0.382%,1067,,United States,,,
GAB^K,Gabelli Equity Trust Inc. (The) 5.00% Series K Cumulative Preferred Stock,$18.46,0.10,0.545%,8544,,United States,,,
GABC,German American Bancorp Inc. Common Stock,$49.50,0.40,0.815%,160658,1860150996.00,United States,,Major Banks,Finance
GAIA,Gaia Inc. Class A Common Stock,$1.30,-0.03,-2.256%,105948,33053531.00,United States,1999,Movies/Entertainment,Consumer Discretionary
GAIN,Gladstone Investment Corporation Business Development Company,$15.81,0.16,1.022%,190551,629585298.00,United States,2005,Finance: Consumer Services,Finance
GAING,Gladstone Investment Corporation 7.125% Notes due 2031,$25.07,-0.025,-0.10%,12849,0.00,United States,,Finance: Consumer Services,Finance
GAINI,Gladstone Investment Corporation 7.875% Notes due 2030,$25.405,-0.015,-0.059%,9310,0.00,United States,,Finance: Consumer Services,Finance
GAINZ,Gladstone Investment Corporation 4.875% Notes due 2028,$24.286,0.00,0.00%,1226,928192220.00,United States,,Finance: Consumer Services,Finance
GALT,Galectin Therapeutics Inc. Common Stock,$3.90,-0.06,-1.515%,124623,393313612.00,United States,,Biotechnology: Pharmaceutical Preparations,Health Care
GAM,General American Investors Inc. Common Stock,$64.52,0.04,0.062%,16197,1546906357.00,United States,,Investment Managers,Finance
GAM^B,General American Investors Company Inc. Cumulative Preferred Stock,$22.67,-0.06,-0.264%,55785,,United States,,,
GAME,GameSquare Holdings Inc. Common Stock,$3.11,-0.02,-0.639%,59273,40630041.00,United States,,Services-Misc. Amusement & Recreation,Consumer Discretionary
GANX,Gain Therapeutics Inc. Common Stock,$1.78,-0.06,-3.261%,383032,77685642.00,United States,2021,Biotechnology: Pharmaceutical Preparations,Health Care
GAP,Gap Inc. (The) Common Stock,$21.82,0.13,0.599%,4213357,7664714389.00,United States,,Clothing/Shoe/Accessory Stores,Consumer Discretionary
GASS,StealthGas Inc. Common Stock,$8.89,-0.05,-0.559%,68737,330580749.00,Greece,2005,Marine Transportation,Consumer Discretionary
GATX,GATX Corporation Common Stock,$183.73,0.35,0.191%,323918,6485669000.00,United States,,Transportation Services,Consumer Discretionary
GAU,Galiano Gold Inc.,$2.06,0.06,3.00%,2053619,538879034.00,Canada,,Mining & Quarrying of Nonmetallic Minerals (No Fuels),Industrials
GAUZ,Gauzy Ltd. Ordinary Shares,$5.32,-1.13,-17.519%,16337,6114712.00,Israel,2024,Industrial Machinery/Components,Miscellaneous
GBAB,Guggenheim Taxable Municipal Bond & Investment Grade Debt Trust Common Shares of Beneficial Interest,$12.64,-0.05,-0.394%,329653,283096879.00,United States,2010,Investment Managers,Finance
GBCI,Glacier Bancorp Inc. Common Stock,$44.75,0.40,0.902%,1071408,5826984897.00,United States,,Major Banks,Finance
GBDC,Golub Capital BDC Inc. Common Stock,$12.46,0.05,0.403%,1398879,3235258799.00,United States,2010,Finance: Consumer Services,Finance
GBFH,GBank Financial Holdings Inc. Common Stock,$19.12,0.23,1.218%,69836,277554658.00,United States,,Major Banks,Finance
GBLI,Global Indemnity Group LLC Class A Common Stock ,$24.835,-0.195,-0.779%,8641,363599649.00,United States,,Property-Casualty Insurers,Finance
GBR,New Concept Energy Inc Common Stock,$0.6902,-0.0187,-2.638%,16974,3542061.00,United States,1993,Oil & Gas Production,Energy
GBTG,Global Business Travel Group Inc. Class A Common Stock,$9.50,0.03,0.317%,1963280,4962547709.00,United States,2020,Transportation Services,Consumer Discretionary
GBX,Greenbrier Companies Inc. (The) Common Stock,$42.54,-0.14,-0.328%,307617,1316174242.00,United States,1994,Railroads,Industrials
GCBC,Greene County Bancorp Inc. Common Stock,$34.46,-0.24,-0.692%,18427,586698213.00,United States,,Banks,Finance
GCDT,Green Circle Decarbonize Technology Limited Class A Ordinary Shares,$0.671,0.001,0.149%,1876532,9092859.00,,2026,Industrial Machinery/Components,Industrials
GCGR,General Catalyst Global Resilience Merger Corp. Class A Ordinary Shares,$10.12,-0.04,-0.394%,410,0.00,United States,2026,,
GCGRU,General Catalyst Global Resilience Merger Corp. Units,$10.29,-0.04,-0.387%,483,0.00,United States,2026,,
GCGRW,General Catalyst Global Resilience Merger Corp. Warrants,$0.65,-0.0124,-1.872%,171,0.00,United States,2026,,
GCL,GCL Global Holdings Ltd Ordinary Shares,$0.7529,0.0649,9.433%,222128,97978967.00,Singapore,,Computer Software: Prepackaged Software,Technology
GCLWW,GCL Global Holdings Ltd Warrants,$0.015,0.00,0.00%,2,1952031.00,Singapore,,Computer Software: Prepackaged Software,Technology
GCMG,GCM Grosvenor Inc. Class A Common Stock,$13.04,0.41,3.246%,416107,2644408984.00,United States,,Investment Managers,Finance
GCO,Genesco Inc. Common Stock,$34.54,0.09,0.261%,73373,373728050.00,United States,,Clothing/Shoe/Accessory Stores,Consumer Discretionary
GCT,GigaCloud Technology Inc Class A Ordinary Shares,$53.98,0.07,0.13%,584329,1927638593.00,United States,2022,Catalog/Specialty Distribution,Consumer Discretionary
GCTK,GlucoTrack Inc. Common Stock,$1.82,-0.76,-29.457%,2023448,1544505.00,United States,,Medical/Dental Instruments,Health Care
GCTS,GCT Semiconductor Holding Inc. Common Stock,$2.23,-0.01,-0.446%,940314,205092489.00,United States,2021,Semiconductors,Technology
GCV,Gabelli Convertible and Income Securities Fund Inc. (The) Common Stock,$4.30,-0.09,-2.05%,92358,81872125.00,United States,,Finance/Investors Services,Finance
GD,General Dynamics Corporation Common Stock,$336.72,0.43,0.128%,1463100,91102018700.00,United States,,Marine Transportation,Industrials
GDC,GD Culture Group Limited Common Stock,$1.36,-0.08,-5.556%,311380,5661000.00,United States,2015,Steel/Iron Ore,Industrials
GDDY,GoDaddy Inc. Class A Common Stock,$97.14,-3.67,-3.641%,2706002,12302557967.00,United States,2015,EDP Services,Technology
GDEV,GDEV Inc. Ordinary Shares,$10.90,0.00,0.00%,604,197840330.00,Cyprus,,EDP Services,Technology
GDHG,Golden Heaven Group Holdings Ltd. Class A Ordinary Shares,$1.17,0.00,0.00%,315931,76624353.00,China,2023,Services-Misc. Amusement & Recreation,Consumer Discretionary
GDL,GDL Fund The Common Shares of Beneficial Interest,$8.36,-0.015,-0.179%,16285,0.00,United States,2007,Investment Managers,Finance
GDO,Western Asset Global Corporate Opportunity Fund Inc. Common Stock,$9.52,-0.06,-0.626%,68986,0.00,United States,2009,Finance Companies,Finance
GDOT,Green Dot Corporation Class A Common Stock $0.001 par value,$12.25,-0.54,-4.222%,1393139,698068443.00,United States,2010,Finance: Consumer Services,Finance
GDRX,GoodRx Holdings Inc. Class A Common Stock,$3.35,-0.01,-0.298%,509118,1142837050.00,United States,2020,EDP Services,Technology
GDS,GDS Holdings Limited ADS,$32.77,-0.55,-1.651%,958795,6566374378.00,China,2016,Computer Software: Programming Data Processing,Technology
GDTC,CytoMed Therapeutics Limited Ordinary Shares,$0.955,0.045,4.945%,11828,11296155.00,Singapore,2023,Biotechnology: Pharmaceutical Preparations,Health Care
GDV,Gabelli Dividend & Income Trust Common Shares of Beneficial Interest,$28.95,0.17,0.591%,91220,2610956814.00,United States,2003,Investment Managers,Finance
GDV^H,The Gabelli Dividend & Income Trust 5.375% Series H Cumulative Preferred Shares,$20.20,-0.23,-1.126%,4099,,United States,,,
GDV^K,The Gabelli Dividend & Income Trust 4.250% Series K Cumulative Preferred Shares,$16.19,0.09,0.559%,8637,,United States,,,
GDYN,Grid Dynamics Holdings Inc. Class A Common Stock,$7.75,0.04,0.519%,565411,628733328.00,United States,2018,Computer Software: Prepackaged Software,Technology
GE,GE Aerospace Common Stock,$327.09,7.31,2.286%,4290477,339376322377.00,United States,,Consumer Electronics/Appliances,Technology
GECC,Great Elm Capital Corp. Common Stock,$5.28,0.01,0.19%,12751,73337880.00,United States,,Finance: Consumer Services,Finance
GECCG,Great Elm Capital Corp. 7.75% Notes Due 2030,$24.71,-0.1099,-0.443%,761,0.00,United States,,Finance: Consumer Services,Finance
GECCH,Great Elm Capital Corp. 8.125% Notes Due 2029,$25.15,0.34,1.37%,12067,0.00,United States,,,
GECCI,Great Elm Capital Corp. 8.50% NOTES DUE 2029,$25.04,0.04,0.16%,4051,0.00,United States,,Finance Companies,Finance
GEF,Greif Inc. Class A Common Stock,$82.66,-0.16,-0.193%,359702,3816273414.00,United States,,,
GEG,Great Elm Group Inc. Common Stock,$2.16,0.01,0.465%,8581,67164962.00,United States,,Computer Software: Prepackaged Software,Technology
GEGGL,Great Elm Group Inc.  7.25% Notes due 2027,$24.5101,-0.0149,-0.061%,6458,710714149.00,United States,,Computer Software: Prepackaged Software,Technology
GEHC,GE HealthCare Technologies Inc. Common Stock ,$66.63,0.25,0.377%,4159468,30095854971.00,United States,,Medical Electronics,Health Care
GEL,Genesis Energy L.P. Common Units,$14.17,-0.16,-1.117%,189143,1731210129.00,United States,2001,Oil Refining/Marketing,Energy
GELS,Gelteq Limited Ordinary Shares,$0.546,-0.004,-0.727%,79861,5848238.00,Australia,2024,Biotechnology: Pharmaceutical Preparations,Health Care
GEMI,Gemini Space Station Inc. Class A Common Stock,$5.54,-0.11,-1.947%,2492908,718273199.00,United States,2025,Finance: Consumer Services,Finance
GEN,Gen Digital Inc. Common Stock,$21.62,-1.45,-6.285%,29876417,12941451632.00,United States,,Computer Software: Prepackaged Software,Technology
GENB,Generate Biomedicines Inc. Common Stock,$15.15,-0.84,-5.253%,1267121,1944539405.00,United States,2026,Biotechnology: Pharmaceutical Preparations,Health Care
GENC,Gencor Industries Inc. Common Stock,$17.46,0.25,1.453%,43749,255923477.00,United States,,Construction/Ag Equipment/Trucks,Industrials
GENI,Genius Sports Limited Ordinary Shares,$6.44,0.64,11.034%,13891913,1723517603.00,Guernsey,2021,Services-Misc. Amusement & Recreation,Consumer Discretionary
GENK,GEN Restaurant Group Inc. Class A Common Stock,$1.74,0.04,2.353%,16422,57358435.00,United States,2023,Restaurants,Consumer Discretionary
GENVR,Gen Digital Inc. Contingent Value Rights,$1.10,-0.25,-18.519%,251732,658445735.00,United States,,Computer Software: Prepackaged Software,Technology
GEO,Geo Group Inc (The) REIT,$31.22,-0.74,-2.315%,1421889,4109163412.00,United States,,Homebuilding,Consumer Discretionary
GEOS,Geospace Technologies Corporation Common Stock (Texas),$4.99,-0.03,-0.598%,56252,64548659.00,United States,,Industrial Machinery/Components,Industrials
GERN,Geron Corporation Common Stock,$1.26,0.00,0.00%,10302844,809516495.00,United States,1996,Biotechnology: Pharmaceutical Preparations,Health Care
GETY,Getty Images Holdings Inc. Class A Common Stock,$0.1404,-0.0215,-13.28%,11596833,58239507.00,United States,2022,Business Services,Consumer Discretionary
GEV,GE Vernova Inc. Common Stock,$957.63,2.59,0.271%,1381938,255049027173.00,United States,2024,Consumer Electronics/Appliances,Technology
GEVO,Gevo Inc. Common Stock,$1.40,0.00,0.00%,2401456,346131946.00,United States,2011,Major Chemicals,Industrials
GF,New Germany Fund Inc. (The) Common Stock,$10.75,-0.06,-0.555%,20645,0.00,United States,1990,Investment Managers,Finance
GFAI,Guardforce AI Co. Limited Ordinary Shares,$0.3302,0.0082,2.547%,82267,10366080.00,Singapore,,Diversified Commercial Services,Consumer Discretionary
GFAIW,Guardforce AI Co. Limited Warrant,$0.008,-0.0034,-29.825%,4067,251147.00,Singapore,,Diversified Commercial Services,Consumer Discretionary
GFF,Griffon Corporation Common Stock,$98.39,1.85,1.916%,340793,4456547107.00,United States,,Building Products,Industrials
GFI,Gold Fields Limited American Depositary Shares,$40.38,0.48,1.203%,2276634,36141079094.00,South Africa,,Precious Metals,Basic Materials
GFL,GFL Environmental Inc. Subordinate voting shares no par value,$42.27,0.48,1.149%,2161482,18982626775.00,Canada,2020,Environmental Services,Utilities
GFR,Greenfire Resources Ltd. Common Shares,$5.87,-0.31,-5.016%,680978,1411228372.00,Canada,,Oil & Gas Production,Energy
GFS,GlobalFoundries Inc. Ordinary Shares,$49.00,1.95,4.145%,4944464,27313511547.00,United States,2021,Semiconductors,Technology
GFUZ,General Fusion Group Ltd. Common Shares,$7.77,-0.57,-6.835%,70623,493773562.00,United States,2025,Electric Utilities: Central,Utilities
GFUZW,General Fusion Group Ltd. Warrant,$1.49,-0.03,-1.974%,1598,94687594.00,United States,2025,Electric Utilities: Central,Utilities
GGAL,Grupo Financiero Galicia S.A. American Depositary Shares,$38.74,-0.85,-2.147%,605784,6222626950.00,Argentina,,Commercial Banks,Finance
GGB,Gerdau S.A. Common Stock,$4.85,0.06,1.253%,8744063,9593387538.00,Brazil,,Steel/Iron Ore,Industrials
GGG,Graco Inc. Common Stock,$77.86,0.71,0.92%,1114863,12609724737.00,United States,,Fluid Controls,Industrials
GGN,GAMCO Global Gold Natural Resources & Income Trust,$5.42,0.03,0.557%,456876,0.00,United States,2005,Finance/Investors Services,Finance
GGN^B,GAMCO Global Gold Natural Reources & Income Trust 5.00% Series B Cumulative 25.00 Liquidation Preference,$18.18,-0.115,-0.629%,7519,,United States,,,
GGR,Gogoro Inc. Ordinary Shares,$3.05,0.02,0.66%,5066,62877327.00,Taiwan,,Auto Manufacturing,Industrials
GGROW,Gogoro Inc. Warrant,$0.0049,-0.0014,-22.222%,253152,101016.00,Taiwan,,Auto Manufacturing,Industrials
GGT,Gabelli Multi-Media Trust Inc. (The) Common Stock,$3.98,0.01,0.252%,284239,109592289.00,United States,,Trusts Except Educational Religious and Charitable,Finance
GGT^E,Gabelli Multi-Media Trust Inc. (The) 5.125% Series E Cumulative Preferred Stock,$19.9956,0.0156,0.078%,977,,United States,,,
GGT^G,Gabelli Multi-Media Trust Inc. (The) 5.125% Series G Cumulative Preferred Shares,$20.19,0.22,1.102%,8885,,United States,,,
GGZ,Gabelli Global Small and Mid Cap Value Trust (The) Common Shares of Beneficial Interest,$15.43,-0.11,-0.708%,3483,136894451.00,,2014,Investment Managers,Finance
GH,Guardant Health Inc. Common Stock,$177.25,0.80,0.453%,1579064,23786271133.00,United States,2018,Medical Specialities,Health Care
GHC,Graham Holdings Company Common Stock,$1154.89,9.86,0.861%,29725,4890875998.00,United States,,Other Consumer Services,Real Estate
GHG,GreenTree Hospitality Group Ltd. American depositary shares each representing one Class A ordinary share,$1.01,-0.01,-0.98%,2610,101906298.00,,2018,Hotels/Resorts,Consumer Discretionary
GHI,Greystone Housing Impact Investors LP Beneficial Unit Certificates representing assignments of limited partnership interests,$5.85,0.04,0.688%,19790,137840684.00,United States,2022,Finance: Consumer Services,Finance
GHM,Graham Corporation Common Stock,$87.21,-0.32,-0.366%,116778,1023586648.00,United States,1978,Industrial Machinery/Components,Industrials
GHRS,GH Research PLC Ordinary Shares,$23.84,-0.61,-2.495%,180027,1634403028.00,Ireland,2021,Biotechnology: Pharmaceutical Preparations,Health Care
GHXI,Gores Holdings XI Inc. Class A Ordinary Shares,$10.00,0.00,0.00%,150416,0.00,United States,2026,,
GHXIU,Gores Holdings XI Inc. Units,$10.18,0.01,0.098%,404,0.00,United States,2026,,
GHXIW,Gores Holdings XI Inc. Warrant,$0.58,0.0699,13.703%,50000,0.00,United States,2026,,
GHY,PGIM Global High Yield Fund Inc.,$11.02,0.08,0.731%,204032,0.00,United States,2012,Trusts Except Educational Religious and Charitable,Finance
GIB,CGI Inc. Common Stock,$67.77,-0.37,-0.543%,309927,15715075580.00,Canada,,Professional Services,Consumer Discretionary
GIBO,GIBO Holdings Limited Class A Ordinary Shares,$33.00,0.00,0.00%,7874,85955265.00,Hong Kong,,Computer Software: Prepackaged Software,Technology
GIC,Global Industrial Company Common Stock,$41.50,0.27,0.655%,331152,1581496152.00,United States,,Industrial Machinery/Components,Industrials
GIFT,Giftify Inc. Common Stock,$0.6665,0.0717,12.054%,14685,23610880.00,United States,,Catalog/Specialty Distribution,Consumer Discretionary
GIGM,GigaMedia Limited Ordinary Shares,$1.4302,0.0505,3.66%,596,15806906.00,Taiwan,,Computer Software: Programming Data Processing,Technology
GIII,G-III Apparel Group LTD. Common Stock,$27.12,0.07,0.259%,446534,1162810897.00,United States,1989,Apparel,Consumer Discretionary
GIL,Gildan Activewear Inc. Class A Sub. Vot. Common Stock,$40.98,0.35,0.861%,2457635,7589161931.00,Canada,2000,Apparel,Consumer Discretionary
GILD,Gilead Sciences Inc. Common Stock,$150.93,1.24,0.828%,5284287,187146431544.00,United States,1992,Biotechnology: Biological Products (No Diagnostic Substances),Health Care
GILT,Gilat Satellite Networks Ltd. Ordinary Shares,$10.14,0.12,1.198%,267499,765275413.00,Israel,,Radio And Television Broadcasting And Communications Equipment,Technology
GIPR,Generation Income Properties Inc. Common Stock,$0.43,-0.1058,-19.746%,30443429,3058375.00,United States,,Real Estate Investment Trusts,Real Estate
GIS,General Mills Inc. Common Stock,$33.64,-1.19,-3.417%,10601545,17986875524.00,United States,,Packaged Foods,Consumer Staples
GITS,Global Interactive Technologies Inc. Common Stock,$2.0275,0.0175,0.871%,2504,8521793.00,South Korea,2023,Computer Software: Programming Data Processing,Technology
GIW,GigCapital8 Corp. Class A Ordinary Shares,$10.16,-0.005,-0.049%,3574,0.00,United States,2025,Blank Checks,Finance
GIWWR,GigCapital8 Corp. Rights,$0.2615,-0.0095,-3.506%,933,0.00,United States,2025,,
GIX,GigCapital9 Corp. Class A Ordinary Share,$10.005,-0.005,-0.05%,645,0.00,United States,2026,Blank Checks,Finance
GIXI,Gix Internet Ltd. Ordinary Shares,$4.90,-0.04,-0.81%,6623,12212520.00,Israel,,Computer Software: Prepackaged Software,Technology
GIXXR,GigCapital9 Corp. Rights,$0.235,-0.025,-9.615%,610,0.00,United States,2026,Blank Checks,Finance
GJH,Synthetic Fixed-Income Securities Inc 6.375% (STRATS) Cl A-1,$9.43,-0.03,-0.317%,106,0.00,United States,,Finance: Consumer Services,Finance
GJO,Synthetic Fixed-Income Securities Inc. on behalf of STRATS(SM) Trust for Wal-Mart Stores Inc. Securities Series 2004-5,$24.74,0.00,0.00%,13,0.00,United States,,Finance: Consumer Services,Finance
GJP,Synthetic Fixed-Income Securities Inc. on behalf of STRATS (SM) Trust for Dominion Resources Inc. Securities Series 2005-6 Floating Rate Structured Repackaged Asset-Backed Trust Securities (STRATS) Certificates,$24.48,0.00,0.00%,10,0.00,United States,,Finance: Consumer Services,Finance
GJR,Synthetic Fixed-Income Securities Inc. STRATS Trust for Procter&Gamble Securities Series 2006-1,$24.60,0.38,1.569%,250,0.00,United States,,Finance: Consumer Services,Finance
GJS,Goldman Sachs Group Securities STRATS Trust for Goldman Sachs Group Securities Series 2006-2,$23.12,-0.0001,0.00%,3008,7214342443.00,United States,,Finance: Consumer Services,Finance
GJT,Synthetic Fixed-Income Securities Inc. Floating Rate Structured Repackaged Asset-Backed Trust Securities Certificates Series 2006-3,$23.235,0.00,0.00%,13,0.00,United States,,Finance: Consumer Services,Finance
GKOS,Glaukos Corporation Common Stock,$154.43,-0.45,-0.291%,826296,9108889391.00,United States,2015,Medical/Dental Instruments,Health Care
GL,Globe Life Inc. Common Stock,$167.04,-0.28,-0.167%,594893,12836931627.00,United States,,Life Insurance,Finance
GL^D,Globe Life Inc. 4.25% Junior Subordinated Debentures due 2061,$14.5683,0.0983,0.679%,9423,,United States,,,
GLAD,Gladstone Capital Corporation Common Stock,$19.36,0.14,0.728%,100924,437401816.00,United States,2001,Textiles,Consumer Discretionary
GLAS,Glass House Brands Inc. Subordinate Voting Shares,$6.80,-0.35,-4.895%,1817368,598386291.00,,, Medicinal Chemicals and Botanical Products ,Health Care
GLBE,Global-E Online Ltd. Ordinary Shares,$40.17,-0.71,-1.737%,1339709,6731218129.00,Israel,2021,Computer Software: Prepackaged Software,Technology
GLBS,Globus Maritime Limited Common Stock,$3.44,-0.04,-1.149%,95756,74243115.00,Greece,,Marine Transportation,Consumer Discretionary
GLDG,GoldMining Inc. Common Shares,$0.9719,-0.0119,-1.21%,398116,208089814.00,,,Precious Metals,Basic Materials
GLE,Global Engine Group Holding Limited Class A Ordinary Shares,$0.4938,-0.0034,-0.684%,27923,9036540.00,Hong Kong,2024,EDP Services,Technology
GLED,GalaxyEdge Acquisition Corporation Ordinary Shares,$10.02,0.01,0.10%,3124,0.00,,2026,Blank Checks,Finance
GLIBA,Liberty Capital Corporation Series A GCI Group Common Stock,$23.65,0.19,0.81%,33316,943753108.00,United States,,Cable & Other Pay Television Services,Telecommunications
GLIBK,Liberty Capital Corporation Series C GCI Group Common Stock,$23.55,-0.22,-0.926%,335360,939762609.00,United States,,Cable & Other Pay Television Services,Telecommunications
GLND,Greenland Energy Company Common Stock,$5.54,0.19,3.551%,120342906,242265275.00,United States,,Oil & Gas Production,Energy
GLNDW,Greenland Energy Company Warrant,$1.54,0.0199,1.309%,1887787,67344499.00,United States,,Oil & Gas Production,Energy
GLNG,Golar Lng Ltd,$49.61,-0.50,-0.998%,841824,5039843585.00,Bermuda,,Marine Transportation,Consumer Discretionary
GLO,Clough Global Opportunities Fund Common Stock,$5.38,0.01,0.186%,130044,0.00,United States,2006,Finance/Investors Services,Finance
GLOB,Globant S.A. Common Shares,$34.50,-0.33,-0.947%,486145,1489694682.00,United States,2014,EDP Services,Technology
GLOO,Gloo Holdings Inc. Class A Common Stock,$4.77,0.00,0.00%,1329776,436603066.00,United States,2025,EDP Services,Technology
GLOP^A,GasLog Partners LP 8.625% Series A Cumulative Redeemable Perpetual Fixed to Floating Rate Preference Units,$25.31,-0.07,-0.276%,1936,,Greece,,,
GLOP^B,GasLog Partners LP 8.200% Series B Cumulative Redeemable Perpetual Fixed to Floating Rate Preference Units,$25.70,0.0299,0.116%,13034,,Greece,,,
GLOP^C,GasLog Partners LP 8.500% Series C Cumulative Redeemable Perpetual Fixed to Floating Rate Preference Units,$25.50,0.025,0.098%,275,,Greece,,,
GLP,Global Partners LP Common Units representing Limited Partner Interests,$47.54,-0.31,-0.648%,33011,1616149065.00,United States,2005,Oil Refining/Marketing,Energy
GLPI,Gaming and Leisure Properties Inc. Common Stock,$38.79,0.26,0.675%,2526102,11284788468.00,United States,,Real Estate Investment Trusts,Real Estate
GLQ,Clough Global Equity Fund Clough Global Equity Fund Common Shares of Beneficial Interest,$7.72,0.04,0.521%,42576,0.00,United States,2005,Finance/Investors Services,Finance
GLRE,Greenlight Capital Re Ltd. Class A Ordinary Shares,$14.89,-0.04,-0.268%,115621,486029612.00,Cayman Islands,2007,Property-Casualty Insurers,Finance
GLSI,Greenwich LifeSciences Inc. Common Stock,$18.22,0.12,0.663%,67144,267436950.00,United States,2020,Biotechnology: Pharmaceutical Preparations,Health Care
GLU,Gabelli Global Utility Common Shares of Beneficial Ownership,$17.82,-0.45,-2.463%,14438,106365994.00,United States,2004,Finance/Investors Services,Finance
GLU^B,The Gabelli Global Utility and Income Trust Series B Cumulative Puttable and Callable Preferred Shares,$50.735,0.00,0.00%,31,,United States,,,
GLUE,Monte Rosa Therapeutics Inc. Common Stock,$11.77,0.05,0.427%,802146,1004138730.00,United States,2021,Biotechnology: Biological Products (No Diagnostic Substances),Health Care
GLV,Clough Global Dividend and Income Fund Common Shares of beneficial interest,$5.84,0.01,0.172%,21019,74223965.00,United States,2004,Finance/Investors Services,Finance
GLW,Corning Incorporated Common Stock,$156.74,2.59,1.68%,5638411,135014007001.00,United States,,Telecommunications Equipment,Industrials
GLXG,Galaxy Payroll Group Limited Class A Ordinary Shares,$1.13,0.04,3.67%,515899,6736512.00,Hong Kong,2024,Diversified Commercial Services,Industrials
GLXY,Galaxy Digital Inc. Class A Common Stock,$24.24,-0.95,-3.771%,4016385,9475151542.00,United States,,Investment Bankers/Brokers/Service,Finance
GM,General Motors Company Common Stock,$82.63,2.06,2.557%,7222759,72503820833.00,United States,2010,Auto Manufacturing,Industrials
GMAB,Genmab A/S ADS,$35.32,0.49,1.407%,3583354,4537801141.00,Denmark,2019,Biotechnology: Pharmaceutical Preparations,Health Care
GME,GameStop Corporation Common Stock,$23.39,-1.63,-6.515%,13239432,11800278156.00,United States,2002,Electronics Distribution,Consumer Discretionary
GMED,Globus Medical Inc. Class A Common Stock,$74.52,0.25,0.337%,1563645,10005197831.00,United States,2012,Medical/Dental Instruments,Health Care
GMEX,GMEX ROBOTICS CORPORATION Class A Ordinary Shares,$0.3656,-0.0208,-5.383%,869063,0.00,Australia,2023,Recreational Games/Products/Toys,Consumer Discretionary
GMHS,Gamehaus Holdings Inc. Class A Ordinary Shares,$0.69,-0.031,-4.30%,11656,39192794.00,China,,EDP Services,Technology
GMM,Global Mofy AI Limited Class A Ordinary Shares,$1.965,0.0537,2.81%,32090,19160729.00,China,2023,Computer Software: Programming Data Processing,Technology
GMRS,GMR Solutions Inc. Class A Common Stock,$11.06,0.30,2.788%,645643,597480124.00,,2026,Transportation Services,Consumer Discretionary
GMTL,Guardian Metal Resources PLC ADS,$10.09,-0.24,-2.323%,230939,401172366.00,,2026,Metal Mining,Basic Materials
GNE,Genie Energy Ltd. Class B Common Stock Stock,$15.92,0.13,0.823%,86960,419008398.00,United States,2011,Power Generation,Utilities
GNK,Genco Shipping & Trading Limited Ordinary Shares New (Marshall Islands),$26.09,-0.35,-1.324%,338851,1137174524.00,United States,,Marine Transportation,Consumer Discretionary
GNL,Global Net Lease Inc. Common Stock,$8.55,-0.08,-0.927%,3447833,1977767677.00,United States,2015,Real Estate Investment Trusts,Real Estate
GNL^A,Global Net Lease Inc. 7.25% Series A Cumulative Redeemable Preferred Stock $0.01 par value per share,$22.4703,-0.0497,-0.221%,8037,,United States,,,
GNL^B,Global Net Lease Inc. 6.875% Series B Cumulative Redeemable Perpetual Preferred Stock,$21.1899,-0.0401,-0.189%,10980,,United States,,,
GNL^D,Global Net Lease Inc. 7.50% Series D Cumulative Redeemable Perpetual Preferred Stock,$22.50,-0.08,-0.354%,9489,,United States,,,
GNL^E,Global Net Lease Inc. 7.375% Series E Cumulative Redeemable Perpetual Preferred Stock,$22.35,0.10,0.449%,15831,,United States,,,
GNLN,Greenlane Holdings Inc. Class A Common Stock,$3.07,0.08,2.676%,41822,2132250.00,United States,2019,Durable Goods,Consumer Discretionary
GNLX,Genelux Corporation Common Stock,$2.48,0.05,2.058%,139876,112208431.00,United States,2023,Biotechnology: Pharmaceutical Preparations,Health Care
GNPX,Genprex Inc. Common Stock,$3.29,-0.23,-6.534%,119934,2696843.00,United States,2018,Biotechnology: Pharmaceutical Preparations,Health Care
GNRC,Generac Holdlings Inc. Common Stock,$208.14,10.09,5.095%,1180592,12281583979.00,United States,2010,Metal Fabrications,Consumer Discretionary
GNS,Genius Group Limited Ordinary Shares,$0.1573,0.0023,1.484%,1616112,30193343.00,Singapore,2022,Computer Software: Prepackaged Software,Technology
GNSS,Genasys Inc. Common Stock,$1.48,-0.01,-0.671%,47107,67402173.00,United States,,Consumer Electronics/Appliances,Consumer Staples
GNT,GAMCO Natural Resources Gold & Income Trust,$8.78,0.02,0.228%,23219,162214354.00,United States,2011,Finance/Investors Services,Finance
GNT^A,GAMCO Natural Resources Gold & Income Tust  5.20% Series A Cumulative Preferred Shares (Liquidation Preference $25.00 per share),$19.3543,0.3643,1.918%,313,,United States,,,
GNTA,Genenta Science S.p.A. American Depositary Shares,$0.6853,0.0138,2.055%,67246,33043013.00,Italy,2021,Biotechnology: Biological Products (No Diagnostic Substances),Health Care
GNTX,Gentex Corporation Common Stock,$22.58,0.54,2.45%,2016486,4757229614.00,United States,,Auto Parts:O.E.M.,Consumer Discretionary
GNW,Genworth Financial Inc Common Stock,$9.43,-0.02,-0.212%,4406018,3563135279.00,United States,2004,Life Insurance,Finance
GO,Grocery Outlet Holding Corp. Common Stock,$11.07,-0.23,-2.035%,2182511,1096865326.00,United States,2019,Food Chains,Consumer Staples
GOAI,Eva Live Inc. Common Stock,$2.09,0.01,0.481%,59105,83587753.00,United States,,Computer Software: Programming Data Processing,Technology
GOF,Guggenheim Strategic Opportunities Fund Common Shares of Beneficial Interest,$8.55,0.12,1.423%,2679813,0.00,United States,,Finance/Investors Services,Finance
GOGO,Gogo Inc. Common Stock,$2.30,0.02,0.877%,1437083,311668083.00,United States,2013,Telecommunications Equipment,Consumer Discretionary
GOLD,Gold.com Inc. Common Stock,$43.95,0.47,1.081%,351871,1281351526.00,United States,,Other Specialty Stores,Industrials
GOLF,Acushnet Holdings Corp. Common Stock,$83.02,0.66,0.801%,321199,4848786753.00,United States,2016,Recreational Games/Products/Toys,Consumer Discretionary
GOOD,Gladstone Commercial Corporation Real Estate Investment Trust,$12.50,-0.06,-0.478%,364269,605093763.00,United States,2003,Real Estate,Real Estate
GOODN,Gladstone Commercial Corporation 6.625% Series E Cumulative Redeemable Preferred Stock,$21.88,-0.17,-0.771%,8470,1059156122.00,United States,,Real Estate,Real Estate
GOODO,Gladstone Commercial Corporation 6.00% Series G Cumulative Redeemable Preferred Stock par value $0.001 per share,$19.79,-0.2207,-1.103%,5250,957984445.00,United States,,Real Estate,Real Estate
GOOG,Alphabet Inc. Class C Capital Stock,$341.08,2.07,0.611%,13858741,4171408400000.00,United States,2004,Computer Software: Programming Data Processing,Technology
GOOGL,Alphabet Inc. Class A Common Stock,$343.92,1.56,0.456%,21881040,4206141600000.00,United States,2004,Computer Software: Programming Data Processing,Technology
GOOGM,Alphabet Inc. Depositary Shares representing a 1/20th Interest in a Share of Series A Mandatory Convertible Preferred Stock,$48.90,0.17,0.349%,3089654,598047000000.00,United States,,Computer Software: Programming Data Processing,Technology
GOOGN,Alphabet Inc. Depositary Shares representing a 1/20th Interest in a Share of Series B Mandatory Convertible Preferred Stock,$48.67,0.29,0.599%,1352362,595234100000.00,United States,,Computer Software: Programming Data Processing,Technology
GOOS,Canada Goose Holdings Inc. Subordinate Voting Shares,$7.61,0.01,0.132%,568073,743205537.00,,2017,Apparel,Consumer Discretionary
GORO,Goldgroup Mining Inc. Common Shares,$3.50,-0.02,-0.568%,876974,474756167.00,Canada,2026,Precious Metals,Basic Materials
GOSS,Gossamer Bio Inc. Common Stock,$10.94,0.01,0.091%,426670,66913318.00,United States,2019,Biotechnology: Pharmaceutical Preparations,Health Care
GOTU,Gaotu Techedu Inc. American Depositary Shares,$2.46,0.03,1.235%,749577,586566931.00,China,2019,Other Consumer Services,Real Estate
GOVX,GeoVax Labs Inc. Common Stock,$0.351,-0.0093,-2.581%,231187,3546108.00,United States,,Biotechnology: Pharmaceutical Preparations,Health Care
GP,GreenPower Motor Company Inc. Common Shares,$0.5909,0.0137,2.374%,150508,5195076.00,Canada,,Construction/Ag Equipment/Trucks,Consumer Discretionary
GPAC,General Purpose Acquisition Corp. Class A Ordinary Shares,$10.09,0.01,0.099%,809,0.00,United States,2026,,
GPACU,General Purpose Acquisition Corp. Units,$10.15,-0.015,-0.148%,856,0.00,United States,2025,,
GPACW,General Purpose Acquisition Corp. Warrant,$0.2468,0.0268,12.182%,2164,0.00,United States,2026,Major Chemicals,Industrials
GPAT,GP-Act III Acquisition Corp. Class A Ordinary Share,$11.08,0.00,0.00%,14,0.00,United States,2024,,
GPATU,GP-Act III Acquisition Corp. Units,$10.99,0.00,0.00%,2,0.00,United States,2024,,
GPATW,GP-Act III Acquisition Corp. Warrants,$0.0689,0.001,1.473%,3614,0.00,United States,2024,,
GPC,Genuine Parts Company Common Stock,$129.61,0.35,0.271%,537882,17868003234.00,United States,,Automotive Aftermarket,Consumer Discretionary
GPCR,Structure Therapeutics Inc. American Depositary Shares,$35.93,-0.09,-0.25%,1587834,2562163162.00,United States,2023,Biotechnology: Pharmaceutical Preparations,Health Care
GPGI,GPGI Inc. Class A Common Stock,$11.61,-0.32,-2.682%,1234196,3365623852.00,United States,,Finance: Consumer Services,Finance
GPI,Group 1 Automotive Inc. Common Stock,$252.18,4.39,1.772%,262054,3006546701.00,United States,1997,Retail-Auto Dealers and Gas Stations,Consumer Discretionary
GPJA,Georgia Power Company Series 2017A 5.00% Junior Subordinated Notes due October 1 2077,$19.01,0.01,0.053%,18377,176061115.00,United States,2017,Electric Utilities: Central,Utilities
GPK,Graphic Packaging Holding Company,$9.38,0.04,0.428%,4222692,2777151355.00,United States,,Containers/Packaging,Consumer Discretionary
GPMT,Granite Point Mortgage Trust Inc. Common Stock,$0.9151,-0.0277,-2.938%,123160,44106142.00,United States,2017,Real Estate Investment Trusts,Real Estate
GPMT^A,Granite Point Mortgage Trust Inc. 7.00% Series A Fixed-to-Floating Rate Cumulative Redeemable Preferred Stock,$14.96,-0.0453,-0.302%,15239,,United States,,,
GPN,Global Payments Inc. Common Stock,$86.49,1.18,1.383%,2160104,22886844551.00,United States,,Business Services,Consumer Discretionary
GPOR,Gulfport Energy Corporation Common Shares,$154.62,-7.29,-4.503%,331928,2734279361.00,United States,2021,Oil & Gas Production,Energy
GPRE,Green Plains Inc. Common Stock,$14.92,-0.09,-0.60%,1491988,1045822294.00,United States,,Major Chemicals,Industrials
GPRK,Geopark Ltd Common Shares,$11.20,-0.14,-1.235%,901582,726832434.00,Bermuda,2014,Oil & Gas Production,Energy
GPRO,GoPro Inc. Class A Common Stock,$1.29,0.03,2.381%,9393354,238010688.00,United States,2014,Industrial Machinery/Components,Consumer Discretionary
GPUS,Hyperscale Data Inc. Common Stock,$0.1653,-0.0112,-6.346%,229190339,29251013.00,United States,1997,Industrial Machinery/Components,Technology
GPUS^D,Hyperscale Data Inc. 13.00% Series D Cumulative Redeemable Perpetual Preferred Stock,$16.75,-0.2601,-1.529%,4536,,United States,,,
GRAB,Grab Holdings Limited Class A Ordinary Shares,$3.13,0.02,0.643%,63189956,12834507981.00,Singapore,,Business Services,Consumer Discretionary
GRABW,Grab Holdings Limited Warrant,$0.0285,0.0081,39.706%,204959,116863731.00,Singapore,,Business Services,Consumer Discretionary
GRAL,GRAIL Inc. Common Stock ,$126.89,1.68,1.342%,1292247,5667698432.00,United States,,Medical Specialities,Health Care
GRAN,Grande Group Limited Class A Ordinary Shares,$1.11,0.03,2.778%,3268,27645938.00,Hong Kong,2025,Finance: Consumer Services,Finance
GRBK,Green Brick Partners Inc. Common Stock,$68.79,1.00,1.475%,257553,2958705778.00,United States,2021,Homebuilding,Consumer Discretionary
GRBK^A,Green Brick Partners Inc. Depositary Shares (each representing a 1/1000th fractional interest in a share of 5.75% Series A Cumulative Perpetual Preferred Stock),$20.85,-0.44,-2.067%,3412,,United States,,,
GRC,Gorman-Rupp Company (The) Common Stock,$74.21,-0.44,-0.589%,252375,1959904133.00,United States,1971,Fluid Controls,Industrials
GRCE,Grace Therapeutics Inc. Common Stock,$2.12,-0.04,-1.852%,80184,44596172.00,Canada,,Biotechnology: Pharmaceutical Preparations,Health Care
GRDN,Guardian Pharmacy Services Inc. Class A Common Stock,$41.21,-0.58,-1.388%,720714,2610336348.00,United States,2024,Retail-Drug Stores and Proprietary Stores,Consumer Staples
GRDX,GridAI Technologies Corp. Common Stock,$3.43,-0.38,-9.974%,134387,24459752.00,United States,2016,Biotechnology: Pharmaceutical Preparations,Health Care
GREEL,Vulcan Infrastructure and Power Inc. 8.50% Senior Notes due 2026,$25.30,0.00,0.00%,48,396537450.00,United States,,Finance: Consumer Services,Finance
GRF,Eagle Capital Growth Fund Inc. Common Stock,$10.17,0.00,0.00%,52,0.00,United States,,Finance/Investors Services,Finance
GRFS,Grifols S.A. American Depositary Shares,$7.35,0.15,2.083%,507238,5053528574.00,Spain,,Biotechnology: Pharmaceutical Preparations,Health Care
GRI,GRI Bio Inc. Common Stock,$2.05,-0.04,-1.914%,53372,4481536.00,United States,2021,Biotechnology: Pharmaceutical Preparations,Health Care
GRML,Greenland Mines Ltd. Common Stock,$14.66,-0.23,-1.545%,22893468,129405755.00,United States,2022,Biotechnology: Biological Products (No Diagnostic Substances),Health Care
GRMLW,Greenland Mines Ltd Warrant,$1.0499,0.5599,114.265%,1449046,9267606.00,United States,2022,Biotechnology: Biological Products (No Diagnostic Substances),Health Care
GRMN,Garmin Ltd. Common Stock (Switzerland),$294.14,-0.90,-0.305%,552221,56725644939.00,Switzerland,2000,Industrial Machinery/Components,Industrials
GRND,Grindr Inc. Common Stock,$15.77,-0.10,-0.63%,1412752,2741151288.00,Singapore,2021,Computer Software: Programming Data Processing,Technology
GRNQ,Greenpro Capital Corp. Common Stock,$10.55,-0.77,-6.802%,22233,19124892.00,China,,Professional Services,Consumer Discretionary
GRNT,Granite Ridge Resources Inc. Common Stock,$4.44,-0.10,-2.203%,1419188,585637074.00,United States,2022,Oil & Gas Production,Energy
GRO,Brazil Potash Corp. Common Shares,$2.36,0.04,1.724%,73216,146193067.00,,2024,Mining & Quarrying of Nonmetallic Minerals (No Fuels),Industrials
GROV,Grove Collaborative Holdings Inc. Class A Common Stock,$1.06,0.01,0.952%,19322,45263109.00,,2021,Catalog/Specialty Distribution,Consumer Discretionary
GROW,U.S. Global Investors Inc. Class A Common Stock,$2.98,0.05,1.706%,3863,36648624.00,United States,,Investment Managers,Finance
GROY,Gold Royalty Corp. Common Shares,$3.16,0.03,0.958%,728481,729357075.00,Canada,2021,Precious Metals,Basic Materials
GRPN,Groupon Inc. Common Stock,$21.30,0.41,1.963%,690353,866170805.00,United States,2011,Advertising,Consumer Discretionary
GRRR,Gorilla Technology Group Inc. Ordinary shares,$14.01,-0.35,-2.437%,484322,388882211.00,Taiwan,,Computer Software: Prepackaged Software,Technology
GRRRW,Gorilla Technology Group Inc. Warrant,$0.1309,-0.0261,-16.624%,2052,3633453.00,Taiwan,,Computer Software: Prepackaged Software,Technology
GRSD,Grandstand Limited Ordinary Shares,$1.57,0.00,0.00%,149073,55102588.00,Jersey,2021,Services-Misc. Amusement & Recreation,Consumer Discretionary
GRVY,GRAVITY Co. Ltd. American Depository Shares,$66.51,-1.04,-1.54%,10779,462171339.00,South Korea,2005,EDP Services,Technology
GRWG,GrowGeneration Corp. Common Stock,$1.56,-0.03,-1.887%,204694,91915900.00,United States,,RETAIL: Building Materials,Consumer Discretionary
GRX,The Gabelli Healthcare & Wellness Trust Common Shares of Beneficial Interest,$9.67,-0.16,-1.628%,22768,165289049.00,United States,,Finance/Investors Services,Finance
GS,Goldman Sachs Group Inc. (The) Common Stock,$935.45,12.16,1.317%,1956114,272376293614.00,United States,1999,Investment Bankers/Brokers/Service,Finance
GS^A,Goldman Sachs Group Inc. (The) Depositary Shares each representing 1/1000th Interest in a Share of Floating Rate Non-Cumulative Preferred Stock Series A,$19.16,0.00,0.00%,47231,,United States,,,
GS^C,Goldman Sachs Group Inc. (The) Depositary Share repstg 1/1000th Preferred Series C,$19.606,0.046,0.235%,6532,,United States,,,
GS^D,Goldman Sachs Group Inc. (The) Dep Shs repstg 1/1000 Pfd Ser D Fltg,$19.00,-0.05,-0.262%,74681,,United States,,,
GSAT,Globalstar Inc. Common Stock,$82.88,0.42,0.509%,437898,10738213763.00,United States,2025,Telecommunications Equipment,Consumer Discretionary
GSBC,Great Southern Bancorp Inc. Common Stock,$78.91,0.08,0.101%,52226,859922277.00,United States,1989,Major Banks,Finance
GSBD,Goldman Sachs BDC Inc. Common Stock,$9.54,0.01,0.105%,604661,1073908899.00,United States,2015,Investment Managers,Finance
GSHD,Goosehead Insurance Inc. Class A Common Stock,$45.23,1.58,3.62%,459707,1606384383.00,United States,2018,Specialty Insurers,Finance
GSHR,Gesher Acquisition Corp. II Class A Ordinary Shares,$10.57,0.01,0.095%,75245,0.00,United States,2025,,
GSIT,GSI Technology Common Stock,$5.61,0.10,1.815%,310084,215606830.00,United States,2007,Semiconductors,Technology
GSIW,Garden Stage Limited Class A Ordinary Shares,$14.035,-0.595,-4.067%,7400,150348520.00,Hong Kong,2023,Investment Bankers/Brokers/Service,Finance
GSK,GSK plc American Depositary Shares (Each representing two Ordinary Shares),$49.24,-0.41,-0.826%,3324157,99598024877.00,United Kingdom,2022,Biotechnology: Pharmaceutical Preparations,Health Care
GSL,Global Ship Lease Inc New Class A Common Shares,$44.33,0.22,0.499%,296737,1592255757.00,United Kingdom,,Marine Transportation,Consumer Discretionary
GSL^B,Global Ship Lease Inc. Depository Shares Representing 1/100th Perpetual Preferred Series B% (Marshall Island),$26.3978,-0.0022,-0.008%,4309,,United Kingdom,,,
GSM,Ferroglobe PLC Ordinary Shares,$4.07,0.09,2.261%,753237,760522304.00,United Kingdom,,Metal Mining,Basic Materials
GSRF,GSR IV Acquisition Corp. Class A ordinary share,$10.23,0.00,0.00%,11,0.00,United States,2025,,
GSRFU,GSR IV Acquisition Corp. Units,$10.58,0.00,0.00%,4,0.00,United States,2025,,
GSRV,GSR V Acquisition Corp. Class A ordinary shares,$9.89,0.01,0.101%,590,0.00,United States,2026,Blank Checks,Finance
GSUN,Golden Sun Technology Group Limited Class A Ordinary Shares,$0.229,-0.003,-1.293%,732573,2296611.00,China,2022,Other Consumer Services,Real Estate
GT,The Goodyear Tire & Rubber Company Common Stock,$5.125,0.055,1.085%,5690757,1475481027.00,United States,,Automotive Aftermarket,Consumer Discretionary
GTBP,GT Biopharma Inc. Common Stock,$6.89,0.06,0.878%,79856,12432171.00,United States,,Biotechnology: Pharmaceutical Preparations,Health Care
GTE,Gran Tierra Energy Inc. Common Stock,$9.62,-0.56,-5.501%,493019,340359727.00,Canada,,Oil & Gas Production,Energy
GTEC,Greenland Technologies Holding Corporation Class A Ordinary Shares,$1.09,-0.075,-6.438%,455305,28933202.00,China,2018,Industrial Machinery/Components,Industrials
GTEN,Gores Holdings X Inc. Class A ordinary shares,$10.49,0.00,0.00%,22,0.00,United States,2025,,
GTERA,Globa Terra Acquisition Corporation Class A Ordinary Shares,$10.42,0.00,0.00%,3820,0.00,Mexico,2025,Blank Checks,Finance
GTERR,Globa Terra Acquisition Corporation Rights,$0.0502,0.00,0.00%,2,0.00,Mexico,2025,Blank Checks,Finance
GTES,Gates Industrial Corporation Ltd. Common Shares,$26.86,0.60,2.285%,1562054,6799640426.00,United Kingdom,2018,Industrial Machinery/Components,Industrials
GTIM,Good Times Restaurants Inc. Common Stock,$1.51,0.01,0.667%,36676,15942423.00,United States,,Restaurants,Consumer Discretionary
GTLB,GitLab Inc. Class A Common Stock,$46.845,-1.775,-3.651%,3899965,7804377000.00,United States,2021,Computer Software: Prepackaged Software,Technology
GTM,ZoomInfo Technologies Inc Common Stock,$3.75,-0.17,-4.337%,4482585,1091662673.00,United States,2020,Computer Software: Prepackaged Software,Technology
GTN,Gray Media Inc. Common Stock,$4.58,0.01,0.219%,975609,471668474.00,United States,,Broadcasting,Industrials
GTX,Garrett Motion Inc. Common Stock,$25.72,0.42,1.66%,1472117,4796610608.00,Switzerland,,Auto Parts:O.E.M.,Consumer Discretionary
GTY,Getty Realty Corporation Common Stock,$28.66,-0.05,-0.174%,784742,1774991153.00,United States,,Real Estate,Finance
GUAC,Berto Acquisition Corp. II Ordinary Shares,$9.901,-0.009,-0.091%,533,0.00,United States,2026,Blank Checks,Finance
GUACU,Berto Acquisition Corp. II Unit,$10.06,0.01,0.10%,315577,0.00,United States,2026,Blank Checks,Finance
GUG,Guggenheim Active Allocation Fund Common Shares of Beneficial Interest,$13.93,0.14,1.015%,123381,0.00,United States,2021,Trusts Except Educational Religious and Charitable,Finance
GURE,Gulf Resources Inc. (NV) Common Stock,$3.26,0.02,0.617%,11990,5912111.00,China,,Major Chemicals,Industrials
GUT,Gabelli Utility Trust (The) Common Stock,$5.90,-0.02,-0.338%,178562,433054271.00,United States,,Trusts Except Educational Religious and Charitable,Finance
GUT^C,Gabelli Utility Trust (The) 5.375% Series C Cumulative Preferred Shares,$19.98,0.015,0.075%,2367,,United States,,,
GUTS,Fractyl Health Inc. Common Stock,$0.4856,0.0157,3.341%,3264728,77297734.00,United States,2024,Medical/Dental Instruments,Health Care
GVA,Granite Construction Incorporated Common Stock,$115.08,4.15,3.741%,501150,5036419811.00,United States,,Military/Government/Technical,Industrials
GVH,Globavend Holdings Limited Ordinary Shares,$1.08,-0.01,-0.917%,33229,4648510.00,Australia,2023,Integrated Freight & Logistics,Industrials
GWAV,Greenwave Technology Solutions Inc. Common Stock,$2.39,-0.02,-0.83%,6581,7128137.00,United States,,Metal Fabrications,Industrials
GWH,ESS Tech Inc. Common Stock,$0.21,-0.1296,-38.163%,8680066,8457572.00,United States,,Industrial Machinery/Components,Miscellaneous
GWRE,Guidewire Software Inc. Common Stock,$145.56,-5.44,-3.603%,1009322,11934852900.00,United States,2012,Computer Software: Prepackaged Software,Technology
GWRS,Global Water Resources Inc. Common Stock,$8.10,0.16,2.015%,43759,242394898.00,United States,2016,Water Supply,Utilities
GWW,W.W. Grainger Inc. Common Stock,$1243.07,-36.40,-2.845%,391216,58549767972.00,United States,,Office Equipment/Supplies/Services,Industrials
GXAI,Gaxos.ai Inc. Common Stock,$0.5695,-0.0279,-4.67%,176241,6294278.00,United States,2023,Computer Software: Prepackaged Software,Technology
GXO,GXO Logistics Inc. Common Stock ,$45.20,1.03,2.332%,1257303,5183742971.00,United States,2021,Transportation Services,Consumer Discretionary
GYGY,Game Your Game Inc. Common Stock,$0.7396,-0.003,-0.404%,41748483,10644323.00,United States,,Computer Software: Prepackaged Software,Technology
GYRE,Gyre Therapeutics Inc. Common Stock,$7.35,0.02,0.273%,134840,819597390.00,United States,2006,Biotechnology: Pharmaceutical Preparations,Health Care
GYRO,Gyrodyne LLC Common Stock,$4.63,-0.295,-5.99%,6545,10182796.00,United States,,Building operators,Real Estate
H,Hyatt Hotels Corporation Class A Common Stock,$158.48,-0.55,-0.346%,639670,14929069726.00,United States,2009,Hotels/Resorts,Consumer Discretionary
HACQ,HCM IV Acquisition Corp. Class A Ordinary Share,$10.035,0.00,0.00%,218,0.00,United States,2026,Blank Checks,Finance
HAE,Haemonetics Corporation Common Stock,$105.30,-0.70,-0.66%,492640,4790839470.00,United States,1991,Medical/Dental Instruments,Health Care
HAFC,Hanmi Financial Corporation Common Stock,$32.10,0.27,0.848%,227163,951741086.00,United States,,Major Banks,Finance
HAFN,Hafnia Limited Common Shares,$8.92,0.00,0.00%,4307378,4458593129.00,,2024,Transportation Services,Consumer Discretionary
HAIN,Hain Celestial Group Inc. (The) Common Stock,$0.4975,-0.0225,-4.327%,1216938,45273629.00,United States,,Packaged Foods,Consumer Staples
HAL,Halliburton Company Common Stock,$32.76,0.00,0.00%,9834425,27293350823.00,United States,,Oilfield Services/Equipment,Energy
HALO,Halozyme Therapeutics Inc. Common Stock,$113.90,-1.32,-1.146%,1958523,12927422200.00,United States,,Biotechnology: Biological Products (No Diagnostic Substances),Health Care
HAO,Haoxi Health Technology Limited Class A Ordinary Shares,$2.90,-0.07,-2.357%,52949,1061765.00,China,2024,Advertising,Consumer Discretionary
HAPN,Happen Inc. Common Stock,$15.03,-0.32,-2.085%,2185279,1734574184.00,United States,,Finance: Consumer Services,Finance
HAS,Hasbro Inc. Common Stock,$88.09,1.28,1.474%,1562423,12424607098.00,United States,,Recreational Games/Products/Toys,Consumer Discretionary
HASI,HA Sustainable Infrastructure Capital Inc. Common Stock,$36.44,0.28,0.774%,2300174,4682386588.00,United States,2013,Finance/Investors Services,Finance
HAVA,Harvard Ave Acquisition Corporation Class A Ordinary Share,$10.22,0.00,0.00%,8,0.00,South Korea,2025,,
HAWK,HawkEye 360 Inc. Common Stock,$16.10,0.10,0.625%,902225,1577245387.00,United States,2026,EDP Services,Technology
HAYW,Hayward Holdings Inc. Common Stock,$12.63,0.11,0.879%,8251131,2679070321.00,United States,2021,Industrial Machinery/Components,Industrials
HBAN,Huntington Bancshares Incorporated Common Stock,$15.64,0.33,2.155%,33486925,31599287879.00,United States,,Major Banks,Finance
HBANL,Huntington Bancshares Incorporated Depositary Shares Each Representing a 1/40th Interest in a Share of 6.875% Series J Non-Cumulative Perpetual Preferred Stock,$25.27,0.22,0.878%,25329,51055882653.00,United States,,Major Banks,Finance
HBANM,Huntington Bancshares Incorporated Depositary Shares each representing a 1/1000th interest in a share of Huntington Series I Preferred Stock,$20.03,-0.02,-0.10%,11990,40468908965.00,United States,,Major Banks,Finance
HBANP,Huntington Bancshares Incorporated Depositary Shares 4.500% Series H Non-Cumulative Perpetual Preferred Stock,$15.93,-0.32,-1.969%,108616,32185208178.00,United States,,Major Banks,Finance
HBANZ,Huntington Bancshares Incorporated Depositary Shares Each Representing a 1/1000th Interest in a Share of 5.50% Series L Non-Cumulative Perpetual Preferred Stock,$19.05,-0.1499,-0.781%,10240,38488902435.00,United States,,Major Banks,Finance
HBB,Hamilton Beach Brands Holding Company Class A Common Stock ,$37.26,-0.05,-0.134%,65851,500861290.00,United States,2017,Home Furnishings,Consumer Discretionary
HBCP,Home Bancorp Inc. Common Stock,$67.60,-0.12,-0.177%,71740,532062700.00,United States,2008,Banks,Finance
HBIO,Harvard Bioscience Inc. Common Stock,$7.96,-0.06,-0.748%,5407,36236348.00,United States,2000,Biotechnology: Laboratory Analytical Instruments,Industrials
HBM,Hudbay Minerals Inc. Ordinary Shares (Canada),$26.63,0.15,0.566%,2576875,11827574959.00,Canada,,Metal Mining,Basic Materials
HBNB,Hotel101 Global Holdings Corp. Class A Ordinary Shares,$4.7201,0.00,0.00%,441,1104656265.00,Singapore,,Hotels/Resorts,Consumer Discretionary
HBNC,Horizon Bancorp Inc. Common Stock,$19.28,0.06,0.312%,692731,989922326.00,United States,,Major Banks,Finance
HBT,HBT Financial Inc. Common Stock,$36.25,0.50,1.399%,126495,1318253435.00,United States,2019,Major Banks,Finance
HCA,HCA Healthcare Inc. Common Stock,$435.61,12.13,2.864%,1020236,94310218415.00,United States,2011,Hospital/Nursing Management,Health Care
HCAC,Hall Chadwick Acquisition Corp Class A Ordinary Shares,$10.12,-0.005,-0.049%,21674,0.00,Cayman Islands,2026,Auto Parts:O.E.M.,Consumer Discretionary
HCACR,Hall Chadwick Acquisition Corp Rights,$0.2203,-0.0197,-8.208%,45769,0.00,Cayman Islands,2026,,
HCAI,Huachen AI Parking Management Technology Holding Co. Ltd. Class A Ordinary Shares,$0.5201,-0.0093,-1.757%,174980,5675995.00,China,2025,Miscellaneous manufacturing industries,Consumer Discretionary
HCAT,Health Catalyst Inc Common Stock,$1.74,0.00,0.00%,116972,130946103.00,United States,2019,Computer Software: Programming Data Processing,Technology
HCC,Warrior Met Coal Inc. Common Stock,$89.51,0.56,0.63%,394028,4726314807.00,United States,2017,Coal Mining,Energy
HCI,HCI Group Inc. Common Stock,$174.94,-1.95,-1.102%,238177,2176055393.00,United States,,Property-Casualty Insurers,Finance
HCIC,Hennessy Capital Investment Corp. VIII Class A Ordinary Shares,$9.98,-0.01,-0.10%,655,0.00,United States,2026,,
HCICR,Hennessy Capital Investment Corp. VIII Share Rights,$0.105,0.0193,22.52%,2017,0.00,United States,2026,,
HCKT,Hackett Group Inc (The). Common Stock,$10.03,-0.18,-1.763%,137810,249525066.00,United States,,Professional Services,Consumer Discretionary
HCM,HUTCHMED (China) Limited American Depositary Shares,$13.94,0.04,0.288%,71269,2432049405.00,Hong Kong,2016,Biotechnology: Pharmaceutical Preparations,Health Care
HCMA,HCM III Acquisition Corp. Class A Ordinary Share,$10.30,0.00,0.00%,41280,399768750.00,United States,2025,Hotels/Resorts,Consumer Discretionary
HCSG,Healthcare Services Group Inc. Common Stock,$21.05,0.08,0.381%,400667,1444707852.00,United States,1983,Hospital/Nursing Management,Health Care
HCTI,Healthcare Triangle Inc. Common Stock,$0.778,0.0482,6.605%,1275999,11650023.00,United States,2021,EDP Services,Technology
HCWB,HCW Biologics Inc. Common Stock,$1.93,-0.06,-3.015%,418800,3544105.00,United States,2021,Biotechnology: Pharmaceutical Preparations,Health Care
HCXY,Hercules Capital Inc. 6.25% Notes due 2033,$25.00,0.00,0.00%,1278,4541892075.00,United States,2018,Investment Managers,Finance
HD,Home Depot Inc. (The) Common Stock,$293.20,1.02,0.349%,5971280,292522598343.00,United States,,RETAIL: Building Materials,Consumer Discretionary
HDB,HDFC Bank Limited Common Stock,$23.01,0.18,0.788%,4885523,118067135076.00,India,2001,Commercial Banks,Finance
HDL,SUPER HI INTERNATIONAL HOLDING LTD. American Depositary Shares,$11.745,0.00,0.00%,141,763776176.00,Singapore,2024,Restaurants,Consumer Discretionary
HDRN,Hadron Energy Inc. Common Stock  ,$1.37,0.02,1.481%,47963,97953414.00,United States,2024,Electric Utilities: Central,Utilities
HDRNW,Hadron Energy Inc. Warrant,$0.1398,0.0002,0.143%,205,9995538.00,United States,2024,Electric Utilities: Central,Utilities
HDSN,Hudson Technologies Inc. Common Stock,$5.16,-0.07,-1.338%,272767,217176903.00,United States,,Industrial Specialties,Consumer Discretionary
HE,Hawaiian Electric Industries Inc. Common Stock,$9.10,-0.07,-0.763%,2566139,1571824836.00,United States,,Electric Utilities: Central,Utilities
HEI,Heico Corporation Common Stock,$308.53,2.20,0.718%,616443,43119352165.00,United States,2000,Aerospace,Industrials
HEI/A,Heico Corporation,$232.02,2.58,1.124%,246694,,United States,,,
HELE,Helen of Troy Limited Common Stock,$28.63,-0.72,-2.453%,515967,666851706.00,Bermuda,,Home Furnishings,Consumer Discretionary
HELP,Cybin Inc. Common Stock,$12.61,0.02,0.159%,805880,921307873.00,Canada,,Biotechnology: Pharmaceutical Preparations,Health Care
HEPS,D-Market Electronic Services & Trading American Depositary Shares,$2.51,0.15,6.356%,552365,896635252.00,Turkey,2021,Catalog/Specialty Distribution,Consumer Discretionary
HEQ,John Hancock Diversified Income Fund Common Shares of Beneficial Interest,$11.19,0.01,0.089%,12960,0.00,United States,2011,Investment Managers,Finance
HERE,Here Group Limited American Depositary Shares,$1.69,0.02,1.198%,14615,91909999.00,China,2023,Recreational Games/Products/Toys,Consumer Discretionary
HERZ,Herzfeld Credit Income Fund Inc. Common Stock,$15.54,-0.0268,-0.172%,73261,0.00,United States,,Investment Managers,Finance
HESM,Hess Midstream LP Class A Representing Limited Partner Interests,$38.25,-0.22,-0.572%,1522010,4909421198.00,United States,2017,Oil & Gas Production,Energy
HFBL,Home Federal Bancorp Inc. of Louisiana Common Stock,$24.80,-0.20,-0.80%,1077,75736447.00,United States,2010,Savings Institutions,Finance
HFFG,HF Foods Group Inc. Common Stock,$1.59,0.04,2.581%,41211,88408477.00,United States,2017,Food Distributors,Consumer Discretionary
HFRO,Highland Opportunities and Income Fund Common Shares of Beneficial Interest,$6.79,-0.11,-1.594%,52799,0.00,United States,2017,Finance/Investors Services,Finance
HFRO^A,Highland Opportunities and Income Fund 5.375% Series A Cumulative Preferred Shares,$15.82,0.02,0.127%,6248,,United States,,,
HFRO^B,Highland Opportunities and Income Fund 5.375% Series B Cumulative Preferred Shares,$15.61,-0.0201,-0.129%,11391,,United States,,,
HFWA,Heritage Financial Corporation Common Stock,$28.57,0.32,1.133%,419999,1168957492.00,United States,,Banks,Finance
HG,Hamilton Insurance Group Ltd. Class B Common Shares,$33.29,-0.14,-0.419%,294427,2770085435.00,Bermuda,2023,Property-Casualty Insurers,Finance
HGBL,Heritage Global Inc. Common Stock,$1.33,0.00,0.00%,42202,46070462.00,United States,,Business Services,Consumer Discretionary
HGLB,Highland Global Allocation Fund Common Stock,$6.88,-0.13,-1.854%,164933,0.00,,2019,Trusts Except Educational Religious and Charitable,Finance
HGTY,Hagerty Inc. Class A Common Stock,$13.59,0.01,0.074%,300625,4669832208.00,United States,2021,Specialty Insurers,Finance
HGV,Hilton Grand Vacations Inc. Common Stock ,$35.77,0.69,1.967%,759983,2780192667.00,United States,2016,Hotels/Resorts,Consumer Discretionary
HHH,Howard Hughes Holdings Inc. Common Stock,$68.43,3.85,5.962%,1102575,4086710493.00,United States,,Real Estate Investment Trusts,Real Estate
HHS,Harte Hanks Inc. Common Stock,$4.60,-0.045,-0.969%,46306,34289504.00,United States,,Advertising,Consumer Discretionary
HIFS,Hingham Institution for Savings Common Stock,$299.18,1.99,0.67%,42403,642459132.00,United States,,Banks,Finance
HIG,The Hartford Insurance Group Inc. Common Stock,$124.23,-1.46,-1.162%,1672129,33650428808.00,United States,,Property-Casualty Insurers,Finance
HIG^G,The Hartford Insurance Group Inc. Depositary Shares each representing a 1/1000th interest in a share of 6.000% Non-Cumulative Preferred Stock Series G,$22.605,0.055,0.244%,15844,,United States,,,
HIHO,Highway Holdings Limited Common Stock,$0.9098,-0.0201,-2.162%,41051,4209350.00,Hong Kong,,Metal Fabrications,Industrials
HII,Huntington Ingalls Industries Inc. Common Stock,$264.02,-1.98,-0.744%,305731,10403601964.00,United States,,Marine Transportation,Industrials
HIMS,Hims & Hers Health Inc. Class A Common Stock,$29.42,0.14,0.478%,8199575,6864080610.00,United States,2019,Medical/Nursing Services,Health Care
HIMX,Himax Technologies Inc. American Depositary Shares,$14.44,0.32,2.266%,561493,2518710198.00,Taiwan,2006,Semiconductors,Technology
HIND,Vyome Holdings Inc. Common Stock,$2.04,-0.02,-0.971%,9338,14317797.00,United States,2016,Biotechnology: Pharmaceutical Preparations,Health Care
HIO,Western Asset High Income Opportunity Fund Inc. Common Stock,$3.28,0.02,0.613%,1015568,0.00,United States,,Finance/Investors Services,Finance
HIPO,Hippo Holdings Inc. Common Stock,$30.61,0.37,1.224%,194841,807778952.00,United States,2021,Property-Casualty Insurers,Finance
HIT,Health In Tech Inc. Class A Common Stock,$0.86,0.0063,0.738%,27093,56246278.00,United States,2024,Specialty Insurers,Finance
HITI,High Tide Inc. Common Shares,$2.79,0.095,3.525%,849776,248707893.00,Canada,,Other Specialty Stores,Consumer Discretionary
HIVE,HIVE Digital Technologies Ltd. Common Shares,$3.16,-0.14,-4.242%,14846903,866716388.00,Canada,,Finance: Consumer Services,Finance
HIW,Highwoods Properties Inc. Common Stock,$30.09,0.08,0.267%,913464,3319113889.00,United States,1994,Real Estate Investment Trusts,Real Estate
HIX,Western Asset High Income Fund II Inc. Common Stock,$3.57,0.02,0.563%,917442,0.00,United States,1998,Finance/Investors Services,Finance
HKD,AMTD Digital Inc. American Depositary Shares (every five of which represent two Class A Ordinary Shares),$1.68,-0.02,-1.176%,102427,211955471.00,,2022,Finance: Consumer Services,Finance
HKIT,Hitek Global Inc. Class A Ordinary Share,$2.88,0.095,3.411%,84526,25896557.00,China,2023,Computer Software: Prepackaged Software,Technology
HKPD,Cellyan Biotechnology Co. Ltd Class A Ordinary Shares,$0.1118,-0.0089,-7.374%,564975,5422295.00,Hong Kong,2025,Other Pharmaceuticals,Health Care
HL,Hecla Mining Company Common Stock,$18.19,0.25,1.394%,22191823,12219467760.00,United States,,Mining & Quarrying of Nonmetallic Minerals (No Fuels),Industrials
HL^B,Hecla Mining Company Preferred Stock,$72.00,0.00,0.00%,13,,United States,,,
HLF,Herbalife Ltd. Common Shares,$12.55,0.34,2.785%,2117134,1315282419.00,Cayman Islands,2004,Other Pharmaceuticals,Health Care
HLI,Houlihan Lokey Inc. Class A Common Stock,$129.07,1.58,1.239%,796567,9020250555.00,United States,2015,Investment Managers,Finance
HLIO,Helios Technologies Inc. Common Stock,$68.64,0.26,0.38%,534310,2261727605.00,United States,2021,Metal Fabrications,Industrials
HLIT,Harmonic Inc. Common Stock,$11.01,0.065,0.594%,986044,1200821559.00,United States,1995,Radio And Television Broadcasting And Communications Equipment,Technology
HLLY,Holley Inc. Common Stock,$2.47,0.04,1.646%,1043139,299448333.00,United States,2020,Auto Parts:O.E.M.,Consumer Discretionary
HLMN,Hillman Solutions Corp. Common Stock,$7.05,0.04,0.571%,1076208,1371542243.00,United States,2020,Industrial Machinery/Components,Consumer Discretionary
HLN,Haleon plc American Depositary Shares (Each representing two Ordinary Shares),$9.26,0.04,0.434%,22366310,40728020870.00,United Kingdom,2022,Package Goods/Cosmetics,Consumer Discretionary
HLNE,Hamilton Lane Incorporated Class A Common Stock,$86.21,0.87,1.019%,784945,4751088102.00,United States,2017,Investment Managers,Finance
HLP,Hongli Group Inc. Class A Ordinary Shares,$2.21,0.01,0.455%,182902,165172638.00,China,2023,Industrial Machinery/Components,Industrials
HLSQ,Tessera Defense and Homeland Security Inc. Common Stock,$0.528,0.00,0.00%,673767,1510080.00,,2019,Biotechnology: Biological Products (No Diagnostic Substances),Health Care
HLT,Hilton Worldwide Holdings Inc. Common Stock ,$313.96,1.83,0.586%,1532757,70661379144.00,United States,2016,Hotels/Resorts,Consumer Discretionary
HLXC,Helix Acquisition Corp. III Class A Ordinary Shares,$10.94,0.00,0.00%,27,0.00,United States,2026,,
HMC,Honda Motor Company Ltd. Common Stock,$32.93,0.74,2.299%,871682,42727557985.00,Japan,,Auto Manufacturing,Industrials
HMH,HMH Holding Inc. Class A Common Stock,$19.16,0.54,2.90%,152426,841780747.00,United States,2026,Oil and Gas Field Machinery,Consumer Discretionary
HMN,Horace Mann Educators Corporation Common Stock,$45.35,-0.53,-1.155%,372076,1836722799.00,United States,1991,Property-Casualty Insurers,Finance
HMR,Heidmar Maritime Holdings Corp. Common Stock,$1.77,-0.04,-2.21%,95739,104415835.00,Greece,,Marine Transportation,Consumer Discretionary
HMY,Harmony Gold Mining Company Limited,$18.97,0.42,2.264%,2390207,12041543724.00,South Africa,,Precious Metals,Basic Materials
HNGE,Hinge Health Inc. Class A Common Stock,$95.57,3.59,3.903%,1090900,7711965433.00,United States,2025,EDP Services,Technology
HNI,HNI Corporation Common Stock,$47.21,0.53,1.135%,522843,3407702778.00,United States,,Office Equipment/Supplies/Services,Consumer Discretionary
HNNA,Hennessy Advisors Inc. Common Stock,$10.18,-0.01,-0.098%,3154,80466894.00,United States,,Investment Managers,Finance
HNRG,Hallador Energy Company Common Stock,$14.72,0.18,1.238%,614114,693950215.00,United States,,Electric Utilities: Central,Utilities
HNST,The Honest Company Inc. Common Stock,$5.29,0.01,0.189%,1355959,567534365.00,United States,2021,Catalog/Specialty Distribution,Consumer Discretionary
HNVR,Hanover Bancorp Inc. Common Stock,$26.51,0.45,1.727%,57555,187039290.00,United States,2022,Major Banks,Finance
HODO,House of Doge Inc. Common Stock,$0.1697,-0.0003,-0.176%,316844,15129262.00,United States,2025,Finance: Consumer Services,Finance
HOFT,Hooker Furnishings Corporation Common Stock,$13.14,0.03,0.229%,11722,140495469.00,United States,,Home Furnishings,Consumer Discretionary
HOG,Harley-Davidson Inc. Common Stock,$25.45,-0.07,-0.274%,2295726,2648645303.00,United States,,Motor Vehicles,Consumer Discretionary
HOLO,MicroCloud Hologram Inc. Ordinary Shares,$1.67,-0.03,-1.765%,137243,38263641.00,United States,2021,Computer Software: Programming Data Processing,Technology
HOLOW,MicroCloud Hologram Inc. Warrant,$0.04,-0.0047,-10.515%,5260,916494.00,United States,2021,Computer Software: Programming Data Processing,Technology
HOMB,Home BancShares Inc. Common Stock,$29.19,0.23,0.794%,1591745,5839448700.00,United States,2006,Major Banks,Finance
HON,Honeywell International Inc. Common Stock,$212.55,0.76,0.359%,1827435,67365599126.00,United States,,Aerospace,Industrials
HONA,Honeywell Aerospace Inc. Common Stock ,$158.78,0.32,0.202%,2285164,50325753676.00,United States,,Aerospace,Industrials
HOOD,Robinhood Markets Inc. Class A Common Stock,$119.40,-1.42,-1.175%,13915098,107350423396.00,United States,2021,Investment Bankers/Brokers/Service,Finance
HOPE,Hope Bancorp Inc. Common Stock,$13.83,0.11,0.802%,858773,1766669592.00,United States,,Major Banks,Finance
HOS,Hornbeck Offshore Services Inc. Common Stock,$8.19,-0.11,-1.325%,2063029,1819544348.00,United States,,Oilfield Services/Equipment,Energy
HOST,Host Digital Inc. Class A Common Stock,$6.14,-1.86,-23.25%,348100,173149971.00,,2024,Food Chains,Consumer Staples
HOUR,Hour Loop Inc. Common Stock,$1.74,-0.02,-1.136%,4906,61247687.00,United States,2022,Catalog/Specialty Distribution,Consumer Discretionary
HOV,Hovnanian Enterprises Inc. Class A Common Stock,$115.15,2.21,1.957%,91630,686281334.00,United States,1983,Homebuilding,Consumer Discretionary
HOVNP,Hovnanian Enterprises Inc Dep Shr Srs A Pfd,$18.5999,-0.0901,-0.482%,4624,110853358.00,United States,,Homebuilding,Consumer Discretionary
HOVR,New Horizon Aircraft Ltd. Class A Ordinary Share,$1.73,-0.02,-1.143%,501661,116124418.00,United States,2023,Aerospace,Industrials
HOVRW,New Horizon Aircraft Ltd. Warrant,$0.32,0.005,1.587%,3061,21479661.00,United States,2023,Aerospace,Industrials
HOWL,Werewolf Therapeutics Inc. Common Stock,$0.9599,-0.0211,-2.151%,454934,46650243.00,United States,2021,Biotechnology: Pharmaceutical Preparations,Health Care
HP,Helmerich & Payne Inc. Common Stock,$38.57,-1.25,-3.139%,1055795,3854645109.00,United States,,Oil & Gas Production,Energy
HPAI,Helport AI Limited Ordinary Shares,$0.3146,0.013,4.31%,202244,11843718.00,Singapore,,Computer Software: Prepackaged Software,Technology
HPE,Hewlett Packard Enterprise Company Common Stock,$62.94,-0.58,-0.913%,15512193,83550633190.00,United States,2015,Retail: Computer Software & Peripheral Equipment,Technology
HPE^C,Hewlett Packard Enterprise Company 7.625% Series C Mandatory Convertible Preferred Stock,$161.23,-1.32,-0.812%,16197,,United States,,,
HPF,John Hancock Pfd Income Fund II Pfd Income Fund II,$13.78,0.07,0.511%,71950,0.00,United States,2002,Finance Companies,Finance
HPI,John Hancock Preferred Income Fund Common Shares of Beneficial Interest,$14.31,0.01,0.07%,121233,0.00,United States,2002,Trusts Except Educational Religious and Charitable,Finance
HPK,HighPeak Energy Inc. Common Stock,$7.56,-0.09,-1.176%,386610,955983198.00,United States,,Oil & Gas Production,Energy
HPP,Hudson Pacific Properties Inc. Common Stock,$11.65,-0.06,-0.512%,704415,632230833.00,United States,2010,Real Estate,Finance
HPP^C,Hudson Pacific Properties Inc. 4.750% Series C Cumulative Redeemable Preferred Stock,$14.25,-0.285,-1.961%,2713,,United States,,,
HPQ,HP Inc. Common Stock,$31.30,0.16,0.514%,12013785,28226057330.00,United States,,Computer Manufacturing,Technology
HPS,John Hancock Preferred Income Fund III Preferred Income Fund III,$12.42,0.07,0.567%,65989,0.00,United States,2003,Investment Managers,Finance
HQ,Horizon Quantum Holdings Ltd. Class A Ordinary Shares,$15.59,-0.21,-1.329%,99179,841424727.00,Singapore,,EDP Services,Technology
HQH,abrdn Healthcare Investors Shares of Beneficial Interest,$21.24,-0.05,-0.235%,136707,1005580740.00,United States,1987,Finance Companies,Finance
HQI,HireQuest Inc. Common Stock (DE),$20.04,1.29,6.88%,131333,278556000.00,United States,,Professional Services,Consumer Discretionary
HQL,abrdn Life Sciences Investors Shares of Beneficial Interest,$18.97,-0.30,-1.557%,122539,487142695.00,United States,1992,Investment Managers,Finance
HQWWW,Horizon Quantum Holdings Ltd. Warrant,$6.81,-0.935,-12.072%,5799,367549865.00,Singapore,,EDP Services,Technology
HQY,HealthEquity Inc. Common Stock,$88.25,-0.35,-0.395%,1282491,7299624872.00,United States,2014,Business Services,Consumer Discretionary
HR,Healthcare Realty Trust Incorporated Common Stock,$18.05,0.22,1.234%,4023164,6186091668.00,United States,,Real Estate Investment Trusts,Real Estate
HRB,H&R Block Inc. Common Stock,$42.19,-0.42,-0.986%,1844047,5200589249.00,United States,,Other Consumer Services,Consumer Discretionary
HRI,Herc Holdings Inc. Common Stock ,$135.36,4.42,3.376%,591159,4525280260.00,United States,2016,Misc Corporate Leasing Services,Industrials
HRL,Hormel Foods Corporation Common Stock,$19.71,-0.13,-0.655%,4422969,10847414268.00,United States,,Meat/Poultry/Fish,Consumer Staples
HRMY,Harmony Biosciences Holdings Inc. Common Stock,$41.26,0.10,0.243%,557046,2402833575.00,United States,2020,Biotechnology: Pharmaceutical Preparations,Health Care
HROW,Harrow Inc. Common Stock,$33.07,-0.03,-0.091%,372977,1239723200.00,United States,,Biotechnology: Pharmaceutical Preparations,Health Care
HRTG,Heritage Insurance Holdings Inc. Common Stock,$33.27,0.09,0.271%,332606,989197480.00,United States,2014,Property-Casualty Insurers,Finance
HRTX,Heron Therapeutics Inc. Common Stock,$0.2942,0.0042,1.448%,1568952,55854549.00,United States,,Biotechnology: Pharmaceutical Preparations,Health Care
HRZN,Horizon Technology Finance Corporation Common Stock,$4.63,0.04,0.871%,275706,310366999.00,United States,2010,Finance: Consumer Services,Finance
HSAI,Hesai Group American Depositary Share,$16.25,-0.12,-0.733%,733693,2553560929.00,China,2023,Industrial Machinery/Components,Industrials
HSBC,HSBC Holdings plc. Common Stock,$100.95,0.78,0.779%,1327730,346595507139.00,United Kingdom,,Savings Institutions,Finance
HSCS,HeartSciences Inc. Common Stock,$4.73,0.10,2.16%,97972,22704814.00,United States,2022,Industrial Specialties,Health Care
HSCSW,HeartSciences Inc. Warrant,$0.0437,0.00,0.00%,9,209768.00,United States,2022,Industrial Specialties,Health Care
HSDT,Solana Company Class A Common Stock (DE),$2.94,0.04,1.379%,285577,177748587.00,United States,,Biotechnology: Electromedical & Electrotherapeutic Apparatus,Health Care
HSHP,Himalaya Shipping Ltd. Common Shares,$17.54,-0.49,-2.718%,467306,819995000.00,,2023,Marine Transportation,Consumer Discretionary
HSIC,Henry Schein Inc. Common Stock,$86.37,0.84,0.982%,1202313,9625637833.00,United States,1995,Medical Specialities,Health Care
HSLV,Highlander Silver Corp. Common Shares,$5.34,0.07,1.328%,679268,1086815052.00,,,,
HST,Host Hotels & Resorts Inc. Common Stock,$22.42,0.21,0.946%,6232722,15360489026.00,United States,,Real Estate Investment Trusts,Real Estate
HSTM,HealthStream Inc. Common Stock,$29.10,0.23,0.797%,196394,890340312.00,United States,2000,Computer Software: Programming Data Processing,Technology
HSY,The Hershey Company Common Stock,$166.37,-0.51,-0.306%,989289,33428001555.00,United States,,Specialty Foods,Consumer Staples
HTB,HomeTrust Bancshares Inc. Common Stock,$46.19,0.46,1.006%,118288,771057984.00,United States,,Savings Institutions,Finance
HTCO,High-Trend International Group Class A Ordinary Shares,$2.28,-0.07,-2.979%,5758,15402139.00,Singapore,,Marine Transportation,Consumer Discretionary
HTCR,Heartcore Enterprises Inc. Common Stock,$2.1357,0.0457,2.187%,33841,3236286.00,Japan,2022,EDP Services,Technology
HTD,John Hancock Tax Advantaged Dividend Income Fund Common Shares of Beneficial Interest,$22.49,-0.06,-0.266%,122603,0.00,United States,2004,Finance Companies,Finance
HTFC,Horizon Technology Finance Corporation 6.25% Notes due 2027,$24.91,0.0601,0.242%,5037,1059813860.00,United States,2022,Finance: Consumer Services,Finance
HTFL,Heartflow Inc. Common Stock,$49.17,0.51,1.048%,1159407,4275509840.00,United States,2025,Medical/Dental Instruments,Health Care
HTGC,Hercules Capital Inc. Common Stock,$16.97,0.17,1.012%,1077267,3176173080.00,United States,2012,Investment Managers,Finance
HTH,Hilltop Holdings Inc.,$38.56,0.21,0.548%,258483,2208964240.00,United States,,Major Banks,Finance
HTHT,H World Group Limited American Depositary Shares,$42.00,0.01,0.024%,1079862,12916000398.00,China,2010,Hotels/Resorts,Consumer Discretionary
HTLD,Heartland Express Inc. Common Stock,$11.30,-0.05,-0.441%,543591,873858504.00,United States,1986,Trucking Freight/Courier Services,Industrials
HTLM,HomesToLife Ltd Ordinary Shares,$1.78,0.00,0.00%,324,159643750.00,Singapore,2024,Other Specialty Stores,Consumer Discretionary
HTO,H2O America Common Stock,$62.27,0.09,0.145%,433099,2606423185.00,United States,,Water Supply,Utilities
HTOO,Fusion Fuel Green PLC Class A Ordinary Shares,$2.04,0.03,1.493%,104237,15333168.00,Ireland,,Industrial Machinery/Components,Technology
HTT,High Templar Tech Limited American depositary shares each representing one Class A ordinary share,$2.41,-0.02,-0.823%,21322,374233245.00,China,2017,Finance: Consumer Services,Finance
HTZ,Hertz Global Holdings Inc Common Stock,$1.74,-0.015,-0.855%,9103004,620225424.00,United States,,Rental/Leasing Companies,Consumer Discretionary
HTZWW,Hertz Global Holdings Inc Warrant,$0.8597,-0.0003,-0.035%,17275,306441263.00,United States,,Rental/Leasing Companies,Consumer Discretionary
HUBB,Hubbell Inc Common Stock,$466.62,0.74,0.159%,351515,24652734280.00,United States,2015,Electrical Products,Technology
HUBC,Hub Cyber Security Ltd. Ordinary Shares,$1.90,-0.43,-18.455%,716647,2540387.00,Israel,,Computer Communications Equipment,Telecommunications
HUBCW,Hub Cyber Security Ltd. Warrant 2/27/28,$0.0091,0.0007,8.333%,10362,12167.00,Israel,,Computer Communications Equipment,Telecommunications
HUBCZ,Hub Cyber Security Ltd. Warrant ,$0.0116,-0.0044,-27.50%,1301,15510.00,Israel,,Computer Communications Equipment,Telecommunications
HUBG,Hub Group Inc. Class A Common Stock,$30.34,0.31,1.032%,1413256,1855397493.00,United States,1996,Integrated Freight & Logistics,Industrials
HUBS,HubSpot Inc. Common Stock,$213.74,-7.82,-3.53%,870908,10658401802.00,United States,2014,Computer Software: Prepackaged Software,Technology
HUCK,Huckleberry.ai Inc. Class B Common Stock,$3.37,-0.02,-0.59%,1157080,158511863.00,United States,2018,Computer Software: Prepackaged Software,Technology
HUDI,Huadi International Group Co. Ltd. Ordinary Shares,$0.7268,-0.0052,-0.71%,7833,10407181.00,China,2021,Steel/Iron Ore,Industrials
HUHU,HUHUTECH International Group Inc. Ordinary Shares,$5.31,-0.65,-10.906%,58743,135371807.00,China,2024,Metal Fabrications,Telecommunications
HUIZ,Huize Holding Limited American Depositary Shares,$1.32,-0.06,-4.348%,43912,13340020.00,China,2020,Specialty Insurers,Finance
HUM,Humana Inc. Common Stock,$397.93,17.61,4.63%,1938503,47783556962.00,United States,,Medical Specialities,Health Care
HUMA,Humacyte Inc. Common Stock,$0.5573,-0.0114,-2.005%,2619766,154816884.00,United States,2020,Biotechnology: Biological Products (No Diagnostic Substances),Health Care
HUN,Huntsman Corporation Common Stock,$8.90,0.11,1.251%,1706050,1560869682.00,United States,2005,Major Chemicals,Industrials
HURA,TuHURA Biosciences Inc. Common Stock,$2.10,0.00,0.00%,149277,133825896.00,United States,,Biotechnology: Pharmaceutical Preparations,Health Care
HURC,Hurco Companies Inc. Common Stock,$21.65,0.02,0.092%,9209,140212371.00,United States,,Industrial Machinery/Components,Industrials
HURN,Huron Consulting Group Inc. Common Stock,$157.98,0.32,0.203%,137145,2513473175.00,United States,2004,Professional Services,Consumer Discretionary
HUT,Hut 8 Corp. Common Stock,$96.82,-4.72,-4.648%,2636356,11933981692.00,United States,,Finance: Consumer Services,Finance
HUYA,HUYA Inc. American depositary shares each  representing one Class A ordinary share,$2.30,-0.03,-1.288%,746143,525242014.00,United States,2018,Computer Software: Programming Data Processing,Technology
HVMC,Highview Merger Corp. Class A Ordinary Share,$10.26,0.00,0.00%,7,0.00,United States,2025,,
HVT,Haverty Furniture Companies Inc. Common Stock,$27.95,0.21,0.757%,92799,435841847.00,United States,,Other Specialty Stores,Consumer Discretionary
HVT/A,Haverty Furniture Companies Inc.,$28.09,0.00,0.00%,80,,United States,,,
HWBK,Hawthorn Bancshares Inc. Common Stock,$38.16,-0.15,-0.392%,26871,263329872.00,United States,,Major Banks,Finance
HWC,Hancock Whitney Corporation Common Stock,$73.85,0.67,0.916%,809899,5924472833.00,United States,,Major Banks,Finance
HWCPZ,Hancock Whitney Corporation 6.25% Subordinated Notes due 2060,$21.2429,-0.0471,-0.221%,5421,1800441522.00,United States,,Major Banks,Finance
HWKN,Hawkins Inc. Common Stock,$129.03,2.41,1.903%,186964,2693516347.00,United States,,Specialty Chemicals,Consumer Discretionary
HWM,Howmet Aerospace Inc. Common Stock,$232.48,3.10,1.351%,2193131,92713349240.00,United States,,Metal Fabrications,Industrials
HXHX,Haoxin Holdings Limited Class A Ordinary Shares,$0.4299,0.0388,9.921%,35975,6328128.00,China,2025,Trucking Freight/Courier Services,Industrials
HXL,Hexcel Corporation Common Stock,$85.80,0.35,0.41%,863725,6488492182.00,United States,,Major Chemicals,Industrials
HY,Hyster-Yale Inc. Class A common stock,$30.97,0.15,0.487%,376397,555304085.00,United States,,Construction/Ag Equipment/Trucks,Industrials
HYFM,Hydrofarm Holdings Group Inc. Common Stock,$0.9732,0.0132,1.375%,6847,4690165.00,United States,2020,Consumer Specialties,Consumer Discretionary
HYFT,MindWalk Holdings Corp. Common Stock,$1.38,0.02,1.471%,140501,65014102.00,Canada,,Biotechnology: Pharmaceutical Preparations,Health Care
HYI,Western Asset High Yield Opportunity Fund Inc. Common Stock,$9.89,0.08,0.815%,99135,0.00,,2010,Investment Managers,Finance
HYLN,Hyliion Holdings Corp. Class A Common Stock,$4.22,0.02,0.476%,1270266,753680260.00,United States,2019,Construction/Ag Equipment/Trucks,Consumer Discretionary
HYMC,Hycroft Mining Holding Corporation Class A Common Stock,$21.48,0.59,2.824%,1772857,2001542508.00,United States,2018,Precious Metals,Basic Materials
HYNE,Hoyne Bancorp Inc. Common Stock,$16.43,0.00,0.00%,5972,133032691.00,United States,2025,Banks,Finance
HYPD,Hyperion DeFi Inc. Common Stock,$4.04,-0.13,-3.118%,584964,62779313.00,United States,2018,Biotechnology: Pharmaceutical Preparations,Health Care
HYPR,Hyperfine Inc. Class A Common Stock,$0.8133,0.0174,2.186%,247137,86249382.00,United States,2021,Biotechnology: Electromedical & Electrotherapeutic Apparatus,Health Care
HYT,Blackrock Corporate High Yield Fund Inc. Common Stock,$7.79,0.05,0.646%,1229361,0.00,United States,2003,Finance Companies,Finance
HZO,MarineMax Inc.  (FL) Common Stock,$52.44,0.03,0.057%,586168,1158228960.00,United States,1998,Auto & Home Supply Stores,Consumer Discretionary
IA,Innovative Solutions and Support Inc. Common Stock,$18.89,0.44,2.385%,155422,338115378.00,United States,,EDP Services,Technology
IACO,Idea Acquisition Corp. Class A Ordinary Shares,$10.00,0.005,0.05%,1017,0.00,United States,2026,Blank Checks,Finance
IACQ,Irenic Acquisition Corp. Class A Ordinary Shares,$9.9101,-0.0799,-0.80%,1249,0.00,United States,2026,Blank Checks,Finance
IACQU,Irenic Acquisition Corp. Unit,$10.13,0.00,0.00%,11,0.00,United States,2026,Blank Checks,Finance
IACQW,Irenic Acquisition Corp. Warrants,$0.39,0.00,0.00%,21,0.00,United States,2026,Blank Checks,Finance
IAE,Voya Asia Pacific High Dividend Equity Income Fund ING Asia Pacific High Dividend Equity Income Fund Common Shares of Beneficial Interest,$8.88,-0.08,-0.893%,42350,0.00,United States,2007,Trusts Except Educational Religious and Charitable,Finance
IAF,abrdn Australia Equity Fund Inc. Common Stock,$12.62,-0.07,-0.552%,23524,0.00,United States,1985,Finance/Investors Services,Finance
IAG,Iamgold Corporation Ordinary Shares,$19.70,0.34,1.756%,3521597,11248700000.00,Canada,,Precious Metals,Basic Materials
IART,Integra LifeSciences Holdings Corporation Common Stock,$16.12,0.24,1.511%,539036,1253692797.00,United States,,Medical/Dental Instruments,Health Care
IAUX,i-80 Gold Corp. Common Shares,$1.74,0.01,0.578%,4270915,1506668928.00,Canada,2022,Precious Metals,Basic Materials
IBAC,IB Acquisition Corp. Common Stock,$11.30,0.00,0.00%,88,0.00,United States,2024,Blank Checks,Finance
IBACR,IB Acquisition Corp. Right,$0.11,0.00,0.00%,48,0.00,United States,2024,Blank Checks,Finance
IBCP,Independent Bank Corporation Common Stock,$35.83,0.21,0.59%,496211,795400740.00,United States,,Major Banks,Finance
IBEX,IBEX Limited Common Shares,$44.53,1.31,3.031%,208111,591297572.00,Bermuda,2020,EDP Services,Technology
IBG,Innovation Beverage Group Limited Ordinary Shares,$0.9551,-0.0099,-1.026%,37722,4031021.00,Australia,2024,Beverages (Production/Distribution),Consumer Staples
IBIO,iBio Inc. Common Stock,$1.19,-0.01,-0.833%,621030,76525635.00,United States,,Biotechnology: Pharmaceutical Preparations,Health Care
IBKR,Interactive Brokers Group Inc. Class A Common Stock,$89.24,-0.58,-0.646%,2894562,40432695980.00,United States,2019,Investment Bankers/Brokers/Service,Finance
IBM,International Business Machines Corporation Common Stock,$225.51,-1.55,-0.683%,4147465,212460726289.00,United States,,Computer Manufacturing,Technology
IBN,ICICI Bank Limited Common Stock,$27.92,0.04,0.143%,6847746,99955171477.00,India,,Commercial Banks,Finance
IBO,Impact BioMedical Inc. Common Stock,$5.69,0.04,0.708%,20666,48613534.00,,2024,Biotechnology: Pharmaceutical Preparations,Health Care
IBOC,International Bancshares Corporation Common Stock,$69.94,0.55,0.793%,344931,4349674489.00,United States,,Major Banks,Finance
IBP,Installed Building Products Inc. Common Stock,$200.23,3.94,2.007%,415911,5321948611.00,United States,2014,Homebuilding,Consumer Discretionary
IBRX,ImmunityBio Inc. Common Stock,$8.44,-0.20,-2.315%,5819486,8945018144.00,United States,2015,Biotechnology: Biological Products (No Diagnostic Substances),Health Care
IBTA,Ibotta Inc. Class A Common Stock,$41.06,-0.62,-1.488%,158257,951344351.00,United States,2024,Advertising,Consumer Discretionary
ICCC,ImmuCell Corporation Common Stock,$9.925,-0.045,-0.451%,5055,90140805.00,United States,1987,Biotechnology: In Vitro & In Vivo Diagnostic Substances,Health Care
ICCM,IceCure Medical Ltd. Ordinary Shares,$1.73,0.00,0.00%,116395,5927629.00,Israel,,Medical/Dental Instruments,Health Care
ICE,Intercontinental Exchange Inc. Common Stock,$154.31,-2.62,-1.67%,2506336,86628783289.00,United States,2005,Investment Bankers/Brokers/Service,Finance
ICFI,ICF International Inc. Common Stock,$83.56,0.56,0.675%,235322,1498555347.00,United States,2006,Professional Services,Consumer Discretionary
ICG,Intchains Group Limited American Depositary Shares,$0.881,0.0502,6.042%,169208,106409737.00,China,2023,Semiconductors,Technology
ICHR,Ichor Holdings Ordinary Shares,$57.94,1.47,2.603%,381370,2170098028.00,United States,2016,Semiconductors,Technology
ICL,ICL Group Ltd. Ordinary Shares,$5.14,-0.04,-0.772%,1066042,6634057827.00,Israel,2014,Agricultural Chemicals,Industrials
ICLR,ICON plc Ordinary Shares,$172.33,-1.57,-0.903%,965941,13194847117.00,Ireland,1998,Biotechnology: Commercial Physical & Biological Resarch,Health Care
ICMB,Investcorp Credit Management BDC Inc. Common Stock,$0.86,-0.0001,-0.012%,11236,12411926.00,United States,2014,Finance: Consumer Services,Finance
ICON,Icon Energy Corp. Common stock,$1.00,-0.01,-0.99%,15888,3759314.00,Greece,2024,Marine Transportation,Consumer Discretionary
ICR^A,InPoint Commercial Real Estate Income Inc. 6.75% Series A Cumulative Redeemable Preferred Stock,$22.0396,-0.2104,-0.946%,243,,,,,
ICU,SeaStar Medical Holding Corporation Common Stock,$3.42,-0.02,-0.581%,29965,15071396.00,United States,2021,Medical/Dental Instruments,Health Care
ICUCW,SeaStar Medical Holding Corporation Warrant,$0.0154,-0.001,-6.098%,1100,67865.00,United States,2021,Medical/Dental Instruments,Health Care
ICUI,ICU Medical Inc. Common Stock,$164.95,-1.07,-0.645%,201756,4124910918.00,United States,1992,Medical/Dental Instruments,Health Care
IDA,IDACORP Inc. Common Stock,$129.78,2.09,1.637%,658809,7506740341.00,United States,,Electric Utilities: Central,Utilities
IDAC,Iron Dome Acquisition I Corp. Class A Ordinary Shares,$10.00,-0.025,-0.249%,10849,0.00,United States,2026,,
IDACU,Iron Dome Acquisition I Corp. Units,$10.06,0.00,0.00%,3,0.00,United States,2026,,
IDAI,T Stamp Inc. Class A Common Stock,$3.0399,-0.0301,-0.98%,8109,17142881.00,United States,,Computer Software: Prepackaged Software,Technology
IDCC,InterDigital Inc. Common Stock,$334.21,6.18,1.884%,176408,8624625599.00,United States,,Multi-Sector Companies,Miscellaneous
IDE,Voya Infrastructure Industrials and Materials Fund Common Shares of Beneficial Interest,$12.28,0.01,0.081%,46466,0.00,United States,2010,Finance/Investors Services,Finance
IDN,Intellicheck Inc. Common Stock,$2.39,-0.01,-0.417%,126639,48437516.00,United States,1999,Computer Software: Prepackaged Software,Technology
IDR,Idaho Strategic Resources Inc. Common Stock,$30.39,0.59,1.98%,116937,480957306.00,United States,2022,Precious Metals,Basic Materials
IDT,IDT Corporation Class B Common Stock,$67.46,-0.29,-0.428%,219528,1677633462.00,United States,,Telecommunications Equipment,Telecommunications
IDXX,IDEXX Laboratories Inc. Common Stock,$519.26,5.87,1.143%,331124,40907882294.00,United States,1991,Biotechnology: In Vitro & In Vivo Diagnostic Substances,Health Care
IDYA,IDEAYA Biosciences Inc. Common Stock,$36.69,-0.05,-0.136%,487301,3540199168.00,United States,2019,Biotechnology: Pharmaceutical Preparations,Health Care
IE,Ivanhoe Electric Inc. Common Stock,$10.56,0.57,5.706%,2078981,1685273135.00,Canada,2022,Metal Mining,Basic Materials
IEAG,Infinite Eagle Acquisition Corp. Class A Ordinary Shares,$10.22,0.00,0.00%,8,0.00,United States,2026,Blank Checks,Finance
IEAGU,Infinite Eagle Acquisition Corp. Unit,$10.37,0.00,0.00%,107,0.00,United States,2026,,
IEP,Icahn Enterprises L.P. Common Stock,$6.96,0.01,0.144%,563185,4947969047.00,United States,,Integrated oil Companies,Energy
IESC,IES Holdings Inc. Common Stock,$324.13,3.63,1.133%,164279,12916163021.00,United States,,Engineering & Construction,Industrials
IEX,IDEX Corporation Common Stock,$230.08,1.58,0.691%,528168,16961473672.00,United States,1989,Fluid Controls,Industrials
IFBD,Infobird Co. Ltd Ordinary Shares,$1.34,0.21,18.584%,14043089,10972689.00,China,2021,Computer Software: Prepackaged Software,Technology
IFF,International Flavors & Fragrances Inc. Common Stock,$85.69,-0.16,-0.186%,1554114,21863800329.00,United States,,Major Chemicals,Industrials
IFN,Aberdeen India Fund Inc. Common Stock,$10.88,0.02,0.184%,164926,0.00,United States,,Finance/Investors Services,Finance
IFRX,InflaRx N.V. Common Stock,$1.89,-0.04,-2.073%,399909,278525938.00,Germany,2017,Biotechnology: Pharmaceutical Preparations,Health Care
IFS,Intercorp Financial Services Inc. Common Shares,$56.25,0.80,1.443%,154999,6209870906.00,,2019,Commercial Banks,Finance
IGA,Voya Global Advantage and Premium Opportunity Fund Common Shares of Beneficial Interest,$10.30,-0.01,-0.097%,85477,0.00,United States,2005,Investment Managers,Finance
IGAC,Invest Green Acquisition Corporation Class A Ordinary Shares,$10.14,0.06,0.595%,3682,0.00,United States,2025,Blank Checks,Finance
IGACR,Invest Green Acquisition Corporation Rights,$0.16,0.0001,0.063%,1003,0.00,United States,2025,,
IGC,IGC Pharma Inc. Common Stock,$0.2824,0.0013,0.462%,684242,29195644.00,United States,,Biotechnology: Pharmaceutical Preparations,Health Care
IGD,Voya Global Equity Dividend and Premium Opportunity Fund,$6.37,0.02,0.315%,258494,0.00,United States,2005,Trusts Except Educational Religious and Charitable,Finance
IGI,Western Asset Investment Grade Opportunity Trust Inc. Common Stock,$15.7501,0.0001,0.001%,9939,0.00,United States,2009,Investment Managers,Finance
IGIC,International General Insurance Holdings Ltd. Ordinary Share,$24.61,-0.01,-0.041%,101144,1054346936.00,Jordan,2018,Property-Casualty Insurers,Finance
IGR,CBRE Global Real Estate Income Fund Common Shares of Beneficial Interest,$11.89,-0.05,-0.419%,340777,0.00,United States,2004,Finance Companies,Finance
IH,iHuman Inc. American depositary shares each representing five Class A ordinary shares,$1.15,0.02,1.77%,6716,58779791.00,United States,2020,Other Consumer Services,Real Estate
IHD,Voya Emerging Markets High Income Dividend Equity Fund Common Shares,$7.67,0.05,0.656%,44724,0.00,United States,2011,Investment Managers,Finance
IHG,Intercontinental Hotels Group American Depositary Shares (Each representing one Ordinary Share),$158.16,0.50,0.317%,131796,22574229151.00,United Kingdom,,Hotels/Resorts,Consumer Discretionary
IHRT,iHeartMedia Inc. Class A Common Stock,$2.29,0.03,1.327%,1102779,306171001.00,United States,,Broadcasting,Consumer Discretionary
IHS,IHS Holding Limited Ordinary Shares,$8.43,0.01,0.119%,148994,2828443901.00,Cayman Islands,2021,Telecommunications Equipment,Telecommunications
IHT,InnSuites Hospitality Trust Shares of Beneficial Interest,$1.40,-0.01,-0.709%,6292,15714397.00,United States,1999,Real Estate Investment Trusts,Real Estate
IIF,Morgan Stanley India Investment Fund Inc. Common Stock,$22.02,0.11,0.502%,20770,0.00,United States,1994,Trusts Except Educational Religious and Charitable,Finance
III,Information Services Group Inc. Common Stock,$5.26,-0.01,-0.19%,305813,254654810.00,United States,,Professional Services,Consumer Discretionary
IIIN,Insteel Industries Inc. Common Stock,$29.48,0.35,1.202%,120341,570681122.00,United States,,Steel/Iron Ore,Industrials
IIIV,i3 Verticals Inc. Class A Common Stock,$14.88,-0.25,-1.652%,315131,391671494.00,United States,2018,Computer Software: Prepackaged Software,Technology
IIM,Invesco Value Municipal Income Trust Common Stock,$11.00,-0.06,-0.542%,337832,517752829.00,United States,,Investment Managers,Finance
IIPR,Innovative Industrial Properties Inc. Common Stock,$55.52,-0.07,-0.126%,323445,1530761296.00,United States,2016,Real Estate,Finance
IIPR^A,Innovative Industrial Properties Inc. 9.00% Series A Cumulative Redeemable Preferred Stock,$24.9101,-0.0199,-0.08%,21297,,United States,,,
IKT,Inhibikase Therapeutics Inc. Common Stock,$2.06,-0.04,-1.905%,447306,287443954.00,United States,2020,Biotechnology: Biological Products (No Diagnostic Substances),Health Care
ILAG,Intelligent Living Application Group Inc. Ordinary Shares,$2.90,-0.2121,-6.815%,1484,6023149.00,Hong Kong,2022,Office Equipment/Supplies/Services,Consumer Discretionary
ILLR,Triller Group Inc. Common Stock,$0.3461,-0.0129,-3.593%,923359,7090683.00,United States,2019,Investment Managers,Finance
ILLRW,Triller Group Inc. Warrant,$0.0391,-0.0001,-0.255%,17460,801057.00,United States,2019,Investment Managers,Finance
ILLU,Illumination Acquisition Corp I Class A Ordinary Shares,$10.005,0.025,0.251%,391,102698764.00,United States,2026,Blank Checks,Finance
ILMN,Illumina Inc. Common Stock,$270.00,-3.90,-1.424%,5031977,40770000000.00,United States,2000,Medical Specialities,Health Care
ILPT,Industrial Logistics Properties Trust Common Shares of Beneficial Interest,$7.37,-0.15,-1.995%,261042,491917143.00,United States,2018,Real Estate Investment Trusts,Real Estate
IMA,ImageneBio Inc. Common Stock,$4.72,0.06,1.288%,17836,53578872.00,United States,2021,Biotechnology: Biological Products (No Diagnostic Substances),Health Care
IMAX,Imax Corporation Common Stock,$56.05,0.89,1.613%,1049003,3073900490.00,Canada,,Industrial Machinery/Components,Consumer Discretionary
IMC,IMC Rare Earths Ltd Ordinary Shares,$6.80,-0.58,-7.859%,38982,714680000.00,,2026,Metal Mining,Basic Materials
IMCC,IM Cannabis Corp. Common Shares,$2.84,-0.34,-10.692%,608099,2818683.00,Canada,, Medicinal Chemicals and Botanical Products ,Health Care
IMCR,Immunocore Holdings plc American Depositary Shares,$30.72,-0.57,-1.822%,272007,1582037514.00,United Kingdom,2021,Biotechnology: Biological Products (No Diagnostic Substances),Health Care
IMDX,Insight Molecular Diagnostics Inc. Common Stock,$3.92,-0.03,-0.759%,313509,128279193.00,United States,,Biotechnology: In Vitro & In Vivo Diagnostic Substances,Health Care
IMKTA,Ingles Markets Incorporated Class A Common Stock,$83.77,-0.34,-0.404%,103288,1591158878.00,United States,1987,Food Chains,Consumer Staples
IMMP,Immutep Limited American Depositary Shares,$0.2635,0.0015,0.573%,665108,38832557.00,Australia,,Biotechnology: Pharmaceutical Preparations,Health Care
IMMR,Immersion Corporation Common Stock,$7.28,-0.01,-0.137%,257705,241739978.00,United States,1999,Computer peripheral equipment,Technology
IMMX,Immix Biopharma Inc. Common Stock,$10.97,-0.73,-6.239%,1828444,784786275.00,United States,2021,Biotechnology: Pharmaceutical Preparations,Health Care
IMNM,Immunome Inc. Common Stock,$21.41,-0.93,-4.163%,2421725,2431697037.00,United States,2020,Biotechnology: Pharmaceutical Preparations,Health Care
IMNN,Imunon Inc. Common Stock,$1.41,0.06,4.444%,94375,7912078.00,United States,,Biotechnology: Pharmaceutical Preparations,Health Care
IMO,Imperial Oil Limited Common Stock,$122.86,-1.71,-1.373%,369311,59414235980.00,Canada,1929,Integrated oil Companies,Energy
IMOS,ChipMOS TECHNOLOGIES INC. American Depositary Shares,$71.78,2.06,2.955%,74662,2512239418.00,Taiwan,,Semiconductors,Technology
IMPP,Imperial Petroleum Inc. Common Shares,$5.07,-0.02,-0.393%,526692,229233246.00,Greece,,Marine Transportation,Consumer Discretionary
IMPPP,Imperial Petroleum Inc. 8.75% Series A Cumulative Redeemable Perpetual Preferred Shares,$25.80,0.2769,1.085%,2144,1166512376.00,Greece,,Marine Transportation,Consumer Discretionary
IMRN,Immuron Limited American Depositary Shares,$1.16,-0.03,-2.521%,44333,9362594.00,Australia,2017,Biotechnology: Pharmaceutical Preparations,Health Care
IMRX,Immuneering Corporation Class A Common Stock,$4.27,-0.07,-1.613%,513629,276257907.00,United States,2021,Biotechnology: Pharmaceutical Preparations,Health Care
IMSR,Terrestrial Energy Inc. Common Stock  ,$4.305,-0.055,-1.261%,819920,456051268.00,United States,2024,Metal Fabrications,Industrials
IMSRW,Terrestrial Energy Inc. Warrant,$1.53,-0.085,-5.263%,3855,162080939.00,United States,2024,Metal Fabrications,Industrials
IMTE,Integrated Media Technology Limited Ordinary Shares,$0.50,0.0132,2.712%,1088,1723217.00,Australia,,Consumer Electronics/Appliances,Consumer Staples
IMTX,Immatics N.V. Ordinary Shares,$8.37,0.04,0.48%,378927,1252417128.00,Germany,,Biotechnology: Biological Products (No Diagnostic Substances),Health Care
IMUX,Immunic Inc. Common Stock,$9.345,0.025,0.268%,316767,127507544.00,United States,2014,Biotechnology: Pharmaceutical Preparations,Health Care
IMVT,Immunovant Inc. Common Stock,$33.30,-0.70,-2.059%,2350131,6878204311.00,United States,2019,Biotechnology: Biological Products (No Diagnostic Substances),Health Care
IMXI,International Money Express Inc. Common Stock,$11.25,0.68,6.433%,1489513,339880804.00,United States,2017,Business Services,Consumer Discretionary
INAB,IN8bio Inc. Common Stock,$1.20,0.01,0.84%,67597,11830060.00,United States,2021,Biotechnology: Biological Products (No Diagnostic Substances),Health Care
INAC,Indigo Acquisition Corp. Ordinary Shares,$10.33,-0.03,-0.29%,227,0.00,United States,2025,,
INACR,Indigo Acquisition Corp. Right,$0.10,0.0175,21.212%,1207,0.00,United States,2025,,
INBK,First Internet Bancorp Common Stock,$26.39,0.35,1.344%,33831,230479018.00,United States,,Major Banks,Finance
INBKZ,First Internet Bancorp 6.0% Fixed-to-Floating Rate Subordinated Notes Due 2029,$25.15,0.05,0.199%,296,219134314.00,United States,,Major Banks,Finance
INBS,Intelligent Bio Solutions Inc. Common Stock,$1.70,-0.01,-0.585%,25824,5638565.00,United States,2020,Medical/Dental Instruments,Health Care
INBX,Inhibrx Biosciences Inc. Common Stock,$99.61,-0.79,-0.787%,158691,1466026113.00,United States,,Biotechnology: Biological Products (No Diagnostic Substances),Health Care
INCR,Intercure Ltd. Ordinary Shares,$5.21,-0.05,-0.951%,8869,61716154.00,Israel,,Biotechnology: Pharmaceutical Preparations,Health Care
INCY,Incyte Corp. Common Stock,$123.89,-0.55,-0.442%,1210367,25112223752.00,United States,,Biotechnology: Commercial Physical & Biological Resarch,Health Care
INDB,Independent Bank Corp. Common Stock,$81.20,0.96,1.196%,275089,3846370839.00,United States,,Major Banks,Finance
INDI,indie Semiconductor Inc. Class A Common Stock,$3.02,-0.03,-0.984%,3413366,700062827.00,United States,,Semiconductors,Technology
INDO,Indonesia Energy Corporation Limited Ordinary Shares,$2.81,-0.07,-2.431%,136565,43237020.00,,2019,Oil & Gas Production,Energy
INDP,Indaptus Therapeutics Inc. Common Stock,$3.85,-0.15,-3.75%,570949,512982947.00,United States,,Biotechnology: Pharmaceutical Preparations,Health Care
INDV,Indivior Pharmaceuticals Inc. Common Stock,$35.82,-0.18,-0.50%,1098515,4227903876.00,United Kingdom,,Biotechnology: Pharmaceutical Preparations,Health Care
INEO,INNEOVA Holdings Limited Class A Ordinary Shares,$0.6356,0.0233,3.805%,51938,10278049.00,Singapore,2024,Motor Vehicles,Consumer Discretionary
INFQ,Infleqtion Inc. Common Stock,$14.51,0.21,1.469%,6694672,3269930825.00,,2026,EDP Services,Technology
INFU,InfuSystems Holdings Inc. Common Stock,$12.71,0.02,0.158%,106633,253147371.00,United States,,Medical/Dental Instruments,Health Care
INFY,Infosys Limited American Depositary Shares,$10.50,0.00,0.00%,17571235,42591780956.00,India,,EDP Services,Technology
ING,ING Group N.V. Common Stock,$36.55,0.44,1.218%,2181607,106084097496.00,Netherlands,1997,Commercial Banks,Finance
INGM,Ingram Micro Holding Corporation Common Stock,$26.98,0.63,2.391%,1961492,6223258170.00,United States,2024,Retail: Computer Software & Peripheral Equipment,Technology
INGN,Inogen Inc Common Stock,$5.36,0.13,2.486%,615388,142245486.00,United States,2014,Industrial Specialties,Health Care
INGR,Ingredion Incorporated Common Stock,$96.72,0.23,0.238%,758177,6099548049.00,United States,,Packaged Foods,Consumer Staples
INHD,Inno Holdings Inc. Common Stock,$3.10,-0.03,-0.958%,38877,7813801.00,United States,2023,Steel/Iron Ore,Industrials
INIO,INNIO N.V. Ordinary Shares,$19.12,0.11,0.579%,5358966,14340000000.00,Germany,2026,Metal Fabrications,Consumer Discretionary
INKT,MiNK Therapeutics Inc. Common Stock,$12.18,-0.12,-0.976%,11576,62154564.00,United States,2021,Biotechnology: Biological Products (No Diagnostic Substances),Health Care
INLF,INLIF LIMITED Class A Ordinary Shares,$5.10,2.15,72.881%,49412722,5560520.00,China,2025,Industrial Machinery/Components,Industrials
INLX,Intellinetics Inc. Common Stock,$5.15,0.00,0.00%,2702,23149219.00,,2022,Computer Software: Prepackaged Software,Technology
INM,InMed Pharmaceuticals Inc. Common Shares,$1.38,-0.02,-1.429%,101110,7581354.00,Canada,,Biotechnology: Pharmaceutical Preparations,Health Care
INMB,INmune Bio Inc. Common stock,$2.03,0.03,1.50%,196180,56340192.00,United States,2019,Biotechnology: Biological Products (No Diagnostic Substances),Health Care
INMD,InMode Ltd. Ordinary Shares,$14.26,0.07,0.493%,412431,819675809.00,Israel,2019,Biotechnology: Electromedical & Electrotherapeutic Apparatus,Health Care
INN,Summit Hotel Properties Inc. Common Stock,$5.74,0.02,0.35%,854626,619078878.00,United States,2011,Real Estate Investment Trusts,Real Estate
INN^E,Summit Hotel Properties Inc. 6.250% Series E Cumulative Redeemable Preferred Stock,$17.07,-0.105,-0.611%,12707,,United States,,,
INN^F,Summit Hotel Properties Inc. 5.875% Series F Cumulative Redeemable Preferred Stock $0.01 par value per share,$16.37,0.1701,1.05%,8573,,United States,,,
INNV,InnovAge Holding Corp. Common Stock,$9.00,0.16,1.81%,1544313,1228062825.00,United States,2021,Medical/Nursing Services,Health Care
INO,Inovio Pharmaceuticals Inc. Common Stock,$1.18,-0.03,-2.479%,2252674,122009071.00,United States,,Biotechnology: Pharmaceutical Preparations,Health Care
INOD,Innodata Inc. Common Stock,$69.21,-2.66,-3.701%,1517857,2379623276.00,United States,1993,EDP Services,Technology
INR,Infinity Natural Resources Inc. Class A Common Stock,$13.06,-0.32,-2.392%,281453,828294689.00,United States,2025,Oil & Gas Production,Energy
INSE,Inspired Entertainment Inc. Common Stock,$4.57,-0.04,-0.868%,171189,120457760.00,United States,2014,Computer Software: Prepackaged Software,Technology
INSG,Inseego Corp. Common Stock,$3.76,-0.24,-6.00%,409739,61741426.00,United States,,Telecommunications Equipment,Telecommunications
INSM,Insmed Incorporated Common Stock,$117.83,-3.72,-3.06%,2672747,25731892498.00,United States,,Biotechnology: Pharmaceutical Preparations,Health Care
INSP,Inspire Medical Systems Inc. Common Stock,$70.50,1.69,2.456%,609908,2038181438.00,United States,2018,Medical/Dental Instruments,Health Care
INSW,International Seaways Inc. Common Stock ,$105.64,0.79,0.753%,498681,5232487694.00,United States,2016,Marine Transportation,Consumer Discretionary
INTA,Intapp Inc. Common Stock,$36.10,-0.73,-1.982%,272697,2762052443.00,United States,2021,Computer Software: Prepackaged Software,Technology
INTC,Intel Corporation Common Stock,$123.00,-4.39,-3.446%,97728644,650063549853.00,United States,,Semiconductors,Technology
INTG,Intergroup Corporation (The) Common Stock,$33.33,-3.45,-9.38%,34185,71619904.00,United States,,Building operators,Real Estate
INTJ,Intelligent Group Limited Class A Ordinary Shares ,$2.70,-0.085,-3.052%,2868,4151245.00,Hong Kong,2024,Professional Services,Consumer Discretionary
INTR,Inter & Co. Inc. Class A Common Shares,$5.11,0.05,0.988%,3619342,2255153698.00,Brazil,,Commercial Banks,Finance
INTS,Intensity Therapeutics Inc. Common stock,$3.80,-0.09,-2.314%,8441,12406540.00,United States,2023,Biotechnology: Biological Products (No Diagnostic Substances),Health Care
INTT,inTest Corporation Common Stock,$11.57,-0.09,-0.772%,102766,148394344.00,United States,1997,Electrical Products,Industrials
INTU,Intuit Inc. Common Stock,$275.79,-1.34,-0.484%,3399279,73701016440.00,United States,1993,Computer Software: Prepackaged Software,Technology
INTZ,Intrusion Inc. Common Stock,$0.7107,-0.0194,-2.657%,34683,17417091.00,United States,,Computer Communications Equipment,Telecommunications
INUV,Inuvo Inc.,$0.574,-0.0059,-1.017%,135211,9461287.00,United States,,Advertising,Consumer Discretionary
INV,Innventure Inc. Common Stock,$0.7268,-0.0763,-9.501%,4644700,61496479.00,United States,,Blank Checks,Finance
INVA,Innoviva Inc. Common Stock,$20.74,0.08,0.387%,623394,1498371359.00,United States,2004,Biotechnology: Pharmaceutical Preparations,Health Care
INVE,INVE Technologies Inc. Common Stock,$2.45,0.08,3.376%,144119,59377595.00,United States,,Computer peripheral equipment,Technology
INVH,Invitation Homes Inc. Common Stock,$26.62,0.12,0.453%,5312637,15722390276.00,United States,2017,Real Estate,Finance
INVX,Innovex International Inc. Common Stock,$28.50,-0.06,-0.21%,339835,1993171070.00,United States,,Oil and Gas Field Machinery,Consumer Discretionary
INVZ,Innoviz Technologies Ltd. Ordinary shares,$0.385,0.0121,3.245%,2323738,136558987.00,Israel,,Auto Parts:O.E.M.,Consumer Discretionary
IOND,Ionic Digital Inc. Class A Common Stock,$81.98,-2.71,-3.20%,537884,3688786427.00,United States,,Finance: Consumer Services,Finance
IONQ,IonQ Inc. Common Stock,$45.48,0.50,1.112%,27579221,17327985241.00,United States,2021,EDP Services,Technology
IONR,ioneer Ltd American Depositary Shares,$3.31,0.14,4.416%,56769,254425960.00,Australia,,Mining & Quarrying of Nonmetallic Minerals (No Fuels),Industrials
IONS,Ionis Pharmaceuticals Inc. Common Stock,$44.50,0.69,1.575%,6202422,7395202329.00,United States,,Biotechnology: Pharmaceutical Preparations,Health Care
IOR,Income Opportunity Realty Investors Inc. Common Stock,$18.23,0.00,0.00%,121,74126425.00,United States,1987,Real Estate Investment Trusts,Real Estate
IOSP,Innospec Inc. Common Stock,$98.72,1.85,1.91%,258313,2431576960.00,United States,,Major Chemicals,Industrials
IOT,Samsara Inc. Class A Common Stock,$37.96,-1.36,-3.459%,5208001,22229573734.00,United States,2021,EDP Services,Technology
IOTR,iOThree Limited Ordinary Shares,$2.03,0.09,4.639%,3537,12310728.00,Singapore,2025,Telecommunications Equipment,Consumer Discretionary
IOVA,Iovance Biotherapeutics Inc. Common Stock,$11.00,0.20,1.852%,12634115,4982685752.00,United States,,Biotechnology: Biological Products (No Diagnostic Substances),Health Care
IP,International Paper Company Common Stock,$35.02,0.14,0.401%,4466151,18545537723.00,United States,,Paper,Basic Materials
IPAR,Interparfums Inc. Common Stock,$117.93,2.14,1.848%,178809,3776800353.00,United States,,Package Goods/Cosmetics,Consumer Discretionary
IPDN,Professional Diversity Network Inc. Common Stock,$4.50,0.33,7.914%,3600253,2996150.00,United States,2013,Computer Software: Programming Data Processing,Technology
IPFX,Inflection Point Acquisition Corp. VI Class A Ordinary Shares,$10.05,0.00,0.00%,100118,0.00,United States,2026,Blank Checks,Finance
IPFXW,Inflection Point Acquisition Corp. VI Warrant,$0.78,-0.021,-2.622%,46590,0.00,United States,2026,Blank Checks,Finance
IPGP,IPG Photonics Corporation Common Stock,$78.12,0.70,0.904%,373380,3322798187.00,United States,2006,Semiconductors,Technology
IPHA,Innate Pharma S.A. ADS,$1.70,0.00,0.00%,30571,189890590.00,France,2019,Biotechnology: Biological Products (No Diagnostic Substances),Health Care
IPHXU,Inflection Point Acquisition Corp. VIII Unit,$10.0799,0.0199,0.198%,740,0.00,United States,2026,,
IPI,Intrepid Potash Inc Common Stock,$34.04,-1.80,-5.022%,185633,458065183.00,United States,2008,Mining & Quarrying of Nonmetallic Minerals (No Fuels),Industrials
IPM,Intelligent Protection Management Corp. Common Stock ,$1.7901,0.0001,0.006%,3340,16174858.00,United States,,Computer Software: Programming Data Processing,Technology
IPSC,Century Therapeutics Inc. Common Stock,$1.67,-0.02,-1.183%,456972,302395786.00,United States,2021,Biotechnology: Biological Products (No Diagnostic Substances),Health Care
IPST,IP Strategy Holdings Inc. Common Stock,$3.71,0.66,21.639%,4440518,2677054.00,United States,2024,Beverages (Production/Distribution),Consumer Staples
IPVV,InterPrivate Investment Partners V Inc. Class A Ordinary Shares,$9.86,-0.01,-0.101%,1222,0.00,United States,2026,Blank Checks,Finance
IPW,iPower Inc. Common Stock,$1.25,0.03,2.459%,49066,1456559.00,United States,2021,RETAIL: Building Materials,Consumer Discretionary
IPWR,Ideal Power Inc. Common Stock,$4.03,0.13,3.333%,124501,66231660.00,United States,2013,Semiconductors,Technology
IPX,IperionX Limited American Depositary Share,$19.61,-0.01,-0.051%,160385,665532161.00,United States,,Other Metals and Minerals,Basic Materials
IPXG,Inflection Point Acquisition Corp. VII Class A Ordinary Shares,$10.045,-0.005,-0.05%,1834,0.00,United States,2026,Blank Checks,Finance
IPXGW,Inflection Point Acquisition Corp. VII Warrant,$0.6601,-0.0299,-4.333%,7825,0.00,United States,2026,Blank Checks,Finance
IQ,iQIYI Inc. American Depositary Shares,$1.02,-0.02,-1.923%,1701735,984325230.00,China,2018,Consumer Electronics/Video Chains,Consumer Discretionary
IQI,Invesco Quality Municipal Income Trust Common Stock,$8.95,0.01,0.112%,357441,473309983.00,United States,,Finance Companies,Finance
IQMX,IQM Quantum Computers Oyj American Depositary Shares,$10.61,0.16,1.531%,240961,2010554873.00,Finland,,Computer Software: Prepackaged Software,Technology
IQMXW,IQM Quantum Computers Oyj Warrants to purchase American Depositary Shares,$1.80,0.09,5.263%,4340,341093192.00,Finland,,Computer Software: Prepackaged Software,Technology
IQST,iQSTEL Inc. Common Stock,$0.9881,-0.0119,-1.19%,163286,10785960.00,United States,,Telecommunications Equipment,Telecommunications
IQV,IQVIA Holdings Inc. Common Stock,$270.37,-4.65,-1.691%,1105002,44502902000.00,United States,2013,Biotechnology: Commercial Physical & Biological Resarch,Health Care
IR,Ingersoll Rand Inc. Common Stock,$76.08,1.30,1.738%,4376628,29518996558.00,United States,2017,Industrial Machinery/Components,Industrials
IRAB,Iris Acquisition Corp II Class A Ordinary Shares,$10.00,0.00,0.00%,39,0.00,,2026,,
IRD,Opus Genetics Inc. Common Stock,$4.76,-0.11,-2.259%,1244962,396012117.00,United States,,Biotechnology: Pharmaceutical Preparations,Health Care
IRDM,Iridium Communications Inc Common Stock,$48.75,-0.14,-0.286%,1077618,5165568671.00,United States,,Telecommunications Equipment,Consumer Discretionary
IREN,IREN Limited Ordinary Shares,$44.125,-2.025,-4.388%,41179600,17387837843.00,Australia,2021,Finance: Consumer Services,Finance
IRHO,Iron Horse Acquisitions II Corp. Common Stock,$10.06,0.00,0.00%,15,0.00,United States,2026,Blank Checks,Finance
IRHOR,Iron Horse Acquisitions Corp. II Rights,$0.18,0.0073,4.227%,2840,0.00,United States,2026,Blank Checks,Finance
IRHOU,Iron Horse Acquisitions II Corp. Units,$10.16,0.00,0.00%,25,0.00,United States,2025,Blank Checks,Finance
IRIX,IRIDEX Corporation Common Stock,$0.625,-0.005,-0.794%,27844,10978070.00,United States,1996,Biotechnology: Electromedical & Electrotherapeutic Apparatus,Health Care
IRM,Iron Mountain Incorporated (Delaware)Common Stock REIT,$111.38,-2.71,-2.375%,1300551,33158139201.00,United States,,Real Estate Investment Trusts,Real Estate
IRMD,iRadimed Corporation Common Stock,$85.76,0.56,0.657%,146446,1096612348.00,United States,2014,Medical/Dental Instruments,Health Care
IRON,Disc Medicine Inc. Common Stock,$65.24,-1.20,-1.806%,427245,2504749143.00,United States,,Biotechnology: Pharmaceutical Preparations,Health Care
IRS,IRSA Inversiones Y Representaciones S.A. Global Depositary Shares (Each representing ten shares of Common Stock),$14.75,-0.05,-0.338%,132431,1195925752.00,Argentina,,Homebuilding,Real Estate
IRT,Independence Realty Trust Inc. Common Stock,$14.63,0.02,0.137%,3162968,3448943015.00,United States,2013,Real Estate Investment Trusts,Real Estate
IRTC,iRhythm Holdings Inc. Common Stock,$110.38,-0.42,-0.379%,522006,3638456271.00,United States,2016,Medical/Dental Instruments,Health Care
IRWD,Ironwood Pharmaceuticals Inc. Class A Common Stock,$4.13,-0.06,-1.432%,1319684,682440981.00,United States,2010,Biotechnology: Pharmaceutical Preparations,Health Care
ISBA,Isabella Bank Corporation Common stock,$38.45,1.05,2.807%,21605,293330167.00,United States,,Major Banks,Finance
ISD,PGIM High Yield Bond Fund Inc.,$11.68,0.12,1.038%,179368,0.00,United States,2012,Trusts Except Educational Religious and Charitable,Finance
ISNR,Snow Rothschild Acquisition Corp. Class A Ordinary Shares,$9.83,0.00,0.00%,14,0.00,United States,2026,Blank Checks,Finance
ISNRU,Snow Rothschild Acquisition Corp. Units,$9.96,-0.04,-0.40%,700,0.00,United States,2026,Blank Checks,Finance
ISNRW,Snow Rothschild Acquisition Corp. Warrants,$0.26,0.00,0.00%,9,0.00,United States,2026,Blank Checks,Finance
ISOU,IsoEnergy Ltd. Common Shares,$9.35,-0.09,-0.953%,72404,610006707.00,,2025,,
ISPC,iSpecimen Inc. Common Stock,$1.26,0.01,0.80%,535328,3173423.00,United States,2021,Biotechnology: Commercial Physical & Biological Resarch,Health Care
ISPR,Ispire Technology Inc. Common Stock,$1.35,0.06,4.651%,41354,77968536.00,United States,2023, Medicinal Chemicals and Botanical Products ,Health Care
ISRG,Intuitive Surgical Inc. Common Stock,$405.18,5.66,1.417%,2496815,143141195437.00,United States,2000,Industrial Specialties,Health Care
ISTR,Investar Holding Corporation Common Stock,$29.37,-0.03,-0.102%,95484,404631254.00,United States,2014,Major Banks,Finance
IT,Gartner Inc. Common Stock,$187.90,8.58,4.785%,1070633,11865692590.00,United States,1993,Other Consumer Services,Consumer Discretionary
ITG,ITG Inc. Class A Common Stock,$10.48,0.05,0.479%,141693,1301167655.00,United States,2026,Water Sewer Pipeline Comm & Power Line Construction,Industrials
ITGR,Integer Holdings Corporation Common Stock,$126.34,0.17,0.135%,567440,4294555344.00,United States,,Biotechnology: Electromedical & Electrotherapeutic Apparatus,Health Care
ITHA,ITHAX Acquisition Corp III Class A Ordinary Shares,$10.06,-0.01,-0.099%,3612,0.00,United States,2026,,
ITIC,Investors Title Company Common Stock,$286.06,-1.18,-0.411%,46744,540080136.00,United States,,Specialty Insurers,Finance
ITOC,iTonic Holdings Ltd Class A Ordinary Shares,$0.2908,-0.0116,-3.836%,121728,34038140.00,China,2024,Biotechnology: Electromedical & Electrotherapeutic Apparatus,Health Care
ITP,IT Tech Packaging Inc. Common Stock,$0.1555,0.0005,0.323%,72178,2638123.00,China,,Containers/Packaging,Consumer Discretionary
ITRG,Integra Resources Corp. Common Shares,$2.75,0.04,1.476%,1247924,557900943.00,,,Precious Metals,Basic Materials
ITRI,Itron Inc. Common Stock,$89.75,-1.77,-1.934%,497801,3929861082.00,United States,1993,Electrical Products,Industrials
ITRN,Ituran Location and Control Ltd. Ordinary Shares,$51.69,-0.19,-0.366%,96744,1028299150.00,Israel,2005,Electronic Components,Technology
ITT,ITT Inc. Common Stock ,$206.26,-7.71,-3.603%,1511409,18439644000.00,United States,2011,Fluid Controls,Industrials
ITUB,Itau Unibanco Banco Holding SA American Depositary Shares (Each repstg 500 Preferred shares),$8.11,0.03,0.371%,15929552,89425113938.00,Brazil,,Major Banks,Finance
ITW,Illinois Tool Works Inc. Common Stock,$274.32,2.32,0.853%,1007308,78126336000.00,United States,,Industrial Machinery/Components,Industrials
IVA,Inventiva S.A. American Depository Shares,$3.37,0.11,3.374%,2998656,796264281.00,France,2020,Biotechnology: Pharmaceutical Preparations,Health Care
IVDA,Iveda Solutions Inc. Common Stock,$0.3039,0.0018,0.596%,150230,3804532.00,United States,,Computer Software: Prepackaged Software,Technology
IVF,INVO Fertility Inc. Common Stock,$0.9447,0.0024,0.255%,514027,2368334.00,United States,,Medical/Dental Instruments,Health Care
IVR,INVESCO MORTGAGE CAPITAL INC Common Stock,$6.41,0.03,0.47%,2911421,689975073.00,United States,2009,Real Estate Investment Trusts,Real Estate
IVR^C,INVESCO MORTGAGE CAPITAL INC 7.5% Fixed-to-Floating Series C Cumulative Redeemable Preferred Stock Liquation Preference $25.00 per Share,$23.95,-0.015,-0.063%,20256,,United States,,,
IVT,InvenTrust Properties Corp. Common Stock,$30.53,-0.04,-0.131%,554414,2380681498.00,United States,2021,Real Estate Investment Trusts,Real Estate
IVVD,Invivyd Inc. Common Stock,$0.9342,0.0209,2.288%,3489336,275363621.00,United States,2021,Biotechnology: Biological Products (No Diagnostic Substances),Health Care
IVZ,Invesco Ltd Common Stock,$30.92,0.24,0.782%,7375379,13651173198.00,United States,,Investment Managers,Finance
IX,ORIX Corporation American Depositary Shares,$39.19,0.87,2.27%,433098,44053738595.00,Japan,,Diversified Financial Services,Finance
IXHL,Incannex Healthcare Inc. Common Stock,$3.32,-0.08,-2.353%,146229,39722319.00,Australia,,Biotechnology: Pharmaceutical Preparations,Health Care
IZEA,IZEA Worldwide Inc. Common Stock,$2.59,0.055,2.17%,102958,45108181.00,United States,,Advertising,Consumer Discretionary
IZM,ICZOOM Group Inc. Class A Ordinary Shares,$1.29,0.04,3.20%,1514684,3100672.00,China,2023,Consumer Electronics/Video Chains,Consumer Discretionary
J,Jacobs Solutions Inc. Common Stock,$138.37,3.04,2.246%,647921,16194632604.00,United States,2022,Military/Government/Technical,Industrials
JACK,Jack In The Box Inc. Common Stock,$13.455,0.125,0.938%,428832,258057885.00,United States,,Restaurants,Consumer Discretionary
JACS,Jackson Acquisition Company II Class A Ordinary Shares,$10.83,0.04,0.371%,111,0.00,,2025,,
JAGU,Jaguar Uranium Corp. Class A Common Shares,$1.44,-0.02,-1.37%,262448,29079039.00,Canada,2026,Metal Mining,Basic Materials
JAGX,Jaguar Health Inc. Common Stock,$7.70,0.64,9.065%,30018918,9870160.00,United States,2015,Biotechnology: Pharmaceutical Preparations,Health Care
JAKK,JAKKS Pacific Inc. Common Stock,$25.26,0.72,2.934%,39599,289101003.00,United States,1996,Recreational Games/Products/Toys,Consumer Discretionary
JAN,Janus Living Inc. Class A-1 Common Stock,$30.05,-0.15,-0.497%,1125966,9324237819.00,,2026,Real Estate Investment Trusts,Real Estate
JANX,Janux Therapeutics Inc. Common Stock,$16.30,-0.38,-2.278%,720183,996529400.00,United States,2021,Biotechnology: Pharmaceutical Preparations,Health Care
JATT,JATT II Acquisition Corp Ordinary Shares,$11.15,-0.27,-2.364%,26935,0.00,United States,2026,Blank Checks,Finance
JAZZ,Jazz Pharmaceuticals plc Common Stock (Ireland),$237.95,1.67,0.707%,1129672,15446423597.00,Ireland,2007,Biotechnology: Pharmaceutical Preparations,Health Care
JBDI,JBDI Holdings Limited Ordinary Shares,$1.145,-0.025,-2.137%,1765,10894139.00,Singapore,2024,,
JBGS,JBG SMITH Properties Common Shares ,$10.53,0.12,1.153%,1051675,785732257.00,United States,2017,Real Estate Investment Trusts,Real Estate
JBHT,J.B. Hunt Transport Services Inc. Common Stock,$225.46,-3.69,-1.61%,1518076,21174062147.00,United States,,Trucking Freight/Courier Services,Industrials
JBI,Janus International Group Inc. Common Stock,$4.21,0.09,2.184%,2535155,574394676.00,United States,2021,Building Products,Industrials
JBIO,Jade Biosciences Inc. Common Stock,$14.42,-0.31,-2.105%,525826,917074321.00,United States,2021,Biotechnology: Pharmaceutical Preparations,Health Care
JBK,Lehman ABS 3.50 3.50% Adjustable Corp Backed Tr Certs GS Cap I,$25.32,0.00,0.00%,117,0.00,United States,,Finance: Consumer Services,Finance
JBL,Jabil Inc. Common Stock,$316.74,6.05,1.947%,1335457,33190262570.00,United States,1993,Electrical Products,Technology
JBLU,JetBlue Airways Corporation Common Stock,$4.40,0.05,1.149%,15813132,1660173596.00,United States,2002,Air Freight/Delivery Services,Consumer Discretionary
JBS,JBS N.V. Class A Common Shares,$11.57,0.21,1.849%,5256950,12390650694.00,,2025,Meat/Poultry/Fish,Consumer Staples
JBSS,John B. Sanfilippo & Son Inc. Common Stock,$67.24,0.19,0.283%,114403,786269662.00,United States,1991,Specialty Foods,Consumer Staples
JBTM,JBT Marel Corporation Common Stock,$110.09,-0.56,-0.506%,463291,5711118784.00,United States,,Industrial Machinery/Components,Industrials
JCAP,Jefferson Capital Inc. Common Stock,$19.46,-0.08,-0.409%,211243,1117500931.00,United States,2025,Finance Companies,Finance
JCE,Nuveen Core Equity Alpha Fund Common Shares of Beneficial Interest,$16.81,0.05,0.298%,19664,0.00,United States,2007,Trusts Except Educational Religious and Charitable,Finance
JCI,Johnson Controls International plc Ordinary Share,$150.20,4.84,3.33%,2893433,90982368794.00,Switzerland,,Industrial Machinery/Components,Industrials
JCSE,JE Cleantech Holdings Limited Class A Ordinary Shares,$1.43,0.00,0.00%,2501,7511390.00,Singapore,2022,Miscellaneous manufacturing industries,Consumer Discretionary
JCTC,Jewett-Cameron Trading Company Common Shares,$2.91,-0.02,-0.683%,4645,10243529.00,United States,,RETAIL: Building Materials,Consumer Discretionary
JD,JD.com Inc. American Depositary Shares,$26.51,-0.24,-0.897%,5159300,35629440000.00,China,2014,Other Specialty Stores,Consumer Discretionary
JDZG,JIADE LIMITED Class A Ordinary Shares,$4.31,0.11,2.619%,1321595,23409692.00,China,2024,Other Consumer Services,Real Estate
JEF,Jefferies Financial Group Inc. Common Stock,$47.68,1.44,3.114%,1922790,9237651459.00,United States,,Investment Bankers/Brokers/Service,Finance
JELD,JELD-WEN Holding Inc. Common Stock,$1.84,0.12,6.977%,699179,159644623.00,United States,2017,Forest Products,Basic Materials
JEM,707 Cayman Holdings Limited Ordinary Shares,$3.79,0.11,2.989%,33916,2635342.00,China,2025,Clothing/Shoe/Accessory Stores,Consumer Discretionary
JENA,Jena Acquisition Corporation II Class A Ordinary Shares,$10.39,-0.04,-0.384%,839,0.00,,2025,Blank Checks,Finance
JF,J and Friends Holdings Limited American Depositary Shares,$0.95,-0.002,-0.21%,1475,17423146.00,China,2018,Computer Software: Programming Data Processing,Technology
JFIN,Jiayin Group Inc. American Depositary Shares,$1.51,-0.01,-0.658%,17095,79017614.00,China,2019,Finance: Consumer Services,Finance
JFR,Nuveen Floating Rate Income Fund Common Stock,$7.33,0.09,1.243%,1400987,0.00,United States,2004,Trusts Except Educational Religious and Charitable,Finance
JFU,9F Inc. American Depositary Shares,$2.67,0.00,0.00%,168,31434799.00,China,2019,Finance: Consumer Services,Finance
JG,Aurora Mobile Limited American Depositary Shares,$6.79,-0.09,-1.308%,1745,40479149.00,China,2018,Computer Software: Programming Data Processing,Technology
JGH,Nuveen Global High Income Fund Common Shares of Beneficial Interest,$11.66,0.01,0.086%,58857,0.00,United States,2014,Investment Managers,Finance
JHI,John Hancock Investors Trust Common Stock,$12.25,0.0503,0.412%,20422,107120701.00,United States,,Trusts Except Educational Religious and Charitable,Finance
JHS,John Hancock Income Securities Trust Common Stock,$10.41,-0.01,-0.096%,12286,121240950.00,United States,,Finance Companies,Finance
JHX,James Hardie Industries plc. Ordinary Shares,$26.10,0.00,0.00%,8227899,15151636937.00,Ireland,2025,Building Materials,Industrials
JILL,J. Jill Inc. Common Stock,$24.63,0.58,2.412%,233629,366075124.00,United States,2017,Apparel,Consumer Discretionary
JJSF,J & J Snack Foods Corp. Common Stock,$77.51,0.33,0.428%,179556,1448011436.00,United States,1986,Specialty Foods,Consumer Staples
JKHY,Jack Henry & Associates Inc. Common Stock,$147.79,0.04,0.027%,573118,10361942336.00,United States,1985,EDP Services,Technology
JKS,JinkoSolar Holding Company Limited American Depositary Shares (each representing 4 Common Shares),$9.67,0.00,0.00%,709287,506419718.00,China,2010,Semiconductors,Technology
JL,J-Long Group Limited Class A Ordinary Shares,$4.85,0.00,0.00%,3007,17291225.00,Hong Kong,2024,Clothing/Shoe/Accessory Stores,Consumer Discretionary
JLHL,Julong Holding Limited Class A Ordinary Shares,$5.785,-0.005,-0.086%,52899,124080336.00,China,2025,Military/Government/Technical,Consumer Discretionary
JLL,Jones Lang LaSalle Incorporated Common Stock,$321.91,-2.49,-0.768%,367085,14752080079.00,United States,,Real Estate,Finance
JLS,Nuveen Mortgage and Income Fund,$16.15,0.00,0.00%,37902,0.00,United States,2009,Investment Managers,Finance
JMIA,Jumia Technologies AG American Depositary Shares each representing two Ordinary Shares,$6.88,0.16,2.381%,1420076,919345786.00,,2019,Catalog/Specialty Distribution,Consumer Discretionary
JMKE,Jersey Mike's Subs Inc. Class A Common Stock,$16.99,-0.17,-0.991%,2471708,5396684911.00,,2026,Restaurants,Consumer Discretionary
JMM,Nuveen Multi-Market Income Fund (MA),$5.555,0.055,1.00%,3353,0.00,United States,,Trusts Except Educational Religious and Charitable,Finance
JMSB,John Marshall Bancorp Inc. Common Stock,$23.09,0.14,0.61%,60044,325849174.00,United States,,Major Banks,Finance
JNJ,Johnson & Johnson Common Stock,$271.22,0.54,0.199%,4086104,653612697478.00,United States,,Biotechnology: Pharmaceutical Preparations,Health Care
JOB,GEE Group Inc. Common Stock,$0.2352,0.0022,0.944%,79954,25841585.00,United States,1968,Diversified Commercial Services,Consumer Discretionary
JOBY,Joby Aviation Inc. Common Stock,$6.32,0.02,0.317%,20227150,6281286492.00,United States,2020,Aerospace,Industrials
JOE,St. Joe Company (The) Common Stock,$65.30,0.42,0.647%,176712,3717558450.00,United States,,Homebuilding,Real Estate
JOF,Japan Smaller Capitalization Fund Inc Common Stock,$12.66,0.25,2.015%,37301,0.00,United States,1990,Trusts Except Educational Religious and Charitable,Finance
JONE,Jones Ventures INTL Acquisition1 Corp Class A Ordinary Shares,$9.83,0.01,0.102%,5832,0.00,United States,2026,Blank Checks,Finance
JONER,Jones Ventures INTL Acquisition1 Corp Rights,$0.15,0.0299,24.896%,464048,0.00,United States,2026,Blank Checks,Finance
JONEU,Jones Ventures INTL Acquisition1 Corp Units,$10.00,0.00,0.00%,1,0.00,United States,2026,,
JOUT,Johnson Outdoors Inc. Class A Common Stock,$44.43,0.67,1.531%,30744,465611738.00,United States,,Recreational Games/Products/Toys,Consumer Discretionary
JOYY,JOYY Inc. American Depositary Shares,$79.77,0.07,0.088%,315561,4125863302.00,Singapore,2012,EDP Services,Technology
JPC,Nuveen Preferred & Income Opportunities Fund,$6.82,0.02,0.294%,2374801,0.00,United States,2003,Investment Managers,Finance
JPM,JP Morgan Chase & Co. Common Stock,$343.06,4.50,1.329%,11464111,911917356057.00,United States,,Major Banks,Finance
JPM^C,J P Morgan Chase & Co Depositary Shares each representing a 1/400th interest in a share of 6.00% Non-Cumulative  Preferred Stock Series EE,$23.05,-0.02,-0.087%,514692,,United States,,,
JPM^D,J P Morgan Chase & Co Depositary Shares each representing a 1/400th  interest in a share of 5.75% Non-Cumulative  Preferred Stock Series DD,$21.88,0.07,0.321%,325813,,United States,,,
JPM^J,J P Morgan Chase & Co Depositary Shares each representing a 1/400th interest in a share of JPMorgan Chase & Co. 4.75% Non-Cumulative Preferred Stock Series GG,$17.72,-0.05,-0.281%,116771,,United States,,,
JPM^K,J P Morgan Chase & Co Depositary Shares each representing a 1/400th interest in a share of 4.55% Non-Cumulative Preferred Stock Series JJ,$16.99,-0.08,-0.469%,231739,,United States,,,
JPM^L,J P Morgan Chase & Co Depositary Shares each representing a 1/400th interest in a share of 4.625% Non-Cumulative Preferred Stock Series LL,$17.32,-0.11,-0.631%,382482,,United States,,,
JPM^M,J P Morgan Chase & Co Depositary Shares each representing a 1/400th interest in a share of 4.20% Non-Cumulative Preferred Stock Series MM,$16.02,-0.07,-0.435%,486846,,United States,,,
JQC,Nuveen Credit Strategies Income Fund Shares of Beneficial Interest,$4.71,0.13,2.838%,2697645,0.00,United States,2003,Finance Companies,Finance
JRI,Nuveen Real Asset Income and Growth Fund Common Shares of Beneficial Interest,$11.02,-0.15,-1.343%,297793,0.00,United States,2012,Finance Companies,Finance
JRS,Nuveen Real Estate Income Fund Common Shares of Beneficial Interest,$7.42,-0.06,-0.802%,94360,0.00,United States,2001,Finance/Investors Services,Finance
JRSH,Jerash Holdings (US) Inc. Common Stock,$5.68,-0.02,-0.351%,67808,72135659.00,United States,2018,Apparel,Consumer Discretionary
JRVR,James River Group Holdings Inc. Common Stock,$3.53,0.00,0.00%,271939,163259104.00,Bermuda,2014,Property-Casualty Insurers,Finance
JSM,Navient Corporation 6% Senior Notes due December 15 2043,$17.30,-0.01,-0.058%,7287,1720156957.00,United States,,Investment Bankers/Brokers/Service,Finance
JSPR,Jasper Therapeutics Inc. Common Stock,$0.6091,0.0237,4.049%,163099,20267535.00,United States,2020,Biotechnology: Biological Products (No Diagnostic Substances),Health Care
JTAI,Jet.AI Inc. Common Stock,$1.56,0.06,4.00%,65216,5549733.00,United States,2021,Transportation Services,Consumer Discretionary
JTTT,JATT III Acquisition Corp Ordinary Shares,$10.94,0.06,0.551%,1043,0.00,United States,2026,Blank Checks,Finance
JUNS,Jupiter Neurosciences Inc. Common Stock,$2.67,-0.215,-7.452%,59534,3520451.00,United States,2024,Biotechnology: Pharmaceutical Preparations,Health Care
JVA,Coffee Holding Co. Inc. Common Stock,$4.06,-0.03,-0.733%,36519,23176912.00,United States,2005,Packaged Foods,Consumer Staples
JWEL,Jowell Global Ltd. Ordinary Shares,$2.61,0.22,9.205%,40048,6201702.00,China,2021,Other Consumer Services,Consumer Discretionary
JXG,JX Luxventure Group Inc. Common Stock,$6.92,-0.08,-1.143%,23763,83454349.00,China,2013,Office Equipment/Supplies/Services,Industrials
JXN,Jackson Financial Inc. Class A Common Stock ,$133.12,2.97,2.282%,678352,9016050401.00,United States,2021,Life Insurance,Finance
JXN^A,Jackson Financial Inc. Depositary Shares each representing a 1/1000th interest in a share of Fixed-Rate Reset Noncumulative Perpetual Preferred Stock Series A,$25.47,-0.01,-0.039%,10559,,United States,,,
JYD,Jayud Global Logistics Limited Class A Ordinary Shares,$0.97,-0.04,-3.96%,2562,8049933.00,China,2023,Integrated Freight & Logistics,Industrials
JYNT,The Joint Corp. Common Stock,$8.23,-0.06,-0.724%,62118,116398157.00,United States,2014,Multi-Sector Companies,Miscellaneous
JZ,Jianzhi Education Technology Group Company Limited American Depositary Shs,$0.4542,-0.0158,-3.362%,272357,1093856.00,China,2022,Other Consumer Services,Real Estate
JZXN,Jiuzi Holdings Inc. Ordinary Shares,$1.13,-0.03,-2.586%,59109,58209418.00,China,2021,Retail-Auto Dealers and Gas Stations,Consumer Discretionary
KAI,Kadant Inc Common Stock,$273.89,-0.53,-0.193%,110655,3234399055.00,United States,1992,Industrial Machinery/Components,Industrials
KALA,KALA BIO Inc. Common Stock,$0.4756,-0.0844,-15.071%,364874,9198002.00,United States,2017,Biotechnology: Pharmaceutical Preparations,Health Care
KALU,Kaiser Aluminum Corporation Common Stock,$152.55,0.88,0.58%,150094,2494053985.00,United States,,Metal Fabrications,Industrials
KAPA,Kairos Pharma Ltd. Common Stock,$1.72,-0.05,-2.825%,42339,5822859.00,,2024,Biotechnology: Pharmaceutical Preparations,Health Care
KARD,Kardigan Inc. Common Stock,$14.79,0.40,2.78%,628932,1382919708.00,United States,2026,Biotechnology: Pharmaceutical Preparations,Health Care
KARO,Karooooo Ltd. Ordinary Shares,$61.63,-0.38,-0.613%,52770,1903954079.00,Singapore,2021,Computer Software: Prepackaged Software,Technology
KAZR,Skyline Builders Group Holding Limited Class A Ordinary Shares,$2.68,-0.04,-1.471%,243364,48084812.00,Hong Kong,2025,Engineering & Construction,Consumer Discretionary
KB,KB Financial Group Inc,$127.26,2.07,1.653%,110186,45633873502.00,South Korea,,Commercial Banks,Finance
KBDC,Kayne Anderson BDC Inc. Common Stock,$13.04,0.05,0.385%,401996,861133042.00,United States,2024,,
KBH,KB Home Common Stock,$48.01,0.36,0.756%,1521674,2943480041.00,United States,1986,Homebuilding,Consumer Discretionary
KBON,Karbon Capital Partners Corp. Class A Ordinary Shares,$10.07,0.00,0.00%,68,0.00,United States,2026,Blank Checks,Finance
KBR,KBR Inc. Common Stock,$34.54,-0.27,-0.776%,1403354,4354380258.00,United States,2006,Military/Government/Technical,Industrials
KBSX,FST Corp. Ordinary Shares,$1.68,0.18,12.00%,65929,75206885.00,Taiwan,,Recreational Games/Products/Toys,Consumer Discretionary
KC,Kingsoft Cloud Holdings Limited American Depositary Shares,$9.66,-0.08,-0.821%,663628,2891910954.00,China,2020,Computer Software: Prepackaged Software,Technology
KCHV,Kochav Defense Acquisition Corp. Class A Ordinary Shares,$10.45,0.00,0.00%,8,0.00,United States,2025,,
KCHVR,Kochav Defense Acquisition Corp. Right,$0.1199,0.0194,19.303%,2400,0.00,United States,2025,Blank Checks,Finance
KCHVU,Kochav Defense Acquisition Corp. Units,$10.52,0.00,0.00%,9,0.00,United States,2025,,
KD,Kyndryl Holdings Inc. Common Stock,$11.60,-0.14,-1.193%,3987005,2526691851.00,United States,2021,EDP Services,Technology
KDK,Kodiak AI Inc. Common Stock ,$2.43,-0.35,-12.59%,20044229,487502153.00,United States,,EDP Services,Technology
KDKRW,Kodiak AI Inc. Warrants,$0.3301,-0.0899,-21.405%,18720,66224058.00,United States,,EDP Services,Technology
KDP,Keurig Dr Pepper Inc. Common Stock,$31.95,1.07,3.465%,8854373,43478391914.00,United States,,Beverages (Production/Distribution),Consumer Staples
KE,Kimball Electronics Inc. Common Stock,$27.27,-0.21,-0.764%,145375,654261704.00,United States,,Electrical Products,Technology
KEEL,Keel Infrastructure Corp. Common Stock,$3.80,-0.10,-2.564%,19085196,2346778206.00,Canada,,Finance: Consumer Services,Finance
KELYA,Kelly Services Inc. Class A Common Stock,$16.48,0.07,0.427%,166823,572382421.00,United States,,Professional Services,Consumer Discretionary
KELYB,Kelly Services Inc. Class B Common Stock,$22.19,-0.355,-1.575%,3726,770701815.00,United States,,Professional Services,Consumer Discretionary
KEN,Kenon Holdings Ltd. Ordinary Shares,$63.75,-0.01,-0.016%,11617,3321910309.00,Singapore,2015,Electric Utilities: Central,Utilities
KEP,Korea Electric Power Corporation Common Stock,$11.01,0.16,1.475%,697162,14136048976.00,South Korea,1994,Electric Utilities: Central,Utilities
KEQU,Kewaunee Scientific Corporation Common Stock,$34.02,-0.26,-0.758%,769,98499705.00,United States,,Medical Specialities,Industrials
KEX,Kirby Corporation Common Stock,$128.88,-1.43,-1.097%,544590,6804864000.00,United States,,Marine Transportation,Consumer Discretionary
KEY,KeyCorp Common Stock,$20.61,0.36,1.778%,15833572,21993519498.00,United States,,Major Banks,Finance
KEY^I,KeyCorp Depositary Shares Each Representing a 1/40th Ownership Interest in a Share of Fixed-to-Floating Rate Perpetual Non-Cumulative Preferred Stock Series E,$25.01,0.01,0.04%,48926,,United States,,,
KEY^J,KeyCorp Depositary Shares each representing a 1/40th ownership interest in a share of Fixed Rate Perpetual Non-Cumulative Preferred Stock Series F,$19.79,-0.21,-1.05%,35237,,United States,,,
KEY^K,KeyCorp Depositary Shares each representing a 1/40th ownership interest in a share of Fixed Rate Perpetual Non-Cumulative Preferred Stock Series G,$19.76,-0.03,-0.152%,54933,,United States,,,
KEY^L,KeyCorp Depositary Shares each representing a 1/40th ownership interest in a share of Fixed Rate Perpetual Non-Cumulative Preferred Stock Series H,$24.74,-0.08,-0.322%,68849,,United States,,,
KEYS,Keysight Technologies Inc. Common Stock,$362.15,4.61,1.289%,1221875,61654134402.00,United States,2014,Industrial Machinery/Components,Industrials
KEYY,Keystone Acquisition Corp. Class A Ordinary Shares,$9.91,0.00,0.00%,99,0.00,United States,2026,Blank Checks,Finance
KF,Korea Fund Inc. (The) New Common Stock,$67.11,1.42,2.162%,27248,0.00,United States,,Investment Managers,Finance
KFFB,Kentucky First Federal Bancorp Common Stock,$5.58,-0.195,-3.377%,446,45123870.00,United States,2005,Savings Institutions,Finance
KFII,K&F Growth Acquisition Corp. II Class A Ordinary shares,$10.67,0.01,0.094%,125021,0.00,United States,2025,Blank Checks,Finance
KFIIR,K&F Growth Acquisition Corp. II Rights,$0.10,-0.0098,-8.925%,19159,0.00,United States,2025,,
KFRC,Kforce Inc. Common Stock,$51.56,0.21,0.409%,205084,923388040.00,United States,1995,Professional Services,Consumer Discretionary
KFY,Korn Ferry Common Stock,$71.73,-0.27,-0.375%,611477,3913506382.00,United States,1999,Diversified Commercial Services,Consumer Discretionary
KG,Kestrel Group Ltd.,$5.04,-0.49,-8.861%,27947,39433111.00,Bermuda,2008,Property-Casualty Insurers,Finance
KGC,Kinross Gold Corporation Common Stock,$25.05,0.63,2.58%,10244416,29912205000.00,Canada,2001,Precious Metals,Basic Materials
KGEI,Kolibri Global Energy Inc. Common stock,$6.35,-0.23,-3.495%,114838,228291993.00,United States,,Oil & Gas Production,Energy
KGS,Kodiak Gas Services Inc. Common Stock,$52.91,0.10,0.189%,1570757,5349414280.00,United States,2023,Natural Gas Distribution,Utilities
KHC,The Kraft Heinz Company Common Stock,$23.63,-0.23,-0.964%,10454843,28021015402.00,United States,,Packaged Foods,Consumer Staples
KIDS,OrthoPediatrics Corp. Common Stock,$22.55,-0.09,-0.398%,125309,588775719.00,United States,2017,Medical/Dental Instruments,Health Care
KIDZ,KIDZ AI Inc. Class B Common Stock,$2.50,-0.11,-4.215%,91048,2151693.00,United States,,Other Consumer Services,Real Estate
KIDZW,KIDZ AI Inc. Warrants,$0.009,0.00,0.00%,11248,7746.00,United States,,Other Consumer Services,Real Estate
KIM,Kimco Realty Corporation (HC) Common Stock,$22.44,0.19,0.854%,3944234,15052513530.00,United States,,Real Estate Investment Trusts,Real Estate
KIM^L,Kimco Realty Corporation Class L Depositary Shares each of which represents a one-one thousandth fractional interest in a share of 5.125% Class L Cumulative Redeemable Preferred Stock liquidation preference $25000.00 per share,$19.86,-0.15,-0.75%,31692,,United States,,,
KIM^M,Kimco Realty Corporation Class M Depositary Shares each of which represents a one-one thousandth fractional interest in a share of 5.25% Class M Cumulative Redeemable Preferred Stock liquidation preference $25000.00 per share,$20.09,-0.05,-0.248%,10166,,United States,,,
KIM^N,Kimco Realty Corporation Depositary Shares each representing 1/1000th interest in a share of 7.25% Class N Cumulative Convertible Perpetual Preferred Stock,$61.085,0.00,0.00%,291,,United States,,,
KINS,Kingstone Companies Inc. Common Stock,$18.25,-0.05,-0.273%,69991,264189427.00,United States,,Property-Casualty Insurers,Finance
KIO,KKR Income Opportunities Fund Common Shares,$10.44,0.14,1.359%,201488,0.00,United States,2013,Investment Managers,Finance
KITT,Nauticus Robotics Inc. Common stock,$2.32,-0.629,-21.329%,11788826,2889159.00,United States,2021,Industrial Machinery/Components,Industrials
KITTW,Nauticus Robotics Inc. Warrant,$0.011,0.0004,3.774%,289088,13699.00,United States,2021,Industrial Machinery/Components,Industrials
KKR,KKR & Co. Inc. Common Stock,$96.67,1.03,1.077%,3280564,86774433549.00,United States,,Investment Managers,Finance
KKR^D,KKR & Co. Inc. 6.25% Series D Mandatory Convertible Preferred Stock,$42.86,0.01,0.023%,288786,,United States,,,
KKRS,KKR Group Finance Co. IX LLC 4.625% Subordinated Notes due 2061,$15.51,-0.15,-0.958%,16723,13922328172.00,United States,2021,Investment Managers,Finance
KKRT,KKR & Co. Inc. 6.875% Subordinated Notes due 2065,$23.12,0.04,0.173%,30845,0.00,United States,2025,Investment Managers,Finance
KLAC,KLA Corporation Common Stock,$187.92,0.81,0.433%,7145559,245236819977.00,United States,1980,Electronic Components,Technology
KLAR,Klarna Group plc Ordinary Shares,$12.80,-0.07,-0.544%,4245988,9032249587.00,,2025,Finance: Consumer Services,Finance
KLC,KinderCare Learning Companies Inc. Common Stock,$2.12,-0.08,-3.636%,600288,251256110.00,United States,2024,Other Consumer Services,Consumer Discretionary
KLIC,Kulicke and Soffa Industries Inc. Common Stock,$91.18,2.71,3.063%,471420,4771368706.00,Singapore,,Semiconductors,Technology
KLRA,Kailera Therapeutics Inc. Common Stock,$11.215,-0.765,-6.386%,1722765,1453953826.00,United States,2026,Biotechnology: Pharmaceutical Preparations,Health Care
KLRS,Kalaris Therapeutics Inc. Common Stock,$2.92,-0.15,-4.886%,49257,69510545.00,United States,2020,Biotechnology: Biological Products (No Diagnostic Substances),Health Care
KLTR,Kaltura Inc. Common Stock,$1.315,-0.015,-1.128%,138197,200604858.00,United States,2021,Computer Software: Prepackaged Software,Technology
KLXE,KLX Energy Services Holdings Inc. Common Stock,$1.61,0.14,9.524%,2492972,34249625.00,United States,,Oilfield Services/Equipment,Energy
KMB,Kimberly-Clark Corporation Common Stock,$98.43,1.21,1.245%,3287428,32735754710.00,United States,,Containers/Packaging,Consumer Discretionary
KMDA,Kamada Ltd. Ordinary Shares,$8.72,-0.11,-1.246%,92056,503233860.00,Israel,2013,Biotechnology: Pharmaceutical Preparations,Health Care
KMI,Kinder Morgan Inc. Common Stock,$30.75,-0.50,-1.60%,10020006,68474164237.00,United States,2011,Natural Gas Distribution,Utilities
KMPB,Kemper Corporation 5.875% Fixed-Rate Reset Junior Subordinated Debentures due 2062,$24.78,-0.01,-0.04%,8774,1460115756.00,United States,2022,Property-Casualty Insurers,Finance
KMPR,Kemper Corporation,$25.32,0.12,0.476%,793602,1491934259.00,United States,,Property-Casualty Insurers,Finance
KMRK,K-Tech Solutions Company Limited Class A Ordinary Shares,$0.9483,0.0032,0.339%,12933,20009130.00,Hong Kong,2025,Recreational Games/Products/Toys,Consumer Discretionary
KMT,Kennametal Inc. Common Stock,$31.03,0.96,3.193%,1234501,2370382662.00,United States,,Industrial Machinery/Components,Industrials
KMTS,Kestra Medical Technologies Ltd. Common Stock,$27.14,1.38,5.357%,339738,1616507116.00,United States,2025,Medical/Dental Instruments,Health Care
KMX,CarMax Inc,$57.21,0.85,1.508%,2725303,8118733802.00,United States,,Retail-Auto Dealers and Gas Stations,Consumer Discretionary
KN,Knowles Corporation Common Stock,$37.53,0.77,2.095%,498154,3205449535.00,United States,2014,Consumer Electronics/Appliances,Consumer Staples
KNDI,Kandi Technologies Group Inc. Ordinary Shares,$0.588,0.0072,1.24%,188485,59044235.00,China,,Auto Manufacturing,Industrials
KNF,Knife Riv Holding Co. Common Stock,$54.58,1.21,2.267%,1177097,3098147464.00,United States,2023,Mining & Quarrying of Nonmetallic Minerals (No Fuels),Industrials
KNOP,KNOT Offshore Partners LP Common Units representing Limited Partner Interests,$10.56,-0.13,-1.216%,87056,355453212.00,United Kingdom,2013,Marine Transportation,Consumer Discretionary
KNRX,KNOREX LTD. Class A Ordinary Shares,$0.304,-0.0089,-2.844%,13867,9248626.00,,2025,Computer Software: Programming Data Processing,Technology
KNSA,Kiniksa Pharmaceuticals International plc Class A Ordinary Shares,$75.08,-0.26,-0.345%,479036,5858042896.00,United States,2018,Biotechnology: Pharmaceutical Preparations,Health Care
KNSL,Kinsale Capital Group Inc. Common Stock,$330.49,-10.02,-2.943%,197230,7528041678.00,United States,,Property-Casualty Insurers,Finance
KNTK,Kinetik Holdings Inc. Class A Common Stock,$51.21,-1.33,-2.531%,1100377,8315435196.00,United States,2022,Natural Gas Distribution,Utilities
KNX,Knight-Swift Transportation Holdings Inc.,$63.67,-1.83,-2.794%,5040944,10362674520.00,United States,2017,Trucking Freight/Courier Services,Industrials
KO,Coca-Cola Company (The) Common Stock,$87.81,-0.29,-0.329%,12161441,377806849028.00,United States,,Beverages (Production/Distribution),Consumer Staples
KOD,Kodiak Sciences Inc Common Stock,$32.35,-0.87,-2.619%,2277424,2033179934.00,United States,2018,Biotechnology: Biological Products (No Diagnostic Substances),Health Care
KODK,Eastman Kodak Company Common New,$9.51,0.00,0.00%,476502,931029000.00,United States,,Industrial Machinery/Components,Consumer Discretionary
KOF,Coca Cola Femsa S.A.B. de C.V.  American Depositary Shares each representing 10 Units (each Unit consists of 3 Series B Shares and 5 Series L Shares),$110.23,1.27,1.166%,76256,5789368556.00,Mexico,1993,Beverages (Production/Distribution),Consumer Staples
KOP,Koppers Holdings Inc. Common Stock,$46.27,0.31,0.674%,100574,875038251.00,United States,2006,Forest Products,Basic Materials
KOPN,Kopin Corporation Common Stock,$4.99,0.12,2.464%,3302789,927504344.00,United States,1992,Semiconductors,Technology
KOS,Kosmos Energy Ltd. Common Shares (DE),$2.65,-0.14,-5.018%,11864198,1578042275.00,Bermuda,2011,Oil & Gas Production,Energy
KOSS,Koss Corporation Common Stock,$4.00,-0.20,-4.762%,78990,37865752.00,United States,,Consumer Electronics/Appliances,Consumer Staples
KOYN,CSLM Digital Asset Acquisition Corp III Class A Ordinary Shares,$10.23,0.00,0.00%,4428,0.00,United States,2025,,
KOYNU,CSLM Digital Asset Acquisition Corp III Units,$10.29,-0.02,-0.194%,1001,0.00,United States,2025,,
KOYNW,CSLM Digital Asset Acquisition Corp III Warrants,$0.18,-0.01,-5.263%,1021,0.00,United States,2025,,
KPET,KPET Ultra Paceline Corporation Class A Ordinary Shares,$9.99,0.00,0.00%,7,0.00,,2026,,
KPLT,Katapult Holdings Inc. Common Stock,$5.04,-0.73,-12.652%,1055898,427639237.00,United States,2019,Diversified Commercial Services,Consumer Discretionary
KPRX,Kiora Pharmaceuticals Inc.  Common Stock,$2.63,-0.04,-1.498%,2364,11636138.00,United States,,Biotechnology: Pharmaceutical Preparations,Health Care
KPTI,Karyopharm Therapeutics Inc. Common Stock,$1.62,-0.11,-6.358%,1467063,36743965.00,United States,2013,Biotechnology: Pharmaceutical Preparations,Health Care
KR,Kroger Company (The) Common Stock,$58.74,-0.18,-0.305%,10236432,34691180238.00,United States,,Food Chains,Consumer Staples
KRAQ,KRAKacquisition Corp Class A Ordinary Shares,$10.0194,-0.0006,-0.006%,2016,0.00,United States,2026,,
KRAQU,KRAKacquisition Corp Unit,$10.12,0.00,0.00%,41,0.00,United States,2026,,
KRAQW,KRAKacquisition Corp Warrants,$0.41,-0.0001,-0.024%,1284,0.00,United States,2026,,
KRC,Kilroy Realty Corporation Common Stock,$34.23,0.18,0.529%,1062680,3981256659.00,United States,1997,Real Estate Investment Trusts,Real Estate
KREF,KKR Real Estate Finance Trust Inc. Common Stock,$6.35,0.09,1.438%,2021096,371969970.00,United States,2017,Real Estate Investment Trusts,Real Estate
KREF^A,KKR Real Estate Finance Trust Inc. 6.50% Series A Cumulative Redeemable Preferred Stock,$18.18,0.01,0.055%,12483,,United States,,,
KRG,Kite Realty Group Trust Common Stock,$24.78,0.07,0.283%,2218187,4964597000.00,United States,2004,Real Estate Investment Trusts,Real Estate
KRKR,36Kr Holdings Inc. American Depositary Shares,$3.0599,-0.0151,-0.491%,1256,6039661.00,China,2019,Business Services,Consumer Discretionary
KRMD,KORU Medical Systems Inc. Common Stock (DE),$3.21,-0.06,-1.835%,368561,148211805.00,United States,,Medical/Dental Instruments,Health Care
KRMN,Karman Holdings Inc. Common Stock,$35.69,0.77,2.205%,4870957,4730128039.00,United States,2025,Military/Government/Technical,Industrials
KRNT,Kornit Digital Ltd. Ordinary Shares,$15.56,0.39,2.571%,989678,668559269.00,Israel,2015,Industrial Machinery/Components,Industrials
KRNY,Kearny Financial Corp Common Stock,$9.36,0.06,0.645%,500317,607739016.00,United States,2005,Savings Institutions,Finance
KRO,Kronos Worldwide Inc Common Stock,$8.25,0.15,1.852%,295352,949554507.00,United States,,Major Chemicals,Basic Materials
KROS,Keros Therapeutics Inc. Common Stock,$11.62,0.07,0.606%,216082,230391925.00,United States,2020,Biotechnology: Pharmaceutical Preparations,Health Care
KRP,Kimbell Royalty Partners Common Units Representing Limited Partner Interests,$14.57,-0.22,-1.487%,847785,1671231306.00,United States,2017,Oil & Gas Production,Energy
KRRO,Korro Bio Inc. Common Stock,$9.57,0.00,0.00%,114432,140924432.00,United States,2019,Biotechnology: Pharmaceutical Preparations,Health Care
KRSA,Korsana Biosciences Inc. Common Stock,$31.00,-6.19,-16.644%,34819,20731684.00,United States,,Biotechnology: Pharmaceutical Preparations,Health Care
KRSP,Rice Acquisition Corporation 3 Class A Ordinary Shares,$11.00,0.45,4.265%,1916673,0.00,,2025,,
KRT,Karat Packaging Inc. Common Stock,$53.09,-1.07,-1.976%,197646,1058175068.00,United States,2021,Plastic Products,Industrials
KRUS,Kura Sushi USA Inc. Class A Common Stock,$38.91,0.00,0.00%,303331,472750119.00,United States,2019,Restaurants,Consumer Discretionary
KRYS,Krystal Biotech Inc. Common Stock,$345.82,0.86,0.249%,200051,10235869466.00,United States,2017,Biotechnology: Biological Products (No Diagnostic Substances),Health Care
KSCP,Knightscope Inc. Class A Common Stock,$0.9098,0.0106,1.179%,1375408,21487981.00,United States,2022,Telecommunications Equipment,Telecommunications
KSPI,Joint Stock Company Kaspi.kz American Depository Shares,$95.67,2.88,3.104%,408375,18113532597.00,Kazakhstan,2024,,
KSS,Kohl's Corporation Common Stock,$17.90,0.66,3.828%,4157799,2029438366.00,United States,1992,Department/Specialty Retail Stores,Consumer Discretionary
KT,KT Corporation Common Stock,$19.70,0.17,0.87%,1284747,9499145482.00,South Korea,,Telecommunications Equipment,Telecommunications
KTB,Kontoor Brands Inc. Common Stock ,$65.37,0.96,1.49%,562310,3572707139.00,United States,2019,Garments and Clothing,Industrials
KTCC,Key Tronic Corporation Common Stock,$2.17,-0.02,-0.913%,12416,24012975.00,United States,1983,Electrical Products,Technology
KTF,DWS Municipal Income Trust,$8.23,-0.04,-0.484%,280262,325092720.00,United States,1988,Finance Companies,Finance
KTH,Structures Products Cp 8% CorTS Issued by Peco Energy Cap Tr II Preferred Stock,$28.5001,-0.2549,-0.886%,208,0.00,United States,,Finance: Consumer Services,Finance
KTN,Structured Products Corp 8.205% CorTS 8.205% Corporate Backed Trust Securities (CorTS),$25.60,0.0299,0.117%,3918,0.00,United States,,Finance: Consumer Services,Finance
KTOS,Kratos Defense & Security Solutions Inc. Common Stock,$45.62,-1.40,-2.977%,3190722,8563846938.00,United States,,Military/Government/Technical,Industrials
KTTA,Pasithea Therapeutics Corp. Common Stock,$0.4992,-0.0145,-2.823%,94811,16680492.00,United States,2021,Biotechnology: Pharmaceutical Preparations,Health Care
KTWO,K2 Capital Acquisition Corporation Class A Ordinary Share,$10.08,0.00,0.00%,2270,202014893.00,Cayman Islands,2026,Medical/Dental Instruments,Health Care
KTWOR,K2 Capital Acquisition Corporation Rights,$0.196,0.001,0.513%,12828,3928067.00,Cayman Islands,2026,,
KULR,KULR Technology Group Inc. Common Stock,$2.44,-0.06,-2.40%,466377,112923986.00,United States,,Electrical Products,Technology
KURA,Kura Oncology Inc. Common Stock,$10.76,-0.10,-0.921%,1227281,957216260.00,United States,,Biotechnology: Pharmaceutical Preparations,Health Care
KUST,Kustom Entertainment Inc. Common Stock,$0.629,0.00,0.00%,177968,4092815.00,United States,,Radio And Television Broadcasting And Communications Equipment,Technology
KVHI,KVH Industries Inc. Common Stock,$7.39,0.00,0.00%,67079,134061709.00,United States,1996,Telecommunications Equipment,Consumer Discretionary
KVUE,Kenvue Inc. Common Stock,$17.80,0.19,1.079%,12582065,34189767713.00,United States,2023,Package Goods/Cosmetics,Consumer Discretionary
KVYO,Klaviyo Inc. Series A Common Stock,$15.80,-0.31,-1.924%,3781128,4498693505.00,United States,2023,Computer Software: Prepackaged Software,Technology
KWR,Quaker Houghton Common Stock,$163.45,3.98,2.496%,107634,2812598892.00,United States,,Major Chemicals,Industrials
KWY,Kingsway Corporation Common Stock,$9.03,-0.12,-1.311%,31631,261246930.00,Canada,,Property-Casualty Insurers,Finance
KXIN,Kaixin Holdings Ordinary Shares,$1.42,-0.09,-5.96%,128560,56848115.00,China,2017,Retail-Auto Dealers and Gas Stations,Consumer Discretionary
KYIV,Kyivstar Group Ltd. Common Shares,$13.05,-0.15,-1.136%,341819,3025820293.00,United Arab Emirates,,Telecommunications Equipment,Telecommunications
KYIVW,Kyivstar Group Ltd. Warrant,$5.00,0.22,4.603%,135643,1159318120.00,United Arab Emirates,,Telecommunications Equipment,Telecommunications
KYMR,Kymera Therapeutics Inc. Common Stock,$111.95,-3.86,-3.333%,698467,9308711685.00,United States,2020,Biotechnology: Biological Products (No Diagnostic Substances),Health Care
KYN,Kayne Anderson Energy Infrastructure Fund Inc.,$13.83,-0.28,-1.984%,384583,1882699060.00,United States,2004,Finance/Investors Services,Finance
KYNB,Kyntra Bio Inc. Common Stock,$6.94,-0.06,-0.857%,19750,28100921.00,United States,2014,Biotechnology: Pharmaceutical Preparations,Health Care
KYTX,Kyverna Therapeutics Inc. Common Stock,$6.81,-0.18,-2.575%,1503589,421153854.00,United States,2024,Biotechnology: Biological Products (No Diagnostic Substances),Health Care
KZIA,Kazia Therapeutics Limited American Depositary Shares,$9.57,-0.21,-2.147%,244312,148802762.00,Australia,,Biotechnology: Pharmaceutical Preparations,Health Care
L,Loews Corporation Common Stock,$104.82,-0.25,-0.238%,843712,21428113610.00,United States,,Property-Casualty Insurers,Finance
LAB,Standard BioTools Inc. Common Stock,$0.7399,-0.0031,-0.417%,471807,290469060.00,United States,2011,Biotechnology: Laboratory Analytical Instruments,Industrials
LABT,Lakewood-Amedex Biotherapeutics Inc. Common Stock,$1.67,-0.155,-8.493%,176657,3957379.00,United States,,Biotechnology: Pharmaceutical Preparations,Health Care
LAC,Lithium Americas Corp. Common Shares,$2.75,-0.08,-2.827%,8974381,998368093.00,Canada,2023,Metal Mining,Basic Materials
LAD,Lithia Motors Inc. Common Stock,$316.42,6.82,2.203%,262779,6955897565.00,United States,,Retail-Auto Dealers and Gas Stations,Consumer Discretionary
LADR,Ladder Capital Corp Class A Common Stock,$9.08,-0.01,-0.11%,1517126,1151936951.00,United States,2014,Real Estate Investment Trusts,Real Estate
LAES,SEALSQ Corp Ordinary Shares,$2.35,0.03,1.293%,5360140,523518898.00,Switzerland,,Semiconductors,Technology
LAFA,LaFayette Acquisition Corp. Ordinary Share,$10.19,0.01,0.098%,808,0.00,France,2025,,
LAFAR,LaFayette Acquisition Corp. Rights,$0.08,0.00,0.00%,25,0.00,France,2025,,
LAKE,Lakeland Industries Inc. Common Stock,$10.495,0.005,0.048%,49725,104229476.00,United States,1986,Industrial Specialties,Health Care
LAMR,Lamar Advertising Company Class A Common Stock,$143.98,0.27,0.188%,465724,14621123502.00,United States,1996,Real Estate Investment Trusts,Real Estate
LAND,Gladstone Land Corporation Common Stock,$9.48,-0.01,-0.105%,514725,408934712.00,United States,2013,Real Estate Investment Trusts,Real Estate
LANDO,Gladstone Land Corporation 6.00% Series B Cumulative Redeemable Preferred Stock,$19.80,0.08,0.406%,13665,854104145.00,United States,,Real Estate Investment Trusts,Real Estate
LANDP,Gladstone Land Corporation 6.00% Series C Cumulative Redeemable Preferred Stock,$19.89,0.14,0.709%,14238,857986437.00,United States,,Real Estate Investment Trusts,Real Estate
LANV,Lanvin Group Holdings Limited Ordinary Shares,$1.085,0.055,5.34%,26150,136271567.00,Cayman Islands,2022,Apparel,Consumer Discretionary
LAR,Lithium Argentina AG Common Shares,$5.52,-0.16,-2.817%,1141689,905832000.00,Canada,2023,Metal Mining,Basic Materials
LARK,Landmark Bancorp Inc. Common Stock,$31.97,0.65,2.075%,7999,195034072.00,United States,,Major Banks,Finance
LASE,Laser Photonics Corporation Common Stock,$0.8625,-0.0267,-3.003%,849137,52334530.00,United States,2022,Industrial Machinery/Components,Miscellaneous
LASR,nLIGHT Inc. Common Stock,$40.33,-0.29,-0.714%,458815,2326645645.00,United States,2018,Semiconductors,Technology
LATA,Galata Acquisition Corp. II Class A Ordinary Shares,$10.19,0.00,0.00%,89814,0.00,United States,2025,Blank Checks,Finance
LATAU,Galata Acquisition Corp. II Units,$10.30,0.00,0.00%,4,0.00,United States,2025,,
LAUR,Laureate Education Inc. Common Stock,$37.40,-0.71,-1.863%,849201,5151826064.00,United States,2017,Other Consumer Services,Real Estate
LAW,CS Disco Inc. Common Stock,$4.35,0.10,2.353%,216449,282400978.00,United States,2021,Computer Software: Prepackaged Software,Technology
LAZ,Lazard Inc. Common Stock,$36.72,0.60,1.661%,938470,3578385004.00,Bermuda,2005,Investment Managers,Finance
LB,LandBridge Company LLC Class A Shares Representing Limited Liability Company Interests,$81.38,-1.11,-1.346%,145258,6273210829.00,,2024,Oil & Gas Production,Energy
LBGJ,Li Bang International Corporation Class A Ordinary Shares,$2.11,-0.02,-0.939%,559724,1450045.00,China,2024,Industrial Machinery/Components,Industrials
LBRT,Liberty Energy Inc. Class A common stock,$18.94,0.70,3.838%,5305484,3090845419.00,United States,2018,Oilfield Services/Equipment,Energy
LBRX,LB Pharmaceuticals Inc Common Stock,$37.33,-0.47,-1.243%,398952,1204235003.00,United States,2025,Biotechnology: Pharmaceutical Preparations,Health Care
LBTYA,Liberty Global Ltd. Class A Common Shares,$9.45,0.03,0.318%,2387920,3223277499.00,United Kingdom,,Cable & Other Pay Television Services,Telecommunications
LBTYB,Liberty Global Ltd. Class B Common Shares,$12.41,0.445,3.719%,22803,4232896694.00,United Kingdom,,Cable & Other Pay Television Services,Telecommunications
LBTYK,Liberty Global Ltd. Class C Common Shares,$9.26,0.03,0.325%,1458389,3158470861.00,United Kingdom,,Cable & Other Pay Television Services,Telecommunications
LCCC,Lakeshore Acquisition III Corp. Ordinary Shares,$10.52,0.00,0.00%,8,0.00,United States,2025,Blank Checks,Finance
LCFY,Locafy Limited Ordinary Share,$2.58,0.00,0.00%,177,4720629.00,Australia,2022,Computer Software: Programming Data Processing,Technology
LCID,Lucid Group Inc. Common Stock,$4.07,-0.08,-1.928%,8364061,1603865616.00,United States,,Auto Manufacturing,Industrials
LCII,LCI Industries,$84.51,0.96,1.149%,442966,2054565457.00,United States,1995,Auto Parts:O.E.M.,Consumer Discretionary
LCLN,Lincoln International Inc. Class A Common Stock,$23.37,0.23,0.994%,401714,2421727678.00,,2026,Investment Managers,Finance
LCNB,LCNB Corporation Common Stock,$18.83,0.42,2.281%,35334,268421424.00,United States,,Major Banks,Finance
LCTX,Lineage Cell Therapeutics Inc. Common Stock,$1.03,0.0822,8.673%,2481550,260494688.00,United States,,Biotechnology: Biological Products (No Diagnostic Substances),Health Care
LCUT,Lifetime Brands Inc. Common Stock,$9.36,0.12,1.299%,188676,215175505.00,United States,1991,Industrial Machinery/Components,Consumer Discretionary
LDI,loanDepot Inc. Class A Common Stock,$0.6701,0.0082,1.239%,8367103,226597845.00,United States,2021,Finance: Consumer Services,Finance
LDOS,Leidos Holdings Inc. Common Stock,$123.61,0.26,0.211%,943306,15512091954.00,United States,,EDP Services,Technology
LDP,Cohen & Steers Limited Duration Preferred and Income Fund Inc.,$19.29,-0.03,-0.155%,90548,0.00,United States,2012,Finance Companies,Finance
LE,Lands' End Inc. Common Stock,$10.26,-0.08,-0.774%,117965,303123020.00,United States,,Clothing/Shoe/Accessory Stores,Consumer Discretionary
LEA,Lear Corporation Common Stock,$122.71,4.46,3.772%,637469,6052641790.00,United States,,Auto Parts:O.E.M.,Consumer Discretionary
LECO,Lincoln Electric Holdings Inc. Common Shares,$271.70,5.30,1.989%,398494,14809214177.00,United States,,Industrial Machinery/Components,Industrials
LEDRU,Leader's Advantage Acquisition Corp. Units,$9.97,0.00,0.00%,557779,0.00,United States,2026,Blank Checks,Finance
LEDS,SemiLEDS Corporation Common Stock,$2.24,-0.06,-2.609%,13521,18532423.00,Taiwan,2010,Semiconductors,Technology
LEE,Lee Enterprises Incorporated Common Stock,$6.79,-0.04,-0.586%,33642,151362979.00,United States,,Newspapers/Magazines,Consumer Discretionary
LEGH,Legacy Housing Corporation Common Stock (TX),$29.30,0.22,0.757%,172783,696843013.00,United States,2018,Homebuilding,Consumer Discretionary
LEGN,Legend Biotech Corporation American Depositary Shares,$19.11,0.05,0.262%,1428362,3716673572.00,United States,2020,Biotechnology: Pharmaceutical Preparations,Health Care
LEGO,Legato Merger Corp. IV Ordinary Shares,$10.00,0.00,0.00%,38,303070360.00,,2026,Military/Government/Technical,Industrials
LEN,Lennar Corporation Class A Common Stock,$82.15,0.68,0.835%,3892449,19789535915.00,United States,,Homebuilding,Consumer Discretionary
LENZ,LENZ Therapeutics Inc. Common Stock,$3.915,0.195,5.242%,923829,123010643.00,United States,2021,Biotechnology: Biological Products (No Diagnostic Substances),Health Care
LEO,BNY Mellon Strategic Municipals Inc. Common Stock,$5.63,-0.01,-0.177%,295073,350697508.00,United States,1987,Trusts Except Educational Religious and Charitable,Finance
LESL,Leslie's Inc. Common Stock,$0.2923,-0.0467,-13.776%,5291452,2737528.00,United States,2020,Other Specialty Stores,Consumer Discretionary
LEU,Centrus Energy Corp. Class A Common Stock,$147.07,-0.25,-0.17%,395603,2902265850.00,United States,2014,Mining & Quarrying of Nonmetallic Minerals (No Fuels),Industrials
LEVI,Levi Strauss & Co Class A Common Stock,$19.73,0.01,0.051%,2132891,7593101588.00,United States,2019,Apparel,Consumer Discretionary
LEXX,Lexaria Bioscience Corp. Common Stock,$3.28,-0.09,-2.671%,34222,6909277.00,Canada,,Biotechnology: Pharmaceutical Preparations,Health Care
LFAC,Leapfrog Acquisition Corporation Class A Ordinary Shares,$10.09,0.015,0.149%,644,0.00,United States,2026,Blank Checks,Finance
LFCR,Lifecore Biomedical Inc. Common Stock,$4.20,-0.09,-2.098%,70510,158982852.00,United States,,Biotechnology: Pharmaceutical Preparations,Health Care
LFMD,LifeMD Inc. Common Stock,$2.97,0.06,2.062%,767828,143156486.00,United States,,Medical/Nursing Services,Health Care
LFMDP,LifeMD Inc. 8.875% Series A Cumulative Perpetual Preferred Stock,$23.149,-0.051,-0.22%,535,1115801176.00,United States,,Medical/Nursing Services,Health Care
LFS,LEIFRAS Co. Ltd. American Depositary Shares  ,$2.14,0.015,0.706%,3039223,55983725.00,Japan,2025,Other Consumer Services,Real Estate
LFST,LifeStance Health Group Inc. Common Stock,$11.84,0.04,0.339%,7827799,4524705100.00,United States,2021,Medical/Nursing Services,Health Care
LFT,Lument Finance Trust Inc. Common Stock,$5.19,0.02,0.387%,21626,27240301.00,United States,2013,Real Estate Investment Trusts,Real Estate
LFT^A,Lument Finance Trust Inc. 7.875% Series A Cumulative Redeemable Preferred Stock,$16.3676,-0.0074,-0.045%,236,,United States,,,
LFTO,Liftoff Mobile Inc. Common Stock,$15.91,-0.01,-0.063%,300487,2694064595.00,United States,2026,EDP Services,Technology
LFUS,Littelfuse Inc. Common Stock,$429.22,8.06,1.914%,151274,10901650187.00,United States,,Electrical Products,Energy
LFVN,Lifevantage Corporation Common Stock (Delaware),$6.26,-0.03,-0.477%,10366,78809919.00,United States,,Biotechnology: Pharmaceutical Preparations,Health Care
LFWD,Lifeward Ltd. Ordinary Shares,$6.99,0.02,0.287%,859,19795792.00,Israel,2014,Industrial Specialties,Health Care
LGCL,Lucas GC Limited Class A Ordinary Shares,$2.97,-0.08,-2.623%,194371,1016699.00,China,2024,Computer Software: Programming Data Processing,Technology
LGCY,Legacy Education Inc. Common Stock,$9.31,-1.33,-12.50%,373998,119291246.00,,2024,Other Consumer Services,Real Estate
LGHL,Lion Group Holding Ltd. American Depositary Share,$7.30,-0.06,-0.815%,26304,336851.00,China,,Investment Bankers/Brokers/Service,Finance
LGI,Lazard Global Total Return and Income Fund Common Stock,$17.18,0.01,0.058%,36767,0.00,United States,2004,,
LGIH,LGI Homes Inc. Common Stock,$49.99,1.00,2.041%,363388,1162181117.00,United States,2013,Homebuilding,Consumer Discretionary
LGL,LGL Group Inc. (The) Common Stock,$6.70,-0.10,-1.471%,10920,84508098.00,United States,1946,Industrial Machinery/Components,Technology
LGN,Legence Corp. Class A Common stock,$52.52,0.07,0.133%,831876,5676124210.00,United States,2025,Engineering & Construction,Consumer Discretionary
LGND,Ligand Pharmaceuticals Incorporated Common Stock,$301.52,2.48,0.829%,305869,6010984826.00,United States,,Biotechnology: Pharmaceutical Preparations,Health Care
LGO,Largo Inc. Common Shares,$0.534,-0.157,-22.721%,9241523,55073556.00,Canada,,Mining & Quarrying of Nonmetallic Minerals (No Fuels),Industrials
LGPS,LogProstyle Inc. Common Shares,$0.7901,-0.0155,-1.924%,31357,18654948.00,,2025,Homebuilding,Consumer Discretionary
LGVN,Longeveron Inc. Class A Common Stock,$2.81,-0.10,-3.436%,50538,8958839.00,United States,2021,Biotechnology: Pharmaceutical Preparations,Health Care
LH,Labcorp Holdings Inc. Common Stock,$309.64,0.69,0.223%,821767,25111804000.00,United States,,Medical Specialities,Health Care
LHAI,Linkhome Holdings Inc. Common stock,$1.02,-0.02,-1.923%,39789,16860600.00,United States,2025,Real Estate,Finance
LHSW,Lianhe Sowell International Group Ltd Class A Ordinary Shares,$0.72,-0.0431,-5.648%,1021626,7852440.00,China,2025,Computer Software: Prepackaged Software,Technology
LHX,L3Harris Technologies Inc. Common Stock,$237.69,-0.35,-0.147%,1646777,44261352077.00,United States,,Industrial Machinery/Components,Industrials
LI,Li Auto Inc. American Depositary Shares,$11.50,-0.28,-2.377%,2301692,10455369383.00,China,2020,Auto Manufacturing,Industrials
LICN,Lichen International Limited Class A Ordinary Shares,$1.04,0.01,0.971%,4021,17094298.00,China,2023,Professional Services,Consumer Discretionary
LIDR,AEye Inc. Class A Common Stock,$1.21,0.01,0.833%,348139,56473324.00,United States,2021,Auto Parts:O.E.M.,Consumer Discretionary
LIEN,Chicago Atlantic BDC Inc. Common Stock,$10.04,0.07,0.702%,116843,229118724.00,United States,2022,Finance: Consumer Services,Finance
LIF,Life360 Inc. Common Stock,$41.10,-0.16,-0.388%,338364,3348843166.00,United States,2024,EDP Services,Technology
LIFE,Ethos Technologies Inc. Class A Common Stock,$34.30,-1.01,-2.86%,1263415,2186949272.00,United States,2026,Specialty Insurers,Finance
LII,Lennox International Inc. Common Stock,$373.77,5.99,1.629%,476861,12917743495.00,United States,1999,Industrial Machinery/Components,Industrials
LILA,Liberty Latin America Ltd. Class A Common Stock,$8.48,-0.12,-1.395%,308812,1661232000.00,United States,,Cable & Other Pay Television Services,Telecommunications
LILAK,Liberty Latin America Ltd. Class C Common Stock,$8.49,-0.06,-0.702%,2344580,1663191000.00,United States,,Cable & Other Pay Television Services,Telecommunications
LILAP,Liberty Latin America Ltd. 9.0% Fixed Rate Cumulative Perpetual Redeemable Series A Preference Shares,$20.45,0.00,0.00%,45234,4006155000.00,United States,,Cable & Other Pay Television Services,Telecommunications
LIME,Neutron Holdings Inc. Common Stock,$29.21,0.62,2.169%,289354,1898188190.00,United States,2026,Computer Software: Prepackaged Software,Technology
LIMN,Liminatus Pharma Inc. Class A Common Stock,$4.195,0.015,0.359%,18602,5634758.00,United States,,Biotechnology: Biological Products (No Diagnostic Substances),Health Care
LIN,Linde plc Ordinary Shares,$469.89,1.75,0.374%,1618660,216609968792.00,United States,,Major Chemicals,Basic Materials
LINC,Lincoln Educational Services Corporation Common Stock,$22.46,-1.42,-5.946%,1326091,712464418.00,United States,2005,Other Consumer Services,Real Estate
LIND,Lindblad Expeditions Holdings Inc. Common Stock,$28.45,0.87,3.154%,782344,1866880152.00,United States,2013,Transportation Services,Consumer Discretionary
LINE,Lineage Inc. Common Stock,$36.15,-0.03,-0.083%,1607144,8231716934.00,United States,2024,Real Estate Investment Trusts,Real Estate
LINK,Interlink Electronics Inc. Common Stock,$5.55,0.37,7.143%,64815,87431420.00,United States,,Computer peripheral equipment,Technology
LION,Lionsgate Studios Corp Common Shares,$10.85,-0.13,-1.184%,4480873,3228522528.00,Canada,2025,Movies/Entertainment,Consumer Discretionary
LIQT,LiqTech International Inc. Common Stock,$0.6136,-0.0223,-3.507%,54411,20216795.00,Denmark,,Industrial Machinery/Components,Technology
LITB,LightInTheBox Holding Co. Ltd. American Depositary Shares each representing twelve ordinary shares,$3.065,0.085,2.852%,1039,60461974.00,China,,Catalog/Specialty Distribution,Consumer Discretionary
LITE,Lumentum Holdings Inc. Common Stock,$941.65,12.61,1.357%,3861533,84466005000.00,United States,,Telecommunications Equipment,Telecommunications
LITS,Lite Strategy Inc. Common Stock,$1.44,0.01,0.699%,2270220,45911013.00,United States,2003,Biotechnology: Pharmaceutical Preparations,Health Care
LIVE,Live Ventures Incorporated Common Stock,$7.85,0.08,1.03%,3052,24112500.00,United States,,Other Specialty Stores,Consumer Discretionary
LIVN,LivaNova PLC Ordinary Shares,$76.63,1.19,1.577%,745334,4221815441.00,United Kingdom,,Biotechnology: Electromedical & Electrotherapeutic Apparatus,Health Care
LKFN,Lakeland Financial Corporation Common Stock,$59.51,0.66,1.121%,192474,1479290058.00,United States,,Major Banks,Finance
LKFT,Lakefront Biotherapeutics American Depositary Shares,$29.38,-0.98,-3.228%,250711,1936055946.00,Belgium,2015,Biotechnology: Pharmaceutical Preparations,Health Care
LKQ,LKQ Corporation Common Stock,$23.29,0.29,1.261%,3458194,5892418583.00,United States,2003,Motor Vehicles,Consumer Discretionary
LKSP,Lake Superior Acquisition Corp. Class A Ordinary Shares,$10.25,0.00,0.00%,1139,0.00,United States,2025,,
LKSPR,Lake Superior Acquisition Corp. Rights,$1.20,0.05,4.348%,10188,0.00,United States,2025,,
LKSPU,Lake Superior Acquisition Corp. Units,$10.40,0.11,1.069%,3030,0.00,United States,2025,,
LLY,Eli Lilly and Company Common Stock,$1183.46,1.57,0.133%,1924975,1114058432145.00,United States,,Biotechnology: Pharmaceutical Preparations,Health Care
LLYVA,Liberty Live Holdings Inc. Series A Liberty Live Group Common Stock,$96.32,-0.105,-0.109%,40444,8861957816.00,United States,,Services-Misc. Amusement & Recreation,Consumer Discretionary
LLYVK,Liberty Live Holdings Inc. Series C Liberty Live Group Common Stock,$99.36,-0.34,-0.341%,256937,9141654159.00,United States,,Services-Misc. Amusement & Recreation,Consumer Discretionary
LMAT,LeMaitre Vascular Inc. Common Stock,$81.52,0.70,0.866%,230386,1864301831.00,United States,2006,Medical/Dental Instruments,Health Care
LMB,Limbach Holdings Inc. Common Stock,$51.48,0.15,0.292%,131384,613898640.00,United States,,Engineering & Construction,Consumer Discretionary
LMND,Lemonade Inc. Common Stock,$44.93,-0.35,-0.773%,1141189,3477429912.00,United States,2020,Property-Casualty Insurers,Finance
LMNR,Limoneira Co Common Stock,$11.78,-0.19,-1.587%,149836,213595042.00,United States,,Farming/Seeds/Milling,Consumer Staples
LMRI,Lumexa Imaging Holdings Inc. Common Stock,$10.21,0.33,3.34%,441204,980925505.00,United States,2025,Medical Specialities,Health Care
LMT,Lockheed Martin Corporation Common Stock,$519.56,-4.14,-0.791%,1127661,119909643629.00,United States,,Military/Government/Technical,Industrials
LNAI,Lunai Bioworks Inc. Common Stock,$1.93,-0.01,-0.515%,28922,8750408.00,United States,,Biotechnology: Pharmaceutical Preparations,Health Care
LNC,Lincoln National Corporation Common Stock,$41.69,0.30,0.725%,1120290,7981439438.00,United States,,Life Insurance,Finance
LNC^D,Lincoln National Corporation Depositary Shares Each Representing a 1/1000th Interest in a Share of 9.000% Non-Cumulative Preferred Stock Series D,$25.85,0.07,0.272%,147093,,United States,,,
LND,Brasilagro Brazilian Agric Real Estate Co Sponsored ADR (Brazil),$3.51,-0.01,-0.284%,19003,360418888.00,Brazil,,Farming/Seeds/Milling,Consumer Staples
LNG,Cheniere Energy Inc. Common Stock,$268.54,-7.74,-2.802%,1888189,55462682789.00,United States,2001,Oil/Gas Transmission,Utilities
LNKS,Linkers Industries Limited Class A Ordinary Shares,$0.9706,-0.0288,-2.882%,6191,1559379.00,Malaysia,2024,Electrical Products,Technology
LNN,Lindsay Corporation Common Stock,$114.25,1.49,1.321%,135301,1161795111.00,United States,,Industrial Machinery/Components,Industrials
LNSR,LENSAR Inc. Common Stock,$6.92,-0.155,-2.191%,22802,85018186.00,United States,,Medical/Dental Instruments,Health Care
LNT,Alliant Energy Corporation Common Stock,$63.60,0.29,0.458%,2705068,16490506856.00,United States,,Power Generation,Utilities
LNTH,Lantheus Holdings Inc. Common Stock,$99.74,0.02,0.02%,952519,6510266084.00,United States,2015,Biotechnology: In Vitro & In Vivo Diagnostic Substances,Health Care
LNZA,LanzaTech Global Inc. Common Stock,$6.03,0.06,1.005%,32225,78927653.00,United States,2021,Major Chemicals,Industrials
LOAN,Manhattan Bridge Capital Inc,$3.90,-0.01,-0.256%,18878,44559485.00,United States,,Real Estate Investment Trusts,Real Estate
LOAR,Loar Holdings Inc. Common Stock,$65.04,-0.39,-0.596%,636603,6093498154.00,United States,2024,Military/Government/Technical,Industrials
LOB,Live Oak Bancshares Inc. Common Stock,$37.48,0.21,0.563%,205353,1734710078.00,United States,2022,Major Banks,Finance
LOB^A,Live Oak Bancshares Inc. Depositary Shares Each Representing a 1/40th Interest in a Share of 8.375% Fixed Rate Series A Non-Cumulative Perpetual Preferred Stock,$25.15,-0.05,-0.198%,8590,,United States,,,
LOBO,LOBO TECHNOLOGIES LTD. Class A Ordinary Shares,$0.5599,0.0076,1.376%,353092,7750101.00,China,2024,Motor Vehicles,Consumer Discretionary
LOCL,Local Bounti Corporation Common Stock,$1.09,0.03,2.83%,7357,25484330.00,United States,2021,Farming/Seeds/Milling,Consumer Staples
LOCO,El Pollo Loco Holdings Inc. Common Stock,$14.09,-0.12,-0.844%,164167,428800082.00,United States,2014,Restaurants,Consumer Discretionary
LODE,Comstock Inc. Common Stock,$2.56,0.00,0.00%,1048455,194542200.00,United States,,Major Chemicals,Industrials
LOGI,Logitech International S.A. Ordinary Shares,$101.09,1.53,1.537%,633484,14474908482.00,United States,1997,Computer peripheral equipment,Technology
LOMA,Loma Negra Compania Industrial Argentina Sociedad Anonima ADS,$9.35,0.02,0.214%,266982,1091113491.00,Argentina,2017,Building Materials,Industrials
LONA,LeonaBio Inc. Common Stock,$3.25,-1.74,-34.87%,349462,30620405.00,United States,2020,Biotechnology: Biological Products (No Diagnostic Substances),Health Care
LOOP,Loop Industries Inc. Common Stock,$0.461,-0.0139,-2.927%,74083,22303351.00,Canada,,Major Chemicals,Industrials
LOPE,Grand Canyon Education Inc. Common Stock,$147.28,-3.91,-2.586%,321636,3838858649.00,United States,2008,Other Consumer Services,Real Estate
LOT,Lotus Technology Inc. American Depositary Shares,$0.8999,0.0211,2.401%,33899,577816679.00,China,,Auto Manufacturing,Industrials
LOTWW,Lotus Technology Inc. Warrants,$0.05,0.002,4.167%,7100,32104494.00,China,,Auto Manufacturing,Industrials
LOVE,The Lovesac Company Common Stock,$15.19,0.49,3.333%,238495,219091947.00,United States,2018,Other Specialty Stores,Consumer Discretionary
LOVIU,Live Oak Acquisition Corp. VI Units,$10.01,-0.005,-0.05%,1445944,0.00,United States,2026,Blank Checks,Finance
LOW,Lowe's Companies Inc. Common Stock,$189.28,0.79,0.419%,3455502,106196304716.00,United States,,RETAIL: Building Materials,Consumer Discretionary
LPA,Logistic Properties of the Americas Ordinary Shares,$2.9081,0.0881,3.124%,22075,92182800.00,,2024,Real Estate,Finance
LPAA,Launch One Acquisition Corp. Class A Ordinary shares,$10.76,0.00,0.00%,10,0.00,United States,2024,,
LPBB,Launch Two Acquisition Corp. Class A Ordinary Shares,$10.83,0.00,0.00%,85179,0.00,United States,2024,,
LPBBU,Launch Two Acquisition Corp. Unit,$10.85,0.00,0.00%,3,0.00,United States,2024,Blank Checks,Finance
LPBBW,Launch Two Acquisition Corp. Warrant,$0.1701,-0.005,-2.856%,2163,0.00,United States,2024,Blank Checks,Finance
LPCN,Lipocine Inc. Common Stock,$2.10,0.01,0.478%,32769,17312931.00,United States,,Biotechnology: Pharmaceutical Preparations,Health Care
LPCV,Launchpad Cadenza Acquisition Corp I Class A Ordinary Share,$10.08,0.01,0.099%,266,0.00,United States,2026,,
LPG,Dorian LPG Ltd. Common Stock,$53.43,-0.62,-1.147%,556413,2285878646.00,United States,2014,Marine Transportation,Consumer Discretionary
LPL,LG Display Co Ltd AMERICAN DEPOSITORY SHARES,$2.98,0.08,2.759%,5078599,2980000000.00,South Korea,2004,Industrial Machinery/Components,Technology
LPLA,LPL Financial Holdings Inc. Common Stock,$314.36,11.60,3.831%,1125964,24753426284.00,United States,2010,Investment Bankers/Brokers/Service,Finance
LPTH,LightPath Technologies Inc. Class A Common Stock,$9.98,-0.08,-0.795%,1502422,698961795.00,United States,1996,Semiconductors,Technology
LPX,Louisiana-Pacific Corporation Common Stock,$66.70,0.42,0.634%,618076,4663891447.00,United States,,Forest Products,Basic Materials
LQDA,Liquidia Corporation Common Stock,$68.43,-2.52,-3.552%,967588,6125093411.00,United States,2018,Biotechnology: Pharmaceutical Preparations,Health Care
LQDT,Liquidity Services Inc. Common Stock,$43.61,0.215,0.495%,211451,1366371861.00,United States,2006,Business Services,Consumer Discretionary
LRCX,Lam Research Corporation Common Stock,$315.21,8.05,2.621%,8142028,394461473146.00,United States,1984,Industrial Machinery/Components,Technology
LRE,Lead Real Estate Co. Ltd American Depositary Shares,$1.10,-0.01,-0.901%,10149,15006090.00,Japan,2023,Homebuilding,Consumer Discretionary
LRHC,La Rosa Holdings Corp. Common Stock,$2.60,-0.03,-1.141%,20003,1481061.00,United States,2023,Real Estate,Finance
LRMR,Larimar Therapeutics Inc. Common Stock,$3.075,-0.245,-7.38%,3046649,319440031.00,United States,2014,Biotechnology: Pharmaceutical Preparations,Health Care
LRN,Stride Inc. Common Stock,$78.56,-1.48,-1.849%,490469,3264941423.00,United States,,Other Consumer Services,Real Estate
LSAK,Lesaka Technologies Inc. Common Stock,$4.18,0.03,0.723%,109845,358744713.00,South Africa,,Investment Bankers/Brokers/Service,Finance
LSBK,Lake Shore Bancorp Inc. Common Stock,$17.82,0.18,1.02%,21229,139954502.00,United States,2006,Savings Institutions,Finance
LSCC,Lattice Semiconductor Corporation Common Stock,$128.05,5.83,4.77%,1457068,18186976330.00,United States,,Semiconductors,Technology
LSE,Leishen Energy Holding Co. Ltd. Class A Ordinary Shares,$4.80,-0.49,-9.263%,13564,81720000.00,China,2024,Oil and Gas Field Machinery,Consumer Discretionary
LSF,Laird Superfood Inc. Common Stock,$3.45,-0.07,-1.989%,37274,38615450.00,,2020,Packaged Foods,Consumer Staples
LSPD,Lightspeed Commerce Inc. Subordinate Voting Shares,$9.87,0.20,2.068%,1246263,1315813789.00,Canada,,Computer Software: Prepackaged Software,Technology
LSTA,Lisata Therapeutics Inc. Common Stock,$1.58,0.08,5.333%,47902,17070424.00,United States,,Biotechnology: Pharmaceutical Preparations,Health Care
LSTR,Landstar System Inc. Common Stock,$163.77,-1.41,-0.854%,301633,5557850207.00,United States,1993,Trucking Freight/Courier Services,Industrials
LTBR,Lightbridge Corporation Common Stock,$6.85,0.12,1.783%,662071,256587923.00,United States,,Major Chemicals,Basic Materials
LTC,LTC Properties Inc. Common Stock,$42.94,-0.42,-0.969%,550804,2314704875.00,United States,,Real Estate Investment Trusts,Real Estate
LTGO,Latigo Biotherapeutics Inc. Common Stock,$17.15,-0.61,-3.435%,275704,1137033801.00,United States,2026,Biotechnology: Pharmaceutical Preparations,Health Care
LTGR,Long Table Growth Corp. Class A Ordinary Shares,$9.99,0.00,0.00%,2043,0.00,United States,2026,Blank Checks,Finance
LTGRU,Long Table Growth Corp. Units,$10.18,-0.01,-0.098%,364,0.00,United States,2026,Blank Checks,Finance
LTH,Life Time Group Holdings Inc. Common Stock,$39.97,0.11,0.276%,1986130,8931774062.00,United States,2021,Hotels/Resorts,Consumer Discretionary
LTM,LATAM Airlines Group S.A. American Depositary Shares (each representing two thousand (2000) shares of Common Stock),$52.45,0.79,1.529%,572988,15058814180.00,Chile,2024,Air Freight/Delivery Services,Consumer Discretionary
LTRN,Lantern Pharma Inc. Common Stock,$1.22,0.01,0.826%,220436,15596658.00,United States,2020,Biotechnology: Pharmaceutical Preparations,Health Care
LTRX,Lantronix Inc. Common Stock,$7.015,0.415,6.288%,1279703,328858991.00,United States,2000,Computer Communications Equipment,Telecommunications
LTRYW,Sports Entertainment Gaming Global Corporation Warrants,$0.0029,0.0002,7.407%,143911,9453.00,United States,2023,Computer Software: Prepackaged Software,Technology
LU,Lufax Holding Ltd American Depositary Shares each representing two (2) Ordinary Shares,$1.23,-0.12,-8.889%,1212701,1066027337.00,China,,Finance: Consumer Services,Finance
LUCD,Lucid Diagnostics Inc. Common Stock,$0.826,-0.012,-1.432%,1188957,167879519.00,United States,2021,Medical/Dental Instruments,Health Care
LUCK,Lucky Strike Entertainment Corporation Class A Common Stock,$5.21,0.02,0.385%,61187,710268984.00,United States,2021,Services-Misc. Amusement & Recreation,Consumer Discretionary
LUCY,Innovative Eyewear Inc. Common Stock,$0.9499,0.0196,2.107%,86969,8275779.00,United States,2022,Ophthalmic Goods,Health Care
LUD,Luda Technology Group Limited Ordinary Shares,$4.00,0.00,0.00%,7720,90760000.00,Hong Kong,2025,Steel/Iron Ore,Industrials
LULU,lululemon athletica inc. Common Stock,$101.30,-0.34,-0.335%,5202017,10696678683.00,Canada,2007,Apparel,Consumer Discretionary
LUMN,Lumen Technologies Inc. Common Stock,$5.71,-0.15,-2.56%,9572919,5889553257.00,United States,,Telecommunications Equipment,Telecommunications
LUNG,Pulmonx Corporation Common Stock,$1.91,0.01,0.526%,304365,82031194.00,United States,2020,Medical/Dental Instruments,Health Care
LUNR,Intuitive Machines Inc. Class A Common Stock,$15.61,-0.09,-0.573%,6593973,3573504701.00,United States,2021,Industrial Machinery/Components,Industrials
LUV,Southwest Airlines Company Common Stock,$42.68,1.13,2.72%,6981509,20879406019.00,United States,,Air Freight/Delivery Services,Consumer Discretionary
LUXE,LuxExperience B.V. American Depositary Shares each representing one Ordinary Share,$9.38,0.20,2.179%,164228,1310384415.00,,2021,Catalog/Specialty Distribution,Consumer Discretionary
LVLU,Lulu's Fashion Lounge Holdings Inc. Common Stock,$11.54,0.94,8.868%,10956,33137987.00,United States,2021,Catalog/Specialty Distribution,Consumer Discretionary
LVO,LiveOne Inc. Common Stock,$2.34,-0.01,-0.426%,57645,32085586.00,United States,,Restaurants,Consumer Discretionary
LVS,Las Vegas Sands Corp. Common Stock,$38.99,0.34,0.88%,3886700,25253869164.00,United States,2004,Hotels/Resorts,Consumer Discretionary
LVWR,LiveWire Group Inc. Common Stock,$1.50,0.09,6.383%,186971,308118686.00,United States,2022,Motor Vehicles,Consumer Discretionary
LW,Lamb Weston Holdings Inc. Common Stock ,$43.58,-0.79,-1.78%,1733642,5991422459.00,United States,2016,Packaged Foods,Consumer Staples
LWAC,LightWave Acquisition Corp. Class A Ordinary Shares,$10.3821,0.00,0.00%,8,0.00,United States,2025,Blank Checks,Finance
LWACU,LightWave Acquisition Corp. Units,$10.36,0.00,0.00%,198,0.00,United States,2025,Blank Checks,Finance
LWACW,LightWave Acquisition Corp. Warrants,$0.1349,-0.005,-3.574%,508,0.00,United States,2025,Blank Checks,Finance
LWAY,Lifeway Foods Inc. Common Stock,$21.74,-0.17,-0.776%,90019,328420680.00,United States,,Packaged Foods,Consumer Staples
LWLG,Lightwave Logic Inc. Common Stock,$5.31,0.03,0.568%,2683649,818628124.00,United States,,Containers/Packaging,Industrials
LX,LexinFintech Holdings Ltd. American Depositary Shares,$0.7425,-0.0058,-0.775%,886307,122355293.00,China,2017,Finance: Consumer Services,Finance
LXEH,Lixiang Education Holding Co. Ltd. American Depositary Shares,$1.68,-0.11,-6.145%,117449,3220001.00,China,2020,Other Consumer Services,Real Estate
LXEO,Lexeo Therapeutics Inc. Common Stock,$3.31,-0.08,-2.36%,1007058,271573104.00,United States,2023,Biotechnology: Biological Products (No Diagnostic Substances),Health Care
LXFR,Luxfer Holdings PLC Ordinary Shares,$17.25,0.00,0.00%,270430,461596907.00,United Kingdom,2012,Major Chemicals,Basic Materials
LXP,LXP Industrial Trust Common Stock (Maryland REIT),$60.88,-0.05,-0.082%,1113644,3589318232.00,United States,,Real Estate Investment Trusts,Real Estate
LXP^C,LXP Industrial Trust 6.5% Series C Cumulative Convertible Preferred Stock,$49.335,0.085,0.173%,3383,,United States,,,
LXRX,Lexicon Pharmaceuticals Inc. Common Stock,$1.795,-0.065,-3.495%,3050475,798695902.00,United States,,Biotechnology: Pharmaceutical Preparations,Health Care
LXU,LSB Industries Inc. Common Stock,$9.89,-0.20,-1.982%,1050879,712055315.00,United States,2003,Major Chemicals,Basic Materials
LYB,LyondellBasell Industries NV Ordinary Shares Class A (Netherlands),$58.14,-2.04,-3.39%,3316079,18781426529.00,Netherlands,,Major Chemicals,Industrials
LYEL,Lyell Immunopharma Inc. Common Stock,$9.85,-0.27,-2.668%,108908,241375639.00,United States,2021,Biotechnology: Pharmaceutical Preparations,Health Care
LYFT,Lyft Inc. Class A Common Stock,$14.865,0.115,0.78%,5133043,5627000801.00,United States,2019,Business Services,Consumer Discretionary
LYG,Lloyds Banking Group Plc American Depositary Shares,$5.77,0.12,2.124%,18917229,85517250284.00,United Kingdom,,Commercial Banks,Finance
LYNX,Lyntris Inc. Common Stock,$12.86,-0.10,-0.772%,265291,1491109078.00,,2026,Industrial Machinery/Components,Industrials
LYTS,LSI Industries Inc. Common Stock,$21.09,0.15,0.716%,363271,785841576.00,United States,1985,Building Products,Consumer Discretionary
LYV,Live Nation Entertainment Inc. Common Stock,$170.87,-0.19,-0.111%,1153247,40262757658.00,United States,,Services-Misc. Amusement & Recreation,Consumer Discretionary
LZ,LegalZoom.com Inc. Common Stock,$5.62,-0.03,-0.531%,2634285,962508243.00,United States,2021,EDP Services,Technology
LZB,La-Z-Boy Incorporated Common Stock,$29.88,-0.03,-0.10%,645672,1196776797.00,United States,,Home Furnishings,Consumer Discretionary
LZM,Lifezone Metals Limited Ordinary Shares,$3.99,0.10,2.571%,383636,358759082.00,Isle of Man,,Metal Mining,Basic Materials
LZMH,LZ Technology Holdings Limited Class B Ordinary Shares,$1.15,0.00,0.00%,154458,10325275.00,China,2025,EDP Services,Technology
M,Macy's Inc Common Stock,$22.64,0.33,1.479%,4777122,5913039265.00,United States,,Department/Specialty Retail Stores,Consumer Discretionary
MA,Mastercard Incorporated Common Stock,$567.65,1.57,0.277%,2373106,497267042441.00,United States,2006,Business Services,Consumer Discretionary
MAA,Mid-America Apartment Communities Inc. Common Stock,$118.35,1.09,0.93%,1193580,13731198611.00,United States,1994,Real Estate Investment Trusts,Real Estate
MAA^I,Mid-America Apartment Communities Inc. 8.50% Series I Cumulative Redeemable Preferred Stock,$50.15,0.055,0.11%,166,,United States,,,
MAAS,Maase Inc. Class A Ordinary Shares,$15.37,1.34,9.551%,183110,6796238634.00,China,2019,Investment Managers,Finance
MAC,Macerich Company (The) Common Stock,$22.64,0.00,0.00%,2640204,6419784250.00,United States,1994,Real Estate Investment Trusts,Real Estate
MACI,Melar Acquisition Corp. I Class A Ordinary Shares,$11.05,0.00,0.00%,1027,0.00,United States,2024,,
MAGN,Magnera Corporation Common Stock,$12.13,0.28,2.363%,384650,434254000.00,United States,2000,Paper,Basic Materials
MAIA,MAIA Biotechnology Inc. Common Stock,$1.20,-0.05,-4.00%,920701,73001047.00,,2022,Biotechnology: Pharmaceutical Preparations,Health Care
MAIN,Main Street Capital Corporation Common Stock,$55.10,0.34,0.621%,576776,5152316201.00,United States,2007,Finance/Investors Services,Finance
MAIR,Madison Air Solutions Corporation Class A Common Stock,$25.16,0.79,3.242%,2120442,12623340918.00,,2026,Pollution Control Equipment,Industrials
MAKO,Mako Mining Corp Common Stock,$9.98,-0.06,-0.598%,72309,874306972.00,Canada,,Precious Metals,Basic Materials
MAMA,Mama's Creations Inc. Common Stock,$13.35,-0.02,-0.15%,1023872,629418711.00,United States,,Specialty Foods,Consumer Staples
MAMO,Massimo Group Common Stock,$0.9376,-0.0024,-0.255%,17333,39042555.00,United States,2024,Industrial Specialties,Consumer Discretionary
MAN,ManpowerGroup Common Stock,$57.41,0.39,0.684%,607369,2669884774.00,United States,,Professional Services,Consumer Discretionary
MANE,Veradermics Incorporated Common Stock,$116.57,0.85,0.735%,613681,4870310454.00,,2026,Biotechnology: Pharmaceutical Preparations,Health Care
MANH,Manhattan Associates Inc. Common Stock,$206.03,-3.60,-1.717%,420478,12012573381.00,United States,1998,Computer Software: Prepackaged Software,Technology
MANU,Manchester United Ltd. Class A Ordinary Shares,$20.40,-0.54,-2.579%,585307,3518824417.00,United Kingdom,2012,Services-Misc. Amusement & Recreation,Consumer Discretionary
MAR,Marriott International Class A Common Stock,$352.03,0.52,0.148%,1353139,91797556365.00,United States,,Hotels/Resorts,Consumer Discretionary
MARA,MARA Holdings Inc. Common Stock,$12.55,-0.37,-2.864%,36795585,4848056177.00,United States,,Finance: Consumer Services,Finance
MARPS,Marine Petroleum Trust Units of Beneficial Interest,$4.26,-0.11,-2.517%,4769,8520000.00,United States,,Oil & Gas Production,Energy
MAS,Masco Corporation Common Stock,$68.85,1.54,2.288%,1820973,13576354556.00,United States,,Industrial Specialties,Industrials
MASK,3 E Network Technology Group Ltd Class A Ordinary Shares,$0.873,-0.0012,-0.137%,174396,3159461.00,China,2025,EDP Services,Technology
MASS,908 Devices Inc. Common Stock,$11.44,-0.08,-0.694%,303925,472857585.00,United States,2020,Industrial Machinery/Components,Industrials
MAT,Mattel Inc. Common Stock,$13.29,0.15,1.142%,4319444,3796953000.00,United States,,Recreational Games/Products/Toys,Consumer Discretionary
MATH,Metalpha Technology Holding Limited Ordinary Shares,$0.9808,-0.0192,-1.92%,37909,46625257.00,China,2017,Finance: Consumer Services,Finance
MATV,Mativ Holdings Inc. Common Stock,$11.92,-0.25,-2.054%,370869,657865968.00,United States,,Paper,Basic Materials
MATW,Matthews International Corporation Class A Common Stock,$18.95,-0.27,-1.405%,1154946,591489628.00,United States,1994,Metal Fabrications,Telecommunications
MATX,Matson Inc. Common Stock,$224.66,-0.16,-0.071%,265985,6718110874.00,United States,,Marine Transportation,Consumer Discretionary
MAX,MediaAlpha Inc. Class A Common Stock,$9.27,-0.18,-1.905%,676775,567917076.00,United States,2020,Business Services,Consumer Discretionary
MAYS,J. W. Mays Inc. Common Stock,$40.00,-0.65,-1.599%,1514,80631200.00,United States,,Building operators,Real Estate
MAZE,Maze Therapeutics Inc. Common Stock,$26.05,-0.16,-0.61%,925698,1447055826.00,United States,2025,Biotechnology: Biological Products (No Diagnostic Substances),Health Care
MB,MasterBeef Group Ordinary Shares,$4.00,-0.01,-0.249%,4525,68620000.00,Hong Kong,2025,Restaurants,Consumer Discretionary
MBAI,MBody AI Ltd. Ordinary Share,$4.59,0.08,1.774%,39988,70197551.00,Israel,2015,Medical Electronics,Health Care
MBBC,Marathon Bancorp Inc. Common Stock,$15.28,0.0001,0.001%,4212,45991318.00,United States,,Banks,Finance
MBC,MasterBrand Inc. Common Stock,$7.23,0.12,1.688%,2001236,1471236243.00,United States,2022,Home Furnishings,Consumer Discretionary
MBGL,Mobility Global Inc. Common Stock,$17.87,-0.47,-2.563%,5493615,5268456988.00,United States,2026,Business Services,Consumer Discretionary
MBI,MBIA Inc. Common Stock,$4.39,-0.04,-0.903%,323096,223962189.00,United States,1987,Property-Casualty Insurers,Finance
MBIN,Merchants Bancorp Common Stock,$52.10,-0.13,-0.249%,148603,2393373708.00,United States,2017,Major Banks,Finance
MBINL,Merchants Bancorp Depositary Shares Each Representing a 1/40thInterest in a Share of 7.25% Fixed Rate Series E Non-CumulativePerpetual Preferred Stock without par value,$23.65,-0.25,-1.046%,12784,1086435474.00,United States,,Major Banks,Finance
MBINM,Merchants Bancorp Depositary Shares Each Representing a 1/40th Interest in a Share of 8.25% Fixed-Rate Reset Series D Non-Cumulative Perpetual Preferred Stock,$25.30,-0.03,-0.118%,16811,1162233298.00,United States,,Major Banks,Finance
MBINN,Merchants Bancorp Depositary Shares Preferred Series C,$19.10,-0.38,-1.951%,6794,877417233.00,United States,,Major Banks,Finance
MBIO,Mustang Bio Inc. Common Stock,$0.5204,-0.0058,-1.102%,5099,3943334.00,United States,,Biotechnology: Pharmaceutical Preparations,Health Care
MBLY,Mobileye Global Inc. Class A Common Stock,$8.03,0.34,4.421%,6580188,6827006412.00,Israel,2022,Computer Software: Prepackaged Software,Technology
MBNKO,Medallion Bank Fixed-Rate Reset Non-Cumulative Perpetual Preferred Stock Series G par value $1.00 per share,$24.62,-0.06,-0.243%,112737,24620000.00,United States,,Commercial Banks,Finance
MBOT,Microbot Medical Inc. Common Stock,$1.275,-0.035,-2.672%,485348,85635121.00,Israel,,Medical/Dental Instruments,Health Care
MBRX,Moleculin Biotech Inc. Common Stock,$0.6016,0.0347,6.121%,2615081,12264085.00,United States,2016,Biotechnology: Pharmaceutical Preparations,Health Care
MBUU,Malibu Boats Inc. Class A Common Stock,$24.09,0.67,2.861%,319554,474025579.00,United States,2014,Marine Transportation,Industrials
MBVI,M3-Brigade Acquisition VI Corp. Class A Ordinary Shares,$10.24,0.00,0.00%,30,0.00,United States,2025,,
MBWM,Mercantile Bank Corporation Common Stock,$60.03,0.51,0.857%,91664,1037674318.00,United States,1998,Major Banks,Finance
MBX,MBX Biosciences Inc. Common Stock,$53.63,-1.76,-3.177%,563601,2582825948.00,United States,2024,Biotechnology: Pharmaceutical Preparations,Health Care
MC,Moelis & Company Class A Common Stock,$58.74,1.12,1.944%,520129,4597525054.00,United States,2014,Investment Managers,Finance
MCAH,Mountain Crest Acquisition 6 Corp. Ordinary Shares,$10.03,0.00,0.00%,880,0.00,United States,2026,Blank Checks,Finance
MCB,Metropolitan Bank Holding Corp. Common Stock,$89.60,0.98,1.106%,119512,1110840909.00,United States,2017,Major Banks,Finance
MCBS,MetroCity Bankshares Inc. Common Stock,$34.98,0.18,0.517%,97203,1006767390.00,United States,2019,Major Banks,Finance
MCD,McDonald's Corporation Common Stock,$236.50,-0.52,-0.219%,6539868,167357222082.00,United States,,Restaurants,Consumer Discretionary
MCFT,MasterCraft Boat Holdings Inc. Common Stock,$20.59,0.22,1.08%,229118,501147649.00,United States,2015,Marine Transportation,Industrials
MCGA,Yorkville Acquisition Corp. Class A Ordinary Share,$10.355,-0.005,-0.048%,1149,0.00,United States,2025,Electric Utilities: Central,Utilities
MCGAU,Yorkville Acquisition Corp. Unit,$10.335,0.00,0.00%,10,0.00,United States,2025,Blank Checks,Finance
MCHB,Mechanics Bancorp Class A Common Stock,$15.17,0.09,0.597%,417584,3342133965.00,United States,2012,Major Banks,Finance
MCHP,Microchip Technology Incorporated Common Stock,$78.69,4.00,5.355%,9748076,42729353895.00,United States,1993,Semiconductors,Technology
MCHPP,Microchip Technology Incorporated Depositary Shares Each Representing a 1/20th Interest in a Share of 7.50% Series A Mandatory Convertible Preferred Stock,$67.12,3.04,4.744%,16027,36446743340.00,United States,,Semiconductors,Technology
MCHX,Marchex Inc. Class B Common Stock,$1.31,0.00,0.00%,15631,58082636.00,United States,2004,Computer Software: Prepackaged Software,Technology
MCI,Barings Corporate Investors Common Stock,$18.3849,-0.1651,-0.89%,20848,372509678.00,United States,,Trusts Except Educational Religious and Charitable,Finance
MCK,McKesson Corporation Common Stock,$866.64,-2.72,-0.313%,452044,101041872190.00,United States,,Other Pharmaceuticals,Health Care
MCN,XAI Madison Equity Premium Income Fund Common Shares,$5.27,-0.05,-0.94%,46775,0.00,United States,2004,,
MCO,Moody's Corporation Common Stock,$468.70,1.35,0.289%,651113,81178840000.00,United States,,Finance: Consumer Services,Finance
MCRB,Seres Therapeutics Inc. Common Stock,$3.52,-0.10,-2.762%,55685,35357629.00,United States,2015,Biotechnology: Pharmaceutical Preparations,Health Care
MCRI,Monarch Casino & Resort Inc. Common Stock,$117.74,-0.31,-0.263%,180192,2110197623.00,United States,1993,Hotels/Resorts,Consumer Discretionary
MCRP,Micropolis AI Robotics Ordinary Shares,$0.7789,0.0046,0.594%,107513,27174611.00,,2025,Auto Parts:O.E.M.,Consumer Discretionary
MCS,Marcus Corporation (The) Common Stock,$28.09,-0.17,-0.602%,215531,866075346.00,United States,,Movies/Entertainment,Consumer Discretionary
MCY,Mercury General Corporation Common Stock,$99.41,1.12,1.139%,264521,5506183410.00,United States,,Property-Casualty Insurers,Finance
MD,Pediatrix Medical Group Inc. Common Stock,$26.31,0.65,2.533%,386044,2137773560.00,United States,,Hospital/Nursing Management,Health Care
MDA,MDA Space Ltd. Common Shares,$31.49,0.01,0.032%,1491831,5105498798.00,,2026,Electronic Components,Consumer Discretionary
MDAI,Spectral AI Inc. Class A Common Stock,$1.59,-0.03,-1.852%,82674,51174036.00,United States,2021,Medical/Dental Instruments,Health Care
MDAIW,Spectral AI Inc. Warrants,$0.4797,-0.0003,-0.063%,957,15439110.00,United States,2021,Medical/Dental Instruments,Health Care
MDB,MongoDB Inc. Class A Common Stock,$410.44,-10.96,-2.601%,1381221,33063544600.00,United States,2017,Computer Software: Prepackaged Software,Technology
MDBH,MDB Capital Holdings LLC Class A common,$2.46,-0.12,-4.651%,4145,13379035.00,United States,2023,Finance: Consumer Services,Finance
MDCX,Medicus Pharma Ltd. Common Stock  ,$0.1524,-0.0064,-4.03%,2100732,9169610.00,Canada,,Biotechnology: Pharmaceutical Preparations,Health Care
MDCXW,Medicus Pharma Ltd. Warrant,$0.31,0.00,0.00%,8,18652094.00,Canada,,Biotechnology: Pharmaceutical Preparations,Health Care
MDGL,Madrigal Pharmaceuticals Inc. Common Stock,$516.56,3.35,0.653%,153396,11934667327.00,United States,2007,Biotechnology: Pharmaceutical Preparations,Health Care
MDIA,Mediaco Holding Inc. Class A Common Stock ,$1.09,-0.0892,-7.564%,3940,91581645.00,United States,,Broadcasting,Consumer Discretionary
MDLN,Medline Inc. Class A Common Stock,$34.70,0.04,0.115%,7798026,45620349972.00,United States,2025,Medical/Dental Instruments,Health Care
MDLZ,Mondelez International Inc. Class A Common Stock,$60.25,-0.61,-1.002%,5578888,76897560434.00,United States,,Packaged Foods,Consumer Staples
MDRR,Medalist Diversified Inc. Common Stock,$11.86,0.00,0.00%,401,19314010.00,United States,2018,Real Estate Investment Trusts,Real Estate
MDT,Medtronic plc. Ordinary Shares,$88.64,0.13,0.147%,13053985,113382782570.00,United States,,Biotechnology: Electromedical & Electrotherapeutic Apparatus,Health Care
MDU,MDU Resources Group Inc. Common Stock (Holding Company),$18.76,0.12,0.644%,1827530,3946155795.00,United States,,Mining & Quarrying of Nonmetallic Minerals (No Fuels),Industrials
MDWD,MediWound Ltd. Ordinary Shares,$13.84,0.01,0.072%,72576,178678248.00,Israel,2014, Medicinal Chemicals and Botanical Products ,Health Care
MDXG,MiMedx Group Inc Common Stock,$4.67,-0.04,-0.849%,1460109,680701386.00,United States,,Medical/Dental Instruments,Health Care
MDXH,MDxHealth SA Ordinary Shares,$0.5652,-0.0168,-2.887%,236261,53929904.00,Belgium,2021,Medical Specialities,Health Care
MEC,Mayville Engineering Company Inc. Common Stock,$17.16,0.39,2.326%,583678,437585680.00,United States,2019,Industrial Specialties,Industrials
MED,MEDIFAST INC Common Stock,$12.17,0.25,2.097%,200413,136069156.00,United States,,Packaged Foods,Consumer Staples
MEDP,Medpace Holdings Inc. Common Stock,$618.88,-1.71,-0.276%,229173,17273965046.00,United States,2016,Biotechnology: Commercial Physical & Biological Resarch,Health Care
MEDS,DataMeds AI Inc. Common Stock,$3.11,-0.39,-11.143%,418421,8812291.00,United States,2025,Other Pharmaceuticals,Health Care
MEGI,NYLIM CBRE Global Infrastructure Megatrends Term Fund Common Shares,$13.60,-0.03,-0.22%,170346,0.00,United States,2021,Investment Managers,Finance
MEGL,Magic Empire Global Limited Class A Ordinary Shares,$1.12,0.00,0.00%,370,72871736.00,Hong Kong,2022,Finance: Consumer Services,Finance
MEI,Methode Electronics Inc. Common Stock,$14.51,-0.05,-0.343%,441193,517209719.00,United States,,Electrical Products,Technology
MELI,MercadoLibre Inc. Common Stock,$1752.61,-1.52,-0.087%,535627,88851722153.00,Argentina,2007,Business Services,Consumer Discretionary
MENS,Jyong Biotech Ltd. Ordinary Shares,$2.03,-0.12,-5.581%,38112,154336164.00,Taiwan,2025,Biotechnology: Pharmaceutical Preparations,Health Care
MEOH,Methanex Corporation Common Stock,$58.855,-0.915,-1.531%,723118,4553273699.00,Canada,,Major Chemicals,Industrials
MER^K,Bank of America Corporation Income Capital Obligation Notes initially due December 15 2066,$23.58,-0.16,-0.674%,71017,,United States,,,
MERC,Mercer International Inc. Common Stock,$0.3201,-0.0019,-0.59%,255978,21452472.00,Canada,,Paper,Basic Materials
MESH,Meshflow Acquisition Corp. Class A Ordinary Shares,$10.075,-0.005,-0.05%,53455,0.00,United States,2026,,
MESHU,Meshflow Acquisition Corp. Units,$10.245,0.00,0.00%,2,0.00,United States,2025,,
MESHW,Meshflow Acquisition Corp. Warrants,$0.24,0.04,20.00%,1018,0.00,United States,2026,,
MESO,Mesoblast Limited American Depositary Shares,$15.12,-0.36,-2.326%,126093,1966882342.00,Australia,2015,Biotechnology: Biological Products (No Diagnostic Substances),Health Care
MET,MetLife Inc. Common Stock,$97.70,0.45,0.463%,3625282,62086095768.00,United States,2000,Life Insurance,Finance
MET^A,MetLife Inc. Preferred Series A Floating Rate,$21.42,0.00,0.00%,55525,,United States,,,
MET^E,MetLife Inc. Depositary Shares ,$20.21,0.00,0.00%,76023,,United States,,,
MET^F,MetLife Inc. Depositary Shares each representing a 1/1000th interest in a share of 4.75% Non-Cumulative Preferred Stock Series F,$17.01,-0.02,-0.117%,280172,,United States,,,
META,Meta Platforms Inc. Class A Common Stock,$751.66,-25.93,-3.335%,25827545,1914858529084.00,United States,2012,Computer Software: Programming Data Processing,Technology
METC,Ramaco Resources Inc. Class A Common Stock,$9.02,-0.12,-1.313%,1604513,574423131.00,United States,2017,Coal Mining,Energy
METCB,Ramaco Resources Inc. Class B Common Stock,$4.50,-0.21,-4.459%,72111,286574733.00,United States,,Coal Mining,Energy
METCI,Ramaco Resources Inc. 8.250% Senior Notes due 2030,$25.3501,-0.0999,-0.393%,1002,0.00,United States,,Coal Mining,Energy
METCZ,Ramaco Resources Inc. 8.375% Senior Notes due 2029,$25.4001,-0.0749,-0.294%,2940,0.00,United States,,Coal Mining,Energy
MEVO,M Evo Global Acquisition Corp II Class A Ordinary Shares,$10.00,-0.02,-0.20%,113503,0.00,United States,2026,Blank Checks,Finance
MEVOW,M Evo Global Acquisition Corp II Warrants,$0.30,-0.065,-17.808%,784,0.00,United States,2026,Blank Checks,Finance
MF,MindForge Inc. Class A Ordinary Shares,$13.4071,-0.4429,-3.198%,13761,24352656.00,China,2024,Computer Software: Programming Data Processing,Technology
MFA,MFA Financial Inc.,$8.17,0.01,0.123%,1453529,825888453.00,United States,,Real Estate Investment Trusts,Real Estate
MFA^B,MFA Financial Inc. Preferred Series B,$18.46,-0.28,-1.494%,21130,,United States,,,
MFA^C,MFA Financial Inc. 6.50% Series C Fixed-to-Floating Rate Cumulative Redeemable Preferred Stock,$22.3831,-0.0969,-0.431%,28602,,United States,,,
MFAN,MFA Financial Inc. 8.875% Senior Notes due 2029,$25.16,0.01,0.04%,26139,2583144542.00,United States,2024,Real Estate Investment Trusts,Real Estate
MFAO,MFA Financial Inc. 9.000% Senior Notes due 2029,$25.21,-0.039,-0.154%,12232,2588277977.00,United States,2024,Real Estate Investment Trusts,Real Estate
MFC,Manulife Financial Corporation Common Stock,$43.86,0.37,0.851%,1020315,73197537944.00,Canada,,Life Insurance,Finance
MFG,Mizuho Financial Group Inc. Sponosred ADR (Japan),$11.07,0.51,4.83%,4252333,137813119678.00,Japan,,Major Banks,Finance
MFI,mF International Limited Class A Ordinary Shares,$9.60,0.00,0.00%,4529,481694256.00,Hong Kong,2024,EDP Services,Technology
MFIC,MidCap Financial Investment Corporation Common Stock,$8.88,0.005,0.056%,759663,731468937.00,United States,2004,Finance/Investors Services,Finance
MFICL,MidCap Financial Investment Corporation 8.00% Notes due 2028,$25.17,0.03,0.119%,7440,2348452166.00,United States,,Finance/Investors Services,Finance
MFIN,Medallion Financial Corp. Common Stock,$11.96,0.13,1.099%,64670,274604578.00,United States,,Finance: Consumer Services,Finance
MFM,Aberdeen Municipal Income Fund Common Shares of Beneficial Interest,$4.91,-0.07,-1.406%,831374,202231268.00,United States,1986,Finance Companies,Finance
MFP,Midera Food Processing Inc. Common Stock,$42.69,-0.29,-0.675%,326437,1930888124.00,United States,,Industrial Machinery/Components,Industrials
MG,Mistras Group Inc Common Stock,$21.52,0.14,0.655%,366231,685409697.00,United States,2009,Military/Government/Technical,Consumer Discretionary
MGA,Magna International Inc. Common Stock,$65.00,2.78,4.468%,1139514,17254532490.00,Canada,,Auto Parts:O.E.M.,Consumer Discretionary
MGEE,MGE Energy Inc,$70.06,1.57,2.292%,244969,2647147881.00,United States,,Electric Utilities: Central,Energy
MGF,Aberdeen Government Markets Income Fund Common Shares of Beneficial Interest,$2.705,-0.005,-0.185%,57231,88175948.00,United States,1987,Trusts Except Educational Religious and Charitable,Finance
MGIH,Millennium Group International Holdings Limited Ordinary Shares,$1.53,0.03,2.00%,12520,17212500.00,Hong Kong,2023,Publishing,Consumer Discretionary
MGLD,The Marygold Companies Inc. Common Stock,$1.93,0.9301,93.019%,15582987,82434643.00,,2022,Finance: Consumer Services,Finance
MGM,MGM Resorts International Common Stock,$32.58,-1.11,-3.295%,11255586,8416167999.00,United States,,Hotels/Resorts,Consumer Discretionary
MGN,Megan Holdings Limited Class A Ordinary Shares,$3.98,0.17,4.462%,244103,3681500.00,Malaysia,2025,Farming/Seeds/Milling,Consumer Staples
MGNI,Magnite Inc. Common Stock,$23.97,-0.10,-0.415%,1555970,3437877043.00,United States,,Computer Software: Programming Data Processing,Technology
MGNX,MacroGenics Inc. Common Stock,$3.74,-0.06,-1.579%,604625,238238699.00,United States,2013,Biotechnology: Pharmaceutical Preparations,Health Care
MGPI,MGP Ingredients Inc.,$12.82,0.08,0.628%,234321,274528454.00,United States,,Beverages (Production/Distribution),Consumer Staples
MGR,Affiliated Managers Group Inc. 5.875% Junior Subordinated Notes due 2059,$19.66,-0.06,-0.304%,15996,558581159.00,United States,2019,Investment Managers,Finance
MGRB,Affiliated Managers Group Inc. 4.750% Junior Subordinated Notes due 2060,$16.34,0.1134,0.699%,13984,464253109.00,United States,2020,Investment Managers,Finance
MGRC,McGrath RentCorp Common Stock,$113.23,1.27,1.134%,192966,2765717821.00,United States,1984,Diversified Commercial Services,Consumer Discretionary
MGRD,Affiliated Managers Group Inc. 4.200% Junior Subordinated Notes due 2061,$14.58,0.01,0.069%,22960,414247879.00,United States,2021,Investment Managers,Finance
MGRE,Affiliated Managers Group Inc. 6.750% Junior Subordinated Notes due 2064,$21.8251,-0.0637,-0.291%,14086,620096116.00,United States,2024,Investment Managers,Finance
MGRT,Mega Fortune Company Limited Ordinary Shares,$121.71,0.03,0.025%,2340,1673512500.00,Hong Kong,2025,EDP Services,Technology
MGRX,Mangoceuticals Inc. Common Stock,$0.466,0.0019,0.409%,83234,10050419.00,United States,2023,Misc Health and Biotechnology Services,Health Care
MGTX,MeiraGTx Holdings plc Ordinary Shares,$10.91,-0.14,-1.267%,1555642,1047829086.00,United States,2018,Biotechnology: Biological Products (No Diagnostic Substances),Health Care
MGX,Metagenomi Therapeutics Inc. Common Stock,$1.15,0.00,0.00%,70812,43443671.00,United States,2024,Biotechnology: Biological Products (No Diagnostic Substances),Health Care
MGY,Magnolia Oil & Gas Corporation Class A Common Stock,$24.11,-0.63,-2.546%,4089640,6461632423.00,United States,2017,Oil & Gas Production,Energy
MGYR,Magyar Bancorp Inc. Common Stock,$19.365,0.00,0.00%,506,125008492.00,United States,2006,Savings Institutions,Finance
MH,McGraw Hill Inc. Common Stock,$12.73,-0.96,-7.012%,621612,2435361202.00,,2025,Publishing,Consumer Discretionary
MHD,Blackrock MuniHoldings Fund Inc. Common Stock,$10.53,-0.03,-0.284%,836011,1566468820.00,United States,1997,Investment Bankers/Brokers/Service,Finance
MHF,Western Asset Municipal High Income Fund Inc. Common Stock,$6.14,0.03,0.491%,177572,0.00,United States,1988,Finance/Investors Services,Finance
MHH,Mastech Digital Inc Common Stock,$7.35,0.135,1.871%,7497,88292470.00,United States,,Professional Services,Consumer Discretionary
MHK,Mohawk Industries Inc. Common Stock,$125.16,5.69,4.763%,1059595,8478106228.00,United States,,Home Furnishings,Consumer Discretionary
MHLA,Maiden Holdings Ltd. 6.625% Notes due 2046,$8.95,-0.19,-2.079%,1480,69290390.00,Bermuda,2016,Property-Casualty Insurers,Finance
MHNC,Maiden Holdings North America Ltd. 7.75% Notes due 2043,$10.25,0.00,0.00%,8947,79354916.00,Bermuda,2013,Property-Casualty Insurers,Finance
MHO,M/I Homes Inc. Common Stock,$138.75,0.99,0.719%,157023,3508020551.00,United States,1993,Homebuilding,Consumer Discretionary
MI,NFT Limited Class A Ordinary Share,$2.27,-0.04,-1.732%,55062,1159355.00,,2023,Finance: Consumer Services,Finance
MIAC,Meridian3 Industrials Acquisition Corp Class A Ordinary Shares,$9.81,-0.01,-0.102%,3877,0.00,United States,2026,,
MIACU,Meridian3 Industrials Acquisition Corp Units,$9.98,0.00,0.00%,15,0.00,United States,2026,,
MIAX,Miami International Holdings Inc. Common Stock,$34.90,-0.74,-2.076%,1589683,3463158340.00,United States,2025,Investment Bankers/Brokers/Service,Finance
MICC,The Magnum Ice Cream Company N.V. Ordinary Shares,$18.98,-0.30,-1.556%,490162,11620689846.00,,2025,Specialty Foods,Consumer Staples
MIDD,Middleby Corporation (The) Common Stock,$107.66,-0.37,-0.342%,403399,4868638093.00,United States,,Industrial Machinery/Components,Industrials
MIMI,Mint Incorporation Limited Class A Ordinary Shares,$0.7712,-0.0188,-2.38%,17357510,12256389.00,Hong Kong,2025,Business Services,Consumer Discretionary
MIN,Aberdeen Intermediate Income Fund Common Shares of Beneficial Interest,$2.32,0.02,0.87%,351194,266562829.00,United States,1988,Trusts Except Educational Religious and Charitable,Finance
MIND,MIND Technology Inc. Common Stock (DE),$4.345,-0.185,-4.084%,74956,39491944.00,United States,1994,Industrial Machinery/Components,Industrials
MINE,Mayfair Gold Corp. Common Shares,$2.74,0.00,0.00%,130874,183959479.00,,2026,Oil & Gas Production,Energy
MIR,Mirion Technologies Inc. Class A Common Stock,$15.59,-0.11,-0.701%,1934014,3882496917.00,United States,2020,Industrial Machinery/Components,Industrials
MIRA,MIRA Pharmaceuticals Inc. Common Stock,$0.90,0.0605,7.207%,95122,37819878.00,United States,2023,Biotechnology: Pharmaceutical Preparations,Health Care
MIRM,Mirum Pharmaceuticals Inc. Common Stock,$89.70,0.34,0.38%,765851,5824418609.00,United States,2019,Biotechnology: Pharmaceutical Preparations,Health Care
MIST,Milestone Pharmaceuticals Inc. Common Shares,$0.7884,-0.0065,-0.818%,1265356,98154207.00,Canada,2019,Biotechnology: Pharmaceutical Preparations,Health Care
MITK,Mitek Systems Inc. Common Stock,$17.66,-0.42,-2.323%,445380,796861125.00,United States,,Computer peripheral equipment,Technology
MITN,TPG Mortgage Investment Trust Inc. 9.500% Senior Notes due 2029,$25.36,-0.07,-0.275%,2981,747942074.00,United States,2024,Real Estate Investment Trusts,Real Estate
MITP,TPG Mortgage Investment Trust Inc. 9.500% Senior Notes due 2029,$25.32,-0.099,-0.389%,7905,746762355.00,United States,2024,Real Estate Investment Trusts,Real Estate
MITQ,Moving iMage Technologies Inc. Common Stock,$0.6205,-0.0265,-4.096%,76711,6168435.00,United States,2021,Industrial Machinery/Components,Consumer Discretionary
MITT,TPG Mortgage Investment Trust Inc. Common Stock,$6.11,0.02,0.328%,408588,194319232.00,United States,2011,Real Estate Investment Trusts,Real Estate
MITT^A,TPG Mortgage Investment Trust Inc. 8.25% Series A Cumulative Redeemable Preferred Stock,$20.89,0.11,0.529%,10267,,United States,,,
MITT^B,TPG Mortgage Investment Trust Inc. 8.00% Series B Cumulative Redeemable Preferred Stock,$19.2901,0.0501,0.26%,6667,,United States,,,
MITT^C,TPG Mortgage Investment Trust Inc. 8.00% Series C Fixed-to-Floating Rate Cumulative Redeemable Preferred Stock $0.01 par value per share,$24.8173,-0.1527,-0.612%,15655,,United States,,,
MIY,Blackrock MuniYield Michigan Quality Fund Inc. Common Stock,$11.54,-0.21,-1.787%,129040,1716718915.00,United States,1992,Investment Bankers/Brokers/Service,Finance
MKC,McCormick & Company Incorporated Common Stock,$47.94,0.12,0.251%,2687495,12888743403.00,United States,,Packaged Foods,Consumer Staples
MKDW,MKDWELL Tech Inc. Ordinary Share,$1.51,-0.02,-1.307%,113301,51639647.00,Taiwan,,Consumer Electronics/Appliances,Technology
MKDWW,MKDWELL Tech Inc. Warrants,$0.0081,0.0013,19.118%,1826,277007.00,Taiwan,,Consumer Electronics/Appliances,Technology
MKL,Markel Group Inc. Common Stock,$1727.73,-7.50,-0.432%,79298,21406502135.00,United States,1986,Property-Casualty Insurers,Finance
MKLY,McKinley Acquisition Corporation Class A Ordinary Shares,$10.28,0.02,0.195%,1556,0.00,United States,2025,Blank Checks,Finance
MKLYR,McKinley Acquisition Corporation Rights,$0.2425,-0.0355,-12.77%,11108,0.00,United States,2025,Blank Checks,Finance
MKSI,MKS Inc. Common Stock,$260.82,2.84,1.101%,683395,17636011478.00,United States,1999,Industrial Machinery/Components,Industrials
MKTW,MarketWise Inc. Class A Common Stock,$20.34,1.19,6.214%,17404,320853025.00,United States,,Computer Software: Prepackaged Software,Technology
MKTX,MarketAxess Holdings Inc. Common Stock,$164.19,0.42,0.256%,1225804,5778320773.00,United States,2004,Investment Bankers/Brokers/Service,Finance
MKZR,MacKenzie Realty Capital Inc. Common Stock,$1.34,-0.038,-2.758%,5554,3718082.00,United States,,Real Estate Investment Trusts,Real Estate
MLAA,Mountain Lake Acquisition Corp. II Class A Ordinary Shares,$10.01,0.00,0.00%,408,0.00,United States,2026,Blank Checks,Finance
MLAB,Mesa Laboratories Inc. Common Stock,$134.04,-3.46,-2.516%,163220,750070281.00,United States,,Industrial Machinery/Components,Industrials
MLCI,Mount Logan Capital Inc. Common Stock,$3.49,0.12,3.561%,14472,39048800.00,United States,,Investment Managers,Finance
MLCIL,Mount Logan Capital Inc. 8.00% Notes Due 2031,$22.21,0.00,0.00%,80,0.00,United States,,Investment Managers,Finance
MLCO,Melco Resorts & Entertainment Limited American Depositary Shares,$4.73,0.06,1.285%,1354604,1861090405.00,Hong Kong,2006,Hotels/Resorts,Consumer Discretionary
MLEC,Moolec Science SA Ordinary Shares,$5.5999,-0.2501,-4.275%,18305,4066188.00,Luxembourg,,Blank Checks,Finance
MLECW,Moolec Science SA Warrant,$0.0151,-0.0022,-12.717%,471,10964.00,Luxembourg,,Blank Checks,Finance
MLGO,MicroAlgo Inc. Class A Ordinary Shares,$3.31,0.11,3.438%,137065,41167996.00,United States,2021,EDP Services,Technology
MLI,Mueller Industries Inc. Common Stock,$60.52,0.50,0.833%,1287604,13385897602.00,United States,,Metal Fabrications,Industrials
MLKN,MillerKnoll Inc. Common Stock,$20.06,0.15,0.753%,755460,1378785244.00,United States,,Office Equipment/Supplies/Services,Consumer Discretionary
MLM,Martin Marietta Materials Inc. Common Stock,$484.30,4.20,0.875%,1104421,29089885828.00,United States,1994,Mining & Quarrying of Nonmetallic Minerals (No Fuels),Industrials
MLP,Maui Land & Pineapple Company Inc. Common Stock,$16.09,0.03,0.187%,7257,319533804.00,United States,1998,Real Estate,Finance
MLR,Miller Industries Inc. Common Stock,$54.04,0.20,0.371%,91164,613472023.00,United States,,Construction/Ag Equipment/Trucks,Consumer Discretionary
MLSS,Milestone Scientific Inc. Common Stock,$0.4107,0.00,0.00%,17328,37227656.00,United States,2015,Industrial Specialties,Health Care
MLTX,MoonLake Immunotherapeutics Class A Ordinary Shares,$12.04,-0.08,-0.66%,2179729,1024684487.00,United States,2020,Biotechnology: Pharmaceutical Preparations,Health Care
MLYS,Mineralys Therapeutics Inc. Common Stock,$25.86,-0.73,-2.745%,1192751,2286202046.00,United States,2023,Biotechnology: Pharmaceutical Preparations,Health Care
MMA,Mixed Martial Arts Group Limited Ordinary Shares,$0.4196,0.003,0.72%,259636,11112494.00,,2024,Other Consumer Services,Consumer Discretionary
MMD,NYLIM MacKay DefinedTerm Muni Opportunities Fund Common Shares,$13.81,0.11,0.803%,170021,0.00,United States,2012,Investment Managers,Finance
MMED,MiniMed Group Inc. Common Stock,$19.98,-0.46,-2.25%,2554455,5621371621.00,United States,2026,Medical/Dental Instruments,Health Care
MMI,Marcus & Millichap Inc. Common Stock,$29.75,-0.55,-1.815%,156860,1126662339.00,United States,2013,Real Estate,Finance
MMLP,Martin Midstream Partners L.P. Limited Partnership,$2.16,-0.07,-3.139%,7049,84509322.00,United States,2002,Oil Refining/Marketing,Energy
MMM,3M Company Common Stock,$169.55,2.03,1.212%,2516246,87440735802.00,United States,,Medical/Dental Instruments,Health Care
MMS,Maximus Inc. Common Stock,$52.61,-0.01,-0.019%,504304,2754541911.00,United States,1997,Business Services,Consumer Discretionary
MMSI,Merit Medical Systems Inc. Common Stock,$87.50,0.20,0.229%,354092,5224661750.00,United States,,Medical/Dental Instruments,Health Care
MMT,Aberdeen Multi-Market Income Fund Common Shares of Beneficial Interest,$4.31,0.09,2.133%,377880,256653195.00,United States,1987,Trusts Except Educational Religious and Charitable,Finance
MMTX,Miluna Acquisition Corp Class A Ordinary Share,$10.20,0.01,0.098%,9171,0.00,Taiwan,2025,Blank Checks,Finance
MMTXU,Miluna Acquisition Corp Units,$10.10,0.00,0.00%,294,0.00,Taiwan,2025,Blank Checks,Finance
MMU,Western Asset Managed Municipals Fund Inc. Common Stock,$8.98,-0.03,-0.333%,284674,0.00,United States,1992,Investment Managers,Finance
MMYT,MakeMyTrip Limited Ordinary Shares,$46.75,-0.12,-0.256%,880980,4397242449.00,India,2010,Transportation Services,Consumer Discretionary
MNDO,MIND C.T.I. Ltd. Ordinary Shares,$1.00,-0.02,-1.961%,12154,20185166.00,Israel,,EDP Services,Technology
MNDR,Mobile-health Network Solutions Class A Ordinary Shares,$1.36,0.02,1.493%,128738,1624570.00,Singapore,2024,Computer Software: Prepackaged Software,Technology
MNDY,monday.com Ltd. Ordinary Shares,$83.66,-2.34,-2.721%,410229,3589594935.00,Israel,2021,Computer Software: Prepackaged Software,Technology
MNKD,MannKind Corporation Common Stock,$3.34,0.05,1.52%,8853629,1073958577.00,United States,2004,Biotechnology: Pharmaceutical Preparations,Health Care
MNOV,Medicinova Inc Common Stock,$2.58,-0.07,-2.642%,257331,126990815.00,United States,,Biotechnology: Pharmaceutical Preparations,Health Care
MNPR,Monopar Therapeutics Inc. Common Stock,$85.235,-3.605,-4.058%,105835,572111980.00,United States,2019,Biotechnology: Pharmaceutical Preparations,Health Care
MNR,Mach Natural Resources LP Common Units representing Limited Partner Interests,$10.40,-0.12,-1.141%,713001,1736260178.00,United States,2023,Oil & Gas Production,Energy
MNRO,Monro Inc. Common Stock,$13.74,-0.24,-1.717%,761231,429568184.00,United States,1991,Automotive Aftermarket,Consumer Discretionary
MNSB,MainStreet Bancshares Inc. Common Stock,$24.83,-0.03,-0.121%,37318,176816317.00,United States,,Major Banks,Finance
MNSBP,MainStreet Bancshares Inc. Depositary Shares,$24.765,0.035,0.142%,1539,176353447.00,United States,,Major Banks,Finance
MNSO,MINISO Group Holding Limited American Depositary Shares each representing four Ordinary Shares,$8.78,-0.15,-1.68%,613717,2716453366.00,China,2020,Department/Specialty Retail Stores,Consumer Discretionary
MNST,Monster Beverage Corporation,$43.11,0.44,1.031%,8977376,126682209019.00,United States,,Beverages (Production/Distribution),Consumer Staples
MNTK,Montauk Renewables Inc. Common Stock,$2.93,0.05,1.736%,1945799,417059537.00,United States,2021,Natural Gas Distribution,Utilities
MNTN,MNTN Inc. Class A Common Stock,$11.01,0.10,0.917%,370298,823582825.00,United States,2025,Advertising,Consumer Discretionary
MNTS,Momentus Inc. Class A Common Stock,$4.23,-0.055,-1.284%,516956,92905186.00,United States,2019,Military/Government/Technical,Industrials
MNY,MoneyHero Limited Class A Ordinary Shares,$0.6733,-0.0213,-3.067%,12181,29916886.00,Singapore,,Business Services,Consumer Discretionary
MNYWW,MoneyHero Limited Warrants,$0.0283,0.0002,0.712%,49863,1257460.00,Singapore,,Business Services,Consumer Discretionary
MO,Altria Group Inc.,$68.82,-0.06,-0.087%,5157852,114911776987.00,United States,, Medicinal Chemicals and Botanical Products ,Health Care
MOB,Mobilicom Limited Ordinary Shares,$4.80,-0.18,-3.614%,96173,60640181.00,Israel,2022,Aerospace,Industrials
MOBBW,Mobilicom Limited Warrants,$1.219,-0.081,-6.231%,30075,15400079.00,Israel,2022,Aerospace,Industrials
MOBI,Mobia Medical Inc. Common Stock,$9.06,0.25,2.838%,156576,301617330.00,United States,2026,Medical/Dental Instruments,Health Care
MOBX,Mobix Labs Inc. Class A Common Stock,$0.8499,-0.0201,-2.31%,436808,15257443.00,United States,2021,Semiconductors,Technology
MOBXW,Mobix Labs Inc Warrants,$0.08,0.00,0.00%,622,1436164.00,United States,2021,Semiconductors,Technology
MOD,Modine Manufacturing Company Common Stock,$198.07,1.12,0.569%,1321358,10520034074.00,United States,,Auto Parts:O.E.M.,Consumer Discretionary
MODD,Modular Medical Inc. Common Stock,$2.11,-0.06,-2.765%,43129,17198237.00,United States,,Medical/Dental Instruments,Health Care
MOGU,MOGU Inc. American Depositary Shares (each  representing 25 Class A Ordinary Shares),$1.87,0.00,0.00%,23,15302758.00,,2018,Business Services,Consumer Discretionary
MOH,Molina Healthcare Inc Common Stock,$190.86,-2.45,-1.267%,676442,9962892000.00,United States,2003,Medical Specialities,Health Care
MOLN,Molecular Partners AG American Depositary Shares,$4.30,0.00,0.00%,46,161298001.00,Switzerland,2021,Biotechnology: Biological Products (No Diagnostic Substances),Health Care
MOMO,Hello Group Inc. American Depositary Shares,$4.99,-0.02,-0.399%,2000113,737259531.00,China,2014,Computer Software: Prepackaged Software,Technology
MORN,Morningstar Inc. Common Stock,$195.98,-0.43,-0.219%,299781,7351909645.00,United States,2005,Investment Managers,Finance
MOS,Mosaic Company (The) Common Stock,$23.01,-0.68,-2.87%,9100896,7314778814.00,United States,,Agricultural Chemicals,Industrials
MOV,Movado Group Inc. Common Stock,$34.12,0.70,2.095%,195646,761293799.00,United States,,Consumer Specialties,Consumer Discretionary
MOVE,Corvex Inc. Common Stock,$11.77,-0.21,-1.753%,170591,371370277.00,United States,2021,EDP Services,Technology
MP,MP Materials Corp. Common Stock,$48.83,-0.47,-0.953%,3853066,8696700542.00,United States,2020,Metal Mining,Basic Materials
MPA,Blackrock MuniYield Pennsylvania Quality Fund Common Stock,$9.83,-0.06,-0.607%,59751,0.00,United States,1992,Finance Companies,Finance
MPAA,Motorcar Parts  of America Inc. Common Stock,$10.70,0.14,1.326%,89870,202585315.00,United States,,Auto Parts:O.E.M.,Consumer Discretionary
MPB,Mid Penn Bancorp Common Stock,$36.31,0.11,0.304%,102640,919921657.00,United States,,Major Banks,Finance
MPC,Marathon Petroleum Corporation Common Stock,$393.52,2.57,0.657%,1939354,110510160736.00,United States,,Integrated oil Companies,Energy
MPLT,MapLight Therapeutics Inc. Common Stock,$10.46,-0.30,-2.788%,317506,677531919.00,United States,2025,Biotechnology: Pharmaceutical Preparations,Health Care
MPLX,MPLX LP Common Units Representing Limited Partner Interests,$56.80,-1.18,-2.035%,2129948,57587148657.00,United States,2012,Natural Gas Distribution,Energy
MPT,Medical Properties Trust Inc. common stock,$3.57,-0.03,-0.833%,6799122,2132004000.00,United States,,Real Estate Investment Trusts,Real Estate
MPTI,M-tron Industries Inc. Common Stock,$74.05,-0.60,-0.804%,67283,321856548.00,United States,2022,Industrial Machinery/Components,Technology
MPU,Mega Matrix Inc. Class A Ordinary Shares,$2.7805,-0.0995,-3.455%,3559,9512902.00,United States,1998,Movies/Entertainment,Consumer Discretionary
MPV,Barings Participation Investors Common Stock,$16.37,-0.05,-0.305%,9863,173549829.00,United States,1988,Finance Companies,Finance
MPWR,Monolithic Power Systems Inc. Common Stock,$1367.43,31.88,2.387%,536880,67199612490.00,United States,2004,Semiconductors,Technology
MQ,Marqeta Inc. Class A Common Stock,$16.96,0.52,3.163%,984687,1765516225.00,United States,2021,Computer Software: Prepackaged Software,Technology
MQY,Blackrock MuniYield Quality Fund Inc. Common Stock,$10.16,0.01,0.099%,858319,1511426705.00,United States,1992,Investment Bankers/Brokers/Service,Finance
MRAM,Everspin Technologies Inc. Common Stock,$18.47,0.59,3.30%,991285,449744666.00,United States,2016,Semiconductors,Technology
MRBK,Meridian Corporation Common Stock,$19.27,0.13,0.679%,43524,229872755.00,United States,2017,Major Banks,Finance
MRCO,Mercator Acquisition Corp. Class A Ordinary Shares,$9.86,0.01,0.102%,924,0.00,United States,2026,Blank Checks,Finance
MRCOW,Mercator Acquisition Corp. Warrant,$0.31,0.0099,3.299%,1001,0.00,United States,2026,Blank Checks,Finance
MRCY,Mercury Systems Inc Common Stock,$82.18,-0.995,-1.196%,440980,5001769497.00,United States,1998,Electrical Products,Technology
MRDN,Meridian Holdings Inc. Common Stock,$13.36,0.125,0.944%,30032,169264239.00,United States,,Computer Software: Prepackaged Software,Technology
MREO,Mereo BioPharma Group plc American Depositary Shares,$0.37,0.0325,9.63%,2095446,57403875.00,United Kingdom,,Biotechnology: Pharmaceutical Preparations,Health Care
MRK,Merck & Company Inc. Common Stock (new),$148.78,0.80,0.541%,8292486,367065796302.00,United States,,Biotechnology: Pharmaceutical Preparations,Health Care
MRKR,Marker Therapeutics Inc. Common Stock,$1.15,-0.04,-3.361%,30668,19174096.00,United States,,Biotechnology: Pharmaceutical Preparations,Health Care
MRLN,Merlin Inc. Common Stock,$1.99,0.21,11.798%,7011143,201124890.00,United States,2024,EDP Services,Technology
MRM,MEDIROM Healthcare Technologies Inc. American Depositary Share,$0.7401,-0.0099,-1.32%,12592,5848233.00,Japan,2020,Other Consumer Services,Consumer Discretionary
MRNA,Moderna Inc. Common Stock,$198.88,4.06,2.084%,13945002,79400033604.00,United States,2018,Biotechnology: Biological Products (No Diagnostic Substances),Health Care
MRNO,Murano Global Investments PLC Ordinary Shares,$0.2901,-0.0173,-5.628%,1119125,22988357.00,Mexico,,Hotels/Resorts,Consumer Discretionary
MRNOW,Murano Global Investments PLC Warrants,$0.0052,-0.0013,-20.00%,3828,412063.00,Mexico,,Hotels/Resorts,Consumer Discretionary
MRP,Millrose Properties Inc. Class A Common Stock,$27.19,0.13,0.48%,1862208,4514843135.00,United States,2025,Real Estate,Finance
MRSH,Marsh Common Stock,$171.12,1.19,0.70%,3148939,81660392180.00,United States,,Specialty Insurers,Finance
MRT,Marti Technologies Inc. Class A Ordinary Shares,$2.15,0.02,0.939%,36894,184991861.00,,2021,Rental/Leasing Companies,Consumer Discretionary
MRTN,Marten Transport Ltd. Common Stock,$12.87,0.03,0.234%,983504,1050985680.00,United States,1986,Trucking Freight/Courier Services,Industrials
MRVI,Maravai LifeSciences Holdings Inc. Class A Common Stock,$7.60,-0.05,-0.654%,1930888,1973519550.00,United States,2020,Biotechnology: Pharmaceutical Preparations,Health Care
MRVL,Marvell Technology Inc. Common Stock,$261.935,2.985,1.153%,12427925,229690801500.00,United States,2000,Semiconductors,Technology
MRX,Marex Group Limited Ordinary Shares,$71.31,-1.38,-1.898%,489525,5286412606.00,United Kingdom,2024,Investment Bankers/Brokers/Service,Finance
MS,Morgan Stanley Common Stock,$196.31,-0.01,-0.005%,4527322,308317868783.00,United States,,Investment Bankers/Brokers/Service,Finance
MS^A,Morgan Stanley Dep Shs repstg 1/1000 Pfd Ser A,$19.20,0.04,0.209%,136575,,United States,,,
MS^E,Morgan Stanley DEPOSITARY SHARES REP 1/1000TH SHARES FIXED/FLTG PREFERRED STOCK SERIES E,$25.42,-0.005,-0.02%,55978,,United States,,,
MS^F,Morgan Stanley Dep Shs Rpstg 1/1000th Int Prd Ser F Fxd to Flag,$25.16,-0.04,-0.159%,132481,,United States,,,
MS^I,Morgan Stanley Depository Shares Representing 1/1000th Preferred Series 1 Fixed to Floating Non (Cum),$23.55,-0.17,-0.717%,123413,,United States,,,
MS^K,Morgan Stanley Depositary Shares each representing 1/1000th of a share of Fixed-to-Floating Rate Non-Cumulative Preferred Stock  Series K,$21.65,-0.04,-0.184%,84586,,United States,,,
MS^L,Morgan Stanley Depositary Shares each representing 1/1000th of a share of 4.875% Non-Cumulative Preferred Stock Series L,$18.34,0.03,0.164%,41508,,United States,,,
MS^O,Morgan Stanley Depositary Shares each representing 1/1000th of a share of 4.250% Non-Cumulative Preferred Stock Series O,$15.70,-0.12,-0.759%,220756,,United States,,,
MS^P,Morgan Stanley Depositary Shares each representing 1/1000th of a share of 6.500% Non-Cumulative Preferred Stock Series P,$24.51,-0.18,-0.729%,95636,,United States,,,
MS^Q,Morgan Stanley Depositary Shares each representing 1/1000th of a share of 6.625% Non-Cumulative Preferred Stock Series Q,$24.88,-0.07,-0.281%,61232,,United States,,,
MSA,MSA Safety Incorporated Common Stock,$182.46,0.35,0.192%,213465,7038994611.00,United States,2000,Industrial Specialties,Health Care
MSAI,MultiSensor AI Holdings Inc. Common Stock,$4.825,-0.04,-0.822%,1396,10642252.00,United States,2021,Electronic Components,Technology
MSAIW,MultiSensor AI Holdings Inc. Warrant,$0.0244,0.00,0.00%,5202,53818.00,United States,2021,Electronic Components,Technology
MSB,Mesabi Trust Common Stock,$19.12,-0.27,-1.392%,37027,250854591.00,United States,,Precious Metals,Industrials
MSBI,Midland States Bancorp Inc. Common Stock,$33.26,0.13,0.392%,428126,690215245.00,United States,2016,Major Banks,Finance
MSBIP,Midland States Bancorp Inc. Depositary Shares Each Representing a 1/40th Interest in a Share of 7.750% Fixed-Rate Reset Non-Cumulative Perpetual Preferred Stock Series A,$25.30,-0.055,-0.217%,959,525028434.00,United States,,Major Banks,Finance
MSC,Studio City International Holdings Limited American depositary shares each representing four  Class A ordinary shares,$0.88,0.03,3.529%,1572675,185430181.00,,2018,Hotels/Resorts,Consumer Discretionary
MSCI,MSCI Inc. Common Stock,$551.36,-4.72,-0.849%,460171,40083872000.00,United States,,Business Services,Consumer Discretionary
MSD,Morgan Stanley Emerging Markets Debt Fund Inc. Common Stock,$7.00,0.05,0.719%,87841,0.00,United States,1993,Trusts Except Educational Religious and Charitable,Finance
MSDL,Morgan Stanley Direct Lending Fund Common Stock,$14.29,-0.04,-0.279%,516865,0.00,United States,2024,,
MSEX,Middlesex Water Company Common Stock,$53.47,0.56,1.058%,184314,1007585793.00,United States,,Water Supply,Utilities
MSFT,Microsoft Corporation Common Stock,$516.17,18.24,3.663%,38193268,3832843816089.00,United States,1986,Computer Software: Prepackaged Software,Technology
MSGE,Madison Square Garden Entertainment Corp. Class A Common Stock,$79.09,-0.13,-0.164%,518285,3741370957.00,United States,2023,Services-Misc. Amusement & Recreation,Consumer Discretionary
MSGM,Motorsport Games Inc. Class A Common Stock,$4.28,0.09,2.148%,52304,19640073.00,United States,2021,Computer Software: Prepackaged Software,Technology
MSGS,Madison Square Garden Sports Corp. Class A Common Stock (New),$402.84,0.34,0.084%,194921,9700363432.00,United States,2015,Services-Misc. Amusement & Recreation,Consumer Discretionary
MSGY,Masonglory Limited Class A Ordinary Shares ,$8.07,6.10,309.645%,56136064,17105374.00,Hong Kong,2025,Engineering & Construction,Consumer Discretionary
MSI,Motorola Solutions Inc. Common Stock,$456.88,1.97,0.433%,574312,75610801861.00,United States,,Radio And Television Broadcasting And Communications Equipment,Technology
MSIF,MSC Income Fund Inc. Common Stock,$12.22,0.05,0.411%,150058,554118698.00,,2025,Finance/Investors Services,Finance
MSLE,Satellos Bioscience Inc. Common Stock,$8.70,-0.01,-0.115%,37405,184583019.00,Canada,,Biotechnology: Pharmaceutical Preparations,Health Care
MSM,MSC Industrial Direct Company Inc. Common Stock,$121.22,0.49,0.406%,578398,6769688244.00,United States,1995,Industrial Machinery/Components,Industrials
MSN,Emerson Radio Corporation Common Stock,$0.431,-0.03,-6.508%,439803,9069383.00,United States,1994,Consumer Electronics/Appliances,Consumer Staples
MSS,Maison Solutions Inc. Class A Common Stock,$1.62,-0.10,-5.814%,374027,1385649.00,United States,2023,Food Chains,Consumer Staples
MSTR,Strategy Inc Common Stock Class A,$158.61,-3.00,-1.856%,18529231,60942046366.00,United States,1998,Computer Software: Prepackaged Software,Technology
MT,Arcelor Mittal NY Registry Shares NEW,$70.70,-0.60,-0.842%,1375922,53811595403.00,Luxembourg,,Steel/Iron Ore,Industrials
MTA,Metalla Royalty & Streaming Ltd. Common Shares,$10.07,-0.09,-0.886%,397725,941503451.00,Canada,,Precious Metals,Basic Materials
MTAK,Market Technology Acquisition Corp Class A Ordinary Shares,$9.85,-0.01,-0.101%,96333,0.00,United States,2026,,
MTAKU,Market Technology Acquisition Corp Unit,$9.93,-0.02,-0.201%,3043,0.00,United States,2026,Blank Checks,Finance
MTAKW,Market Technology Acquisition Corp Warrants,$0.18,0.00,0.00%,311,0.00,United States,2026,,
MTAL,Metals Acquisition Corp. II Class A Ordinary Shares,$10.16,0.00,0.00%,11,837814265.00,,2026,Metal Mining,Basic Materials
MTB,M&T Bank Corporation Common Stock,$221.19,2.53,1.157%,660893,31943432992.00,United States,,Major Banks,Finance
MTB^H,M&T Bank Corporation Perpetual Fixed-to-Floating Rate Non-Cumulative Preferred Stock Series H,$24.98,-0.03,-0.12%,82343,,United States,,,
MTB^J,M&T Bank Corporation Depositary Shares each representing a 1/400th ownership interest in a share of Perpetual 7.500% Non-Cumulative Preferred Stock Series J,$25.38,-0.01,-0.039%,56650,,United States,,,
MTB^K,M&T Bank Corporation Depositary Shares each representing a 1/400th interest in a share of Perpetual 6.350% Non-Cumulative Preferred Stock Series K,$22.70,-0.05,-0.22%,39587,,United States,,,
MTB^L,M&T Bank Corporation Depositary Shares each representing a 1/400th ownership interest in a share of Perpetual 6.625% Non-Cumulative Preferred Stock Series L,$23.71,0.16,0.679%,38674,,United States,,,
MTC,MMTec Inc. Common Shares,$5.31,-0.65,-10.906%,6675,528811276.00,China,2019,Computer Software: Prepackaged Software,Technology
MTCH,Match Group Inc. Common Stock,$40.55,-0.25,-0.613%,2347825,9308292442.00,United States,,Computer Software: Programming Data Processing,Technology
MTD,Mettler-Toledo International Inc. Common Stock,$1511.64,-7.51,-0.494%,129644,30288064047.00,Switzerland,1997,Biotechnology: Laboratory Analytical Instruments,Industrials
MTDR,Matador Resources Company Common Stock,$51.55,-1.42,-2.681%,1443862,6379529835.00,United States,2012,Oil & Gas Production,Energy
MTEK,Maris-Tech Ltd. Ordinary Shares,$1.095,0.065,6.311%,47147,10619995.00,Israel,2022,Telecommunications Equipment,Telecommunications
MTEKW,Maris-Tech Ltd. Warrants,$0.06,0.0098,19.522%,879,581918.00,Israel,2022,Telecommunications Equipment,Telecommunications
MTEN,Mingteng International Corporation Inc. Class A Ordinary Shares,$1.02,0.01,0.99%,134808,7802862.00,China,2024,Building Products,Industrials
MTEX,Mannatech Incorporated Common Stock,$7.70,0.45,6.207%,64248,14858459.00,United States,, Medicinal Chemicals and Botanical Products ,Health Care
MTG,MGIC Investment Corporation Common Stock,$28.48,-0.25,-0.87%,2025734,5841955443.00,United States,1991,Property-Casualty Insurers,Finance
MTH,Meritage Homes Corporation Common Stock,$64.98,0.47,0.729%,628375,4235012563.00,United States,,Homebuilding,Consumer Discretionary
MTLS,Materialise NV American Depositary Shares,$8.43,0.42,5.243%,495282,497936378.00,Belgium,2014,Computer Software: Prepackaged Software,Technology
MTN,Vail Resorts Inc. Common Stock,$136.11,-1.71,-1.241%,1369748,4850079224.00,United States,1997,Services-Misc. Amusement & Recreation,Consumer Discretionary
MTNB,Matinas Biopharma Holdings Inc. Common Stock,$0.16,-0.018,-10.112%,780209,2350847.00,United States,2017,Biotechnology: Pharmaceutical Preparations,Health Care
MTNE,CH4 Natural Solutions Corporation Class A Ordinary Shares,$9.92,0.01,0.101%,112,0.00,,2026,,
MTR,Mesa Royalty Trust Common Stock,$2.43,0.05,2.101%,11358,4528524.00,United States,,Oil & Gas Production,Energy
MTRN,Materion Corporation,$264.96,8.82,3.443%,234054,5520103776.00,United States,,Industrial Specialties,Industrials
MTRX,Matrix Service Company Common Stock,$9.74,-0.06,-0.612%,567309,275563311.00,United States,1990,Engineering & Construction,Consumer Discretionary
MTSI,MACOM Technology Solutions Holdings Inc. Common Stock,$285.57,0.63,0.221%,972118,21809246766.00,United States,2012,Semiconductors,Technology
MTUS,Metallus Inc. Common Shares,$18.84,-0.10,-0.528%,218711,780904511.00,United States,2014,Steel/Iron Ore,Industrials
MTVA,MetaVia Inc. Common Stock,$1.66,0.03,1.84%,28754,10936248.00,United States,2016,Biotechnology: Pharmaceutical Preparations,Health Care
MTW,Manitowoc Company Inc. (The) Common Stock,$22.14,0.71,3.313%,305836,798411994.00,United States,,Construction/Ag Equipment/Trucks,Industrials
MTX,Minerals Technologies Inc. Common Stock,$66.98,0.63,0.95%,120098,2085004479.00,United States,1992,Major Chemicals,Basic Materials
MTZ,MasTec Inc. Common Stock,$212.85,0.90,0.425%,1361228,17092908182.00,United States,,Water Sewer Pipeline Comm & Power Line Construction,Industrials
MU,Micron Technology Inc. Common Stock,$1082.28,1.75,0.162%,20948206,1222319619464.00,United States,,Semiconductors,Technology
MUA,Blackrock MuniAssets Fund Inc Common Stock,$9.55,0.01,0.105%,273531,1420681598.00,United States,1993,Investment Bankers/Brokers/Service,Finance
MUC,Blackrock MuniHoldings California Quality Fund Inc.  Common Stock,$9.82,-0.10,-1.008%,1088353,1460847465.00,United States,1998,Investment Bankers/Brokers/Service,Finance
MUFG,Mitsubishi UFJ Financial Group Inc. Common Stock,$23.48,0.91,4.032%,2880038,278653852402.00,Japan,,Commercial Banks,Finance
MUJ,Blackrock MuniHoldings New Jersey Quality Fund Inc. Common Stock,$11.29,0.04,0.356%,128870,1679528298.00,United States,1998,Investment Bankers/Brokers/Service,Finance
MUR,Murphy Oil Corporation Common Stock,$36.33,-1.05,-2.809%,1572237,5209036271.00,United States,,Oil & Gas Production,Energy
MUSA,Murphy USA Inc. Common Stock,$511.54,-7.74,-1.491%,189732,9402282704.00,United States,2013,Retail-Auto Dealers and Gas Stations,Consumer Discretionary
MUX,McEwen Inc. Common Stock,$19.02,0.36,1.929%,734355,1167039925.00,Canada,,Precious Metals,Basic Materials
MUZE,Muzero Acquisition Corp Class A Ordinary Shares,$10.00,0.00,0.00%,274976,0.00,United States,2026,Blank Checks,Finance
MVBF,MVB Financial Corp. Common Stock,$30.12,0.32,1.074%,50581,390581311.00,United States,,Major Banks,Finance
MVIS,MicroVision Inc. Common Stock,$1.60,-0.02,-1.235%,1282660,48240043.00,United States,1996,Industrial Machinery/Components,Technology
MVST,Microvast Holdings Inc. Common Stock,$0.6881,0.0017,0.248%,3280009,264598180.00,United States,2019,Industrial Machinery/Components,Miscellaneous
MWA,MUELLER WATER PRODUCTS Common Stock,$21.63,0.16,0.745%,1191342,3376998437.00,United States,2006,Metal Fabrications,Industrials
MWC,Micware Co. Ltd. American Depositary Shares,$1.68,-0.07,-4.00%,79019,103037743.00,Japan,2026,EDP Services,Technology
MWG,Multi Ways Holdings Limited Class A Ordinary Shares,$1.26,-0.04,-3.077%,806,6478950.00,,2023,Miscellaneous manufacturing industries,Consumer Discretionary
MWH,SOLV Energy Inc. Class A Common Stock,$25.20,0.15,0.599%,1381158,5100145394.00,United States,2026,Military/Government/Technical,Industrials
MWYN,Marwynn Holdings Inc. Common stock,$0.9653,-0.1247,-11.44%,21534,19494044.00,United States,2025,Food Distributors,Consumer Discretionary
MX,Magnachip Semiconductor Corporation Common Stock,$3.30,0.12,3.774%,4447337,125307927.00,Luxembourg,2011,Semiconductors,Technology
MXC,Mexco Energy Corporation Common Stock,$10.31,-0.47,-4.36%,8284,21094260.00,United States,2003,Oil & Gas Production,Energy
MXCT,MaxCyte Inc. Common Stock,$1.17,-0.02,-1.681%,415931,120751261.00,United States,2021,Biotechnology: Commercial Physical & Biological Resarch,Health Care
MXE,Mexico Equity and Income Fund Inc. (The) Common Stock,$13.00,0.0999,0.774%,1125,0.00,United States,,Finance Companies,Finance
MXF,Mexico Fund Inc. (The) Common Stock,$20.71,0.02,0.097%,16227,0.00,United States,,Trusts Except Educational Religious and Charitable,Finance
MXL,MaxLinear Inc. Common Stock,$93.84,8.53,9.999%,4404682,8510649043.00,United States,2010,Semiconductors,Technology
MYE,Myers Industries Inc. Common Stock,$31.36,-0.26,-0.822%,323922,1179702675.00,United States,1983,Plastic Products,Industrials
MYFW,First Western Financial Inc. Common Stock,$30.53,-0.05,-0.164%,21451,298129388.00,United States,2018,Major Banks,Finance
MYGN,Myriad Genetics Inc. Common Stock,$4.17,0.03,0.725%,1648529,398859020.00,United States,1995,Biotechnology: In Vitro & In Vivo Diagnostic Substances,Health Care
MYI,Blackrock MuniYield Quality Fund III Inc Common Stock,$9.78,-0.01,-0.102%,710115,1454896966.00,United States,,Investment Bankers/Brokers/Service,Finance
MYN,Blackrock MuniYield New York Quality Fund Inc.Common Stock,$8.93,0.01,0.112%,381410,0.00,United States,1992,Finance Companies,Finance
MYND,Mynd.ai Inc. American Depositary Shares,$0.35,-0.003,-0.85%,21926,16500612.00,,2017,Computer peripheral equipment,Technology
MYO,Myomo Inc. Common Stock,$1.61,-0.06,-3.593%,221044,63768645.00,United States,2017,Industrial Specialties,Health Care
MYPS,PLAYSTUDIOS Inc.  Class A Common Stock,$0.4763,0.0301,6.746%,1002909,57213814.00,United States,2020,Computer Software: Prepackaged Software,Technology
MYRG,MYR Group Inc. Common Stock,$292.58,-2.60,-0.881%,230479,4555251165.00,United States,2008,Water Sewer Pipeline Comm & Power Line Construction,Industrials
MYSE,Myseum.AI Inc. Common Stock,$1.86,0.00,0.00%,48678,9665360.00,United States,2021,Telecommunications Equipment,Telecommunications
MYSZ,My Size Inc. Common Stock,$1.72,-0.06,-3.371%,63145,1439526.00,Israel,,Computer Software: Prepackaged Software,Technology
MYX,Maywood Acquisition Corp. 2 Class A Ordinary Share,$10.04,-0.0099,-0.099%,833,0.00,United States,2026,Blank Checks,Finance
MYXXR,Maywood Acquisition Corp. 2 Rights,$0.207,0.00,0.00%,1,0.00,United States,2026,Blank Checks,Finance
MYXXU,Maywood Acquisition Corp. 2 Units,$10.20,0.00,0.00%,10,0.00,United States,2026,Blank Checks,Finance
MZTI,The Marzetti Company Common Stock,$100.47,-0.67,-0.662%,352513,2741926770.00,United States,,Packaged Foods,Consumer Staples
MZYX,MOZAYYX Acquisition Corp. Class A Ordinary Shares,$10.00,0.01,0.10%,31135,0.00,,2026,,
NA,Nano Labs Ltd Class A Ordinary Shares,$2.38,0.065,2.808%,14348,55249534.00,China,2022,Semiconductors,Technology
NAAS,NaaS Technology Inc. American Depositary Shares,$3.26,-0.11,-3.264%,16024,80074953.00,China,2017,Other Specialty Stores,Consumer Discretionary
NABL,N-able Inc. Common Stock,$4.00,-0.02,-0.498%,1987860,755624200.00,United States,2021,Computer Software: Prepackaged Software,Technology
NAC,Nuveen California Quality Municipal Income Fund,$10.53,-0.04,-0.378%,1491750,0.00,United States,1999,Investment Managers,Finance
NAD,Nuveen Quality Municipal Income Fund Common Stock,$10.10,-0.02,-0.198%,2764139,0.00,United States,1999,Investment Managers,Finance
NAGE,Niagen Bioscience Inc. Common Stock,$3.05,0.04,1.329%,619009,241334306.00,United States,, Medicinal Chemicals and Botanical Products ,Health Care
NAII,Natural Alternatives International Inc. Common Stock,$1.75,0.02,1.156%,4651,10981651.00,United States,, Medicinal Chemicals and Botanical Products ,Health Care
NAK,Northern Dynasty Minerals Ltd. Common Stock,$1.40,-0.02,-1.408%,2972216,786970327.00,Canada,,Precious Metals,Basic Materials
NAKA,Nakamoto Inc. Common Stock,$9.99,0.23,2.357%,183834,178770481.00,United States,2024,Medical/Nursing Services,Health Care
NAMI,Jinxin Technology Holding Company American Depositary Shares,$1.59,-0.03,-1.852%,28573,5028941.00,China,2024,Other Consumer Services,Real Estate
NAMM,Namib Minerals Ordinary Shares,$1.145,-0.025,-2.137%,509240,63951005.00,Cayman Islands,,Precious Metals,Basic Materials
NAMMW,Namib Minerals Warrants,$0.156,0.006,4.00%,4115,8712975.00,Cayman Islands,,Precious Metals,Basic Materials
NAMS,NewAmsterdam Pharma Company N.V. Ordinary Shares,$22.58,-0.16,-0.704%,1135992,2699149276.00,Netherlands,,Biotechnology: Pharmaceutical Preparations,Health Care
NAMSW,NewAmsterdam Pharma Company N.V. Warrant,$11.40,0.00,0.00%,11,1362723727.00,Netherlands,,Biotechnology: Pharmaceutical Preparations,Health Care
NAN,Nuveen New York Quality Municipal Income Fund Common Stock,$9.99,0.06,0.604%,97179,3020134842.00,United States,1999,Investment Managers,Finance
NAT,Nordic American Tankers Limited Common Stock,$7.72,0.06,0.783%,5635369,1634715118.00,Bermuda,1995,Marine Transportation,Consumer Discretionary
NATH,Nathan's Famous Inc. Common Stock,$101.55,7.26,7.70%,160292,416117475.00,United States,1993,Restaurants,Consumer Discretionary
NATL,NCR Atleos Corporation Common Stock,$46.08,0.16,0.348%,669483,3405170719.00,United States,2023,Office Equipment/Supplies/Services,Miscellaneous
NATR,Nature's Sunshine Products Inc. Common Stock,$12.92,0.01,0.077%,77347,227334118.00,United States,,Biotechnology: Pharmaceutical Preparations,Health Care
NAUT,Nautilus Biotechnology Inc. Common Stock,$0.9627,-0.0278,-2.807%,681707,122508603.00,United States,2020,Biotechnology: Laboratory Analytical Instruments,Industrials
NAVI,Navient Corporation Common Stock,$9.12,-0.18,-1.935%,1042463,855308511.00,United States,,Investment Bankers/Brokers/Service,Finance
NAVN,Navan Inc. Class A Common Stock,$19.415,-0.015,-0.077%,2281621,5055869722.00,United States,2025,Computer Software: Prepackaged Software,Technology
NAZ,Nuveen Arizona Quality Municipal Income Fund Common Stock,$10.98,-0.06,-0.543%,61734,0.00,United States,1992,Finance/Investors Services,Finance
NB,NioCorp Developments Ltd. Common Stock,$3.54,0.00,0.00%,1581331,515378150.00,United States,,Metal Mining,Basic Materials
NBB,Nuveen Taxable Municipal Income Fund Common Shares of Beneficial Interest,$14.16,-0.01,-0.071%,112609,0.00,United States,2010,Finance Companies,Finance
NBBK,NB Bancorp Inc. Common Stock,$22.60,0.10,0.444%,240918,990297874.00,United States,2023,Banks,Finance
NBH,Neuberger Municipal Fund Inc. Common Stock,$9.22,-0.10,-1.073%,138571,0.00,United States,2002,Finance/Investors Services,Finance
NBHC,National Bank Holdings Corporation Common Stock,$40.17,0.16,0.40%,910180,1789153603.00,United States,2012,Major Banks,Finance
NBIS,Nebius Group N.V. Class A Ordinary Shares,$237.33,-6.15,-2.526%,11048852,64519398888.00,Netherlands,2011,Computer Software: Programming Data Processing,Technology
NBIX,Neurocrine Biosciences Inc. Common Stock,$138.40,-0.54,-0.389%,1171879,14068246650.00,United States,1996,Biotechnology: Biological Products (No Diagnostic Substances),Health Care
NBN,Northeast Bank Common Stock,$130.24,0.47,0.362%,125552,1058851200.00,United States,,Major Banks,Finance
NBP,NovaBridge Biosciences American Depositary Shares,$1.38,-0.07,-4.828%,6610090,159226735.00,China,2020,Biotechnology: Pharmaceutical Preparations,Health Care
NBR,Nabors Industries Ltd.,$81.33,-1.66,-2.00%,170094,1361821076.00,Bermuda,1951,Oil & Gas Production,Energy
NBRG,Newbridge Acquisition Limited Class A Ordinary Share,$10.06,0.00,0.00%,547,0.00,Hong Kong,2026,Blank Checks,Finance
NBRGR,Newbridge Acquisition Limited Rights,$0.45,0.0501,12.528%,10586,0.00,Hong Kong,2026,,
NBRGU,Newbridge Acquisition Limited Unit,$10.39,0.04,0.386%,974,0.00,Hong Kong,2026,Blank Checks,Finance
NBTB,NBT Bancorp Inc. Common Stock,$51.57,0.44,0.861%,388768,2679580346.00,United States,,Major Banks,Finance
NBTX,Nanobiotix S.A. American Depositary Shares,$33.31,-0.15,-0.448%,124593,1692411249.00,France,2020,Biotechnology: Pharmaceutical Preparations,Health Care
NBXG,Neuberger Next Generation Connectivity Fund Inc. Common Stock,$15.61,0.10,0.645%,114804,0.00,United States,2021,Trusts Except Educational Religious and Charitable,Finance
NC,NACCO Industries Inc. Common Stock,$37.67,-0.05,-0.133%,16595,284284001.00,United States,,Coal Mining,Energy
NCA,Nuveen California Municipal Value Fund,$8.35,0.08,0.967%,195542,0.00,United States,,Investment Managers,Finance
NCDL,Nuveen Churchill Direct Lending Corp. Common Stock,$11.70,-0.01,-0.085%,161782,577828661.00,United States,2024,,
NCEL,NewcelX Ltd. Ordinary Shares,$2.9465,0.0565,1.955%,4975,17019361.00,Switzerland,2021,Biotechnology: Pharmaceutical Preparations,Health Care
NCEW,New Century Logistics (BVI) Limited Ordinary Shares,$17.63,0.00,0.00%,48,56416000.00,Hong Kong,2024,Integrated Freight & Logistics,Industrials
NCI,Neo-Concept International Group Holdings Limited Class A Ordinary Shares,$14.65,0.01,0.068%,233006,34636731.00,Hong Kong,2024,Apparel,Consumer Discretionary
NCLH,Norwegian Cruise Line Holdings Ltd. Ordinary Shares,$14.61,0.42,2.96%,18789298,6708734430.00,United States,,Marine Transportation,Consumer Discretionary
NCMI,National CineMedia Inc. Common Stock,$2.26,0.06,2.727%,1816814,212599201.00,United States,2007,Advertising,Consumer Discretionary
NCNA,NuCana plc American Depositary Share,$1.28,-0.04,-3.03%,38661,5327323.00,United Kingdom,2017,Biotechnology: Pharmaceutical Preparations,Health Care
NCNO,nCino Inc. Common Stock,$19.41,-0.56,-2.804%,1237821,2052339137.00,United States,2020,Computer Software: Prepackaged Software,Technology
NCO,Southern Cross Acquisition I Corp. Ordinary Shares,$9.91,0.00,0.00%,53,0.00,United States,2026,,
NCOOU,Southern Cross Acquisition I Corp. Units,$10.0701,0.00,0.00%,36,0.00,United States,2026,Blank Checks,Finance
NCOOW,Southern Cross Acquisition I Corp. Warrants,$0.031,0.00,0.00%,102,0.00,United States,2026,,
NCPL,Netcapital Inc. Common Stock,$1.36,0.09,7.087%,13789749,10673143.00,United States,,Finance: Consumer Services,Finance
NCPLW,Netcapital Inc. Warrants,$0.0275,-0.0025,-8.333%,1377,215817.00,United States,,Finance: Consumer Services,Finance
NCRA,Nocera Inc. Common Stock,$1.80,-0.07,-3.743%,19166,4277066.00,Taiwan,,Farming/Seeds/Milling,Consumer Staples
NCT,Intercont (Cayman) Limited Class A Ordinary shares,$4.43,-0.22,-4.731%,1414026,5422798.00,China,2025,Restaurants,Consumer Discretionary
NCTY,The9 Limited American Depository Shares,$3.65,0.08,2.241%,70494,55747060.00,China,2004,Finance: Consumer Services,Finance
NCV,Virtus Convertible & Income Fund Common Shares of Beneficial Interest,$15.36,-0.10,-0.647%,135932,1388138020.00,United States,2003,Finance Companies,Finance
NCV^A,Virtus Convertible & Income Fund 5.625% Series A Cumulative Preferred Shares,$19.30,-0.0524,-0.271%,2215,,United States,,,
NCZ,Virtus Convertible & Income Fund II Common Shares of Beneficial Interest,$14.37,-0.12,-0.828%,66993,1093783313.00,United States,2003,Finance Companies,Finance
NCZ^A,Virtus Convertible & Income Fund II 5.50% Series A Cumulative Preferred Shares,$18.665,-0.0251,-0.134%,6464,,United States,,,
NDAQ,Nasdaq Inc. Common Stock,$93.55,-1.00,-1.058%,2255141,52292333151.00,United States,,Investment Bankers/Brokers/Service,Finance
NDLS,Noodles & Company Class A Common Stock,$12.61,-0.30,-2.324%,15107,75239583.00,United States,2013,Restaurants,Consumer Discretionary
NDMO,Nuveen Dynamic Municipal Opportunities Fund Common Shares of Beneficial Interest,$8.81,-0.09,-1.011%,317413,523888712.00,,2020,Trusts Except Educational Religious and Charitable,Finance
NDRA,ENDRA Life Sciences Inc. Common Stock,$6.04,0.11,1.855%,37411,9059022.00,United States,2017,Biotechnology: Electromedical & Electrotherapeutic Apparatus,Health Care
NDSN,Nordson Corporation Common Stock,$325.77,2.51,0.776%,271955,18145182462.00,United States,,Industrial Machinery/Components,Industrials
NE,Noble Corporation plc A Ordinary Shares,$42.82,-0.92,-2.103%,957886,6835879775.00,United States,2022,Oil & Gas Production,Energy
NEA,Nuveen AMT-Free Quality Municipal Income Fund Common Shares of Beneficial Interest Par Value $.01,$10.00,0.03,0.301%,2215296,0.00,United States,2002,Finance/Investors Services,Finance
NECB,NorthEast Community Bancorp Inc. Common Stock,$26.77,0.14,0.526%,34649,368517399.00,United States,2021,Banks,Finance
NEE,NextEra Energy Inc. Common Stock,$76.08,0.46,0.608%,16462133,158701222141.00,United States,,Electric Utilities: Central,Utilities
NEE^N,NextEra Energy Capital Holdings Inc. Series N Junior Subordinated Debentures due March 1 2079,$19.43,0.00,0.00%,80074,,United States,,,
NEE^S,NextEra Energy Inc. 7.299% Corporate Units,$48.80,0.03,0.062%,16118,,United States,,,
NEE^T,NextEra Energy Inc. 7.234% Corporate Units,$45.50,0.11,0.242%,635519,,United States,,,
NEE^U,NextEra Energy Inc. Series U Junior Subordinated Debentures due June 1 2085,$22.54,-0.01,-0.044%,67289,,United States,,,
NEE^V,NextEra Energy Inc. 7.375% Corporate Units,$43.09,-0.11,-0.255%,663122,,United States,,,
NEE^W,NextEra Energy Capital Holdings Inc. Series Z Junior Subordinated Debentures due April 15 2086,$22.545,0.11,0.49%,40324,,United States,,,
NEGG,Newegg Commerce Inc. Common Shares,$13.52,-0.61,-4.317%,37063,283560679.00,China,2010,Other Specialty Stores,Consumer Discretionary
NEM,Newmont Corporation,$121.43,0.13,0.107%,3521955,127949852468.00,United States,,Precious Metals,Basic Materials
NEN,New England Realty Associates Limited Partnership Class A Depositary Receipts Evidencing Units of Limited Partnership,$51.005,1.002,2.004%,321,141500825.00,United States,,Building operators,Real Estate
NEO,NeoGenomics Inc. Common Stock,$19.33,-0.23,-1.176%,2019746,2483430255.00,United States,,Precision Instruments,Health Care
NEOG,Neogen Corporation Common Stock,$13.76,0.10,0.732%,5218676,3001138629.00,United States,1989,Biotechnology: In Vitro & In Vivo Diagnostic Substances,Health Care
NEON,Neonode Inc. Common Stock,$0.916,0.0349,3.961%,40411,15373157.00,Sweden,,Industrial Machinery/Components,Technology
NEOV,NeoVolta Inc. Common Stock,$2.19,-0.205,-8.559%,2414663,129239011.00,United States,,Industrial Machinery/Components,Miscellaneous
NEOVW,NeoVolta Inc. Warrant,$0.815,-0.145,-15.104%,14470,48095796.00,United States,,Industrial Machinery/Components,Miscellaneous
NEPH,Nephros Inc. Common Stock,$4.23,0.09,2.174%,9328,45938308.00,United States,,Medical/Dental Instruments,Health Care
NERV,Minerva Neurosciences Inc Common Stock,$3.40,-0.05,-1.449%,103317,162341701.00,United States,2014,Biotechnology: Pharmaceutical Preparations,Health Care
NESR,National Energy Services Reunited Corp Ordinary Shares,$32.13,-0.64,-1.953%,1405483,3240366856.00,United States,,Oilfield Services/Equipment,Energy
NET,Cloudflare Inc. Class A Common Stock,$349.02,-9.80,-2.731%,3170579,124278942129.00,United States,2019,Computer Software: Prepackaged Software,Technology
NEU,NewMarket Corp Common Stock,$898.04,4.74,0.531%,141904,8258740444.00,United States,,Major Chemicals,Industrials
NEUP,Neuphoria Therapeutics Inc. Common Stock,$3.65,0.00,0.00%,1326,19751369.00,United States,2021,Biotechnology: Pharmaceutical Preparations,Health Care
NEWP,New Pacific Metals Corp. Common Shares,$6.62,-0.01,-0.151%,498114,1226070499.00,Canada,2021,Precious Metals,Basic Materials
NEWT,NewtekOne Inc. Common Stock,$11.26,-0.04,-0.354%,208492,325242071.00,United States,,Major Banks,Finance
NEWTG,NewtekOne Inc. 8.50% Fixed Rate Senior Notes due 2029,$25.23,0.12,0.478%,3990,664100326.00,United States,,Major Banks,Finance
NEWTH,NewtekOne Inc. 8.625% Fixed Rate Senior Notes due 2029,$25.135,0.02,0.08%,7337,0.00,United States,,Major Banks,Finance
NEWTI,NewtekOne Inc. 8.00% Fixed Rate Senior Notes due 2028,$25.15,-0.0073,-0.029%,564,661994578.00,United States,,Major Banks,Finance
NEWTO,NewtekOne Inc. 8.50% Fixed Rate Senior Notes due 2031,$25.995,0.00,0.00%,5,0.00,United States,,Major Banks,Finance
NEWTP,NewtekOne Inc. Depositary Shares Non-Cumulative Perpetual Preferred Stock Series B,$24.23,-0.255,-1.041%,9182,699877032.00,United States,,Major Banks,Finance
NEXA,Nexa Resources S.A. Common Shares,$12.44,-0.20,-1.582%,451756,1647541160.00,Luxembourg,2017,Metal Mining,Basic Materials
NEXM,NexMetals Mining Corp. Common Shares,$2.18,0.03,1.395%,35404,77712998.00,Canada,,Metal Mining,Basic Materials
NEXN,Nexxen International Ltd. Ordinary Shares,$8.70,-0.18,-2.027%,263929,484770777.00,Israel,2021,Computer Software: Programming Data Processing,Technology
NEXR,Nexera Technologies Ltd Ordinary Shares,$1.49,-0.02,-1.325%,53337,830621.00,Israel,2022,Other Specialty Stores,Consumer Discretionary
NEXT,NextDecade Corporation Common Stock,$6.56,-0.105,-1.575%,2653022,1746176440.00,United States,2015,Oil & Gas Production,Utilities
NFE,New Fortress Energy Inc. Class A Common Stock,$6.82,0.72,11.803%,560340,111313414.00,United States,2019,Oil/Gas Transmission,Utilities
NFEGP,New Fortress Energy Inc. Series A Mandatorily Convertible Preferred Stock,$440.00,-17.00,-3.72%,8503,7181510600.00,United States,,Oil/Gas Transmission,Utilities
NFG,National Fuel Gas Company Common Stock,$78.99,0.01,0.013%,721009,7507612370.00,United States,,Oil/Gas Transmission,Utilities
NFGC,New Found Gold Corp Common Shares,$1.75,0.01,0.575%,713747,672625711.00,,2021,Precious Metals,Basic Materials
NFJ,Virtus Dividend Interest & Premium Strategy Fund Common Shares of Beneficial Interest,$15.14,0.08,0.531%,244907,0.00,United States,2005,Finance: Consumer Services,Finance
NFLX,Netflix Inc. Common Stock,$71.145,-0.575,-0.802%,23203262,296243488249.00,United States,2002,Consumer Electronics/Video Chains,Consumer Discretionary
NG,Novagold Resources Inc.,$7.13,-0.01,-0.14%,3587792,3128505778.00,Canada,2003,Precious Metals,Basic Materials
NGEN,NervGen Pharma Corp. Common stock,$1.94,-0.08,-3.96%,343219,206440508.00,Canada,,Biotechnology: Pharmaceutical Preparations,Health Care
NGG,National Grid Transco PLC National Grid PLC (NEW) American Depositary Shares,$75.49,0.26,0.346%,1045244,79261957346.00,United Kingdom,,Natural Gas Distribution,Utilities
NGL,NGL ENERGY PARTNERS LP Common Units representing Limited Partner Interests,$15.10,-0.25,-1.629%,220068,1884695764.00,United States,2011,Natural Gas Distribution,Utilities
NGL^B,NGL ENERGY PARTNERS LP 9.00% Class B Fixed-to-Floating Rate Cumulative Redeemable Perpetual Preferred Units representing limited partnership interests,$25.9093,0.0791,0.306%,36032,,United States,,,
NGL^C,NGL ENERGY PARTNERS LP 9.625% Class C Fixed-to-Floating Rate Cumulative  Redeemable Perpetual Preferred Units representing  limited partner interests,$25.85,0.00,0.00%,218,,United States,,,
NGNE,Neurogene Inc. Common Stock ,$28.31,-2.94,-9.408%,200130,566522224.00,Canada,2014,Biotechnology: Pharmaceutical Preparations,Health Care
NGS,Natural Gas Services Group Inc. Common Stock,$32.80,-0.50,-1.502%,117266,423063748.00,United States,2002,Oilfield Services/Equipment,Energy
NGVC,Natural Grocers by Vitamin Cottage Inc. Common Stock,$29.71,-0.26,-0.868%,96207,684700077.00,United States,2012,Food Chains,Consumer Staples
NGVT,Ingevity Corporation Common Stock ,$73.00,1.21,1.685%,242313,2509588306.00,United States,2016,Major Chemicals,Industrials
NHC,National HealthCare Corporation Common Stock,$227.36,5.76,2.599%,156279,3560774767.00,United States,1986,Hospital/Nursing Management,Health Care
NHI,National Health Investors Inc. Common Stock,$66.92,-0.24,-0.357%,282138,3286470243.00,United States,,Real Estate Investment Trusts,Real Estate
NHIV,NewHold Investment Corp IV Class A Ordinary Shares,$10.05,-0.01,-0.099%,624,0.00,United States,2026,Blank Checks,Finance
NHIVW,NewHold Investment Corp IV Warrants,$0.4701,-0.076,-13.917%,201,0.00,United States,2026,Blank Checks,Finance
NHP,National Healthcare Properties Inc. Class A Common Stock,$16.03,-0.19,-1.171%,414557,1168665162.00,United States,,Real Estate Investment Trusts,Real Estate
NHPBP,National Healthcare Properties Inc. 7.125% Series B Cumulative Redeemable Perpetual Preferred Stock,$25.4101,0.0245,0.097%,7054,1852520190.00,United States,,Real Estate Investment Trusts,Real Estate
NHS,Neuberger High Yield Strategies Fund Inc. Common Stock,$5.47,0.03,0.551%,222223,0.00,United States,,Trusts Except Educational Religious and Charitable,Finance
NHTC,Natural Health Trends Corp. Common Stock,$0.9008,-0.1092,-10.812%,133083,7726925.00,United States,,Consumer Specialties,Consumer Discretionary
NI,NiSource Inc Common Stock,$39.42,0.30,0.767%,5005020,18904259142.00,United States,,Power Generation,Utilities
NIC,Nicolet Bankshares Inc. Common Stock,$168.40,0.82,0.489%,172380,3529245189.00,United States,2022,Major Banks,Finance
NICE,NICE Ltd American Depositary Shares,$112.81,-0.82,-0.722%,340500,6701317860.00,Israel,,Computer Software: Prepackaged Software,Technology
NICM,Nicola Mining Inc. American Depositary Shares,$5.70,0.005,0.088%,449,112983046.00,Canada,,Metal Mining,Basic Materials
NIE,Virtus Equity & Convertible Income Fund Common Shares of Beneficial Interest,$25.10,0.01,0.04%,72622,695495022.00,United States,2007,Investment Managers,Finance
NIKI,Niki BioSolutions Inc. Common Stock,$4.76,-0.21,-4.225%,58383,13987855.00,Hong Kong,2018,Industrial Machinery/Components,Industrials
NIM,Nuveen Select Maturities Municipal Fund Common Stock,$8.82,0.03,0.341%,35304,0.00,United States,1992,Trusts Except Educational Religious and Charitable,Finance
NINE,Nine Energy Service Inc. Common Stock,$8.60,-0.03,-0.348%,36360,119969914.00,,2026,Oilfield Services/Equipment,Energy
NIO,NIO Inc. American depositary shares each  representing one Class A ordinary share,$3.58,-0.05,-1.377%,25487021,8970287939.00,United States,2018,Auto Manufacturing,Industrials
NIPG,NIP Group Inc. American Depositary Shares,$12.50,-1.30,-9.42%,5963,106519825.00,Sweden,2024,Services-Misc. Amusement & Recreation,Consumer Discretionary
NIQ,NIQ Global Intelligence plc Ordinary Shares,$17.83,-0.31,-1.709%,716161,5259063055.00,United States,2025,Computer Software: Programming Data Processing,Technology
NIU,Niu Technologies American Depositary Shares,$2.05,-0.10,-4.651%,276891,160793980.00,China,2018,Auto Manufacturing,Industrials
NIVF,NewGenIvf Group Limited Class A Ordinary Shares,$0.5601,0.0191,3.53%,10527592,1354003.00,Singapore,,Misc Health and Biotechnology Services,Health Care
NIXX,Nixxy Inc. Common Stock,$0.3421,-0.014,-3.931%,201794,9889714.00,United States,,EDP Services,Technology
NJR,NewJersey Resources Corporation Common Stock,$50.61,-0.45,-0.881%,1486381,5135292747.00,United States,,Oil/Gas Transmission,Utilities
NKE,Nike Inc. Common Stock,$35.75,-0.24,-0.667%,38245982,53035078632.00,United States,,Shoe Manufacturing,Consumer Discretionary
NKLR,Terra Innovatum Global N.V. Ordinary shares,$3.53,-0.10,-2.755%,334132,390068205.00,Italy,,Metal Fabrications,Industrials
NKSH,National Bankshares Inc. Common Stock,$42.37,0.15,0.355%,18264,269923169.00,United States,,Major Banks,Finance
NKTR,Nektar Therapeutics  Common Stock,$57.06,-2.32,-3.907%,2636294,1948199238.00,United States,,Biotechnology: Pharmaceutical Preparations,Health Care
NKTX,Nkarta Inc. Common Stock,$2.75,-0.10,-3.509%,681136,196968175.00,United States,2020,Biotechnology: Pharmaceutical Preparations,Health Care
NKX,Nuveen California AMT-Free Quality Municipal Income Fund,$10.83,-0.03,-0.276%,275539,0.00,United States,2002,Finance/Investors Services,Finance
NL,NLI Holdings Inc. Common Stock,$7.02,-0.02,-0.284%,13209,343269113.00,United States,,Major Chemicals,Basic Materials
NLOP,Net Lease Office Properties Common Shares of Beneficial Interest,$9.93,0.00,0.00%,260091,147103765.00,United States,2023,Real Estate Investment Trusts,Real Estate
NLY,Annaly Capital Management Inc. Common Stock,$20.61,0.01,0.049%,14954817,15534054650.00,United States,,Real Estate Investment Trusts,Real Estate
NLY^F,Annaly Capital Management Inc 6.95% Series F,$25.27,0.03,0.119%,58417,,United States,,,
NLY^G,Annaly Capital Management Inc 6.50% Series G Fixed-to-Floating Rate Cumulative Redeemable Preferred Stock,$25.12,0.04,0.159%,30148,,United States,,,
NLY^I,Annaly Capital Management Inc 6.750% Series I Fixed-to-Floating Rate Cumulative Redeemable Preferred Stock,$24.96,0.01,0.04%,123246,,United States,,,
NLY^J,Annaly Capital Management Inc. 8.875% Series J Fixed-Rate Cumulative Redeemable Preferred Stock,$25.53,-0.01,-0.039%,45539,,United States,,,
NMAD,Nomad Power Solutions Inc. Common Stock,$3.58,-0.05,-1.377%,194761,57641823.00,United States,,Biotechnology: Pharmaceutical Preparations,Health Care
NMAI,Nuveen Multi-Asset Income Fund Common Shares of Beneficial Interest,$14.09,0.07,0.499%,70376,0.00,United States,2021,Investment Managers,Finance
NMAX,Newsmax Inc. Class B Common Stock,$10.87,-0.11,-1.002%,686376,1403976211.00,United States,2025,Broadcasting,Industrials
NMCO,Nuveen Municipal Credit Opportunities Fund Common Shares,$9.07,-0.07,-0.766%,644874,496777269.00,,2019,Finance/Investors Services,Finance
NMFC,New Mountain Finance Corporation Common Stock,$6.98,-0.03,-0.428%,358539,659277682.00,United States,,Finance/Investors Services,Finance
NMFCZ,New Mountain Finance Corporation 8.250% Notes due 2028,$25.40,0.05,0.197%,6327,2701568409.00,United States,,,
NMG,Nouveau Monde Graphite Inc. Common Shares,$1.32,-0.03,-2.222%,152382,434487016.00,Canada,,Other Metals and Minerals,Basic Materials
NMI,Nuveen Municipal Income Fund Inc. Common Stock,$9.72,0.0138,0.142%,35490,0.00,United States,1988,Trusts Except Educational Religious and Charitable,Finance
NMIH,NMI Holdings Inc. Common Stock,$41.23,-0.34,-0.818%,829243,3101231997.00,United States,2013,Property-Casualty Insurers,Finance
NML,Neuberger Energy Infrastructure and Income Fund Inc. Common Stock,$10.23,-0.13,-1.255%,78650,0.00,United States,2013,Finance/Investors Services,Finance
NMM,Navios Maritime Partners LP Common Units Representing Limited Partner Interests,$91.51,1.38,1.531%,227389,2669191774.00,Greece,2007,Marine Transportation,Consumer Discretionary
NMP,NMP Acquisition Corp. Class A Ordinary Shares,$10.37,-0.01,-0.096%,1545,0.00,United States,2025,Blank Checks,Finance
NMPAR,NMP Acquisition Corp. Right,$0.2334,0.0023,0.995%,1454,0.00,United States,2025,Blank Checks,Finance
NMR,Nomura Holdings Inc ADR American Depositary Shares,$10.06,0.29,2.968%,591119,29187452473.00,Japan,,Investment Bankers/Brokers/Service,Finance
NMRA,Neumora Therapeutics Inc. Common Stock,$0.6776,-0.0255,-3.627%,2315996,127318270.00,United States,2023,Biotechnology: Biological Products (No Diagnostic Substances),Health Care
NMRK,Newmark Group Inc. Class A Common Stock,$13.06,-0.04,-0.305%,2511474,2366845869.00,United States,2017,Real Estate,Finance
NMS,Nuveen Minnesota Quality Municipal Income Fund ,$9.91,-0.06,-0.602%,17171,0.00,United States,2014,Finance Companies,Finance
NMT,Nuveen Massachusetts Quality Municipal Income Fund Common Stock,$10.37,-0.64,-5.813%,239664,0.00,United States,,Finance/Investors Services,Finance
NMTC,NeuroOne Medical Technologies Corporation Common Stock,$1.33,0.00,0.00%,120796,12110665.00,United States,,Medical/Dental Instruments,Health Care
NMZ,Nuveen Municipal High Income Opportunity Fund Common Stock $0.01 par value per share,$9.02,-0.07,-0.77%,1175371,0.00,United States,2003,Finance/Investors Services,Finance
NN,NextNav Inc. Common Stock,$14.38,-0.07,-0.484%,2546597,2427486506.00,United States,,Industrial Machinery/Components,Industrials
NNBR,NN Inc. Common Stock,$3.67,0.07,1.944%,1655787,303071771.00,United States,1994,Industrial Machinery/Components,Industrials
NNDM,Nano Dimension Ltd. American Depositary Shares,$1.57,-0.01,-0.633%,1048610,331017247.00,Israel,,Electrical Products,Technology
NNE,Nano Nuclear Energy Inc. Common Stock,$16.99,-0.03,-0.176%,1329257,912331501.00,United States,2024,Electric Utilities: Central,Utilities
NNI,Nelnet Inc. Common Stock,$124.34,-0.69,-0.552%,108371,4448815321.00,United States,2003,Finance: Consumer Services,Finance
NNN,NNN REIT Inc. Common Stock,$41.30,0.12,0.291%,2005377,7926766820.00,United States,,Real Estate Investment Trusts,Real Estate
NNNN,Anbio Biotechnology Class A Ordinary Shares,$6.30,0.15,2.439%,60298,906514560.00,Germany,2025,Biotechnology: In Vitro & In Vivo Diagnostic Substances,Health Care
NNOX,NANO-X IMAGING LTD Ordinary Shares,$0.6402,-0.0211,-3.191%,1239130,50312446.00,Israel,2020,Medical Electronics,Health Care
NNVC,NanoViricides Inc. Common Stock,$1.44,0.00,0.00%,413386,36759388.00,United States,,Biotechnology: Pharmaceutical Preparations,Health Care
NNY,Nuveen New York Municipal Value Fund Common Stock,$7.77,-0.03,-0.385%,63827,0.00,United States,1988,Investment Managers,Finance
NOA,North American Construction Group Ltd. Common Shares (no par),$12.30,-0.19,-1.521%,60207,340838683.00,Canada,2006,Oilfield Services/Equipment,Energy
NOAH,Noah Holdings Limited American Depositary Shares,$7.92,-0.08,-1.00%,74576,531049123.00,China,2010,Investment Managers,Finance
NOC,Northrop Grumman Corporation Common Stock,$510.52,1.54,0.303%,535556,72526016034.00,United States,,Industrial Machinery/Components,Industrials
NODK,NI Holdings Inc. Common Stock,$14.80,0.07,0.475%,47138,301989900.00,United States,2017,Property-Casualty Insurers,Finance
NOEM,CO2 Energy Transition Corp. Common Stock,$10.58,0.00,0.00%,14,0.00,United States,2025,,
NOEMW,CO2 Energy Transition Corp. Warrant,$0.1217,-0.0131,-9.718%,5552,0.00,United States,2025,,
NOG,Northern Oil and Gas Inc. Common Stock,$23.29,-0.31,-1.314%,1542491,2481529191.00,United States,2022,Oil & Gas Production,Energy
NOK,Nokia Corporation Sponsored American Depositary Shares,$10.39,-0.04,-0.384%,45857613,59661870441.00,Finland,1994,Radio And Television Broadcasting And Communications Equipment,Technology
NOMA,NOMADAR Corp. Class A Common Stock,$1.54,0.01,0.654%,8565,23536635.00,United States,,Services-Misc. Amusement & Recreation,Consumer Discretionary
NOMD,Nomad Foods Limited Ordinary Shares,$10.63,-0.04,-0.375%,1321422,1510375158.00,United Kingdom,2016,Packaged Foods,Consumer Staples
NOV,NOV Inc. Common Stock,$19.86,-0.04,-0.201%,2822532,7079655563.00,United States,,Oil and Gas Field Machinery,Consumer Discretionary
NOVT,Novanta Inc. Common Stock,$143.93,2.40,1.696%,288080,5443111636.00,United States,,Industrial Machinery/Components,Miscellaneous
NOVTU,Novanta Inc. Tangible Equity Units,$60.95,0.52,0.86%,1533,2304993082.00,United States,,Industrial Machinery/Components,Miscellaneous
NOW,ServiceNow Inc. Common Stock,$135.62,-2.16,-1.568%,8239585,140231080000.00,United States,2012,Computer Software: Prepackaged Software,Technology
NP,Neptune Insurance Holdings Inc. Class A Common Stock,$27.51,0.41,1.513%,654823,3775282306.00,,2025,Specialty Insurers,Finance
NPAC,New Providence Acquisition Corp. III Class A Ordinary Shares,$10.49,0.00,0.00%,25162,0.00,United States,2025,Blank Checks,Finance
NPACU,New Providence Acquisition Corp. III Units,$10.50,0.00,0.00%,26,0.00,United States,2025,Blank Checks,Finance
NPACW,New Providence Acquisition Corp. III Warrants,$0.2139,-0.0221,-9.364%,666,0.00,United States,2025,Blank Checks,Finance
NPB,Northpointe Bancshares Inc. Common Stock,$15.37,0.02,0.13%,244777,531522912.00,United States,2025,Major Banks,Finance
NPCE,Neuropace Inc. Common Stock,$14.06,0.09,0.644%,231417,482599292.00,United States,2021,Medical/Dental Instruments,Health Care
NPCT,Nuveen Core Plus Impact Fund Common Shares of Beneficial Interest,$9.37,0.08,0.861%,218697,0.00,United States,2021,Investment Managers,Finance
NPFD,Nuveen Variable Rate Preferred & Income Fund Common Shares,$17.28,0.01,0.058%,50281,0.00,United States,2021,Trusts Except Educational Religious and Charitable,Finance
NPK,National Presto Industries Inc. Common Stock,$144.66,0.56,0.389%,88814,1032303452.00,United States,,Ordnance And Accessories,Industrials
NPKI,NPK International Inc. Common Stock,$11.72,0.04,0.342%,857483,995143958.00,United States,,Misc Corporate Leasing Services,Industrials
NPO,Enpro Inc. Common Stock,$311.43,0.24,0.077%,182514,6592250894.00,United States,,Metal Fabrications,Industrials
NPT,Texxon Holding Limited Ordinary shares,$2.87,-0.04,-1.375%,7760,63670950.00,China,2025,Specialty Chemicals,Consumer Discretionary
NPV,Nuveen Virginia Quality Municipal Income Fund Common Stock,$9.49,-0.06,-0.628%,105913,0.00,United States,1993,Investment Managers,Finance
NPWR,NET Power Inc. Class A Common Stock,$1.63,0.00,0.00%,442438,366519454.00,United States,2021,Industrial Machinery/Components,Energy
NRC,NRC Health Common Stock,$19.57,-0.62,-3.071%,139200,432879907.00,United States,,Biotechnology: Commercial Physical & Biological Resarch,Health Care
NRDS,NerdWallet Inc. Class A Common Stock,$8.50,0.30,3.659%,831231,543346979.00,United States,2021,EDP Services,Technology
NRDY,Nerdy Inc. Class A Common Stock,$8.67,0.00,0.00%,11897,110750519.00,United States,2020,Other Consumer Services,Real Estate
NREF,NexPoint Real Estate Finance Inc. Common Stock,$15.77,0.01,0.063%,52645,297233417.00,United States,2020,Real Estate Investment Trusts,Real Estate
NREF^A,NexPoint Real Estate Finance Inc. 8.50% Series A Cumulative Redeemable Preferred Stock,$25.205,-0.045,-0.178%,1406,,United States,,,
NRG,NRG Energy Inc. Common Stock,$100.37,2.52,2.575%,2620088,21098826179.00,United States,,Electric Utilities: Central,Utilities
NRGV,Energy Vault Holdings Inc. Common Stock,$4.40,0.10,2.326%,2536265,800094108.00,United States,2021,Industrial Machinery/Components,Miscellaneous
NRIM,Northrim BanCorp Inc Common Stock,$24.98,0.36,1.462%,179885,555674255.00,United States,,Savings Institutions,Finance
NRIX,Nurix Therapeutics Inc. Common stock,$23.01,-0.64,-2.706%,1540085,2388016526.00,United States,2020,Biotechnology: Pharmaceutical Preparations,Health Care
NRK,Nuveen New York AMT-Free Quality Municipal Income Fund ,$9.35,-0.06,-0.638%,609587,0.00,United States,2002,Trusts Except Educational Religious and Charitable,Finance
NRO,Neuberger Real Estate Securities Income Fund Inc. Common Stock,$2.64,-0.03,-1.124%,343618,0.00,United States,2003,Finance/Investors Services,Finance
NRP,Natural Resource Partners LP Limited Partnership,$108.78,0.60,0.555%,21423,1441379817.00,United States,2002,Coal Mining,Energy
NRSN,NeuroSense Therapeutics Ltd. Ordinary Shares,$6.95,-0.45,-6.081%,8684,13183469.00,Israel,2021,Biotechnology: Pharmaceutical Preparations,Health Care
NRSNW,NeuroSense Therapeutics Ltd. Warrant,$0.0401,-0.0499,-55.444%,1107,76066.00,Israel,2021,Biotechnology: Pharmaceutical Preparations,Health Care
NRT,North European Oil Royality Trust Common Stock,$8.60,-0.015,-0.174%,13119,79039074.00,United States,,Oil & Gas Production,Energy
NRUC,National Rural Utilities Cooperative Finance Corporation 5.500% Subordinated Notes due 2064 (Subordinated Deferrable Interest Notes),$20.92,0.16,0.771%,8750,0.00,United States,2019,Diversified Financial Services,Finance
NRXP,NRX Pharmaceuticals Inc. Common Stock,$2.995,-0.035,-1.155%,793392,129670822.00,United States,2017,Biotechnology: Pharmaceutical Preparations,Health Care
NRXS,Neuraxis Inc. Common Stock,$7.56,-0.19,-2.452%,144402,94936703.00,United States,2023,Biotechnology: Electromedical & Electrotherapeutic Apparatus,Health Care
NSAI,NorthStrive Acquisition Corp I. Class A Ordinary Shares,$9.88,0.01,0.101%,1145,0.00,United States,2026,,
NSAIR,NorthStrive Acquisition Corp I. Rights,$0.14,0.00,0.00%,53,0.00,United States,2026,,
NSAIU,NorthStrive Acquisition Corp I. Units,$10.0201,-0.0199,-0.198%,338,0.00,United States,2026,,
NSAIW,NorthStrive Acquisition Corp I. Warrants,$0.05,0.00,0.00%,5,0.00,United States,2026,,
NSC,Norfolk Southern Corporation Common Stock,$313.00,-0.17,-0.054%,616892,70302420749.00,United States,,Railroads,Industrials
NSIT,Insight Enterprises Inc. Common Stock,$159.03,-0.70,-0.438%,303636,4667347616.00,United States,1995,Catalog/Specialty Distribution,Consumer Discretionary
NSLR,Neostellar Capital Corp. Common Stock,$7.96,-0.07,-0.872%,158840,210726847.00,United States,2011,Finance: Consumer Services,Finance
NSLRL,Neostellar Capital Corp. 6.00% Notes due 2026,$24.86,-0.125,-0.50%,661,658124299.00,United States,,Finance: Consumer Services,Finance
NSP,Insperity Inc. Common Stock,$47.83,-0.07,-0.146%,534398,1826879764.00,United States,,Professional Services,Consumer Discretionary
NSPR,InspireMD Inc. Common Stock,$0.70,0.00,0.00%,52676,32542383.00,Israel,,Medical/Dental Instruments,Health Care
NSRX,Nasus Pharma Ltd. Ordinary Shares,$3.48,0.00,0.00%,20959,40753612.00,,2025,Biotechnology: Pharmaceutical Preparations,Health Care
NSSC,NAPCO Security Technologies Inc. Common Stock,$35.66,-0.02,-0.056%,303580,1275502463.00,United States,,Telecommunications Equipment,Telecommunications
NSTS,NSTS Bancorp Inc. Common Stock,$14.12,0.01,0.071%,21238,74174210.00,United States,2022,Savings Institutions,Finance
NSYS,Nortech Systems Incorporated Common Stock,$11.28,0.05,0.445%,6318,32190480.00,United States,,Industrial Machinery/Components,Technology
NTAP,NetApp Inc. Common Stock,$201.145,3.905,1.98%,1426280,39508700761.00,United States,1995,Electronic Components,Technology
NTB,Bank of N.T. Butterfield & Son Limited (The) Voting Ordinary Shares,$58.95,0.29,0.494%,101727,2358000000.00,Bermuda,2016,Commercial Banks,Finance
NTCL,NETCLASS TECHNOLOGY INC Class A Ordinary Shares,$2.12,0.03,1.435%,14691,5149179.00,China,2024,Computer Software: Prepackaged Software,Technology
NTCT,NetScout Systems Inc. Common Stock,$39.44,0.19,0.484%,465782,2867576385.00,United States,1999,EDP Services,Technology
NTES,NetEase Inc. American Depositary Shares,$115.41,-2.15,-1.829%,401814,73646364598.00,China,,Computer Software: Prepackaged Software,Technology
NTGR,NETGEAR Inc. Common Stock,$22.07,-0.05,-0.226%,274056,599840993.00,United States,2003,Telecommunications Equipment,Utilities
NTHI,NeOnc Technologies Holdings Inc. Common Stock,$3.31,0.01,0.303%,135450,98525774.00,United States,,Biotechnology: Pharmaceutical Preparations,Health Care
NTIC,Northern Technologies International Corporation Common Stock,$7.80,-0.05,-0.637%,3998,74072224.00,United States,,Industrial Specialties,Industrials
NTIP,Network-1 Technologies Inc. Common Stock,$1.59,0.03,1.923%,15484,36352458.00,United States,,Multi-Sector Companies,Miscellaneous
NTLA,Intellia Therapeutics Inc. Common Stock,$11.75,-0.41,-3.372%,2985702,1646488643.00,United States,2016,Biotechnology: In Vitro & In Vivo Diagnostic Substances,Health Care
NTNX,Nutanix Inc. Class A Common Stock,$68.03,-0.56,-0.816%,1772792,18406889277.00,United States,2016,Computer Software: Prepackaged Software,Technology
NTR,Nutrien Ltd. Common Shares,$72.23,-1.73,-2.339%,3103081,34812132090.00,Canada,2004,Agricultural Chemicals,Industrials
NTRA,Natera Inc. Common Stock,$412.56,3.77,0.922%,1612843,59468118775.00,United States,2015,Medical Specialities,Health Care
NTRB,Nutriband Inc. Common Stock,$8.00,-0.99,-11.012%,410069,97245464.00,United States,,Industrial Specialties,Health Care
NTRBW,Nutriband Inc. Warrant,$1.31,-1.19,-47.60%,14230,15923945.00,United States,,Industrial Specialties,Health Care
NTRP,NextTrip Inc. Common Stock,$1.93,0.06,3.209%,50024,29116175.00,United States,,Transportation Services,Consumer Discretionary
NTRS,Northern Trust Corporation Common Stock,$175.73,1.23,0.705%,924662,32150796902.00,United States,,Major Banks,Finance
NTRSO,Northern Trust Corporation Depositary Shares Each Representing a 1/1000th Interest in a Share of Series E Non-Cumulative Perpetual Preferred Stock,$18.24,-0.07,-0.382%,124796,3337111111.00,United States,,Major Banks,Finance
NTSK,Netskope Inc. Class A Common Stock,$17.67,-0.90,-4.847%,5859426,7219745507.00,United States,2025,Computer Software: Prepackaged Software,Technology
NTST,NetSTREIT Corp. Common Stock,$18.21,-0.26,-1.408%,4771754,1848824844.00,United States,2020,Real Estate Investment Trusts,Real Estate
NTWK,NetSol Technologies Inc. Common  Stock,$4.90,0.15,3.158%,89560,58194429.00,United States,,Computer Software: Prepackaged Software,Technology
NTWO,Newbury Street II Acquisition Corp Class A Ordinary Shares,$10.86,0.00,0.00%,52942,0.00,United States,2024,,
NTWOW,Newbury Street II Acquisition Corp Warrant,$1.1599,0.1299,12.612%,10002,0.00,United States,2024,,
NU,Nu Holdings Ltd. Class A Ordinary Shares,$13.59,0.03,0.221%,52838859,65988604659.00,Cayman Islands,2021,Finance: Consumer Services,Finance
NUAI,New Era Energy & Digital Inc. Common Stock,$7.06,0.12,1.729%,7851967,752308933.00,United States,,Oil & Gas Production,Energy
NUAIW,New Era Energy & Digital Inc. Warrants,$3.58,0.28,8.485%,3383,381482434.00,United States,,Oil & Gas Production,Energy
NUCL,Eagle Nuclear Energy Corp. Common stock,$6.16,0.05,0.818%,187209,182211556.00,United States,,Other Metals and Minerals,Basic Materials
NUCLW,Eagle Nuclear Energy Corp. Warrants,$0.60,-0.01,-1.639%,35943,17747879.00,United States,,Other Metals and Minerals,Basic Materials
NUE,Nucor Corporation Common Stock,$247.25,-0.71,-0.286%,1012811,56095010891.00,United States,,Steel/Iron Ore,Industrials
NUR,Nuran Wireless Inc. Common Shares,$1.07,0.00,0.00%,123929,14118329.00,Canada,,,
NUS,Nu Skin Enterprises Inc. Common Stock,$4.63,0.01,0.216%,369988,225372815.00,United States,1996,Other Pharmaceuticals,Health Care
NUTX,Nutex Health Inc. Common Stock,$220.11,15.52,7.586%,211332,1507307337.00,United States,,Business Services,Consumer Discretionary
NUV,Nuveen Municipal Value Fund Inc. Common Stock,$8.18,0.05,0.615%,2303577,0.00,United States,1987,Trusts Except Educational Religious and Charitable,Finance
NUVB,Nuvation Bio Inc. Class A Common Stock,$5.74,0.01,0.175%,2817230,2015447357.00,United States,2020,Biotechnology: Pharmaceutical Preparations,Health Care
NUW,Nuveen AMT-Free Municipal Value Fund,$12.98,0.025,0.193%,86184,0.00,United States,2009,Investment Managers,Finance
NUWE,Nuwellis Inc. Common Stock,$0.7758,-0.0312,-3.866%,147798,2829547.00,United States,,Biotechnology: Electromedical & Electrotherapeutic Apparatus,Health Care
NVA,Nova Minerals Corp Common Stock,$5.60,0.43,8.317%,888021,2525757937.00,,2026,Precious Metals,Basic Materials
NVAX,Novavax Inc. Common Stock,$10.63,0.03,0.283%,3910301,1753373067.00,United States,,Biotechnology: Biological Products (No Diagnostic Substances),Health Care
NVCR,NovoCure Limited Ordinary Shares,$15.84,-0.36,-2.222%,1028088,1844502106.00,Jersey,2015,Medical/Dental Instruments,Health Care
NVCT,Nuvectis Pharma Inc. Common Stock,$20.22,-1.41,-6.519%,191821,659456415.00,United States,2022,Biotechnology: Pharmaceutical Preparations,Health Care
NVDA,NVIDIA Corporation Common Stock,$225.07,0.49,0.218%,90284874,5424187000000.00,United States,1999,Semiconductors,Technology
NVEC,NVE Corporation Common Stock,$109.13,2.48,2.325%,77015,527879926.00,United States,,Semiconductors,Technology
NVG,Nuveen AMT-Free Municipal Credit Income Fund ,$10.80,-0.14,-1.28%,2525257,0.00,United States,2002,Investment Managers,Finance
NVGS,Navigator Holdings Ltd. Ordinary Shares (Marshall Islands),$23.02,-0.32,-1.371%,370225,1420333332.00,Marshall Islands,2013,Marine Transportation,Consumer Discretionary
NVMI,Nova Ltd. Ordinary Shares,$368.23,1.43,0.39%,308646,11703443780.00,Israel,2000,Electronic Components,Technology
NVNI,Nvni Group Limited Ordinary Shares,$0.94,-0.0199,-2.073%,6455,10990605.00,Cayman Islands,,Computer Software: Prepackaged Software,Technology
NVNIW,Nvni Group Limited Warrants,$0.0163,-0.0005,-2.976%,4282,190582.00,Cayman Islands,,Computer Software: Prepackaged Software,Technology
NVNO,enVVeno Medical Corporation Common Stock,$8.67,-0.42,-4.62%,444,6024141.00,United States,2018,Medical/Dental Instruments,Health Care
NVO,Novo Nordisk A/S Common Stock,$38.80,0.18,0.466%,10061960,171803704176.00,Denmark,,Biotechnology: Pharmaceutical Preparations,Health Care
NVR,NVR Inc. Common Stock,$6297.60,62.11,0.996%,24945,16782222336.00,United States,1998,Homebuilding,Consumer Discretionary
NVRI,Enviri Corporation Common Stock,$19.15,-0.28,-1.441%,278419,539840779.00,,2026,Diversified Commercial Services,Miscellaneous
NVS,Novartis AG Common Stock,$145.46,1.89,1.316%,1165780,277559743227.00,Switzerland,,Biotechnology: Pharmaceutical Preparations,Health Care
NVST,Envista Holdings Corporation Common Stock,$23.95,-0.12,-0.499%,3245286,3846794131.00,United States,2019,Medical/Dental Instruments,Health Care
NVT,nVent Electric plc Ordinary Shares ,$164.41,1.53,0.939%,1443108,26611063751.00,United Kingdom,2018,Industrial Machinery/Components,Industrials
NVTS,Navitas Semiconductor Corporation Common Stock,$12.20,0.36,3.041%,9900235,3185340554.00,United States,,Semiconductors,Technology
NVX,NOVONIX Limited American Depository Shares,$2.68,0.04,1.515%,7482,57681182.00,Australia,,Industrial Machinery/Components,Miscellaneous
NWAX,New America Acquisition I Corp. Class A Common Stock,$10.07,0.00,0.00%,24094,0.00,,2026,Blank Checks,Finance
NWBI,Northwest Bancshares Inc. Common Stock,$15.31,0.13,0.856%,813283,2242289158.00,United States,2009,Major Banks,Finance
NWCL,newcleo plc Ordinary Shares,$7.425,-0.275,-3.571%,281368,3782138555.00,United Kingdom,,Metal Fabrications,Industrials
NWCLW,newcleo plc Warrants,$0.86,-0.13,-13.131%,43295,438065880.00,United Kingdom,,Metal Fabrications,Industrials
NWE,NorthWestern Energy Group Inc. Common Stock,$68.84,0.77,1.131%,883048,4234888794.00,United States,,Power Generation,Utilities
NWFL,Norwood Financial Corp. Common Stock,$33.78,0.12,0.357%,28841,368272060.00,United States,,Major Banks,Finance
NWG,NatWest Group plc American Depositary Shares (each representing two (2) Ordinary Shares),$18.49,0.35,1.929%,4828233,73498389625.00,United Kingdom,2022,Commercial Banks,Finance
NWGL,CL Workshop Group Limited American Depositary Shares,$1.42,-0.015,-1.045%,67486,40971494.00,China,2023,Forest Products,Basic Materials
NWL,Newell Brands Inc. Common Stock,$5.43,-0.16,-2.862%,6733121,2312637000.00,United States,,Plastic Products,Industrials
NWN,Northwest Natural Holding Company Common Stock,$47.04,0.07,0.149%,272699,1980080028.00,United States,,Oil/Gas Transmission,Utilities
NWPX,NWPX Infrastructure Inc. Common Stock,$102.83,1.49,1.47%,78483,990993482.00,United States,1995,Steel/Iron Ore,Industrials
NWS,News Corporation Class B Common Stock,$31.75,0.19,0.602%,698042,17159160595.00,United States,,Newspapers/Magazines,Consumer Discretionary
NWSA,News Corporation Class A Common Stock,$28.49,0.05,0.176%,2835319,15397306625.00,United States,,Newspapers/Magazines,Consumer Discretionary
NWTG,Newton Golf Company Inc. Common Stock,$1.04,0.077,7.996%,175249,5639167.00,United States,2023,Recreational Games/Products/Toys,Consumer Discretionary
NX,Quanex Building Products Corporation Common Stock,$19.74,0.46,2.386%,312289,904609346.00,United States,,Metal Fabrications,Industrials
NXAT,Nexus Advanced Technologies Inc. Ordinary Shares,$1.17,0.015,1.299%,16329,3170996.00,Cayman Islands,,Movies/Entertainment,Consumer Discretionary
NXATW,Nexus Advanced Technologies Inc. Warrant,$0.0132,-0.0004,-2.941%,1267,35775.00,Cayman Islands,,Movies/Entertainment,Consumer Discretionary
NXB,NextBoat Inc. Common Stcok,$2.02,-0.06,-2.885%,7913,50788648.00,,2025,Marine Transportation,Industrials
NXDR,Nextdoor Holdings Inc. Class A Common Stock,$2.51,0.09,3.719%,2270731,970989489.00,United States,,Computer Software: Programming Data Processing,Technology
NXDT,NexPoint Diversified Real Estate Trust Common Stock,$5.21,0.00,0.00%,166926,276682401.00,United States,,Real Estate Investment Trusts,Real Estate
NXDT^A,NexPoint Diversified Real Estate Trust 5.50% Series A Cumulative Preferred Shares ($25.00 liquidation preference per share),$12.80,-0.1501,-1.159%,8016,,United States,,,
NXE,Nexgen Energy Ltd. Common Shares,$9.19,-0.08,-0.863%,2501793,6161951068.00,Canada,2017,Other Metals and Minerals,Basic Materials
NXG,NXG NextGen Infrastructure Income Fund Common Shares of Beneficial Interest,$54.49,-0.46,-0.837%,40434,141767396.00,United States,2012,,
NXGL,NexGel Inc Common Stock,$0.174,-0.088,-33.588%,3671540,1696093.00,United States,2021,Medical/Dental Instruments,Health Care
NXGLW,NexGel Inc Warrant,$0.0124,0.00,0.00%,7574,120871.00,United States,2021,Medical/Dental Instruments,Health Care
NXH,Neighborhood Intelligence Inc. Common Stock,$3.27,-0.03,-0.909%,2219524,312277423.00,United States,2026,Catalog/Specialty Distribution,Consumer Discretionary
NXL,Nexalin Technology Inc. Common Stock,$4.39,0.0355,0.815%,2179,3641066.00,United States,2022,Biotechnology: Electromedical & Electrotherapeutic Apparatus,Health Care
NXP,Nuveen Select Tax Free Income Portfolio Common Stock,$13.06,0.11,0.849%,508396,611196416.00,United States,1992,Trusts Except Educational Religious and Charitable,Finance
NXPI,NXP Semiconductors N.V. Common Stock,$238.08,7.92,3.441%,2929059,60035246546.00,Netherlands,2010,Semiconductors,Technology
NXPL,NextPlat Corp Common Stock,$9.01,-0.04,-0.442%,6336,24446130.00,United States,,Telecommunications Equipment,Telecommunications
NXRT,NexPoint Residential Trust Inc. Common Stock,$19.64,-0.54,-2.676%,1183406,501798327.00,United States,2015,Real Estate Investment Trusts,Real Estate
NXST,Nexstar Media Group Inc. Common Stock,$162.10,0.57,0.353%,287364,4994025592.00,United States,2003,Broadcasting,Industrials
NXT,Nextpower Inc. Common Stock,$80.85,0.88,1.10%,1454961,12267331692.00,United States,2023,Semiconductors,Technology
NXTC,NextCure Inc. Common Stock,$5.08,-0.20,-3.788%,71787,23252984.00,United States,2019,Biotechnology: Pharmaceutical Preparations,Health Care
NXTS,Nexentis Technologies Inc. Common Stock,$1.47,0.01,0.685%,25752,2136400.00,Israel,,Agricultural Chemicals,Industrials
NXTT,Next Technology Holding Inc. Ordinary Shares,$5.67,-0.005,-0.088%,13990,8351695.00,China,,EDP Services,Technology
NXXT,NextNRG Inc. Common Stock,$0.8509,-0.0257,-2.932%,158388,14306475.00,United States,2021,Retail-Auto Dealers and Gas Stations,Consumer Discretionary
NYAX,Nayax Ltd. Ordinary Shares,$45.03,0.28,0.626%,20997,1682284551.00,Israel,,Computer Software: Prepackaged Software,Technology
NYC,American Strategic Investment Co. Class A Common Stock,$6.50,0.00,0.00%,4478,20563608.00,,2020,Real Estate Investment Trusts,Real Estate
NYT,New York Times Company (The) Common Stock,$63.83,0.78,1.237%,3631116,10244897681.00,United States,,Newspapers/Magazines,Consumer Discretionary
NYXH,Nyxoah SA Ordinary Shares,$1.45,0.18,14.173%,264088,145105582.00,Belgium,2021,Medical/Dental Instruments,Health Care
NZF,Nuveen Municipal Credit Income Fund ,$11.04,-0.03,-0.271%,1404939,0.00,United States,2007,Finance Companies,Finance
O,Realty Income Corporation Common Stock,$55.54,0.13,0.235%,11970607,52552949553.00,United States,,Real Estate Investment Trusts,Real Estate
OABI,OmniAb Inc. Common Stock,$4.61,-0.18,-3.758%,783607,670249735.00,United States,2021,Biotechnology: Commercial Physical & Biological Resarch,Health Care
OABIW,OmniAb Inc. Warrant,$0.3675,0.00,0.00%,43,53430971.00,United States,2021,Biotechnology: Commercial Physical & Biological Resarch,Health Care
OACC,Oaktree Acquisition Corp. III Life Sciences Class A Ordinary Share,$10.78,0.00,0.00%,2896,0.00,United States,2024,Blank Checks,Finance
OAK^A,Brookfield Oaktree Holdings LLC 6.625% Series A Preferred Units,$20.70,0.325,1.595%,19795,,United States,,,
OAK^B,Brookfield Oaktree Holdings LLC 6.550% Series B Preferred Units,$20.26,0.135,0.671%,23441,,United States,,,
OBA,Oxley Bridge Acquisition Limited Class A Ordinary Shares,$10.34,0.00,0.00%,3623,0.00,Hong Kong,2025,Blank Checks,Finance
OBAI,Our Bond Inc. Common Stock,$0.2291,-0.0049,-2.094%,871191,6867393.00,United States,,Telecommunications Equipment,Consumer Discretionary
OBDC,Blue Owl Capital Corporation Common Stock,$10.81,0.01,0.093%,2948705,5330871171.00,United States,2019,Diversified Financial Services,Finance
OBE,Obsidian Energy Ltd. Common Shares,$10.69,-0.56,-4.978%,1072036,713296343.00,Canada,2022,Oil & Gas Production,Energy
OBIO,Orchestra BioMed Holdings Inc. Ordinary Shares,$5.95,0.00,0.00%,248783,357625042.00,United States,2020, Medicinal Chemicals and Botanical Products ,Health Care
OBK,Origin Bancorp Inc. Common Stock,$53.64,0.34,0.638%,139910,1654776728.00,United States,,Major Banks,Finance
OBT,Orange County Bancorp Inc. Common Stock,$37.82,0.44,1.177%,59766,507089161.00,United States,,Major Banks,Finance
OBX,Obsidian Therapeutics Inc. Common Stock,$12.86,-0.55,-4.101%,454574,794399185.00,United States,,Biotechnology: Pharmaceutical Preparations,Health Care
OC,Owens Corning Inc Common Stock New,$123.91,3.19,2.642%,632797,9794922311.00,United States,,Industrial Machinery/Components,Industrials
OCAC,Ocean Capital Acquisition Corporation Ordinary Shares,$9.98,0.00,0.00%,6,0.00,,2026,Blank Checks,Finance
OCC,Optical Cable Corporation Common Stock,$14.53,0.25,1.751%,122675,128474609.00,United States,,Telecommunications Equipment,Industrials
OCCI,OFS Credit Company Inc. Common Stock,$2.27,0.00,0.00%,107905,26369478.00,United States,2018,Trusts Except Educational Religious and Charitable,Finance
OCCIM,OFS Credit Company Inc. 7.875% Series F Term Preferred Stock,$24.97,0.10,0.402%,2335,0.00,United States,,,
OCCIN,OFS Credit Company Inc. 5.25% Series E Term Preferred Stock Due 2026,$24.95,0.03,0.12%,2553,289831925.00,United States,,Trusts Except Educational Religious and Charitable,Finance
OCFC,OceanFirst Financial Corp. Common Stock,$17.10,0.23,1.363%,995161,1652633245.00,United States,,Major Banks,Finance
OCG,Oriental Culture Holding LTD Ordinary Shares,$1.49,-0.04,-2.614%,50101,2888085.00,China,2020,Other Consumer Services,Consumer Discretionary
OCGN,Ocugen Inc. Common Stock,$1.02,0.02,2.00%,8694560,345892609.00,United States,2014,Biotechnology: Biological Products (No Diagnostic Substances),Health Care
OCLT,OceanLight Acquisition Corporation Ordinary Shares,$9.89,-0.01,-0.101%,664,0.00,United States,2026,Blank Checks,Finance
OCLTR,OceanLight Acquisition Corporation Rights,$0.17,0.015,9.677%,329,0.00,United States,2026,Blank Checks,Finance
OCS,Oculis Holding AG Ordinary shares,$9.27,-0.14,-1.488%,239627,537515740.00,Switzerland,,Biotechnology: Pharmaceutical Preparations,Health Care
OCSAW,Oculis Holding AG Warrants,$2.785,-0.215,-7.167%,6308,161486660.00,Switzerland,,Biotechnology: Pharmaceutical Preparations,Health Care
OCSL,Oaktree Specialty Lending Corporation Common Stock,$12.10,0.02,0.166%,410842,1065834828.00,United States,,Finance: Consumer Services,Finance
OCTV,Octave Intelligence plc Class B Ordinary Shares,$18.83,-0.22,-1.155%,1318142,5054683548.00,United States,,Computer Software: Prepackaged Software,Technology
OCUL,Ocular Therapeutix Inc. Common Stock,$9.65,-0.17,-1.731%,1621525,2119293126.00,United States,2014,Biotechnology: Pharmaceutical Preparations,Health Care
ODC,Oil-Dri Corporation Of America Common Stock,$88.60,-4.00,-4.32%,250587,1283666481.00,United States,,Miscellaneous manufacturing industries,Consumer Discretionary
ODD,ODDITY Tech Ltd. Class A Ordinary Shares,$18.64,0.57,3.154%,712203,1056080608.00,Israel,2023,Package Goods/Cosmetics,Consumer Discretionary
ODFL,Old Dominion Freight Line Inc. Common Stock,$173.30,-1.63,-0.932%,1240738,35934902593.00,United States,1991,Trucking Freight/Courier Services,Industrials
ODTX,Odyssey Therapeutics Inc. Common Stock,$20.51,0.58,2.91%,237787,985680389.00,United States,2026,Biotechnology: Biological Products (No Diagnostic Substances),Health Care
ODYS,Odysight.ai Inc. Common Stock,$3.02,-0.12,-3.822%,13679,61138103.00,Israel,,EDP Services,Technology
OEC,Orion S.A. Common Shares,$5.89,-0.13,-2.159%,446953,332918697.00,Luxembourg,2014,Major Chemicals,Industrials
OESX,Orion Energy Systems Inc. Common Stock,$30.59,1.34,4.581%,50772,125091259.00,United States,2015,Building Products,Consumer Discretionary
OFAL,OFA Group Class A Ordinary Shares,$0.50,-0.0088,-1.73%,2442367,13226741.00,Hong Kong,2025,Military/Government/Technical,Consumer Discretionary
OFG,OFG Bancorp Common Stock,$51.94,0.20,0.387%,235566,2195269758.00,Puerto Rico,,Major Banks,Finance
OFIX,Orthofix Medical Inc. Common Stock (DE),$9.44,0.28,3.057%,743756,384515820.00,Curacao,1992,Medical/Dental Instruments,Health Care
OFLX,Omega Flex Inc. Common Stock,$25.54,0.37,1.47%,33977,257808984.00,United States,,Industrial Specialties,Industrials
OFRM,Once Upon a Farm PBC Common Stock,$16.26,-0.24,-1.455%,269345,682768018.00,,2026,Packaged Foods,Consumer Staples
OFS,OFS Capital Corporation Common Stock,$3.59,0.01,0.279%,19223,48099100.00,United States,,Finance/Investors Services,Finance
OFSSH,OFS Capital Corporation 4.95% Notes due 2028,$23.84,0.00,0.00%,107,319410180.00,United States,,Finance Companies,Finance
OGC,OceanaGold Corporation Common Shares,$28.13,0.13,0.464%,387674,6307252987.00,,2026,,
OGE,OGE Energy Corp Common Stock,$44.81,0.53,1.197%,2275027,9256907470.00,United States,,Electric Utilities: Central,Utilities
OGEN,Oragenics Inc. Common Stock,$0.4878,-0.0152,-3.022%,13351,2200933.00,United States,,Biotechnology: Pharmaceutical Preparations,Health Care
OGG,Osisko Gold Group Inc. Common Shares,$2.77,0.04,1.465%,1796779,847170808.00,Canada,2022,Precious Metals,Basic Materials
OGGWZ,Osisko Gold Group Inc. Warrant expiring 5/27/2027,$0.0352,0.0101,40.239%,381,10765492.00,Canada,,Precious Metals,Basic Materials
OGI,Organigram Global Inc. Common Shares,$1.10,0.00,0.00%,246654,155107147.00,Canada,,Biotechnology: Pharmaceutical Preparations,Health Care
OGN,Organon & Co. Common Stock ,$13.73,0.01,0.073%,1394248,3605627515.00,United States,2021,Biotechnology: Pharmaceutical Preparations,Health Care
OGS,ONE Gas Inc. Common Stock,$71.80,-0.15,-0.208%,789647,4513080186.00,United States,2014,Oil/Gas Transmission,Utilities
OHAC,Oceanhawk Acquisition Corp. Class A Ordinary Shares,$10.00,0.01,0.10%,547,0.00,United States,2026,,
OHI,Omega Healthcare Investors Inc. Common Stock,$46.28,-0.05,-0.108%,1374188,14023441640.00,United States,1992,Real Estate Investment Trusts,Real Estate
OI,O-I Glass Inc. Common Stock,$5.86,0.00,0.00%,3820282,900446117.00,United States,,Containers/Packaging,Consumer Discretionary
OIA,Invesco Municipal Income Opportunities Trust Common Stock,$5.49,0.02,0.366%,202312,261354684.00,United States,,Finance Companies,Finance
OIG,Orion180 Insurance Group Inc. Class A common stock,$9.57,-0.29,-2.941%,456703,947740566.00,United States,2026,Specialty Insurers,Finance
OII,Oceaneering International Inc. Common Stock,$46.26,-0.41,-0.879%,900135,4604241378.00,United States,,Oilfield Services/Equipment,Energy
OIM,OneIM Acquisition Corp. Class A Ordinary Shares,$10.15,0.00,0.00%,10,0.00,United States,2026,,
OIMAW,OneIM Acquisition Corp. Warrant,$0.655,-0.0028,-0.426%,2311,0.00,United States,2026,,
OIO,OIO Group Ordinary Shares,$1.65,-0.029,-1.727%,106672,574236478.00,Singapore,,Environmental Services,Utilities
OIS,Oil States International Inc. Common Stock,$8.28,-0.03,-0.361%,585289,499471285.00,United States,2001,Oil and Gas Field Machinery,Consumer Discretionary
OKE,ONEOK Inc. Common Stock,$88.63,-2.55,-2.797%,2944093,55869663586.00,United States,,Oil & Gas Production,Utilities
OKLO,Oklo Inc. Class A common stock,$38.04,-0.25,-0.653%,6777984,7076111406.00,United States,2021,Electric Utilities: Central,Utilities
OKTA,Okta Inc. Class A Common Stock,$195.19,-11.45,-5.541%,3994477,34123296936.00,United States,2017,Computer Software: Prepackaged Software,Technology
OKUR,OnKure Therapeutics Inc. Class A Common Stock,$2.90,-0.03,-1.024%,91436,117439296.00,United States,2021,Biotechnology: Pharmaceutical Preparations,Health Care
OKYO,OKYO Pharma Limited Ordinary Shares,$1.38,0.00,0.00%,87738,72421747.00,Guernsey,2022,Biotechnology: Biological Products (No Diagnostic Substances),Health Care
OLB,The OLB Group Inc. Common Stock,$0.2034,-0.0063,-3.004%,530227,4888298.00,United States,,Business Services,Consumer Discretionary
OLED,Universal Display Corporation Common Stock,$77.39,3.95,5.379%,651237,3557373361.00,United States,,Electrical Products,Technology
OLLI,Ollie's Bargain Outlet Holdings Inc. Common Stock,$84.25,-0.19,-0.225%,1840491,5004652453.00,United States,2015,Department/Specialty Retail Stores,Consumer Discretionary
OLMA,Olema Pharmaceuticals Inc. Common Stock,$8.75,-0.29,-3.208%,1382832,765604061.00,United States,2020,Biotechnology: Pharmaceutical Preparations,Health Care
OLN,Olin Corporation Common Stock,$16.40,0.14,0.861%,1685046,1869312836.00,United States,,Major Chemicals,Industrials
OLOX,Olenox Industries Inc. Common Stock,$0.8649,0.0355,4.28%,216606,1435169.00,United States,2017,RETAIL: Building Materials,Consumer Discretionary
OLP,One Liberty Properties Inc. Common Stock,$22.49,0.01,0.044%,104123,490844790.00,United States,1986,Real Estate Investment Trusts,Real Estate
OM,Outset Medical Inc. Common Stock,$3.05,-0.08,-2.556%,169047,57331350.00,United States,2020,Biotechnology: Electromedical & Electrotherapeutic Apparatus,Health Care
OMAB,Grupo Aeroportuario del Centro Norte S.A.B. de C.V. ADS,$103.03,1.97,1.949%,112712,4973379469.00,Mexico,2006,Aerospace,Consumer Discretionary
OMC,Omnicom Group Inc. Common Stock,$76.15,1.45,1.941%,2896163,20891445387.00,United States,,Advertising,Consumer Discretionary
OMCL,Omnicell Inc. Common Stock ($0.001 par value),$33.66,0.63,1.907%,508799,1535396995.00,United States,2001,Computer Manufacturing,Technology
OMDA,Omada Health Inc. Common Stock,$19.66,-0.06,-0.304%,873827,1203520381.00,United States,2025,Medical/Nursing Services,Health Care
OMER,Omeros Corporation Common Stock,$20.08,-0.05,-0.248%,942120,1453557385.00,United States,2009,Biotechnology: Pharmaceutical Preparations,Health Care
OMEX,Odyssey Marine Exploration Inc. Common Stock,$0.7035,0.0019,0.271%,286767,41289392.00,United States,,Marine Transportation,Consumer Discretionary
OMF,OneMain Holdings Inc. Common Stock,$57.36,0.69,1.218%,732783,6598778662.00,United States,2013,Finance: Consumer Services,Finance
OMH,Ohmyhome Limited Class A Ordinary Shares,$2.35,-0.08,-3.292%,47887,3968419.00,Singapore,2023,Real Estate,Finance
OMSE,OMS Energy Technologies Inc. Ordinary Shares,$4.36,0.15,3.563%,10007,185076349.00,Singapore,2025,Oil and Gas Field Machinery,Consumer Discretionary
ON,ON Semiconductor Corporation Common Stock,$77.20,4.05,5.537%,11201115,30055396924.00,United States,,Semiconductors,Technology
ONB,Old National Bancorp Common Stock,$25.49,0.40,1.594%,4368688,9751709300.00,United States,,Major Banks,Finance
ONBPO,Old National Bancorp Depositary Shares Each Representing a 1/40th Interest in a Share of Series C Preferred Stock,$24.775,-0.085,-0.342%,8896,9478171750.00,United States,,Major Banks,Finance
ONBPP,Old National Bancorp Depositary Shares Each Representing a 1/40th Interest in a Share of Series A Preferred Stock,$24.86,-0.025,-0.10%,1781,9510690200.00,United States,,Major Banks,Finance
ONC,BeOne Medicines Ltd. American Depositary Shares,$360.85,0.88,0.244%,377179,41029322315.00,Cayman Islands,2016,Biotechnology: Pharmaceutical Preparations,Health Care
ONCH,1RT Acquisition Corp. Class A Ordinary Share,$10.32,0.00,0.00%,10,0.00,United States,2025,,
ONCHU,1RT Acquisition Corp. Units,$10.43,0.00,0.00%,8,0.00,United States,2025,,
ONCHW,1RT Acquisition Corp. Warrant,$0.4499,0.0499,12.475%,1500,0.00,United States,2025,Blank Checks,Finance
ONCO,Onconetix Inc. Common Stock,$1.03,0.1191,13.075%,47785659,4511938.00,United States,2022,Biotechnology: Pharmaceutical Preparations,Health Care
ONCY,Oncolytics Biotech Inc. Common Stock,$0.6833,0.0041,0.604%,826243,87127928.00,Canada,,Biotechnology: Pharmaceutical Preparations,Health Care
ONDS,Ondas Inc. Common Stock,$7.64,0.04,0.526%,70950407,4448792620.00,United States,,Radio And Television Broadcasting And Communications Equipment,Technology
ONEG,OneConstruction Group Limited Ordinary Shares,$1.02,0.01,0.99%,28396,16320000.00,Hong Kong,2024,Homebuilding,Consumer Discretionary
ONEN,ONE Nuclear Energy Inc. Common Stock  ,$2.50,-0.97,-27.954%,958380,,United States,2025,,
ONEW,OneWater Marine Inc. Class A Common Stock,$9.91,0.01,0.101%,84702,165156284.00,United States,2020,Auto & Home Supply Stores,Consumer Discretionary
ONFO,Onfolio Holdings Inc. Common Stock,$0.91,0.0751,8.995%,823124,2274316.00,United States,2022,EDP Services,Technology
ONFOW,Onfolio Holdings Inc. Warrant,$0.0142,0.0005,3.65%,26628,35489.00,United States,2022,EDP Services,Technology
ONIT,Onity Group Inc. Common Stock,$30.75,-0.26,-0.838%,65512,256901490.00,United States,,Finance: Consumer Services,Finance
ONL,Orion Properties Inc. Common Stock,$2.51,-0.01,-0.397%,269129,143182232.00,United States,2021,Real Estate Investment Trusts,Real Estate
ONMD,OneMedNet Corp Class A Common Stock,$0.65,-0.055,-7.801%,1446105,38536193.00,United Kingdom,2021,Biotechnology: Commercial Physical & Biological Resarch,Health Care
ONMDW,OneMedNet Corp Warrant,$0.0295,0.00,0.00%,150,1748950.00,United Kingdom,2021,Biotechnology: Commercial Physical & Biological Resarch,Health Care
ONON,On Holding AG Class A Ordinary Shares,$29.96,-0.50,-1.641%,12744854,18078794857.00,,2021,Shoe Manufacturing,Consumer Discretionary
ONT,Onterris Inc. Common Stock,$14.00,-2.82,-16.766%,1250748,491643936.00,United States,2020,Professional Services,Consumer Discretionary
ONTO,Onto Innovation Inc. Common Stock,$287.64,7.91,2.828%,417456,14115716407.00,United States,,Industrial Machinery/Components,Industrials
OOMA,Ooma Inc. Common Stock,$21.77,-0.15,-0.684%,335118,600852000.00,United States,2015,EDP Services,Technology
OPAD,Offerpad Solutions Inc. Class A Common Stock,$3.36,0.00,0.00%,18160,16238037.00,United States,,Real Estate,Finance
OPAL,OPAL Fuels Inc. Class A Common Stock,$1.85,0.01,0.543%,318431,323176500.00,United States,2021,Natural Gas Distribution,Utilities
OPBK,OP Bancorp Common Stock,$15.18,0.07,0.463%,30644,226677096.00,United States,2018,Major Banks,Finance
OPCH,Option Care Health Inc. Common Stock,$23.07,0.13,0.567%,1168915,3455545556.00,United States,,Medical/Nursing Services,Health Care
OPEN,Opendoor Technologies Inc Common Stock,$2.57,0.04,1.581%,22382891,2495703999.00,United States,,Real Estate,Finance
OPENL,Opendoor Technologies Inc  Series A Warrants each whole warrant exercisable to purchase one share of Common Stock at an exercise price of $13.00 per warrant,$0.075,-0.0005,-0.662%,640849,72831829.00,United States,,Real Estate,Finance
OPENW,Opendoor Technologies Inc  Series K Warrants each whole warrant exercisable to purchase one share of Common Stock at an exercise price of $9.00 per warrant,$0.1285,-0.0017,-1.306%,129983,124785200.00,United States,,Real Estate,Finance
OPENZ,Opendoor Technologies Inc  Series Z Warrants each whole warrant exercisable to purchase one share of Common Stock at an exercise price of $17.00 per warrant,$0.0805,-0.0047,-5.516%,253537,78172830.00,United States,,Real Estate,Finance
OPFI,OppFi Inc. Class A Common Stock,$6.28,0.04,0.641%,541143,535107791.00,United States,2020,Finance: Consumer Services,Finance
OPHC,OptimumBank Holdings Inc. Common Stock,$8.85,-0.42,-4.531%,159695,111708860.00,United States,,Major Banks,Finance
OPI,Office Properties Income Trust Common shares of beneficial interest,$16.60,-0.18,-1.073%,69764,364429378.00,United States,,Real Estate,Finance
OPK,OPKO Health Inc. Common Stock,$1.64,0.00,0.00%,1531507,1223978289.00,United States,,Biotechnology: Pharmaceutical Preparations,Health Care
OPLN,OPENLANE Inc. Common Stock,$34.82,0.32,0.928%,1355846,4250472699.00,United States,,Retail-Auto Dealers and Gas Stations,Consumer Discretionary
OPP,RiverNorth/DoubleLine Strategic Opportunity Fund Inc. Common Stock,$6.94,0.02,0.289%,80042,0.00,United States,2016,Finance/Investors Services,Finance
OPP^A,RiverNorth/DoubleLine Strategic Opportunity Fund Inc. 4.375% Series A Cumulative Preferred Stock,$15.15,-0.10,-0.656%,3267,,United States,,,
OPP^B,RiverNorth/DoubleLine Strategic Opportunity Fund Inc. 4.75% Series B Cumulative Preferred Stock,$16.35,-0.03,-0.183%,9013,,United States,,,
OPP^C,RiverNorth/DoubleLine Strategic Opportunity Fund Inc. 6.00% Series C Term Preferred Stock (Liquidation Preference $10.00 per share),$10.1476,0.0076,0.075%,312,,United States,,,
OPRA,Opera Limited American Depositary Shares,$17.65,-0.05,-0.282%,286730,1586391054.00,Norway,2018,Computer Software: Prepackaged Software,Technology
OPRT,Oportun Financial Corporation Common Stock,$8.55,0.25,3.012%,773277,393191013.00,United States,2019,Finance: Consumer Services,Finance
OPRX,OptimizeRx Corporation Common Stock,$8.04,0.15,1.901%,487988,151441046.00,United States,,Business Services,Consumer Discretionary
OPTH,Optimi Health Corp. Common Shares,$4.82,-0.08,-1.633%,13242,27598679.00,Canada,,Biotechnology: Pharmaceutical Preparations,Health Care
OPTT,Ocean Power Technologies Inc. Common Stock,$2.01,-0.08,-3.828%,162135,18099302.00,United States,2007,Electric Utilities: Central,Utilities
OPTU,Optimum Communications Inc. Class A common stock,$1.01,-0.03,-2.885%,2091448,460140704.00,United States,2017,Cable & Other Pay Television Services,Telecommunications
OPTX,Syntec Optics Holdings Inc. Class A Common Stock,$7.40,0.09,1.231%,151140,298071097.00,United States,2022,Electronic Components,Technology
OPTXW,Syntec Optics Holdings Inc. Warrant,$1.65,-0.09,-5.172%,1011,66461799.00,United States,2022,Electronic Components,Technology
OPXS,Optex Systems Holdings Inc. Common Stock,$10.42,-0.03,-0.287%,8014,72521877.00,United States,,Electronic Components,Technology
OPY,Oppenheimer Holdings Inc. Class A Common Stock (DE),$119.78,1.22,1.029%,202886,1282604839.00,United States,,Investment Bankers/Brokers/Service,Finance
OR,OR Royalties Inc. Common Shares,$35.78,0.04,0.112%,568326,6708602014.00,Canada,2016,Precious Metals,Basic Materials
ORA,Ormat Technologies Inc. Common Stock,$93.63,1.09,1.178%,509123,5757958586.00,United States,2004,Electric Utilities: Central,Utilities
ORBS,Eightco Holdings Inc. Common Stock,$1.14,0.11,10.68%,14616194,489946236.00,United States,,Finance Companies,Finance
ORC,Orchid Island Capital Inc. Common Stock,$5.71,-0.06,-1.04%,5696018,1139735631.00,United States,2013,Real Estate Investment Trusts,Real Estate
ORCL,Oracle Corporation Common Stock,$137.10,-2.44,-1.749%,23671072,414554205600.00,United States,1986,Computer Software: Prepackaged Software,Technology
ORCL^D,Oracle Corporation Depositary Shares each representing a 1/2000th interest in a sh of 6.50% Series D Mandatory Convertible Preferred Stock,$43.90,-0.25,-0.566%,167235,,United States,,,
ORGO,Organogenesis Holdings Inc. Class A Common Stock,$1.41,-0.01,-0.704%,609305,181431113.00,United States,2016,Biotechnology: Pharmaceutical Preparations,Health Care
ORI,Old Republic International Corporation Common Stock,$37.74,-0.20,-0.527%,1479914,9111678476.00,United States,,Property-Casualty Insurers,Finance
ORIC,Oric Pharmaceuticals Inc. Common Stock,$13.16,-0.02,-0.152%,2493912,1364068953.00,United States,2020,Biotechnology: Pharmaceutical Preparations,Health Care
ORIO,Orion Digital Corp. Common Shares,$1.02,-0.005,-0.488%,23690,24256620.00,Canada,,Finance: Consumer Services,Finance
ORIQ,Origin Investment Corp I Ordinary Shares,$10.4399,0.00,0.00%,26,0.00,Singapore,2025,,
ORIQU,Origin Investment Corp I Units,$10.35,0.00,0.00%,2,71415000.00,Singapore,2025,,
ORIQW,Origin Investment Corp I Warrant.,$0.1739,0.00,0.00%,35,0.00,Singapore,2025,Blank Checks,Finance
ORKA,Oruka Therapeutics Inc. Common Stock,$84.46,-1.03,-1.205%,499757,5592071178.00,United States,,Biotechnology: In Vitro & In Vivo Diagnostic Substances,Health Care
ORKT,Orangekloud Technology Inc. Class A Ordinary Shares,$1.01,-0.035,-3.349%,101037,5898168.00,Singapore,2024,Computer Software: Prepackaged Software,Technology
ORLY,O'Reilly Automotive Inc. Common Stock,$86.115,-0.125,-0.145%,4161689,69663658603.00,United States,1993,Auto & Home Supply Stores,Consumer Discretionary
ORMP,Oramed Pharmaceuticals Inc. Common Stock,$4.73,-0.06,-1.253%,177863,196755484.00,Israel,,Biotechnology: Pharmaceutical Preparations,Health Care
ORN,Orion Group Holdings Inc. Common,$8.58,0.06,0.704%,835193,347449588.00,United States,,Military/Government/Technical,Industrials
ORRF,Orrstown Financial Services Inc. Common Stock,$41.77,-0.08,-0.191%,322586,821600278.00,United States,,Major Banks,Finance
OSBC,Old Second Bancorp Inc. Common Stock,$24.95,0.13,0.524%,674143,1269349114.00,United States,,Major Banks,Finance
OSCR,Oscar Health Inc. Class A Common Stock,$29.60,0.73,2.529%,4899332,9135892000.00,United States,2021,Medical Specialities,Health Care
OSG,Octave Specialty Group Inc. Common Stock,$4.19,0.05,1.208%,532230,188765726.00,United States,,Property-Casualty Insurers,Finance
OSIS,OSI Systems Inc. Common Stock (DE),$197.24,-4.06,-2.017%,197288,3144393768.00,United States,1997,Semiconductors,Technology
OSK,Oshkosh Corporation (Holding Company)Common Stock,$132.75,2.58,1.982%,679754,8195951680.00,United States,,Auto Manufacturing,Industrials
OSPN,OneSpan Inc. Common Stock,$17.81,0.13,0.735%,515356,656337201.00,United States,,EDP Services,Technology
OSPR,Osprey Acquisition Corp. III Class A Ordinary Shares,$9.83,0.01,0.102%,2238,0.00,United States,2026,Blank Checks,Finance
OSPRU,Osprey Acquisition Corp. III Units,$9.99,0.00,0.00%,17,0.00,United States,2026,Blank Checks,Finance
OSS,One Stop Systems Inc. Common Stock,$9.28,-0.03,-0.322%,455732,231444406.00,United States,2018,Computer Manufacturing,Technology
OSTX,OS Therapies Incorporated Common Stock,$1.66,0.00,0.00%,171430,77141511.00,,2024,Biotechnology: Pharmaceutical Preparations,Health Care
OSUR,OraSure Technologies Inc. Common Stock,$3.93,0.00,0.00%,474649,271046704.00,United States,,Medical/Dental Instruments,Health Care
OSW,OneSpaWorld Holdings Limited Common Shares,$22.92,0.39,1.731%,908641,2326350479.00,Bahamas,,Hotels/Resorts,Consumer Discretionary
OTAI,Starlink AI Acquisition Corporation Ordinary Shares,$9.995,0.00,0.00%,1507,0.00,,2026,,
OTEX,Open Text Corporation Common Shares,$22.51,-0.15,-0.662%,856257,5641068510.00,Canada,1996,EDP Services,Technology
OTF,Blue Owl Technology Finance Corp. Common Stock,$10.31,0.04,0.389%,1495178,4723891361.00,United States,2025,,
OTGA,OTG Acquisition Corp. I Class A Ordinary Share ,$10.26,0.01,0.098%,902,0.00,United States,2025,Blank Checks,Finance
OTGAU,OTG Acquisition Corp. I Unit,$10.3601,0.0001,0.001%,920,0.00,United States,2025,Blank Checks,Finance
OTGAW,OTG Acquisition Corp. I Warrants,$0.3001,0.00,0.00%,7,0.00,United States,2025,Blank Checks,Finance
OTIS,Otis Worldwide Corporation Common Stock ,$65.94,-0.74,-1.11%,3490426,25101336214.00,United States,2020,Consumer Electronics/Appliances,Technology
OTLK,Outlook Therapeutics Inc. Common Stock,$0.6395,-0.0163,-2.486%,2936217,155684711.00,United States,2016,Biotechnology: Biological Products (No Diagnostic Substances),Health Care
OTLY,Oatly Group AB American Depositary Shares,$11.84,-0.29,-2.391%,25601,377841135.00,Sweden,2021,Packaged Foods,Consumer Staples
OTTR,Otter Tail Corporation Common Stock,$89.34,1.08,1.224%,202711,3750991717.00,United States,,Electric Utilities: Central,Utilities
OUST,Ouster Inc. Common Stock,$43.72,2.35,5.68%,2934095,3152751199.00,United States,,Industrial Machinery/Components,Industrials
OUT,OUTFRONT Media Inc. Common Stock,$27.65,-0.28,-1.003%,1493952,4870139690.00,United States,2014,Real Estate Investment Trusts,Real Estate
OVBC,Ohio Valley Banc Corp. Common Stock,$44.15,-0.06,-0.136%,39054,207990694.00,United States,,Major Banks,Finance
OVID,Ovid Therapeutics Inc. Common Stock,$2.40,-0.095,-3.808%,1364847,468714857.00,United States,2017,Biotechnology: Pharmaceutical Preparations,Health Care
OVLY,Oak Valley Bancorp (CA) Common Stock,$34.17,0.20,0.589%,15069,287462232.00,United States,,Major Banks,Finance
OVV,Ovintiv Inc. (DE),$60.13,-0.38,-0.628%,2830808,16998751000.00,Canada,,Oil & Gas Production,Energy
OWL,Blue Owl Capital Inc. Class A Common Stock,$9.32,0.07,0.757%,14909897,14530739518.00,United States,2020,Investment Managers,Finance
OWLS,OBOOK Holdings Inc. Class A Common Shares,$5.52,0.07,1.284%,6619,208796269.00,Taiwan,,Computer Software: Prepackaged Software,Technology
OWLT,Owlet Inc. Class A Common Stock,$5.04,-0.03,-0.592%,132155,147277252.00,United States,2020,Industrial Machinery/Components,Industrials
OXBR,Oxbridge Re Holdings Limited Ordinary Shares,$1.46,-0.04,-2.667%,2534,11882322.00,Cayman Islands,2014,Property-Casualty Insurers,Finance
OXBRW,Oxbridge Re Holdings Limited Warrant expiring 3/26/2029,$0.1596,-0.0116,-6.776%,382,1298917.00,Cayman Islands,2014,Property-Casualty Insurers,Finance
OXLC,Oxford Lane Capital Corp. Common Stock,$8.94,-0.02,-0.223%,880974,1551984000.00,United States,2011,Investment Managers,Finance
OXLCG,Oxford Lane Capital Corp. 7.95% Notes due 2032,$24.905,0.005,0.02%,10603,0.00,United States,,Investment Managers,Finance
OXLCI,Oxford Lane Capital Corp. 8.75% Notes due 2030,$25.27,0.01,0.04%,5104,0.00,United States,,,
OXLCL,Oxford Lane Capital Corp. 6.75% Notes due 2031,$23.94,-0.20,-0.829%,434,4155984000.00,United States,,Finance Companies,Finance
OXLCM,Oxford Lane Capital Corp. Preferred Stock Shares 8.25% Series 2031,$25.0979,-0.0121,-0.048%,1212,4356995440.00,United States,,Investment Managers,Finance
OXLCN,Oxford Lane Capital Corp. 7.125% Series 2029 Term Preferred Stock,$24.51,0.1106,0.453%,1873,4254936000.00,United States,,Investment Managers,Finance
OXLCO,Oxford Lane Capital Corp. Preferred Stock Shares 6.00% Series 2029,$23.60,-0.0599,-0.253%,539,4096960000.00,United States,,Investment Managers,Finance
OXLCZ,Oxford Lane Capital Corp. 5.00% Notes due 2027,$24.91,0.0009,0.004%,1491,4324376000.00,United States,,Finance Companies,Finance
OXM,Oxford Industries Inc. Common Stock,$25.95,-0.12,-0.46%,687968,388686210.00,United States,,Garments and Clothing,Industrials
OXSQ,Oxford Square Capital Corp. Common Stock,$1.27,0.00,0.00%,584759,136788874.00,United States,2003,Blank Checks,Finance
OXSQG,Oxford Square Capital Corp. 5.50% Notes due 2028,$24.35,0.0285,0.117%,1273,1552503891.00,United States,,Other Consumer Services,Consumer Discretionary
OXSQH,Oxford Square Capital Corp. 7.75% Notes due 2030,$24.97,0.03,0.12%,2009,0.00,United States,,Blank Checks,Finance
OXY,Occidental Petroleum Corporation Common Stock,$56.86,-1.19,-2.05%,8435984,56839380915.00,United States,,Oil & Gas Production,Energy
OYSE,Oyster Enterprises II Acquisition Corp Class A Ordinary Shares,$10.3975,0.0025,0.024%,587,0.00,United States,2025,Blank Checks,Finance
OYSER,Oyster Enterprises II Acquisition Corp Rights,$0.0921,0.0035,3.95%,3316,0.00,United States,2025,Blank Checks,Finance
OYSEU,Oyster Enterprises II Acquisition Corp Units,$10.66,0.00,0.00%,145,0.00,United States,2025,Blank Checks,Finance
OZ,Belpointe PREP LLC Class A Units,$43.81,-0.20,-0.454%,25164,177591107.00,,,Real Estate,Finance
OZK,Bank OZK Common Stock,$46.89,0.29,0.622%,1106144,5304953229.00,United States,,Major Banks,Finance
OZKAP,Bank OZK 4.625% Series A Non-Cumulative Perpetual Preferred Stock,$15.01,-0.09,-0.596%,36557,1698173341.00,United States,,Major Banks,Finance
P,Everpure Inc. Class A common stock,$126.00,4.12,3.38%,6308424,41986633626.00,United States,2015,Electronic Components,Technology
PAA,Plains All American Pipeline L.P. Common Units representing Limited Partner Interests,$24.42,-0.22,-0.893%,3587588,17229932953.00,United States,1998,Natural Gas Distribution,Energy
PAAC,Proem Acquisition Corp I Ordinary Shares,$10.07,0.00,0.00%,20,145682690.00,United States,2026,Investment Managers,Finance
PAAI,Paradium.AI Inc. Common Stock,$1.75,-0.01,-0.568%,1759891,83318643.00,United States,2022,EDP Services,Technology
PAAS,Pan American Silver Corp. Common Stock,$48.04,0.53,1.116%,2322236,19918248720.00,Canada,,Precious Metals,Basic Materials
PAC,Grupo Aeroportuario Del Pacifico S.A. B. de C.V. Grupo Aeroportuario Del Pacifico S.A. de C.V. (each representing 10 Series B shares),$215.94,4.53,2.143%,153205,12848823011.00,Mexico,2006,Aerospace,Consumer Discretionary
PACB,Pacific Biosciences of California Inc. Common Stock,$1.62,0.04,2.532%,11367858,503545830.00,United States,2010,Biotechnology: Laboratory Analytical Instruments,Industrials
PACH,Pioneer Acquisition I Corp Class A Ordinary Shares,$10.33,-0.02,-0.193%,9501,0.00,United States,2025,,
PACHU,Pioneer Acquisition I Corp Units,$10.3801,0.00,0.00%,2,0.00,United States,2025,,
PACK,Ranpak Holdings Corp Class A Common Stock,$4.39,0.17,4.028%,498773,376478889.00,United States,2018,Containers/Packaging,Consumer Discretionary
PACS,PACS Group Inc. Common Stock,$41.30,-0.16,-0.386%,549765,6539260776.00,United States,2024,Hospital/Nursing Management,Health Care
PAG,Penske Automotive Group Inc. Common Stock,$209.62,1.65,0.793%,383125,13764251438.00,United States,,Retail-Auto Dealers and Gas Stations,Consumer Discretionary
PAGP,Plains GP Holdings L.P. Class A Units representing Limited Partner Interests,$26.58,-0.12,-0.449%,2093376,5260291616.00,United States,,Natural Gas Distribution,Energy
PAGS,PagSeguro Digital Ltd. Class A Common Shares,$9.05,0.03,0.333%,1622994,2630633266.00,Cayman Islands,2018,EDP Services,Technology
PAHC,Phibro Animal Health Corporation Class A Common Stock,$34.45,0.52,1.533%,206608,1398725223.00,United States,2014,Biotechnology: Pharmaceutical Preparations,Health Care
PAI,Western Asset Investment Grade Income Fund Inc.,$11.49,-0.03,-0.26%,13197,0.00,United States,,Trusts Except Educational Religious and Charitable,Finance
PAII,Pyrophyte Acquisition Corp. II Class A Ordinary Shares,$10.30,0.00,0.00%,4641,0.00,,2025,,
PAL,Proficient Auto Logistics Inc. Common Stock,$3.68,-0.10,-2.646%,779053,103234757.00,United States,2024,Transportation Services,Consumer Discretionary
PALI,Palisade Bio Inc. Common Stock,$1.45,-0.12,-7.643%,5780688,252692309.00,United States,,Biotechnology: Biological Products (No Diagnostic Substances),Health Care
PALO,Paloma Acquisition Corp I Class A Ordinary Shares,$9.97,-0.05,-0.499%,5197,0.00,United States,2026,Blank Checks,Finance
PAM,Pampa Energia S.A.,$77.82,-0.85,-1.08%,243537,4244366223.00,Argentina,,Electric Utilities: Central,Utilities
PAMT,PAMT CORP Common Stock,$11.75,0.01,0.085%,30424,246071520.00,United States,,Trucking Freight/Courier Services,Industrials
PANL,Pangaea Logistics Solutions Ltd. Common Shares,$8.01,-0.14,-1.718%,322972,524444914.00,United States,2013,Marine Transportation,Consumer Discretionary
PANW,Palo Alto Networks Inc. Common Stock,$374.74,-15.18,-3.893%,4884542,306537320000.00,United States,,Computer peripheral equipment,Technology
PAPL,Pineapple Financial Inc. Common Stock,$1.00,-0.01,-0.99%,354982,25271197.00,,,Finance: Consumer Services,Finance
PAR,PAR Technology Corporation Common Stock,$14.06,0.12,0.861%,1142468,581559674.00,United States,,Office Equipment/Supplies/Services,Miscellaneous
PARA,Banzai International Inc. Class A Common Stock,$0.70,-0.1191,-14.54%,620645,,United States,2021,Broadcasting,Industrials
PARAW,Banzai International Inc. Warrant,$0.0113,-0.0024,-17.518%,13850,40126.00,United States,2021,Computer Software: Prepackaged Software,Technology
PARK,Park Dental Partners Inc. Common Stock,$19.91,0.30,1.53%,85603,94677665.00,United States,2025,Misc Health and Biotechnology Services,Health Care
PARR,Par Pacific Holdings Inc.  Common Stock,$77.46,0.69,0.899%,893614,3880717107.00,United States,,Oil & Gas Production,Energy
PASG,Passage Bio Inc. Common Stock,$4.80,0.00,0.00%,8694,15445488.00,United States,2020,Biotechnology: Biological Products (No Diagnostic Substances),Health Care
PASW,Ping An Biomedical Co. Ltd. Class A Ordinary Shares,$0.127,-0.0025,-1.931%,103344,15817850.00,Hong Kong,2025,Apparel,Consumer Discretionary
PATH,UiPath Inc. Class A Common Stock,$12.46,-0.14,-1.111%,45670211,6493596396.00,United States,2021,Computer Software: Prepackaged Software,Technology
PATK,Patrick Industries Inc. Common Stock,$68.49,0.73,1.077%,633337,2199779901.00,United States,,Auto Parts:O.E.M.,Consumer Discretionary
PAVM,PAVmed Inc. Common Stock,$3.845,-0.035,-0.902%,24303,30744305.00,United States,2016,Medical/Dental Instruments,Health Care
PAVS,Paranovus Entertainment Technology Ltd. Class A Ordinary Shares,$4.43,0.10,2.309%,23736,3852496.00,China,2019,EDP Services,Technology
PAX,Patria Investments Limited Class A Common Shares,$10.24,0.09,0.887%,644131,1661816023.00,Cayman Islands,2021,Investment Managers,Finance
PAXS,PIMCO Access Income Fund Common Shares of Beneficial Interest,$13.23,0.14,1.07%,314707,0.00,United States,2022,Investment Managers,Finance
PAY,Paymentus Holdings Inc. Class A Common Stock,$30.17,-0.78,-2.52%,969953,3799599150.00,United States,2021,Business Services,Consumer Discretionary
PAYC,Paycom Software Inc. Common Stock,$220.46,-0.35,-0.159%,442307,9936489125.00,United States,2014,Computer Software: Prepackaged Software,Technology
PAYO,Payoneer Global Inc. Common Stock,$7.17,0.04,0.561%,3479108,2429560494.00,United States,,Business Services,Consumer Discretionary
PAYP,PayPay Corporation American Depository Shares,$16.51,-0.06,-0.362%,482996,11179633159.00,Japan,2026,Business Services,Consumer Discretionary
PAYS,Paysign Inc. Common Stock,$12.67,-0.29,-2.238%,720320,715375517.00,United States,,EDP Services,Technology
PAYX,Paychex Inc. Common Stock,$101.37,-0.22,-0.217%,3931638,36085740548.00,United States,1983,Diversified Commercial Services,Industrials
PB,Prosperity Bancshares Inc. Common Stock,$67.77,0.47,0.698%,1028399,8144379771.00,United States,,Major Banks,Finance
PBA,Pembina Pipeline Corp. Ordinary Shares (Canada),$44.66,-0.78,-1.717%,985079,25972246300.00,Canada,,Oil & Gas Production,Energy
PBAM,Private Bancorp of America Inc. Common Stock,$86.25,0.46,0.536%,110359,494194215.00,United States,,Major Banks,Finance
PBF,PBF Energy Inc. Class A Common Stock,$73.69,1.79,2.49%,2868637,8734979592.00,United States,2012,Integrated oil Companies,Energy
PBFS,Pioneer Bancorp Inc. Common Stock,$17.67,0.30,1.727%,10664,438952185.00,United States,2019,Banks,Finance
PBH,Prestige Consumer Healthcare Inc. Common Stock,$46.61,0.96,2.103%,467672,2208126470.00,United States,2005,Biotechnology: Pharmaceutical Preparations,Health Care
PBHC,Pathfinder Bancorp Inc. Common Stock (MD),$17.35,0.00,0.00%,3754,84986546.00,United States,,Major Banks,Finance
PBI,Pitney Bowes Inc. Common Stock,$16.38,0.02,0.122%,854238,2245537673.00,United States,,Office Equipment/Supplies/Services,Miscellaneous
PBI^B,Pitney Bowes Inc 6.70% Notes Due 2043,$20.78,-0.32,-1.517%,57537,,United States,,,
PBK,PowerBank Corporation Common Stock,$0.263,0.002,0.766%,364877,12349635.00,Canada,,Power Generation,Utilities
PBLS,Parabilis Medicines Inc. Common Stock,$31.20,-1.27,-3.911%,1119071,3804903336.00,United States,2026,Biotechnology: Pharmaceutical Preparations,Health Care
PBM,Psyence Biomedical Ltd. Common Shares,$5.56,-0.30,-5.119%,110566,21207664.00,Canada,,Biotechnology: Pharmaceutical Preparations,Health Care
PBMWW,Psyence Biomedical Ltd. Warrant,$0.0296,0.0065,28.139%,31810,112904.00,Canada,,Biotechnology: Pharmaceutical Preparations,Health Care
PBR,Petroleo Brasileiro S.A. Petrobras ADS,$20.37,-0.47,-2.255%,14923968,131271743181.00,Brazil,,Oil & Gas Production,Energy
PBT,Permian Basin Royalty Trust Common Stock,$33.53,-0.21,-0.622%,66358,1562792930.00,United States,,Oil & Gas Production,Energy
PBYI,Puma Biotechnology Inc Common Stock,$9.77,-0.05,-0.509%,262101,504328045.00,United States,,Biotechnology: Pharmaceutical Preparations,Health Care
PCAP,ProCap Acquisition Corp Class A Ordinary Shares,$10.38,0.005,0.048%,1927,0.00,United States,2025,Blank Checks,Finance
PCAPU,ProCap Acquisition Corp Unit,$10.44,0.00,0.00%,152,0.00,United States,2025,,
PCAR,PACCAR Inc. Common Stock,$111.31,0.64,0.578%,3864180,58589682918.00,United States,,Auto Manufacturing,Industrials
PCB,PCB Bancorp Common Stock,$27.71,0.17,0.617%,39045,389175921.00,United States,2018,Major Banks,Finance
PCF,High Income Securities Fund Common Stock,$5.27,-0.06,-1.126%,67216,0.00,United States,,Trusts Except Educational Religious and Charitable,Finance
PCG,Pacific Gas & Electric Co. Common Stock,$12.34,0.02,0.162%,33445701,33072563521.00,United States,,Power Generation,Utilities
PCG^A,Pacific Gas & Electric Co. 6% Preferred Stock,$20.21,-0.115,-0.566%,5915,,United States,,,
PCG^B,Pacific Gas & Electric Co. 5 1/2% Preferred Stock,$18.70,-0.15,-0.796%,1948,,United States,,,
PCG^C,Pacific Gas & Electric Co. 5% 1st Preferred Stock,$16.8764,0.00,0.00%,21,,United States,,,
PCG^D,Pacific Gas & Electric Co. 5% 1st  Red. Preferred Stock,$16.52,-0.12,-0.721%,870,,United States,,,
PCG^E,Pacific Gas & Electric Co. 5% 1st A Preferred Stock,$16.40,0.00,0.00%,14,,United States,,,
PCG^G,Pacific Gas & Electric Co. 4.80% 1st Preferred Stock,$16.15,-0.35,-2.121%,533,,United States,,,
PCG^H,Pacific Gas & Electric Co. 4.50% 1st Preferred Stock,$15.51,0.00,0.00%,1205,,United States,,,
PCG^I,Pacific Gas & Electric Co. 4.36% 1st Preferred Stock,$14.93,-0.33,-2.163%,4352,,United States,,,
PCG^X,PG&E Corp 6.000% Series A Mandatory Convertible Preferred Stock,$31.72,0.03,0.095%,20081,,United States,,,
PCLA,PicoCELA Inc. American Depositary Shares,$7.47,0.27,3.75%,57156,71815123.00,Japan,2025,Building Products,Consumer Discretionary
PCM,PCM Fund Inc. Common Stock,$4.96,0.04,0.813%,37477,0.00,United States,1993,Trusts Except Educational Religious and Charitable,Finance
PCN,Pimco Corporate & Income Strategy Fund Common Stock,$10.78,0.07,0.654%,530091,0.00,United States,2001,Investment Managers,Finance
PCOR,Procore Technologies Inc. Common Stock,$49.30,-0.20,-0.404%,2943803,7491398163.00,United States,2021,Computer Software: Prepackaged Software,Technology
PCQ,PIMCO California Municipal Income Fund Common Stock,$7.85,-0.08,-1.009%,331981,0.00,United States,2001,Investment Managers,Finance
PCRX,Pacira BioSciences Inc. Common Stock,$25.12,-0.44,-1.721%,444249,1001330576.00,United States,2011,Biotechnology: Pharmaceutical Preparations,Health Care
PCSA,Processa Pharmaceuticals Inc. Common Stock,$1.84,-0.01,-0.541%,8542,5139830.00,United States,,Biotechnology: Pharmaceutical Preparations,Health Care
PCT,PureCycle Technologies Inc. Common stock,$5.02,0.16,3.292%,5309514,1008542146.00,United States,,Major Chemicals,Industrials
PCTTW,PureCycle Technologies Inc. Warrant,$0.76,-0.24,-24.00%,469,152687656.00,United States,,Major Chemicals,Industrials
PCTY,Paylocity Holding Corporation Common Stock,$143.35,-0.29,-0.202%,746481,7605715646.00,United States,2014,Computer Software: Prepackaged Software,Technology
PCVX,Vaxcyte Inc. Common Stock,$56.21,-0.69,-1.213%,947342,8364344676.00,United States,2020,Biotechnology: Biological Products (No Diagnostic Substances),Health Care
PCYO,Pure Cycle Corporation Common Stock,$10.87,0.00,0.00%,64720,261938412.00,United States,,Water Supply,Utilities
PD,PagerDuty Inc. Common Stock,$14.38,-0.57,-3.813%,1670595,1130985174.00,United States,2019,Computer Software: Prepackaged Software,Technology
PDC,Perpetuals.com Ltd American Depositary Shares,$3.28,-0.32,-8.889%,128976,26614373.00,Japan,2023,EDP Services,Technology
PDCC,Pearl Diver Credit Company Inc. Common Stock,$8.7002,0.0302,0.348%,2316,0.00,,2024,,
PDD,PDD Holdings Inc. American Depositary Shares,$77.57,-0.63,-0.806%,4126829,110412863557.00,China,2018,Business Services,Consumer Discretionary
PDEX,Pro-Dex Inc. Common Stock,$71.77,-1.25,-1.712%,59980,229903281.00,United States,,Medical/Dental Instruments,Health Care
PDFS,PDF Solutions Inc. Common Stock,$49.55,1.67,3.488%,403583,2092358553.00,United States,2001,Computer Software: Prepackaged Software,Technology
PDI,PIMCO Dynamic Income Fund Common Stock,$14.00,0.14,1.01%,3846538,3403260000.00,United States,2012,Trusts Except Educational Religious and Charitable,Finance
PDLB,Ponce Financial Group Inc. Common Stock,$20.34,0.07,0.345%,66266,491981906.00,United States,2017,Savings Institutions,Finance
PDM,Piedmont Realty Trust Inc. Class A Common Stock,$9.17,-0.02,-0.218%,1220999,1147468005.00,United States,,Building operators,Real Estate
PDO,PIMCO Dynamic Income Opportunities Fund Common Shares of Beneficial Interest,$11.73,0.07,0.60%,1054538,1751776945.00,United States,2021,Trusts Except Educational Religious and Charitable,Finance
PDPA,Pearl Diver Credit Company Inc. 8.00% Series A Preferred Stock Due 2029,$24.95,-0.075,-0.30%,229,0.00,,,,
PDS,Precision Drilling Corporation Common Stock,$81.87,-1.40,-1.681%,68185,1030536169.00,Canada,,Oil & Gas Production,Energy
PDSB,PDS Biotechnology Corporation Common Stock,$0.7971,-0.003,-0.375%,3937387,57769191.00,United States,2015,Biotechnology: Pharmaceutical Preparations,Health Care
PDT,John Hancock Premium Dividend Fund,$11.78,-0.07,-0.591%,147633,0.00,United States,,Finance Companies,Finance
PDX,PIMCO Dynamic Income Strategy Fund Common Shares of Beneficial Interest,$20.40,0.26,1.291%,139903,912022800.00,,2019,Finance/Investors Services,Finance
PDYN,Palladyne AI Corp. Common Stock,$5.39,0.00,0.00%,957336,265934569.00,United States,,Computer Software: Prepackaged Software,Technology
PEB,Pebblebrook Hotel Trust Common Shares of Beneficial Interest,$18.42,-0.18,-0.968%,4153007,2078562829.00,United States,2009,Real Estate Investment Trusts,Real Estate
PEB^E,Pebblebrook Hotel Trust 6.375% Series E Cumulative Redeemable Preferred Shares of Beneficial Interest,$19.7404,-0.0096,-0.049%,20593,,United States,,,
PEB^F,Pebblebrook Hotel Trust 6.3% Series F Cumulative Redeemable Preferred Shares of Beneficial Interest,$19.66,-0.14,-0.707%,16905,,United States,,,
PEB^G,Pebblebrook Hotel Trust 6.375% Series G Cumulative Redeemable Preferred Shares of Beneficial Interest,$19.93,0.03,0.151%,22903,,United States,,,
PEB^H,Pebblebrook Hotel Trust 5.700% Series H Cumulative Redeemable Preferred Shares of Beneficial Interest,$18.37,0.02,0.109%,19342,,United States,,,
PEBK,Peoples Bancorp of North Carolina Inc. Common Stock,$43.24,-0.27,-0.621%,14138,236154828.00,United States,,Major Banks,Finance
PEBO,Peoples Bancorp Inc. Common Stock,$39.22,0.15,0.384%,470535,1409657594.00,United States,,Major Banks,Finance
PECE,Peace Acquisition Corp Ordinary Shares,$10.005,0.00,0.00%,6,0.00,United States,2026,Blank Checks,Finance
PECO,Phillips Edison & Company Inc. Common Stock,$37.39,0.27,0.727%,1172726,4812093000.00,United States,2021,Real Estate Investment Trusts,Real Estate
PED,Pedevco Corp. Common Stock,$13.11,-0.56,-4.097%,12334,174258290.00,United States,,Oil & Gas Production,Energy
PEG,Public Service Enterprise Group Incorporated Common Stock,$67.02,0.46,0.691%,3284356,33404110411.00,United States,,Power Generation,Utilities
PEGA,Pegasystems Inc. Common Stock,$33.745,-0.485,-1.417%,1110269,5547844869.00,United States,1996,EDP Services,Technology
PEN,Penumbra Inc. Common Stock,$318.89,-0.83,-0.26%,228165,12560892782.00,United States,2015,Medical/Dental Instruments,Health Care
PENG,Penguin Solutions Inc. Common Stock,$56.22,3.14,5.916%,1667814,2880864538.00,United States,2017,Semiconductors,Technology
PENN,PENN Entertainment Inc. Common Stock,$15.65,0.16,1.033%,3032961,2098142149.00,United States,1994,Hotels/Resorts,Consumer Discretionary
PEO,Adams Natural Resources Fund Inc. Common Stock,$27.99,-0.21,-0.745%,52988,0.00,United States,,Finance/Investors Services,Finance
PEP,PepsiCo Inc. Common Stock,$128.63,0.48,0.375%,6706845,175566001106.00,United States,,Beverages (Production/Distribution),Consumer Staples
PEPG,PepGen Inc. Common Stock,$2.59,-0.09,-3.358%,514283,179382149.00,United States,2022,Biotechnology: Pharmaceutical Preparations,Health Care
PERF,Perfect Corp. Class A Ordinary Share,$1.90,-0.02,-1.042%,165378,193512475.00,Taiwan,2022,Computer Software: Prepackaged Software,Technology
PERI,Perion Network Ltd. Ordinary Shares,$8.59,-0.09,-1.037%,237741,337847440.00,Israel,2006,EDP Services,Technology
PESI,Perma-Fix Environmental Services Inc. Common Stock,$15.65,0.08,0.514%,251891,332067193.00,United States,,Environmental Services,Industrials
PETS,PetMed Express Inc. Common Stock,$1.53,-0.025,-1.608%,224724,33168738.00,United States,,Retail-Drug Stores and Proprietary Stores,Consumer Staples
PETZ,TDH Holdings Inc. Common Shares,$1.35,-0.015,-1.099%,1205,13936412.00,China,2017,Real Estate,Finance
PEW,GrabAGun Digital Holdings Inc. Common Stock,$2.16,0.00,0.00%,123670,63749026.00,,2025,Other Specialty Stores,Consumer Discretionary
PFAI,Pinnacle Food Group Limited Class A Common Shares,$2.99,-0.01,-0.333%,215,35092374.00,Canada,2025,Farming/Seeds/Milling,Consumer Staples
PFBC,Preferred Bank Common Stock,$109.48,0.90,0.829%,233761,1571772611.00,United States,,Major Banks,Finance
PFD,Flaherty & Crumrine Preferred and Income Fund Incorporated,$10.83,-0.07,-0.642%,51004,0.00,United States,1991,Investment Managers,Finance
PFE,Pfizer Inc. Common Stock,$28.67,0.26,0.915%,27763690,163409641797.00,United States,,Biotechnology: Pharmaceutical Preparations,Health Care
PFG,Principal Financial Group Inc Common Stock,$114.77,0.62,0.543%,1242266,24572789648.00,United States,2001,Accident &Health Insurance,Finance
PFGC,Performance Food Group Company Common Stock,$91.55,1.23,1.362%,1188041,14422149080.00,United States,2015,Food Distributors,Consumer Discretionary
PFH,Prudential Financial Inc. 4.125% Junior Subordinated Notes due 2060,$15.055,-0.175,-1.149%,63781,5374635000.00,United States,2020,Life Insurance,Finance
PFIS,Peoples Financial Services Corp. Common Stock,$69.80,0.50,0.722%,47583,698723617.00,United States,,Major Banks,Finance
PFL,PIMCO Income Strategy Fund Shares of Beneficial Interest,$6.93,0.07,1.02%,303817,0.00,United States,2003,Finance Companies,Finance
PFLA,PennantPark Floating Rate Capital Ltd. 7.375% Notes Due 2031,$25.00,-0.03,-0.12%,8787,0.00,United States,2026,Finance: Consumer Services,Finance
PFLT,PennantPark Floating Rate Capital Ltd. Common Stock,$6.99,-0.01,-0.143%,561022,693533093.00,United States,2022,Finance: Consumer Services,Finance
PFN,PIMCO Income Strategy Fund II,$6.25,0.06,0.969%,628358,0.00,United States,2004,Finance/Investors Services,Finance
PFO,Flaherty & Crumrine Preferred and Income Opportunity Fund Incorporated,$8.70,-0.05,-0.571%,64209,0.00,United States,1992,Finance Companies,Finance
PFS,Provident Financial Services Inc Common Stock,$22.84,0.17,0.75%,932656,2978852595.00,United States,2003,Savings Institutions,Finance
PFSA,Profusa Inc. Common Stock,$2.18,-0.85,-28.053%,2544992,1320310.00,United States,,Medical/Dental Instruments,Health Care
PFSI,PennyMac Financial Services Inc. Common Stock,$65.46,0.20,0.306%,412268,3400749903.00,United States,2013,Finance: Consumer Services,Finance
PFX,PhenixFIN Corporation Common Stock,$45.59,-1.2722,-2.715%,2644,88046736.00,United States,,Finance: Consumer Services,Finance
PFXNZ,PhenixFIN Corporation  5.25% Notes due 2028,$24.04,0.14,0.586%,373,48173011.00,United States,,Finance: Consumer Services,Finance
PG,Procter & Gamble Company (The) Common Stock,$146.23,0.55,0.378%,5790962,339901846364.00,United States,,Package Goods/Cosmetics,Consumer Discretionary
PGAC,Pantages Capital Acquisition Corporation Class A Ordinary Shares,$10.71,0.00,0.00%,8,0.00,United States,2025,,
PGC,Peapack-Gladstone Financial Corporation Common Stock,$45.03,0.21,0.469%,99965,798289679.00,United States,,Commercial Banks,Finance
PGEN,Precigen Inc. Common Stock,$7.75,0.05,0.649%,6563673,2774773164.00,United States,,Biotechnology: Pharmaceutical Preparations,Health Care
PGNY,Progyny Inc. Common Stock,$25.44,-0.53,-2.041%,1110699,1951929741.00,United States,2019,Misc Health and Biotechnology Services,Health Care
PGP,Pimco Global StocksPlus & Income Fund Common Shares of Beneficial Interest,$8.30,0.02,0.242%,44890,0.00,United States,2005,Finance Companies,Finance
PGR,Progressive Corporation (The) Common Stock,$205.50,3.33,1.647%,2826798,119471898735.00,United States,,Property-Casualty Insurers,Finance
PGY,Pagaya Technologies Ltd. Class A Ordinary Shares,$17.62,-1.10,-5.876%,3396429,1469963354.00,United States,,Finance: Consumer Services,Finance
PGYWW,Pagaya Technologies Ltd. Warrants,$0.0167,0.00,0.00%,3,1393212.00,United States,,Finance: Consumer Services,Finance
PGZ,Principal Real Estate Income Fund Common Shares of Beneficial Interest,$9.095,-0.005,-0.055%,10720,0.00,,2013,Investment Managers,Finance
PH,Parker-Hannifin Corporation Common Stock,$978.33,3.35,0.344%,591944,123379558967.00,United States,,Metal Fabrications,Industrials
PHAR,Pharming Group N.V. ADS each representing 10 ordinary shares,$10.46,0.02,0.192%,128556,738739906.00,Netherlands,,Biotechnology: Pharmaceutical Preparations,Health Care
PHAT,Phathom Pharmaceuticals Inc. Common Stock,$7.30,0.22,3.107%,1442515,590576818.00,United States,2019,Biotechnology: Pharmaceutical Preparations,Health Care
PHG,Koninklijke Philips N.V. NY Registry Shares,$24.96,0.41,1.67%,707911,24532804284.00,Netherlands,,Medical Electronics,Health Care
PHI,PLDT Inc. Sponsored ADR,$17.20,-0.25,-1.433%,271197,3716159330.00,Philippines,,Telecommunications Equipment,Telecommunications
PHIN,PHINIA Inc. Common Stock,$62.04,2.10,3.504%,344758,2273026980.00,United States,2023,Auto Parts:O.E.M.,Consumer Discretionary
PHIO,Phio Pharmaceuticals Corp. Common Stock,$1.01,-0.01,-0.98%,238795,11733423.00,United States,,Biotechnology: Pharmaceutical Preparations,Health Care
PHK,Pimco High Income Fund,$4.13,0.00,0.00%,2490539,0.00,United States,2003,Finance/Investors Services,Finance
PHM,PulteGroup Inc. Common Stock,$119.85,1.67,1.413%,1238281,22466186919.00,United States,,Homebuilding,Consumer Discretionary
PHOE,Phoenix Asia Holdings Limited Ordinary Shares,$19.99,1.16,6.16%,3176,431784000.00,Hong Kong,2025,Engineering & Construction,Consumer Discretionary
PHOS,First Phosphate Corp. American Depositary Shares,$16.15,0.23,1.445%,15111,305468416.00,Canada,,Mining & Quarrying of Nonmetallic Minerals (No Fuels),Industrials
PHR,Phreesia Inc. Common Stock,$10.15,0.15,1.50%,757914,630020082.00,United States,2019,Business Services,Consumer Discretionary
PHUN,Phunware Inc. Common Stock,$1.97,0.01,0.51%,70977,40311470.00,Greece,2016,EDP Services,Technology
PHVS,Pharvaris N.V. Ordinary Shares,$32.02,-0.97,-2.94%,598003,2230719825.00,Netherlands,2021,Biotechnology: Pharmaceutical Preparations,Health Care
PHXE^,Phoenix Energy One LLC Series A Cumulative Redeemable Preferred Shares,$28.0713,-0.5887,-2.054%,16958,,,,,
PI,Impinj Inc. Common Stock,$178.28,1.71,0.968%,356125,5447240750.00,United States,2016,Industrial Machinery/Components,Technology
PICS,PicS N.V. Class A Common Shares,$8.69,-0.16,-1.808%,428825,1126115749.00,Brazil,2026,Finance: Consumer Services,Finance
PII,Polaris Inc. Common Stock,$53.03,0.65,1.241%,710691,3017593878.00,United States,,Industrial Specialties,Consumer Discretionary
PIII,P3 Health Partners Inc. Class A Common Stock,$7.05,0.00,0.00%,6493,51189923.00,United States,2021,Medical/Nursing Services,Health Care
PIIIW,P3 Health Partners Inc. Warrant,$0.0063,0.00,0.00%,7200,45744.00,United States,2021,Medical/Nursing Services,Health Care
PIM,Franklin Master Intermediate Income Trust Shares of Beneficial Interest,$3.02,0.01,0.332%,28784,151765250.00,United States,1988,Finance Companies,Finance
PINE,Alpine Income Property Trust Inc. Common Stock,$17.07,0.09,0.53%,207441,306157397.00,United States,2019,Real Estate Investment Trusts,Real Estate
PINE^A,Alpine Income Property Trust Inc. 8.00% Series A Cumulative Redeemable Preferred Stock,$25.1436,-0.1464,-0.579%,2823,,United States,,,
PINS,Pinterest Inc. Class A Common Stock,$18.90,0.18,0.962%,8897570,10703316210.00,United States,2019,Computer Software: Programming Data Processing,Technology
PIPR,Piper Sandler Companies Common Stock,$72.34,1.26,1.773%,685656,5112288851.00,United States,2026,Investment Bankers/Brokers/Service,Finance
PJT,PJT Partners Inc. Class A Common Stock,$151.77,2.61,1.75%,303287,6224331898.00,United States,2015,Investment Managers,Finance
PK,Park Hotels & Resorts Inc. Common Stock ,$15.43,0.22,1.446%,2972091,3106650432.00,United States,2016,Hotels/Resorts,Consumer Discretionary
PKBK,Parke Bancorp Inc. Common Stock,$33.77,-0.01,-0.03%,30980,397184842.00,United States,,Major Banks,Finance
PKE,Park Aerospace Corp. Common Stock,$30.11,0.45,1.517%,228535,654928963.00,United States,,Military/Government/Technical,Industrials
PKG,Packaging Corporation of America Common Stock,$237.18,-0.93,-0.391%,481898,21132334557.00,United States,2000,Containers/Packaging,Consumer Discretionary
PKOH,Park-Ohio Holdings Corp. Common Stock,$48.04,0.52,1.094%,53490,696100080.00,United States,,Industrial Specialties,Industrials
PKX,POSCO HOLDINGS INC. American Depositary Shares (Each representing 1/4th of a share of Common Stock),$56.95,0.89,1.588%,132711,18436526466.00,South Korea,1994,Steel/Iron Ore,Industrials
PL,Planet Labs PBC Class A Common Stock,$17.43,-0.19,-1.078%,14018257,6341870448.00,United States,2021,Radio And Television Broadcasting And Communications Equipment,Technology
PLAB,Photronics Inc. Common Stock,$30.40,0.59,1.979%,623945,1793513877.00,United States,1987,Semiconductors,Technology
PLAG,Planet Green Holdings Corp. Common Stock,$0.68,-0.0273,-3.86%,153003,9678246.00,China,,Packaged Foods,Consumer Staples
PLAY,Dave & Buster's Entertainment Inc. Common Stock,$6.62,0.00,0.00%,1857252,230578863.00,United States,2014,Restaurants,Consumer Discretionary
PLBC,Plumas Bancorp,$62.29,0.77,1.252%,48989,433477107.00,United States,,Finance Companies,Finance
PLBL,Polibeli Group Ltd Class A Ordinary Shares,$5.26,-0.45,-7.881%,170014,1927198092.00,Indonesia,,Consumer Electronics/Appliances,Consumer Discretionary
PLBY,Playboy Inc. Common Stock,$1.03,-0.03,-2.83%,339755,123401919.00,United States,2020,Other Specialty Stores,Consumer Discretionary
PLCE,Children's Place Inc. (The) Common Stock,$2.16,-0.06,-2.703%,77338,48032065.00,United States,1997,Clothing/Shoe/Accessory Stores,Consumer Discretionary
PLCI,Pelican Acquisition II Corporation Ordinary Shares,$9.8901,0.00,0.00%,349,0.00,United States,2026,Blank Checks,Finance
PLD,Prologis Inc. Common Stock,$133.05,-0.77,-0.575%,2543147,126141511800.00,United States,,Real Estate Investment Trusts,Real Estate
PLG,Platinum Group Metals Ltd. Ordinary Shares (Canada),$1.32,0.00,0.00%,684203,168808348.00,Canada,,Precious Metals,Basic Materials
PLGO,Pelagos Insurance Capital Limited Common Shares,$23.96,-0.04,-0.167%,412484,2072064274.00,Bermuda,2023,Property-Casualty Insurers,Finance
PLMK,Plum Acquisition Corp. IV Class A Ordinary Shares,$10.72,0.08,0.752%,151,0.00,United States,2025,,
PLMKW,Plum Acquisition Corp. IV Warrants,$0.38,0.0304,8.696%,2659,0.00,United States,2025,,
PLMR,Palomar Holdings Inc. Common stock,$123.99,-1.64,-1.305%,202028,3263129515.00,United States,2019,Property-Casualty Insurers,Finance
PLNT,Planet Fitness Inc. Common Stock,$42.68,1.96,4.813%,3626798,3210260066.00,United States,2015,Hotels/Resorts,Consumer Discretionary
PLOW,Douglas Dynamics Inc. Common Stock,$39.74,0.01,0.025%,106008,917081808.00,United States,2010,Construction/Ag Equipment/Trucks,Industrials
PLPC,Preformed Line Products Company Common Stock,$423.33,-6.49,-1.51%,71121,2069533794.00,United States,,Water Sewer Pipeline Comm & Power Line Construction,Industrials
PLRX,Pliant Therapeutics Inc. Common Stock,$1.08,-0.06,-5.263%,450193,66875649.00,United States,2020,Biotechnology: Pharmaceutical Preparations,Health Care
PLRZ,Polyrizon Ltd. Ordinary Shares,$10.775,0.265,2.521%,1006,25882272.00,Israel,2024,Medical/Dental Instruments,Health Care
PLSE,Pulse Biosciences Inc Common Stock (DE),$51.63,-0.20,-0.386%,664032,3682386199.00,United States,2016,Medical/Dental Instruments,Health Care
PLSM,Pulsenmore Ltd. Ordinary Shares,$2.41,-0.16,-6.226%,62117,15671854.00,Israel,,Medical/Dental Instruments,Health Care
PLTK,Playtika Holding Corp. Common Stock,$2.13,-0.04,-1.843%,485453,812420736.00,Israel,2021,EDP Services,Technology
PLTR,Palantir Technologies Inc. Class A Common Stock,$189.67,-2.92,-1.516%,17807257,455597483552.00,United States,,Computer Software: Prepackaged Software,Technology
PLUG,Plug Power Inc. Common Stock,$1.98,0.02,1.02%,45605748,2766446650.00,United States,1999,Industrial Machinery/Components,Energy
PLUN,Plutonian Acquisition Corp II Class A Ordinary Shares,$10.08,0.02,0.199%,131,0.00,,2026,,
PLUR,Pluri Inc. Common Stock,$1.01,-0.04,-3.81%,5059,12468183.00,Israel,,Biotechnology: Biological Products (No Diagnostic Substances),Health Care
PLUS,ePlus inc. Common Stock,$90.51,-0.65,-0.713%,138136,2361443733.00,United States,1996,Retail: Computer Software & Peripheral Equipment,Technology
PLUT,Plutus Financial Group Limited Ordinary Shares,$2.11,-0.16,-7.048%,593,32388500.00,Hong Kong,2025,Investment Bankers/Brokers/Service,Finance
PLX,Protalix BioTherapeutics Inc. (DE) Common Stock,$2.72,-0.03,-1.091%,386030,219154866.00,Israel,,Biotechnology: Biological Products (No Diagnostic Substances),Health Care
PLXS,Plexus Corp. Common Stock,$263.09,1.48,0.566%,207084,7011900726.00,United States,,Electrical Products,Technology
PLYX,Polaryx Therapeutics Inc. Common Stock,$2.09,-0.05,-2.336%,13411,104178125.00,United States,,Biotechnology: Pharmaceutical Preparations,Health Care
PM,Philip Morris International Inc Common Stock,$190.48,-1.02,-0.533%,3899379,296884687861.00,United States,, Medicinal Chemicals and Botanical Products ,Health Care
PMA,PMA Graphene Technology Group Inc. Class A Ordinary Shares,$1.33,0.06,4.724%,15807,216756750.00,Hong Kong,2024,Engineering & Construction,Consumer Discretionary
PMAX,Powell Max Limited Class A Ordinary Shares,$1.62,-0.03,-1.818%,1853035,3178383.00,Hong Kong,2024,Other Consumer Services,Consumer Discretionary
PMCB,PharmaCyte  Biotech Inc. Common Stock,$0.441,-0.0154,-3.374%,400558,4734421.00,United States,,Biotechnology: Biological Products (No Diagnostic Substances),Health Care
PMEC,Primech Holdings Ltd. Ordinary Shares,$0.6125,0.0007,0.114%,7914,23531017.00,Singapore,2023,Diversified Commercial Services,Consumer Discretionary
PMI,Picard Medical Inc. Common Stock,$4.62,-0.25,-5.133%,34380,10804489.00,,2025,Medical/Dental Instruments,Health Care
PML,Pimco Municipal Income Fund II Common Shares of Beneficial Interest,$6.56,-0.05,-0.756%,1035871,0.00,United States,2002,Investment Managers,Finance
PMM,Franklin Managed Municipal Income Trust Shares of Beneficial Interest,$5.57,-0.04,-0.713%,306344,271475166.00,United States,1989,Investment Managers,Finance
PMN,ProMIS Neurosciences Inc. Common Shares (ON),$11.27,-0.30,-2.593%,20109,101065900.00,Canada,,Biotechnology: Pharmaceutical Preparations,Health Care
PMO,Franklin Municipal Opportunities Trust Shares of Beneficial Interest,$9.29,0.02,0.216%,171992,315688757.00,United States,1993,Finance Companies,Finance
PMT,PennyMac Mortgage Investment Trust Common Shares of Beneficial Interest,$8.33,-0.12,-1.42%,1845558,726395675.00,United States,2009,Real Estate Investment Trusts,Real Estate
PMT^A,PennyMac Mortgage Investment Trust 8.125% Series A Fixed-to-Floating Rate Cumulative Redeemable Preferred Shares of Beneficial Interest,$21.73,-0.205,-0.935%,12815,,United States,,,
PMT^B,PennyMac Mortgage Investment Trust 8.00% Series B Fixed-to-Floating Rate Cumulative Redeemable Preferred Shares of Beneficial Interest,$21.56,-0.29,-1.327%,15174,,United States,,,
PMT^C,PennyMac Mortgage Investment Trust 6.75% Series C Cumulative Redeemable Preferred Shares of Beneficial Interest,$16.93,-0.32,-1.855%,35659,,United States,,,
PMTR,Perimeter Acquisition Corp. I Class A Ordinary Shares,$10.42,-0.01,-0.096%,12359,0.00,United States,2025,Blank Checks,Finance
PMTRW,Perimeter Acquisition Corp. I Warrant,$0.6488,-0.0012,-0.185%,5270,0.00,United States,2025,Blank Checks,Finance
PMTS,CPI Card Group Inc. Common Stock,$24.75,0.45,1.852%,134975,286901555.00,United States,,Publishing,Consumer Discretionary
PMTU,PennyMac Mortgage Investment Trust 8.50% Senior Notes due 2028,$25.18,-0.0001,0.00%,2296,2195755475.00,United States,2023,Real Estate Investment Trusts,Real Estate
PMTV,PennyMac Mortgage Investment Trust 9.00% Senior Notes due 2030,$25.31,-0.0216,-0.085%,7551,0.00,United States,2025,Real Estate Investment Trusts,Real Estate
PMTW,PennyMac Mortgage Investment Trust 9.00% Senior Notes due 2030,$25.1717,-0.0083,-0.033%,13832,0.00,United States,2025,Real Estate Investment Trusts,Real Estate
PMVP,PMV Pharmaceuticals Inc. Common Stock,$1.33,-0.005,-0.375%,271154,100435525.00,United States,2020,Biotechnology: Pharmaceutical Preparations,Health Care
PN,PN Smart Energy Limited Class A Ordinary Shares,$2.83,0.03,1.071%,198161,41753891.00,China,2025,Retail: Computer Software & Peripheral Equipment,Technology
PNAQ,Pinnacle Acquisition Corporation Class A Ordinary Shares,$9.95,9.95,,24831,0.00,,2026,,
PNBK,Patriot National Bancorp Inc. Common Stock,$1.00,0.075,8.108%,124909,118742200.00,United States,,Major Banks,Finance
PNC,PNC Financial Services Group Inc. (The) Common Stock,$225.64,2.30,1.03%,1899922,90017649022.00,United States,,Major Banks,Finance
PNFP,Pinnacle Financial Partners Inc. Common stock,$94.97,1.09,1.161%,842099,14351167421.00,United States,,Major Banks,Finance
PNFP^A,Pinnacle Financial Partners Inc. Fixed-to-Floating Rate Non-Cumulative Perpetual Preferred Stock Series A,$25.25,0.03,0.119%,4997,,United States,,,
PNFP^B,Pinnacle Financial Partners Inc. Fixed-to-Floating Rate Non-Cumulative Perpetual Preferred Stock Series B,$25.71,-0.075,-0.291%,12097,,United States,,,
PNFP^C,Pinnacle Financial Partners Inc. Fixed-to-Floating Rate Non-Cumulative Perpetual Preferred Stock Series C,$24.38,-0.02,-0.082%,27715,,United States,,,
PNI,Pimco New York Municipal Income Fund II Common Shares of Beneficial Interest,$6.29,-0.02,-0.317%,47132,0.00,United States,2002,Trusts Except Educational Religious and Charitable,Finance
PNNT,PennantPark Investment Corporation Common Stock,$3.32,-0.03,-0.896%,371797,216783032.00,United States,2022,Finance: Consumer Services,Finance
PNR,Pentair plc. Ordinary Share,$53.66,0.63,1.188%,1681709,8566172397.00,Switzerland,,Industrial Machinery/Components,Industrials
PNRG,PrimeEnergy Resources Corporation Common Stock,$208.67,-2.18,-1.034%,88466,330241142.00,United States,,Oil & Gas Production,Energy
PNTG,The Pennant Group Inc. Common Stock ,$40.77,1.14,2.877%,421932,1424058347.00,United States,,Medical/Nursing Services,Health Care
PNW,Pinnacle West Capital Corporation Common Stock,$91.74,0.66,0.725%,1500659,11118634247.00,United States,,Electric Utilities: Central,Utilities
POAS,Phaos Technology Holdings (Cayman) Limited Class A Ordinary Shares,$0.168,0.00,0.00%,31150,5304096.00,,2025,Industrial Machinery/Components,Industrials
POCI,Precision Optics Corporation Inc. Common stock,$4.63,-0.145,-3.037%,49259,50674743.00,United States,,Biotechnology: Electromedical & Electrotherapeutic Apparatus,Health Care
PODC,PodcastOne Inc. Common Stock,$2.20,-0.05,-2.222%,114495,66555931.00,United States,,Computer Software: Programming Data Processing,Technology
PODD,Insulet Corporation Common Stock,$136.13,0.35,0.258%,1056137,9441187110.00,United States,2007,Medical/Dental Instruments,Health Care
POET,POET Technologies Inc. Common Shares,$7.77,0.02,0.258%,4114861,1344661344.00,Canada,,Semiconductors,Technology
POLA,Polar Power Inc. Common Stock,$1.31,0.01,0.769%,60384,5645208.00,United States,2016,Industrial Machinery/Components,Miscellaneous
POLE,Andretti Acquisition Corp. II Class A Ordinary Shares,$10.73,0.00,0.00%,2425,0.00,United States,2024,,
POM,POMDOCTOR LIMITED American Depositary Shares,$1.04,0.07,7.216%,46135,7753463.00,China,2025,Other Specialty Stores,Consumer Discretionary
PONO,Pono Capital Four Inc. Class A Ordinary Shares,$10.02,0.00,0.00%,56,0.00,Cayman Islands,2026,Blank Checks,Finance
PONY,Pony AI Inc. American Depositary Shares ,$6.89,-0.20,-2.821%,3570724,2987101300.00,China,2024,EDP Services,Technology
POOL,Pool Corporation Common Stock,$164.91,3.20,1.979%,879635,5992952588.00,United States,1995,Industrial Specialties,Consumer Discretionary
POR,Portland General Electric Co Common Stock,$46.85,0.26,0.558%,2146732,5509922619.00,United States,,Electric Utilities: Central,Utilities
POST,Post Holdings Inc. Common Stock,$73.15,-0.99,-1.335%,723245,3215440286.00,United States,2012,Packaged Foods,Consumer Staples
POWI,Power Integrations Inc. Common Stock,$52.22,1.44,2.836%,752773,2917703622.00,United States,1997,Semiconductors,Technology
POWL,Powell Industries Inc. Common Stock,$189.53,-2.09,-1.091%,575913,6905063855.00,United States,,Electrical Products,Energy
POWW,Outdoor Holding Company Common Stock,$2.29,-0.035,-1.505%,302832,265779532.00,United States,,Ordnance And Accessories,Industrials
POWWP,Outdoor Holding Company 8.75% Series A Cumulative Redeemable Perpetual Preferred Stock,$24.3001,-0.1217,-0.498%,2943,2820292229.00,United States,,Ordnance And Accessories,Industrials
PPBT,Purple Biotech Ltd. American Depositary Shares,$1.51,0.03,2.027%,25901,2456569.00,Israel,2015,Biotechnology: Pharmaceutical Preparations,Health Care
PPC,Pilgrim's Pride Corporation Common Stock,$27.82,0.56,2.054%,1403805,6624179138.00,United States,,Meat/Poultry/Fish,Consumer Staples
PPCB,Propanc Biopharma Inc. Common Stock,$0.6303,0.0285,4.736%,384928,2208644.00,Australia,,Biotechnology: Pharmaceutical Preparations,Health Care
PPG,PPG Industries Inc. Common Stock,$107.52,1.20,1.129%,1488790,23901696000.00,United States,,Paints/Coatings,Consumer Discretionary
PPHC,Public Policy Holding Company Inc. Common Stock,$11.06,-0.263,-2.323%,118108,330641896.00,United States,2026,,
PPIH,Perma-Pipe International Holdings Inc. Common Stock,$31.74,0.50,1.601%,77616,260114981.00,United States,,Pollution Control Equipment,Industrials
PPL,PPL Corporation Common Stock,$32.03,0.06,0.188%,6892395,24104011257.00,United States,,Electric Utilities: Central,Utilities
PPLC,PPL Corporation Corporate Units,$44.09,-0.21,-0.474%,7689,33179702040.00,United States,,Electric Utilities: Central,Utilities
PPLI,People Incorporated Common Stock,$40.00,4.07,11.328%,3095727,2978557000.00,United States,,Computer Software: Programming Data Processing,Technology
PPSI,Pioneer Power Solutions Inc. Common Stock,$3.30,0.03,0.917%,79799,36627578.00,United States,,Industrial Machinery/Components,Miscellaneous
PPT,Franklin Premier Income Trust Shares of Beneficial Interest,$3.25,-0.02,-0.612%,161465,323466855.00,United States,1988,Finance Companies,Finance
PPTA,Perpetua Resources Corp. Common Shares,$23.49,0.07,0.299%,674306,2938500412.00,Canada,,Precious Metals,Basic Materials
PR,Permian Resources Corporation Class A Common Stock,$21.36,-0.49,-2.243%,9931916,17890218139.00,United States,2022,Oil & Gas Production,Energy
PRAA,PRA Group Inc. Common Stock,$20.65,0.41,2.026%,365196,777431324.00,United States,2002,Finance Companies,Finance
PRAX,Praxis Precision Medicines Inc. Common Stock,$280.78,-1.01,-0.358%,462299,7839374231.00,United States,2020,Biotechnology: Pharmaceutical Preparations,Health Care
PRCH,Porch Group Inc. Common Stock,$16.53,0.06,0.364%,2638245,2179183687.00,United States,2020,Computer Software: Prepackaged Software,Technology
PRCT,PROCEPT BioRobotics Corporation Common Stock,$17.20,-0.30,-1.714%,1954277,985106935.00,United States,2021,Medical/Dental Instruments,Health Care
PRDO,Perdoceo Education Corporation Common Stock,$30.49,-1.19,-3.756%,860071,1907974407.00,United States,,Other Consumer Services,Real Estate
PRE,Prenetics Global Limited Class A Ordinary Share,$22.97,0.04,0.174%,136890,389059428.00,Hong Kong,,Blank Checks,Finance
PRFX,PRF Technologies Ltd. Ordinary Shares,$0.9767,-0.0054,-0.55%,43484,2970955.00,Israel,2020,Biotechnology: Pharmaceutical Preparations,Health Care
PRG,PROG Holdings Inc. Common Stock,$32.68,0.14,0.43%,522232,1301697766.00,United States,,Diversified Commercial Services,Consumer Discretionary
PRGO,Perrigo Company plc Ordinary Shares,$15.42,0.74,5.041%,4279817,2139821758.00,United States,,Biotechnology: Pharmaceutical Preparations,Health Care
PRGS,Progress Software Corporation Common Stock (DE),$39.34,-0.89,-2.212%,375358,1613449138.00,United States,1991,Computer Software: Prepackaged Software,Technology
PRH,Prudential Financial Inc. 5.950% Junior Subordinated Notes due 2062,$21.33,0.14,0.661%,34449,7508160000.00,United States,2022,Life Insurance,Finance
PRHI,Presurance Holdings Inc. Common Stock,$7.45,-0.27,-3.497%,11286,27908385.00,United States,2015,Property-Casualty Insurers,Finance
PRHIZ,Presurance Holdings Inc. 9.75% Senior Unsecured Notes due 2028,$24.2449,-0.7551,-3.02%,1319,296342528.00,United States,,Property-Casualty Insurers,Finance
PRI,Primerica Inc. Common Stock,$275.59,1.13,0.412%,143928,8481929887.00,United States,2010,Life Insurance,Finance
PRIF^D,Priority Income Fund Inc. 7.00% Series D Term Preferred Stock due 2029,$24.63,-0.185,-0.746%,1159,,,,,
PRIF^K,Priority Income Fund Inc. 7.000% Series K Cumulative Preferred Stock,$21.36,-0.02,-0.094%,314,,,,,
PRIF^L,Priority Income Fund Inc. 6.375% Series L Term Preferred Stock Due 2029,$24.98,0.00,0.00%,2836,,,,,
PRIM,Primoris Services Corporation Common Stock,$72.65,0.40,0.554%,1489526,3910918557.00,United States,,Water Sewer Pipeline Comm & Power Line Construction,Industrials
PRK,Park National Corporation Common Stock,$181.68,1.43,0.793%,92736,3281896770.00,United States,1994,Major Banks,Finance
PRKS,United Parks & Resorts Inc. Common Stock,$33.25,0.58,1.775%,486688,1507598524.00,United States,2013,Services-Misc. Amusement & Recreation,Consumer Discretionary
PRLB,Proto Labs Inc. Common stock,$96.25,3.28,3.528%,259672,2302482586.00,United States,2012,Metal Fabrications,Industrials
PRLD,Prelude Therapeutics Incorporated Common Stock,$3.875,-0.115,-2.882%,336241,309238504.00,United States,2020,Biotechnology: Pharmaceutical Preparations,Health Care
PRM,Perimeter Solutions SA Common Stock,$29.11,1.05,3.742%,1217842,4764926329.00,Luxembourg,,Major Chemicals,Industrials
PRMB,Primo Brands Corporation Class A Common Stock,$19.50,0.17,0.879%,2169568,7065903878.00,United States,2024,Beverages (Production/Distribution),Consumer Staples
PRME,Prime Medicine Inc. Common Stock,$2.90,-0.17,-5.537%,7116363,525992882.00,United States,2022,Biotechnology: Biological Products (No Diagnostic Substances),Health Care
PROF,Profound Medical Corp. Common Stock,$5.76,0.16,2.857%,265314,210427741.00,Canada,,Medical/Dental Instruments,Health Care
PROK,ProKidney Corp. Class A Ordinary Shares,$1.60,-0.08,-4.762%,2166935,483716248.00,United States,2021,Biotechnology: Biological Products (No Diagnostic Substances),Health Care
PROP,Prairie Operating Co. Common Stock,$0.426,0.0085,2.036%,1095689,48051952.00,United States,,Oil & Gas Production,Energy
PROV,Provident Financial Holdings Inc. Common Stock,$18.42,0.05,0.272%,16131,114829506.00,United States,,Savings Institutions,Finance
PRPL,Purple Innovation Inc. Common Stock,$2.47,-0.07,-2.756%,16284,10752179.00,United States,2015,Home Furnishings,Consumer Discretionary
PRPO,Precipio Inc.  Common Stock,$23.65,-0.82,-3.351%,52313,42337946.00,United States,,Biotechnology: Laboratory Analytical Instruments,Industrials
PRQR,ProQR Therapeutics N.V. Ordinary Shares,$1.65,-0.06,-3.509%,584821,232850435.00,Netherlands,2014,Biotechnology: Pharmaceutical Preparations,Health Care
PRS,Prudential Financial Inc. 5.625% Junior Subordinated Notes due 2058,$20.08,-0.09,-0.446%,54720,7068160000.00,United States,2018,Life Insurance,Finance
PRSO,Peraso Inc. Common Stock,$0.5087,0.0038,0.753%,105591,7663299.00,United States,,Semiconductors,Technology
PRSU,Pursuit Attractions and Hospitality Inc. Common Stock,$49.28,0.84,1.734%,189111,1343577558.00,United States,,Services-Misc. Amusement & Recreation,Consumer Discretionary
PRT,PermRock Royalty Trust Units of Beneficial Interest,$2.01,0.00,0.00%,21839,24453121.00,United States,2018,Oil & Gas Production,Energy
PRTA,Prothena Corporation plc Ordinary Shares,$8.29,-0.03,-0.361%,481120,425583514.00,United States,,Biotechnology: Pharmaceutical Preparations,Health Care
PRTH,Priority Technology Holdings Inc. Common Stock,$7.78,-0.01,-0.128%,1179775,641386094.00,United States,2016,Business Services,Consumer Discretionary
PRTS,CarParts.com Inc. Common Stock,$8.56,-0.06,-0.696%,49750,69040098.00,United States,2007,Auto & Home Supply Stores,Consumer Discretionary
PRU,Prudential Financial Inc. Common Stock,$119.45,0.70,0.589%,1023416,41210250000.00,United States,2001,Life Insurance,Finance
PRVA,Privia Health Group Inc. Common Stock,$19.71,0.32,1.65%,1393857,2517641220.00,United States,2021,Medical/Nursing Services,Health Care
PRZO,ParaZero Technologies Ltd. Ordinary Shares,$0.5815,0.00,0.00%,199893,15077465.00,Israel,2023,Military/Government/Technical,Industrials
PS,Pershing Square Inc. Common Stock,$56.16,3.88,7.422%,346879,22464000000.00,,2026,Investment Managers,Finance
PSA,Public Storage Common Stock,$287.97,3.41,1.198%,730638,50573617958.00,United States,,Real Estate Investment Trusts,Real Estate
PSA^F,Public Storage Depositary Shares Each Representing 1/1000 of a 5.15% Cumulative Preferred Share of Beneficial Interest Series F par value $0.01 per share,$18.18,-0.06,-0.329%,22920,,United States,,,
PSA^G,Public Storage Depositary Shares Each Representing 1/1000 of a 5.05% Cumulative Preferred Share of Beneficial Interest Series G,$17.93,-0.125,-0.692%,15773,,United States,,,
PSA^H,Public Storage Depositary Shares Each Representing 1/1000 of a  5.60% Cumulative Preferred  Share of Beneficial Interest Series H,$19.90,0.085,0.429%,70425,,United States,,,
PSA^I,Public Storage Depositary Shares Each Representing 1/1000 of a 4.875% Cumulative Preferred Share of Beneficial Interest Series I par value $0.01 per share,$17.36,0.19,1.107%,22228,,United States,,,
PSA^J,Public Storage Depositary Shares Each Representing 1/1000 of a 4.700% Cumulative Preferred Share of Beneficial Interest Series J par value $0.01 per share,$16.76,-0.01,-0.06%,29911,,United States,,,
PSA^K,Public Storage Depositary Shares Each Representing 1/1000 of a 4.75% Cumulative Preferred Share of Beneficial Interest Series K,$16.8199,-0.0451,-0.267%,10702,,United States,,,
PSA^L,Public Storage Depositary Shares Each Representing 1/1000 of a 4.625% Cumulative Preferred Share of Beneficial Interest Series L par value $0.01 per share,$16.36,-0.13,-0.788%,53276,,United States,,,
PSA^M,Public Storage Depositary Shares Each Representing 1/1000 of a 4.125% Cumulative Preferred Share of Beneficial Interest Series M,$14.54,-0.079,-0.54%,10557,,United States,,,
PSA^N,Public Storage Depositary Shares Each Representing 1/1000 of a 3.875% Cumulative Preferred Share of Beneficial Interest Series N,$13.75,-0.0101,-0.073%,20821,,United States,,,
PSA^O,Public Storage Depositary Shares Each Representing 1/1000 of a 3.900% Cumulative Preferred Share of Beneficial Interest Series O,$13.76,-0.03,-0.218%,48534,,United States,,,
PSA^P,Public Storage Depositary Shares Each Representing 1/1000 of a 4.000% Cumulative Preferred Share of Bene cial Interest Series P,$14.12,-0.13,-0.912%,70052,,United States,,,
PSA^Q,Public Storage Depositary Shares Each Representing 1/1000 of a 3.950% Cumulative Preferred Share of Beneficial Interest Series Q par value $0.01 per share,$13.95,-0.14,-0.994%,27796,,United States,,,
PSA^R,Public Storage Depositary Shares Each Representing 1/1000 of a 4.00% Cumulative Preferred Share of Bene cial Interest Series R,$14.12,-0.1001,-0.704%,30766,,United States,,,
PSA^S,Public Storage Depositary Shares Each Representing 1/1000 of a 4.100% Cumulative Preferred Share of Beneficial Interest Series S,$14.6689,0.0589,0.403%,36303,,United States,,,
PSA^T,Public Storage 6.000% Cumulative Preferred Shares of beneficial interest Series T,$21.58,-0.01,-0.046%,20398,,United States,,,
PSA^U,Public Storage 6.000% Cumulative Preferred Shares of Beneficial Interest Series U,$21.60,-0.1794,-0.824%,507,,United States,,,
PSBD,Palmer Square Capital BDC Inc. Common Stock,$9.83,-0.47,-4.563%,198065,0.00,,2024,,
PSEC,Prospect Capital Corporation Common Stock,$2.19,0.01,0.459%,5111344,1169058899.00,United States,2004,Finance: Consumer Services,Finance
PSEC^A,Prospect Capital Corporation 5.35% Series A Fixed Rate Cumulative Perpetual Preferred Stock,$15.45,-0.10,-0.643%,4151,,United States,,,
PSF,Cohen & Steers Select Preferred and Income Fund Inc. Common Stock,$18.36,-0.02,-0.109%,61331,902185210.00,,2010,Investment Managers,Finance
PSFE,Paysafe Limited Common Shares,$6.43,0.05,0.784%,245777,335745485.00,United Kingdom,2021,Business Services,Consumer Discretionary
PSHG,Performance Shipping Inc. Common Shares,$1.77,0.01,0.568%,8234,22003681.00,Greece,,Marine Transportation,Consumer Discretionary
PSIG,PS International Group Ltd. Ordinary Shares,$4.57,-0.03,-0.652%,2106484,70290357.00,Hong Kong,,Integrated Freight & Logistics,Industrials
PSIX,Power Solutions International Inc. Common Stock,$46.65,0.11,0.236%,307126,1076003243.00,United States,,Industrial Machinery/Components,Industrials
PSKY,Paramount Skydance Corporation Class B Common Stock,$9.96,-0.22,-2.161%,16854000,11174579959.00,United States,,Broadcasting,Industrials
PSMT,PriceSmart Inc. Common Stock,$174.73,1.55,0.895%,185881,5392259359.00,United States,,Department/Specialty Retail Stores,Consumer Discretionary
PSN,Parsons Corporation Common Stock,$43.07,0.63,1.484%,1068747,4600108320.00,United States,2019,EDP Services,Technology
PSNL,Personalis Inc. Common Stock,$16.46,-0.11,-0.664%,1016183,1757925893.00,United States,2019,Medical Specialities,Health Care
PSNY,Polestar Automotive Holding UK PLC Class A ADS,$6.93,-0.04,-0.574%,197514,1138461294.00,Sweden,,Auto Manufacturing,Industrials
PSNYW,Polestar Automotive Holding UK PLC Class C-1 ADS (ADW),$4.20,0.00,0.00%,13347,689976542.00,Sweden,,Auto Manufacturing,Industrials
PSO,Pearson Plc Common Stock,$16.13,0.11,0.687%,506471,9705741874.00,United Kingdom,,Books,Consumer Discretionary
PSQH,PSQ Holdings Inc. Class A Common Stock,$5.30,-0.01,-0.188%,12837,19753990.00,,2021,Advertising,Consumer Discretionary
PSQL,Pasqal Holding SA Ordinary Share,$6.99,-0.35,-4.768%,616443,1483932900.00,France,,EDP Services,Technology
PSQLW,Pasqal Holding SA Warrant,$1.30,-0.03,-2.256%,18397,275981798.00,France,,EDP Services,Technology
PSTL,Postal Realty Trust Inc. Class A Common Stock,$23.65,0.20,0.853%,201789,715385846.00,United States,2019,Real Estate Investment Trusts,Real Estate
PSUS,Pershing Square USA Ltd. Common Shares,$37.71,0.00,0.00%,223356,986116500.00,,2026,,
PSX,Phillips 66 Common Stock,$255.75,-0.12,-0.047%,3318651,102049599267.00,United States,,Integrated oil Companies,Energy
PTA,Cohen & Steers Tax-Advantaged Preferred Securities and Income Fund Common Shares of Beneficial Interest,$17.39,0.09,0.52%,289654,961205417.00,United States,2020,Trusts Except Educational Religious and Charitable,Finance
PTAC,Patriot Acquisition Corp. Class A Ordinary Shares,$9.96,0.00,0.00%,6,0.00,United States,2026,Blank Checks,Finance
PTC,PTC Inc. Common Stock,$138.12,0.71,0.517%,699035,14986884769.00,United States,,Computer Software: Prepackaged Software,Technology
PTCT,PTC Therapeutics Inc. Common Stock,$62.67,0.39,0.626%,1203045,5230488461.00,United States,2013,Biotechnology: Pharmaceutical Preparations,Health Care
PTEN,Patterson-UTI Energy Inc. Common Stock,$10.91,-0.27,-2.415%,6553394,4160908975.00,United States,1993,Oil & Gas Production,Energy
PTGX,Protagonist Therapeutics Inc. Common Stock,$141.86,4.52,3.291%,809441,9179517310.00,United States,2016,Biotechnology: Pharmaceutical Preparations,Health Care
PTHS,Pelthos Therapeutics Inc. Common Stock,$22.19,-0.21,-0.938%,14854,84953727.00,,2024,Biotechnology: Biological Products (No Diagnostic Substances),Health Care
PTLE,PTL LTD Class A Ordinary Shares,$7.15,0.07,0.989%,5111,44910022.00,Singapore,2024,Oil Refining/Marketing,Energy
PTLO,Portillo's Inc. Class A Common Stock,$3.495,-0.115,-3.186%,1780538,265421568.00,United States,2021,Restaurants,Consumer Discretionary
PTN,Palatin Technologies Inc. Common Stock,$10.095,0.265,2.696%,22392,17961781.00,United States,,Biotechnology: Pharmaceutical Preparations,Health Care
PTON,Peloton Interactive Inc. Class A Common Stock,$4.92,0.13,2.714%,6702154,2159249261.00,United States,2019,Recreational Games/Products/Toys,Consumer Discretionary
PTOR,Praetorian Acquisition Corp. Class A Ordinary Shares,$9.96,-0.005,-0.05%,1912,0.00,United States,2026,Blank Checks,Finance
PTORU,Praetorian Acquisition Corp. Units,$10.08,-0.035,-0.346%,211,0.00,United States,2026,,
PTRN,Pattern Group Inc. Series A Common Stock,$17.02,-0.92,-5.128%,2100749,3019332495.00,United States,2025,Catalog/Specialty Distribution,Consumer Discretionary
PTY,Pimco Corporate & Income Opportunity Fund,$10.93,0.18,1.674%,1826250,0.00,United States,2002,Investment Managers,Finance
PUBM,PubMatic Inc. Class A Common Stock,$18.60,0.05,0.27%,827357,847231135.00,United States,2020,Computer Software: Programming Data Processing,Technology
PUK,Prudential Public Limited Company Common Stock,$25.25,-0.05,-0.198%,2170196,31557395056.00,United Kingdom,,Life Insurance,Finance
PULM,Pulmatrix Inc. Common Stock,$1.61,-0.06,-3.593%,12356,5880179.00,United States,2014,Biotechnology: Pharmaceutical Preparations,Health Care
PUMP,ProPetro Holding Corp. Common Stock,$9.59,0.06,0.63%,3825915,1177881364.00,United States,2017,Oilfield Services/Equipment,Energy
PURR,Hyperliquid Strategies Inc Common Stock,$12.85,-1.24,-8.801%,31489383,3057262851.00,United States,,Finance: Consumer Services,Finance
PUSA,Aureus Greenway Holdings Inc. Common Stock,$3.72,-0.04,-1.064%,477058,102834125.00,United States,2025,Hotels/Resorts,Consumer Discretionary
PVH,PVH Corp. Common Stock,$75.99,0.20,0.264%,713993,3506013930.00,United States,,Garments and Clothing,Industrials
PVL,Permianville Royalty Trust Units of Beneficial Interest,$1.81,-0.01,-0.549%,42869,59730000.00,United States,2011,Oil & Gas Production,Energy
PVLA,Palvella Therapeutics Inc. Common Stock,$138.16,-7.91,-5.415%,193363,1990665511.00,United States,,Biotechnology: Pharmaceutical Preparations,Health Care
PW,Power REIT (MD) Common Stock,$7.06,0.32,4.748%,5367,2591867.00,United States,1998,Real Estate Investment Trusts,Real Estate
PW^A,Power REIT 7.75% Series A Cumulative Perpetual Preferred Stock,$8.90,-0.05,-0.559%,244,,United States,,,
PWCM,PowerCompute Inc. Common Stock,$1.08,0.00,0.00%,44219,2615190.00,United States,2015,Finance: Consumer Services,Finance
PWP,Perella Weinberg Partners Class A Common Stock,$14.47,0.66,4.779%,2131229,1408094887.00,United States,2020,Finance: Consumer Services,Finance
PWR,Quanta Services Inc. Common Stock,$649.13,5.63,0.875%,653747,95636179442.00,United States,,Engineering & Construction,Industrials
PWRL,Powerlaw Corp. Common Stock,$11.01,-0.04,-0.362%,129224,0.00,United States,,,
PXED,Phoenix Education Partners Inc. Common Stock,$25.85,0.07,0.272%,191361,931824670.00,,2025,Other Consumer Services,Real Estate
PXLW,Pixelworks Inc.  Common Stock,$6.93,-0.23,-3.212%,33733,41922293.00,United States,2000,Computer Software: Prepackaged Software,Technology
PXS,Pyxis Tankers Inc. Common Stock,$6.53,-0.08,-1.21%,55021,67096658.00,Greece,,Marine Transportation,Consumer Discretionary
PYPD,PolyPid Ltd. Ordinary Shares,$5.22,-0.14,-2.612%,44781,106027419.00,Israel,2020,Medical/Dental Instruments,Health Care
PYPL,PayPal Holdings Inc. Common Stock,$55.04,2.44,4.639%,20390319,47084566505.00,United States,,Diversified Commercial Services,Industrials
PYT,PPlus Tr GSC-2 Tr Ctf Fltg Rate,$23.77,0.00,0.00%,8,0.00,United States,,Finance: Consumer Services,Finance
PYXS,Pyxis Oncology Inc. Common Stock,$2.86,-0.06,-2.055%,609822,238547023.00,United States,2021,Biotechnology: Pharmaceutical Preparations,Health Care
PZG,Paramount Gold Nevada Corp. Common Stock,$1.31,-0.01,-0.758%,213575,112942149.00,United States,2015,Metal Mining,Basic Materials
PZZA,Papa John's International Inc. Common Stock,$19.55,-0.67,-3.314%,1983758,643618981.00,United States,1993,Restaurants,Consumer Discretionary
Q,Qnity Electronics Inc. Common Stock,$124.69,2.38,1.946%,829896,26086213227.00,United States,2025,Semiconductors,Technology
QADR,QDRO Acquisition Corp. Class A Ordinary Shares,$9.99,0.00,0.00%,12,0.00,United States,2026,Blank Checks,Finance
QADRW,QDRO Acquisition Corp. Warrant,$0.24,-0.01,-4.00%,18006,0.00,United States,2026,Blank Checks,Finance
QBTS,D-Wave Quantum Inc. Common Stock,$17.41,-0.07,-0.40%,14523793,6609299593.00,United States,,EDP Services,Technology
QCLS,Q/C Technologies Inc. Common Stock,$0.8678,-0.1522,-14.922%,1240227,7107141.00,United States,2014,Biotechnology: In Vitro & In Vivo Diagnostic Substances,Health Care
QCOM,QUALCOMM Incorporated Common Stock,$201.97,7.71,3.969%,17817811,212115745024.00,United States,1991,Radio And Television Broadcasting And Communications Equipment,Technology
QCRH,QCR Holdings Inc. Common Stock,$100.92,0.50,0.498%,98039,1652626965.00,United States,,Major Banks,Finance
QDEL,QuidelOrtho Corporation Common Stock,$10.94,0.25,2.339%,1379798,750215171.00,United States,,Biotechnology: In Vitro & In Vivo Diagnostic Substances,Health Care
QETA,Quetta Acquisition Corporation Common Stock,$11.85,0.00,0.00%,26,0.00,United States,2023,Blank Checks,Finance
QETAR,Quetta Acquisition Corporation Right,$0.4102,0.0001,0.024%,704,0.00,United States,2023,Blank Checks,Finance
QFIN,Qfin Holdings Inc. American Depositary Shares,$7.30,-0.18,-2.406%,1455864,888788753.00,China,2018,Finance: Consumer Services,Finance
QGEN,Qiagen N.V. Common Shares,$44.18,-0.38,-0.853%,1408041,9104382588.00,Netherlands,2026,Biotechnology: Biological Products (No Diagnostic Substances),Health Care
QH,Quhuo Limited Class A Ordinary Shares,$3.98,0.04,1.015%,151437,10948554.00,China,2020,Business Services,Consumer Discretionary
QLEP,Quantum Leap Acquisition Corp Class A Ordinary Shares,$10.00,-0.04,-0.398%,113,0.00,,2026,,
QLYS,Qualys Inc. Common Stock,$172.43,-10.51,-5.745%,601216,5965216022.00,United States,2012,Computer Software: Prepackaged Software,Technology
QMCO,Quantum Corporation Common Stock,$31.68,2.19,7.426%,4241409,1248508832.00,United States,,Electronic Components,Technology
QMLS,QumulusAI Inc. Common Stock,$7.12,0.30,4.399%,278455,238224627.00,United States,,EDP Services,Technology
QNBC,QNB Corp. Common Stock,$45.79,0.24,0.527%,32553,276964890.00,United States,,Major Banks,Finance
QNC,Quantum eMotion Corp. Common Shares,$1.88,-0.01,-0.529%,682383,412508980.00,,2026,,
QNCX,Quince Therapeutics Inc. Common Stock,$31.00,1.00,3.333%,10350,31528953.00,United States,2019,Biotechnology: Biological Products (No Diagnostic Substances),Health Care
QNME,Quanome Technologies Inc. Common Stock,$0.7385,-0.0662,-8.227%,1353801,25424752.00,United States,2024,Integrated Freight & Logistics,Industrials
QNRX,Quoin Pharmaceuticals Ltd. American Depositary Shares,$6.43,0.05,0.784%,11351,30890755.00,Israel,2016,Biotechnology: Pharmaceutical Preparations,Health Care
QNST,QuinStreet Inc. Common Stock,$14.41,0.01,0.069%,805969,824589079.00,United States,2010,Business Services,Consumer Discretionary
QNT,Quantinuum Inc. Class A Common Stock,$49.53,0.14,0.283%,1758450,13041652273.00,United States,2026,EDP Services,Technology
QNTM,Quantum Biopharma Ltd. Class B Subordinate Voting Shares,$3.85,-0.15,-3.75%,193403,31136956.00,Canada,,Biotechnology: Pharmaceutical Preparations,Health Care
QQQX,Nuveen NASDAQ 100 Dynamic Overwrite Fund Shares of Beneficial Interest,$30.68,0.16,0.524%,148942,0.00,United States,,Finance Companies,Finance
QRED,QuasarEdge Acquisition Corporation Ordinary Shares,$10.05,0.00,0.00%,121,0.00,,2026,Blank Checks,Finance
QRHC,Quest Resource Holding Corporation Common Stock,$1.37,0.00,0.00%,45263,28897213.00,United States,,Environmental Services,Utilities
QRVO,Qorvo Inc. Common Stock,$117.97,1.63,1.401%,1386648,10407506045.00,United States,,Semiconductors,Technology
QS,QuantumScape Corporation Class A Common Stock,$4.91,-0.03,-0.607%,8534458,3039847319.00,United States,,Industrial Machinery/Components,Miscellaneous
QSEA,Quartzsea Acquisition Corporation Ordinary Shares,$10.64,-0.01,-0.094%,997,0.00,United States,2025,Blank Checks,Finance
QSEAR,Quartzsea Acquisition Corporation Rights,$0.205,0.00,0.00%,10,0.00,United States,2025,Blank Checks,Finance
QSI,Quantum-Si Incorporated Class A Common Stock,$0.8343,0.0493,6.28%,2593515,182614848.00,United States,2020,Industrial Machinery/Components,Industrials
QSR,Restaurant Brands International Inc. Common Shares,$71.64,0.73,1.029%,3433776,32561017095.00,Canada,2014,Restaurants,Consumer Discretionary
QTEX,QTREX Quantum Ltd. Ordinary Shares,$0.776,0.0157,2.065%,2101554,43428013.00,Israel,2021,Medical/Dental Instruments,Health Care
QTI,QT Imaging Holdings Inc. Common Stock,$2.45,-0.08,-3.162%,20704,35859484.00,United States,,Biotechnology: Electromedical & Electrotherapeutic Apparatus,Health Care
QTRX,Quanterix Corporation Common Stock,$3.27,0.09,2.83%,563783,154648323.00,United States,2017,Biotechnology: Laboratory Analytical Instruments,Industrials
QTTB,Q32 Bio Inc. Common Stock,$8.77,-0.45,-4.881%,515666,261078217.00,United States,2018,Biotechnology: Pharmaceutical Preparations,Health Care
QTWO,Q2 Holdings Inc. Common Stock,$56.13,-0.32,-0.567%,503233,3499969030.00,United States,2014,Computer Software: Prepackaged Software,Technology
QUAD,Quad Graphics Inc Class A Common Stock,$9.43,0.17,1.836%,227545,485280078.00,United States,,Publishing,Consumer Discretionary
QUBT,Quantum Computing Inc. Common Stock,$8.96,-0.20,-2.183%,8079377,2028067875.00,United States,,Computer Software: Prepackaged Software,Technology
QUCY,Quantum Cyber N.V. Ordinary Shares,$1.37,0.04,3.008%,498651,115173423.00,Germany,2021,Biotechnology: Pharmaceutical Preparations,Health Care
QUIK,QuickLogic Corporation Common Stock,$10.96,-0.03,-0.273%,149274,200762441.00,United States,1999,Semiconductors,Technology
QUMS,Quantumsphere Acquisition Corp. Ordinary Shares,$10.34,0.00,0.00%,138,0.00,United States,2025,,
QUMSR,Quantumsphere Acquisition Corp. Rights,$0.0607,-0.0293,-32.556%,106,0.00,United States,2025,,
QURE,uniQure N.V. Ordinary Shares,$38.23,-0.09,-0.235%,1176743,2651877931.00,Netherlands,2014,Biotechnology: Pharmaceutical Preparations,Health Care
QVCG,QVC Group Inc. Common Stock,$14.21,-0.34,-2.337%,203078,710498536.00,United States,,Catalog/Specialty Distribution,Consumer Discretionary
QXL,Quantum X Labs Inc. Common Stock,$5.00,-0.165,-3.195%,28207,107839130.00,Israel,,Computer Software: Prepackaged Software,Technology
QXO,QXO Inc. Common Stock,$12.43,0.17,1.387%,16540397,12896009513.00,United States,,RETAIL: Building Materials,Consumer Discretionary
QXO^B,QXO Inc.  Depositary Shares each representing a 1/20th interest in a share of 5.50% Series B Mandatory Convertible Preferred Stock,$41.27,0.60,1.475%,47393,,United States,,,
R,Ryder System Inc. Common Stock,$235.57,-0.68,-0.288%,204321,9033371695.00,United States,,Rental/Leasing Companies,Consumer Discretionary
RA,Brookfield Real Assets Income Fund Inc. Common Stock,$11.71,0.00,0.00%,259838,0.00,United States,2016,Investment Managers,Finance
RAC,Rithm Acquisition Corp. Class A Ordinary Shares,$10.565,-0.005,-0.047%,817,0.00,,2025,,
RACC,Research Alliance Corporation III Class A Ordinary Shares,$10.92,-0.14,-1.266%,2671,0.00,United States,2026,Blank Checks,Finance
RACD,Research Alliance Corporation IV Class A Ordinary Shares,$12.01,0.01,0.083%,1100,0.00,United States,2026,,
RACE,Ferrari N.V. Common Shares,$411.33,-0.49,-0.119%,478973,96228405170.00,Italy,2015,Auto Manufacturing,Industrials
RADX,Radiopharm Theranostics Limited American Depositary Shares,$1.65,0.0781,4.969%,37800,23856522.00,Australia,,Biotechnology: Pharmaceutical Preparations,Health Care
RAIL,FreightCar America Inc. Common Stock,$7.18,-0.24,-3.235%,166984,235441390.00,United States,2005,Railroads,Industrials
RAIN,Rain Enhancement Technologies Holdco Inc. Class A Common Stock,$0.9996,-0.0104,-1.03%,277306,11699369.00,United States,,Industrial Machinery/Components,Technology
RAINW,Rain Enhancement Technologies Holdco Inc. Warrants,$0.19,0.019,11.111%,200,2223770.00,United States,,Industrial Machinery/Components,Technology
RAL,Ralliant Corporation Common Stock,$70.03,0.06,0.086%,1171546,7748119760.00,United States,2025,Industrial Machinery/Components,Industrials
RAMP,LiveRamp Holdings Inc. Common Stock,$37.50,0.02,0.053%,1422146,2279811825.00,United States,2018,EDP Services,Technology
RAND,Rand Capital Corporation Common Stock,$10.00,0.19,1.937%,1996,29698140.00,United States,,Finance: Consumer Services,Finance
RANG,Range Capital Acquisition Corp. Ordinary Shares,$10.86,0.01,0.092%,2422,0.00,United States,2025,Blank Checks,Finance
RANGR,Range Capital Acquisition Corp. Rights,$0.27,-0.004,-1.46%,26485,0.00,United States,2025,Blank Checks,Finance
RANI,Rani Therapeutics Holdings Inc. Class A Common Stock,$0.7592,0.0102,1.362%,382627,105828926.00,United States,2021,Biotechnology: Pharmaceutical Preparations,Health Care
RAPP,Rapport Therapeutics Inc. Common Stock,$33.91,0.08,0.236%,711845,1626943678.00,United States,2024,Biotechnology: Pharmaceutical Preparations,Health Care
RARE,Ultragenyx Pharmaceutical Inc. Common Stock,$14.50,-0.27,-1.828%,4306168,1429538659.00,United States,2014,Biotechnology: Pharmaceutical Preparations,Health Care
RAVE,Rave Restaurant Group Inc. Common Stock,$2.29,0.00,0.00%,320912,32544486.00,United States,,Food Distributors,Consumer Discretionary
RAYA,Erayak Power Solution Group Inc. Class A Ordinary Shares,$1.92,-0.02,-1.031%,17852,2025043.00,China,2022,Metal Fabrications,Consumer Discretionary
RBA,RB Global Inc. Common Stock,$82.49,0.03,0.036%,2009021,14974946132.00,Canada,,Business Services,Consumer Discretionary
RBB,RBB Bancorp Common Stock,$26.58,0.13,0.491%,88544,449626323.00,United States,2017,Major Banks,Finance
RBBN,Ribbon Communications Inc. Common Stock,$1.80,-0.02,-1.099%,946139,321882034.00,United States,,EDP Services,Technology
RBC,RBC Bearings Incorporated Common Stock,$506.10,2.25,0.447%,274958,16022743895.00,United States,2022,Metal Fabrications,Industrials
RBCAA,Republic Bancorp Inc. Class A Common Stock,$94.55,0.42,0.446%,71830,1856408977.00,United States,1998,Major Banks,Finance
RBKB,Rhinebeck Bancorp Inc. Common Stock,$12.83,-0.02,-0.156%,69601,200609444.00,United States,2019,Banks,Finance
RBLX,Roblox Corporation Class A Common Stock,$46.44,-2.39,-4.895%,13383841,33175618700.00,United States,2021,Computer Software: Prepackaged Software,Technology
RBNE,Robin Energy Ltd. Common Stock,$2.37,0.04,1.717%,21218,3157544.00,Cyprus,,Marine Transportation,Consumer Discretionary
RBRK,Rubrik Inc. Class A Common Stock,$109.55,-4.25,-3.735%,3222045,22710200635.00,United States,2024,Computer Software: Prepackaged Software,Technology
RC,Ready Capital Corporation Common Stock,$1.33,-0.06,-4.317%,1831127,219704019.00,United States,2013,Real Estate Investment Trusts,Real Estate
RC^C,Ready Capital Corporation 6.25% Series C Cumulative Convertible Preferred Stock,$11.06,0.12,1.097%,3685,,United States,,,
RC^E,Ready Capital Corporation 6.50% Series E Cumulative Redeemable Preferred Stock,$11.775,0.025,0.213%,35519,,United States,,,
RCAT,Red Cat Holdings Inc. Common Stock,$6.66,-0.14,-2.059%,5978059,1017077651.00,United States,,Computer Software: Prepackaged Software,Technology
RCBC,River City Bank Common stock,$51.08,0.56,1.108%,61831,725320880.00,United States,,Major Banks,Finance
RCD,Ready Capital Corporation 9.00% Senior Notes due 2029,$23.10,-0.07,-0.302%,3410,0.00,United States,2024,Real Estate Investment Trusts,Real Estate
RCEL,Avita Medical Inc. Common Stock,$11.84,0.26,2.245%,341528,366173868.00,United States,,Medical/Dental Instruments,Health Care
RCG,RENN Fund Inc Common Stock,$3.02,0.01,0.332%,2323,0.00,United States,,Investment Managers,Finance
RCI,Rogers Communication Inc. Common Stock,$31.91,-0.35,-1.085%,1475961,17238556711.00,Canada,,Cable & Other Pay Television Services,Telecommunications
RCKT,Rocket Pharmaceuticals Inc. Common Stock,$2.595,-0.095,-3.532%,2630548,284865079.00,United States,2015,Biotechnology: Pharmaceutical Preparations,Health Care
RCKY,Rocky Brands Inc. Common Stock,$45.10,0.43,0.963%,89194,337885186.00,United States,1993,Shoe Manufacturing,Consumer Discretionary
RCL,Royal Caribbean Cruises Ltd. Common Stock,$242.70,3.72,1.557%,2696557,64910620787.00,United States,1993,Marine Transportation,Consumer Discretionary
RCMT,RCM Technologies Inc. Common Stock,$40.47,-0.12,-0.296%,37743,287772417.00,United States,,Professional Services,Consumer Discretionary
RCON,Recon Technology Ltd. Class A Ordinary Shares,$1.40,0.03,2.19%,222044,29348514.00,China,2009,Oilfield Services/Equipment,Energy
RCS,PIMCO Strategic Income Fund Inc.,$4.93,0.04,0.818%,117278,0.00,United States,1994,Investment Managers,Finance
RCT,RedCloud Holdings plc Ordinary Shares,$0.197,0.009,4.787%,405251,13470981.00,United Kingdom,2025,Computer Software: Programming Data Processing,Technology
RCUS,Arcus Biosciences Inc. Common Stock,$24.97,-0.09,-0.359%,1717349,3179514399.00,United States,2018,Biotechnology: Pharmaceutical Preparations,Health Care
RDAC,Rising Dragon Acquisition Corp. Ordinary Shares,$5.56,0.19,3.538%,6066,0.00,China,2024,,
RDACR,Rising Dragon Acquisition Corp. Rights,$0.08,0.0101,14.449%,40540,0.00,China,2024,Blank Checks,Finance
RDAG,Republic Digital Acquisition Company Class A Ordinary Shares,$10.43,0.00,0.00%,48165,0.00,United States,2025,Blank Checks,Finance
RDCM,Radcom Ltd. Ordinary Shares,$10.36,0.06,0.583%,49032,172913135.00,Israel,1997,Computer peripheral equipment,Technology
RDDT,Reddit Inc. Class A Common Stock,$149.84,-2.88,-1.886%,2879237,28828693058.00,United States,2024,EDP Services,Technology
RDGT,Ridgetech Inc. Ordinary Shares,$0.83,-0.0756,-8.348%,9017728,3012518.00,China,,Retail-Drug Stores and Proprietary Stores,Consumer Staples
RDHL,Redhill Biopharma Ltd. American Depositary Shares,$0.50,-0.0204,-3.92%,102870,3040460.00,Israel,,Biotechnology: Pharmaceutical Preparations,Health Care
RDI,Reading International Inc Class A Common Stock,$1.99,0.02,1.015%,18379,45551353.00,United States,,Movies/Entertainment,Consumer Discretionary
RDIB,Reading International Inc Class B Common Stock,$16.37,-0.66,-3.876%,53563,374711379.00,United States,,Movies/Entertainment,Consumer Discretionary
RDN,Radian Group Inc. Common Stock,$33.02,-0.52,-1.55%,1304808,4368589520.00,United States,,Property-Casualty Insurers,Finance
RDNT,RadNet Inc. Common Stock,$70.79,-0.52,-0.729%,598754,5570978823.00,United States,,Medical Specialities,Health Care
RDNW,RideNow Group Inc. Class B Common Stock,$6.06,-0.02,-0.329%,34111,236407193.00,United States,,EDP Services,Technology
RDVT,Red Violet Inc. Common Stock ,$78.55,-0.51,-0.645%,249825,1260489886.00,United States,,Computer Software: Prepackaged Software,Technology
RDW,Redwire Corporation Common Stock,$11.62,0.02,0.172%,13335857,2904914117.00,United States,2021,Military/Government/Technical,Industrials
RDWR,Radware Ltd. Ordinary Shares,$29.56,-0.23,-0.772%,377527,1250594033.00,Israel,1999,Business Services,Consumer Discretionary
RDY,Dr. Reddy's Laboratories Ltd Common Stock,$12.25,-0.05,-0.407%,3168945,10224547883.00,India,,Biotechnology: Pharmaceutical Preparations,Health Care
RDZN,Roadzen Inc. Ordinary Shares,$1.40,0.115,8.949%,705869,119231088.00,United States,2022,Specialty Insurers,Finance
RDZNW,Roadzen Inc. Warrants,$0.0825,0.0001,0.121%,777,7026118.00,United States,2022,Specialty Insurers,Finance
REA,Rare Earths Americas Inc. Common Stock,$11.04,0.15,1.377%,82342,220290968.00,,2026,Metal Mining,Basic Materials
REAL,The RealReal Inc. Common Stock,$8.83,-0.06,-0.675%,3175736,1074355945.00,United States,2019,Other Specialty Stores,Consumer Discretionary
REAX,Real REMAX Group Inc. Common Stock,$16.43,0.95,6.137%,991736,360145600.00,Canada,,Real Estate,Finance
REBN,Reborn Coffee Inc. Common Stock,$1.24,0.11,9.735%,293784,10688951.00,United States,2022,Restaurants,Consumer Discretionary
RECT,Rectitude Holdings Ltd Ordinary Shares,$1.38,0.0866,6.696%,1228,21366195.00,Singapore,2024,Industrial Machinery/Components,Consumer Discretionary
REED,Reed's Inc. Common Stock,$0.651,0.0002,0.031%,88089,7718963.00,,2025,Beverages (Production/Distribution),Consumer Staples
REF,Reformation Inc. Common Stock,$12.37,-0.18,-1.434%,434741,730811188.00,,2026,Apparel,Consumer Discretionary
REFI,Chicago Atlantic Real Estate Finance Inc. Common Stock,$10.65,0.04,0.377%,210867,272865205.00,United States,2021,Real Estate Investment Trusts,Real Estate
REFR,Research Frontiers Incorporated Common Stock,$0.7914,0.0507,6.845%,383701,27594366.00,United States,,Multi-Sector Companies,Miscellaneous
REG,Regency Centers Corporation Common Stock,$73.23,0.31,0.425%,1084896,13409917657.00,United States,1993,Real Estate Investment Trusts,Real Estate
REGCO,Regency Centers Corporation 5.875% Series B Cumulative Redeemable Preferred Stock,$21.06,-0.24,-1.127%,8548,3856518720.00,United States,,Real Estate Investment Trusts,Real Estate
REGCP,Regency Centers Corporation 6.25% Series A Cumulative Redeemable Preferred Stock,$21.97,-0.28,-1.258%,26969,4023158418.00,United States,,Real Estate Investment Trusts,Real Estate
REGN,Regeneron Pharmaceuticals Inc. Common Stock,$788.04,-7.98,-1.002%,592147,81132648744.00,United States,1991,Biotechnology: Pharmaceutical Preparations,Health Care
REI,Ring Energy Inc. Common Stock,$1.36,0.01,0.741%,2209697,354333866.00,United States,,Oil & Gas Production,Energy
REKR,Rekor Systems Inc. Common Stock,$0.404,-0.0234,-5.475%,1273376,55605144.00,United States,,Telecommunications Equipment,Telecommunications
RELL,Richardson Electronics Ltd. Common Stock,$17.52,0.39,2.277%,67770,260421099.00,United States,1983,Electronic Components,Technology
RELX,RELX PLC PLC American Depositary Shares (Each representing One Ordinary Share),$33.52,0.01,0.03%,1373359,58578226686.00,United Kingdom,2015,Business Services,Consumer Discretionary
RELY,Remitly Global Inc. Common Stock,$21.36,0.20,0.945%,3381756,4521571393.00,United States,2021,Business Services,Consumer Discretionary
RENT,Rent the Runway Inc. Class A Common Stock,$1.67,-0.12,-6.704%,216794,56402782.00,United States,2021,Other Specialty Stores,Consumer Discretionary
RENX,RenX Enterprises Corp. Common Stock,$2.20,0.16,7.843%,258911,5821660.00,United States,,Environmental Services,Utilities
REPL,Replimune Group Inc. Common Stock,$12.36,-0.24,-1.905%,1647384,1164554676.00,United States,2018,Biotechnology: Biological Products (No Diagnostic Substances),Health Care
REPX,Riley Exploration Permian Inc. Common Stock,$40.55,-1.14,-2.734%,205148,898335982.00,United States,1999,Oil & Gas Production,Energy
RERE,ATRenew Inc. American Depositary Shares (every three of which representing two Class A ordinary shares),$3.94,0.01,0.254%,355921,863904084.00,Cayman Islands,2021,Other Specialty Stores,Consumer Discretionary
RES,RPC Inc. Common Stock,$5.84,-0.06,-1.017%,2263760,1294476950.00,United States,,Oilfield Services/Equipment,Energy
RETO,ReTo Eco-Solutions Inc. Class A Shares,$0.1526,-0.0134,-8.072%,36528118,7405371.00,China,2017,Industrial Machinery/Components,Industrials
REVB,Revelation Biosciences Inc. Common Stock,$0.8702,0.00,0.00%,43394,3466369.00,United States,2020,Biotechnology: Pharmaceutical Preparations,Health Care
REVBW,Revelation Biosciences Inc. Warrant,$0.005,-0.0015,-23.077%,66524,19917.00,United States,2020,Biotechnology: Pharmaceutical Preparations,Health Care
REX,REX American Resources Corporation,$42.84,-0.44,-1.017%,205849,1421244418.00,United States,,Major Chemicals,Industrials
REXR,Rexford Industrial Realty Inc. Common Stock,$37.47,-0.52,-1.369%,1822866,8355365006.00,United States,2013,Real Estate Investment Trusts,Real Estate
REXR^B,Rexford Industrial Realty Inc. 5.875% Series B Cumulative Redeemable Preferred Stock,$21.00,-0.16,-0.756%,5720,,United States,,,
REXR^C,Rexford Industrial Realty Inc. 5.625% Series C Cumulative Redeemable Preferred Stock par value $0.01 per share,$19.65,-0.22,-1.107%,13634,,United States,,,
REYN,Reynolds Consumer Products Inc. Common Stock,$21.67,0.08,0.371%,1357791,4567840580.00,United States,2020,Containers/Packaging,Consumer Discretionary
REZI,Resideo Technologies Inc. Common Stock ,$18.27,-0.03,-0.164%,1334777,2774251596.00,United States,2018,Wholesale Distributors,Industrials
RF,Regions Financial Corporation Common Stock,$27.62,0.36,1.321%,10153437,23530292956.00,United States,,Major Banks,Finance
RF^C,Regions Financial Corporation Depositary Shares each Representing a 1/40th Interest in a  Share of 5.700% Fixed-to-Floating Rate Non-Cumulative  Perpetual Preferred Stock Series C,$24.16,0.08,0.332%,19673,,United States,,,
RF^E,Regions Financial Corporation Depositary Shares Each Representing a 1/40th Interest in a Share of 4.45% Non-Cumulative Perpetual Preferred Stock Series E,$15.58,-0.02,-0.128%,42023,,United States,,,
RF^F,Regions Financial Corporation Depositary Shares Each Representing a 1/40th Interest in a Share of Non-Cumulative Perpetual Preferred Stock Series F,$24.92,-0.0601,-0.241%,29332,,United States,,,
RFAI,RF Acquisition Corp II Ordinary Shares,$32.75,1.75,5.645%,27046,0.00,Singapore,2024,,
RFAIR,RF Acquisition Corp II Right,$0.155,-0.003,-1.899%,10598,0.00,Singapore,2024,Computer Software: Prepackaged Software,Technology
RFAM,RF Acquisition Corp III Ordinary Shares,$10.005,0.0049,0.049%,38840,0.00,Singapore,2026,,
RFAMU,RF Acquisition Corp III Units,$10.0001,-0.1449,-1.428%,1635,0.00,Singapore,2026,Blank Checks,Finance
RFI,Cohen & Steers Total Return Realty Fund Inc. Common Stock,$10.56,-0.02,-0.189%,104064,518903912.00,United States,1993,Investment Managers,Finance
RFIL,RF Industries Ltd. Common Stock,$8.28,-0.03,-0.361%,152528,89819461.00,United States,,Electrical Products,Technology
RFL,Rafael Holdings Inc. Class B Common Stock,$1.94,0.03,1.571%,48895,100879992.00,United States,2018,Biotechnology: Pharmaceutical Preparations,Health Care
RFM,RiverNorth Flexible Municipal Income Fund Inc. Common Stock,$13.04,-0.085,-0.648%,11200,79735675.00,,2020,Finance/Investors Services,Finance
RFMZ,RiverNorth Flexible Municipal Income Fund II Inc. Common Stock,$11.78,-0.10,-0.842%,135393,286863686.00,,2021,Finance/Investors Services,Finance
RGA,Reinsurance Group of America Incorporated Common Stock,$248.65,3.24,1.32%,296268,16237259002.00,United States,,Life Insurance,Finance
RGC,Regencell Bioscience Holdings Limited Ordinary Shares,$6.17,0.00,0.00%,51976,3050996562.00,Hong Kong,2021, Medicinal Chemicals and Botanical Products ,Health Care
RGCO,RGC Resources Inc. Common Stock,$21.28,0.50,2.406%,17037,221728152.00,United States,,Oil & Gas Production,Utilities
RGEN,Repligen Corporation Common Stock,$189.68,-0.97,-0.509%,1502434,9279777803.00,United States,1986,Biotechnology: Biological Products (No Diagnostic Substances),Health Care
RGLD,Royal Gold Inc. Common Stock,$252.49,0.00,0.00%,431282,21392936614.00,United States,,Precious Metals,Industrials
RGNT,Regentis Biomaterials Ltd. Ordinary Shares,$1.98,-0.06,-2.941%,17247,13907364.00,Israel,2025,Industrial Specialties,Health Care
RGNX,REGENXBIO Inc. Common Stock,$7.40,0.16,2.21%,1276650,488497621.00,United States,2015,Biotechnology: Biological Products (No Diagnostic Substances),Health Care
RGP,Resources Connection Inc. Common Stock,$3.785,0.035,0.933%,199765,131344428.00,United States,,Business Services,Consumer Discretionary
RGR,Sturm Ruger & Company Inc. Common Stock,$42.81,0.91,2.172%,332777,684029139.00,United States,,Ordnance And Accessories,Industrials
RGS,Regis Corporation Common Stock,$28.365,-0.155,-0.543%,12251,70916953.00,United States,1991,Other Consumer Services,Consumer Discretionary
RGT,Royce Global Trust Inc. Common Stock,$14.48,-0.021,-0.145%,4391,90745335.00,,2013,Trusts Except Educational Religious and Charitable,Finance
RGTI,Rigetti Computing Inc. Common Stock,$16.66,0.16,0.97%,17541333,5560587325.00,United States,,EDP Services,Technology
RGTIW,Rigetti Computing Inc. Warrants,$6.73,-0.11,-1.608%,43404,2246263667.00,United States,,EDP Services,Technology
RH,RH Common Stock,$124.17,2.98,2.459%,740005,2350930353.00,United States,2012,Other Specialty Stores,Consumer Discretionary
RHI,Robert Half Inc. Common Stock,$36.89,1.10,3.073%,2857659,3776127835.00,United States,,Professional Services,Consumer Discretionary
RHLD,Resolute Holdings Management Common Stock ,$125.38,-2.12,-1.663%,82392,980420821.00,United States,,Finance: Consumer Services,Finance
RHP,Ryman Hospitality Properties Inc. (REIT),$121.46,-0.51,-0.418%,433973,8378718298.00,United States,,Real Estate Investment Trusts,Real Estate
RIBB,Ribbon Acquisition Corp Class A Ordinary Shares,$8.515,-0.30,-3.403%,2095,0.00,Japan,2025,,
RIBBR,Ribbon Acquisition Corp Rights,$0.2687,0.0192,7.695%,1432,0.00,Japan,2025,,
RIBBU,Ribbon Acquisition Corp Unit,$11.49,0.00,0.00%,1,0.00,Japan,2025,,
RICK,RCI Hospitality Holdings Inc. Common Stock,$27.56,0.32,1.175%,33505,210682420.00,United States,1995,Restaurants,Consumer Discretionary
RIG,Transocean Ltd (Switzerland) Common Stock,$5.38,-0.05,-0.921%,37366499,6008814857.00,Switzerland,,Oil & Gas Production,Energy
RIGL,Rigel Pharmaceuticals Inc. Common Stock,$48.18,0.29,0.606%,204952,899995848.00,United States,2000,Biotechnology: Pharmaceutical Preparations,Health Care
RILY,BRC Group Holdings Inc. Common Stock,$5.71,-0.03,-0.523%,410579,229540601.00,United States,,Investment Managers,Finance
RILYG,BRC Group Holdings Inc. 5.00% Senior Notes due 2026,$24.75,-0.0232,-0.094%,12426,754802384.00,United States,,Investment Managers,Finance
RILYL,BRC Group Holdings Inc. Depositary Shares each representing 1/1000th in a share of 7.375% Series B Cumulative Perpetual Preferred Stock par value $0.0001,$11.9624,-0.3737,-3.029%,11668,480885549.00,United States,,Investment Managers,Finance
RILYN,BRC Group Holdings Inc. 6.50% Senior Notes Due 2026,$25.25,0.02,0.079%,18606,770050917.00,United States,,Investment Managers,Finance
RILYP,BRC Group Holdings Inc. Depositary Shares each representing a 1/1000th fractional interest in a share of Series A Cumulative Perpetual Preferred Stock,$11.42,-0.52,-4.355%,12230,459081202.00,United States,,Investment Managers,Finance
RILYT,BRC Group Holdings Inc. 6.00% Senior Notes Due 2028,$20.64,-0.09,-0.434%,12878,629459442.00,United States,,Investment Managers,Finance
RILYZ,BRC Group Holdings Inc. 5.25% Senior Notes due 2028,$19.54,-0.11,-0.56%,10377,595912670.00,United States,,Investment Managers,Finance
RIME,Algorhythm Holdings Inc. Common Stock,$0.1508,-0.0206,-12.019%,1802607,3176820.00,United States,,EDP Services,Technology
RIO,Rio Tinto Plc Common Stock,$94.56,0.09,0.095%,2132499,118771008503.00,Australia,2002,Metal Mining,Basic Materials
RIOT,Riot Platforms Inc. Common Stock ,$23.00,-0.48,-2.044%,16678693,8630955505.00,United States,,Finance: Consumer Services,Finance
RITM,Rithm Capital Corp. Common Stock,$9.13,0.01,0.11%,8031181,5098256193.00,United States,,Real Estate Investment Trusts,Real Estate
RITM^A,Rithm Capital Corp. 7.50% Series A Fixed-to-Floating Rate Cumulative Redeemable Preferred Stock,$25.38,-0.0501,-0.197%,12848,,United States,,,
RITM^B,Rithm Capital Corp. 7.125% Series B Fixed-to-Floating Rate Cumulative Redeemable Preferred Stock,$25.33,-0.095,-0.374%,28934,,United States,,,
RITM^C,Rithm Capital Corp. 6.375% Series C Fixed-to-Floating Rate Cumulative Redeemable Preferred Stock,$24.36,-0.15,-0.612%,49178,,United States,,,
RITM^D,Rithm Capital Corp. 7.00% Fixed-Rate Reset Series D Cumulative Redeemable Preferred Stock,$25.25,-0.04,-0.158%,50712,,United States,,,
RITM^E,Rithm Capital Corp. 8.75% Series E Fixed-Rate Cumulative Redeemable Preferred Stock,$23.62,-0.41,-1.706%,127527,,United States,,,
RITM^F,Rithm Capital Corp. 8.750% Series F Fixed-Rate Reset Cumulative Redeemable Preferred Stock,$24.30,-0.16,-0.654%,48103,,United States,,,
RIV,RiverNorth Opportunities Fund Inc. Common Stock,$10.40,0.06,0.58%,43737,0.00,United States,2015,Finance Companies,Finance
RIV^A,RiverNorth Opportunities Fund Inc. 6.00% Series A Perpetual Preferred Stock,$20.90,0.02,0.096%,3468,,United States,,,
RIVN,Rivian Automotive Inc. Class A Common Stock,$15.47,0.18,1.177%,16693899,22398403946.00,United States,2021,Auto Manufacturing,Industrials
RJET,Republic Airways Holdings Inc. Common Stock,$18.70,-0.02,-0.107%,50304,875524650.00,United States,2018,Air Freight/Delivery Services,Consumer Discretionary
RJF,Raymond James Financial Inc. Common Stock,$159.87,1.11,0.699%,1012278,30752866738.00,United States,,Investment Bankers/Brokers/Service,Finance
RKDA,Arcadia Biosciences Inc. Common Stock,$0.3076,-0.0084,-2.658%,693871,741073.00,United States,2015,Oil & Gas Production,Energy
RKLB,Rocket Lab Corporation Common Stock,$73.95,0.34,0.462%,18860426,46422832699.00,United States,2020,Military/Government/Technical,Industrials
RKT,Rocket Companies Inc. Class A Common Stock,$12.17,0.24,2.012%,31281976,34461088264.00,United States,2020,Finance: Consumer Services,Finance
RKTO,Rocket One Inc. Common Stock,$0.7678,0.0078,1.026%,138930,19116363.00,United States,2019,Biotechnology: Pharmaceutical Preparations,Health Care
RL,Ralph Lauren Corporation Common Stock,$357.10,5.24,1.489%,752695,21276817547.00,United States,1997,Garments and Clothing,Industrials
RLAY,Relay Therapeutics Inc. Common Stock,$17.47,-0.26,-1.466%,2983681,3828404294.00,United States,2020,Biotechnology: Biological Products (No Diagnostic Substances),Health Care
RLGT,Radiant Logistics Inc. Common Stock,$8.58,0.03,0.351%,149120,402352837.00,United States,,Integrated Freight & Logistics,Industrials
RLI,RLI Corp. Common Stock (DE),$55.69,-0.46,-0.819%,655920,5110836699.00,United States,,Property-Casualty Insurers,Finance
RLJ,RLJ Lodging Trust Common Shares of Beneficial Interest $0.01 par value,$11.20,0.08,0.719%,1157581,1706609766.00,United States,2011,Real Estate Investment Trusts,Real Estate
RLJ^A,RLJ Lodging Trust $1.95 Series A Cumulative Convertible  Preferred Shares,$24.87,-0.0413,-0.166%,21093,,United States,,,
RLMD,Relmada Therapeutics Inc. Common Stock,$3.83,0.02,0.525%,1311058,408545510.00,United States,,Biotechnology: Pharmaceutical Preparations,Health Care
RLTY,Cohen & Steers Real Estate Opportunities and Income Fund Common Shares of Beneficial Interest,$14.11,-0.21,-1.466%,98217,0.00,,2022,Investment Managers,Finance
RLX,RLX Technology Inc. American Depositary Shares each representing the right to receive one (1) Class A ordinary share,$1.68,-0.03,-1.754%,2013973,2053387668.00,Cayman Islands,2021, Medicinal Chemicals and Botanical Products ,Health Care
RLYB,Rallybio Corporation Common Stock,$16.62,0.01,0.06%,7030,88260493.00,United States,2021,Biotechnology: Pharmaceutical Preparations,Health Care
RM,Regional Management Corp. Common Stock,$30.82,0.42,1.382%,61761,284338971.00,United States,2012,Finance: Consumer Services,Finance
RMBI,Richmond Mutual Bancorporation Inc. Common Stock,$15.26,0.03,0.197%,58543,255743042.00,United States,2019,Major Banks,Finance
RMBS,Rambus Inc. Common Stock,$105.16,0.61,0.583%,1710454,11405822171.00,United States,1997,Semiconductors,Technology
RMCF,Rocky Mountain Chocolate Factory Inc. Common Stock,$0.85,-0.0194,-2.231%,14139,8023649.00,United States,,Specialty Foods,Consumer Staples
RMCO,Royalty Management Holding Corporation Class A Common Stock,$2.61,0.025,0.967%,2118,39600768.00,United States,2023,Multi-Sector Companies,Miscellaneous
RMD,ResMed Inc. Common Stock,$222.00,0.11,0.05%,760794,32024011932.00,United States,,Medical/Dental Instruments,Health Care
RMI,RiverNorth Opportunistic Municipal Income Fund Inc. Common Stock,$13.7501,-0.1699,-1.221%,21560,87633072.00,,2018,Finance/Investors Services,Finance
RMIX,Suncrete Inc. Class A Common Stock,$13.05,0.66,5.327%,477826,958990134.00,United States,,Building Materials,Industrials
RML,Resolution Minerals Ltd American Depositary Shares,$6.38,0.01,0.157%,18684,71444861.00,Australia,,,
RMM,RiverNorth Managed Duration Municipal Income Fund Inc. Common Stock,$12.72,-0.19,-1.472%,152666,251088068.00,,2019,Trusts Except Educational Religious and Charitable,Finance
RMMZ,RiverNorth Managed Duration Municipal Income Fund II Inc. Common Stock,$13.29,0.00,0.00%,19495,262339656.00,,2022,Investment Managers,Finance
RMNI,Rimini Street Inc. (DE) Common Stock,$4.22,-0.06,-1.402%,252522,393962320.00,United States,2015,Business Services,Consumer Discretionary
RMR,The RMR Group Inc. Class A Common Stock,$18.53,-0.25,-1.331%,137390,594446588.00,United States,,Professional Services,Consumer Discretionary
RMSG,Real Messenger Corporation Ordinary Shares,$0.2916,-0.0077,-2.573%,390209,4714784.00,United States,,Computer Software: Programming Data Processing,Technology
RMT,Royce Micro-Cap Trust Inc. Common Stock,$13.47,0.08,0.597%,59843,623244871.00,United States,,Investment Managers,Finance
RMTI,Rockwell Medical Inc. Common Stock,$8.37,-0.20,-2.334%,6433,33734992.00,United States,1998,Biotechnology: Pharmaceutical Preparations,Health Care
RNA,Atrium Therapeutics Inc. Common Stock,$8.29,0.10,1.221%,221439,141805780.00,United States,,Biotechnology: Pharmaceutical Preparations,Health Care
RNAC,Cartesian Therapeutics Inc. Common Stock,$7.41,-0.21,-2.756%,158645,224192158.00,United States,2016,Biotechnology: Pharmaceutical Preparations,Health Care
RNAQ,Rainier Acquisition Corporation Class A Ordinary Shares,$10.09,0.00,0.00%,7307,0.00,United States,2026,Blank Checks,Finance
RNAQU,Rainier Acquisition Corporation Units,$10.18,0.01,0.098%,13671,0.00,United States,2026,Blank Checks,Finance
RNAQW,Rainier Acquisition Corporation Warrants,$0.4399,-0.0101,-2.244%,3942,0.00,United States,2026,Blank Checks,Finance
RNAZ,TransCode Therapeutics Inc. Common Stock,$1.69,0.04,2.424%,14766,28612949.00,United States,2021,Biotechnology: Pharmaceutical Preparations,Health Care
RNG,RingCentral Inc. Class A Common Stock,$76.16,-3.66,-4.585%,1582901,6359829298.00,United States,2013,EDP Services,Technology
RNGR,Ranger Energy Services Inc. Class A Common Stock,$15.51,0.05,0.323%,89259,362965377.00,United States,2017,Oilfield Services/Equipment,Energy
RNGT,Range Capital Acquisition Corp II Class A Ordinary Shares,$10.17,0.00,0.00%,17,0.00,United States,2025,Blank Checks,Finance
RNP,Cohen & Steers REIT and Preferred and Income Fund Inc. Common Shares,$18.93,-0.07,-0.368%,124021,930194228.00,United States,2003,Investment Managers,Finance
RNR,RenaissanceRe Holdings Ltd. Common Stock,$325.60,-4.82,-1.459%,280475,13529296361.00,Bermuda,,Property-Casualty Insurers,Finance
RNR^F,RenaissanceRe Holdings Ltd. Depositary Shares each Representing a 1/1000th Interest in a 5.750% Series F Preference Share,$19.89,0.15,0.76%,41761,,Bermuda,,,
RNR^G,RenaissanceRe Holdings Ltd. Depositary Shares each representing a 1/1000th interest in a share of 4.20% Series G Preference Shares,$14.25,-0.03,-0.21%,90847,,Bermuda,,,
RNST,Renasant Corporation Common Stock,$40.35,0.30,0.749%,652327,3688170163.00,United States,2023,Major Banks,Finance
RNTX,Rein Therapeutics Inc. Common Stock,$0.7484,0.0044,0.591%,112773,64562247.00,United States,2017,Biotechnology: Pharmaceutical Preparations,Health Care
RNW,ReNew Energy Global plc Class A Ordinary Shares,$6.84,-0.01,-0.146%,1030459,2492514386.00,United Kingdom,,Electric Utilities: Central,Utilities
RNXT,RenovoRx Inc. Common Stock,$1.66,-0.02,-1.19%,490865,74914983.00,United States,2021,Biotechnology: Pharmaceutical Preparations,Health Care
ROAD,Construction Partners Inc. Class A Common Stock,$93.71,3.86,4.296%,769130,5376569549.00,United States,2018,Military/Government/Technical,Industrials
ROC,Rank One Computing Corporation Common stock,$4.05,-0.085,-2.056%,16576,77274514.00,United States,2026,Computer Software: Prepackaged Software,Technology
ROCK,Gibraltar Industries Inc. Common Stock,$40.56,0.86,2.166%,373921,1203978538.00,United States,1993,Steel/Iron Ore,Industrials
ROG,Rogers Corporation Common Stock,$137.76,1.56,1.145%,212147,2461541830.00,United States,1960,Major Chemicals,Industrials
ROIV,Roivant Sciences Ltd. Common Shares,$35.80,-0.33,-0.913%,6764558,25859163937.00,United Kingdom,,Biotechnology: Pharmaceutical Preparations,Health Care
ROK,Rockwell Automation Inc. Common Stock,$434.15,1.22,0.282%,413247,48309586695.00,United States,,Industrial Machinery/Components,Industrials
ROKU,Roku Inc. Class A Common Stock,$152.68,-0.65,-0.424%,1707967,22660608187.00,United States,2017,Cable & Other Pay Television Services,Telecommunications
ROL,Rollins Inc. Common Stock,$30.03,-0.37,-1.217%,9264362,14448796482.00,United States,,Diversified Commercial Services,Consumer Discretionary
ROLR,High Roller Technologies Inc. Common Stock,$5.90,-0.17,-2.801%,60933,65072947.00,,2024,Services-Misc. Amusement & Recreation,Consumer Discretionary
ROMA,Roma Green Finance Limited Class A Ordinary Shares,$8.9662,0.2801,3.225%,502,534067857.00,Hong Kong,2024,Professional Services,Consumer Discretionary
ROOT,Root Inc. Class A Common Stock,$47.40,-0.41,-0.858%,174898,734380145.00,United States,2020,Property-Casualty Insurers,Finance
ROP,Roper Technologies Inc. Common Stock,$358.56,-5.46,-1.50%,753411,35461897381.00,United States,1992,Industrial Machinery/Components,Industrials
ROST,Ross Stores Inc. Common Stock,$236.12,0.72,0.306%,1713356,75429268333.00,United States,1985,Clothing/Shoe/Accessory Stores,Consumer Discretionary
RPAY,Repay Holdings Corporation Class A Common Stock,$3.79,-0.14,-3.562%,383638,340571852.00,United States,2018,Business Services,Consumer Discretionary
RPC,Ridgepost Capital Inc. Class A Common Stock,$7.54,0.14,1.892%,757034,831197838.00,United States,2021,Investment Managers,Finance
RPD,Rapid7 Inc. Common Stock,$11.62,-1.23,-9.572%,1822232,783195437.00,United States,2015,Computer Software: Prepackaged Software,Technology
RPGL,Republic Power Group Limited Class A Ordinary Shares,$13.00,-1.6864,-11.483%,16380,13120159.00,Singapore,2025,Computer Software: Prepackaged Software,Technology
RPID,Rapid Micro Biosystems Inc. Class A Common Stock,$1.11,0.00,0.00%,171628,55677107.00,United States,2021,Biotechnology: Laboratory Analytical Instruments,Industrials
RPM,RPM International Inc. Common Stock,$100.44,1.73,1.753%,805750,12830347421.00,United States,,Paints/Coatings,Consumer Discretionary
RPRX,Royalty Pharma plc Class A Ordinary Shares ,$58.21,-0.08,-0.137%,1869622,33470820085.00,United States,2020,Biotechnology: Pharmaceutical Preparations,Health Care
RPT,Rithm Property Trust Inc. Common stock,$10.81,-0.14,-1.279%,12823,84021417.00,United States,2015,Real Estate Investment Trusts,Real Estate
RPT^C,Rithm Property Trust Inc. 9.875% Series C Fixed-to-Floating Rate Cumulative Redeemable Preferred Stock,$24.80,-0.24,-0.958%,24501,,United States,,,
RQI,Cohen & Steers Quality Income Realty Fund Inc Common Shares,$11.17,0.01,0.09%,498694,1500135557.00,United States,2002,Trusts Except Educational Religious and Charitable,Finance
RR,Richtech Robotics Inc. Class B Common Stock,$1.70,0.06,3.659%,2985149,382673303.00,United States,2023,Industrial Machinery/Components,Industrials
RRBI,Red River Bancshares Inc. Common Stock,$101.00,0.90,0.899%,45267,664994706.00,United States,2019,Major Banks,Finance
RRC,Range Resources Corporation Common Stock,$38.61,-0.53,-1.354%,3028537,9022366074.00,United States,,Oil & Gas Production,Energy
RREV,RRE Ventures Acquisition Corp. Class A Ordinary Shares,$9.92,0.00,0.00%,782,0.00,United States,2026,Blank Checks,Finance
RREVW,RRE Ventures Acquisition Corp. Warrants,$0.4249,-0.0151,-3.432%,253,0.00,United States,2026,Blank Checks,Finance
RRGB,Red Robin Gourmet Burgers Inc. Common Stock,$7.25,-0.31,-4.101%,161369,137052202.00,United States,2002,Restaurants,Consumer Discretionary
RRR,Red Rock Resorts Inc. Class A Common Stock,$50.76,-0.87,-1.685%,897767,5330621754.00,United States,2016,Hotels/Resorts,Consumer Discretionary
RRX,Regal Rexnord Corporation Common Stock,$156.18,5.07,3.355%,1159850,10400317788.00,United States,1976,Industrial Machinery/Components,Industrials
RS,Reliance Inc. Common Stock,$387.28,1.51,0.391%,218592,19772408060.00,United States,1994,Metal Fabrications,Industrials
RSF,RiverNorth Capital and Income Fund Common Stock,$14.28,-0.05,-0.349%,11203,47717720.00,,2019,Investment Managers,Finance
RSG,Republic Services Inc. Common Stock,$212.10,-0.62,-0.291%,1058030,64947772634.00,United States,1998,Environmental Services,Utilities
RSI,Rush Street Interactive Inc. Class A Common Stock,$19.87,0.33,1.689%,2876437,4605336623.00,United States,2020,Services-Misc. Amusement & Recreation,Consumer Discretionary
RSKD,Riskified Ltd. Class A Ordinary Shares,$7.78,-0.13,-1.643%,3213681,1057817098.00,,2021,Business Services,Consumer Discretionary
RSSS,Research Solutions Inc Common Stock,$2.11,-0.01,-0.472%,47047,71239232.00,United States,,EDP Services,Technology
RSVR,Reservoir Media Inc. Common Stock,$9.49,0.00,0.00%,34885,625682751.00,United States,2021,Services-Misc. Amusement & Recreation,Consumer Discretionary
RTAC,Renatus Tactical Acquisition Corp I Class A Ordinary Shares,$10.43,0.00,0.00%,17034,0.00,United States,2025,Blank Checks,Finance
RTACW,Renatus Tactical Acquisition Corp I Warrant,$0.5949,0.0273,4.81%,1527,0.00,United States,2025,Blank Checks,Finance
RTB,RTB Digital Inc. Common Stock,$10.27,-0.05,-0.484%,85970,153625582.00,United States,,Professional Services,Consumer Discretionary
RTO,Rentokil Initial plc American Depositary Shares (each representing five (5) Ordinary Shares),$20.64,0.09,0.438%,2032912,10410816000.00,United States,2022,Other Consumer Services,Consumer Discretionary
RTX,RTX Corporation Common Stock,$189.40,0.79,0.419%,3668036,255265392474.00,United States,,Aerospace,Industrials
RUBI,Rubico Inc. Common Stock,$1.13,-0.07,-5.833%,261688,2685646.00,Greece,,Marine Transportation,Consumer Discretionary
RUM,RUM Group Inc. Class A Common Stock,$8.36,-0.24,-2.791%,2712888,4144973222.00,United States,2021,Computer Software: Programming Data Processing,Technology
RUMBW,RUM Group Inc. Warrant,$1.9199,0.0399,2.122%,3516,951905991.00,United States,2021,Computer Software: Programming Data Processing,Technology
RUN,Sunrun Inc. Common Stock,$8.11,0.33,4.242%,7353978,1953269024.00,United States,2015,Industrial Machinery/Components,Miscellaneous
RUSHA,Rush Enterprises Inc. Common Stock Cl A,$47.97,-0.01,-0.021%,457270,5599555225.00,United States,,Retail-Auto Dealers and Gas Stations,Consumer Discretionary
RUSHB,Rush Enterprises Inc. Class B,$55.19,0.18,0.327%,97922,6442348403.00,United States,,Retail-Auto Dealers and Gas Stations,Consumer Discretionary
RVI,Robinhood Ventures Fund I Common Shares of Beneficial Interest,$27.92,-0.73,-2.548%,143065,0.00,,2026,,
RVII,Robinhood Ventures Fund II Common Shares of Beneficial Interest,$22.11,-0.29,-1.295%,116522,176880000.00,,2026,,
RVLV,Revolve Group Inc. Class A Common Stock,$21.20,0.52,2.515%,752239,1507010904.00,United States,2019,Catalog/Specialty Distribution,Consumer Discretionary
RVMD,Revolution Medicines Inc. Common Stock,$204.97,5.11,2.557%,2520974,43932535597.00,United States,2020,Biotechnology: Biological Products (No Diagnostic Substances),Health Care
RVMDW,Revolution Medicines Inc. Warrant,$11.625,0.865,8.039%,116314,2491660859.00,United States,,Biotechnology: Biological Products (No Diagnostic Substances),Health Care
RVP,Retractable Technologies Inc. Common Stock,$0.6998,0.0168,2.46%,7971,20950024.00,United States,2001,Medical/Dental Instruments,Health Care
RVSB,Riverview Bancorp Inc Common Stock,$5.95,0.05,0.847%,28313,119955647.00,United States,,Savings Institutions,Finance
RVSN,Rail Vision Ltd. Ordinary Share,$3.61,-0.03,-0.824%,9703,7913791.00,Israel,2022,Railroads,Industrials
RVSNW,Rail Vision Ltd. Warrant,$0.013,0.00,0.00%,9,28498.00,Israel,2022,Railroads,Industrials
RVT,Royce Small-Cap Trust Inc. Common Stock,$17.27,-0.03,-0.173%,201378,1864412468.00,United States,1986,Trusts Except Educational Religious and Charitable,Finance
RVTY,Revvity Inc. Common Stock,$151.11,0.43,0.285%,1940688,16861821055.00,United States,,Biotechnology: Laboratory Analytical Instruments,Industrials
RWAY,Runway Growth Finance Corp. Common Stock,$6.78,0.05,0.743%,284020,284149149.00,United States,2021,Finance: Consumer Services,Finance
RWAYI,Runway Growth Finance Corp. 7.25% Notes due 2031,$24.55,-0.08,-0.325%,3166,0.00,United States,,Finance: Consumer Services,Finance
RWAYL,Runway Growth Finance Corp. 7.50% Notes due 2027,$25.125,0.03,0.12%,5236,909942879.00,United States,,Finance: Consumer Services,Finance
RWT,Redwood Trust Inc. Common Stock,$3.72,0.04,1.087%,4599879,467278247.00,United States,1995,Real Estate Investment Trusts,Real Estate
RWT^A,Redwood Trust Inc. 10.00% Series A Fixed-Rate Reset Cumulative Redeemable Preferred Stock,$22.67,0.13,0.577%,16138,,United States,,,
RWTN,Redwood Trust Inc. 9.125% Senior Notes Due 2029,$23.90,-0.26,-1.076%,6806,3088440790.00,United States,2024,Real Estate Investment Trusts,Real Estate
RWTO,Redwood Trust Inc. 9.00% Senior Notes Due 2029,$23.03,-0.38,-1.623%,3165,2976016376.00,United States,2024,Real Estate Investment Trusts,Real Estate
RWTP,Redwood Trust Inc. 9.125% Senior Notes Due 2030,$22.60,-0.24,-1.051%,2042,0.00,United States,2025,Real Estate Investment Trusts,Real Estate
RWTQ,Redwood Trust Inc. 9.500% Senior Notes Due 2030,$20.7716,-0.4584,-2.159%,32947,0.00,United States,2025,Real Estate Investment Trusts,Real Estate
RWTS,Redwood Trust Inc. 9.75% Senior Notes Due 2031,$20.80,-0.38,-1.794%,91836,0.00,United States,2026,Real Estate Investment Trusts,Real Estate
RXO,RXO Inc. Common Stock,$19.79,-0.14,-0.702%,1970288,3263888073.00,United States,2022,Transportation Services,Consumer Discretionary
RXRX,Recursion Pharmaceuticals Inc. Class A Common Stock,$3.74,-0.15,-3.856%,10481476,2002179716.00,United States,2021,Biotechnology: Biological Products (No Diagnostic Substances),Health Care
RXST,RxSight Inc. Common Stock,$4.66,-0.07,-1.48%,1118860,193824573.00,United States,2021,Ophthalmic Goods,Health Care
RXT,Rackspace Technology Inc. Common Stock,$3.97,-0.23,-5.476%,5377300,1011845215.00,United States,2020,Computer Software: Programming Data Processing,Technology
RY,Royal Bank Of Canada Common Stock,$201.98,2.48,1.243%,877621,279627130802.00,Canada,,Commercial Banks,Finance
RYAAY,Ryanair Holdings plc American Depositary Shares,$55.30,1.26,2.332%,1232515,29100728532.00,Ireland,1997,Air Freight/Delivery Services,Consumer Discretionary
RYAM,Rayonier Advanced Materials Inc. Common Stock,$8.57,-0.18,-2.057%,562350,579710863.00,United States,2014,Paper,Basic Materials
RYAN,Ryan Specialty Holdings Inc. Class A Common Stock,$37.89,1.15,3.13%,1739563,9692822204.00,United States,2021,Specialty Insurers,Finance
RYDE,Ryde Group Ltd. Class A Ordinary Shares,$0.7005,-0.0494,-6.588%,336553,126248527.00,,2024,Business Services,Consumer Discretionary
RYET,Ruanyun Edai Technology Inc. Ordinary shares,$0.859,0.0191,2.274%,47236,32023523.00,China,2025,Computer Software: Prepackaged Software,Technology
RYM,RYTHM Inc. Common Stock,$21.76,-0.38,-1.716%,12485,47872000.00,United States,2021,Farming/Seeds/Milling,Consumer Staples
RYN,Rayonier Inc. REIT Common Stock,$18.88,-0.18,-0.944%,3986968,5618070454.00,United States,,Real Estate Investment Trusts,Real Estate
RYOJ,rYojbaba Co. Ltd. Common Shares,$3.73,-0.12,-3.117%,1511,43081500.00,Japan,2025,Professional Services,Consumer Discretionary
RYTM,Rhythm Pharmaceuticals Inc. Common Stock,$98.66,0.35,0.356%,864282,6792946410.00,United States,2017,Biotechnology: Pharmaceutical Preparations,Health Care
RYZ,Ryerson Holding Corporation Common Stock,$23.85,0.16,0.675%,406730,1237782874.00,United States,2014,Metal Fabrications,Industrials
RZC,Reinsurance Group of America Incorporated 7.125% Fixed-Rate Reset Subordinated Debentures due 2052,$25.43,0.00,0.00%,21040,1660621341.00,United States,2022,Life Insurance,Finance
RZLT,Rezolute Inc. Common Stock (NV),$3.90,-0.04,-1.015%,2046763,377217099.00,United States,,Biotechnology: Pharmaceutical Preparations,Health Care
RZLV,Rezolve AI PLC Ordinary Shares,$2.18,-0.05,-2.242%,10560445,872854050.00,United Kingdom,,Computer Software: Programming Data Processing,Technology
RZLVW,Rezolve AI PLC Warrants,$0.545,-0.005,-0.909%,10960,218213512.00,United Kingdom,,Computer Software: Programming Data Processing,Technology
S,SentinelOne Inc. Class A Common Stock,$22.38,-1.60,-6.672%,10464305,7789339238.00,United States,2021,Computer Software: Prepackaged Software,Technology
SA,Seabridge Gold Inc. Common Shares New,$30.30,0.32,1.067%,269751,3268497845.00,Canada,2026,Precious Metals,Basic Materials
SAAQ,Space Asset Acquisition Corp. Class A Ordinary Shares,$10.07,0.00,0.00%,135,0.00,United States,2026,Blank Checks,Finance
SAAQU,Space Asset Acquisition Corp. Units,$10.24,0.00,0.00%,16,0.00,United States,2026,Blank Checks,Finance
SAAQW,Space Asset Acquisition Corp. Warrants,$0.5963,0.00,0.00%,12,0.00,United States,2026,Blank Checks,Finance
SABA,Saba Capital Income & Opportunities Fund II Shares of Beneficial Interest,$8.05,0.07,0.877%,36769,0.00,United States,,,
SABR,Sabre Corporation Common Stock,$2.18,-0.07,-3.111%,3758537,879811407.00,United States,2014,Computer Software: Programming Data Processing,Technology
SABS,SAB Biotherapeutics Inc. Common Stock,$3.29,-0.06,-1.791%,2445888,299345151.00,United States,2021,Biotechnology: Biological Products (No Diagnostic Substances),Health Care
SABSW,SAB Biotherapeutics Inc. Warrant,$0.0146,-0.0002,-1.351%,3544,1328401.00,United States,2021,Biotechnology: Biological Products (No Diagnostic Substances),Health Care
SAC,Safeguard Acquisition Corp. Class A Ordinary Shares,$10.08,-0.015,-0.149%,20470,0.00,,2026,Blank Checks,Finance
SACH,Sachem Capital Corp. Common Shares,$0.9149,0.001,0.109%,79100,43873693.00,United States,2017,Real Estate Investment Trusts,Real Estate
SACH^A,Sachem Capital Corp. 7.75% Series A Cumulative Redeemable Preferred Stock,$20.9952,0.0352,0.168%,3475,,United States,,,
SAFE,Safehold Inc. New Common Stock ,$12.26,-0.12,-0.969%,550457,868207593.00,United States,2023,Real Estate Investment Trusts,Real Estate
SAFT,Safety Insurance Group Inc. Common Stock,$103.51,0.00,0.00%,110119,1519576692.00,United States,2002,Property-Casualty Insurers,Finance
SAFX,XCF Global Inc. Class A Common Stock,$0.3731,-0.0401,-9.705%,10218712,154947272.00,United States,,Major Chemicals,Industrials
SAGT,SAGTEC GLOBAL LIMITED Class A Ordinary shares,$0.6101,-0.0109,-1.755%,117335,12140990.00,Malaysia,2025,Computer Software: Prepackaged Software,Technology
SAGU,Shreya Acquisition Group Class A Ordinary Shares,$9.94,0.00,0.00%,6,0.00,,2026,Blank Checks,Finance
SAH,Sonic Automotive Inc. Common Stock,$64.95,2.47,3.953%,358331,2053381390.00,United States,1997,Retail-Auto Dealers and Gas Stations,Consumer Discretionary
SAIA,Saia Inc. Common Stock,$324.22,-9.00,-2.701%,456404,8648455023.00,United States,,Trucking Freight/Courier Services,Industrials
SAIC,Science Applications International Corporation Common Stock,$132.61,0.18,0.136%,331742,5556045377.00,United States,,EDP Services,Technology
SAIH,SAIHEAT Limited Class A Ordinary Shares,$30.545,0.545,1.817%,12740,55297446.00,Singapore,2021,EDP Services,Technology
SAIHW,SAIHEAT Limited Warrant,$0.0297,-0.0001,-0.336%,8,53768.00,Singapore,2021,EDP Services,Technology
SAIL,SailPoint Inc. Common Stock,$20.64,-1.48,-6.691%,3616890,11783616105.00,United States,2025,Computer Software: Prepackaged Software,Technology
SAJ,Saratoga Investment Corp 8.00% Notes due 2027,$25.1999,0.0149,0.059%,1275,394835334.00,United States,2022,Investment Managers,Finance
SAM,Boston Beer Company Inc. (The) Common Stock,$163.77,-2.48,-1.492%,191640,1685468597.00,United States,,Beverages (Production/Distribution),Consumer Staples
SAMG,Silvercrest Asset Management Group Inc. Class A Common Stock,$10.30,0.18,1.779%,67439,122032000.00,United States,2013,Investment Managers,Finance
SAMO,Samos Energy Acquisition Corporation Class A Ordinary Shares,$9.80,0.00,0.00%,12,0.00,,2026,,
SAN,Banco Santander S.A. Sponsored ADR (Spain),$14.42,0.14,0.98%,7995502,208725295633.00,Spain,,Commercial Banks,Finance
SANA,Sana Biotechnology Inc. Common Stock,$2.945,-0.015,-0.507%,2880373,881617076.00,United States,2021,Biotechnology: Biological Products (No Diagnostic Substances),Health Care
SANG,Sangoma Technologies Corporation Common Shares,$3.55,0.00,0.00%,383,118139705.00,Canada,,Computer Software: Programming Data Processing,Technology
SANM,Sanmina Corporation Common Stock,$224.77,2.89,1.303%,738874,12047077708.00,United States,1993,Electrical Products,Technology
SAP,SAP  SE ADS,$210.68,1.57,0.751%,1557274,258821271598.00,Germany,,Computer Software: Prepackaged Software,Technology
SAR,Saratoga Investment Corp New,$17.11,-0.22,-1.269%,120601,275144473.00,United States,,Investment Managers,Finance
SARO,StandardAero Inc. Common Stock,$22.74,0.56,2.525%,4301203,7525107861.00,United States,2024,Aerospace,Industrials
SATA,Strive Inc. Variable Rate Series A Perpetual Preferred Stock,$100.01,0.0516,0.052%,502421,9701234926.00,United States,,Finance: Consumer Services,Finance
SATL,Satellogic Inc. Class A Common Stock,$6.17,0.23,3.872%,7514181,948575251.00,Uruguay,,Radio And Television Broadcasting And Communications Equipment,Technology
SATLW,Satellogic Inc. Warrant,$0.65,0.11,20.37%,148596,99930942.00,Uruguay,,Radio And Television Broadcasting And Communications Equipment,Technology
SAV,Saratoga Investment Corp 7.50% Notes due 2031,$24.51,-0.125,-0.507%,1497,0.00,United States,2026,Investment Managers,Finance
SAX,Saratoga Investment Corp 8.00% Notes due 2031,$24.9499,0.0699,0.281%,9693,0.00,United States,2026,Investment Managers,Finance
SAY,Saratoga Investment Corp 8.125% Notes due 2027,$25.1499,0.0149,0.059%,3405,394051928.00,United States,2022,Investment Managers,Finance
SAZ,Saratoga Investment Corp 8.50% Notes due 2028,$25.1941,-0.256,-1.006%,7049,394744459.00,United States,2023,Investment Managers,Finance
SB,Safe Bulkers Inc Common Stock ($0.001 par value),$8.14,-0.11,-1.333%,1199265,929952525.00,Monaco,2008,Marine Transportation,Consumer Discretionary
SB^C,Safe Bulkers Inc Cumulative Redeemable Perpetual Preferred Series C (Marshall Islands),$26.15,0.1243,0.478%,477,,Monaco,,,
SB^D,Safe Bulkers Inc Perpetual Preferred Series D (Marshall Islands),$25.955,-0.21,-0.803%,1254,,Monaco,,,
SBAC,SBA Communications Corporation Class A Common Stock,$166.15,0.03,0.018%,886707,17626539477.00,United States,1999,Real Estate Investment Trusts,Real Estate
SBC,SBC Medical Group Holdings Incorporated Common Stock,$4.90,0.15,3.158%,129424,503950021.00,United States,2022,Medical/Nursing Services,Health Care
SBCF,Seacoast Banking Corporation of Florida Common Stock,$33.03,0.21,0.64%,772689,3198057051.00,United States,,Major Banks,Finance
SBET,Sharplink Inc. Common Stock,$9.63,-0.32,-3.216%,5399462,2091863307.00,United States,,Computer Software: Prepackaged Software,Technology
SBFG,SB Financial Group Inc. Common Stock,$29.86,-0.87,-2.831%,16199,186714341.00,United States,,Major Banks,Finance
SBFM,Sunshine Biopharma Inc. Common Stock,$0.8426,0.0425,5.312%,131689,3631860.00,Canada,,Biotechnology: Pharmaceutical Preparations,Health Care
SBGI,Sinclair Inc. Class A Common Stock,$12.78,0.04,0.314%,489578,924224807.00,United States,1995,Broadcasting,Industrials
SBH,Sally Beauty Holdings Inc. (Name to be changed from Sally Holdings Inc.) Common Stock,$17.18,0.18,1.059%,1008486,1608430977.00,United States,,Other Specialty Stores,Consumer Discretionary
SBI,Western Asset Intermediate Muni Fund Inc Common Stock,$7.00,-0.01,-0.143%,128529,0.00,United States,1992,Finance/Investors Services,Finance
SBLK,Star Bulk Carriers Corp. Common Shares,$29.54,-0.36,-1.204%,2715527,3294600631.00,Greece,,Marine Transportation,Consumer Discretionary
SBMT,Silver Bow Mining Corp. Common Shares,$8.46,0.41,5.093%,77721,249811110.00,,2026,Precious Metals,Basic Materials
SBR,Sabine Royalty Trust Common Stock,$71.79,-0.69,-0.952%,23522,1046651178.00,United States,,Oil & Gas Production,Energy
SBRA,Sabra Health Care REIT Inc. Common Stock,$19.85,0.08,0.405%,2303366,5070935707.00,United States,,Real Estate Investment Trusts,Real Estate
SBS,Companhia de saneamento Basico Do Estado De Sao Paulo - Sabesp American Depositary Shares (Each repstg 250 Common Shares),$5.18,0.03,0.583%,3876658,18257086250.00,Brazil,2002,Water Supply,Utilities
SBSI,Southside Bancshares Inc. Common Stock,$31.09,0.19,0.615%,122574,926730098.00,United States,,Major Banks,Finance
SBSW,D/B/A Sibanye-Stillwater Limited ADS,$10.61,0.33,3.21%,7796837,7508079668.00,South Africa,,Precious Metals,Basic Materials
SBUX,Starbucks Corporation Common Stock,$94.86,1.21,1.292%,7284241,108140400000.00,United States,1992,Restaurants,Consumer Discretionary
SBXE,SilverBox Corp V Class A Ordinary Shares,$10.10,0.00,0.00%,17,0.00,,2026,,
SCAG,Scage Future American Depositary Shares,$0.2375,-0.0098,-3.963%,67314,17244795.00,China,,Construction/Ag Equipment/Trucks,Consumer Discretionary
SCATU,Southern Cross Acquisition II Corp. Units,$10.04,0.00,0.00%,11589,0.00,United States,2026,Blank Checks,Finance
SCCD,Sachem Capital Corp. 6.00% Notes due 2026,$24.886,0.00,0.00%,247,1178160179.00,United States,,Real Estate Investment Trusts,Real Estate
SCCE,Sachem Capital Corp. 6.00% Notes due 2027,$24.55,-0.0799,-0.324%,5668,1162253170.00,United States,2022,Real Estate Investment Trusts,Real Estate
SCCF,Sachem Capital Corp. 7.125% Notes due 2027,$24.62,0.00,0.00%,258,1165567131.00,United States,2022,Real Estate Investment Trusts,Real Estate
SCCG,Sachem Capital Corp. 8.00% Notes due 2027,$24.75,0.00,0.00%,985,1171721628.00,United States,2022,Real Estate Investment Trusts,Real Estate
SCCO,Southern Copper Corporation Common Stock,$203.92,2.34,1.161%,777198,170136921488.00,United States,,Metal Mining,Basic Materials
SCD,LMP Capital and Income Fund Inc. Common Stock,$14.85,-0.03,-0.202%,70738,0.00,United States,2004,Trusts Except Educational Religious and Charitable,Finance
SCE^G,SCE Trust II Trust Preferred Securities,$16.44,-0.32,-1.909%,12815,,United States,,,
SCE^L,SCE TRUST VI,$16.40,-0.20,-1.205%,46363,,United States,,,
SCE^M,SCE Trust VII 7.50% Trust Preference Securities,$22.68,-0.42,-1.818%,136086,,United States,,,
SCE^N,SCE Trust VIII 6.95% Trust Preference Securities,$21.07,-0.47,-2.182%,35914,,United States,,,
SCHL,Scholastic Corporation Common Stock,$32.35,-2.48,-7.12%,1208945,613510115.00,United States,1992,Books,Consumer Discretionary
SCHW,Charles Schwab Corporation (The) Common Stock,$99.03,-0.46,-0.462%,7528890,171256115757.00,United States,,Investment Bankers/Brokers/Service,Finance
SCHW^D,The Charles Schwab Corporation Depositary Shares each representing 1/40th interest in a share of 5.95% Non-Cumulative Perpetual Preferred Stock Series D,$21.62,-0.06,-0.277%,141718,,United States,,,
SCHW^J,The Charles Schwab Corporation Depositary Shares Each Representing a 1/40th Interest in a Share of 4.450% Non-Cumulative Perpetual Preferred Stock Series J,$16.055,-0.055,-0.341%,61254,,United States,,,
SCI,Service Corporation International Common Stock,$77.84,0.09,0.116%,1010180,10634459856.00,United States,,Other Consumer Services,Consumer Discretionary
SCII,SC II Acquisition Corp. Class A ordinary share,$10.15,0.00,0.00%,6,0.00,United States,2026,,
SCIIR,SC II Acquisition Corp. Rights,$0.1503,-0.0197,-11.588%,746,0.00,United States,2026,,
SCKT,Socket Mobile Inc. Common Stock,$0.4824,-0.0031,-0.639%,63805,3999907.00,United States,,Computer Manufacturing,Technology
SCL,Stepan Company Common Stock,$64.53,0.71,1.113%,137307,1466930806.00,United States,,Package Goods/Cosmetics,Consumer Discretionary
SCLX,Scilex Holding Company Common Stock,$4.89,-0.05,-1.012%,42905,41530770.00,United States,2021,Biotechnology: Biological Products (No Diagnostic Substances),Health Care
SCLXW,Scilex Holding Company Warrant,$0.088,0.0253,40.351%,6715,747384.00,United States,2021,Biotechnology: Biological Products (No Diagnostic Substances),Health Care
SCM,Stellus Capital Investment Corporation Common Stock,$7.65,-0.05,-0.649%,92674,217871518.00,United States,2012,Finance/Investors Services,Finance
SCNI,Scinai Immunotherapeutics Ltd. American Depositary Shares,$1.55,-0.31,-16.667%,120813,2097503.00,Israel,2015,Biotechnology: Biological Products (No Diagnostic Substances),Health Care
SCNX,Scienture Holdings Inc. Common Stock,$0.2774,-0.0096,-3.345%,414516,11391194.00,United States,,Biotechnology: Pharmaceutical Preparations,Health Care
SCOR,comScore Inc. Common Stock,$4.91,0.10,2.079%,10235,74555041.00,United States,2018,Business Services,Consumer Discretionary
SCPQ,Social Commerce Partners Corporation Class A Ordinary Shares,$10.05,0.00,0.00%,10,0.00,United States,2026,,
SCPQU,Social Commerce Partners Corporation Unit,$10.28,0.00,0.00%,100,0.00,United States,2025,,
SCSC,ScanSource Inc. Common Stock,$58.30,0.23,0.396%,188910,1174325940.00,United States,,Retail: Computer Software & Peripheral Equipment,Technology
SCTX,Scribe Therapeutics Inc. Common Stock,$21.28,-0.33,-1.527%,458937,402866150.00,United States,2026,Biotechnology: Biological Products (No Diagnostic Substances),Health Care
SCWO,374Water Inc. Common Stock,$3.01,-0.08,-2.589%,49417,53331665.00,United States,,Metal Fabrications,Consumer Discretionary
SCYX,SCYNEXIS Inc. Common Stock,$4.39,-0.06,-1.348%,31648,43678784.00,United States,2014,Biotechnology: Pharmaceutical Preparations,Health Care
SCZM,Santacruz Silver Mining Ltd. Common Shares,$9.48,0.56,6.278%,319882,881547892.00,Canada,,Precious Metals,Basic Materials
SD,SandRidge Energy Inc. Common Stock,$13.87,-0.30,-2.117%,351844,514234356.00,United States,2016,Oil & Gas Production,Energy
SDA,SunCar Technology Group Inc. Class A Ordinary Shares,$0.524,0.047,9.853%,592035,55359508.00,Hong Kong,2021,Automotive Aftermarket,Consumer Discretionary
SDAWW,SunCar Technology Group Inc. Warrant,$0.07,0.0084,13.636%,840,7395354.00,Hong Kong,2021,Automotive Aftermarket,Consumer Discretionary
SDEV,Stablecoin Development Corporation Common Stock,$1.49,0.20,15.504%,13799131,75417001.00,United States,,Biotechnology: Pharmaceutical Preparations,Health Care
SDGR,Schrodinger Inc. Common Stock,$28.85,-0.60,-2.037%,1370114,2158142368.00,United States,2020,Biotechnology: Pharmaceutical Preparations,Health Care
SDHC,Smith Douglas Homes Corp. Class A Common Stock,$10.28,-0.22,-2.095%,22709,522515757.00,United States,2024,Homebuilding,Consumer Discretionary
SDHI,Siddhi Acquisition Corp Class A Common stock,$10.53,0.00,0.00%,110,0.00,United States,2025,Blank Checks,Finance
SDHIR,Siddhi Acquisition Corp Right,$0.15,0.0375,33.333%,1009,0.00,United States,2025,,
SDHY,PGIM Short Duration High Yield Opportunities Fund Common Shares,$15.32,0.19,1.256%,60345,377991218.00,,2020,Finance/Investors Services,Finance
SDOT,Sadot Group Inc. Common Stock,$11.01,-0.22,-1.959%,34573,16017656.00,United States,2020,Restaurants,Consumer Discretionary
SDRL,Seadrill Limited Common Shares,$45.57,-0.91,-1.958%,573092,2850013558.00,Bermuda,2022,Oil & Gas Production,Energy
SDST,Stardust Power Inc. Common Stock,$0.1098,-0.0052,-4.522%,21167131,4455357.00,United States,2021,Major Chemicals,Industrials
SDSTW,Stardust Power Inc. Warrant,$0.0677,-0.0116,-14.628%,1796,2747064.00,United States,2021,Major Chemicals,Industrials
SE,Sea Limited American Depositary Shares each representing one Class A Ordinary Share,$99.55,-1.18,-1.171%,2045848,60972834165.00,United States,2017,Other Consumer Services,Consumer Discretionary
SEAL^A,Seapeak LLC 9.00% Series A Cumulative Redeemable Perpetual Preferred Units,$25.70,-0.07,-0.272%,3592,,Bermuda,,,
SEAL^B,Seapeak LLC 8.50% Series B Fixed-to-Floating Rate Cumulative Redeemable Perpetual Preferred Units,$25.7401,-0.0999,-0.387%,4856,,Bermuda,,,
SEAT,Vivid Seats Inc. Class A Common Stock,$3.70,-0.04,-1.07%,109532,43334981.00,United States,,Services-Misc. Amusement & Recreation,Consumer Discretionary
SEATW,Vivid Seats Inc. Warrant,$0.0201,0.00,0.00%,500,235414.00,United States,,Services-Misc. Amusement & Recreation,Consumer Discretionary
SEB,Seaboard Corporation Common Stock,$3969.18,24.30,0.616%,8369,3801656789.00,United States,1996,Farming/Seeds/Milling,Industrials
SECZ,Securitize Corp. Common Stock,$15.96,-0.57,-3.448%,6876763,2605720333.00,,2026,Finance: Consumer Services,Finance
SEDG,SolarEdge Technologies Inc. Common Stock,$32.68,0.77,2.413%,1882838,2010661445.00,Israel,2015,Semiconductors,Technology
SEED,Origin Agritech Limited Common Stock,$0.91,-0.0101,-1.098%,7002,11050609.00,China,,Farming/Seeds/Milling,Consumer Staples
SEER,Seer Inc. Class A Common Stock,$1.91,0.04,2.139%,244116,105760549.00,United States,2020,Biotechnology: Laboratory Analytical Instruments,Industrials
SEG,Seaport Entertainment Group Inc. Common Stock,$23.40,-0.25,-1.057%,74799,299743142.00,United States,2024,Services-Misc. Amusement & Recreation,Consumer Discretionary
SEGG,Sports Entertainment Gaming Global Corporation Common Stock,$2.87,-0.01,-0.347%,19532,9354728.00,United States,2023,Computer Software: Prepackaged Software,Technology
SEI,Solaris Energy Infrastructure Inc. Class A Common Stock,$70.97,0.87,1.241%,1505809,5433916840.00,United States,2017,Oil and Gas Field Machinery,Consumer Discretionary
SEIC,SEI Investments Company Common Stock,$105.65,0.87,0.83%,666528,12680026578.00,United States,1981,Investment Bankers/Brokers/Service,Finance
SELF,Global Self Storage Inc. Common Stock,$5.05,0.00,0.00%,48431,57678171.00,United States,,Real Estate Investment Trusts,Real Estate
SENEA,Seneca Foods Corp. Class A Common Stock,$182.66,-1.34,-0.728%,89833,1236556507.00,United States,,Packaged Foods,Consumer Staples
SENEB,Seneca Foods Corp. Class B Common Stock,$187.42,0.00,0.00%,98,1268780360.00,United States,,Packaged Foods,Consumer Staples
SENS,Senseonics Holdings Inc. Common Stock,$10.00,-0.34,-3.288%,569788,528740530.00,United States,,Medical/Dental Instruments,Health Care
SEPN,Septerna Inc. Common Stock,$37.77,-0.36,-0.944%,344313,1762988288.00,United States,2024,Biotechnology: Pharmaceutical Preparations,Health Care
SER,Serina Therapeutics Inc. Common Stock,$2.09,-0.05,-2.336%,29453,53086989.00,United States,2018,Biotechnology: Pharmaceutical Preparations,Health Care
SERA,Sera Prognostics Inc. Class A Common Stock,$2.04,-0.07,-3.318%,12774,80476911.00,United States,2021,Medical Specialities,Health Care
SERV,Serve Robotics Inc. Common Stock,$4.45,-0.06,-1.33%,2012073,385848406.00,United States,,Industrial Machinery/Components,Industrials
SES,SES AI Corporation Class A Common Stock,$0.5345,0.0053,1.002%,11834045,198453115.00,United States,2021,Industrial Machinery/Components,Miscellaneous
SEV,Aptera Motors Corp. Class B Common Stock,$1.97,-0.03,-1.50%,137056,79869956.00,United States,,Auto Manufacturing,Industrials
SEVN,Seven Hills Realty Trust Common Stock,$7.32,0.01,0.137%,103124,165846356.00,United States,,Real Estate Investment Trusts,Real Estate
SEZL,Sezzle Inc. Common Stock,$111.38,1.60,1.457%,470195,3750723059.00,United States,,Finance: Consumer Services,Finance
SF,Stifel Financial Corporation Common Stock,$70.35,0.44,0.629%,1977482,10622971987.00,United States,,Investment Bankers/Brokers/Service,Finance
SF^B,Stifel Financial Corporation Depositary Shares Each Representing 1/1000th  Interest in a Share of 6.25% Non-Cumulative  Preferred Stock Series B,$23.53,0.16,0.685%,15620,,United States,,,
SF^C,Stifel Financial Corporation Depositary Shares Each Representing 1/1000th Interest in a Share of 6.125% Non Cumulative Preferred Stock Series C,$21.66,-0.08,-0.368%,24335,,United States,,,
SF^D,Stifel Financial Corporation Depositary Shares Each Representing 1/1000th Interest in a Share of 4.50% Non-Cumulative Preferred Stock Series D,$15.67,-0.15,-0.948%,32092,,United States,,,
SFB,Stifel Financial Corporation 5.20% Senior Notes due 2047,$19.16,-0.015,-0.078%,10177,1957642459.00,United States,2017,Investment Bankers/Brokers/Service,Finance
SFBC,Sound Financial Bancorp Inc. Common Stock,$42.72,-3.28,-7.13%,1363,109706797.00,United States,,Savings Institutions,Finance
SFBS,ServisFirst Bancshares Inc. Common Stock,$41.31,0.06,0.145%,778225,4517042776.00,United States,,Major Banks,Finance
SFD,Smithfield Foods Inc. Common Stock,$19.04,0.03,0.158%,1429872,7497331886.00,United States,2025,Meat/Poultry/Fish,Consumer Staples
SFHG,Samfine Creation Holdings Group Limited Class A Ordinary Share,$2.36,-0.02,-0.84%,4515,9581600.00,Hong Kong,2024,Publishing,Consumer Discretionary
SFIX,Stitch Fix Inc. Class A Common Stock,$2.155,-0.055,-2.489%,5004098,287915945.00,United States,2017,Catalog/Specialty Distribution,Consumer Discretionary
SFL,SFL Corporation Ltd,$12.78,-0.20,-1.541%,1207611,1699647780.00,Bermuda,,Marine Transportation,Consumer Discretionary
SFM,Sprouts Farmers Market Inc. Common Stock,$62.49,-2.93,-4.479%,3089963,5827044086.00,United States,2013,Food Chains,Consumer Staples
SFNC,Simmons First National Corporation Class A Common Stock,$23.23,0.17,0.737%,1443453,3357055318.00,United States,,Major Banks,Finance
SFST,Southern First Bancshares Inc. Common Stock,$60.62,0.46,0.765%,89742,574177788.00,United States,,Major Banks,Finance
SFWL,Shengfeng Development Limited Class A Ordinary Shares,$9.37,0.62,7.086%,3539,51533445.00,China,2023,Trucking Freight/Courier Services,Industrials
SG,Sweetgreen Inc. Class A Common Stock,$8.24,-0.02,-0.242%,4315145,980900436.00,United States,2021,Restaurants,Consumer Discretionary
SGA,Saga Communications Inc. Class A Common Stock (FL),$8.60,-0.01,-0.116%,2934,54678697.00,United States,,Broadcasting,Consumer Discretionary
SGC,Superior Group of Companies Inc. Common Stock,$12.88,0.31,2.466%,24469,205374189.00,United States,,Apparel,Consumer Discretionary
SGHC,Super Group (SGHC) Limited Ordinary Shares,$11.97,-0.01,-0.083%,2026016,6081679152.00,,2022,Services-Misc. Amusement & Recreation,Consumer Discretionary
SGHT,Sight Sciences Inc. Common Stock,$8.93,0.25,2.88%,353469,491935751.00,United States,2021,Medical/Dental Instruments,Health Care
SGI,Somnigroup International Inc. Common Stock,$63.95,1.64,2.632%,2520814,14723796201.00,United States,,Home Furnishings,Consumer Discretionary
SGLD,Scorpio Gold Corporation American Depositary Shares ,$3.92,0.05,1.292%,46721,67848183.00,Canada,,,
SGLY,Singularity Future Technology Ltd. Common Stock,$0.8692,-0.1608,-15.612%,377224,4696973.00,United States,2008,Integrated Freight & Logistics,Industrials
SGML,Sigma Lithium Corporation Common Shares,$9.58,-0.40,-4.008%,2877448,1078404439.00,Canada,,Metal Mining,Basic Materials
SGMT,Sagimet Biosciences Inc. Series A Common Stock,$9.24,0.13,1.427%,1247071,569102309.00,United States,2023,Biotechnology: Pharmaceutical Preparations,Health Care
SGP,SpyGlass Pharma Inc. Common Stock,$27.07,-0.58,-2.098%,96414,905436792.00,United States,2026,Medical/Dental Instruments,Health Care
SGRX,SANGRIX INC. Class A Ordinary Shares,$1.44,-0.12,-7.692%,97112,2740288.00,United States,2019,Finance: Consumer Services,Finance
SGRY,Surgery Partners Inc. Common Stock,$14.40,0.20,1.408%,1762772,1885222944.00,United States,2015,Hospital/Nursing Management,Health Care
SGU,Star Group L.P. Common Stock,$12.83,0.18,1.423%,7168,420967901.00,United States,,Other Specialty Stores,Consumer Discretionary
SHAK,Shake Shack Inc. Class A Common Stock,$55.55,-1.90,-3.307%,1530701,2377481006.00,United States,2015,Restaurants,Consumer Discretionary
SHAZ,SharonAI Holdings Inc. Class A Common Stock,$54.68,-1.72,-3.05%,1229963,1957735653.00,United States,,EDP Services,Technology
SHBI,Shore Bancshares Inc Common Stock,$23.01,0.09,0.393%,224892,767896071.00,United States,,Major Banks,Finance
SHC,Sotera Health Company Common Stock,$18.34,-0.11,-0.596%,1247753,5233773740.00,United States,2020,Misc Health and Biotechnology Services,Health Care
SHEL,Shell PLC American Depositary Shares (each representing two (2) Ordinary Shares) ,$95.78,0.18,0.188%,5066823,264934456519.00,Netherlands,2022,Oil & Gas Production,Energy
SHEN,Shenandoah Telecommunications Co Common Stock,$11.76,-0.23,-1.918%,1163172,627568637.00,United States,,Telecommunications Equipment,Telecommunications
SHFS,SHF Holdings Inc. Class A Common Stock,$0.1572,-0.0099,-5.925%,182615,1938741.00,United States,2021,Finance: Consumer Services,Finance
SHFSW,SHF Holdings Inc. Warrants,$0.0093,0.00,0.00%,12839,114696.00,United States,2021,Finance: Consumer Services,Finance
SHG,Shinhan Financial Group Co Ltd American Depositary Shares,$80.95,1.36,1.709%,99748,38423270523.00,South Korea,,Major Banks,Finance
SHIM,Shimmick Corporation Common Stock,$3.155,-0.185,-5.539%,173778,130414522.00,United States,2023,Military/Government/Technical,Industrials
SHIP,Seanergy Maritime Holdings Corp. Common Stock,$16.60,-0.33,-1.949%,398006,359692087.00,Greece,,Marine Transportation,Consumer Discretionary
SHLS,Shoals Technologies Group Inc. Class A Common Stock,$7.47,0.02,0.268%,2622260,1257200627.00,United States,2021,Semiconductors,Technology
SHMD,SCHMID Group N.V. Class A Ordinary Shares,$4.37,0.75,20.718%,13070210,266390406.00,Germany,,Industrial Machinery/Components,Technology
SHMDW,SCHMID Group N.V. Warrants,$1.36,0.524,62.679%,282015,82904108.00,Germany,,Industrial Machinery/Components,Technology
SHO,Sunstone Hotel Investors Inc. Sunstone Hotel Investors Inc. Common Shares,$11.19,0.05,0.449%,1733334,2080712700.00,United States,2004,Hotels/Resorts,Consumer Discretionary
SHO^H,Sunstone Hotel Investors Inc. 6.125% Series H Cumulative Redeemable Preferred Stock,$22.40,0.03,0.134%,30178,,United States,,,
SHO^I,Sunstone Hotel Investors Inc. 5.70% Series I Cumulative Redeemable Preferred Stock,$21.75,-0.02,-0.092%,25125,,United States,,,
SHOE,Shoe Station Group Inc. Common Stock,$13.00,-0.22,-1.664%,1424016,353389595.00,United States,,Clothing/Shoe/Accessory Stores,Consumer Discretionary
SHOO,Steven Madden Ltd. Common Stock,$45.06,0.83,1.877%,845837,3297359901.00,United States,1993,Shoe Manufacturing,Consumer Discretionary
SHOP,Shopify Inc. Class A Subordinate Voting Shares,$142.25,-2.91,-2.005%,5993619,184329118306.00,Canada,,Computer Software: Prepackaged Software,Technology
SHOT,RMG ML Sports Holdings Class A Ordinary Shares,$9.855,0.00,0.00%,13,0.00,United States,2026,,
SHOTR,RMG ML Sports Holdings Rights,$0.125,0.00,0.00%,32,0.00,United States,2026,,
SHOTU,RMG ML Sports Holdings Unit,$9.97,0.00,0.00%,9,0.00,United States,2026,,
SHPH,Shuttle Pharmaceuticals Holdings Inc. Common Stock,$4.01,0.01,0.25%,20915,19106431.00,United States,2022,Biotechnology: Pharmaceutical Preparations,Health Care
SHW,Sherwin-Williams Company (The) Common Stock,$329.10,8.70,2.715%,1843783,79891707494.00,United States,,RETAIL: Building Materials,Consumer Discretionary
SI,Shoulder Innovations Inc. Common Stock,$16.99,-0.02,-0.118%,77109,353714079.00,United States,2025,Medical/Dental Instruments,Health Care
SIBN,SI-BONE Inc. Common Stock,$18.59,0.07,0.378%,625844,833177309.00,United States,2018,Medical/Dental Instruments,Health Care
SID,Companhia Siderurgica Nacional S.A. Common Stock,$1.10,0.00,0.00%,4812260,1458703342.00,Brazil,,Steel/Iron Ore,Industrials
SIDU,Sidus Space Inc. Class A Common Stock,$2.12,0.05,2.415%,2181708,214597691.00,United States,2021,Telecommunications Equipment,Telecommunications
SIEB,Siebert Financial Corp. Common Stock,$2.20,-0.03,-1.345%,29845,90422059.00,United States,,Investment Bankers/Brokers/Service,Finance
SIF,SIFCO Industries Inc. Common Stock,$22.06,0.73,3.422%,17367,137966064.00,United States,1969,Aerospace,Industrials
SIFY,Sify Technologies Limited American Depositary Shares,$13.35,-0.06,-0.447%,43214,967002110.00,India,,Computer Software: Programming Data Processing,Technology
SIG,Signet Jewelers Limited Common Shares,$102.26,1.76,1.751%,604741,3918321269.00,Bermuda,,Consumer Specialties,Consumer Discretionary
SIGA,SIGA Technologies Inc. Common Stock,$3.45,0.20,6.154%,1165774,247881520.00,United States,,Biotechnology: Pharmaceutical Preparations,Health Care
SIGI,Selective Insurance Group Inc. Common Stock,$86.12,0.355,0.414%,456012,5130092528.00,United States,,Property-Casualty Insurers,Finance
SIGIP,Selective Insurance Group Inc. Depositary Shares each representing a 1/1000th interest in a share of 4.60% Non-Cumulative Preferred Stock Series B,$15.14,-0.1574,-1.029%,11981,901876462.00,United States,,Property-Casualty Insurers,Finance
SII,Sprott Inc. Common Shares,$124.34,0.10,0.08%,69648,3207972000.00,,2020,Finance: Consumer Services,Finance
SILC,Silicom Ltd Ordinary Shares,$52.78,1.16,2.247%,124051,303358909.00,Israel,,Computer Communications Equipment,Telecommunications
SILO,Silo Pharma Inc. Common Stock,$1.75,0.00,0.00%,20093,3068188.00,United States,,Biotechnology: Pharmaceutical Preparations,Health Care
SIM,Grupo Simec S.A.B. de C.V. American Depositary Shares,$28.85,-1.05,-3.512%,110155,4786303598.00,Mexico,1998,Steel/Iron Ore,Industrials
SIMA,SIM Acquisition Corp. I Class A Ordinary Shares,$10.93,0.00,0.00%,64,0.00,United States,2024,Industrial Machinery/Components,Miscellaneous
SIMO,Silicon Motion Technology Corporation American Depositary Shares,$276.23,1.13,0.411%,474358,9366471754.00,Taiwan,2005,Semiconductors,Technology
SIND,Sinda Ltd. Common Stock,$13.94,-0.06,-0.429%,36985,2213544937.00,,2026,Precious Metals,Basic Materials
SINT,SiNtx Technologies Inc. Common Stock,$1.88,0.01,0.535%,89164,12529324.00,United States,2014,Medical/Dental Instruments,Health Care
SION,Sionna Therapeutics Inc. Common Stock,$5.23,0.00,0.00%,1402416,236460847.00,United States,2025,Biotechnology: Pharmaceutical Preparations,Health Care
SIRI,SiriusXM Holdings Inc. Common Stock,$25.855,-0.775,-2.91%,4930601,8714864467.00,United States,,Broadcasting,Consumer Discretionary
SITC,SITE Centers Corp. Common Stock,$3.06,0.04,1.325%,785402,160574537.00,United States,,Real Estate Investment Trusts,Real Estate
SITE,SiteOne Landscape Supply Inc. Common Stock,$91.31,-0.87,-0.944%,673460,3986173661.00,United States,2016,Professional and commerical equipment,Consumer Discretionary
SITM,SiTime Corporation Common Stock,$662.27,19.03,2.958%,502477,19915145012.00,United States,2019,Semiconductors,Technology
SJ,Scienjoy Holding Corporation Class A Ordinary Shares ,$0.69,-0.0201,-2.831%,14166,29299310.00,China,2019,EDP Services,Technology
SJM,The J.M. Smucker Company Common Stock,$121.00,-0.66,-0.542%,925376,12925605143.00,United States,,Packaged Foods,Consumer Staples
SJT,San Juan Basin Royalty Trust Common Stock,$3.42,0.02,0.588%,428033,159402082.00,United States,,Oil & Gas Production,Energy
SKE,Skeena Resources Limited Common Shares,$31.71,0.28,0.891%,378678,3978422376.00,,2021,Precious Metals,Basic Materials
SKHY,SK hynix Inc. American Depositary Shares,$191.56,5.19,2.785%,13710521,1396214751800.00,South Korea,2026,Semiconductors,Technology
SKIL,Skillsoft Corp. Class A Common Stock,$5.95,-0.17,-2.778%,26850,54147642.00,United States,2019,Computer Software: Prepackaged Software,Technology
SKIN,SkinHealth Systems Inc. Class A Common Stock,$0.6648,0.0048,0.727%,180204,86517579.00,United States,2020,Medical/Dental Instruments,Health Care
SKK,SKK Holdings Limited Class A Ordinary Shares,$4.4399,0.1899,4.468%,89679,14165927.00,Singapore,2024,Water Sewer Pipeline Comm & Power Line Construction,Industrials
SKM,SK Telecom Co. Ltd. Common Stock,$36.30,0.53,1.482%,817741,13923954000.00,South Korea,,Telecommunications Equipment,Telecommunications
SKT,Tanger Inc. Common Stock,$34.73,-0.28,-0.80%,1063230,3989747288.00,United States,1993,Real Estate Investment Trusts,Real Estate
SKWD,Skyward Specialty Insurance Group Inc. Common Stock,$54.78,-0.10,-0.182%,353590,2432039887.00,United States,2023,Property-Casualty Insurers,Finance
SKY,Champion Homes Inc. Common Stock,$87.72,2.04,2.381%,407503,4761453354.00,United States,,Homebuilding,Consumer Discretionary
SKYA,SkyAI Inc. Common Stock,$1.88,0.00,0.00%,382911,81305311.00,United States,2022,Medical/Dental Instruments,Health Care
SKYAW,SkyAI Inc. Warrant,$0.0281,-0.0069,-19.714%,2907,1215255.00,United States,2022,EDP Services,Technology
SKYE,Skye Bioscience Inc. Common Stock,$1.67,-0.03,-1.765%,43516,7394221.00,United States,,Biotechnology: Pharmaceutical Preparations,Health Care
SKYH,Sky Harbour Group Corporation Class A Common Stock,$10.01,0.18,1.831%,123623,817111375.00,United States,2022,Real Estate,Finance
SKYQ,Sky Quarry Inc. Common Stock,$2.67,-0.24,-8.247%,1576896,23585151.00,United States,2024,Environmental Services,Industrials
SKYW,SkyWest Inc. Common Stock,$102.29,1.60,1.589%,296270,3971749364.00,United States,1986,Air Freight/Delivery Services,Consumer Discretionary
SKYX,SKYX Platforms Corp. Common Stock,$1.23,0.02,1.653%,619264,166580123.00,United States,2022,Building Products,Consumer Discretionary
SLAB,Silicon Laboratories Inc. Common Stock,$221.24,-0.14,-0.063%,161825,7382062204.00,United States,2000,Semiconductors,Technology
SLB,SLB Limited Common Shares,$51.54,0.11,0.214%,7261171,76492742126.00,France,,Oilfield Services/Equipment,Energy
SLBT,SL Science Holding Limited Ordinary Shares,$1.57,0.01,0.641%,286687,880392818.00,Taiwan,,Biotechnology: Biological Products (No Diagnostic Substances),Health Care
SLDB,Solid Biosciences Inc. Common Stock,$7.29,-0.19,-2.54%,1420548,781671985.00,United States,2018,Biotechnology: Biological Products (No Diagnostic Substances),Health Care
SLDE,Slide Insurance Holdings Inc. Common Stock,$23.10,-0.45,-1.911%,875274,2698350709.00,United States,2025,Property-Casualty Insurers,Finance
SLDP,Solid Power Inc. Class A Common Stock,$2.39,0.04,1.702%,2760046,545353097.00,United States,2021,Industrial Machinery/Components,Miscellaneous
SLDPW,Solid Power Inc. Warrant,$0.022,-0.0025,-10.204%,211509,5019987.00,United States,2021,Industrial Machinery/Components,Miscellaneous
SLE,Super League Enterprise Inc. Common Stock,$5.03,-0.33,-6.157%,162008,12440050.00,United States,2019,EDP Services,Technology
SLF,Sun Life Financial Inc. Common Stock,$79.91,0.46,0.579%,377709,44499066488.00,Canada,,Life Insurance,Finance
SLG,SL Green Realty Corp Common Stock,$51.01,0.13,0.256%,540992,3614053756.00,United States,1997,Real Estate Investment Trusts,Real Estate
SLG^I,SL Green Realty Corporation Preferred Series I,$21.34,-0.01,-0.047%,7076,,United States,,,
SLGB,Smart Logistics Global Limited Class A Ordinary Shares,$0.2989,-0.031,-9.397%,966452,13450500.00,Hong Kong,2025,Integrated Freight & Logistics,Industrials
SLGL,Sol-Gel Technologies Ltd. Ordinary Shares,$66.85,6.11,10.059%,26077,218866833.00,Israel,2018,Biotechnology: Pharmaceutical Preparations,Health Care
SLGN,Silgan Holdings Inc. Common Stock,$35.91,0.46,1.298%,2064038,3795041338.00,United States,2022,Containers/Packaging,Industrials
SLI,Standard Lithium Ltd. Common Shares,$1.86,-0.20,-9.709%,6698311,459018541.00,Canada,2021,Major Chemicals,Industrials
SLM,SLM Corporation Common Stock,$23.66,0.61,2.646%,2179935,4446825026.00,United States,,Finance: Consumer Services,Finance
SLMBP,SLM Corporation Floating Rate Non-Cumulative Preferred Stock Series B,$73.90,-0.09,-0.122%,2143,13889280196.00,United States,,Finance: Consumer Services,Finance
SLMT,Brera Holdings PLC Class B Ordinary Shares,$4.78,1.02,27.128%,362167,52624425.00,Ireland,2023,Services-Misc. Amusement & Recreation,Consumer Discretionary
SLN,Silence Therapeutics Plc American Depository Share,$11.18,-0.04,-0.357%,953252,523224000.00,United Kingdom,,Biotechnology: Pharmaceutical Preparations,Health Care
SLND,Southland Holdings Inc. Common Stock,$0.6592,0.0292,4.635%,114147,35883721.00,United States,,Military/Government/Technical,Industrials
SLNG,Stabilis Solutions Inc. Common Stock,$5.25,0.07,1.351%,10783,97630580.00,United States,,Oil/Gas Transmission,Utilities
SLNH,Soluna Holdings Inc. Common Stock,$1.22,-0.03,-2.40%,6090197,300976497.00,United States,,EDP Services,Technology
SLNHP,Soluna Holdings Inc 9.0% Series A Cumulative Perpetual Preferred Stock ,$12.82,0.00,0.00%,271,3162720243.00,United States,,EDP Services,Technology
SLP,Simulations Plus Inc. Common Stock,$18.46,0.00,0.00%,131289,373350509.00,United States,,EDP Services,Technology
SLQT,SelectQuote Inc. Common Stock,$0.40,-0.01,-2.439%,845401,71704720.00,United States,2020,Specialty Insurers,Finance
SLRC,SLR Investment Corp. Common Stock,$11.74,0.06,0.514%,426520,640471403.00,United States,2010,Finance/Investors Services,Finance
SLS,SELLAS Life Sciences Group Inc. Common Stock,$11.61,-0.37,-3.088%,4453117,2344589681.00,United States,,Biotechnology: Pharmaceutical Preparations,Health Care
SLSN,Solesence Inc. Common Stock,$0.8254,0.0154,1.901%,35152,58312071.00,United States,,Package Goods/Cosmetics,Consumer Discretionary
SLSR,Solaris Resources Inc. Common Shares,$7.15,-0.10,-1.379%,79120,1194302595.00,,2024,,
SLVM,Sylvamo Corporation Common Stock,$35.96,0.00,0.00%,239823,1429778338.00,United States,2021,Paper,Basic Materials
SLXN,Silexion Therapeutics Corp Ordinary Shares,$0.2603,0.0033,1.284%,1169281,1498253.00,Israel,,Biotechnology: Biological Products (No Diagnostic Substances),Health Care
SLXNW,Silexion Therapeutics Corp Warrant,$0.0099,0.0023,30.263%,8680,56983.00,Israel,,Biotechnology: Biological Products (No Diagnostic Substances),Health Care
SM,SM Energy Company Common Stock,$33.91,-1.19,-3.39%,3055824,8065631446.00,United States,,Oil & Gas Production,Energy
SMA,SmartStop Self Storage REIT Inc. Common Stock,$31.73,0.48,1.536%,462697,1756855292.00,United States,2025,Real Estate Investment Trusts,Real Estate
SMBC,Southern Missouri Bancorp Inc. Common Stock,$72.26,0.05,0.069%,68731,795819541.00,United States,,Banks,Finance
SMBK,SmartFinancial Inc. Common Stock,$50.32,0.02,0.04%,87716,860395161.00,United States,,Major Banks,Finance
SMC,Summit Midstream Corporation Common Stock,$30.80,-0.31,-0.996%,77350,625489018.00,United States,2012,Natural Gas Distribution,Utilities
SMCI,Super Micro Computer Inc. Common Stock,$43.26,1.75,4.216%,49323251,28420322512.00,United States,2020,Computer Manufacturing,Technology
SMCIP,Super Micro Computer Inc. Depositary Shares representing a 1/20th Interest in a Share of 7% Series A Mandatory Convertible Preferred Stock,$72.20,2.92,4.215%,1171743,47432900725.00,United States,,Computer Manufacturing,Technology
SMFG,Sumitomo Mitsui Financial Group Inc Unsponsored American Depositary Shares (Japan),$26.61,1.10,4.312%,1992773,121377520094.00,Japan,,Commercial Banks,Finance
SMG,Scotts Miracle-Gro Company (The) Common Stock,$50.89,-0.24,-0.469%,1291136,2962829744.00,United States,1992,Agricultural Chemicals,Industrials
SMHI,SEACOR Marine Holdings Inc. Common Stock ,$8.73,-0.08,-0.908%,131817,236869571.00,United States,2017,Marine Transportation,Consumer Discretionary
SMID,Smith-Midland Corporation Common Stock,$24.28,0.26,1.082%,13883,128795834.00,United States,,Building Materials,Industrials
SMJF,SMJ International Holdings Inc. Class A Ordinary Shares,$1.60,0.04,2.564%,184831,44328000.00,,2025,RETAIL: Building Materials,Consumer Discretionary
SMMT,Summit Therapeutics Inc. Common Stock ,$15.61,-0.77,-4.701%,3808089,12452871287.00,United States,2015,Biotechnology: Pharmaceutical Preparations,Health Care
SMP,Standard Motor Products Inc. Common Stock,$37.69,0.36,0.964%,99065,842005643.00,United States,,Auto Parts:O.E.M.,Consumer Discretionary
SMPL,The Simply Good Foods Company Common Stock,$9.60,0.17,1.803%,2400149,849221232.00,United States,,Packaged Foods,Consumer Staples
SMR,NuScale Power Corporation Class A Common Stock,$8.42,-0.05,-0.59%,29275173,3618269950.00,United States,2022,Metal Fabrications,Industrials
SMRT,SmartRent Inc. Class A Common Stock,$1.19,0.00,0.00%,784709,228018041.00,United States,,EDP Services,Technology
SMSI,Smith Micro Software Inc. Common Stock,$2.71,0.01,0.37%,13057,15148575.00,United States,1995,Computer Software: Prepackaged Software,Technology
SMTC,Semtech Corporation Common Stock,$182.30,7.80,4.47%,2386418,17013261620.00,United States,,Semiconductors,Technology
SMTI,Sanara MedTech Inc. Common Stock,$35.06,-0.04,-0.114%,161798,322132507.00,United States,,Industrial Specialties,Health Care
SMTK,SmartKem Inc. Common Stock,$1.82,0.18,10.976%,633980,1885154.00,United States,,Semiconductors,Technology
SMWB,Similarweb Ltd. Ordinary Shares,$7.58,0.05,0.664%,565954,659205706.00,,2021,Computer Software: Programming Data Processing,Technology
SMX,SMX (Security Matters) Public Limited Company Ordinary Shares,$8.01,-0.74,-8.457%,53692,8719750.00,Ireland,,Industrial Machinery/Components,Technology
SMXT,Solarmax Technology Inc. Common Stock,$2.32,0.12,5.455%,3070,11001939.00,United States,2024,Engineering & Construction,Consumer Discretionary
SMXWW,SMX (Security Matters) Public Limited Company Warrant,$0.0162,0.0007,4.516%,794,17635.00,Ireland,,Industrial Machinery/Components,Technology
SN,SharkNinja Inc. Ordinary Shares,$177.74,0.80,0.452%,1295208,25038509652.00,United States,2023,Consumer Electronics/Appliances,Consumer Discretionary
SNA,Snap-On Incorporated Common Stock,$369.20,1.49,0.405%,197045,19097654181.00,United States,,Industrial Machinery/Components,Consumer Discretionary
SNAL,Snail Inc. Class A Common Stock,$2.50,-0.06,-2.344%,10613,22389528.00,United States,2022,Computer Software: Prepackaged Software,Technology
SNAP,Snap Inc. Class A Common Stock,$5.42,-0.01,-0.184%,20445502,9166291599.00,United States,2017,Computer Software: Programming Data Processing,Technology
SND,Smart Sand Inc. Common Stock,$5.23,0.15,2.953%,205775,221747089.00,United States,2016,Mining & Quarrying of Nonmetallic Minerals (No Fuels),Industrials
SNDA,Sonida Senior Living Inc. Common Stock,$37.71,0.16,0.426%,388648,1811889703.00,United States,,Hospital/Nursing Management,Health Care
SNDK,Sandisk Corporation Common Stock,$1777.80,24.18,1.379%,7341858,260303699978.00,United States,,Electronic Components,Technology
SNDL,SNDL Inc. Common Shares,$1.40,0.00,0.00%,689963,344569180.00,Canada,2019, Medicinal Chemicals and Botanical Products ,Health Care
SNDR,Schneider National Inc. Common Stock,$31.25,-0.39,-1.233%,615583,5478153094.00,United States,2017,Trucking Freight/Courier Services,Industrials
SNDX,Syndax Pharmaceuticals Inc. Common Stock,$18.20,0.23,1.28%,1343203,1625206965.00,United States,2016,Biotechnology: Pharmaceutical Preparations,Health Care
SNES,SenesTech Inc. Common Stock,$0.714,-0.012,-1.653%,31243,3872409.00,United States,2016,Agricultural Chemicals,Industrials
SNEX,StoneX Group Inc. Common Stock,$66.81,-2.71,-3.898%,963212,8058404065.00,United States,,Investment Bankers/Brokers/Service,Finance
SNFCA,Security National Financial Corporation Class A Common Stock,$8.74,0.07,0.807%,41506,239277506.00,United States,,Finance: Consumer Services,Finance
SNGX,Soligenix Inc. Common Stock,$0.3843,-0.0019,-0.492%,74085,8364474.00,United States,,Biotechnology: Pharmaceutical Preparations,Health Care
SNN,Smith & Nephew SNATS Inc. Common Stock,$26.91,0.23,0.862%,1377499,11267447457.00,United Kingdom,,Industrial Specialties,Health Care
SNOA,Sonoma Pharmaceuticals Inc. Common Stock,$1.27,0.025,2.008%,24299,6081300.00,United States,2007,Medical/Dental Instruments,Health Care
SNOW,Snowflake Inc. Common Stock,$335.94,1.94,0.581%,3026739,118519632000.00,United States,2020,Computer Software: Prepackaged Software,Technology
SNPS,Synopsys Inc. Common Stock,$425.76,0.85,0.20%,2171560,81591218401.00,United States,1992,Computer Software: Prepackaged Software,Technology
SNSC,SunScout Holding Limited Class A Ordinary Shares,$1.30,0.07,5.691%,26671,49530000.00,,2026,Semiconductors,Technology
SNT,Senstar Technologies Corporation Common Shares,$1.61,0.01,0.625%,16332,37563961.00,Canada,,Telecommunications Equipment,Telecommunications
SNTG,Sentage Holdings Inc. Class A Ordinary Shares,$1.70,0.00,0.00%,58895,4769053.00,China,2021,Finance: Consumer Services,Finance
SNTI,Senti Biosciences Holdings Inc. Common Stock,$0.3293,-0.0137,-3.994%,926332,10255967.00,United States,2021,Biotechnology: Biological Products (No Diagnostic Substances),Health Care
SNUS^H,Santander Holdings USA Inc. Depositary Shares Each Representing a 1/1000th Interest in a Share of Fixed-Rate Reset Non-Cumulative Perpetual Preferred Stock Series H,$21.07,0.19,0.91%,15864,,,,,
SNUS^I,Santander Holdings USA Inc. Depositary Shares Each Representing a 1/40th Interest in a Share of Fixed-Rate Reset Non-Cumulative Perpetual Preferred Stock Series I,$25.41,0.09,0.355%,130260,,,,,
SNWV,SANUWAVE Health Inc. Common Stock,$5.04,0.19,3.918%,54194,43355637.00,United States,,Medical/Dental Instruments,Health Care
SNX,TD SYNNEX Corporation Common Stock,$263.03,3.56,1.372%,1441890,21031550539.00,United States,2003,Retail: Computer Software & Peripheral Equipment,Technology
SNY,Sanofi ADS,$41.11,0.17,0.415%,2216968,100261295833.00,France,,Biotechnology: Pharmaceutical Preparations,Health Care
SO,Southern Company (The) Common Stock,$82.88,-0.01,-0.012%,4920500,95342082622.00,United States,,Electric Utilities: Central,Utilities
SOAR,Volato Group Inc. Class A Common Stock,$0.1795,-0.0041,-2.233%,1028607,9627168.00,,2022,Transportation Services,Consumer Discretionary
SOBO,South Bow Corporation Common Shares,$33.99,-0.33,-0.962%,460297,7089791472.00,Canada,2024,Natural Gas Distribution,Energy
SOC,Sable Offshore Corp. Common Stock,$3.88,-0.09,-2.267%,11616639,744453939.00,United States,2021,Oil & Gas Production,Energy
SOCA,Solarius Capital Acquisition Corp. Class A Ordinary Share,$10.34,0.00,0.00%,3815,0.00,United States,2025,,
SOCAW,Solarius Capital Acquisition Corp. Warrant,$0.1753,-0.0546,-23.749%,186,0.00,United States,2025,,
SOFI,SoFi Technologies Inc. Common Stock  ,$16.58,-0.22,-1.31%,31590891,21414235972.00,United States,,Finance: Consumer Services,Finance
SOGP,Sound Group Inc. American Depositary Shares,$12.17,0.65,5.642%,8533,50799357.00,China,2020,Computer Software: Programming Data Processing,Technology
SOHU,Sohu.com Limited American Depositary Shares,$13.05,-0.13,-0.986%,36236,340200737.00,China,,EDP Services,Technology
SOJC,Southern Company (The) Series 2017B 5.25% Junior Subordinated Notes due December 1 2077,$18.65,0.00,0.00%,32499,20515884141.00,United States,2017,Electric Utilities: Central,Utilities
SOJD,Southern Company (The) Series 2020A 4.95% Junior Subordinated Notes due January 30 2080,$17.72,-0.03,-0.169%,109483,19492840052.00,United States,2020,Electric Utilities: Central,Utilities
SOJE,Southern Company (The) Series 2020C 4.20% Junior Subordinated Notes due October 15 2060,$15.82,-0.16,-1.001%,76391,17316029959.00,United States,2020,Electric Utilities: Central,Utilities
SOJF,Southern Company (The) Series 2025A 6.50% Junior Subordinated Notes due March 15 2085,$23.48,0.05,0.213%,50578,0.00,United States,2025,Electric Utilities: Central,Utilities
SOLS,Solstice Advanced Materials Inc. Common Stock ,$56.65,0.64,1.143%,1414468,8998703454.00,United States,,Major Chemicals,Industrials
SOLV,Solventum Corporation Common Stock,$89.50,0.91,1.027%,578888,15235023746.00,United States,2024,Medical/Dental Instruments,Health Care
SOMN,Southern Company (The) 2025 Series A Corporate Units,$44.74,-0.03,-0.067%,42690,51467239099.00,United States,,Electric Utilities: Central,Utilities
SON,Sonoco Products Company Common Stock,$50.06,0.10,0.20%,785884,4949682650.00,United States,,Containers/Packaging,Consumer Discretionary
SONM,DNA X Inc. Common Stock,$3.915,-0.035,-0.886%,6732,5826569.00,United States,2019,Telecommunications Equipment,Utilities
SONO,Sonos Inc. Common Stock,$18.175,0.335,1.878%,2263171,2149993068.00,United States,2018,Consumer Electronics/Appliances,Consumer Staples
SONY,Sony Group Corporation American Depositary Shares ,$23.55,0.56,2.436%,2299352,138852037647.00,Japan,,Consumer Electronics/Appliances,Consumer Staples
SOPH,SOPHiA GENETICS SA Ordinary Shares,$8.34,0.08,0.969%,519743,709966061.00,Switzerland,2021,EDP Services,Technology
SOR,Source Capital Inc. Cmn Shs of BI,$45.40,-0.0138,-0.03%,10141,378839528.00,United States,,Investment Managers,Finance
SORA,AsiaStrategy Ordinary Shares,$2.00,-0.10,-4.762%,682,49728000.00,Hong Kong,2025,Other Specialty Stores,Industrials
SORN,Soren Acquisition Corp. Class A Ordinary Shares,$10.02,0.00,0.00%,56363,0.00,United States,2026,Blank Checks,Finance
SOS,SOS Limited Class A Ordinary Shares,$0.3589,-0.0341,-8.677%,2333397,6521328.00,China,,Investment Bankers/Brokers/Service,Finance
SOTK,Sono-Tek Corporation Common Stock,$5.01,0.24,5.031%,45144,78740782.00,United States,,Industrial Machinery/Components,Technology
SOUL,Soulpower Acquisition Corporation Class A Ordinary Shares,$10.4701,-0.0099,-0.094%,256,0.00,,2025,Publishing,Consumer Discretionary
SOUN,SoundHound AI Inc Class A Common Stock,$6.05,-0.05,-0.82%,11874461,2910078332.00,United States,,Computer Software: Prepackaged Software,Technology
SOUNW,SoundHound AI Inc. Warrant,$0.57,-0.04,-6.557%,27042,274172669.00,United States,2021,Computer Software: Prepackaged Software,Technology
SOWG,Sow Good Inc. Common Stock,$2.26,0.14,6.604%,17026,45425758.00,United States,,Packaged Foods,Consumer Staples
SPAI,Safe Pro Group Inc. Common Stock,$4.17,-0.27,-6.081%,126302,84913135.00,United States,2024,Computer Software: Prepackaged Software,Technology
SPB,Spectrum Brands Holdings Inc. Common Stock,$84.91,0.14,0.165%,227244,1952556056.00,United States,,Industrial Machinery/Components,Miscellaneous
SPCB,SuperCom Ltd. Ordinary Shares (Israel),$9.27,-0.20,-2.112%,62911,58219790.00,Israel,,Semiconductors,Technology
SPCE,Virgin Galactic Holdings Inc. Common Stock,$3.19,-0.01,-0.313%,4399085,483590931.00,United States,2017,Transportation Services,Consumer Discretionary
SPCX,Space Exploration Technologies Corp. Class A Common Stock,$148.68,0.65,0.439%,54595319,2018007119205.00,United States,2026,Computer Software: Programming Data Processing,Technology
SPE,Special Opportunities Fund Inc Common Stock,$12.93,-0.02,-0.154%,48446,0.00,United States,,Finance/Investors Services,Finance
SPE^C,Special Opportunities Fund Inc. 2.75% Convertible Preferred Stock Series C,$24.66,0.00,0.00%,7165,,United States,,,
SPEG,Silver Pegasus Acquisition Corp Class A Ordinary Shares,$10.38,-0.01,-0.096%,3609,0.00,United States,2025,,
SPEGR,Silver Pegasus Acquisition Corp Rights.,$0.1699,0.0411,31.91%,1332,0.00,United States,2025,,
SPFI,South Plains Financial Inc. Common Stock,$43.00,0.15,0.35%,111757,810081515.00,United States,2019,Major Banks,Finance
SPG,Simon Property Group Inc. Common Stock,$204.82,0.12,0.059%,913397,66269821302.00,United States,,Real Estate Investment Trusts,Real Estate
SPG^J,Simon Property Group Inc. Simon Property Group 8 3/8% Series J Cumulative Redeemable Preferred Stock,$54.92,-1.79,-3.156%,1015,,United States,,,
SPGI,S&P Global Inc. Common Stock,$403.30,0.05,0.012%,1316908,118892840000.00,United States,,Finance: Consumer Services,Finance
SPH,Suburban Propane Partners L.P. Common Stock,$16.62,0.14,0.85%,188353,1108759872.00,United States,1996,Other Specialty Stores,Consumer Discretionary
SPHL,Springview Holdings Ltd Class A Ordinary Shares,$3.12,-0.01,-0.319%,167342,38257378.00,Singapore,2024,Homebuilding,Consumer Discretionary
SPHR,Sphere Entertainment Co. Class A Common Stock,$141.13,2.69,1.943%,403601,5068487356.00,United States,2020,Services-Misc. Amusement & Recreation,Consumer Discretionary
SPIR,Spire Global Inc. Class A Common Stock,$12.08,-0.18,-1.468%,510300,490718242.00,United States,2020,Telecommunications Equipment,Consumer Discretionary
SPKL,Spark I Acquisition Corp. Class A Ordinary Share,$11.585,-0.015,-0.129%,3109,0.00,United States,2023,,
SPKLW,Spark I Acquisition Corp. Warrant,$1.04,0.03,2.97%,1431,0.00,United States,2023,,
SPMA,Sound Point Meridian Capital Inc. 8.00% Series A Preferred Shares Due 2029,$24.90,0.00,0.00%,11204,0.00,,,,
SPMC,Sound Point Meridian Capital Inc. Common Stock,$8.37,-0.13,-1.529%,20709,0.00,,2024,,
SPME,Sound Point Meridian Capital Inc. 7.875% Series B Preferred Shares due 2030,$24.80,-0.02,-0.081%,2110,0.00,,,,
SPNT,SiriusPoint Ltd. Common Shares,$25.38,-0.42,-1.628%,708292,2948268106.00,Bermuda,2013,Property-Casualty Insurers,Finance
SPOK,Spok Holdings Inc. Common Stock,$10.46,0.11,1.063%,111277,218803713.00,United States,,Telecommunications Equipment,Telecommunications
SPOT,Spotify Technology S.A. Ordinary Shares,$510.01,-1.37,-0.268%,840654,104976647095.00,Luxembourg,2018,Broadcasting,Consumer Discretionary
SPPL,SIMPPLE LTD. Ordinary Shares,$2.09,0.11,5.556%,7924,20453125.00,Singapore,2023,Diversified Commercial Services,Consumer Discretionary
SPRB,Spruce Biosciences Inc. Common Stock,$48.72,-0.30,-0.612%,37200,140021913.00,United States,2020,Biotechnology: Pharmaceutical Preparations,Health Care
SPRC,SciSparc Ltd. Ordinary Shares,$5.21,-0.18,-3.34%,9007,3026869.00,Israel,,Biotechnology: Pharmaceutical Preparations,Health Care
SPRO,Spero Therapeutics Inc. Common Stock,$1.23,-0.02,-1.60%,542778,71628837.00,United States,2017,Biotechnology: Pharmaceutical Preparations,Health Care
SPRU,Spruce Power Holding Corporation Class A Common Stock,$1.94,-0.06,-3.00%,105108,37349241.00,United States,2019,Electric Utilities: Central,Utilities
SPRY,ARS Pharmaceuticals Inc. Common Stock,$4.08,-0.07,-1.687%,1035234,405745159.00,United States,2020,Biotechnology: Pharmaceutical Preparations,Health Care
SPSC,SPS Commerce Inc. Common Stock,$81.30,-1.39,-1.681%,731041,2926814146.00,United States,2010,Computer Software: Prepackaged Software,Technology
SPT,Sprout Social Inc Class A Common Stock,$9.54,-0.18,-1.852%,887497,578049702.00,United States,2019,Computer Software: Prepackaged Software,Technology
SPTX,Seaport Therapeutics Inc. Common Stock,$21.52,0.40,1.894%,192802,1151977436.00,United States,2026,Biotechnology: Pharmaceutical Preparations,Health Care
SPWH,Sportsman's Warehouse Holdings Inc. Common Stock,$1.18,0.01,0.855%,349353,46186929.00,United States,2014,Other Specialty Stores,Consumer Discretionary
SPWR,SunPower Inc. Common Stock,$0.3141,0.0042,1.355%,634134,100606338.00,United States,,Semiconductors,Technology
SPWRW,SunPower Inc. Warrants,$0.0275,-0.0123,-30.905%,5500,8808259.00,United States,,Semiconductors,Technology
SPXC,SPX Technologies Inc. Common Stock,$172.79,0.31,0.18%,561630,8654335749.00,United States,,Industrial Machinery/Components,Industrials
SPXX,Nuveen S&P 500 Dynamic Overwrite Fund,$18.66,0.00,0.00%,227660,0.00,United States,,Trusts Except Educational Religious and Charitable,Finance
SQFT,Presidio Property Trust Inc. Class A Common Stock,$1.50,0.09,6.383%,106684,2151648.00,United States,2020,Real Estate Investment Trusts,Real Estate
SQFTP,Presidio Property Trust Inc. 9.375% Series D Cumulative Redeemable Perpetual Preferred Stock $0.01 par value per share,$6.865,-0.085,-1.223%,2585,9847376.00,United States,,Real Estate Investment Trusts,Real Estate
SQFTW,Presidio Property Trust Inc. Series A Common Stock Purchase Warrants,$0.0122,0.0002,1.667%,2012,17500.00,United States,,Real Estate Investment Trusts,Real Estate
SQM,Sociedad Quimica y Minera S.A. Common Stock,$66.89,-0.23,-0.343%,540413,19106312977.00,Chile,1993,Mining & Quarrying of Nonmetallic Minerals (No Fuels),Industrials
SQNS,Sequans Communications S.A. American Depositary Shares (each representing one hundred (100) Ordinary Shares),$2.85,0.00,0.00%,17694,42686345.00,France,,Semiconductors,Technology
SR,Spire Inc. Common Stock,$77.21,0.42,0.547%,499482,4564099828.00,United States,,Oil/Gas Transmission,Utilities
SRAD,Sportradar Group AG Class A Ordinary Shares,$13.24,0.15,1.146%,1304151,4127667499.00,Switzerland,2021,Computer Software: Programming Data Processing,Technology
SRBK,SR Bancorp Inc. Common stock,$19.20,-0.06,-0.312%,15244,152339635.00,United States,2023,Banks,Finance
SRCE,1st Source Corporation Common Stock,$86.09,0.68,0.796%,104792,2073204400.00,United States,,Major Banks,Finance
SRE,DBA Sempra Common Stock,$77.93,0.19,0.244%,2765291,50958454120.00,United States,,Natural Gas Distribution,Utilities
SREA,DBA Sempra 5.750% Junior Subordinated Notes due 2079,$19.14,-0.25,-1.289%,67588,12118412048.00,United States,2019,Natural Gas Distribution,Utilities
SRFM,Surf Air Mobility Inc. Common Stock,$1.11,0.188,20.39%,17419028,137245110.00,United States,2023,Transportation Services,Consumer Discretionary
SRG,Seritage Growth Properties Class A Common Stock,$1.82,0.00,0.00%,105153,102510785.00,United States,2015,Real Estate,Finance
SRG^A,Seritage Growth Properties 7.00% Series A Cumulative Redeemable Preferred Shares of Beneficial Interest,$21.25,-0.10,-0.468%,2430,,United States,,,
SRI,Stoneridge Inc. Common Stock,$6.93,0.12,1.762%,135953,197663517.00,United States,1997,Auto Parts:O.E.M.,Consumer Discretionary
SRJN,Spire Inc. 6.375% Junior Subordinated Notes due 2086,$21.53,-0.06,-0.278%,24031,0.00,United States,,Oil/Gas Transmission,Utilities
SRL,Scully Royalty Ltd.,$5.36,0.3599,7.198%,4752,81613241.00,Canada,,Precious Metals,Industrials
SRPT,Sarepta Therapeutics Inc. Common Stock (DE),$18.67,0.28,1.523%,2219046,1972056482.00,United States,,Biotechnology: Pharmaceutical Preparations,Health Care
SRRK,Scholar Rock Holding Corporation Common Stock,$48.63,0.02,0.041%,1875934,5922418264.00,United States,2018,Biotechnology: Biological Products (No Diagnostic Substances),Health Care
SRTA,Strata Critical Medical Inc. Class A Common Stock,$5.33,0.06,1.139%,519616,471528076.00,United States,2019,Medical/Nursing Services,Health Care
SRTS,Sensus Healthcare Inc. Common Stock,$2.94,0.03,1.031%,23953,48398453.00,United States,2016,Medical/Dental Instruments,Health Care
SRV,NXG Cushing Midstream Energy Fund Common Shares of Beneficial Interest,$42.38,-0.22,-0.516%,34017,0.00,United States,,Finance Companies,Finance
SRXH,SRX Global Inc. Common Stock,$1.70,-0.03,-1.734%,1062925,34451165.00,,2021,Beverages (Production/Distribution),Consumer Staples
SRZN,Surrozen Inc. Common Stock,$29.54,-4.14,-12.292%,1929888,347200103.00,United States,,Biotechnology: Biological Products (No Diagnostic Substances),Health Care
SSAC,SPACSphere Acquisition Corp. Class A Ordinary Shares,$10.12,0.00,0.00%,1828,0.00,United States,2026,Blank Checks,Finance
SSACR,SPACSphere Acquisition Corp. Rights,$0.175,-0.015,-7.895%,712,0.00,United States,2026,Blank Checks,Finance
SSACU,SPACSphere Acquisition Corp. Unit,$10.3001,0.0001,0.001%,1006,0.00,United States,2026,Blank Checks,Finance
SSACW,SPACSphere Acquisition Corp. Warrant,$0.0686,0.00,0.00%,163,0.00,United States,2026,Blank Checks,Finance
SSB,SouthState Bank Corporation Common Stock,$102.46,0.56,0.55%,754296,9936010754.00,United States,,Major Banks,Finance
SSBI,Summit State Bank Common Stock,$12.435,0.365,3.024%,9660,82980372.00,United States,2006,Major Banks,Finance
SSD,Simpson Manufacturing Company Inc. Common Stock,$176.55,2.94,1.693%,309945,7235845607.00,United States,,Industrial Machinery/Components,Consumer Discretionary
SSEA,Starry Sea Acquisition Corp	Ordinary Shares,$10.35,-0.02,-0.193%,258,0.00,United States,2025,Blank Checks,Finance
SSII,SS Innovations International Inc. Common Stock,$2.95,0.00,0.00%,56155,591137033.00,India,,Medical/Dental Instruments,Health Care
SSL,Sasol Ltd. American Depositary Shares,$14.03,-0.27,-1.888%,1468137,9088096230.00,South Africa,,Oil & Gas Production,Energy
SSM,Sono Group N.V. Ordinary Shares,$1.12,0.00,0.00%,526055,1595814.00,Germany,,Semiconductors,Technology
SSMR,Sunshine Silver Mining & Refining Company Common Stock,$15.35,0.04,0.261%,238536,2206203356.00,,2026,Precious Metals,Basic Materials
SSNC,SS&C Technologies Holdings Inc. Common Stock,$78.61,0.11,0.14%,945933,18446229236.00,United States,2010,Computer Software: Prepackaged Software,Technology
SSP,E.W. Scripps Company (The) Class A Common Stock,$2.76,-0.11,-3.833%,578372,255766415.00,United States,,Broadcasting,Industrials
SSRM,SSR Mining Inc. Common Stock,$35.68,-0.14,-0.391%,1746085,7275484252.00,Canada,,Precious Metals,Industrials
SST,System1 Inc. Class A Common Stock,$2.82,-0.26,-8.442%,185587,29577990.00,United States,2020,Computer Software: Programming Data Processing,Technology
SSTI,SoundThinking Inc. Common Stock,$5.64,0.17,3.108%,61697,74243776.00,United States,2017,Computer Software: Prepackaged Software,Technology
SSTK,Shutterstock Inc. Common Stock,$4.18,0.04,0.966%,915516,154441319.00,United States,2012,EDP Services,Technology
SSYS,Stratasys Ltd. Ordinary Shares (Israel),$8.26,0.24,2.993%,604126,711785172.00,United States,1994,Computer peripheral equipment,Technology
ST,Sensata Technologies Holding plc Ordinary Shares,$42.19,1.13,2.752%,1139625,6140158018.00,Netherlands,2010,Industrial Machinery/Components,Industrials
STAA,STAAR Surgical Company Common Stock,$20.51,1.43,7.495%,1309310,1028453112.00,United States,,Ophthalmic Goods,Health Care
STAG,Stag Industrial Inc. Common Stock,$36.79,-0.50,-1.341%,3005182,7093418424.00,United States,2011,Real Estate Investment Trusts,Real Estate
STAK,STAK Inc. Class A Ordinary Shares,$1.17,-0.27,-18.75%,2405803,22476108.00,China,2025,Oil and Gas Field Machinery,Consumer Discretionary
STBA,S&T Bancorp Inc. Common Stock,$49.82,0.22,0.444%,312964,1756926811.00,United States,,Major Banks,Finance
STC,Stewart Information Services Corporation Common Stock,$59.19,-0.54,-0.904%,295853,1806608959.00,United States,,Specialty Insurers,Finance
STDN,Standard Nuclear Inc. Class A Common Stock,$12.34,0.09,0.735%,227335,1931836317.00,,2026,Major Chemicals,Basic Materials
STE,STERIS plc (Ireland) Ordinary Shares,$208.93,0.16,0.077%,447202,20370697982.00,United States,,Industrial Specialties,Health Care
STEM,Stem Inc. Class A Common Stock,$4.48,0.58,14.872%,737176,43127813.00,United States,2020,EDP Services,Technology
STEP,StepStone Group Inc. Class A Common Stock,$44.36,0.81,1.86%,848948,5353216992.00,United States,2020,Investment Managers,Finance
STEW,SRH Total Return Fund Inc. Common Stock,$17.72,0.12,0.682%,32491,0.00,United States,,Investment Managers,Finance
STEX,Streamex Corp. Common Stock,$0.70,-0.0716,-9.279%,937413,81525792.00,United States,,Finance: Consumer Services,Finance
STFS,Star Fashion Culture Holdings Limited Class A Ordinary Shares,$3.69,0.265,7.737%,57011,11785033.00,China,2024,Advertising,Consumer Discretionary
STG,Sunlands Technology Group American Depositary Shares representing Class A ordinary shares,$2.92,0.00,0.00%,91,39107548.00,,2018,Other Consumer Services,Real Estate
STGW,Stagwell Inc. Class A Common Stock,$8.32,0.01,0.12%,703853,2034035752.00,Canada,,Advertising,Consumer Discretionary
STHO,Star Holdings Shares of Beneficial Interest,$8.23,-0.35,-4.079%,28601,99429371.00,United States,,Real Estate,Real Estate
STI,Solidion Technology Inc. Common Stock,$6.52,-0.10,-1.511%,133143,56898788.00,United States,2022,Industrial Machinery/Components,Miscellaneous
STIM,Neuronetics Inc. Common Stock,$2.74,-0.08,-2.837%,477813,208780388.00,United States,2018,Medical/Dental Instruments,Health Care
STK,Columbia Seligman Premium Technology Growth Fund Inc,$53.17,-0.39,-0.728%,125418,0.00,United States,2009,Investment Managers,Finance
STKE,Sol Strategies Inc. Common Shares,$1.65,0.15,10.00%,510385,65153350.00,Canada,,,
STKH,Steakholder Foods Ltd. American Depositary Shares,$1.72,-0.03,-1.714%,56893,1915442.00,Israel,2021,Packaged Foods,Consumer Staples
STKS,The ONE Group Hospitality Inc. Common Stock,$1.64,0.01,0.613%,14787,51969999.00,United States,,Restaurants,Consumer Discretionary
STLA,Stellantis N.V. Common Shares,$4.60,0.13,2.908%,20566021,13328422702.00,United Kingdom,2014,Auto Manufacturing,Industrials
STLD,Steel Dynamics Inc.,$233.66,-1.54,-0.655%,509125,33490041042.00,United States,1996,Steel/Iron Ore,Industrials
STLN,Starling Oncology Inc. Common Stock,$6.66,0.15,2.304%,1127199,678761326.00,United States,2020,Medical/Nursing Services,Health Care
STLNW,Starling Oncology Inc. Warrant,$0.0397,-0.01,-20.121%,2006,4046070.00,United States,2020,Medical/Nursing Services,Health Care
STM,STMicroelectronics N.V. Common Stock,$51.93,0.35,0.679%,10089073,46349872600.00,Switzerland,,Semiconductors,Technology
STN,Stantec Inc Common Stock,$69.02,0.58,0.847%,229992,7757827501.00,Canada,,Military/Government/Technical,Consumer Discretionary
STNE,StoneCo Ltd. Class A Common Shares,$9.30,0.14,1.528%,4044875,2294446403.00,Brazil,2018,EDP Services,Technology
STNG,Scorpio Tankers Inc. Common Shares,$81.49,0.53,0.655%,548811,4218149757.00,Monaco,2010,Marine Transportation,Consumer Discretionary
STOK,Stoke Therapeutics Inc. Common Stock,$24.80,-0.49,-1.938%,1218167,1600250802.00,United States,2019,Biotechnology: Pharmaceutical Preparations,Health Care
STRA,Strategic Education Inc. Common Stock,$76.83,-2.99,-3.746%,308880,1706206758.00,United States,1996,Other Consumer Services,Real Estate
STRC,Strategy Inc Variable Rate Series A Perpetual Stretch Preferred Stock,$98.54,0.23,0.234%,1584906,37861605504.00,United States,,Computer Software: Prepackaged Software,Technology
STRD,Strategy Inc 10.00% Series A Perpetual Stride Preferred Stock,$73.72,1.62,2.247%,173997,28325122364.00,United States,,Computer Software: Prepackaged Software,Technology
STRF,Strategy Inc 10.00% Series A Perpetual Strife Preferred Stock,$103.66,0.38,0.368%,49488,39828841349.00,United States,,Computer Software: Prepackaged Software,Technology
STRK,Strategy Inc 8.00% Series A Perpetual Strike Preferred Stock,$74.89,1.30,1.767%,133756,28774666492.00,United States,,Computer Software: Prepackaged Software,Technology
STRL,Sterling Infrastructure Inc. Common Stock,$512.29,-1.43,-0.278%,376920,15670191886.00,United States,,Military/Government/Technical,Industrials
STRO,Sutro Biopharma Inc. Common Stock,$15.98,0.27,1.719%,292158,264967113.00,United States,2018,Biotechnology: Biological Products (No Diagnostic Substances),Health Care
STRR,Star Equity Holdings Inc. Common Stock,$10.17,0.00,0.00%,410,37521229.00,United States,,Professional Services,Consumer Discretionary
STRRP,Star Equity Holdings Inc. 10% Series A Cumulative Perpetual Preferred Stock,$9.28,-0.47,-4.821%,13147,34237660.00,United States,,Professional Services,Consumer Discretionary
STRT,STRATTEC SECURITY CORPORATION Common Stock,$66.92,1.14,1.733%,88188,266677070.00,United States,,Auto Parts:O.E.M.,Consumer Discretionary
STRW,Strawberry Fields REIT Inc. Common Stock,$13.40,0.13,0.98%,49195,189708302.00,United States,2023,Real Estate Investment Trusts,Real Estate
STRZ,Starz Entertainment Corp. Common Shares,$21.07,-1.64,-7.221%,943667,360806283.00,United States,,Movies/Entertainment,Consumer Discretionary
STT,State Street Corporation Common Stock,$181.34,0.25,0.138%,1424569,49814418065.00,United States,,Major Banks,Finance
STT^G,State Street Corporation Depositary shares each representing a 1/4000th ownership interest in a share of Fixed-to-Floating Rate Non-Cumulative,$19.87,0.19,0.965%,135923,,United States,,,
STTK,Shattuck Labs Inc. Common Stock,$6.07,-0.24,-3.803%,893678,609204946.00,United States,2020,Biotechnology: Pharmaceutical Preparations,Health Care
STUB,StubHub Holdings Inc. Class A Common Stock,$5.44,0.05,0.928%,5453947,2078569415.00,United States,2025,Services-Misc. Amusement & Recreation,Consumer Discretionary
STVN,Stevanato Group S.p.A. Ordinary Shares,$21.13,-0.25,-1.169%,286248,5768568054.00,Italy,2021,Medical/Dental Instruments,Health Care
STWD,STARWOOD PROPERTY TRUST INC. Starwood Property Trust Inc.,$14.36,0.00,0.00%,4145242,5315626122.00,United States,2009,Real Estate Investment Trusts,Real Estate
STX,Seagate Technology Holdings PLC Ordinary Shares (Ireland),$916.83,10.91,1.204%,2798988,209696029113.00,Ireland,2002,Electronic Components,Technology
STXS,Stereotaxis Inc. Common Stock,$1.30,0.01,0.775%,405567,130262831.00,United States,,Biotechnology: Electromedical & Electrotherapeutic Apparatus,Health Care
STZ,Constellation Brands Inc. Common Stock,$113.63,-0.58,-0.508%,1457050,19405553455.00,United States,,Beverages (Production/Distribution),Consumer Staples
SU,Suncor Energy  Inc. Common Stock,$68.19,-0.46,-0.67%,2899195,79757043242.00,Canada,,Integrated oil Companies,Energy
SUGP,SU Group Holdings Limited Class A Ordinary Shares,$0.5558,0.0858,18.255%,59218137,1293068.00,Hong Kong,2024,Diversified Commercial Services,Consumer Discretionary
SUI,Sun Communities Inc. Common Stock,$112.26,1.13,1.017%,757486,13673375433.00,United States,1993,Real Estate Investment Trusts,Real Estate
SUIG,Sui Group Holdings Limited Common Stock,$1.59,0.10,6.711%,1525273,122116566.00,United States,,Finance: Consumer Services,Finance
SUJA,Suja Life Inc. Class A Common Stock,$8.61,0.41,5.00%,251583,332561353.00,United States,2026,Beverages (Production/Distribution),Consumer Staples
SUMA,SUMA Acquisition Corporation Class A Ordinary Shares,$9.95,0.00,0.00%,16,0.00,Canada,2026,,
SUMAR,SUMA Acquisition Corporation Rights,$0.24,0.0019,0.798%,150000,0.00,Canada,2026,Blank Checks,Finance
SUMAU,SUMA Acquisition Corporation Units,$10.205,-0.045,-0.439%,150,0.00,Canada,2026,Blank Checks,Finance
SUN,Sunoco LP Common Units representing limited partner interests,$74.76,-1.07,-1.411%,670877,15312689264.00,United States,2012,Integrated oil Companies,Energy
SUNB,Sunbelt Rentals Holdings Inc. Common Stock,$75.06,2.32,3.189%,6023639,30756953169.00,,2026,Diversified Commercial Services,Consumer Discretionary
SUNC,SunocoCorp LLC Common Units representing limited liability company interests,$76.32,-0.96,-1.242%,380284,3931792551.00,,2025,Integrated oil Companies,Energy
SUNE,SUNation Energy Inc. Common Stock,$2.40,-0.05,-2.041%,98504,15631459.00,United States,,Engineering & Construction,Consumer Discretionary
SUNS,Sunrise Realty Trust Inc. Common Stock,$7.19,-0.04,-0.553%,83273,97178969.00,United States,,Real Estate Investment Trusts,Real Estate
SUPN,Supernus Pharmaceuticals Inc. Common Stock,$42.66,-0.63,-1.455%,607588,2479698375.00,United States,2012,Biotechnology: Pharmaceutical Preparations,Health Care
SUPV,Grupo Supervielle S.A. American Depositary Shares each Representing five Class B shares,$7.24,-0.22,-2.949%,590112,661333919.00,,2016,Commercial Banks,Finance
SUPX,SuperX AI Technology Limited Ordinary Shares,$6.89,-0.10,-1.431%,404131,297761926.00,Hong Kong,2024,,
SURG,SurgePays Inc. Common Stock,$0.1464,-0.0032,-2.139%,6152706,7745793.00,United States,,Advertising,Consumer Discretionary
SUZ,Suzano S.A. American Depositary Shares (each representing One Ordinary Share),$8.69,-0.09,-1.025%,3178201,10985182074.00,Brazil,2018,Paper,Basic Materials
SVAQ,Silicon Valley Acquisition Corp. Class A Ordinary Shares,$10.11,0.01,0.099%,236,0.00,United States,2026,Blank Checks,Finance
SVAQW,Silicon Valley Acquisition Corp. Warrants,$0.38,-0.0001,-0.026%,7302,0.00,United States,2026,Blank Checks,Finance
SVC,Service Properties Trust Common Shares of Beneficial Interest,$6.59,0.11,1.698%,1176618,853467526.00,United States,,Real Estate Investment Trusts,Real Estate
SVCC,Stellar V Capital Corp. Class A Ordinary Shares,$10.72,0.01,0.093%,566,0.00,United States,2025,,
SVCO,Silvaco Group Inc. Common Stock,$8.36,-0.10,-1.182%,467516,283284937.00,United States,2024,Computer Software: Prepackaged Software,Technology
SVIA,Silvia Inc. Common Stock,$3.92,-0.04,-1.01%,1651266,330496925.00,United States,2025,Finance: Consumer Services,Finance
SVIAW,Silvia Inc. Warrant,$0.4793,0.0159,3.431%,400,40409994.00,United States,2025,Finance: Consumer Services,Finance
SVIV,Spring Valley Acquisition Corp. IV Class A Ordinary Shares,$10.11,-0.05,-0.492%,216013,0.00,United States,2026,Blank Checks,Finance
SVIVU,Spring Valley Acquisition Corp. IV Units,$10.55,-0.17,-1.586%,1101,0.00,United States,2026,Blank Checks,Finance
SVIVW,Spring Valley Acquisition Corp. IV Warrants,$0.61,-0.09,-12.857%,465,0.00,United States,2026,Blank Checks,Finance
SVM,Silvercorp Metals Inc. Common Shares,$11.34,0.00,0.00%,1853056,2508574040.00,Canada,,Precious Metals,Basic Materials
SVRA,Savara Inc. Common Stock,$5.00,-0.07,-1.381%,2451654,1027300075.00,United States,,Biotechnology: Pharmaceutical Preparations,Health Care
SVRE,SaverOne 2014 Ltd. American Depositary Shares,$2.15,-0.03,-1.376%,8335,5374645.00,Israel,2022,EDP Services,Technology
SVREW,SaverOne 2014 Ltd. Warrant,$0.008,-0.0015,-15.789%,302,863943086.00,Israel,2022,EDP Services,Technology
SVRN,SVRN Inc. Common Stock,$47.26,5.03,11.911%,247864,88651064.00,Greece,,Marine Transportation,Consumer Discretionary
SVV,Savers Value Village Inc. Common Stock,$9.34,0.08,0.864%,1078084,1440752301.00,United States,2023,Other Specialty Stores,Consumer Discretionary
SW,Smurfit WestRock plc Ordinary Shares,$46.41,0.41,0.891%,3233032,24343108160.00,Ireland,2024,Containers/Packaging,Consumer Discretionary
SWAG,Stran & Company Inc. Common Stock,$1.56,0.0176,1.141%,7038,29077759.00,United States,2021,Advertising,Consumer Discretionary
SWBI,Smith & Wesson Brands Inc. Common Stock,$14.26,0.18,1.278%,419893,639413837.00,United States,,Ordnance And Accessories,Industrials
SWIM,Latham Group Inc. Common Stock,$6.245,0.015,0.241%,819061,734699807.00,United States,2021,Plastic Products,Industrials
SWK,Stanley Black & Decker Inc. Common Stock,$91.40,1.23,1.364%,1171752,13802920987.00,United States,,Industrial Machinery/Components,Consumer Discretionary
SWKHL,SWK Holdings Corporation 9.00% Senior Notes due 2027,$25.05,-0.0199,-0.079%,11183,304292145.00,United States,,,
SWKS,Skyworks Solutions Inc. Common Stock,$89.34,1.53,1.742%,4610270,13443238344.00,United States,,Semiconductors,Technology
SWMR,Swarmer Inc Common Stock,$20.73,-1.24,-5.644%,603175,330373616.00,United States,2026,Computer Software: Prepackaged Software,Technology
SWRD,Stewards Inc Common Stock,$2.61,-0.20,-7.117%,301680,551101403.00,United States,,Finance Companies,Finance
SWVL,Swvl Holdings Corp Class A Common Shares,$4.09,0.06,1.489%,147775,122699067.00,United Arab Emirates,,Business Services,Consumer Discretionary
SWVLW,Swvl Holdings Corp Warrant,$0.0071,-0.0017,-19.318%,33102,212998.00,United Arab Emirates,,Business Services,Consumer Discretionary
SWX,Southwest Gas Holdings Inc. Common Stock (DE),$82.44,1.06,1.303%,799193,5972436121.00,United States,,Oil & Gas Production,Utilities
SWZ,Total Return Securities Fund Common Stock,$5.82,-0.02,-0.342%,38685,0.00,United States,,Finance Companies,Finance
SXC,SunCoke Energy Inc. Common Stock,$9.57,-0.18,-1.846%,1005267,812252315.00,United States,2011,Steel/Iron Ore,Industrials
SXI,Standex International Corporation Common Stock,$280.17,0.57,0.204%,147814,3440898049.00,United States,,Industrial Machinery/Components,Industrials
SXT,Sensient Technologies Corporation Common Stock,$129.22,1.00,0.78%,241855,5499966437.00,United States,,Major Chemicals,Industrials
SXTC,China SXT Pharmaceuticals Inc. Class A Ordinary Shares,$2.57,0.02,0.784%,18182,3396193.00,China,2019,Biotechnology: Pharmaceutical Preparations,Health Care
SXTP,60 Degrees Pharmaceuticals Inc. Common Stock,$1.17,0.02,1.739%,35064,4114876.00,United States,2023,Biotechnology: Pharmaceutical Preparations,Health Care
SXTPW,60 Degrees Pharmaceuticals Inc. Warrant,$0.0324,0.0071,28.063%,5135,113950.00,United States,2023,Biotechnology: Pharmaceutical Preparations,Health Care
SY,So-Young International Inc. American Depository Shares,$2.70,0.00,0.00%,389470,270815862.00,China,2019,EDP Services,Technology
SYBT,Stock Yards Bancorp Inc. Common Stock,$78.57,0.51,0.653%,144084,2440906141.00,United States,,Major Banks,Finance
SYF,Synchrony Financial Common Stock,$72.94,1.39,1.943%,2468077,27137877551.00,United States,2014,Finance: Consumer Services,Finance
SYF^A,Synchrony Financial Depositary Shares each Representing a 1/40th Interest in a Share of 5.625% Fixed Rate Non-Cumulative Perpetual Preferred Stock Series A,$18.15,-0.1259,-0.689%,112365,,United States,,,
SYF^B,Synchrony Financial Depositary Shares Each Representing a 1/40th Interest in a Share of 8.250% Fixed Rate Reset Non-Cumulative Perpetual Preferred Stock Series B,$25.51,-0.10,-0.39%,36644,,United States,,,
SYK,Stryker Corporation Common Stock,$272.36,2.61,0.968%,2337227,104469954809.00,United States,,Medical/Dental Instruments,Health Care
SYM,Symbotic Inc. Class A Common Stock,$43.47,-0.57,-1.294%,916168,26290730247.00,United States,2021,Industrial Machinery/Components,Industrials
SYNA,Synaptics Incorporated Common Stock $0.001 Par Value,$102.72,5.90,6.094%,499883,4077204663.00,United States,2002,Semiconductors,Technology
SYNX,Silynxcom Ltd. Ordinary Shares,$1.05,0.04,3.96%,61408,6966162.00,,2024,Consumer Electronics/Appliances,Consumer Staples
SYPR,Sypris Solutions Inc. Common Stock,$1.74,-0.03,-1.695%,8957,40065993.00,United States,,Industrial Machinery/Components,Industrials
SYRE,Spyre Therapeutics Inc. Common Stock,$85.69,-1.40,-1.608%,560117,7555609666.00,United States,2016,Biotechnology: Pharmaceutical Preparations,Health Care
SYY,Sysco Corporation Common Stock,$78.46,0.27,0.345%,5472568,38595569302.00,United States,,Food Distributors,Consumer Discretionary
SZZL,Sizzle Acquisition Corp. II Class A ordinary shares,$10.49,0.00,0.00%,30,0.00,United States,2025,Blank Checks,Finance
SZZLR,Sizzle Acquisition Corp. II Right,$0.15,0.00,0.00%,3588,0.00,United States,2025,Blank Checks,Finance
T,AT&T Inc.,$25.38,-0.07,-0.275%,22918581,173913547797.00,United States,,Telecommunications Equipment,Telecommunications
T^A,AT&T Inc. Depositary Shares each representing a 1/1000th interest in a share of 5.000% Perpetual Preferred Stock Series A,$17.62,0.00,0.00%,105699,,United States,,,
T^C,AT&T Inc. Depositary Shares each representing a 1/1000th interest in a share of 4.750% Perpetual Preferred Stock Series C,$16.55,-0.03,-0.181%,203087,,United States,,,
TAC,TransAlta Corporation Ordinary Shares,$11.53,-0.24,-2.039%,789377,3643480000.00,Canada,,Electric Utilities: Central,Utilities
TACH,Titan Acquisition Corp. Class A Ordinary Shares,$10.51,0.00,0.00%,33457,0.00,United States,2025,Blank Checks,Finance
TACHW,Titan Acquisition Corp. Warrants,$0.5584,0.0384,7.385%,511,0.00,United States,2025,Blank Checks,Finance
TACO,Berto Acquisition Corp. Ordinary Shares,$10.455,0.005,0.048%,17467,381003536.00,United States,2025,Blank Checks,Finance
TACOW,Berto Acquisition Corp. Warrant,$0.67,-0.01,-1.471%,1467,0.00,United States,2025,Blank Checks,Finance
TACT,TransAct Technologies Incorporated Common Stock,$4.87,-0.04,-0.815%,17737,50280174.00,United States,1996,Computer peripheral equipment,Technology
TAK,Takeda Pharmaceutical Company Limited American Depositary Shares (each representing 1/2 of a share of Common Stock),$18.86,0.27,1.452%,2737966,59594669307.00,Japan,2018,Biotechnology: Pharmaceutical Preparations,Health Care
TAL,TAL Education Group American Depositary Shares,$12.00,-0.22,-1.80%,2521330,6656415048.00,China,,Other Consumer Services,Real Estate
TALO,Talos Energy Inc. Common Stock,$16.47,-0.55,-3.231%,2278668,2749921258.00,United States,2018,Oil & Gas Production,Energy
TANH,Tantech Holdings Ltd. Class A Common Shares,$14.375,-0.125,-0.862%,5940,9597426.00,China,2015,Major Chemicals,Industrials
TAOP,Taoping Inc. Ordinary Shares ,$0.5599,-0.0301,-5.102%,239898,5348603.00,Hong Kong,,Computer Software: Prepackaged Software,Technology
TAOX,Tao Synergies Inc. Common Stock,$4.43,-0.04,-0.895%,189951,33150762.00,United States,,Finance: Consumer Services,Finance
TAP,Molson Coors Beverage Company Class B Common Stock,$35.95,-0.40,-1.10%,3256730,6703018891.00,Canada,,Beverages (Production/Distribution),Consumer Staples
TARA,Protara Therapeutics Inc.  Common Stock,$3.28,-0.07,-2.09%,552953,193833201.00,United States,2014,Biotechnology: Biological Products (No Diagnostic Substances),Health Care
TARS,Tarsus Pharmaceuticals Inc. Common Stock,$75.69,-0.27,-0.355%,721463,3541662865.00,United States,2020,Biotechnology: Biological Products (No Diagnostic Substances),Health Care
TASK,TaskUs Inc. Class A Common Stock,$8.20,0.22,2.757%,170688,751833572.00,United States,2021,EDP Services,Technology
TATT,TAT Technologies Ltd. Ordinary Shares,$37.57,0.18,0.481%,82490,487776457.00,Israel,,Aerospace,Industrials
TAVI,Tavia Acquisition Corp. Ordinary Shares,$10.765,0.00,0.00%,168,0.00,United States,2024,Blank Checks,Finance
TAYD,Taylor Devices Inc. Common Stock,$63.23,-0.34,-0.535%,83199,203939829.00,United States,,Industrial Machinery/Components,Industrials
TBB,AT&T Inc. 5.350% Global Notes due 2066,$19.21,0.11,0.576%,140948,137358905071.00,United States,2017,Telecommunications Equipment,Telecommunications
TBBB,BBB Foods Inc. Class A Common Shares,$53.56,0.54,1.018%,1050743,6312428900.00,Mexico,2024,Food Chains,Consumer Staples
TBBK,The Bancorp Inc Common Stock,$50.58,0.59,1.18%,425602,2062996799.00,United States,2004,Major Banks,Finance
TBCH,Turtle Beach Corporation Common Stock,$12.74,-0.03,-0.235%,179700,228169718.00,United States,,Telecommunications Equipment,Telecommunications
TBCVU,Thunder Bridge Capital Partners V Ltd. Units,$9.92,0.00,0.00%,22,0.00,United States,2026,Blank Checks,Finance
TBI,TrueBlue Inc. Common Stock,$9.44,-0.09,-0.944%,220028,287394607.00,United States,,Professional Services,Consumer Discretionary
TBLA,Taboola.com Ltd. Ordinary Shares,$3.48,0.03,0.87%,1095094,877362824.00,Israel,,Computer Software: Programming Data Processing,Technology
TBLD,Thornburg Income Builder Opportunities Trust Common Stock,$20.475,0.135,0.664%,50846,656876554.00,United States,2021,Investment Managers,Finance
TBN,Tamboran Resources Corporation Common stock,$35.11,-1.14,-3.145%,142764,1227445811.00,,2024,Oil & Gas Production,Energy
TC,Token Cat Limited American Depositary Shares,$1.87,-0.03,-1.579%,24093,49391975.00,China,2018,Business Services,Consumer Discretionary
TCBI,Texas Capital Bancshares Inc. Common Stock,$95.82,1.195,1.263%,594715,4165714038.00,United States,2003,Major Banks,Finance
TCBIO,Texas Capital Bancshares Inc. Depositary Shares 5.75% Fixed Rate Non-Cumulative Perpetual Preferred Stock Series B,$18.64,-0.22,-1.166%,33473,810362238.00,United States,,Major Banks,Finance
TCBK,TriCo Bancshares Common Stock,$52.38,0.28,0.537%,421058,1674412079.00,United States,,Major Banks,Finance
TCBS,Texas Community Bancshares Inc. Common Stock,$17.00,0.00,0.00%,5947,48836359.00,United States,2021,Banks,Finance
TCBX,Third Coast Bancshares Inc. Common Stock,$43.25,0.44,1.028%,132426,720327453.00,United States,,Banks,Finance
TCGX,TCGX Acquisition Corp. Class A Ordinary Shares,$14.10,-0.28,-1.947%,5362,0.00,United States,2026,,
TCI,Transcontinental Realty Investors Inc. Common Stock,$42.88,-0.43,-0.993%,19846,376227619.00,United States,,Real Estate Investment Trusts,Real Estate
TCMD,Tactile Systems Technology Inc. Common Stock,$22.73,-0.16,-0.699%,264682,514886461.00,United States,2016,Medical/Dental Instruments,Health Care
TCOM,Trip.com Group Limited American Depositary Shares,$39.43,-0.61,-1.523%,2498523,24829276903.00,China,2003,Business Services,Consumer Discretionary
TCPA,TransCanada PipeLines Limited 6.250% Junior Subordinated Notes due 2085,$20.89,0.01,0.048%,30459,0.00,Canada,2025,Natural Gas Distribution,Utilities
TCPC,BlackRock TCP Capital Corp. Common Stock,$4.01,0.01,0.25%,553696,336450128.00,United States,2012,Finance/Investors Services,Finance
TCRT,Alaunos Therapeutics Inc. Common Stock,$1.09,-0.04,-3.54%,82784,2775866.00,United States,,Biotechnology: Pharmaceutical Preparations,Health Care
TCRX,TScan Therapeutics Inc. Common Stock,$0.34,-0.009,-2.579%,382320,21590907.00,United States,2021,Biotechnology: Biological Products (No Diagnostic Substances),Health Care
TCX,Tucows Inc. Class A Common Stock,$9.98,-0.22,-2.157%,80108,111597478.00,Canada,,EDP Services,Technology
TD,Toronto Dominion Bank (The) Common Stock,$120.65,1.39,1.166%,1017986,197672598050.00,Canada,,Commercial Banks,Finance
TDAC,Translational Development Acquisition Corp. Ordinary Shares,$10.87,0.01,0.092%,4664,0.00,United States,2025,,
TDACW,Translational Development Acquisition Corp. Warrants,$1.5268,0.1137,8.046%,4699,0.00,United States,2025,,
TDAY,USA TODAY Co. Inc. Common Stock,$6.42,-0.03,-0.465%,1251751,942571181.00,United States,2014,Newspapers/Magazines,Consumer Discretionary
TDC,Teradata Corporation Common Stock,$28.94,-0.52,-1.765%,1233464,2691420000.00,United States,,Computer Software: Prepackaged Software,Technology
TDF,Templeton Dragon Fund Inc. Common Stock,$9.79,-0.13,-1.31%,42780,0.00,United States,,Finance/Investors Services,Finance
TDG,Transdigm Group Incorporated Common Stock,$1116.20,10.92,0.988%,223008,61699657205.00,United States,2006,Military/Government/Technical,Industrials
TDIC,Dreamland Limited Class A Ordinary Shares,$3.16,1.19,60.406%,42787462,11014442.00,Hong Kong,2025,Other Consumer Services,Consumer Discretionary
TDOC,Teladoc Health Inc. Common Stock,$6.09,-0.05,-0.814%,3027003,1106455688.00,United States,2015,Medical/Nursing Services,Health Care
TDS,Telephone and Data Systems Inc. Common Shares,$35.85,-0.48,-1.321%,1391535,4126335000.00,United States,,Telecommunications Equipment,Telecommunications
TDS^U,Telephone and Data Systems Inc. Depositary Shares Each Representing a 1/1000th Interest in a 6.625% Series UU Cumulative Redeemable Perpetual Preferred Stock,$19.86,-0.09,-0.451%,51163,,United States,,,
TDS^V,Telephone and Data Systems Inc. Depositary Shares Each Representing a 1/1000th Interest in a 6.000% Series VV Cumulative Redeemable Perpetual Preferred Stock,$17.95,0.03,0.167%,66186,,United States,,,
TDTH,Trident Digital Tech Holdings Ltd Class B Ordinary Shares,$1.46,-0.45,-23.56%,125639,12609656.00,Singapore,2024,Business Services,Consumer Discretionary
TDUP,ThredUp Inc. Class A Common Stock,$2.25,0.02,0.897%,2659113,295500713.00,United States,2021,Catalog/Specialty Distribution,Consumer Discretionary
TDW,Tidewater Inc. Common Stock,$84.74,-2.08,-2.396%,392752,4216343015.00,United States,2017,Marine Transportation,Consumer Discretionary
TDWD,Tailwind 2.0 Acquisition Corp. Class A Ordinary Shares,$10.13,0.00,0.00%,14,0.00,United States,2025,Blank Checks,Finance
TDWDR,Tailwind 2.0 Acquisition Corp. Rights,$0.1101,0.00,0.00%,2,0.00,United States,2025,Blank Checks,Finance
TDY,Teledyne Technologies Incorporated Common Stock,$614.15,2.13,0.348%,259718,28469336573.00,United States,,Industrial Machinery/Components,Industrials
TE,T1 Energy Inc. Common Stock,$3.78,-0.03,-0.787%,28266442,1113121265.00,Luxembourg,2021,Semiconductors,Technology
TEAD,Teads Holding Co. Common Stock,$0.443,-0.0139,-3.042%,31303,43442867.00,United States,2021,Computer Software: Programming Data Processing,Technology
TEAM,Atlassian Corporation Class A Common Stock,$187.74,-4.87,-2.528%,1885359,47524281128.00,Australia,2015,Computer Software: Prepackaged Software,Technology
TECH,Bio-Techne Corp Common Stock,$72.61,0.04,0.055%,2176066,11386572261.00,United States,,Biotechnology: Biological Products (No Diagnostic Substances),Health Care
TECK,Teck Resources Ltd Ordinary Shares,$66.05,-0.46,-0.692%,3216164,32334303922.00,Canada,,Mining & Quarrying of Nonmetallic Minerals (No Fuels),Industrials
TECX,Tectonic Therapeutic Inc. Common Stock,$23.67,-0.45,-1.866%,97057,462733493.00,United States,2018,Biotechnology: Biological Products (No Diagnostic Substances),Health Care
TEI,Templeton Emerging Markets Income Fund Inc. Common Stock,$6.30,0.12,1.942%,136324,0.00,United States,1993,Finance Companies,Finance
TEL,TE Connectivity plc Ordinary Shares,$218.59,4.92,2.303%,1370595,63284696509.00,Ireland,,Electronic Components,Technology
TELA,TELA Bio Inc. Common Stock,$1.26,-0.01,-0.787%,150612,56880697.00,United States,2019,Medical/Dental Instruments,Health Care
TELO,Telomir Pharmaceuticals Inc. Common Stock,$1.23,0.02,1.653%,55977,84593196.00,United States,2024,Biotechnology: Pharmaceutical Preparations,Health Care
TEM,Tempus AI Inc. Class A Common Stock,$85.01,2.77,3.368%,8443092,15434088737.00,United States,2024,Computer Software: Programming Data Processing,Technology
TEN,Tsakos Energy Navigation Ltd Common Shares,$46.23,-0.52,-1.112%,300382,1392799087.00,Greece,,Marine Transportation,Consumer Discretionary
TEN^E,Tsakos Energy Navigation Ltd Series E Fixed-to-Floating Rate Cumulative Redeemable Perpetual Preferred Shares par value $1.00,$25.68,0.055,0.215%,6657,,Greece,,,
TEN^F,Tsakos Energy Navigation Ltd Series F Fixed-to-Floating Rate Cumulative Redeemable Perpetual Preferred Shares par value $1.00,$26.62,0.0199,0.075%,2501,,Greece,,,
TENB,Tenable Holdings Inc. Common Stock,$33.49,-2.39,-6.661%,2962897,3688588031.00,United States,2018,Computer Software: Prepackaged Software,Technology
TENX,Tenax Therapeutics Inc. Common Stock,$1.81,-0.08,-4.233%,1997261,67737290.00,United States,,Biotechnology: Pharmaceutical Preparations,Health Care
TEO,Telecom Argentina SA,$13.02,-0.36,-2.691%,155220,5608203578.00,Argentina,,Telecommunications Equipment,Telecommunications
TER,Teradyne Inc. Common Stock,$398.38,10.68,2.755%,1606824,62283027985.00,United States,,Electrical Products,Industrials
TEVA,Teva Pharmaceutical Industries Limited Ordinary Shares,$39.19,-1.03,-2.561%,3874737,45667953532.00,Israel,,Biotechnology: Pharmaceutical Preparations,Health Care
TEX,Terex Corporation Common Stock,$57.33,0.71,1.254%,838622,6552819000.00,United States,,Construction/Ag Equipment/Trucks,Industrials
TFC,Truist Financial Corporation Common Stock,$47.66,0.48,1.017%,7173737,58222704120.00,United States,,Major Banks,Finance
TFC^I,Truist Financial Corporation Depositary Shares,$18.12,0.03,0.166%,17284,,United States,,,
TFC^O,Truist Financial Corporation Depositary Shares Each Representing a 1/1000th Interest in a Share of Series O Non-Cumulative Perpetual Preferred Stock,$18.74,-0.33,-1.73%,111751,,United States,,,
TFC^R,Truist Financial Corporation Depositary Shares each representing 1/1000th interest in a share of Series R Non-Cumulative Perpetual Preferred Stock,$16.94,-0.21,-1.224%,125351,,United States,,,
TFII,TFI International Inc. Common Shares,$121.10,-0.67,-0.55%,314564,9953212754.00,Canada,,Trucking Freight/Courier Services,Industrials
TFIN,Triumph Financial Inc. Common Stock,$61.45,0.60,0.986%,203354,1468319299.00,United States,,Major Banks,Finance
TFIN^,Triumph Financial Inc. Depositary Shares Each Representing a 1/40th Interest in a Share of 7.125% Series C Fixed-Rate Non-Cumulative Perpetual Preferred Stock,$21.90,0.01,0.046%,23369,,United States,,,
TFPM,Triple Flag Precious Metals Corp. Common Shares,$32.19,0.15,0.468%,252230,6650579927.00,Canada,2022,Precious Metals,Industrials
TFSL,TFS Financial Corporation Common Stock,$16.72,0.00,0.00%,550341,4689002864.00,United States,2007,Savings Institutions,Finance
TFX,Teleflex Incorporated Common Stock,$122.07,1.98,1.649%,865633,5172398502.00,United States,,Medical/Dental Instruments,Health Care
TG,Tredegar Corporation Common Stock,$7.05,0.00,0.00%,147165,246356356.00,United States,,Metal Fabrications,Industrials
TGB,Trekor Metals Limited Common Shares,$8.61,-0.36,-4.013%,7182929,3151460768.00,Canada,,Precious Metals,Basic Materials
TGE,The Generation Essentials Group Class A Ordinary Shares,$0.82,-0.0127,-1.525%,10406,39971399.00,,2025,Newspapers/Magazines,Consumer Discretionary
TGEN,Tecogen Inc. Common Stock,$3.05,0.03,0.993%,64390,92072857.00,United States,2025,Industrial Machinery/Components,Industrials
TGHL,The GrowHub Limited Class A Ordinary Shares,$0.732,-0.098,-11.807%,275498,18519461.00,Singapore,2025,EDP Services,Technology
TGL,Treasure Global Inc. Common Stock,$2.13,0.02,0.948%,80540,4163792.00,United States,2022,Business Services,Consumer Discretionary
TGLS,Tecnoglass Holdings Inc. Common Stock,$35.44,0.65,1.868%,256747,1572281991.00,Colombia,2022,Electronic Components,Consumer Discretionary
TGS,Transportadora de Gas del Sur SA TGS Common Stock,$26.62,-0.56,-2.06%,218435,4007699883.00,Argentina,,Natural Gas Distribution,Utilities
TGT,Target Corporation Common Stock,$157.45,1.30,0.833%,2957565,71529021083.00,United States,,Department/Specialty Retail Stores,Consumer Discretionary
TGTX,TG Therapeutics Inc. Common Stock,$57.43,-0.09,-0.156%,1309469,8790755714.00,United States,,Biotechnology: Pharmaceutical Preparations,Health Care
TH,Target Hospitality Corp. Common Stock,$20.58,-0.87,-4.056%,2115650,2050250045.00,United States,2018,Hotels/Resorts,Consumer Discretionary
THC,Tenet Healthcare Corporation Common Stock,$259.71,10.17,4.075%,735191,20911589490.00,United States,,Hospital/Nursing Management,Health Care
THCH,TH International Limited Ordinary shares,$1.305,0.154,13.38%,11119,43382875.00,China,,Restaurants,Consumer Discretionary
THEO,BOA Acquisition Corp. II Class A Ordinary Shares,$9.89,0.00,0.00%,14,0.00,United States,2026,Blank Checks,Finance
THFF,First Financial Corporation Common Stock,$75.56,0.34,0.452%,101105,898551662.00,United States,,Major Banks,Finance
THG,Hanover Insurance Group Inc,$217.44,-0.49,-0.225%,212915,7571308854.00,United States,,Property-Casualty Insurers,Finance
THH,TryHard Holdings Limited Ordinary Shares,$1.69,0.12,7.643%,1258580,8457816.00,Japan,2025,Services-Misc. Amusement & Recreation,Consumer Discretionary
THM,International Tower Hill Mines Ltd. Ordinary Shares (Canada),$2.76,-0.05,-1.779%,478060,722119425.00,Canada,,Metal Mining,Basic Materials
THO,Thor Industries Inc. Common Stock,$72.15,1.22,1.72%,846916,3723976146.00,United States,,Homebuilding,Industrials
THQ,abrdn Healthcare Opportunities Fund Shares of Beneficial Interest,$18.67,-0.09,-0.48%,111939,0.00,United States,2014,Finance Companies,Finance
THRM,Gentherm Inc Common Stock,$35.21,1.32,3.895%,887071,1081134212.00,United States,,Auto Parts:O.E.M.,Consumer Discretionary
THRY,Thryv Holdings Inc. Common Stock,$1.79,0.00,0.00%,428353,79546009.00,United States,,Advertising,Consumer Discretionary
THW,abrdn World Healthcare Fund Shares of Beneficial Interest,$13.23,-0.09,-0.676%,97985,0.00,United States,2015,Finance Companies,Finance
TIC,TIC Solutions Inc. Common Stock,$8.89,0.02,0.225%,1241715,1939978965.00,United States,2025,Business Services,Consumer Discretionary
TIGO,Millicom International Cellular S.A. Common Stock,$92.63,1.63,1.791%,988372,15519306990.00,Luxembourg,,Telecommunications Equipment,Telecommunications
TIGR,UP Fintech Holding Ltd American Depositary Share representing fifteen Class A Ordinary Shares,$4.64,-0.06,-1.277%,1304939,829171067.00,China,2019,Investment Bankers/Brokers/Service,Finance
TII,Titan Mining Corporation Common Shares,$2.88,-0.04,-1.37%,303301,285063339.00,,2025,,
TIL,Instil Bio Inc. Common Stock,$7.17,0.05,0.702%,9515,48626768.00,United States,2021,Biotechnology: Biological Products (No Diagnostic Substances),Health Care
TILE,Interface Inc. Common Stock,$35.20,0.01,0.028%,329093,2034576192.00,United States,,Home Furnishings,Consumer Discretionary
TIMB,TIM S.A. American Depositary Shares (Each representing 5 Common Shares) ,$18.16,-0.17,-0.927%,730515,8688201232.00,Brazil,2020,Telecommunications Equipment,Telecommunications
TIPT,Tiptree Inc. Common Stock,$17.15,0.17,1.001%,237171,638660718.00,United States,,Property-Casualty Insurers,Finance
TISI,Team Inc. Common Stock,$29.06,0.09,0.311%,14922,133188054.00,United States,,Other Consumer Services,Consumer Discretionary
TITN,Titan Machinery Inc. Common Stock,$23.49,0.01,0.043%,106617,552787751.00,United States,2007,Other Specialty Stores,Consumer Discretionary
TJGC,TJGC Group Limited Class A Ordinary Shares,$26.24,-1.96,-6.95%,105296,265024604.00,Hong Kong,2025,Advertising,Consumer Discretionary
TJX,TJX Companies Inc. (The) Common Stock,$130.06,-1.57,-1.193%,8660064,143062626374.00,United States,,Clothing/Shoe/Accessory Stores,Consumer Discretionary
TK,Teekay Corporation Ltd. Common Stock,$13.70,0.04,0.293%,393272,1188865888.00,Bermuda,,Marine Transportation,Consumer Discretionary
TKC,Turkcell Iletisim Hizmetleri AS Common Stock,$5.17,0.04,0.78%,1086331,4549600000.00,Turkey,,Telecommunications Equipment,Telecommunications
TKLF,Tokyo Lifestyle Co. Ltd. American Depositary Shares,$1.64,-0.0505,-2.987%,5021,6941761.00,Japan,2022,Other Specialty Stores,Consumer Discretionary
TKNO,Alpha Teknova Inc. Common Stock,$9.33,0.04,0.431%,291900,500911335.00,United States,2021,Biotechnology: In Vitro & In Vivo Diagnostic Substances,Health Care
TKO,TKO Group Holdings Inc. Class A Common Stock,$182.67,-2.39,-1.291%,1181713,34573898474.00,United States,2023,Services-Misc. Amusement & Recreation,Consumer Discretionary
TKR,Timken Company (The) Common Stock,$117.45,0.26,0.222%,800379,8138913741.00,United States,,Metal Fabrications,Industrials
TLAC,Three Lions Acquisition Corp. Ordinary Shares,$9.85,0.00,0.00%,587,0.00,United States,2026,,
TLACU,Three Lions Acquisition Corp. Units,$10.13,0.10,0.997%,1438,0.00,United States,2026,,
TLF,Tandy Leather Factory Inc. Common Stock,$2.63,0.05,1.938%,20074,21545157.00,United States,,Apparel,Consumer Discretionary
TLIH,Ten-League International Holdings Limited Ordinary Shares,$5.78,0.02,0.347%,978,16995714.00,Singapore,2025,Industrial Specialties,Consumer Discretionary
TLK,PT Telekomunikasi Indonesia Tbk,$13.34,0.04,0.301%,732590,13214899694.00,Indonesia,,Telecommunications Equipment,Telecommunications
TLN,Talen Energy Corporation Common Stock,$304.42,4.41,1.47%,550714,14586058725.00,United States,,Electric Utilities: Central,Utilities
TLNC,Talon Capital Corp. Class A Ordinary Shares,$10.24,0.03,0.294%,5827,0.00,United States,2025,Blank Checks,Finance
TLPH,Talphera Inc. Common Stock,$1.18,0.01,0.855%,131745,61248839.00,United States,2011,Biotechnology: Pharmaceutical Preparations,Health Care
TLRY,Tilray Brands Inc. Common Stock ,$4.13,0.06,1.474%,2137952,610340242.00,United States,2018, Medicinal Chemicals and Botanical Products ,Health Care
TLS,Telos Corporation Common Stock,$4.04,-0.03,-0.737%,520221,301936628.00,United States,2020,EDP Services,Technology
TLSA,Tiziana Life Sciences Ltd. Common Shares,$1.01,-0.03,-2.885%,382738,128531722.00,United Kingdom,2018,Biotechnology: Pharmaceutical Preparations,Health Care
TLSI,TriSalus Life Sciences Inc. Common Stock,$4.34,-0.27,-5.857%,351431,267233764.00,United States,2021,Medical Specialities,Health Care
TLX,Telix Pharmaceuticals Limited American Depositary Shares,$11.45,0.14,1.238%,409218,3878997211.00,Australia,,Biotechnology: Pharmaceutical Preparations,Health Care
TLYS,Tilly's Inc. Common Stock,$4.27,0.03,0.708%,134977,130607622.00,United States,2012,Clothing/Shoe/Accessory Stores,Consumer Discretionary
TM,Toyota Motor Corporation Common Stock,$190.34,3.62,1.939%,220977,248087861117.00,Japan,,Auto Manufacturing,Industrials
TMC,TMC the metals company Inc. Common Stock,$3.93,-0.07,-1.75%,2538854,1733662444.00,Canada,,Metal Mining,Basic Materials
TMCI,Treace Medical Concepts Inc. Common Stock,$4.50,-0.04,-0.881%,210510,292655484.00,United States,2021,Medical/Dental Instruments,Health Care
TMCR,The Metals Royalty Company Inc. Common Stock,$4.07,-0.13,-3.095%,38791,274375070.00,Canada,,Precious Metals,Basic Materials
TMDE,TMD Energy Limited Ordinary Shares,$0.6666,-0.0434,-6.113%,96945,15708429.00,,2025,Oil Refining/Marketing,Energy
TMDX,TransMedics Group Inc. Common Stock,$85.29,1.39,1.657%,696742,2957443117.00,United States,2019,Biotechnology: Electromedical & Electrotherapeutic Apparatus,Health Care
TME,Tencent Music Entertainment Group American Depositary Shares each representing two Class A Ordinary Shares,$8.39,0.05,0.60%,9210091,13205058755.00,United States,2018,Broadcasting,Consumer Discretionary
TMO,Thermo Fisher Scientific Inc Common Stock,$675.00,-3.39,-0.50%,2097586,249579418050.00,United States,,Industrial Machinery/Components,Industrials
TMP,Tompkins Financial Corporation Common Stock,$99.57,1.43,1.457%,136544,1432105851.00,United States,1997,Major Banks,Finance
TMQ,Trilogy Metals Inc. Common Stock,$3.20,-0.05,-1.538%,1037008,552786045.00,Canada,,Precious Metals,Basic Materials
TMS,Teamshares Inc. Common Stock,$8.00,-1.14,-12.473%,170488,589284128.00,United States,2025,,
TMSWW,Teamshares Inc. Warrants,$0.97,-0.03,-3.00%,57241,71450701.00,United States,2025,,
TMTS,Spartacus Acquisition Corp. II Class A Ordinary Shares,$10.025,0.00,0.00%,619,0.00,United States,2026,,
TMTSW,Spartacus Acquisition Corp. II Warrants,$0.3999,0.0083,2.12%,457,0.00,United States,2026,,
TMUS,T-Mobile US Inc. Common Stock,$165.43,0.08,0.048%,3851649,177452064939.00,United States,,Telecommunications Equipment,Telecommunications
TMUSI,T-Mobile US Inc. 5.500% Senior Notes due June 2070,$19.01,-0.27,-1.40%,64102,0.00,United States,,Telecommunications Equipment,Telecommunications
TMUSL,T-Mobile US Inc. 6.250% Senior Notes due 2069,$21.39,-0.39,-1.791%,9458,0.00,United States,,Telecommunications Equipment,Telecommunications
TMUSZ,T-Mobile US Inc. 5.500% Senior Notes due March 2070,$19.08,-0.335,-1.725%,37103,0.00,United States,,Telecommunications Equipment,Telecommunications
TNC,Tennant Company Common Stock,$67.74,1.53,2.311%,151045,1154919785.00,United States,,Industrial Machinery/Components,Industrials
TNDM,Tandem Diabetes Care Inc. Common Stock,$15.72,0.50,3.285%,2839783,1093777274.00,United States,2013,Medical/Dental Instruments,Health Care
TNET,TriNet Group Inc. Common Stock,$65.11,-0.43,-0.656%,242451,2988857491.00,United States,2014,Business Services,Consumer Discretionary
TNGX,Tango Therapeutics Inc.,$24.92,0.29,1.177%,3255245,4201770346.00,United States,2020,Biotechnology: Pharmaceutical Preparations,Health Care
TNK,Teekay Tankers Ltd.,$94.07,-0.01,-0.011%,330135,3258947722.00,Bermuda,2007,Marine Transportation,Consumer Discretionary
TNL,Travel   Leisure Co. Common  Stock,$63.66,0.83,1.321%,506405,3896261409.00,United States,,Hotels/Resorts,Consumer Discretionary
TNMG,TNL Mediagene Ordinary Shares,$4.39,-0.62,-12.375%,70873,3338915.00,Taiwan,,Advertising,Consumer Discretionary
TNON,Tenon Medical Inc. Common Stock,$3.13,0.17,5.743%,1737391,3231969.00,United States,2022,Medical/Dental Instruments,Health Care
TNONW,Tenon Medical Inc. Warrant,$0.006,0.0004,7.143%,126624,6195.00,United States,,Medical/Dental Instruments,Health Care
TNXP,Tonix Pharmaceuticals Holding Corp. Common Stock,$9.86,0.16,1.649%,380635,169109097.00,United States,,Biotechnology: Pharmaceutical Preparations,Health Care
TNYA,Tenaya Therapeutics Inc. Common Stock,$0.6096,-0.0104,-1.677%,3726276,136690615.00,United States,2021,Biotechnology: Biological Products (No Diagnostic Substances),Health Care
TOL,Toll Brothers Inc. Common Stock,$137.34,1.42,1.045%,1596858,12655468980.00,United States,,Homebuilding,Consumer Discretionary
TOMZ,TOMI Environmental Solutions Inc. Common Stock,$1.48,0.06,4.225%,151993,14492998.00,United States,,Major Chemicals,Industrials
TONT,Graf Global Corp. Class A ordinary shares,$10.90,-0.005,-0.046%,25866,0.00,,2024,,
TONX,TON Strategy Company Common Stock,$3.575,-0.295,-7.623%,179084,196882361.00,United States,,Finance: Consumer Services,Finance
TOON,Kartoon Studios Inc. Common Stock,$0.5785,-0.0072,-1.229%,151104,35985075.00,United States,,Movies/Entertainment,Consumer Discretionary
TOP,TOP Financial Group Limited Class A Ordinary Shares,$15.47,0.48,3.202%,80208,1944664286.00,Hong Kong,2022,Investment Bankers/Brokers/Service,Finance
TOPP,Toppoint Holdings Inc. Common Stock,$0.1382,-0.0008,-0.576%,555414,3413540.00,,2025,Trucking Freight/Courier Services,Industrials
TOPS,TOP Ships Inc. Common Stock,$0.6801,0.0024,0.354%,2065411,3768890.00,Greece,,Marine Transportation,Consumer Discretionary
TORO,Toro Corp. Common Stock,$5.28,-0.06,-1.124%,23463,182473262.00,Cyprus,,Marine Transportation,Consumer Discretionary
TOST,Toast Inc. Class A Common Stock,$30.60,0.49,1.627%,8523583,17686800000.00,United States,2021,EDP Services,Technology
TOUR,Tuniu Corporation American Depositary Shares,$5.08,0.0201,0.397%,815,55187886.00,China,2014,Transportation Services,Consumer Discretionary
TOVX,Theriva Biologics Inc. Common Stock,$0.2206,-0.0099,-4.295%,338144,10123923.00,United States,,Biotechnology: Pharmaceutical Preparations,Health Care
TOWN,TowneBank Common Stock,$36.36,0.24,0.664%,413491,2713086119.00,United States,,Major Banks,Finance
TOYO,TOYO Co. Ltd Ordinary Shares,$4.47,0.12,2.759%,260267,170635509.00,Japan,,Miscellaneous manufacturing industries,Consumer Discretionary
TP,Ticketplus Ltd. Ordinary Shares,$8.00,-0.3932,-4.685%,9207,102223008.00,,2026,Services-Misc. Amusement & Recreation,Consumer Discretionary
TPB,Turning Point Brands Inc. Common Stock,$62.07,1.95,3.244%,549347,1244436589.00,United States,2016,Tobacco,Consumer Discretionary
TPC,Tutor Perini Corporation Common Stock,$83.97,0.65,0.78%,224726,4414228754.00,United States,1970,General Bldg Contractors - Nonresidential Bldgs,Consumer Discretionary
TPCS,TechPrecision Corporation Common stock,$5.26,0.00,0.00%,12042,53300953.00,United States,,Metal Fabrications,Industrials
TPET,Trio Petroleum Corp. Common Stock,$1.71,0.00,0.00%,230423,9103881.00,,2023,Oil & Gas Production,Energy
TPG,TPG Inc. Class A Common Stock,$44.39,0.76,1.742%,1255780,16775814023.00,United States,2022,Investment Managers,Finance
TPGXL,TPG Operating Group II L.P. 6.950% Fixed-Rate Junior Subordinated Notes due 2064,$20.805,-0.1151,-0.55%,11624,7590200249.00,United States,,,
TPL,Texas Pacific Land Corporation Common Stock,$341.07,2.82,0.834%,287979,23525195131.00,United States,,Oil & Gas Production,Energy
TPR,Tapestry Inc. Common Stock,$113.88,1.76,1.57%,1890878,22706724291.00,United States,,Apparel,Consumer Discretionary
TPST,Tempest Therapeutics Inc. Common Stock,$0.829,-0.021,-2.471%,288327,13711467.00,United States,,Biotechnology: Pharmaceutical Preparations,Health Care
TPTS,Terra Property Trust Inc. 7.00% Senior Secured Notes due 2029,$15.53,1.0299,7.103%,2251,0.00,,2026,Real Estate Investment Trusts,Real Estate
TPVG,TriplePoint Venture Growth BDC Corp. Common Stock,$4.83,0.02,0.416%,135239,196627962.00,United States,2014,Other Consumer Services,Consumer Discretionary
TR,Tootsie Roll Industries Inc. Common Stock,$38.04,0.28,0.742%,462037,2855725490.00,United States,,Specialty Foods,Consumer Staples
TRAD,APEX Tech Acquisition Inc. Ordinary Shares,$10.05,0.005,0.05%,2906,0.00,,2026,Investment Bankers/Brokers/Service,Finance
TRAK,ReposiTrak Inc. Common Stock,$8.23,-0.04,-0.484%,65094,149568440.00,United States,,EDP Services,Technology
TRAW,Traws Pharma Inc. Common Stock,$0.5632,0.0032,0.571%,885774,8655414.00,United States,2013,Biotechnology: Pharmaceutical Preparations,Health Care
TRAX,First Tracks Biotherapeutics Inc. Ordinary Shares ,$34.42,-1.41,-3.935%,356534,1229855616.00,United States,,Biotechnology: Pharmaceutical Preparations,Health Care
TRBG,TurboGen Ltd. Ordinary Shares,$3.74,-0.25,-6.266%,35910,95205403.00,Israel,,Power Generation,Utilities
TRC,Tejon Ranch Co Common Stock,$16.45,0.19,1.169%,115067,444502754.00,United States,2000,Real Estate,Finance
TRDA,Entrada Therapeutics Inc. Common Stock,$6.16,-0.06,-0.965%,374044,239849881.00,United States,2021,Biotechnology: Pharmaceutical Preparations,Health Care
TREE,LendingTree Inc. Common Stock,$24.62,0.28,1.15%,292672,345653992.00,United States,,Finance: Consumer Services,Finance
TREO,Tactical Resources Corp. Common Shares,$3.55,-0.20,-5.333%,17182,48322721.00,Canada,,Metal Mining,Basic Materials
TREX,Trex Company Inc. Common Stock,$44.79,1.57,3.633%,2006309,4562541860.00,United States,,Forest Products,Basic Materials
TRGP,Targa Resources Inc. Common Stock,$277.84,-5.31,-1.875%,941885,59577514875.00,United States,2010,Natural Gas Distribution,Utilities
TRGS,TRG Latin America Acquisitions Corp. Class A Ordinary Shares,$9.96,0.00,0.00%,121,0.00,United States,2026,Blank Checks,Finance
TRGSR,TRG Latin America Acquisitions Corp. Rights,$0.1552,0.00,0.00%,2,0.00,United States,2026,Blank Checks,Finance
TRI,Thomson Reuters Corporation Common Shares,$98.99,-1.33,-1.326%,1213042,42882468000.00,United States,,Publishing,Consumer Discretionary
TRIB,Trinity Biotech plc American Depositary Shares,$6.76,-0.19,-2.734%,8213,5496772.00,Ireland,1992,Biotechnology: In Vitro & In Vivo Diagnostic Substances,Health Care
TRIN,Trinity Capital Inc. Common Stock,$17.66,0.17,0.972%,631726,1672288517.00,United States,,Finance: Consumer Services,Finance
TRIP,TripAdvisor Inc. Common Stock,$8.41,-0.11,-1.291%,3708464,985646466.00,United States,,Computer Software: Programming Data Processing,Technology
TRLV,Trulieve Cannabis Corp. Subordinate Voting Shares,$12.21,-0.06,-0.489%,1011513,2351222337.00,,, Medicinal Chemicals and Botanical Products ,Health Care
TRMB,Trimble Inc. Common Stock,$57.85,0.16,0.277%,1685031,13489454207.00,United States,1990,Industrial Machinery/Components,Industrials
TRMD,TORM plc Class A Common Stock,$34.32,0.02,0.058%,2230578,3483061090.00,United Kingdom,,Marine Transportation,Consumer Discretionary
TRMK,Trustmark Corporation Common Stock,$46.04,-0.05,-0.108%,443942,2673569365.00,United States,,Major Banks,Finance
TRN,Trinity Industries Inc. Common Stock,$27.91,0.07,0.251%,683577,2223575354.00,United States,,Railroads,Industrials
TRNI,Trinity Capital Inc. 7.875% Notes Due 2029,$25.02,0.00,0.00%,7875,1759260283.00,United States,,Finance: Consumer Services,Finance
TRNO,Terreno Realty Corporation Common Stock,$66.07,-0.36,-0.542%,604463,7199668382.00,United States,2010,Real Estate,Finance
TRNR,Interactive Strength Inc. Common Stock,$2.4101,-0.0299,-1.225%,11751,3903644.00,United States,2023,Consumer Electronics/Appliances,Technology
TRNS,Transcat Inc. Common Stock,$87.73,1.60,1.858%,111886,823635033.00,United States,,Electrical Products,Industrials
TRNZ,Trinity Capital Inc. 7.875% Notes due 2029,$25.045,0.015,0.06%,13534,1761018137.00,United States,,Finance: Consumer Services,Finance
TRON,Tron Inc. Common Stock,$1.44,-0.03,-2.041%,513754,683110172.00,United States,2023,Finance: Consumer Services,Finance
TROO,TROOPS Inc. Ordinary Shares ,$1.77,-0.03,-1.667%,190511,216223494.00,China,,Diversified Financial Services,Finance
TROW,T. Rowe Price Group Inc. Common Stock,$105.51,1.24,1.189%,1021275,22506955334.00,United States,1986,Investment Managers,Finance
TROX,Tronox Holdings plc Ordinary Shares (UK),$4.03,0.00,0.00%,1692854,643591117.00,United States,,Major Chemicals,Basic Materials
TRP,TC Energy Corporation Common Stock,$58.78,-0.87,-1.459%,4124166,58780000000.00,Canada,,Natural Gas Distribution,Utilities
TRS,TriMas Corporation Common Stock,$39.15,-0.32,-0.811%,288283,1404462128.00,United States,2007,Industrial Specialties,Industrials
TRSG,Tungray Technologies Inc Class A Ordinary Shares,$1.3818,-0.0181,-1.293%,370,22597246.00,Singapore,2024,Industrial Machinery/Components,Industrials
TRST,TrustCo Bank Corp NY Common Stock,$56.20,-0.10,-0.178%,100081,956958988.00,United States,,Major Banks,Finance
TRT,Trio-Tech International Common Stock,$6.215,-1.045,-14.394%,1572328,64540898.00,Singapore,,Industrial Machinery/Components,Technology
TRTN^A,Triton International Limited 8.50% Series A Cumulative Redeemable Perpetual  Preference Shares,$25.53,0.0799,0.314%,2211,,United States,,,
TRTN^B,Triton International Limited 8.00% Series B Cumulative Redeemable Perpetual Preference Shares,$24.77,-0.196,-0.785%,18456,,United States,,,
TRTN^C,Triton International Limited 7.375% Series C Cumulative Redeemable Perpetual Preference Shares,$23.11,-0.21,-0.901%,16535,,United States,,,
TRTN^D,Triton International Limited 6.875% Series D Cumulative Redeemable Perpetual Preference Shares,$21.6898,0.0669,0.309%,3160,,United States,,,
TRTN^E,Triton International Limited 5.75% Series E Cumulative Redeemable Perpetual Preference Shares,$18.05,-0.01,-0.055%,22138,,United States,,,
TRTN^F,Triton International Limited 7.625% Series F Cumulative Redeemable Perpetual Preference Shares,$23.5601,-0.0999,-0.422%,9525,,United States,,,
TRTN^G,Triton International Limited 7.500% Series G Cumulative Redeemable Perpetual Preference Shares,$23.48,-0.0059,-0.025%,31791,,United States,,,
TRTX,TPG RE Finance Trust Inc. Common Stock,$6.56,-0.06,-0.906%,1656222,503604699.00,United States,2017,Real Estate Investment Trusts,Real Estate
TRTX^C,TPG RE Finance Trust Inc. 6.25% Series C Cumulative Redeemable Preferred Stock $0.001 par value per share,$16.58,-0.19,-1.133%,10689,,United States,,,
TRU,TransUnion Common Stock,$69.17,1.63,2.413%,1919654,13252972000.00,United States,2015,Finance: Consumer Services,Finance
TRUG,TruGolf Holdings Inc. Class A Common Stock,$0.2843,-0.1214,-29.924%,7811205,1311322.00,United States,2021,Recreational Games/Products/Toys,Consumer Discretionary
TRUP,Trupanion Inc. Common Stock,$23.16,0.74,3.301%,547771,1016089671.00,United States,,Medical Specialities,Health Care
TRV,The Travelers Companies Inc. Common Stock,$363.04,0.65,0.179%,807574,75721075987.00,United States,,Property-Casualty Insurers,Finance
TRVG,trivago N.V. American Depositary Shares,$5.44,-0.105,-1.894%,129992,384171027.00,Germany,2016,EDP Services,Technology
TRVI,Trevi Therapeutics Inc. Common Stock,$14.41,-0.265,-1.806%,1364977,2053076869.00,United States,2019,Biotechnology: Pharmaceutical Preparations,Health Care
TRX,TRX Gold Corporation Common Stock,$1.29,0.00,0.00%,1988914,422441472.00,Canada,,Precious Metals,Basic Materials
TS,Tenaris S.A. American Depositary Shares,$55.47,-0.41,-0.734%,789145,29368609861.00,Luxembourg,,Steel/Iron Ore,Industrials
TSAT,Telesat Corporation Class A Common Shares and Class B Variable Voting Shares ,$48.21,0.17,0.354%,102209,1743177566.00,Canada,,Metal Fabrications,Industrials
TSBK,Timberland Bancorp Inc. Common Stock,$45.41,0.31,0.687%,23625,353093084.00,United States,,Banks,Finance
TSCO,Tractor Supply Company Common Stock,$32.27,0.83,2.64%,8710899,16813965221.00,United States,1994,RETAIL: Building Materials,Consumer Discretionary
TSEM,Tower Semiconductor Ltd. Ordinary Shares,$230.47,13.19,6.071%,2010678,26050254570.00,Israel,1994,Semiconductors,Technology
TSHA,Taysha Gene Therapies Inc. Common Stock,$4.67,-0.12,-2.505%,4660880,1521642655.00,United States,2020,Biotechnology: Biological Products (No Diagnostic Substances),Health Care
TSI,TCW Strategic Income Fund Inc. Common Stock,$4.24,0.01,0.236%,234504,0.00,United States,,Investment Managers,Finance
TSLA,Tesla Inc. Common Stock,$372.11,-5.83,-1.543%,46000206,1469666080781.00,United States,2010,Auto Manufacturing,Industrials
TSLX,Sixth Street Specialty Lending Inc. Common Stock,$18.14,-0.01,-0.055%,342021,1729524541.00,,2014,Investment Managers,Finance
TSM,Taiwan Semiconductor Manufacturing Company Ltd.,$450.61,-0.54,-0.12%,7759194,2337090974791.00,Taiwan,1997,Semiconductors,Technology
TSN,Tyson Foods Inc. Common Stock,$50.92,-0.22,-0.43%,2512193,17913732991.00,United States,,Meat/Poultry/Fish,Consumer Staples
TSQ,Townsquare Media Inc. Class A Common Stock,$4.98,0.07,1.426%,79130,90793562.00,United States,2014,Broadcasting,Consumer Discretionary
TSSI,TSS Inc. Common Stock,$9.87,-0.32,-3.14%,1254904,278522221.00,United States,,Professional Services,Consumer Discretionary
TT,Trane Technologies plc,$454.44,15.90,3.626%,1406651,99987332556.00,Ireland,,Auto Parts:O.E.M.,Industrials
TTAM,Titan America SA Common Shares,$13.85,0.32,2.365%,200856,2553420140.00,United States,2025,Mining & Quarrying of Nonmetallic Minerals (No Fuels),Industrials
TTAN,ServiceTitan Inc. Class A Common Stock,$58.05,-1.93,-3.218%,1770350,5599961769.00,United States,2024,Computer Software: Prepackaged Software,Technology
TTC,Toro Company (The) Common Stock,$97.15,0.31,0.32%,710889,9196547173.00,United States,,Tools/Hardware,Consumer Discretionary
TTD,The Trade Desk Inc. Class A Common Stock,$12.60,-0.03,-0.238%,14519868,5957218310.00,United States,2016,Computer Software: Programming Data Processing,Technology
TTE,TotalEnergies SE Ordinary Shares,$90.94,-0.95,-1.034%,1557623,198418512456.00,France,,Oil & Gas Production,Energy
TTEC,TTEC Holdings Inc. Common Stock,$1.23,0.01,0.82%,146309,60634006.00,United States,1996,Professional Services,Consumer Discretionary
TTEK,Tetra Tech Inc. Common Stock,$33.91,0.27,0.803%,2047529,8682466553.00,United States,1991,Military/Government/Technical,Consumer Discretionary
TTGT,TechTarget Inc. Common Stock,$3.83,0.08,2.133%,216255,277034088.00,United States,,Telecommunications Equipment,Telecommunications
TTI,Tetra Technologies Inc. Common Stock,$6.08,0.05,0.829%,1433658,900282496.00,United States,,Oil & Gas Production,Energy
TTMI,TTM Technologies Inc. Common Stock,$129.17,2.19,1.725%,1640328,13607912763.00,United States,2000,Electrical Products,Technology
TTRX,Turn Therapeutics Inc. Common Stock,$12.49,-0.77,-5.807%,89963,372052620.00,United States,,Biotechnology: Pharmaceutical Preparations,Health Care
TTWO,Take-Two Interactive Software Inc. Common Stock,$201.44,-1.54,-0.759%,2078010,37665340438.00,United States,1997,Computer Software: Prepackaged Software,Technology
TU,Telus Corporation Ordinary Shares,$8.48,-0.04,-0.469%,6922690,13474720000.00,Canada,,Telecommunications Equipment,Telecommunications
TULP,Bloomia Holdings Inc. Common Stock,$3.00,0.06,2.041%,1528,14492895.00,United States,,Farming/Seeds/Milling,Consumer Staples
TURB,Turbo Energy S.A. American Depositary Shares,$1.04,-0.08,-7.143%,112193,12497826.00,Spain,2023,Industrial Machinery/Components,Miscellaneous
TUSK,Mammoth Energy Services Inc. Common Stock,$2.98,0.04,1.361%,108386,143420203.00,United States,2016,Oilfield Services/Equipment,Energy
TUYA,Tuya Inc. American Depositary Shares each representing one Class A Ordinary Share,$1.69,-0.03,-1.744%,514773,1036453516.00,China,2021,Computer Software: Prepackaged Software,Technology
TV,Grupo Televisa S.A.B. Common Stock,$2.37,-0.02,-0.837%,578754,1462677732.00,Mexico,1993,Broadcasting,Industrials
TVA,Texas Ventures Acquisition III Corp Class A Ordinary Share,$10.57,0.00,0.00%,31237,0.00,United States,2025,,
TVACW,Texas Ventures Acquisition III Corp Warrants,$0.22,0.018,8.911%,4678,0.00,United States,2025,,
TVAI,Thayer Ventures Acquisition Corporation II Class A Ordinary Shares,$10.40,0.00,0.00%,12,0.00,United States,2025,,
TVC,Tennessee Valley Authority Common Stock,$23.80,0.05,0.211%,10661,0.00,United States,,Electric Utilities: Central,Utilities
TVE,Tennessee Valley Authority,$23.22,0.17,0.738%,18577,0.00,United States,,Electric Utilities: Central,Utilities
TVGN,Tevogen Inc. Common Stock,$7.25,-0.60,-7.643%,5576,47208665.00,United States,2022,Biotechnology: Biological Products (No Diagnostic Substances),Health Care
TVGNW,Tevogen Inc. Warrant,$0.065,0.0043,7.084%,470464,423250.00,United States,2022,Biotechnology: Biological Products (No Diagnostic Substances),Health Care
TVIV,Texas Ventures Acquisition IV Corp Class A Ordinary Shares,$9.95,0.00,0.00%,26,0.00,United States,2026,,
TVRD,Tvardi Therapeutics Inc. Common Stock,$1.27,0.21,19.811%,658228,16940458.00,United States,2014,Biotechnology: Pharmaceutical Preparations,Health Care
TVTX,Travere Therapeutics Inc. Common Stock,$59.44,-1.18,-1.947%,1205982,5602878714.00,United States,,Biotechnology: Pharmaceutical Preparations,Health Care
TW,Tradeweb Markets Inc. Class A Common Stock,$101.19,0.06,0.059%,1149513,23681319832.00,United States,2019,Investment Bankers/Brokers/Service,Finance
TWAV,TaoWeave Inc. Common Stock,$1.57,0.04,2.614%,90215,6087234.00,United States,,Computer Software: Programming Data Processing,Technology
TWFG,TWFG Inc. Class A Common Stock,$24.15,0.23,0.962%,87738,1305350825.00,United States,2024,Specialty Insurers,Finance
TWG,Top Wealth Group Holding Limited Class A Ordinary Shares,$0.164,-0.041,-20.00%,13253211,10290434.00,France,2024,Packaged Foods,Consumer Staples
TWI,Titan International Inc. (DE) Common Stock,$7.07,0.00,0.00%,432557,456314429.00,United States,,Steel/Iron Ore,Industrials
TWIN,Twin Disc Incorporated Common Stock,$26.13,0.19,0.732%,62052,379901875.00,United States,,Industrial Machinery/Components,Industrials
TWLO,Twilio Inc. Class A Common Stock,$275.80,-23.86,-7.962%,4268215,42356045676.00,United States,2016,Computer Software: Prepackaged Software,Technology
TWLV,Twelve Seas Investment Company III Class A Ordinary Shares,$10.06,-0.01,-0.099%,961,0.00,United States,2026,Blank Checks,Finance
TWLVR,Twelve Seas Investment Company III Rights,$0.13,0.00,0.00%,266,0.00,United States,2026,Blank Checks,Finance
TWLVU,Twelve Seas Investment Company III Units,$10.16,0.00,0.00%,82,0.00,United States,2025,Blank Checks,Finance
TWN,Taiwan Fund Inc. (The) Common Stock,$103.16,1.89,1.866%,11794,0.00,United States,1986,Trusts Except Educational Religious and Charitable,Finance
TWOD,Two Harbors Investments Corp 9.375% Senior Notes due 2030,$26.29,0.01,0.038%,35404,0.00,United States,2025,Real Estate Investment Trusts,Real Estate
TWST,Twist Bioscience Corporation Common Stock,$182.83,-1.20,-0.652%,2707088,12121843642.00,United States,2018,Biotechnology: Biological Products (No Diagnostic Substances),Health Care
TX,Ternium S.A. Ternium S.A. American Depositary Shares (each representing ten shares USD1.00 par value),$55.36,-0.17,-0.306%,250131,10867593054.00,Luxembourg,,Steel/Iron Ore,Industrials
TXG,10x Genomics Inc. Class A Common Stock,$85.71,1.60,1.902%,3393802,11167256009.00,United States,2019,Biotechnology: Laboratory Analytical Instruments,Industrials
TXMD,TherapeuticsMD Inc. Common Stock,$2.05,-0.08,-3.756%,13814,23727442.00,United States,,Biotechnology: Pharmaceutical Preparations,Health Care
TXN,Texas Instruments Incorporated Common Stock,$278.07,7.42,2.742%,3960628,253946784046.00,United States,,Semiconductors,Technology
TXNM,TXNM Energy Inc. Common Stock,$58.52,0.35,0.602%,1446672,6444559300.00,United States,,Electric Utilities: Central,Utilities
TXO,TXO Partners L.P. Common Units Representing Limited Partner Interests,$14.33,0.05,0.35%,74957,794547012.00,United States,2023,Oil & Gas Production,Energy
TXRH,Texas Roadhouse Inc. Common Stock,$159.75,-1.80,-1.114%,1579074,10486137929.00,United States,2004,Restaurants,Consumer Discretionary
TXT,Textron Inc. Common Stock,$76.59,0.57,0.75%,1703274,13172477973.00,United States,,Aerospace,Industrials
TY,Tri Continental Corporation Common Stock,$34.62,0.18,0.523%,16931,1881629370.00,United States,,Finance Companies,Finance
TY^,Tri Continental Corporation Preferred Stock,$39.66,0.86,2.216%,1606,,United States,,,
TYG,Tortoise Energy Infrastructure Corporation Common Stock,$40.02,-0.40,-0.99%,160329,477354678.00,United States,2004,Investment Managers,Finance
TYGO,Tigo Energy Inc. Common Stock,$0.8598,-0.0202,-2.295%,736307,66010037.00,United States,2021,Semiconductors,Technology
TYL,Tyler Technologies Inc. Common Stock,$325.57,-1.28,-0.392%,453507,13332831846.00,United States,,Computer Software: Prepackaged Software,Technology
TYRA,Tyra Biosciences Inc. Common Stock,$21.76,-0.65,-2.90%,1422006,1496129233.00,United States,2021,Biotechnology: Pharmaceutical Preparations,Health Care
TZOO,Travelzoo Common Stock,$5.58,0.07,1.27%,34380,56929040.00,United States,,Advertising,Consumer Discretionary
U,Unity Software Inc. Common Stock,$41.55,0.13,0.314%,15158071,18285695166.00,United States,2020,Computer Software: Prepackaged Software,Technology
UA,Under Armour Inc. Class C Common Stock,$4.37,-0.06,-1.354%,3326964,1877114014.00,United States,2016,Apparel,Consumer Discretionary
UAA,Under Armour Inc. Class A Common Stock,$4.43,-0.07,-1.556%,9990924,1902886747.00,United States,,Apparel,Consumer Discretionary
UAC,United Acquisition Corp. I Class A Ordinary Shares,$9.985,0.00,0.00%,105,0.00,,2026,Blank Checks,Finance
UAL,United Airlines Holdings Inc. Common Stock,$113.99,2.80,2.518%,3416207,36999304170.00,United States,,Air Freight/Delivery Services,Consumer Discretionary
UAMY,United States Antimony Corporation Common Stock,$4.50,-0.07,-1.532%,2849910,673512228.00,United States,,Metal Fabrications,Industrials
UAN,CVR Partners LP Common Units representing Limited Partner Interests,$122.70,-3.31,-2.627%,43187,1296894460.00,United States,2011,Agricultural Chemicals,Industrials
UAVS,AgEagle Aerial Systems Inc. Common Stock,$0.9926,-0.0036,-0.361%,494985,62440204.00,United States,,Aerospace,Industrials
UBCP,United Bancorp Inc. Common Stock,$14.815,-0.365,-2.404%,15246,84971699.00,United States,,Major Banks,Finance
UBER,Uber Technologies Inc. Common Stock,$69.62,0.40,0.578%,10911684,142203035624.00,United States,2019,Business Services,Consumer Discretionary
UBS,UBS Group AG Registered Ordinary Shares,$49.67,1.21,2.497%,2612879,154147629315.00,Switzerland,2014,Major Banks,Finance
UBSI,United Bankshares Inc. Common Stock,$46.86,0.33,0.709%,1443282,6382921077.00,United States,,Major Banks,Finance
UCAR,U Power Limited Class A Ordinary Shares,$4.44,0.24,5.714%,13036,7880725.00,China,2023,Industrial Machinery/Components,Miscellaneous
UCB,United Community Banks Inc. Common Stock,$34.23,0.35,1.033%,1020304,4127299468.00,United States,2024,Major Banks,Finance
UCL,uCloudlink Group Inc. American Depositary Shares,$0.359,-0.0023,-0.637%,170711,13675118.00,Hong Kong,2020,Telecommunications Equipment,Consumer Discretionary
UCTT,Ultra Clean Holdings Inc. Common Stock,$77.69,1.17,1.529%,689796,3517572383.00,United States,2004,Semiconductors,Technology
UDR,UDR Inc. Common Stock,$33.84,0.29,0.864%,3649478,10871581272.00,United States,,Real Estate Investment Trusts,Real Estate
UE,Urban Edge Properties Common Shares of Beneficial Interest,$19.90,0.10,0.505%,781571,2512264873.00,United States,2015,Real Estate,Finance
UEC,Uranium Energy Corp. Common Stock,$9.41,-0.06,-0.634%,6732558,4656748964.00,Canada,,Other Metals and Minerals,Basic Materials
UEIC,Universal Electronics Inc. Common Stock,$5.12,-0.13,-2.476%,28835,65971517.00,United States,1993,Consumer Electronics/Appliances,Consumer Staples
UFCS,United Fire Group Inc. Common Stock,$53.33,-0.10,-0.187%,111177,1370871062.00,United States,,Property-Casualty Insurers,Finance
UFG,Uni-Fuels Holdings Limited Class A Ordinary Shares,$0.5001,-0.0151,-2.931%,140459,16235747.00,Singapore,2025,Oil Refining/Marketing,Energy
UFI,Unifi Inc. New Common Stock,$6.60,0.00,0.00%,66182,122686324.00,United States,,Textiles,Consumer Discretionary
UFPI,UFP Industries Inc. Common Stock,$79.49,0.68,0.863%,424151,4384786920.00,United States,1993,Forest Products,Basic Materials
UFPT,UFP Technologies Inc. Common Stock,$295.65,-2.83,-0.948%,72321,2290042814.00,United States,1993,Medical/Dental Instruments,Health Care
UG,United-Guardian Inc. Common Stock,$7.08,-0.17,-2.345%,2157,32527779.00,United States,,Package Goods/Cosmetics,Consumer Discretionary
UGI,UGI Corporation Common Stock,$36.51,0.14,0.385%,1388279,7831211245.00,United States,,Natural Gas Distribution,Utilities
UGP,Ultrapar Participacoes S.A. (New) American Depositary Shares (Each representing one Common Share),$7.10,-0.39,-5.207%,6544952,7900952363.00,Brazil,,Oil/Gas Transmission,Utilities
UHAL,U-Haul Holding Company Common Stock,$60.97,0.18,0.296%,122853,11852171390.00,United States,2022,Rental/Leasing Companies,Consumer Discretionary
UHS,Universal Health Services Inc. Common Stock,$178.86,1.87,1.057%,645687,10541385073.00,United States,,Hospital/Nursing Management,Health Care
UHT,Universal Health Realty Income Trust Common Stock,$38.65,-0.03,-0.078%,94527,537184137.00,United States,,Real Estate Investment Trusts,Real Estate
UI,Ubiquiti Inc. Common Stock,$560.67,-2.44,-0.433%,90394,33936447375.00,United States,,Radio And Television Broadcasting And Communications Equipment,Technology
UIS,Unisys Corporation New Common Stock,$2.32,-0.04,-1.695%,595689,169165016.00,United States,,EDP Services,Technology
UK,Ucommune International Ltd Class A Ordinary Shares,$2.10,0.005,0.239%,7945,1423697.00,United States,2019,Business Services,Consumer Discretionary
UL,Unilever PLC American Depositary Shares (each representing One Ordinary Share),$62.54,0.29,0.466%,2740691,134731632094.00,United Kingdom,2025,Package Goods/Cosmetics,Consumer Discretionary
ULBI,Ultralife Corporation Common Stock,$6.16,0.11,1.818%,29871,102645737.00,United States,1992,Industrial Machinery/Components,Miscellaneous
ULCC,Frontier Group Holdings Inc. Common Stock,$6.19,0.34,5.812%,2429676,1425035622.00,United States,2021,Air Freight/Delivery Services,Consumer Discretionary
ULH,Universal Logistics Holdings Inc. Common Stock,$16.69,0.195,1.182%,54552,440078665.00,United States,2005,Trucking Freight/Courier Services,Industrials
ULS,UL Solutions Inc. Class A Common Stock,$66.05,0.24,0.365%,926995,13335374327.00,United States,2024,Precision Instruments,Health Care
ULTA,Ulta Beauty Inc. Common Stock,$545.20,-3.58,-0.652%,313729,23311373189.00,United States,2007,Other Specialty Stores,Consumer Discretionary
UMAC,Unusual Machines Inc. Common Stock,$24.05,0.12,0.501%,2333912,1201453945.00,United States,2024,Radio And Television Broadcasting And Communications Equipment,Technology
UMBF,UMB Financial Corporation Common Stock,$135.82,0.83,0.615%,713809,10315533075.00,United States,,Major Banks,Finance
UMBFO,UMB Financial Corporation Depositary Shares Each Representing a 1/400th Interest in a Share of 7.750% Fixed-Rate Reset Non-Cumulative Perpetual Preferred Stock Series B,$25.92,-0.025,-0.096%,16200,1968624778.00,United States,,Major Banks,Finance
UMC,United Microelectronics Corporation (NEW) Common Stock,$24.31,0.21,0.871%,6335120,61203616149.00,Taiwan,,Semiconductors,Technology
UMH,UMH Properties Inc. Common Stock,$15.40,0.08,0.522%,487949,1314938240.00,United States,1994,Real Estate Investment Trusts,Real Estate
UMH^D,UMH Properties Inc. 6.375% Series D Cumulative Redeemable Preferred Stock Liquidation Preference $25 per share,$20.70,-0.22,-1.052%,22015,,United States,,,
UNB,Union Bankshares Inc. Common Stock,$23.60,0.10,0.426%,862,116722485.00,United States,,Major Banks,Finance
UNCY,Unicycive Therapeutics Inc. Common Stock,$4.695,-0.115,-2.391%,495058,130780432.00,United States,2021,Biotechnology: Pharmaceutical Preparations,Health Care
UNF,Unifirst Corporation Common Stock,$259.09,1.23,0.477%,155196,4685428383.00,United States,,Other Consumer Services,Consumer Discretionary
UNFI,United Natural Foods Inc. Common Stock,$45.85,-0.30,-0.65%,964451,2765538301.00,United States,2019,Food Distributors,Consumer Discretionary
UNH,UnitedHealth Group Incorporated Common Stock (DE),$376.59,1.58,0.421%,4078512,338025243432.00,United States,,Medical Specialities,Health Care
UNIT,Uniti Group Inc. Common Stock,$8.91,-0.02,-0.224%,1480365,2162680953.00,United States,,Real Estate Investment Trusts,Real Estate
UNM,Unum Group Common Stock,$92.09,0.98,1.076%,1471418,14578473028.00,United States,,Accident &Health Insurance,Finance
UNMA,Unum Group 6.250% Junior Subordinated Notes due 2058,$21.59,0.00,0.00%,21513,3677062852.00,United States,2018,Accident &Health Insurance,Finance
UNP,Union Pacific Corporation Common Stock,$273.79,-0.28,-0.102%,1821917,162651930597.00,United States,,Railroads,Industrials
UNTY,Unity Bancorp Inc. Common Stock,$56.05,0.72,1.301%,56740,562886497.00,United States,,Major Banks,Finance
UONE,Urban One Inc. Class A Common Stock,$4.23,-0.0498,-1.164%,4087,19521298.00,United States,,Broadcasting,Consumer Discretionary
UONEK,Urban One Inc. Class D Common Stock,$3.70,0.00,0.00%,12885,17075367.00,United States,,Broadcasting,Consumer Discretionary
UP,Wheels Up Experience Inc. Class A Common Stock,$3.77,-0.19,-4.798%,53307,136759921.00,Singapore,2020,Transportation Services,Consumer Discretionary
UPB,Upstream Bio Inc. Common Stock,$5.36,0.19,3.675%,429221,293572780.00,United States,2024,Biotechnology: Pharmaceutical Preparations,Health Care
UPBD,Upbound Group Inc. Common Stock,$16.09,0.22,1.386%,781150,938037426.00,United States,,Diversified Commercial Services,Consumer Discretionary
UPC,Universe Pharmaceuticals Inc. Class A Ordinary Shares,$4.75,0.07,1.496%,23565,23865853.00,China,2021,Biotechnology: Pharmaceutical Preparations,Health Care
UPLD,Upland Software Inc. Common Stock,$3.37,-0.15,-4.261%,16767,9965734.00,United States,2014,Computer Software: Prepackaged Software,Technology
UPS,United Parcel Service Inc. Common Stock,$93.96,1.91,2.075%,4935259,79939437445.00,United States,1999,Trucking Freight/Courier Services,Industrials
UPST,Upstart Holdings Inc. Common stock,$23.81,-0.83,-3.369%,4593070,2317023625.00,United States,2020,Finance: Consumer Services,Finance
UPWK,Upwork Inc. Common Stock,$8.15,0.08,0.991%,2808188,1017962425.00,United States,2018,EDP Services,Technology
UPXI,Upexi Inc. Common Stock,$1.23,0.06,5.128%,6328159,100986043.00,United States,2021,Finance: Consumer Services,Finance
URBN,Urban Outfitters Inc. Common Stock,$75.35,0.57,0.762%,994227,6454494638.00,United States,1993,Clothing/Shoe/Accessory Stores,Consumer Discretionary
URG,Ur Energy Inc Common Shares (Canada),$1.13,0.00,0.00%,4817944,449586004.00,Canada,,Precious Metals,Basic Materials
URGN,UroGen Pharma Ltd. Ordinary Shares,$41.35,0.12,0.291%,655335,2021211321.00,Israel,2017,Biotechnology: Pharmaceutical Preparations,Health Care
URI,United Rentals Inc. Common Stock,$1047.06,25.39,2.485%,377032,65171620532.00,United States,1997,Diversified Commercial Services,Consumer Discretionary
UROY,Uranium Royalty Corp. Common Stock,$4.14,-0.11,-2.588%,1860815,1561651979.00,Canada,,Investment Bankers/Brokers/Service,Finance
USA,Liberty All-Star Equity Fund Common Stock,$5.87,0.04,0.686%,756174,0.00,United States,1986,Finance Companies,Finance
USAC,USA Compression Partners LP Common Units Representing Limited Partner Interests,$25.54,0.01,0.039%,323544,3701853031.00,United States,2013,Natural Gas Distribution,Utilities
USAR,USA Rare Earth Inc. Class A Common Stock,$15.18,-0.20,-1.30%,10059362,5693662287.00,United States,2023,Metal Mining,Basic Materials
USAS,Americas Gold and Silver Corporation Common Shares no par value,$4.83,0.15,3.205%,6482049,1633301276.00,Canada,2017,Metal Mining,Basic Materials
USAU,U.S. Gold Corp. Common Stock,$15.59,0.03,0.193%,127111,257681856.00,United States,,Metal Mining,Basic Materials
USB,U.S. Bancorp Common Stock,$59.33,0.93,1.592%,6412647,92439192291.00,United States,,Major Banks,Finance
USB^A,U.S. Bancorp Depositary Shares Each representing a 1/100th interest in a share of Series A Non-CumulativePerpetual Pfd Stock,$772.98,-1.0199,-0.132%,1788,,United States,,,
USB^H,U.S. Bancorp Depositary Shares repstg 1/1000th Pfd Ser B,$18.65,0.14,0.756%,40595,,United States,,,
USB^P,U.S. Bancorp Depositary Shares each representing a 1/1000th interest in a share of Series K Non-Cumulative Perpetual Preferred Stock,$20.56,0.01,0.049%,81965,,United States,,,
USB^Q,U.S. Bancorp Depositary Shares Each Representing a 1/1000th Interest in a Share of Series L Non-Cumulative Perpetual Preferred Stock,$14.10,0.01,0.071%,86952,,United States,,,
USB^R,U.S. Bancorp Depositary Shares Each Representing a 1/1000th Interest in a Share of Series M Non-Cumulative Perpetual Preferred Stock,$14.89,0.02,0.134%,90819,,United States,,,
USB^S,U.S. Bancorp Depositary Shares each representing a 1/1000th interest in a share of Series O Non-Cumulative Perpetual Preferred Stock,$16.67,-0.03,-0.18%,48290,,United States,,,
USBC,USBC Inc. Common Stock,$0.5121,0.0022,0.431%,77737,198768762.00,United States,,Finance: Consumer Services,Finance
USCB,USCB Financial Holdings Inc. Class A Common Stock,$22.63,-0.04,-0.176%,33199,418077256.00,United States,2021,Major Banks,Finance
USDE,StablecoinX Inc. Class A Common Stock,$17.25,3.03,21.308%,8005012,468977975.00,United States,,Finance: Consumer Services,Finance
USDEW,StablecoinX Inc. Warrants,$6.015,2.015,50.375%,1588582,163530581.00,United States,,Finance: Consumer Services,Finance
USEA,United Maritime Corporation Common Stock,$2.72,-0.21,-7.167%,220428,25943738.00,Greece,,Marine Transportation,Consumer Discretionary
USFD,US Foods Holding Corp. Common Stock,$93.33,-0.49,-0.522%,1640921,20190146378.00,United States,2016,Food Distributors,Consumer Discretionary
USGO,U.S. GoldMining Inc. Common stock,$7.19,-0.04,-0.553%,53842,100916942.00,United States,2023,Precious Metals,Basic Materials
USIO,Usio Inc. Common Stock,$2.33,0.05,2.193%,130443,66394315.00,United States,,Investment Bankers/Brokers/Service,Finance
USLM,United States Lime & Minerals Inc. Common Stock,$111.40,1.98,1.81%,82212,3195883638.00,United States,,Mining & Quarrying of Nonmetallic Minerals (No Fuels),Industrials
USNA,USANA Health Sciences Inc. Common Stock,$14.50,0.24,1.683%,172059,267909743.00,United States,, Medicinal Chemicals and Botanical Products ,Health Care
USPH,U.S. Physical Therapy Inc. Common Stock,$84.84,1.08,1.289%,130595,1266041698.00,United States,1992,Medical/Nursing Services,Health Care
UTF,Cohen & Steers Infrastructure Fund Inc Common Stock,$24.18,-0.04,-0.165%,514336,0.00,United States,2004,Finance Companies,Finance
UTG,Reaves Utility Income Fund Common Shares of Beneficial Interest,$34.82,-0.13,-0.372%,396384,0.00,United States,2004,Investment Managers,Finance
UTHR,United Therapeutics Corporation Common Stock,$475.45,3.24,0.686%,472722,20392379511.00,United States,1999,Biotechnology: Pharmaceutical Preparations,Health Care
UTI,Universal Technical Institute Inc Common Stock,$20.30,-0.37,-1.79%,1719857,1118433189.00,United States,2003,Other Consumer Services,Real Estate
UTL,UNITIL Corporation Common Stock,$50.98,0.14,0.275%,143256,929705641.00,United States,1985,Power Generation,Utilities
UTMD,Utah Medical Products Inc. Common Stock,$74.18,-0.57,-0.763%,22489,236175619.00,United States,,Medical/Dental Instruments,Health Care
UTSI,UTStarcom Holdings Corp. Ordinary Shares,$2.32,0.07,3.111%,2270,22026335.00,China,2000,Telecommunications Equipment,Telecommunications
UTZ,Utz Brands Inc Class A Common Stock ,$14.24,0.00,0.00%,726610,2050021913.00,United States,2018,Packaged Foods,Consumer Staples
UUU,Universal Safety Products Inc. Common Stock,$5.11,0.04,0.789%,7649,15475446.00,United States,2003,Electronic Components,Technology
UUUU,Energy Fuels Inc Ordinary Shares (Canada),$11.35,0.03,0.265%,5037170,2835990450.00,Canada,,Mining & Quarrying of Nonmetallic Minerals (No Fuels),Industrials
UVE,UNIVERSAL INSURANCE HOLDINGS INC Common Stock,$42.14,-0.35,-0.824%,199106,1172771160.00,United States,,Property-Casualty Insurers,Finance
UVSP,Univest Financial Corporation Common Stock,$42.16,0.37,0.885%,226649,1162805179.00,United States,,Major Banks,Finance
UVV,Universal Corporation Common Stock,$42.47,-0.24,-0.562%,410078,1057471445.00,United States,,Farming/Seeds/Milling,Industrials
UWMC,UWM Holdings Corporation Class A Common Stock,$1.22,0.00,0.00%,8734935,1959949099.00,United States,,Finance: Consumer Services,Finance
UXIN,Uxin Limited ADS,$1.31,0.01,0.769%,979735,288174142.00,China,2018,Business Services,Consumer Discretionary
UYSC,UY Scuti Acquisition Corp. Ordinary Shares,$11.00,0.00,0.00%,7,0.00,United States,2025,Blank Checks,Finance
UZD,Array Digital Infrastructure Inc. 6.250% Senior Notes due 2069,$18.00,0.10,0.559%,2371,1548000000.00,United States,2020,Telecommunications Equipment,Telecommunications
UZE,Array Digital Infrastructure Inc. 5.500% Senior Notes due 2070,$16.18,-0.14,-0.858%,1538,1391480000.00,United States,2020,Telecommunications Equipment,Telecommunications
UZF,Array Digital Infrastructure Inc. 5.500% Senior Notes due 2070,$16.27,0.02,0.123%,3738,1399220000.00,United States,2021,Telecommunications Equipment,Telecommunications
UZX,Linkage Global Inc. Class A Ordinary Shares,$1.475,-0.035,-2.318%,33907,4241470.00,Japan,2023,Catalog/Specialty Distribution,Consumer Discretionary
V,Visa Inc.,$367.38,-0.60,-0.163%,4577282,656418134561.00,United States,,Business Services,Consumer Discretionary
VABK,Virginia National Bankshares Corporation Common Stock,$48.33,1.26,2.677%,17708,262203879.00,United States,,Major Banks,Finance
VAC,Marriott Vacations Worldwide Corporation Common Stock,$102.82,2.07,2.055%,245636,3536526802.00,United States,,Real Estate,Finance
VACI,Viking Acquisition Corp. I Class A Ordinary Shares,$6.93,-0.43,-5.842%,5925,0.00,,2025,Telecommunications Equipment,Telecommunications
VAI,Valor Energy Incorporated Common Stock,$2.22,-0.07,-3.057%,22602,32644869.00,China,2018,Rental/Leasing Companies,Consumer Discretionary
VAL,Valaris Limited Common Shares,$80.99,-0.80,-0.978%,723675,5623606009.00,United States,2021,Oil & Gas Production,Energy
VALE,VALE S.A.  American Depositary Shares Each Representing one common share,$13.61,0.05,0.369%,25600049,58108090344.00,Brazil,,Metal Mining,Basic Materials
VALN,Valneva SE American Depositary Shares,$6.14,-0.08,-1.286%,15045,582597701.00,France,2021,Biotechnology: Biological Products (No Diagnostic Substances),Health Care
VALU,Value Line Inc. Common Stock,$40.16,0.84,2.136%,2296,376785056.00,United States,1983,Investment Managers,Finance
VANI,Vivani Medical Inc. Common Stock (DE),$1.24,0.01,0.813%,128322,111852161.00,United States,2014,Biotechnology: Electromedical & Electrotherapeutic Apparatus,Health Care
VATE,INNOVATE Corp. Common Stock,$7.77,0.25,3.324%,83599,105997299.00,United States,,Metal Fabrications,Industrials
VBF,Invesco Bond Fund Common Stock,$14.18,-0.11,-0.77%,63899,0.00,United States,,Trusts Except Educational Religious and Charitable,Finance
VBIO,Valion Bio Inc. Common Stock,$3.03,-0.45,-12.931%,751842,3895444.00,United States,2021,Biotechnology: Electromedical & Electrotherapeutic Apparatus,Health Care
VBNK,VersaBank Common Shares,$23.41,0.10,0.429%,298709,758930639.00,Canada,,Commercial Banks,Finance
VC,Visteon Corporation Common Stock,$90.46,0.61,0.679%,504275,2414868507.00,United States,,Auto Parts:O.E.M.,Consumer Discretionary
VCEL,Vericel Corporation Common Stock,$39.71,0.41,1.043%,359914,2033414642.00,United States,,Biotechnology: Biological Products (No Diagnostic Substances),Health Care
VCIG,VCI Global Limited Ordinary Share,$1.70,-0.02,-1.163%,28031,2153043.00,Malaysia,2023,Diversified Commercial Services,Consumer Discretionary
VCRE,Vicore Pharma Holding AB American Depositary Shares,$9.65,-0.26,-2.624%,6680,2716721972.00,Sweden,,Biotechnology: Pharmaceutical Preparations,Health Care
VCTR,Victory Capital Holdings Inc. Class A Common Stock,$108.75,2.65,2.498%,465413,6689165955.00,United States,2018,Investment Managers,Finance
VCV,Invesco California Value Municipal Income Trust Common Stock,$9.14,0.07,0.772%,520792,437719399.00,United States,,Trusts Except Educational Religious and Charitable,Finance
VCX,Fundrise Innovation Fund LLC Common Shares of Limited Liability Company Interests,$30.18,0.18,0.60%,613713,0.00,,2026,,
VCYT,Veracyte Inc. Common Stock,$45.43,-3.11,-6.407%,1725922,3652150909.00,United States,2013,Medical Specialities,Health Care
VECA,Vernal Capital Acquisition Corp. Ordinary Shares,$10.02,0.00,0.00%,13,0.00,,2026,Blank Checks,Finance
VECO,Veeco Instruments Inc. Common Stock,$49.67,4.22,9.285%,920873,3036309219.00,United States,1994,Industrial Machinery/Components,Technology
VEEA,Veea Inc. Common Stock,$3.08,0.04,1.316%,367105,9580981.00,United States,2021,EDP Services,Technology
VEEAW,Veea Inc. Warrant,$0.03,-0.003,-9.091%,2188,93321.00,United States,2021,EDP Services,Technology
VEEE,Twin Vee PowerCats Co. Common Stock,$13.95,-0.20,-1.413%,63411,8151278.00,United States,2021,Marine Transportation,Industrials
VEEV,Veeva Systems Inc. Class A Common Stock,$280.68,5.84,2.125%,1735964,45444576018.00,United States,2013,Computer Software: Prepackaged Software,Technology
VEL,Velocity Financial Inc. Common Stock,$15.35,-0.05,-0.325%,209375,606040365.00,United States,2020,Finance: Consumer Services,Finance
VELO,Velo3D Inc. Common stock,$11.29,0.27,2.45%,1080657,362963542.00,United States,,Industrial Machinery/Components,Technology
VENU,Venu Holding Corporation Common Stock,$1.48,-0.02,-1.333%,223461,87126622.00,United States,2024,Services-Misc. Amusement & Recreation,Consumer Discretionary
VEON,VEON Ltd. ADS,$73.52,0.98,1.351%,192362,5062675056.00,Netherlands,,Telecommunications Equipment,Telecommunications
VERA,Vera Therapeutics Inc. Class A Common Stock,$32.54,-0.80,-2.40%,1250536,2344940921.00,United States,2021,Biotechnology: Pharmaceutical Preparations,Health Care
VERI,Veritone Inc. Common Stock,$1.31,-0.02,-1.504%,2572100,131598759.00,United States,2017,EDP Services,Technology
VERU,Veru Inc. Common Stock,$2.54,0.03,1.195%,116085,43307813.00,United States,,Biotechnology: Pharmaceutical Preparations,Health Care
VERX,Vertex Inc. Class A Common Stock,$11.37,-0.31,-2.654%,1079570,1844418433.00,United States,2020,Computer Software: Prepackaged Software,Technology
VET,Vermilion Energy Inc. Common (Canada),$11.60,-0.27,-2.275%,1061202,1777120000.00,Canada,,Oil & Gas Production,Energy
VFC,V.F. Corporation Common Stock,$14.15,0.46,3.36%,8713559,5562854166.00,United States,,Garments and Clothing,Industrials
VFF,Village Farms International Inc. Common Shares,$3.17,0.05,1.603%,1022526,387647561.00,Canada,,Farming/Seeds/Milling,Consumer Staples
VFS,VinFast Auto Ltd. Ordinary Shares,$3.18,0.05,1.597%,279594,7439724512.00,Singapore,,Auto Manufacturing,Industrials
VG,Venture Global Inc. Class A common stock,$12.62,-0.61,-4.611%,14792014,31551171780.00,United States,2025,Oil/Gas Transmission,Utilities
VGAS,Verde Clean Fuels Inc. Class A Common Stock,$1.16,0.03,2.655%,16109,51677560.00,United States,2021,Major Chemicals,Industrials
VGASW,Verde Clean Fuels Inc. Warrant,$0.0178,-0.0009,-4.813%,65181,792983.00,United States,2021,Major Chemicals,Industrials
VGI,Virtus Global Multi-Sector Income Fund Common Shares of Beneficial Interest,$6.78,-0.01,-0.147%,85631,0.00,United States,2012,Investment Managers,Finance
VGM,Invesco Trust for Investment Grade Municipals Common Stock (DE),$9.12,0.05,0.551%,480707,494595548.00,United States,,Trusts Except Educational Religious and Charitable,Finance
VGNT,Versigent PLC Ordinary Shares,$46.73,1.51,3.339%,592095,3310131933.00,United Kingdom,2026,Auto Parts:O.E.M.,Consumer Discretionary
VGZ,Vista Gold Corp Common Stock,$2.75,0.04,1.476%,2252669,401421202.00,United States,1986,Precious Metals,Basic Materials
VHC,VirnetX Holding Corp Common Stock,$10.36,-1.87,-15.29%,94538,43684318.00,United States,,Multi-Sector Companies,Miscellaneous
VHCP,Vine Hill Capital Investment Corp. II Class A Ordinary Shares,$10.06,0.00,0.00%,28,0.00,United States,2026,,
VHI,Valhi Inc. Common Stock,$15.99,-0.06,-0.374%,11330,452855876.00,United States,,Major Chemicals,Basic Materials
VHUB,VenHub Global Inc. Common Stock,$0.5384,0.0194,3.738%,145880,52455158.00,United States,,Industrial Machinery/Components,Technology
VIA,Via Transportation Inc. Class A Common Stock,$29.41,-0.57,-1.901%,873069,2397080078.00,United States,2025,Computer Software: Prepackaged Software,Technology
VIAV,Viavi Solutions Inc. Common Stock,$40.68,3.45,9.267%,8409290,10037783003.00,United States,,Semiconductors,Technology
VICI,VICI Properties Inc. Common Stock,$23.51,0.24,1.031%,9230111,25886333483.00,United States,2018,Real Estate Investment Trusts,Real Estate
VICR,Vicor Corporation Common Stock,$281.96,5.90,2.137%,774973,13000254155.00,United States,,Industrial Machinery/Components,Technology
VIDA,VIDA Global Inc. Class A Common Stock,$1.73,0.05,2.976%,25671,25228472.00,,2026,Computer Software: Prepackaged Software,Technology
VII,Viking Acquisition Corp. II Class A Ordinary Shares,$9.8378,0.00,0.00%,60,0.00,,2026,,
VIK,Viking Holdings Ltd Ordinary Shares,$80.30,0.78,0.981%,7134838,35796618932.00,United States,2024,Marine Transportation,Consumer Discretionary
VINP,Vinci Compass Investments Ltd. Class A Common Shares,$9.35,0.07,0.754%,36238,611696616.00,Brazil,2021,Investment Managers,Finance
VIOT,Viomi Technology Co. Ltd American Depositary Shares,$1.35,-0.01,-0.735%,148330,90884336.00,China,2018,Consumer Electronics/Appliances,Consumer Discretionary
VIP,Vulcan Infrastructure and Power Inc. Class A Common Stock,$1.63,-0.10,-5.78%,130776,30040740.00,United States,,Finance: Consumer Services,Finance
VIPS,Vipshop Holdings Limited American Depositary Shares each representing two ordinary shares,$12.38,0.01,0.081%,2003938,5945749285.00,China,2012,Catalog/Specialty Distribution,Consumer Discretionary
VIR,Vir Biotechnology Inc. Common Stock,$10.66,-0.06,-0.56%,1126042,1803842112.00,United States,2019,Biotechnology: Biological Products (No Diagnostic Substances),Health Care
VIRC,Virco Manufacturing Corporation Common Stock,$6.50,-0.06,-0.915%,20363,102464798.00,United States,,Industrial Specialties,Consumer Discretionary
VIRT,Virtu Financial Inc. Class A Common Stock,$53.40,0.74,1.405%,1614517,8287692122.00,United States,,Investment Bankers/Brokers/Service,Finance
VISN,Vistance Networks Inc. Common Stock,$6.22,-0.13,-2.047%,6164046,1434496283.00,United States,2013,Radio And Television Broadcasting And Communications Equipment,Technology
VIST,Vista Energy S.A.B. de C.V. American Depositary Shares each representing one series A share with no par value,$67.43,-0.87,-1.274%,844583,7506132417.00,Mexico,2019,Oil & Gas Production,Energy
VITL,Vital Farms Inc. Common Stock,$9.95,-0.14,-1.388%,1306472,427168644.00,United States,2020,Packaged Foods,Consumer Staples
VIV,Telefonica Brasil S.A. American Depositary Shares (Each representing One Common Share),$11.60,-0.09,-0.77%,891656,18534516842.00,Brazil,2020,Telecommunications Equipment,Telecommunications
VIVK,Vivakor Inc. Common Stock,$0.5351,0.0012,0.225%,203914,4379058.00,United States,,Environmental Services,Utilities
VIVO,VivoPower PLC Class A Ordinary Shares,$4.12,0.055,1.353%,319176,131813447.00,United Kingdom,,Power Generation,Utilities
VIVS,VivoSim Labs Inc. Common Stock,$0.224,-0.0014,-0.621%,260032,3715375.00,United States,,Biotechnology: Biological Products (No Diagnostic Substances),Health Care
VKI,Invesco Advantage Municipal Income Trust II Common Shares of Beneficial Interest (DE),$7.96,0.00,0.00%,223726,353471919.00,United States,1993,Finance Companies,Finance
VKQ,Invesco Municipal Trust Common Stock,$8.71,-0.05,-0.571%,395975,481972336.00,United States,,Trusts Except Educational Religious and Charitable,Finance
VKTX,Viking Therapeutics Inc. Common Stock,$35.56,-1.19,-3.238%,13579166,4148178440.00,United States,2015,Biotechnology: Pharmaceutical Preparations,Health Care
VLGEA,Village Super Market Inc. Class A Common Stock,$45.37,-0.41,-0.896%,43451,671906607.00,United States,,Food Chains,Consumer Staples
VLN,Valens Semiconductor Ltd. Ordinary Shares,$1.88,0.03,1.622%,434643,197950276.00,,,Semiconductors,Technology
VLO,Valero Energy Corporation Common Stock,$387.18,4.32,1.128%,3815910,111479754350.00,United States,,Integrated oil Companies,Energy
VLOS,Velos Acquisition I Corp. Class A Ordinary shares,$10.68,-0.10,-0.928%,2104,0.00,United States,2024,,
VLOSW,Velos Acquisition I Corp. Warrant,$0.45,0.00,0.00%,2,0.00,United States,2024,Blank Checks,Finance
VLRS,Controladora Vuela Compania de Aviacion S.A.B. de C.V. American Depositary Shares each representing ten (10) Ordinary Participation Certificates,$6.88,0.15,2.229%,259236,799427936.00,,2013,Air Freight/Delivery Services,Consumer Discretionary
VLT,Invesco High Income Trust II,$9.14,0.04,0.44%,37128,0.00,United States,1989,Trusts Except Educational Religious and Charitable,Finance
VLTO,Veralto Corp Common Stock ,$97.14,0.94,0.977%,1850677,23682085436.00,United States,2023,Electrical Products,Industrials
VLY,Valley National Bancorp Common Stock,$13.08,0.12,0.926%,5441664,7228076356.00,United States,,Major Banks,Finance
VLYPN,Valley National Bancorp 8.250% Fixed-Rate Reset Non-Cumulative Perpetual Preferred Stock Series C,$25.38,-0.0325,-0.128%,3904,14025120636.00,United States,,Major Banks,Finance
VLYPO,Valley National Bancorp 5.50% Fixed-to-Floating Rate Non-Cumulative Perpetual Preferred Stock Series B,$24.67,0.0099,0.04%,3206,13632770925.00,United States,,Major Banks,Finance
VLYPP,Valley National Bancorp 6.25% Fixed-to-Floating Rate Non-Cumulative Perpetual Preferred Stock Series A,$24.95,-0.07,-0.28%,2578,13787500389.00,United States,,Major Banks,Finance
VMAR,Vision Marine Technologies Inc. Common Shares,$7.83,-0.23,-2.854%,13199,5113350.00,Canada,2020,Marine Transportation,Industrials
VMC,Vulcan Materials Company (Holding Company) Common Stock,$245.00,3.30,1.365%,1709799,31746791055.00,United States,,Mining & Quarrying of Nonmetallic Minerals (No Fuels),Industrials
VMD,Viemed Healthcare Inc. Common Shares,$8.91,0.09,1.02%,199829,339366111.00,United States,,Misc Health and Biotechnology Services,Health Care
VMET,Versamet Royalties Corporation Common Stock,$9.15,0.02,0.219%,158038,995789989.00,Canada,,Precious Metals,Industrials
VMI,Valmont Industries Inc. Common Stock,$466.83,1.48,0.318%,236998,9012086860.00,United States,,Metal Fabrications,Industrials
VMO,Invesco Municipal Opportunity Trust Common Stock,$8.63,0.03,0.349%,719296,582013112.00,United States,,Trusts Except Educational Religious and Charitable,Finance
VMRK,Vivmark Residential Common Shares of Beneficial Interest,$61.51,0.46,0.753%,4477296,48439125000.00,United States,,Real Estate Investment Trusts,Real Estate
VNCE,Vince Holding Corp. Common Stock,$11.50,0.36,3.232%,678646,148864614.00,United States,,Clothing/Shoe/Accessory Stores,Consumer Discretionary
VNDA,Vanda Pharmaceuticals Inc. Common Stock,$5.05,0.07,1.406%,722718,305336569.00,United States,2006,Biotechnology: Pharmaceutical Preparations,Health Care
VNET,VNET Group Inc. American Depositary Shares,$6.64,-0.28,-4.046%,5405583,1891260974.00,China,2011,Computer Software: Programming Data Processing,Technology
VNME,Vendome Acquisition Corporation I Class A Ordinary Shares,$10.27,-0.01,-0.097%,1663,0.00,United States,2025,Blank Checks,Finance
VNO,Vornado Realty Trust Common Stock,$34.73,0.35,1.018%,1073913,6484804042.00,United States,,Real Estate Investment Trusts,Real Estate
VNO^L,Vornado Realty Trust Pfd Ser L %,$16.50,-0.0001,-0.001%,30408,,United States,,,
VNO^M,Vornado Realty Trust 5.25% Series M Cumulative Redeemable Preferred Shares of Beneficial Interest liquidation preference $25.00 per share no par value per share,$16.36,-0.13,-0.788%,11822,,United States,,,
VNO^N,Vornado Realty Trust 5.25% Series N Cumulative Redeemable Preferred Shares of Beneficial Interest liquidation preference $25.00 per share,$16.08,-0.025,-0.155%,33393,,United States,,,
VNO^O,Vornado Realty Trust 4.45% Series O Cumulative Redeemable Preferred Shares Liquidation Preference $25.00 Per Share,$13.58,0.00,0.00%,18671,,United States,,,
VNOM,Viper Energy Inc. Class A Common Stock,$40.93,-0.71,-1.705%,2242728,14701846970.00,United States,2014,Oil & Gas Production,Energy
VNRX,VolitionRX Limited Common Stock,$0.259,0.0132,5.37%,2891491,7226961.00,Singapore,2015,Biotechnology: In Vitro & In Vivo Diagnostic Substances,Health Care
VNT,Vontier Corporation Common Stock ,$31.48,0.57,1.844%,989259,4256096000.00,United States,2020,Industrial Machinery/Components,Industrials
VNTG,Vantage Corp Class A Ordinary Shares,$0.729,-0.021,-2.80%,260411,22351789.00,Singapore,2025,Integrated Freight & Logistics,Industrials
VOC,VOC Energy Trust Units of Beneficial Interest,$3.41,0.03,0.888%,56849,57970000.00,United States,2011,Oil & Gas Production,Energy
VOD,Vodafone Group Plc American Depositary Shares,$16.62,0.13,0.788%,2481852,38463601431.00,United Kingdom,,Telecommunications Equipment,Telecommunications
VOGX,Vogenx Inc Common Stock,$22.73,-1.47,-6.074%,46886,337656128.00,United States,2026,Biotechnology: Pharmaceutical Preparations,Health Care
VOR,Vor Biopharma Inc. Common Stock,$18.52,0.08,0.434%,792847,1095685685.00,United States,2021,Biotechnology: Biological Products (No Diagnostic Substances),Health Care
VOXR,Vox Royalty Corp. Common Stock,$5.44,0.04,0.741%,315021,378054345.00,Canada,,Precious Metals,Basic Materials
VOYA,Voya Financial Inc. Common Stock,$97.27,1.18,1.228%,710175,8812306867.00,United States,2013,Life Insurance,Finance
VOYA^B,Voya Financial Inc. Depositary Shares each representing a 1/40th interest in a share of 5.35% Fixed-Rate Reset Non-Cumulative Preferred Stock Series B,$23.39,-0.0337,-0.144%,21813,,United States,,,
VOYG,Voyager Technologies Inc. Class A Common Stock,$31.35,0.25,0.804%,2519072,1942689213.00,United States,2025,Military/Government/Technical,Industrials
VPG,Vishay Precision Group Inc. Common Stock,$71.63,3.06,4.463%,472348,954142401.00,United States,,Electrical Products,Technology
VPV,Invesco Pennsylvania Value Municipal Income Trust Common Stock (DE),$10.61,-0.01,-0.094%,37297,252831462.00,United States,,Trusts Except Educational Religious and Charitable,Finance
VRA,Vera Bradley Inc. Common Stock,$4.025,-0.045,-1.106%,298029,115471873.00,United States,2010,Apparel,Consumer Discretionary
VRAX,Virax Biolabs Group Limited Ordinary Shares,$2.395,-0.045,-1.844%,13444,3221246.00,United Kingdom,2022,Biotechnology: In Vitro & In Vivo Diagnostic Substances,Health Care
VRCA,Verrica Pharmaceuticals Inc. Common Stock,$4.37,0.01,0.229%,72858,75071295.00,United States,2018,Biotechnology: Pharmaceutical Preparations,Health Care
VRDN,Viridian Therapeutics Inc. Common Stock,$20.47,-0.19,-0.92%,2090699,2319092746.00,United States,2014,Biotechnology: Pharmaceutical Preparations,Health Care
VREX,Varex Imaging Corporation Common Stock,$18.45,-0.02,-0.108%,570438,776745000.00,United States,,Industrial Machinery/Components,Technology
VRM,Vroom Inc. Common Stock,$9.66,-0.075,-0.77%,2304,50563850.00,United States,,Retail-Auto Dealers and Gas Stations,Consumer Discretionary
VRME,VerifyMe Inc. Common Stock,$0.9599,-0.2101,-17.957%,4395496,12637272.00,United States,,EDP Services,Technology
VRNS,Varonis Systems Inc. Common Stock,$46.25,-1.70,-3.545%,1617965,5312297431.00,United States,2014,Computer Software: Prepackaged Software,Technology
VRRM,Verra Mobility Corporation Class A Common Stock,$3.24,-0.01,-0.308%,4812068,492424285.00,United States,2017,Transportation Services,Consumer Discretionary
VRSK,Verisk Analytics Inc. Common Stock,$169.21,0.56,0.332%,1331026,22023698791.00,United States,2009,EDP Services,Technology
VRSN,VeriSign Inc. Common Stock,$287.25,-4.63,-1.586%,593189,25938675000.00,United States,1998,EDP Services,Technology
VRT,Vertiv Holdings LLC Class A Common Stock,$253.28,7.98,3.253%,4134540,97509804457.00,United States,2018,Industrial Machinery/Components,Technology
VRTS,Virtus Investment Partners Inc. Common Stock,$130.58,0.76,0.585%,128802,864790860.00,United States,,Investment Managers,Finance
VRTX,Vertex Pharmaceuticals Incorporated Common Stock,$526.19,3.81,0.729%,756209,133368603600.00,United States,1991,Biotechnology: Pharmaceutical Preparations,Health Care
VRXA,Veraxa Biotech AG Ordinary Shares,$1.41,0.00,0.00%,55764,199385016.00,Switzerland,,Biotechnology: Pharmaceutical Preparations,Health Care
VS,Versus Systems Inc. Common Stock,$1.07,-0.01,-0.926%,12088,6647531.00,Canada,,EDP Services,Technology
VSA,VisionSys AI Inc. American Depositary Shares,$2.74,-0.22,-7.432%,250801,7652645.00,China,2014,Other Consumer Services,Real Estate
VSAT,ViaSat Inc. Common Stock,$73.02,-0.70,-0.95%,913157,10058929246.00,United States,1996,Telecommunications Equipment,Consumer Discretionary
VSEC,VSE Corporation Common Stock,$180.77,0.33,0.183%,255279,5073304988.00,United States,,Military/Government/Technical,Consumer Discretionary
VSECU,VSE Corporation Tangible Equity Units,$47.49,0.745,1.594%,1618,1332805520.00,United States,,,
VSH,Vishay Intertechnology Inc. Common Stock,$32.55,0.75,2.358%,2374408,4992491886.00,United States,,Electrical Products,Technology
VSME,VS Media Holdings Limited Class A Ordinary Shares,$1.00,0.1927,23.87%,12181199,2750784.00,Singapore,2023,Advertising,Consumer Discretionary
VSNT,Versant Media Group Inc. Class A Common Stock ,$32.80,-0.70,-2.09%,1322887,4552387538.00,United States,,Broadcasting,Industrials
VST,Vistra Corp. Common Stock,$138.46,0.52,0.377%,5006365,46472049100.00,United States,,Electric Utilities: Central,Utilities
VSTM,Verastem Inc. Common Stock,$7.74,-0.06,-0.769%,1061094,700961033.00,United States,2012,Biotechnology: Pharmaceutical Preparations,Health Care
VSTS,Vestis Corporation Common Stock,$13.65,-0.19,-1.373%,1244459,1803985433.00,United States,2023,Consumer Specialties,Consumer Discretionary
VSXY,Victorias Secret & Co. Common Stock ,$82.91,-0.90,-1.074%,897866,6613236473.00,United States,2021,Clothing/Shoe/Accessory Stores,Consumer Discretionary
VTAK,Catheter Precision Inc. Common Stock,$0.1537,-0.0041,-2.598%,618376,2916004.00,,2018,Medical/Dental Instruments,Health Care
VTEX,VTEX Class A Common Shares,$3.61,0.01,0.278%,456062,624506459.00,United Kingdom,2021,Computer Software: Prepackaged Software,Technology
VTGN,Vistagen Therapeutics Inc. Common Stock,$0.273,-0.022,-7.458%,5571971,12114897.00,United States,,Biotechnology: Pharmaceutical Preparations,Health Care
VTIX,Virtuix Holdings Inc. Class A Common Stock,$1.17,-0.02,-1.681%,192689,39746478.00,United States,,Computer peripheral equipment,Technology
VTMX,Corporacion Inmobiliaria Vesta S.A.B de C.V. American Depositary Shares each representing ten (10) Common Shares,$32.97,0.36,1.104%,32267,2916151793.00,,2023,Real Estate,Finance
VTN,Invesco Trust for Investment Grade New York Municipals Common Stock,$9.40,0.05,0.535%,48009,183168203.00,United States,,Finance Companies,Finance
VTOL,Bristow Group Inc. Common Stock,$42.62,0.32,0.757%,195378,1263342040.00,United States,,Transportation Services,Consumer Discretionary
VTR,Ventas Inc. Common Stock,$86.59,-0.24,-0.276%,2424590,44416025226.00,United States,,Real Estate Investment Trusts,Real Estate
VTRS,Viatris Inc. Common Stock,$17.83,0.41,2.354%,10153087,20479375105.00,United States,,Biotechnology: Pharmaceutical Preparations,Health Care
VTS,Vitesse Energy Inc. Common Stock,$16.75,-0.30,-1.76%,440963,705247310.00,United States,2023,Oil & Gas Production,Energy
VTSI,VirTra Inc. Common Stock,$2.86,-0.04,-1.379%,10969,32374125.00,United States,,Miscellaneous manufacturing industries,Consumer Discretionary
VTVT,vTv Therapeutics Inc. Class A Common Stock,$30.21,-0.52,-1.692%,28794,119448165.00,United States,2015,Biotechnology: Pharmaceutical Preparations,Health Care
VUZI,Vuzix Corporation Common Stock,$2.94,0.20,7.299%,693054,248177836.00,United States,,Radio And Television Broadcasting And Communications Equipment,Technology
VVOS,Vivos Therapeutics Inc. Common Stock,$0.1407,-0.0048,-3.299%,653800,2830606.00,United States,2020,Medical/Dental Instruments,Health Care
VVR,Invesco Senior Income Trust Common Stock (DE),$2.89,0.04,1.404%,632352,0.00,United States,1998,Trusts Except Educational Religious and Charitable,Finance
VVV,Valvoline Inc. Common Stock,$28.92,0.57,2.011%,2376404,3689799209.00,United States,2016,Major Chemicals,Industrials
VVX,V2X Inc. Common Stock,$75.65,-0.54,-0.709%,342851,2371276333.00,United States,2014,Diversified Commercial Services,Consumer Discretionary
VWAV,VisionWave Holdings Inc. Common Stock,$4.87,-0.92,-15.889%,190038,11560265.00,United States,,Computer Software: Prepackaged Software,Technology
VWAVW,VisionWave Holdings Inc. Warrant,$0.0553,0.0053,10.60%,27291,131270.00,United States,,Computer Software: Prepackaged Software,Technology
VYGR,Voyager Therapeutics Inc. Common Stock,$2.68,-0.12,-4.286%,721311,165136101.00,United States,2015,Biotechnology: Biological Products (No Diagnostic Substances),Health Care
VYX,NCR Voyix Corporation Common Stock,$7.07,0.00,0.00%,2389937,976154179.00,United States,,Office Equipment/Supplies/Services,Miscellaneous
VZ,Verizon Communications Inc. Common Stock,$47.08,-0.24,-0.507%,13421710,195606816510.00,United States,,Telecommunications Equipment,Telecommunications
VZLA,Vizsla Silver Corp. Common Shares,$3.95,0.01,0.254%,3456549,1402474644.00,Canada,2024,Precious Metals,Basic Materials
W,Wayfair Inc. Class A Common Stock,$98.15,0.48,0.491%,1882205,13443416071.00,United States,2014,Catalog/Specialty Distribution,Consumer Discretionary
WAB,Westinghouse Air Brake Technologies Corporation Common Stock,$288.00,-2.23,-0.768%,792197,48646325088.00,United States,,Railroads,Industrials
WABC,Westamerica Bancorporation Common Stock,$60.67,0.82,1.37%,476099,1402153653.00,United States,,Major Banks,Finance
WAFD,WaFd Inc. Common Stock,$31.35,0.44,1.423%,1669875,2319750711.00,United States,,Major Banks,Finance
WAFDP,WaFd Inc. Depositary Shares,$16.09,-0.15,-0.924%,21009,1190583379.00,United States,,Major Banks,Finance
WAFU,Wah Fu Education Group Limited Ordinary Shares,$1.49,-0.07,-4.487%,95763,6571733.00,China,2019,Other Consumer Services,Real Estate
WAL,Western Alliance Bancorporation Common Stock (DE),$77.61,1.35,1.77%,1106612,8467318055.00,United States,2005,Major Banks,Finance
WAL^A,Western Alliance Bancorporation Depositary Shares Each Representing a 1/400th Interest in a Share of 4.250% Fixed-Rate Non-Cumulative Perpetual Preferred Stock Series A,$24.87,0.04,0.161%,66601,,United States,,,
WALD,Waldencast plc Class A Ordinary Share,$1.03,0.00,0.00%,277618,132458940.00,United States,2021,Package Goods/Cosmetics,Consumer Discretionary
WALDW,Waldencast plc Warrant ,$0.0038,-0.0018,-32.143%,142194,488683.00,United States,2021,Package Goods/Cosmetics,Consumer Discretionary
WASH,Washington Trust Bancorp Inc. Common Stock,$38.86,0.14,0.362%,106306,741228114.00,United States,,Major Banks,Finance
WAT,Waters Corporation Common Stock,$433.54,3.24,0.753%,662537,42594486043.00,United States,1995,Biotechnology: Laboratory Analytical Instruments,Industrials
WATR,Air Water Ventures Limited Ordinary Shares,$1.88,0.12,6.818%,630240,59482174.00,United Arab Emirates,,Beverages (Production/Distribution),Consumer Staples
WATT,Energous Corporation Common Stock,$13.95,0.79,6.003%,208303,77102640.00,United States,2014,Radio And Television Broadcasting And Communications Equipment,Technology
WAVE,Eco Wave Power Global AB (publ) American Depositary Shares,$6.05,-0.04,-0.657%,7792,37749967.00,Israel,2021,Electric Utilities: Central,Utilities
WAY,Waystar Holding Corp. Common Stock,$24.70,0.06,0.244%,1261105,4736185875.00,United States,2024,EDP Services,Technology
WB,Weibo Corporation American Depositary Share,$6.49,-0.04,-0.613%,622564,1594414992.00,China,2014,Computer Software: Programming Data Processing,Technology
WBD,Warner Bros. Discovery Inc. Series A Common Stock ,$30.86,0.02,0.065%,23737566,77480304270.00,United States,,Cable & Other Pay Television Services,Telecommunications
WBI,WaterBridge Infrastructure LLC Class A Shares Representing Limited Liability Company Interests,$29.80,-0.14,-0.468%,354788,3678995028.00,,2025,Oilfield Services/Equipment,Energy
WBTN,WEBTOON Entertainment Inc. Common stock,$11.04,0.14,1.284%,177047,1498250213.00,United States,2024,Publishing,Consumer Discretionary
WBUY,WEBUY GLOBAL LTD. Class A Ordinary Shares,$0.8321,0.0419,5.302%,31455,4560827.00,Singapore,2023,Other Specialty Stores,Consumer Discretionary
WBX,Wallbox N.V. Class A Ordinary Shares,$2.85,-0.08,-2.73%,12293,68089632.00,Spain,,Industrial Specialties,Consumer Discretionary
WCC,WESCO International Inc. Common Stock,$367.44,6.11,1.691%,271385,17906399874.00,United States,1999,Telecommunications Equipment,Consumer Discretionary
WCCB,West Coast Community Bancorp Common Stock,$60.71,0.58,0.965%,30273,638917079.00,United States,,Major Banks,Finance
WCN,Waste Connections Inc. Common Shares,$155.56,-0.37,-0.237%,1524602,39702805356.00,Canada,,Environmental Services,Utilities
WCT,Wellchange Holdings Company Limited Class A Ordinary shares,$7.93,0.18,2.323%,807457,85176653.00,Hong Kong,2024,Computer Software: Prepackaged Software,Technology
WD,Walker & Dunlop Inc Common Stock,$37.98,0.67,1.796%,480411,1303691795.00,United States,2010,Finance: Consumer Services,Finance
WDAY,Workday Inc. Class A Common Stock,$189.45,-1.54,-0.806%,1119035,45657450000.00,United States,,EDP Services,Technology
WDC,Western Digital Corporation Common Stock,$456.81,6.50,1.443%,5941937,164698708629.00,United States,,Electronic Components,Technology
WDFC,WD-40 Company Common Stock,$199.17,1.98,1.004%,91534,2673079690.00,United States,1973,Major Chemicals,Industrials
WDH,Waterdrop Inc. American Depositary Shares (each representing the right to receive 10 Class A Ordinary Shares),$1.04,0.02,1.961%,380088,373674031.00,Cayman Islands,2021,Specialty Insurers,Finance
WDI,Western Asset Diversified Income Fund Common Shares of Beneficial Interest,$11.91,0.06,0.506%,332522,0.00,United States,2021,Trusts Except Educational Religious and Charitable,Finance
WDS,Woodside Energy Group Limited American Depositary Shares each representing one Ordinary Share,$22.04,-0.26,-1.166%,641656,41900247152.00,Australia,2022,Oil & Gas Production,Energy
WEA,Western Asset Bond Fund Share of Beneficial Interest,$9.88,0.01,0.101%,17381,0.00,United States,2002,Trusts Except Educational Religious and Charitable,Finance
WEAV,Weave Communications Inc. Common Stock,$7.35,0.01,0.136%,1899051,587993525.00,United States,2021,Computer Software: Prepackaged Software,Technology
WEC,WEC Energy Group Inc. Common Stock,$101.45,0.55,0.545%,2812652,33057419905.00,United States,,Power Generation,Utilities
WELL,Welltower Inc. Common Stock,$231.37,-2.24,-0.959%,2306765,166758759313.00,United States,,Real Estate Investment Trusts,Real Estate
WEN,Wendy's Company (The) Common Stock,$6.55,0.045,0.692%,4949405,1248888042.00,United States,,Restaurants,Consumer Discretionary
WENC,West Enclave Merger Corp. Ordinary Shares,$10.00,0.00,0.00%,10,0.00,,2026,Blank Checks,Finance
WENN,Wen Acquisition Corp Class A Ordinary Shares,$10.41,0.00,0.00%,38,0.00,United States,2025,,
WENNW,Wen Acquisition Corp Warrant,$0.25,0.00,0.00%,2679,0.00,United States,2025,Blank Checks,Finance
WERN,Werner Enterprises Inc. Common Stock,$32.89,-0.59,-1.762%,992063,1972648661.00,United States,1986,Trucking Freight/Courier Services,Industrials
WES,Western Midstream Partners LP Common Units Representing Limited Partner Interests,$45.60,0.25,0.551%,1238155,18840761441.00,United States,2012,Natural Gas Distribution,Utilities
WEST,Westrock Coffee Company Common Stock,$8.09,0.12,1.506%,328982,789805561.00,United States,,Beverages (Production/Distribution),Consumer Staples
WETH,Wetouch Technology Inc. Common Stock,$1.04,0.005,0.483%,70963,13916795.00,China,,Computer peripheral equipment,Technology
WETO,Wetour Robotics Limited Ordinary Shares,$1.71,-0.19,-10.00%,1806856,1843040.00,China,2025,Other Transportation,Industrials
WEX,WEX Inc. common stock,$178.28,-7.15,-3.856%,699117,6076069609.00,United States,,Business Services,Consumer Discretionary
WEYS,Weyco Group Inc. Common Stock,$47.44,0.02,0.042%,27767,453098634.00,United States,,Apparel,Consumer Staples
WF,Woori Financial Group Inc. American Depositary Shares (each representing three (3) shares of Common Stock),$78.03,1.20,1.562%,50891,19014320436.00,South Korea,,Commercial Banks,Finance
WFC,Wells Fargo & Company Common Stock,$82.97,0.79,0.961%,9453804,250901224908.00,United States,,Major Banks,Finance
WFC^A,Wells Fargo & Company Depositary Shares each representing a 1/1000th interest in a share of Non-Cumulative Perpetual Class A Preferred Stock Series AA,$16.99,0.04,0.236%,345116,,United States,,,
WFC^C,Wells Fargo & Company Depositary Shares each representing a 1/1000th interest in a share of Non-Cumulative Perpetual Class A Preferred Stock Series CC,$15.70,0.03,0.191%,146804,,United States,,,
WFC^D,Wells Fargo & Company Depositary Shares each representing a 1/1000th interest in  a share of Non-Cumulative Perpetual Class A Preferred Stock Series DD,$15.52,0.08,0.518%,355180,,United States,,,
WFC^L,Wells Fargo & Company 7.50% Non-Cumulative Perpetual Convertible Class A Preferred Stock Series L,$1076.02,-7.38,-0.681%,16321,,United States,,,
WFC^Y,Wells Fargo & Company Depositary Shares each representing a 1/1000th interest in a share of Non-Cumulative Perpetual Class A Preferred Stock Series Y,$20.28,-0.18,-0.88%,59396,,United States,,,
WFC^Z,Wells Fargo & Company Depositary Shares each representing a 1/1000th interest in a share of Non-Cumulative Perpetual Class A Preferred Stock Series Z,$16.97,0.00,0.00%,896407,,United States,,,
WFCF,Where Food Comes From Inc. Common Stock,$10.7919,-1.3581,-11.178%,503,53740025.00,United States,,Computer Software: Prepackaged Software,Technology
WFF,WF Holding Limited Ordinary Shares,$2.40,0.33,15.942%,3750256,100607842.00,Malaysia,2025,Miscellaneous manufacturing industries,Consumer Discretionary
WFG,West Fraser Timber Co. Ltd Common stock,$71.68,0.92,1.30%,187960,5612817961.00,Canada,2021,Forest Products,Basic Materials
WFRD,Weatherford International plc Ordinary Shares,$85.08,0.95,1.129%,1124113,6084249808.00,United States,,Oil and Gas Field Machinery,Consumer Discretionary
WGO,Winnebago Industries Inc. Common Stock,$27.15,0.25,0.929%,502569,767500445.00,United States,,Homebuilding,Industrials
WGS,GeneDx Holdings Corp. Class A Common Stock,$88.40,-0.08,-0.09%,510407,2636312624.00,United States,2020,Medical/Nursing Services,Health Care
WH,Wyndham Hotels & Resorts Inc. Common Stock ,$69.99,0.74,1.069%,718582,5194036429.00,United States,2018,Hotels/Resorts,Consumer Discretionary
WHD,Cactus Inc. Class A Common Stock,$64.30,-0.90,-1.38%,794699,5155536513.00,United States,2018,Oil and Gas Field Machinery,Consumer Discretionary
WHF,WhiteHorse Finance Inc. Common Stock,$7.04,-0.02,-0.283%,82236,151194356.00,United States,,Finance Companies,Finance
WHFCL,WhiteHorse Finance Inc. 7.875% Notes due 2028,$25.08,0.04,0.16%,5692,582936647.00,United States,,,
WHG,Westwood Holdings Group Inc Common Stock,$19.03,0.01,0.053%,16892,181606183.00,United States,,Investment Managers,Finance
WHK,WhiteHawk Minerals Corp Class A Common Stock,$26.26,-0.09,-0.342%,310701,723343517.00,,2026,Oil & Gas Production,Energy
WHLR,Wheeler Real Estate Investment Trust Inc. Common Stock,$5.20,1.46,39.037%,13231801,2954697.00,United States,2012,Real Estate Investment Trusts,Real Estate
WHLRD,Wheeler Real Estate Investment Trust Inc. Series D Cumulative Preferred Stock,$36.25,-0.25,-0.685%,204,20597649.00,United States,,Real Estate Investment Trusts,Real Estate
WHLRP,Wheeler Real Estate Investment Trust Inc. Class B Preferred Stock,$8.69,0.12,1.40%,4312,4937754.00,United States,,Real Estate Investment Trusts,Real Estate
WHR,Whirlpool Corporation Common Stock,$31.71,-1.27,-3.851%,3185569,2067472276.00,United States,,Consumer Electronics/Appliances,Consumer Discretionary
WHR^A,Whirlpool Corporation Depositary Shares each representing a 1/20th interest in a share of 8.50% Series A Mandatory Convertible Preferred Stock,$29.00,-0.68,-2.291%,62308,,United States,,,
WHWK,Whitehawk Therapeutics Inc. Common Stock,$3.74,-0.12,-3.109%,166988,213213697.00,United States,,Biotechnology: Pharmaceutical Preparations,Health Care
WIA,Western Asset Inflation-Linked Income Fund,$7.64,0.03,0.394%,24101,0.00,United States,2003,Trusts Except Educational Religious and Charitable,Finance
WIMI,WiMi Hologram Cloud Inc. Class B Ordinary Shares,$0.79,-0.021,-2.589%,163196,14524193.00,China,2020,Computer Software: Prepackaged Software,Technology
WINA,Winmark Corporation Common Stock,$296.35,3.53,1.206%,71558,1064539283.00,United States,,Other Specialty Stores,Consumer Discretionary
WING,Wingstop Inc. Common Stock,$99.07,1.23,1.257%,1217107,2698919032.00,United States,2015,Restaurants,Consumer Discretionary
WIT,Wipro Limited Common Stock,$1.65,0.01,0.61%,7956142,16340857165.00,India,,EDP Services,Technology
WIW,Western Asset Inflation-Linked Opportunities & Income Fund,$7.92,0.00,0.00%,342523,0.00,United States,2004,Finance Companies,Finance
WIX,Wix.com Ltd. Ordinary Shares,$73.79,-3.74,-4.824%,1193368,3088075417.00,Israel,2013,Computer Software: Programming Data Processing,Technology
WK,Workiva Inc. Class A Common Stock,$69.64,-1.84,-2.574%,465608,3789564224.00,United States,2014,Computer Software: Prepackaged Software,Technology
WKC,World Kinect Corporation Common Stock,$35.65,-0.32,-0.89%,680010,1823555253.00,United States,,Oil Refining/Marketing,Energy
WKEY,WISeKey International Holding Ltd American Depositary Shares,$5.99,0.01,0.167%,18920,68156221.00,Switzerland,,EDP Services,Technology
WKHS,Workhorse Group Inc. Common Stock,$2.87,-0.04,-1.375%,52880,31365039.00,United States,,Auto Manufacturing,Industrials
WKSP,Worksport Ltd. Common Stock,$0.4415,-0.0014,-0.316%,141729,6754214.00,Canada,,Auto Parts:O.E.M.,Consumer Discretionary
WLCO,Wilco 63 Corporation Class A Ordinary Shares,$9.82,0.00,0.00%,916,0.00,Cayman Islands,2026,Blank Checks,Finance
WLCOU,Wilco 63 Corporation Units,$9.99,0.02,0.201%,1002,0.00,Cayman Islands,2026,Blank Checks,Finance
WLDN,Willdan Group Inc. Common Stock,$78.90,-0.73,-0.917%,119211,1201811980.00,United States,2006,Military/Government/Technical,Consumer Discretionary
WLDS,Wearable Devices Ltd. Ordinary Share,$1.48,-0.03,-1.987%,61079,3640417.00,Israel,2022,Computer Communications Equipment,Telecommunications
WLDSW,Wearable Devices Ltd. Warrant,$14.82,0.00,0.00%,100,36453362.00,Israel,2022,Computer Communications Equipment,Telecommunications
WLFC,Willis Lease Finance Corporation Common Stock,$54.33,1.46,2.761%,159016,1148759551.00,United States,1996,Industrial Specialties,Consumer Discretionary
WLII,Willow Lane Acquisition Corp. II Class A Ordinary Shares,$10.25,-0.005,-0.049%,858,0.00,United States,2026,Blank Checks,Finance
WLIIW,Willow Lane Acquisition Corp. II Warrants,$0.75,0.00,0.00%,1151,0.00,United States,2026,Blank Checks,Finance
WLK,Westlake Corporation Common Stock,$67.71,0.95,1.423%,645801,8653104265.00,United States,2004,Major Chemicals,Industrials
WLKP,Westlake Chemical Partners LP Common Units representing limited partner interests,$21.60,0.09,0.418%,11195,761310986.00,United States,2014,Major Chemicals,Industrials
WLTH,Wealthfront Corporation Common Stock,$10.18,-0.01,-0.098%,1778708,1589876159.00,United States,2025,Finance: Consumer Services,Finance
WLY,John Wiley & Sons Inc. Common Stock,$47.55,-1.06,-2.181%,507156,2410020872.00,United States,,Books,Consumer Discretionary
WLYB,John Wiley & Sons Inc. Common Stock,$47.77,-0.79,-1.627%,29066,2421171336.00,United States,,Books,Consumer Discretionary
WM,Waste Management Inc. Common Stock,$206.83,-1.13,-0.543%,1753657,82673091507.00,United States,,Environmental Services,Utilities
WMB,Williams Companies Inc. (The) Common Stock,$69.26,-1.32,-1.87%,6435842,84716579111.00,United States,,Natural Gas Distribution,Utilities
WMG,Warner Music Group Corp. Class A Common Stock,$27.14,-0.15,-0.55%,1502963,14197199131.00,United States,2020,Services-Misc. Amusement & Recreation,Consumer Discretionary
WMK,Weis Markets Inc. Common Stock,$72.02,-0.29,-0.401%,137926,1782105876.00,United States,,Food Chains,Consumer Staples
WMS,Advanced Drainage Systems Inc. Common Stock,$133.13,4.29,3.33%,784309,10038713180.00,United States,2014,Containers/Packaging,Consumer Discretionary
WMT,Walmart Inc. Common Stock,$107.98,0.39,0.362%,19618303,856685919103.00,United States,,Department/Specialty Retail Stores,Consumer Discretionary
WNC,Wabash National Corporation Common Stock,$13.03,1.32,11.272%,1177265,530805364.00,United States,1991,Construction/Ag Equipment/Trucks,Industrials
WNEB,Western New England Bancorp Inc. Common Stock,$13.97,0.10,0.721%,42244,280040832.00,United States,,Savings Institutions,Finance
WNW,Meiwu Technology Company Limited Ordinary Shares,$2.52,0.07,2.857%,423409,66352787.00,China,2020,Package Goods/Cosmetics,Consumer Discretionary
WOK,WORK Medical Technology Group LTD Class A Ordinary Shares,$1.91,0.07,3.804%,112144,8533074.00,China,2024,Medical/Dental Instruments,Health Care
WOLF,Wolfspeed Inc. Common Stock New,$27.57,1.27,4.829%,1533069,1459295787.00,United States,2025,Semiconductors,Technology
WOOF,Petco Health and Wellness Company Inc. Class A Common Stock,$2.27,-0.02,-0.873%,1745154,650171940.00,United States,2021,Other Specialty Stores,Consumer Discretionary
WOR,Worthington Enterprises Inc. Common Shares,$62.24,1.91,3.166%,672850,3045203036.00,United States,,Steel/Iron Ore,Industrials
WPAC,White Pearl Acquisition Corp. Class A Ordinary Shares,$10.061,0.00,0.00%,7,0.00,,2026,Blank Checks,Finance
WPC,W. P. Carey Inc. REIT,$66.09,0.14,0.212%,1701761,15056417533.00,United States,,Real Estate Investment Trusts,Real Estate
WPM,Wheaton Precious Metals Corp Common Shares (Canada),$142.92,-0.96,-0.667%,1955142,64908542627.00,Canada,,Precious Metals,Basic Materials
WPP,WPP plc American Depositary Shares,$25.99,0.72,2.849%,247146,5607614667.00,Ireland,,Advertising,Consumer Discretionary
WPRT,Westport Fuel Systems Inc Common Shares,$2.03,-0.01,-0.49%,57282,38561340.00,Canada,2008,Industrial Machinery/Components,Industrials
WRAP,Wrap Technologies Inc. Common Stock,$1.45,0.02,1.399%,186091,93636029.00,United States,,Ordnance And Accessories,Industrials
WRB,W.R. Berkley Corporation Common Stock,$66.82,-0.47,-0.698%,2235337,24805423488.00,United States,,Property-Casualty Insurers,Finance
WRB^E,W.R. Berkley Corporation 5.70% Subordinated Debentures due 2058,$20.35,0.01,0.049%,13048,,United States,,,
WRB^F,W.R. Berkley Corporation 5.10% Subordinated Debentures due 2059,$18.2449,-0.0351,-0.192%,36245,,United States,,,
WRB^G,W.R. Berkley Corporation 4.25% Subordinated Debentures due 2060,$15.78,0.01,0.063%,5826,,United States,,,
WRB^H,W.R. Berkley Corporation 4.125% Subordinated Debentures due 2061,$14.98,0.07,0.469%,19231,,United States,,,
WRBY,Warby Parker Inc. Class A Common Stock,$26.71,0.44,1.675%,3833109,3301571122.00,United States,2021,Ophthalmic Goods,Health Care
WRD,WeRide Inc. American Depositary Shares,$5.53,-0.26,-4.491%,3742976,1853968307.00,China,2024,EDP Services,Technology
WRLD,World Acceptance Corporation Common Stock,$171.99,1.24,0.726%,54096,802020328.00,United States,1991,Finance: Consumer Services,Finance
WRN,Western Copper and Gold Corporation Common Stock,$2.32,-0.03,-1.277%,687781,524726988.00,Canada,2011,Metal Mining,Basic Materials
WS,Worthington Steel Inc. Common Shares,$36.26,0.78,2.198%,198549,1847324405.00,United States,2023,Steel/Iron Ore,Industrials
WSBC,WesBanco Inc. Common Stock,$38.66,0.24,0.625%,792689,3707721669.00,United States,,Major Banks,Finance
WSBCO,WesBanco Inc. Depositary Shares each representing 1/40th interest in a share of 7.375% Fixed-Rate Reset Non-Cumulative Perpetual Preferred Stock Series B,$25.21,-0.08,-0.316%,1058,2417787462.00,United States,,Major Banks,Finance
WSBF,Waterstone Financial Inc. Common Stock (MD),$20.39,0.07,0.344%,63154,366551601.00,United States,2005,Savings Institutions,Finance
WSBK,Winchester Bancorp Inc. Common Stock,$12.74,0.04,0.315%,3120,118423090.00,United States,2025,Banks,Finance
WSC,WillScot Holdings Corporation Class A Common Stock,$18.17,0.42,2.366%,2745902,3292239707.00,United States,2015,Misc Corporate Leasing Services,Industrials
WSE,Wise Group plc Class A Ordinary Shares,$11.55,0.25,2.212%,2044902,14200763242.00,United Kingdom,,Diversified Commercial Services,Industrials
WSFS,WSFS Financial Corporation Common Stock,$77.76,0.49,0.634%,363265,3972805445.00,United States,,Major Banks,Finance
WSHP,WeShop Holdings Limited Class A Ordinary Shares,$6.06,0.30,5.208%,182901,146755826.00,Jersey,,Other Specialty Stores,Consumer Discretionary
WSM,Williams-Sonoma Inc. Common Stock (DE),$231.90,3.24,1.417%,624352,27312990219.00,United States,,Home Furnishings,Consumer Discretionary
WSO,Watsco Inc. Common Stock,$317.23,-2.98,-0.931%,514416,13086433503.00,United States,,Industrial Machinery/Components,Consumer Discretionary
WSO/B,Watsco Inc.,$326.7053,0.00,0.00%,91,,United States,,,
WST,West Pharmaceutical Services Inc. Common Stock,$370.44,-3.16,-0.846%,434504,26069997275.00,United States,,Medical/Dental Instruments,Health Care
WSTN,Westin Acquisition Corp Class A Ordinary Share,$10.185,0.00,0.00%,6,82040175.00,Singapore,2025,EDP Services,Technology
WT,WisdomTree Inc. Common Stock,$24.33,0.34,1.417%,1478105,3686289661.00,United States,2022,Investment Bankers/Brokers/Service,Finance
WTBA,West Bancorporation Common Stock,$29.19,0.16,0.551%,38861,497506858.00,United States,,Major Banks,Finance
WTF,Waton Financial Limited Ordinary Shares,$2.46,0.11,4.681%,1163,118664181.00,Hong Kong,2025,Investment Bankers/Brokers/Service,Finance
WTFC,Wintrust Financial Corporation Common Stock,$146.11,1.79,1.24%,317317,9857452438.00,United States,,Major Banks,Finance
WTFCN,Wintrust Financial Corporation Depositary Shares Each Representing a 1/1000th Interest in a Share of 7.875% Fixed-Rate Reset Non-Cumulative Perpetual Preferred StocK,$25.98,0.00,0.00%,5226,1752765823.00,United States,,Major Banks,Finance
WTG,Wintergreen Acquisition Corp. Ordinary Shares,$10.58,-0.008,-0.076%,1534,0.00,China,2025,Blank Checks,Finance
WTGUR,Wintergreen Acquisition Corp. Rights,$0.14,0.00,0.00%,100,0.00,China,2025,Blank Checks,Finance
WTI,W&T Offshore Inc. Common Stock,$3.65,-0.21,-5.44%,3652212,550941775.00,United States,2005,Oil & Gas Production,Energy
WTM,White Mountains Insurance Group Ltd. Common Stock,$2028.62,-0.71,-0.035%,9260,4841749955.00,United States,,Property-Casualty Insurers,Finance
WTRG,Essential Utilities Inc. Common Stock,$39.53,-0.21,-0.528%,1332411,11217768256.00,United States,,Water Supply,Utilities
WTS,Watts Water Technologies Inc. Class A Common Stock,$357.79,3.39,0.957%,162362,11944121460.00,United States,1986,Metal Fabrications,Industrials
WTTR,Select Water Solutions Inc. Class A common stock,$19.84,0.31,1.587%,4766849,2747459727.00,United States,2017,Oilfield Services/Equipment,Energy
WTW,Willis Towers Watson Public Limited Company Ordinary Shares,$293.99,0.36,0.123%,587104,27303420759.00,United Kingdom,,Specialty Insurers,Finance
WU,Western Union Company (The) Common Stock,$6.18,0.15,2.488%,8240261,1927412103.00,United States,,Business Services,Consumer Discretionary
WULF,TeraWulf Inc. Common Stock,$15.74,-0.55,-3.376%,25038439,7853766976.00,United States,,Finance: Consumer Services,Finance
WVE,Wave Life Sciences Inc. Common Stock,$3.78,-0.18,-4.545%,4066813,744842102.00,Singapore,2015,Biotechnology: Pharmaceutical Preparations,Health Care
WVVI,Willamette Valley Vineyards Inc. Common Stock,$1.94,0.09,4.865%,5158,9660286.00,United States,,Beverages (Production/Distribution),Consumer Staples
WVVIP,Willamette Valley Vineyards Inc. Series A Redeemable Preferred Stock,$3.225,0.075,2.381%,5537,16058981.00,United States,,Beverages (Production/Distribution),Consumer Staples
WW,WW International Inc.  Common Stock,$14.355,0.365,2.609%,173614,143532200.00,United States,,Other Consumer Services,Consumer Discretionary
WWD,Woodward Inc. Common Stock,$330.31,4.43,1.359%,337566,19503424804.00,United States,,Industrial Machinery/Components,Energy
WWR,Westwater Resources Inc. Common Stock,$0.5253,0.0027,0.517%,333410,67535107.00,United States,,Metal Mining,Basic Materials
WWW,Wolverine World Wide Inc. Common Stock,$19.07,-0.23,-1.192%,582346,1565005085.00,United States,,Shoe Manufacturing,Consumer Discretionary
WXM,WF International Limited Ordinary Shares,$4.00,0.04,1.01%,6253,12470348.00,China,2025,Engineering & Construction,Consumer Discretionary
WY,Weyerhaeuser Company Common Stock,$20.01,-0.13,-0.645%,7127725,14421927360.00,United States,,Real Estate Investment Trusts,Real Estate
WYFI,WhiteFiber Inc. Ordinary Shares,$19.62,-0.64,-3.159%,1191405,762200075.00,United States,2025,Finance: Consumer Services,Finance
WYHG,Wing Yip Food Holdings Group Limited American Depositary Shares,$4.13,0.03,0.732%,44433,146956683.00,China,2024,Specialty Foods,Consumer Staples
WYNN,Wynn Resorts Limited Common stock,$81.12,0.93,1.16%,2422546,8353242038.00,United States,2002,Hotels/Resorts,Consumer Discretionary
WYY,WidePoint Corporation Common Stock,$5.47,-5.60,-50.587%,3929562,54690455.00,United States,,EDP Services,Technology
XAIR,Beyond Air Inc. Common Stock,$2.85,-0.32,-10.095%,203233,2729248.00,United States,,Medical/Dental Instruments,Health Care
XBIO,Xenetic Biosciences Inc. Common Stock,$2.39,-0.08,-3.239%,50724,5600203.00,United States,,Biotechnology: Pharmaceutical Preparations,Health Care
XBIT,XBiotech Inc. Common Stock,$2.17,0.01,0.463%,10832,66158376.00,United States,2015,Biotechnology: Pharmaceutical Preparations,Health Care
XBP,XBP Global Holdings Inc. Common Stock,$3.33,-0.04,-1.187%,12212,47141425.00,United States,2021,EDP Services,Technology
XCBE,X3 Acquisition Corp. Ltd. Class A Ordinary Shares,$10.01,0.00,0.00%,563,0.00,United States,2026,,
XCH,XCHG Limited American Depositary Share,$3.23,0.07,2.215%,2591,14297382.00,Germany,2024,Industrial Machinery/Components,Miscellaneous
XCUR,Exicure Inc. Common Stock,$1.22,-0.01,-0.813%,3197,7986114.00,United States,,Biotechnology: Pharmaceutical Preparations,Health Care
XE,X-Energy Inc. Class A Common Stock,$15.08,-0.64,-4.071%,5153015,6128000909.00,United States,2026,Metal Fabrications,Industrials
XEL,Xcel Energy Inc. Common Stock,$69.80,0.24,0.345%,7478286,43599474559.00,United States,,Power Generation,Utilities
XELB,Xcel Brands Inc. Common Stock,$0.79,0.00,0.00%,16183,5182616.00,United States,,Multi-Sector Companies,Miscellaneous
XELLL,Xcel Energy Inc. 6.25% Junior Subordinated Notes Series due 2085,$21.52,-0.185,-0.852%,55780,0.00,United States,,Power Generation,Utilities
XENE,Xenon Pharmaceuticals Inc. Common Shares,$36.94,-1.12,-2.943%,2433898,3577285558.00,Canada,2014,Biotechnology: Pharmaceutical Preparations,Health Care
XERS,Xeris Biopharma Holdings Inc. Common Stock,$9.10,0.15,1.676%,1546973,1659114785.00,United States,2018,Biotechnology: Pharmaceutical Preparations,Health Care
XFLH,XFLH Capital Corporation Ordinary Shares,$10.04,0.00,0.00%,6,0.00,,2026,Blank Checks,Finance
XFLT,XAI Floating Rate & Alternative Income Trust Common Shares of Beneficial Interest,$19.27,-0.09,-0.465%,29439,683478612.00,United States,2017,Investment Managers,Finance
XFOR,X4 Pharmaceuticals Inc. Common Stock,$3.01,0.01,0.333%,1856561,298431696.00,United States,2017,Biotechnology: Biological Products (No Diagnostic Substances),Health Care
XGN,Exagen Inc. Common Stock,$8.72,-0.02,-0.229%,282004,211244956.00,United States,2019,Medical Specialities,Health Care
XHG,XChange TEC.INC American Depositary Shares ,$2.35,0.16,7.306%,14310,121137626.00,China,2019,Specialty Insurers,Finance
XHLD,TEN Holdings Inc. Common Stock,$12.95,0.25,1.969%,1289053,155140262.00,United States,2025,Business Services,Consumer Discretionary
XHR,Xenia Hotels & Resorts Inc. Common Stock,$18.17,0.24,1.339%,1016253,1676106822.00,United States,2015,Hotels/Resorts,Consumer Discretionary
XIFR,XPLR Infrastructure LP Common Units representing limited partner interests,$10.55,0.08,0.764%,690256,994577987.00,United States,2014,Electric Utilities: Central,Utilities
XIII,Churchill Capital Corp XIII Class A Ordinary Shares,$10.22,-0.03,-0.293%,3204,0.00,United States,2026,,
XIIIU,Churchill Capital Corp XIII Units,$10.60,0.00,0.00%,114,0.00,United States,2026,,
XIIIW,Churchill Capital Corp XIII Warrants,$1.67,-0.2199,-11.636%,2039,0.00,United States,2026,,
XLAB,Exascale Labs Holdings Inc. Class A Common Stock,$2.43,-0.15,-5.814%,28762,221616000.00,United States,,Computer Software: Prepackaged Software,Technology
XLABW,Exascale Labs Holdings Inc. Warrant,$0.23,-0.035,-13.208%,23032,20976000.00,United States,,Computer Software: Prepackaged Software,Technology
XLO,Xilio Therapeutics Inc. Common Stock,$9.04,0.04,0.444%,3424,59484547.00,United States,2021,Biotechnology: Pharmaceutical Preparations,Health Care
XMAX,XMAX Inc. Common Stock,$8.71,-0.04,-0.457%,352672,565066702.00,United States,,Home Furnishings,Consumer Discretionary
XMTR,Xometry Inc. Class A Common Stock,$100.57,3.19,3.276%,595493,5765031737.00,United States,2021,Business Services,Consumer Discretionary
XNCR,Xencor Inc. Common Stock,$23.80,-0.08,-0.335%,1169738,1769610849.00,United States,2013,Biotechnology: Pharmaceutical Preparations,Health Care
XNDU,Xanadu Quantum Technologies Limited Class B Subordinate Voting Shares,$4.98,-0.12,-2.353%,7965458,1515035640.00,Canada,,Computer Manufacturing,Technology
XNET,Xunlei Limited American Depositary Shares,$5.01,0.00,0.00%,174770,1594527294.00,China,2014,Computer Software: Prepackaged Software,Technology
XOM,ExxonMobil Holdings Corporation Common Stock,$160.59,-1.55,-0.956%,10997477,660331941656.00,United States,,Integrated oil Companies,Energy
XOS,Xos Inc. Common Stock,$2.62,0.12,4.80%,195838,37250772.00,United States,2020,Auto Parts:O.E.M.,Consumer Discretionary
XP,XP Inc. Class A Common Stock,$20.51,-0.01,-0.049%,5232385,10630577869.00,Brazil,2019,Investment Bankers/Brokers/Service,Finance
XPEL,XPEL Inc. Common Stock,$43.48,-0.27,-0.617%,223763,1198776123.00,United States,,Industrial Specialties,Industrials
XPER,Xperi Inc. Common Stock ,$5.56,0.11,2.018%,272506,271171330.00,United States,2022,Computer Software: Prepackaged Software,Technology
XPEV,XPeng Inc. American depositary shares each representing two Class A ordinary shares,$10.12,-0.13,-1.268%,5779131,9695670120.00,China,2020,Auto Manufacturing,Industrials
XPL,Solitario Resources Corp. Common Stock,$0.6339,0.0029,0.46%,50681,60020481.00,United States,,Precious Metals,Basic Materials
XPO,XPO Inc. Common Stock,$173.17,-2.95,-1.675%,1383043,20275863144.00,United States,,Transportation Services,Consumer Discretionary
XPOF,Xponential Fitness Inc. Class A Common Stock,$3.92,0.17,4.533%,363724,193350080.00,United States,2021,Services-Misc. Amusement & Recreation,Consumer Discretionary
XPON,Expion Energy Inc. Common Stock,$4.66,-0.11,-2.306%,31337,4718241.00,United States,2022,Industrial Machinery/Components,Miscellaneous
XPRO,Expro Ltd Ordinary Shares,$16.33,-0.39,-2.333%,614524,1851744971.00,Cayman Islands,,Oilfield Services/Equipment,Energy
XRAY,DENTSPLY SIRONA Inc. Common Stock,$9.40,-0.13,-1.364%,4895078,1873926434.00,United States,1987,Medical/Dental Instruments,Health Care
XRN,Chiron Real Estate Inc. Common Stock,$35.85,0.07,0.196%,101266,474576206.00,United States,2016,Real Estate Investment Trusts,Real Estate
XRN^A,Chiron Real Estate Inc. Series A Cumulative Redeemable Preferred Stock,$24.78,-0.105,-0.422%,3584,,United States,,,
XRN^B,Chiron Real Estate Inc. 8.00% Series B Cumulative Redeemable Preferred Stock $0.001 par value per share,$25.55,-0.23,-0.892%,779,,United States,,,
XRPN,Armada Acquisition Corp. II Class A Ordinary Shares,$10.58,0.01,0.095%,118439,0.00,United States,2025,Blank Checks,Finance
XRPNU,Armada Acquisition Corp. II Units,$11.36,0.00,0.00%,51,0.00,United States,2025,Blank Checks,Finance
XRPNW,Armada Acquisition Corp. II Warrant,$1.29,0.05,4.032%,15075,0.00,United States,2025,Blank Checks,Finance
XRTX,XORTX Therapeutics Inc. Common Shares,$1.69,-0.03,-1.744%,46865,3069995.00,Canada,,Biotechnology: Pharmaceutical Preparations,Health Care
XRX,Xerox Holdings Corporation Common Stock,$3.32,-0.005,-0.15%,1865711,435964177.00,United States,,Computer peripheral equipment,Technology
XRXDW,Xerox Holdings Corporation Warrants,$0.3016,-0.0184,-5.75%,482069,39604457.00,United States,,Computer peripheral equipment,Technology
XSLL,Xsolla SPAC 1 Class A Ordinary Shares,$9.98,0.00,0.00%,43,0.00,United States,2026,Blank Checks,Finance
XSLLW,Xsolla SPAC 1 Warrants,$0.25,0.0401,19.104%,3517,0.00,United States,2026,Blank Checks,Finance
XTER,Karman Line Acquisition Corp. Class A Ordinary Shares,$9.785,-0.01,-0.102%,10130,0.00,United States,2026,Blank Checks,Finance
XTERU,Karman Line Acquisition Corp. Units,$9.90,-0.0001,-0.001%,966,0.00,United States,2026,,
XTIA,XTI Aerospace Inc. Common Stock,$0.9811,0.0228,2.379%,380202,37750559.00,United States,2014,EDP Services,Technology
XTLB,XTL Biopharmaceuticals Ltd. American Depositary Shares,$2.2001,-0.21,-8.713%,1043,5406664.00,Israel,,Biotechnology: Pharmaceutical Preparations,Health Care
XTND,Xtend AI Robotics Inc. Common Stock,$3.98,-0.12,-2.927%,819294,80517004.00,,2026,Military/Government/Technical,Industrials
XTNT,Xtant Medical Holdings Inc. Common Stock,$0.3757,-0.0012,-0.318%,166943,52706187.00,United States,,Medical/Dental Instruments,Health Care
XWEL,XWELL Inc. Common Stock,$0.894,0.0044,0.495%,25708,7678804.00,United States,,Other Consumer Services,Consumer Discretionary
XXI,Twenty One Capital Inc. Class A Common Stock,$6.64,0.01,0.151%,1320697,3734151554.00,,2025,Finance: Consumer Services,Finance
XXII,22nd Century Group Inc. Common Stock,$1.33,-0.18,-11.921%,193832,949612.00,United States,, Medicinal Chemicals and Botanical Products ,Health Care
XYF,X Financial American Depositary Shares each representing six Class A Ordinary Shares,$5.26,0.04,0.766%,58054,288157738.00,Cayman Islands,2018,Finance: Consumer Services,Finance
XYL,Xylem Inc. Common Stock New,$102.63,-0.03,-0.029%,2331165,23962751516.00,United States,2011,Fluid Controls,Industrials
XYZ,Block Inc. Class A Common Stock,$76.42,-0.32,-0.417%,3328866,45912753900.00,United States,2015,Computer Software: Prepackaged Software,Technology
XZO,Exzeo Group Inc. Common Stock,$15.21,-0.44,-2.812%,151122,1370206813.00,,2025,Computer Software: Prepackaged Software,Technology
YAAS,Youxin Technology Ltd Class A Ordinary shares,$1.24,-0.13,-9.489%,36262,19486150.00,China,2024,Computer Software: Prepackaged Software,Technology
YALA,Yalla Group Limited American Depositary Shares each representing one Class A Ordinary Share,$5.48,-0.03,-0.544%,104004,832022849.00,United Arab Emirates,2020,Computer Software: Programming Data Processing,Technology
YARW,Yarrow Bioscience Inc. Common Stock,$25.54,-0.53,-2.033%,474172,237633380.00,United States,2018,Biotechnology: Pharmaceutical Preparations,Health Care
YB,Yuanbao Inc. American Depositary Shares,$12.215,0.085,0.701%,14931,562869655.00,China,2025,Specialty Insurers,Finance
YCBD,cbdMD Inc. Common Stock,$0.468,0.009,1.961%,36802,5243961.00,United States,2017,Package Goods/Cosmetics,Consumer Discretionary
YCY,AA Mission Acquisition Corp. II Class A Ordinary Shares,$10.29,0.01,0.097%,76779,0.00,,2025,,
YDDL,One and One Green Technologies. Inc Class A Ordinary Shares,$1.46,0.04,2.817%,27139,81808666.00,Philippines,2025,Industrial Specialties,Consumer Discretionary
YDES,YD Bio Limited Ordinary Shares,$5.73,0.96,20.126%,656664,405863613.00,United States,,Medical Specialities,Health Care
YDESW,YD Bio Limited Warrants,$0.5733,0.0484,9.221%,19196,40607611.00,United States,,Medical Specialities,Health Care
YDKG,Yueda Digital Holding Class A Ordinary Share,$0.888,-0.0091,-1.014%,3416,4921529.00,China,2007,Advertising,Consumer Discretionary
YELP,Yelp Inc. Common Stock,$18.03,-0.34,-1.851%,906906,978373087.00,United States,2012,Other Consumer Services,Consumer Discretionary
YETI,YETI Holdings Inc. Common Stock,$42.28,0.29,0.691%,1071830,3085966295.00,United States,2018,Recreational Games/Products/Toys,Consumer Discretionary
YEXT,Yext Inc. Common Stock,$6.47,0.00,0.00%,858547,640392215.00,United States,2017,EDP Services,Technology
YFOR,YYForce Inc. Class A Ordinary Shares,$1.47,-0.13,-8.125%,301928,18870949.00,Singapore,2024,Professional Services,Consumer Discretionary
YHC,LQR House Inc. Common Stock,$1.30,-0.05,-3.704%,53622,1695014.00,United States,2023,Beverages (Production/Distribution),Consumer Staples
YHGJ,Yunhong Green CTI Ltd. Common Stock,$2.44,-0.16,-6.154%,28672,6366555.00,United States,,Specialty Chemicals,Industrials
YHNA,YHN Acquisition I Limited Ordinary Shares,$11.04,-0.01,-0.09%,5522,0.00,Hong Kong,2024,,
YHNAU,YHN Acquisition I Limited Unit,$10.91,0.00,0.00%,2,0.00,Hong Kong,2024,,
YI,111 Inc. American Depositary Shares,$3.60,0.01,0.279%,586,31669070.00,China,2018,Retail-Drug Stores and Proprietary Stores,Consumer Staples
YIBO,Planet Image International Limited Class A Ordinary Shares,$1.11,-0.05,-4.31%,926,65749985.00,China,2024,Computer peripheral equipment,Technology
YICC,Yorkville International Capital Corp. Class A Ordinary Shares,$9.92,0.00,0.00%,16366,0.00,United States,2026,Blank Checks,Finance
YICCW,Yorkville International Capital Corp. Warrants,$0.35,-0.01,-2.778%,203,0.00,United States,2026,Blank Checks,Finance
YJ,Yunji Inc. American Depository Shares,$1.82,0.03,1.676%,395179,8964483.00,China,2019,Other Specialty Stores,Consumer Discretionary
YMAT,J-Star Holding Co. Ltd. Class A Ordinary Shares,$1.56,0.13,9.091%,925133,6255761.00,Taiwan,2025,Recreational Games/Products/Toys,Consumer Discretionary
YMM,Full Truck Alliance Co. Ltd. American Depositary Shares (each representing 20 Class A Ordinary Shares),$8.13,-0.03,-0.368%,4058612,8435235395.00,China,2021,Computer Software: Prepackaged Software,Technology
YMT,Yimutian Inc. American Depositary Shares,$1.81,0.03,1.685%,258050,45952407.00,China,2025,EDP Services,Technology
YORW,York Water Company (The) Common Stock,$30.98,0.235,0.764%,453931,502761439.00,United States,,Water Supply,Utilities
YOU,Clear Secure Inc. Class A Common Stock,$39.60,1.05,2.724%,2150253,5357408047.00,United States,2021,Computer Software: Prepackaged Software,Technology
YOUL,Youlife Group Inc. American Depositary Shares,$0.4885,-0.0095,-1.908%,15355,68248825.00,China,,Other Consumer Services,Real Estate
YPF,YPF Sociedad Anonima American Depositary Shares,$52.10,-1.51,-2.817%,806750,20491596515.00,Argentina,1993,Integrated oil Companies,Energy
YQ,17 Education & Technology Group Inc. American Depositary Shares,$3.69,0.00,0.00%,4033,40057489.00,China,2020,Other Consumer Services,Real Estate
YRD,Yiren Digital Ltd. American Depositary Shares each representing two ordinary shares,$0.9907,0.0064,0.65%,25131,86674818.00,China,2015,Finance: Consumer Services,Finance
YSG,Yatsen Holding Limited American Depositary Shares each representing twenty (20) Class A Ordinary Shares,$2.54,0.06,2.419%,80560,238418121.00,China,,Package Goods/Cosmetics,Consumer Discretionary
YSS,York Space Systems Inc. Common Stock,$9.57,-0.24,-2.446%,2023499,1314512280.00,,2026,Military/Government/Technical,Industrials
YSWY,Yesway Inc. Class A Common Stock,$19.32,-0.13,-0.668%,158706,1220922493.00,United States,2026,Food Chains,Consumer Staples
YSXT,YSX Tech. Co. Ltd Class A Ordinary Shares,$1.30,-0.02,-1.515%,5571,41447250.00,China,2024,Automotive Aftermarket,Consumer Discretionary
YTRA,Yatra Online Inc. Ordinary Shares,$0.99,-0.01,-1.00%,18114,63331573.00,India,,Transportation Services,Consumer Discretionary
YUM,Yum! Brands Inc.,$138.63,1.29,0.939%,2306190,37832277414.00,United States,,Restaurants,Consumer Discretionary
YUMC,Yum China Holdings Inc. Common Stock,$40.47,-0.52,-1.269%,1271838,13859280764.00,United States,2016,Restaurants,Consumer Discretionary
YXT,YXT.COM GROUP HOLDING LIMITED American Depository Shares,$2.41,0.01,0.417%,10773,15930741.00,China,2024,Computer Software: Prepackaged Software,Technology
YYAI,AiRWA Inc. Common Stock,$0.7935,0.0243,3.159%,400341,3635751.00,United States,,Computer Software: Programming Data Processing,Technology
Z,Zillow Group Inc. Class C Capital Stock,$28.43,0.29,1.031%,4349888,6393194942.00,United States,,Business Services,Consumer Discretionary
ZBAO,Zhibao Technology Inc. Class A Ordinary Shares,$0.0918,-0.0016,-1.713%,3288662,42786265.00,China,2024,Specialty Insurers,Finance
ZBH,Zimmer Biomet Holdings Inc. Common Stock,$91.04,1.35,1.505%,1788055,17364759207.00,United States,,Industrial Specialties,Health Care
ZBIO,Zenas BioPharma Inc. Common Stock,$26.95,-0.55,-2.00%,747886,1756512685.00,United States,2024,Biotechnology: Pharmaceutical Preparations,Health Care
ZBRA,Zebra Technologies Corporation Class A Common Stock,$370.04,4.94,1.353%,552607,17506836626.00,United States,1991,Industrial Machinery/Components,Industrials
ZCMD,Zhongchao Inc. Class A Ordinary Shares,$0.9204,-0.0576,-5.89%,159326,8167147.00,China,2020,Other Consumer Services,Real Estate
ZD,Ziff Davis Inc. Common Stock,$56.51,0.04,0.071%,632923,1937570124.00,United States,,Telecommunications Equipment,Telecommunications
ZDAI,DirectBooking Technology Co. Ltd. Class A Ordinary Shares,$1.61,0.025,1.577%,7745,13505442.00,Hong Kong,2024,General Bldg Contractors - Nonresidential Bldgs,Consumer Discretionary
ZDGE,Zedge Inc. Class B Common Stock ,$3.00,-0.02,-0.662%,35848,47055234.00,,2016,Computer Software: Prepackaged Software,Technology
ZENA,ZenaTech Inc. Common Stock,$1.42,-0.04,-2.74%,1339019,121997923.00,Canada,,Computer Software: Prepackaged Software,Technology
ZEO,Zeo Energy Corporation Class A Common Stock,$0.3812,-0.0035,-0.91%,4882066,23704346.00,United States,2021,Industrial Machinery/Components,Miscellaneous
ZEOWW,Zeo Energy Corporation Warrants,$0.0306,-0.0081,-20.93%,13976,1902815.00,United States,2021,Industrial Machinery/Components,Miscellaneous
ZEPP,Zepp Health Corporation American depositary shares each representing sixteen Class A ordinary shares,$4.14,0.02,0.485%,22574,60713021.00,China,,Computer Manufacturing,Technology
ZETA,Zeta Global Holdings Corp. Class A Common Stock,$29.45,-0.12,-0.406%,4457060,7392350667.00,United States,2021,Computer Software: Prepackaged Software,Technology
ZG,Zillow Group Inc. Class A Common Stock,$29.30,0.39,1.349%,811458,6588836152.00,United States,2011,Business Services,Consumer Discretionary
ZGN,Ermenegildo Zegna N.V. Ordinary Shares,$12.73,0.26,2.085%,991073,3415612397.00,,2021,Apparel,Consumer Discretionary
ZH,Zhihu Inc. American Depositary Shares each representing three (3) Class A Ordinary Shares,$3.76,0.01,0.267%,924735,333830713.00,China,,Business Services,Consumer Discretionary
ZIM,ZIM Integrated Shipping Services Ltd. Ordinary Shares,$29.19,-0.19,-0.647%,980848,3516399855.00,,2021,Marine Transportation,Consumer Discretionary
ZION,Zions Bancorporation N.A. Common Stock,$63.83,1.01,1.608%,1237271,9316202650.00,United States,,Major Banks,Finance
ZIONP,Zions Bancorporation N.A. Depositary Shares (Each representing 1/40th Interest in a Share of Series A Floating-Rate Non-Cumulative Perpetual Preferred Stock),$17.5602,-0.0398,-0.226%,4460,2562970104.00,United States,,Major Banks,Finance
ZIP,ZipRecruiter Inc. Class A Common Stock,$3.51,0.06,1.739%,654710,288613832.00,United States,2021,Computer Software: Programming Data Processing,Technology
ZJK,ZJK Industrial Co. Ltd. Class A Ordinary Shares,$2.10,-0.06,-2.778%,4223,135076723.00,China,2024,Metal Fabrications,Industrials
ZJYL,JIN MEDICAL INTERNATIONAL LTD. Class A Ordinary Shares,$1.91,-0.09,-4.50%,35613,149806046.00,China,2023,Industrial Specialties,Health Care
ZKH,ZKH Group Limited American Depositary Shares each representing thirty-five (35) Class A Ordinary Shares,$2.86,0.00,0.00%,118805,454509247.00,Cayman Islands,2023,RETAIL: Building Materials,Consumer Discretionary
ZKIN,ZK International Group Co. Ltd Ordinary Share,$2.35,0.55,30.556%,177494,134683924.00,China,2017,Metal Fabrications,Industrials
ZKP,Lafayette Digital Acquisition Corp. I Class A Ordinary Shares,$10.03,0.00,0.00%,3607,0.00,United States,2026,Blank Checks,Finance
ZKPU,Lafayette Digital Acquisition Corp. I Unit,$10.08,0.00,0.00%,7,0.00,United States,2026,Blank Checks,Finance
ZLAB,Zai Lab Limited American Depositary Shares,$24.98,-0.30,-1.187%,299915,2804410375.00,China,2017,Biotechnology: Pharmaceutical Preparations,Health Care
ZM,Zoom Communications Inc. Class A Common Stock,$89.71,-0.64,-0.708%,1957747,26175916714.00,United States,2019,Computer Software: Programming Data Processing,Technology
ZNB,Zeta Network Group Class A Ordinary Shares,$1.35,-0.08,-5.594%,26352,4961320.00,United States,,Other Consumer Services,Real Estate
ZNTL,Zentalis Pharmaceuticals Inc. Common Stock,$2.70,-0.05,-1.818%,1067425,255605134.00,United States,2020,Biotechnology: Pharmaceutical Preparations,Health Care
ZONE,Zone Frontier Inc. Class B Common Stock,$0.1299,-0.0034,-2.551%,7008867,65221525.00,,2024,Specialty Chemicals,Consumer Discretionary
ZOOZ,ZOOZ Strategy Ltd. Ordinary Shares,$7.71,0.10,1.314%,1654,61754078.00,Israel,,Industrial Machinery/Components,Technology
ZS,Zscaler Inc. Common Stock,$193.05,-21.59,-10.059%,6723714,31477709449.00,United States,2018,EDP Services,Technology
ZSQR,Z Squared Inc. Common Stock,$3.78,0.07,1.887%,560846,200341501.00,United States,2020,Finance: Consumer Services,Finance
ZSTK,ZeroStack Corp. Common Stock,$4.07,0.08,2.005%,31738,88809545.00,Canada,2021,Other Pharmaceuticals,Health Care
ZTG,Zenta Group Company Limited Class A Ordinary Shares,$1.34,-0.22,-14.103%,315448,32276820.00,Macau,2025,Professional Services,Consumer Discretionary
ZTO,ZTO Express (Cayman) Inc. American Depositary Shares each representing one Class A ordinary share.,$19.49,0.02,0.103%,2921784,15005364507.00,China,2016,Trucking Freight/Courier Services,Industrials
ZTR,Virtus Total Return Fund Inc.,$6.04,-0.05,-0.821%,138909,0.00,United States,1988,Investment Managers,Finance
ZTS,Zoetis Inc. Class A Common Stock,$71.05,0.78,1.11%,4166941,29359536922.00,United States,2013,Biotechnology: Pharmaceutical Preparations,Health Care
ZUMZ,Zumiez Inc. Common Stock,$13.31,-0.13,-0.967%,178487,204050459.00,United States,2005,Clothing/Shoe/Accessory Stores,Consumer Discretionary
ZURA,Zura Bio Limited Class A Ordinary Shares,$4.04,-0.12,-2.885%,1510945,387149713.00,Cayman Islands,,Biotechnology: Biological Products (No Diagnostic Substances),Health Care
ZVIA,Zevia PBC Class A Common Stock,$1.33,0.00,0.00%,279162,102869383.00,United States,2021,Beverages (Production/Distribution),Consumer Staples
ZVRA,Zevra Therapeutics Inc. Common Stock,$11.04,-0.22,-1.954%,678587,655596942.00,United States,,Biotechnology: Pharmaceutical Preparations,Health Care
ZWS,Zurn Elkay Water Solutions Corporation Common Stock,$46.65,0.05,0.107%,570413,7737560125.00,United States,2012,Industrial Machinery/Components,Industrials
ZYBT,Zhengye Biotechnology Holding Limited Class A Ordinary Shares,$1.305,-0.005,-0.382%,19365,61845746.00,China,2025,Biotechnology: Pharmaceutical Preparations,Health Care
ZYME,Zymeworks Inc. Common Stock,$26.52,-0.29,-1.082%,1094756,1881839071.00,United States,,Biotechnology: Pharmaceutical Preparations,Health Care
