symbol,name,lastsale,netchange,pctchange,volume,marketCap,country,ipoyear,industry,sector
A,Agilent Technologies Inc. Common Stock,$172.31,-2.72,-1.554%,2590367,48579160833.00,United States,1999,Biotechnology: Laboratory Analytical Instruments,Industrials
AA,Alcoa Corporation Common Stock ,$42.00,0.03,0.071%,3076712,11084196690.00,United States,2016,Aluminum,Industrials
AAC,Ares Acquisition Corporation III Class A Ordinary Shares,$10.12,0.00,0.00%,48,714515111.00,,2026,Metal Fabrications,Industrials
AACG,ATA Creativity Global American Depositary Shares,$0.80,-0.0197,-2.403%,1876,54771216.00,China,2008,Other Consumer Services,Real Estate
AACI,Armada Acquisition Corp. III Class A Ordinary Share,$10.07,0.01,0.099%,4199,0.00,United States,2026,Blank Checks,Finance
AACIW,Armada Acquisition Corp. III Warrant,$0.2381,-0.0001,-0.042%,8,0.00,United States,2026,Blank Checks,Finance
AACO,Abony Acquisition Corp. I Class A Ordinary Share,$10.00,0.00,0.00%,11703,0.00,United States,2026,,
AACOW,Abony Acquisition Corp. I Warrants,$0.40,0.00,0.00%,10,0.00,United States,2026,,
AACP,Apogee Acquisition Corp Class A Ordinary Shares,$10.08,0.01,0.099%,30386,0.00,United States,2026,Blank Checks,Finance
AACPR,Apogee Acquisition Corp Rights,$0.15,-0.02,-11.765%,651,0.00,United States,2026,Blank Checks,Finance
AACPW,Apogee Acquisition Corp Warrant,$0.0725,-0.0001,-0.138%,82,0.00,United States,2026,Blank Checks,Finance
AADX,Applied Aerospace & Defense Inc. Common Stock,$12.03,0.03,0.25%,2310733,2073894022.00,,2026,Military/Government/Technical,Industrials
AAL,American Airlines Group Inc. Common Stock,$13.37,-0.24,-1.763%,55250916,8850538245.00,United States,,Air Freight/Delivery Services,Consumer Discretionary
AAME,Atlantic American Corporation Common Stock,$1.31,0.01,0.769%,10032,26720369.00,United States,,Life Insurance,Finance
AAMI,Acadian Asset Management Inc. Common Stock,$91.71,-0.77,-0.833%,459995,3254799639.00,United Kingdom,2014,Investment Managers,Finance
AAOI,Applied Optoelectronics Inc. Common Stock,$99.26,-1.41,-1.401%,5829532,8427798246.00,United States,2013,Semiconductors,Technology
AAON,AAON Inc. Common Stock,$82.76,-2.345,-2.755%,972533,6823863164.00,United States,,Industrial Machinery/Components,Industrials
AAP,Advance Auto Parts Inc.,$38.91,-0.82,-2.064%,1760406,2350164000.00,United States,,Auto & Home Supply Stores,Consumer Discretionary
AAPG,Ascentage Pharma Group International American Depository Shares,$16.31,0.96,6.254%,13737,1522221238.00,China,2025,Biotechnology: Pharmaceutical Preparations,Health Care
AAPL,Apple Inc. Common Stock,$333.02,3.62,1.099%,49988830,4860153823600.00,United States,1980,Computer Manufacturing,Technology
AARD,Aardvark Therapeutics Inc. Common Stock,$5.27,-0.08,-1.495%,28127,115333138.00,United States,2025,Biotechnology: Pharmaceutical Preparations,Health Care
AAT,American Assets Trust Inc. Common Stock,$21.26,-0.08,-0.375%,660446,1305453568.00,United States,2011,Real Estate Investment Trusts,Real Estate
AAUC,Allied Gold Corporation Common Shares,$20.88,-0.44,-2.064%,597235,2909584006.00,,2025,,
AB,AllianceBernstein Holding L.P.  Units,$34.88,-0.63,-1.774%,565050,3246463639.00,United States,,Investment Managers,Finance
ABAT,American Battery Technology Company Common Stock,$2.21,0.02,0.913%,3187471,315096845.00,United States,,Mining & Quarrying of Nonmetallic Minerals (No Fuels),Industrials
ABBV,AbbVie Inc. Common Stock,$261.59,-1.70,-0.646%,4389167,462260210583.00,United States,2012,Biotechnology: Pharmaceutical Preparations,Health Care
ABCB,Ameris Bancorp Common Stock,$79.52,-0.94,-1.168%,518934,5336367645.00,United States,1994,Major Banks,Finance
ABCL,AbCellera Biologics Inc. Common Shares,$14.59,-0.23,-1.552%,4864058,4725781668.00,Canada,2020,Biotechnology: Pharmaceutical Preparations,Health Care
ABEO,Abeona Therapeutics Inc. Common Stock,$5.25,0.09,1.744%,1130707,300216089.00,United States,,Biotechnology: Pharmaceutical Preparations,Health Care
ABEV,Ambev S.A. American Depositary Shares (Each representing 1 Common Share),$2.92,0.04,1.389%,15368906,46023985168.00,Brazil,2013,Beverages (Production/Distribution),Consumer Staples
ABG,Asbury Automotive Group Inc Common Stock,$172.30,-1.65,-0.949%,296084,3093115299.00,United States,2002,Retail-Auto Dealers and Gas Stations,Consumer Discretionary
ABLV,Able View Global Inc. Class B Ordinary Shares,$2.04,0.26,14.607%,159744,112650485.00,China,,Other Consumer Services,Consumer Discretionary
ABLVW,Able View Global Inc. Warrant,$0.015,-0.0093,-38.272%,124505,828312.00,China,,Other Consumer Services,Consumer Discretionary
ABM,ABM Industries Incorporated Common Stock,$48.10,-0.52,-1.07%,477094,2819361875.00,United States,,Diversified Commercial Services,Consumer Discretionary
ABNB,Airbnb Inc. Class A Common Stock,$160.65,3.69,2.351%,4604896,96194919813.00,United States,2020,Diversified Commercial Services,Consumer Discretionary
ABOS,Acumen Pharmaceuticals Inc. Common Stock,$2.22,-0.025,-1.114%,1482840,160544373.00,United States,2021,Biotechnology: Biological Products (No Diagnostic Substances),Health Care
ABR,Arbor Realty Trust Common Stock,$3.86,-0.11,-2.771%,9025121,720114046.00,United States,2004,Real Estate Investment Trusts,Real Estate
ABR^D,Arbor Realty Trust 6.375% Series D Cumulative Redeemable Preferred Stock Liquidation Preference $25.00 per Share,$13.77,-0.53,-3.706%,35660,,United States,,,
ABR^E,Arbor Realty Trust 6.25% Series E Cumulative Redeemable Preferred Stock,$13.64,-0.44,-3.125%,18801,,United States,,,
ABR^F,Arbor Realty Trust 6.25% Series F Fixed-to-Floating Rate Cumulative Redeemable Preferred Stock Liquidation Preference $25.00 per share,$20.46,-0.44,-2.105%,31186,,United States,,,
ABSI,Absci Corporation Common Stock,$10.77,0.63,6.213%,5432480,1848282888.00,United States,2021,Biotechnology: Commercial Physical & Biological Resarch,Health Care
ABT,Abbott Laboratories Common Stock,$98.83,-2.12,-2.10%,7571499,171013781144.00,United States,,Biotechnology: Pharmaceutical Preparations,Health Care
ABTC,American Bitcoin Corp. Class A Common Stock,$8.48,-0.24,-2.752%,869601,617511166.00,United States,2018,Finance: Consumer Services,Finance
ABTS,Abits Group Inc Ordinary Shares,$1.21,-0.05,-3.968%,7595,3889478.00,China,,Finance: Consumer Services,Finance
ABUS,Arbutus Biopharma Corporation Common Stock,$4.78,0.09,1.919%,16876069,945712651.00,Canada,,Biotechnology: Pharmaceutical Preparations,Health Care
ABVC,ABVC BioPharma Inc. Common Stock,$1.06,0.02,1.923%,55183,28296145.00,United States,,Biotechnology: Pharmaceutical Preparations,Health Care
ABVX,Abivax SA American Depositary Shares,$99.02,0.52,0.528%,886270,8525080856.00,France,2023,Biotechnology: Pharmaceutical Preparations,Health Care
ABX,Abacus Global Management Inc. Class A Common Stock,$8.06,0.00,0.00%,678691,788205527.00,United States,,Investment Managers,Finance
ABXL,Abacus Global Management Inc. 9.875% Fixed Rate Senior Notes due 2028,$25.34,-0.03,-0.118%,7571,1891665133.00,United States,,Investment Managers,Finance
ACA,Arcosa Inc. Common Stock ,$146.15,0.15,0.103%,672665,7176960135.00,United States,2018,Metal Fabrications,Industrials
ACAA,Averin Capital Acquisition Corp. Class A Ordinary Shares,$10.00,0.00,0.00%,10,0.00,United States,2026,Blank Checks,Finance
ACAAW,Averin Capital Acquisition Corp. Warrants,$0.756,0.00,0.00%,18,0.00,United States,2026,Blank Checks,Finance
ACAD,ACADIA Pharmaceuticals Inc. Common Stock,$20.15,-0.07,-0.346%,3134075,3471956188.00,United States,1985,Biotechnology: Pharmaceutical Preparations,Health Care
ACB,Aurora Cannabis Inc. Common Shares,$3.90,-0.13,-3.226%,1609876,241632004.00,Canada,, Medicinal Chemicals and Botanical Products ,Health Care
ACCL,Acco Group Holdings Limited Class A Ordinary Shares,$2.60,-0.14,-5.109%,5882,36140000.00,Hong Kong,2025,Professional Services,Consumer Discretionary
ACCO,Acco Brands Corporation Common Stock,$4.20,-0.03,-0.709%,381390,387691786.00,United States,,Publishing,Consumer Discretionary
ACCS,ACCESS Newswire Inc. Common Stock,$4.715,-0.08,-1.668%,8635,18045738.00,United States,,Professional Services,Consumer Discretionary
ACCV,Accelevation Holdings Corp. Class A Ordinary Shares,$17.95,-0.05,-0.278%,12757209,5884227195.00,United States,2026,Industrial Machinery/Components,Energy
ACDC,ProFrac Holding Corp. Class A Common Stock,$4.34,0.12,2.844%,1642660,790412787.00,United States,2022,Oilfield Services/Equipment,Energy
ACEL,Accel Entertainment Inc. ,$10.66,-0.22,-2.022%,495404,865522444.00,United States,2017,Services-Misc. Amusement & Recreation,Consumer Discretionary
ACET,Adicet Bio Inc. Common Stock,$7.14,0.31,4.539%,211084,66841039.00,United States,2018,Biotechnology: Pharmaceutical Preparations,Health Care
ACFN,Acorn Energy Inc. Common Stock,$20.00,0.06,0.301%,102894,50192360.00,United States,,Military/Government/Technical,Consumer Discretionary
ACGC,ACP Holdings Acquisition Corp. Class A Ordinary Shares,$10.06,0.00,0.00%,7203,0.00,United States,2026,Blank Checks,Finance
ACGCU,ACP Holdings Acquisition Corp. Units,$12.71,2.46,24.00%,2163,0.00,United States,2026,Blank Checks,Finance
ACGCW,ACP Holdings Acquisition Corp. Warrants,$0.43,-0.02,-4.444%,2535,0.00,United States,2026,Blank Checks,Finance
ACGL,Arch Capital Group Ltd. Common Stock,$92.36,-2.76,-2.902%,5663828,31515922077.00,Bermuda,,Property-Casualty Insurers,Finance
ACGLN,Arch Capital Group Ltd. Depositary Shares each Representing a 1/1000th Interest in a 4.550% Non-Cumulative Preferred Share Series G,$15.24,0.17,1.128%,88864,5200331880.00,Bermuda,,Property-Casualty Insurers,Finance
ACGLO,Arch Capital Group Ltd. Depositary Shares Each Representing 1/1000th Interest in a Share of 5.45% Non-Cumulative Preferred Shares Series F,$18.13,-0.39,-2.106%,87451,6186484054.00,Bermuda,,Property-Casualty Insurers,Finance
ACH,Accendra Health Inc. Common Stock,$0.5627,-0.0493,-8.056%,2003763,43274277.00,United States,,Medical Specialities,Health Care
ACHC,Acadia Healthcare Company Inc. Common Stock,$27.50,-0.54,-1.926%,1365758,2560257563.00,United States,,Medical Specialities,Health Care
ACHR,Archer Aviation Inc. Class A Common Stock,$4.97,-0.09,-1.779%,23585567,3868076813.00,United States,2020,Aerospace,Industrials
ACHV,Achieve Life Sciences Inc. Common Shares,$8.09,0.40,5.202%,2378268,832481144.00,United States,,Biotechnology: In Vitro & In Vivo Diagnostic Substances,Health Care
ACI,Albertsons Companies Inc. Class A Common Stock,$11.61,-0.03,-0.258%,7614532,5634631180.00,United States,2020,Food Chains,Consumer Staples
ACIC,American Coastal Insurance Corporation Common Stock,$9.04,-0.20,-2.165%,257930,427337325.00,United States,,Property-Casualty Insurers,Finance
ACIU,AC Immune SA Common Stock,$2.62,0.02,0.769%,199655,266646761.00,Switzerland,2016,Biotechnology: Pharmaceutical Preparations,Health Care
ACIW,ACI Worldwide Inc. Common Stock,$48.88,0.29,0.597%,1121416,4934692180.00,United States,,Computer Software: Prepackaged Software,Technology
ACLS,Axcelis Technologies Inc. Common Stock,$131.18,2.49,1.935%,477937,4051033727.00,United States,2000,Industrial Machinery/Components,Technology
ACM,AECOM Common Stock,$58.95,0.10,0.17%,1489053,7586654254.00,United States,2007,Military/Government/Technical,Consumer Discretionary
ACMR,ACM Research Inc. Class A Common Stock,$80.92,5.31,7.023%,1822715,5636012940.00,United States,2017,Industrial Machinery/Components,Technology
ACN,Accenture plc Class A Ordinary Shares (Ireland),$183.37,6.25,3.529%,10537811,122401347208.00,Ireland,2001,Business Services,Consumer Discretionary
ACNB,ACNB Corporation Common Stock,$62.30,-0.51,-0.812%,53198,633586639.00,United States,,Major Banks,Finance
ACNT,Ascent Industries Co. Common Stock,$14.10,-0.25,-1.742%,39913,127033287.00,United States,,Major Chemicals,Industrials
ACOG,Alpha Cognition Inc. Common Stock,$9.00,0.29,3.33%,147021,195966936.00,Canada,,,
ACON,Aclarion Inc. Common Stock,$2.41,0.03,1.261%,18719,6946514.00,United States,2022,Medical Specialities,Health Care
ACONW,Aclarion Inc. Warrant,$0.0255,-0.0245,-49.00%,14301,73500.00,United States,2022,Medical Specialities,Health Care
ACP,abrdn Income Credit Strategies Fund Common Shares,$4.45,-0.05,-1.111%,1060628,0.00,United States,2011,Investment Managers,Finance
ACP^A,abrdn Income Credit Strategies Fund 5.250% Series A Perpetual Preferred Stock,$18.35,0.29,1.606%,2799,,United States,,,
ACR,ACRES Commercial Realty Corp. Common Stock,$11.06,0.96,9.505%,118498,82711790.00,United States,,Real Estate Investment Trusts,Real Estate
ACR^C,ACRES Commercial Realty Corp. 8.625% Fixed-to-Floating Series C Cumulative Redeemable Preferred Stock ,$24.14,0.84,3.605%,119073,,United States,,,
ACR^D,ACRES Commercial Realty Corp. 7.875% Series D Cumulative Redeemable Preferred Stock,$18.33,0.08,0.438%,8210,,United States,,,
ACRE,Ares Commercial Real Estate Corporation Common Stock,$3.84,-0.27,-6.569%,1120415,213047474.00,United States,2012,Real Estate Investment Trusts,Real Estate
ACRS,Aclaris Therapeutics Inc. Common Stock,$5.26,-0.02,-0.379%,2263497,774266177.00,United States,2015,Biotechnology: Pharmaceutical Preparations,Health Care
ACRV,Acrivon Therapeutics Inc. Common Stock,$2.05,-0.03,-1.442%,176945,87849392.00,United States,2022,Biotechnology: Pharmaceutical Preparations,Health Care
ACT,Enact Holdings Inc. Common Stock,$43.26,-3.18,-6.848%,886831,5947543607.00,United States,2021,Specialty Insurers,Finance
ACTG,Acacia Research Corporation (Acacia Tech) Common Stock,$4.31,-0.02,-0.462%,126451,420599130.00,United States,,Multi-Sector Companies,Miscellaneous
ACTU,Actuate Therapeutics Inc. Common stock,$0.7797,0.0937,13.659%,410770,18723873.00,United States,2024,Biotechnology: Pharmaceutical Preparations,Health Care
ACU,Acme United Corporation. Common Stock,$63.42,-0.30,-0.471%,32553,243141055.00,United States,1988,Industrial Machinery/Components,Consumer Discretionary
ACV,Virtus Diversified Income & Convertible Fund Common Shares of Beneficial Interest,$24.18,-0.23,-0.942%,45070,250576228.00,United States,2015,Finance/Investors Services,Finance
ACVA,ACV Auctions Inc. Class A Common Stock,$10.43,-0.01,-0.096%,13298703,1771097231.00,United States,2025,Business Services,Consumer Discretionary
ACXP,Acurx Pharmaceuticals Inc. Common Stock,$1.26,-0.045,-3.448%,130523,7004850.00,United States,2021,Biotechnology: Pharmaceutical Preparations,Health Care
AD,Array Digital Infrastructure Inc. Common Shares,$33.72,-0.09,-0.266%,207922,2916780000.00,United States,1988,Telecommunications Equipment,Telecommunications
ADAC,American Drive Acquisition Company Class A Ordinary Shares,$10.12,0.00,0.00%,24,0.00,United States,2026,,
ADACU,American Drive Acquisition Company Units,$10.52,0.271,2.644%,516,0.00,United States,2025,Blank Checks,Finance
ADACW,American Drive Acquisition Company Warrant,$0.37,0.00,0.00%,5,0.00,United States,2026,,
ADAG,Adagene Inc. American Depositary Shares,$3.20,-0.01,-0.312%,254327,211365101.00,China,2021,Biotechnology: Pharmaceutical Preparations,Health Care
ADAM,Adamas Trust Inc. Common Stock,$7.78,-0.15,-1.892%,1053291,702570924.00,United States,,Real Estate Investment Trusts,Real Estate
ADAMG,Adamas Trust Inc. 9.125% Senior Notes Due 2030,$24.88,-0.05,-0.201%,13680,0.00,United States,,Real Estate Investment Trusts,Real Estate
ADAMH,Adamas Trust Inc. 9.875% Senior Notes Due 2030,$25.13,0.1099,0.439%,24190,0.00,United States,,Real Estate Investment Trusts,Real Estate
ADAMI,Adamas Trust Inc. 9.125% Senior Notes Due 2029,$24.90,-0.0512,-0.205%,17244,2255428280.00,United States,,Real Estate Investment Trusts,Real Estate
ADAMK,Adamas Trust Inc. 9.600% Senior Notes Due 2031 ,$24.96,-0.01,-0.04%,16525,0.00,United States,,Real Estate Investment Trusts,Real Estate
ADAML,Adamas Trust Inc. 6.875% Series F Fixed-to-Floating Rate Cumulative Redeemable Preferred Stock $0.01 par value per share,$25.06,0.15,0.602%,31692,2263036935.00,United States,,Real Estate Investment Trusts,Real Estate
ADAMM,Adamas Trust Inc. 7.875% Series E Fixed-to-Floating Rate Cumulative Redeemable Preferred Stock,$25.62,0.27,1.065%,65472,2313607593.00,United States,,Real Estate Investment Trusts,Real Estate
ADAMN,Adamas Trust Inc. 8.00% Series D Fixed-to-Floating Rate Cumulative Redeemable Preferred Stock,$24.70,0.4409,1.817%,16766,2230527226.00,United States,,Real Estate Investment Trusts,Real Estate
ADAMO,Adamas Trust Inc. 9.250% Senior Notes Due 2031,$24.725,0.0725,0.294%,13829,0.00,United States,,Real Estate Investment Trusts,Real Estate
ADAMZ,Adamas Trust Inc. 7.000% Series G Cumulative Redeemable Preferred Stock $0.01 par value per share,$17.15,-0.10,-0.58%,18823,1548726394.00,United States,,Real Estate Investment Trusts,Real Estate
ADBE,Adobe Inc. Common Stock,$239.94,6.77,2.903%,4519881,93384648000.00,United States,1986,Computer Software: Prepackaged Software,Technology
ADBT,Advasa Holdings Inc. Common Stock,$0.1227,0.0169,15.974%,31847611,59762962.00,Japan,,Computer Software: Prepackaged Software,Technology
ADC,Agree Realty Corporation Common Stock,$66.81,-0.84,-1.242%,1934955,8309781701.00,United States,,Real Estate Investment Trusts,Real Estate
ADC^A,Agree Realty Corporation Depositary Shares each representing 1/1000th of a 4.250% Series A Cumulative Redeemable Preferred Stock,$15.96,0.53,3.435%,35473,,United States,,,
ADCT,ADC Therapeutics SA Common Shares,$1.22,-0.01,-0.813%,1111966,155754588.00,Switzerland,2020,Biotechnology: Pharmaceutical Preparations,Health Care
ADEA,Adeia Inc. Common Stock,$25.60,0.88,3.56%,2439769,2823171840.00,United States,2003,Cable & Other Pay Television Services,Telecommunications
ADGM,Adagio Medical Holdings Inc Common Stock,$0.153,0.009,6.25%,1232999,3398200.00,United States,,Medical/Dental Instruments,Health Care
ADI,Analog Devices Inc. Common Stock,$396.71,-1.51,-0.379%,2363562,192231965620.00,United States,,Semiconductors,Technology
ADIG,ADI Global Distribution Inc. Common Stock,$17.92,-1.08,-5.684%,1993826,1360543708.00,United States,2026,Wholesale Distributors,Industrials
ADIL,Adial Pharmaceuticals Inc Common Stock,$4.01,-0.14,-3.373%,35330,10529819.00,United States,2018,Biotechnology: Pharmaceutical Preparations,Health Care
ADM,Archer-Daniels-Midland Company Common Stock,$79.38,-0.02,-0.025%,3134592,38257951699.00,United States,,Packaged Foods,Consumer Staples
ADMA,ADMA Biologics Inc Common Stock,$10.03,0.07,0.703%,2699220,2246566340.00,United States,,Biotechnology: Biological Products (No Diagnostic Substances),Health Care
ADNT,Adient plc Ordinary Shares ,$16.84,-0.33,-1.922%,916405,1298312335.00,United States,2016,Auto Parts:O.E.M.,Consumer Discretionary
ADP,Automatic Data Processing Inc. Common Stock,$258.06,-3.74,-1.429%,2525124,102256674477.00,United States,,EDP Services,Technology
ADPT,Adaptive Biotechnologies Corporation Common Stock,$28.90,0.13,0.452%,1508348,4612319834.00,United States,2019,Biotechnology: Biological Products (No Diagnostic Substances),Health Care
ADRX,ADARx Pharmaceuticals Inc. Common Stock,$19.94,-0.695,-3.368%,788877,2129618421.00,United States,2026,Biotechnology: Pharmaceutical Preparations,Health Care
ADSE,ADS-TEC ENERGY PLC Ordinary Shares,$11.00,0.00,0.00%,83015,826427030.00,Ireland,,Industrial Specialties,Consumer Discretionary
ADSEW,ADS-TEC ENERGY PLC Warrant,$0.2997,-0.0282,-8.60%,20878,22516380.00,Ireland,,Industrial Specialties,Consumer Discretionary
ADSK,Autodesk Inc. Common Stock,$209.00,5.82,2.864%,1937741,43681000000.00,United States,,Computer Software: Prepackaged Software,Technology
ADT,ADT Inc. Common Stock,$6.08,-0.06,-0.977%,7121885,4441800228.00,United States,2018,Diversified Commercial Services,Consumer Discretionary
ADTN,ADTRAN Holdings Inc. Common Stock,$6.835,-0.035,-0.509%,1856595,556925417.00,United States,1994,Telecommunications Equipment,Utilities
ADUR,Aduro Clean Technologies Inc. Common Stock,$12.49,0.24,1.959%,233625,445952303.00,Canada,,Major Chemicals,Industrials
ADUS,Addus HomeCare Corporation Common Stock,$110.54,-2.42,-2.142%,330970,2064257122.00,United States,2009,Medical/Nursing Services,Health Care
ADV,Advantage Solutions Inc. Class A Common Stock,$25.96,-3.59,-12.149%,128334,332865091.00,United States,2019,Business Services,Consumer Discretionary
ADVB,Advanced Biomed Inc. Common Stock,$6.23,-0.09,-1.424%,14896,10292789.00,Taiwan,2025,Medical Specialities,Health Care
ADX,Adams Diversified Equity Fund Inc.,$25.67,-0.04,-0.156%,237886,0.00,United States,,Investment Managers,Finance
ADXN,Addex Therapeutics Ltd American Depositary Shares,$2.76,-0.19,-6.441%,5255,4702248.00,Switzerland,,Biotechnology: Pharmaceutical Preparations,Health Care
AEAQ,Activate Energy Acquisition Corp. Class A Ordinary Share,$10.08,0.00,0.00%,18,0.00,Cayman Islands,2026,,
AEBI,Aebi Schmidt Holding AG Common Stock ,$10.58,-0.26,-2.399%,412136,821001483.00,Switzerland,,Auto Manufacturing,Industrials
AEC,Anfield Energy Inc. Common Shares,$3.27,-0.14,-4.106%,65226,65236422.00,Canada,,Metal Mining,Basic Materials
AEE,Ameren Corporation Common Stock,$99.38,-0.87,-0.868%,2292694,27512682284.00,United States,,Power Generation,Utilities
AEF,abrdn Emerging Markets ex-China Fund Inc. Common Stock,$9.45,-0.11,-1.151%,163046,1014575625.00,United States,,Finance/Investors Services,Finance
AEFC,Aegon Funding Company LLC 5.10% Subordinated Notes due 2049,$17.64,-0.09,-0.508%,176955,0.00,United States,2019,,
AEG,Aegon Ltd. New York Registry Shares,$8.63,-0.16,-1.82%,3889125,16474242901.00,Netherlands,,Life Insurance,Finance
AEHL,Antelope Enterprise Holdings Limited Class A Ordinary Shares,$10.27,1.68,19.558%,149598,194769071.00,China,,Telecommunications Equipment,Consumer Discretionary
AEHR,Aehr Test Systems Common Stock,$99.62,-1.16,-1.151%,1443301,3253543973.00,United States,1997,Electrical Products,Industrials
AEI,Alset Inc. Common Stock (TX),$0.7592,-0.0366,-4.599%,9729,29529714.00,United States,2020,Real Estate,Finance
AEIS,Advanced Energy Industries Inc. Common Stock,$281.82,-1.48,-0.522%,415378,11287015564.00,United States,1995,Industrial Machinery/Components,Technology
AEM,Agnico Eagle Mines Limited Common Stock,$183.27,-2.56,-1.378%,1374125,93020704103.00,Canada,,Precious Metals,Basic Materials
AEMD,Aethlon Medical Inc. Common Stock,$6.52,0.14,2.194%,118719,10458699.00,United States,,Medical/Dental Instruments,Health Care
AENT,Alliance Entertainment Holding Corporation Class A Common Stock,$4.60,-0.06,-1.288%,24246,234506298.00,United States,,Durable Goods,Consumer Discretionary
AEO,American Eagle Outfitters Inc. Common Stock,$17.78,-0.36,-1.985%,5736783,2979453861.00,United States,,Clothing/Shoe/Accessory Stores,Consumer Discretionary
AEON,AEON Biopharma Inc. Class A Common Stock,$0.30,0.041,15.83%,116174796,14964837.00,United States,,Biotechnology: Pharmaceutical Preparations,Health Care
AEP,American Electric Power Company Inc. Common Stock,$118.64,-0.66,-0.553%,4110754,64587301841.00,United States,,Electric Utilities: Central,Utilities
AER,AerCap Holdings N.V. Ordinary Shares,$143.52,-1.58,-1.089%,1641546,22163802929.00,Netherlands,2006,Diversified Commercial Services,Consumer Discretionary
AERO,Grupo Aeromexico S.A.B. de C.V. American Depositary Shares (each representing ten (10) Common Shares),$15.79,-0.05,-0.316%,453271,2303814828.00,,2025,Air Freight/Delivery Services,Consumer Discretionary
AERT,Aeries Technology Inc. Class A Ordinary Share,$7.38,-0.445,-5.687%,7105,38729148.00,United States,2021,Professional Services,Consumer Discretionary
AERTW,Aeries Technology Inc. Warrant,$0.0161,0.00,0.00%,61,84490.00,United States,2021,Professional Services,Consumer Discretionary
AES,The AES Corporation Common Stock,$14.90,0.04,0.269%,11753522,10630235587.00,United States,,Electric Utilities: Central,Industrials
AESI,Atlas Energy Solutions Inc. Common Stock,$12.01,0.36,3.09%,4657045,1501291447.00,United States,2023,Mining & Quarrying of Nonmetallic Minerals (No Fuels),Industrials
AESP,Aeon Acquisition I Corp. Class A Ordinary Shares,$9.9898,0.0198,0.199%,2293,0.00,United States,2026,Blank Checks,Finance
AESPU,Aeon Acquisition I Corp. Units,$10.1701,0.00,0.00%,42,0.00,United States,2026,,
AEVA,Aeva Technologies Inc. Common Stock,$14.04,0.07,0.501%,1294939,978668842.00,United States,,Auto Parts:O.E.M.,Consumer Discretionary
AEXA,American Exceptionalism Acquisition Corp. A Class A Ordinary Shares,$11.14,0.00,0.00%,38723,0.00,,2025,,
AEYE,AudioEye Inc. Common Stock,$6.72,0.09,1.357%,42742,84468209.00,United States,,Computer Software: Prepackaged Software,Technology
AFB,AllianceBernstein National Municipal Income Fund Inc,$9.53,0.16,1.708%,206782,0.00,United States,2002,Trusts Except Educational Religious and Charitable,Finance
AFCG,Advanced Flower Capital Inc. Common Stock,$3.60,0.03,0.84%,109790,81618908.00,United States,2021,Real Estate,Finance
AFG,American Financial Group Inc. Common Stock,$136.76,-1.70,-1.228%,497171,11340339690.00,United States,,Property-Casualty Insurers,Finance
AFGB,American Financial Group Inc. 5.875% Subordinated Debentures due 2059,$21.80,-0.09,-0.411%,13208,1807687959.00,United States,2019,Property-Casualty Insurers,Finance
AFGC,American Financial Group Inc. 5.125% Subordinated Debentures due 2059,$18.25,-0.10,-0.545%,15047,1513316755.00,United States,2019,Property-Casualty Insurers,Finance
AFGD,American Financial Group Inc. 5.625% Subordinated Debentures due 2060,$21.75,-0.26,-1.181%,12683,1803541886.00,United States,2020,Property-Casualty Insurers,Finance
AFGE,American Financial Group Inc. 4.500% Subordinated Debentures due 2060,$16.78,0.16,0.963%,4965,1391422199.00,United States,2020,Property-Casualty Insurers,Finance
AFJK,Aimei Health Technology Co. Ltd Ordinary Share,$12.11,0.07,0.581%,3101,0.00,United States,2024,,
AFJKR,Aimei Health Technology Co. Ltd Right,$0.087,0.00,0.00%,63,0.00,United States,2024,,
AFJKU,Aimei Health Technology Co. Ltd Unit,$13.09,0.00,0.00%,73,0.00,United States,2023,,
AFL,AFLAC Incorporated Common Stock,$111.78,-1.88,-1.654%,1774355,56040153850.00,United States,,Accident &Health Insurance,Finance
AFRI,Forafric Global PLC Ordinary Shares,$10.97,-0.16,-1.438%,13992,295793051.00,Gibraltar,,Packaged Foods,Consumer Staples
AFRIW,Forafric Global PLC Warrants,$1.38,-0.02,-1.429%,6907,37210065.00,Gibraltar,,Packaged Foods,Consumer Staples
AFRM,Affirm Holdings Inc. Class A Common Stock,$69.23,-0.07,-0.101%,2811787,23359673553.00,United States,2021,Finance: Consumer Services,Finance
AFYA,Afya Limited Class A Common Shares,$12.04,0.22,1.861%,362930,1128422885.00,Brazil,2019,Other Consumer Services,Real Estate
AG,First Majestic Silver Corp. Ordinary Shares (Canada),$17.69,-0.39,-2.157%,9086279,8719513915.00,Canada,,Precious Metals,Basic Materials
AGBK,AGI Inc Class A Common Shares,$5.76,0.09,1.587%,73650,922378015.00,Cayman Islands,2026,Commercial Banks,Finance
AGCC,Agencia Comercial Spirits Ltd Class A Ordinary Shares,$14.55,0.05,0.345%,10362,542518575.00,Taiwan,2025,Beverages (Production/Distribution),Consumer Staples
AGCO,AGCO Corporation Common Stock,$114.23,-1.93,-1.662%,774552,7999724404.00,United States,,Industrial Machinery/Components,Industrials
AGD,abrdn Global Dynamic Dividend Fund Common Shares of Beneficial Interest,$11.72,-0.08,-0.678%,110615,0.00,United States,2006,Trusts Except Educational Religious and Charitable,Finance
AGEN,Agenus Inc. Common Stock,$9.93,0.04,0.404%,1367498,448457826.00,United States,2000,Biotechnology: Biological Products (No Diagnostic Substances),Health Care
AGI,Alamos Gold Inc. Class A Common Shares,$32.39,-0.65,-1.967%,2944110,13602679662.00,Canada,2015,Precious Metals,Basic Materials
AGIG,Abundia Global Impact Group Inc. Common stock,$1.09,-0.09,-7.627%,113724,48123850.00,United States,,Oil & Gas Production,Energy
AGIO,Agios Pharmaceuticals Inc. Common Stock,$33.25,-0.05,-0.15%,1548475,1985087577.00,United States,2013,Biotechnology: Pharmaceutical Preparations,Health Care
AGL,agilon health inc. Common Stock,$79.59,1.44,1.843%,327349,1336412404.00,United States,2021,Misc Health and Biotechnology Services,Health Care
AGM,Federal Agricultural Mortgage Corporation Common Stock,$206.92,-5.30,-2.497%,115146,2245746213.00,United States,,Finance Companies,Finance
AGM^D,Federal Agricultural Mortgage Corporation 5.700% Non-Cumulative Preferred Stock Series D,$19.86,0.12,0.608%,4542,,United States,,,
AGM^E,Federal Agricultural Mortgage Corporation 5.750% Non-Cumulative Preferred Stock Series E,$19.73,0.26,1.335%,4698,,United States,,,
AGM^F,Federal Agricultural Mortgage Corporation 5.250% Non-Cumulative Preferred Stock Series F,$18.22,0.19,1.054%,21645,,United States,,,
AGM^G,Federal Agricultural Mortgage Corporation 4.875% Non-Cumulative Preferred Stock Series G,$17.04,0.085,0.501%,27196,,United States,,,
AGM^H,Federal Agricultural Mortgage Corporation 6.500% Non-Cumulative Preferred Stock Series H,$22.10,0.16,0.729%,2842,,United States,,,
AGM^I,Federal Agricultural Mortgage Corporation 6.875% Non-Cumulative Preferred Stock Series I,$24.37,0.19,0.786%,11879,,United States,,,
AGMB,AgomAb Therapeutics NV American Depositary Shares,$11.10,0.57,5.413%,133712,546652523.00,Belgium,2026,Biotechnology: Biological Products (No Diagnostic Substances),Health Care
AGMH,AGM Group Holdings Inc. Class A Ordinary Shares,$0.7141,-0.033,-4.417%,183569,3425091.00,Hong Kong,2018,EDP Services,Technology
AGNC,AGNC Investment Corp. Common Stock,$9.07,-0.26,-2.787%,54969104,10752316724.00,United States,2008,Real Estate Investment Trusts,Real Estate
AGNCL,AGNC Investment Corp. Depositary Shares Each Representing a 1/1000th Interest in a Share of 7.75% Series G Fixed-Rate Reset Cumulative Redeemable Preferred Stock,$25.55,0.12,0.472%,36356,30289050971.00,United States,,Real Estate Investment Trusts,Real Estate
AGNCM,AGNC Investment Corp. Depositary Shares rep 6.875% Series D Fixed-to-Floating Cumulative Redeemable Preferred Stock,$25.21,0.09,0.358%,23653,29885987279.00,United States,,Real Estate Investment Trusts,Real Estate
AGNCN,AGNC Investment Corp. Depositary Shares Each Representing a 1/1000th Interest in a Share of 7.00% Series C Fixed-To-Floating Rate Cumulative Redeemable Preferred Stock,$25.79,0.15,0.585%,45411,30573566518.00,United States,,Real Estate Investment Trusts,Real Estate
AGNCO,AGNC Investment Corp. Depositary Shares each representing a 1/1000th interest in a share of 6.50% Series E Fixed-to-Floating Cumulative Redeemable Preferred Stock,$25.61,0.04,0.156%,73366,30360179858.00,United States,,Real Estate Investment Trusts,Real Estate
AGNCP,AGNC Investment Corp. Depositary Shares Each Representing a 1/1000th Interest in a Share of 6.125% Series F Fixed-to-Floating Rate Cumulative Redeemable Preferred Stock,$25.28,0.10,0.397%,111793,29968970980.00,United States,,Real Estate Investment Trusts,Real Estate
AGNCZ,AGNC Investment Corp. Depositary Shares Each Representing a 1/1000th Interest in a Share of 8.75% Series H Fixed-Rate Cumulative Redeemable Preferred Stock,$25.07,0.05,0.20%,117800,29720019876.00,United States,,Real Estate Investment Trusts,Real Estate
AGNT,AGNT Inc. Common Stock,$3.67,0.12,3.38%,1822560,613322829.00,United States,,Real Estate,Finance
AGO,Assured Guaranty Ltd. Common Stock,$67.72,-1.25,-1.812%,451056,2978271966.00,Bermuda,2004,Property-Casualty Insurers,Finance
AGPU,Axe Compute Inc. Common Stock,$11.37,-1.18,-9.402%,334830,131791080.00,United States,,Industrial Specialties,Health Care
AGRO,Adecoagro S.A. Common Shares,$10.14,0.12,1.198%,345992,1463287845.00,Luxembourg,2011,Farming/Seeds/Milling,Consumer Staples
AGRZ,Agroz Inc. Class A Ordinary Shares,$3.12,-0.15,-4.587%,18287,5905143.00,Malaysia,2025,Farming/Seeds/Milling,Consumer Staples
AGX,Argan Inc. Common Stock,$377.95,-0.44,-0.116%,358307,5302578784.00,United States,,Engineering & Construction,Consumer Discretionary
AGYS,Agilysys Inc. Common Stock (DE),$97.08,0.74,0.768%,253350,2738217899.00,United States,,EDP Services,Technology
AHCO,AdaptHealth Corp. Common Stock,$5.64,-0.03,-0.529%,2079302,768981265.00,United States,2018,Medical/Nursing Services,Health Care
AHG,Akso Health Group ADS,$0.90,0.209,30.246%,5643300,771033759.00,China,2017,Business Services,Consumer Discretionary
AHL^D,Aspen Insurance Holdings Limited 5.625% Perpetual Non-Cumulative Preference Shares,$18.04,0.47,2.675%,72220,,Bermuda,,,
AHL^E,Aspen Insurance Holdings Limited Depositary Shares each representing a 1/1000th interest in a share of 5.625% Perpetual Non-Cumulative Preference Shares,$17.75,0.35,2.011%,47526,,Bermuda,,,
AHL^F,Aspen Insurance Holdings Limited Depositary Shares each representing a 1/1000th Interest in a 7.00% Perpetual Non-Cumulative Preference Share,$22.50,0.49,2.226%,24525,,Bermuda,,,
AHMA,Ambitions Enterprise Management Co. L.L.C Class A Ordinary Shares,$1.37,0.02,1.481%,31689,40723250.00,United Arab Emirates,2025,Services-Misc. Amusement & Recreation,Consumer Discretionary
AHR,American Healthcare REIT Inc. Common Stock,$51.26,-0.82,-1.575%,3149100,11953073352.00,United States,2024,Real Estate Investment Trusts,Real Estate
AHRT,AH Realty Trust Inc. Common Stock,$6.10,0.08,1.329%,7515040,455017251.00,United States,2013,Real Estate,Finance
AHRT^A,AH Realty Trust Inc. 6.75% Series A Cumulative Redeemable Perpetual Preferred Stock,$20.51,0.27,1.334%,21846,,United States,,,
AHT,Ashford Hospitality Trust Inc Common Stock,$2.37,-0.10,-4.049%,39273,15333459.00,United States,2003,Real Estate Investment Trusts,Real Estate
AHT^D,Ashford Hospitality Trust Inc 8.45% Series D Cumulative Preferred Stock,$4.21,-0.425,-9.169%,1347,,United States,,,
AHT^F,Ashford Hospitality Trust Inc 7.375% Series F Cumulative Preferred Stock,$4.2894,-0.1463,-3.298%,1552,,United States,,,
AHT^G,Ashford Hospitality Trust Inc 7.375% Series G Cumulative Preferred Stock,$4.34,-0.01,-0.23%,194,,United States,,,
AHT^H,Ashford Hospitality Trust Inc 7.50% Series H Cumulative Preferred Stock,$4.23,0.00,0.00%,25,,United States,,,
AHT^I,Ashford Hospitality Trust Inc 7.50% Series I Cumulative Preferred Stock,$4.1886,0.0086,0.206%,1257,,United States,,,
AI,C3.ai Inc. Class A Common Stock,$10.99,0.65,6.286%,5330568,1766970617.00,United States,2020,Computer Software: Prepackaged Software,Technology
AIAI,AIAI Holdings Corporation Class A Common Stock,$3.21,0.065,2.067%,236094,227414658.00,United States,,EDP Services,Technology
AIB,AIB Data Centers Inc. Common Stock,$1.33,-0.38,-22.222%,28014904,101052690.00,,2026,Investment Bankers/Brokers/Service,Finance
AIBZ,Bitzero Holdings Inc. Common Shares,$4.16,-0.04,-0.952%,131400,258793567.00,Canada,,Services-Misc. Amusement & Recreation,Consumer Discretionary
AIDX,20/20 Biolabs Inc. Common Stock,$0.4365,0.0274,6.698%,44199,5574237.00,United States,,Precision Instruments,Health Care
AIFA,All In FutureTech Alliance Inc. Common Stock,$4.20,0.16,3.96%,33120,26965327.00,United States,2017,Services-Misc. Amusement & Recreation,Consumer Discretionary
AIFC,AI Financial Corporation Common Stock,$0.4839,-0.0003,-0.062%,845573,67666888.00,United States,,Investment Bankers/Brokers/Service,Finance
AIFF,Firefly Neuroscience Inc. Common Stock,$1.53,-0.09,-5.556%,1181677,24006183.00,United States,,Computer Software: Prepackaged Software,Technology
AIFU,AIFU Inc. Class A Ordinary Share,$10.11,-0.72,-6.648%,14254,62436388.00,China,2007,Specialty Insurers,Finance
AIG,American International Group Inc. New Common Stock,$74.42,-0.85,-1.129%,9411265,38913709637.00,United States,,Property-Casualty Insurers,Finance
AII,American Integrity Insurance Group Inc. Common Stock,$24.99,-0.27,-1.069%,148539,489639741.00,United States,2025,Property-Casualty Insurers,Finance
AIIA,AI Infrastructure Acquisition Corp. Class A Ordinary Shares,$10.27,0.00,0.00%,1821,0.00,,2025,Blank Checks,Finance
AIIO,Robo.ai Inc. Class B Ordinary Shares,$1.32,-0.05,-3.65%,337083,157126960.00,United Arab Emirates,,Auto Manufacturing,Industrials
AIIOW,Robo.ai Inc. Warrant,$0.012,0.0008,7.143%,31568,1428427.00,United Arab Emirates,,Auto Manufacturing,Industrials
AIIR,Air Global PLC Ordinary Shares,$7.64,-0.11,-1.419%,95967,1225353639.00,United Arab Emirates,,Tobacco,Consumer Discretionary
AIM,AIM ImmunoTech Inc. Common Stock,$0.175,0.0015,0.865%,984780,6213896.00,,,Biotechnology: Biological Products (No Diagnostic Substances),Health Care
AIMD,Ainos Inc. Common Stock,$1.27,0.03,2.419%,136984,10850973.00,United States,,Computer peripheral equipment,Technology
AIMDW,Ainos Inc. Warrants,$0.0879,0.00,0.00%,560,751024.00,United States,,Computer peripheral equipment,Technology
AIN,Albany International Corporation Common Stock,$59.61,0.02,0.034%,169230,1692924000.00,United States,,Textiles,Consumer Discretionary
AIO,Virtus Artificial Intelligence & Technology Opportunities Fund Common Shares of Beneficial Interest,$24.87,-0.31,-1.231%,96548,854059974.00,,2019,Finance/Investors Services,Finance
AIOS,AIOS Tech Inc. Class A Common Shares,$12.40,-1.00,-7.463%,10561,40290762.00,China,2016,Metal Fabrications,Industrials
AIOT,PowerFleet Inc. Common Stock,$2.84,0.09,3.273%,2972810,381201607.00,United States,,Telecommunications Equipment,Telecommunications
AIP,Arteris Inc. Common Stock,$23.64,0.38,1.634%,1031698,1161955691.00,United States,2021,Semiconductors,Technology
AIR,AAR Corp. Common Stock,$101.47,-5.28,-4.946%,1431981,4078506590.00,United States,,Aerospace,Industrials
AIRE,reAlpha Tech Corp. Common Stock,$1.32,-0.03,-2.222%,21795,7928744.00,United States,,Real Estate,Finance
AIRG,Airgain Inc. Common Stock,$4.96,-0.24,-4.615%,130258,64977161.00,United States,2016,Radio And Television Broadcasting And Communications Equipment,Technology
AIRI,Air Industries Group Common Stock,$2.55,0.00,0.00%,7935,12369178.00,United States,,Military/Government/Technical,Industrials
AIRJ,AirJoule Technologies Corporation Class A Common Stock,$3.90,-0.05,-1.266%,603556,293306902.00,United States,2022,Industrial Machinery/Components,Industrials
AIRJW,AirJoule Technologies Corporation Warrant,$0.9899,0.0299,3.115%,17615,74447308.00,United States,2022,Industrial Machinery/Components,Industrials
AIRO,AIRO Group Holdings Inc. Common Stock,$6.61,-0.18,-2.651%,546633,208584611.00,United States,2025,Aerospace,Industrials
AIRS,AirSculpt Technologies Inc. Common Stock,$1.76,-0.04,-2.222%,1131261,126887568.00,United States,2021,Medical/Nursing Services,Health Care
AIRT,Air T Inc. Common Stock,$28.38,-0.02,-0.07%,63249,76108008.00,United States,,Air Freight/Delivery Services,Consumer Discretionary
AIRTP,Air T Inc. Air T Funding Alpha Income Trust Preferred Securities,$18.90,0.00,0.00%,84,50685037.00,United States,,Air Freight/Delivery Services,Consumer Discretionary
AISP,Airship AI Holdings Inc. Class A Common Stock,$1.86,0.03,1.639%,165827,64057585.00,United States,2021,Computer Software: Prepackaged Software,Technology
AISPW,Airship AI Holdings Inc. Warrants,$0.3506,0.0152,4.532%,2013,12074510.00,United States,2021,Computer Software: Prepackaged Software,Technology
AIT,Applied Industrial Technologies Inc. Common Stock,$332.29,-3.86,-1.148%,321141,12206305970.00,United States,,Industrial Specialties,Consumer Discretionary
AIV,Apartment Investment and Management Company Common Stock,$1.98,-0.08,-3.883%,3734627,287569058.00,United States,1994,Real Estate Investment Trusts,Real Estate
AIXI,XIAO-I Corporation American Depositary Shares,$1.39,-0.10,-6.711%,304666,182803.00,China,2023,Computer Software: Prepackaged Software,Technology
AIZ,Assurant Inc. Common Stock,$263.50,-0.15,-0.057%,310064,12996812605.00,United States,2004,Property-Casualty Insurers,Finance
AIZN,Assurant Inc. 5.25% Subordinated Notes due 2061,$17.81,0.09,0.508%,46042,898678548.00,United States,2020,Property-Casualty Insurers,Finance
AJG,Arthur J. Gallagher & Co. Common Stock,$228.11,0.36,0.158%,1588654,58464593000.00,United States,,Specialty Insurers,Finance
AKA,a.k.a. Brands Holding Corp. Common Stock,$10.88,-0.12,-1.091%,416,119582722.00,,2021,Catalog/Specialty Distribution,Consumer Discretionary
AKAM,Akamai Technologies Inc. Common Stock,$106.35,-2.10,-1.936%,6279037,15284261367.00,United States,1999,Business Services,Consumer Discretionary
AKAN,Akanda Corp. Common Shares,$2.57,0.00,0.00%,86290,1389961.00,United Kingdom,2022, Medicinal Chemicals and Botanical Products ,Health Care
AKBA,Akebia Therapeutics Inc. Common Stock,$0.92,0.0339,3.826%,10827785,254937745.00,United States,2014,Biotechnology: Pharmaceutical Preparations,Health Care
AKO/A,Embotelladora Andina S.A.,$24.50,-1.47,-5.66%,252,,Chile,,,
AKO/B,Embotelladora Andina S.A.,$29.02,-1.41,-4.634%,8156,,Chile,,,
AKR,Acadia Realty Trust Common Stock,$18.74,-0.46,-2.396%,1638669,2573615210.00,United States,,Real Estate Investment Trusts,Real Estate
AKTS,Aktis Oncology Inc. Common stock,$19.47,-0.22,-1.117%,277280,1082911646.00,United States,2026,Biotechnology: Pharmaceutical Preparations,Health Care
AKTX,Akari Therapeutics plc ADS,$9.30,-0.42,-4.321%,46958,18106933.00,United Kingdom,,Biotechnology: Pharmaceutical Preparations,Health Care
ALAB,Astera Labs Inc. Common Stock,$355.97,-1.87,-0.523%,3265441,61755492471.00,United States,2024,Semiconductors,Technology
ALAR,Alarum Technologies Ltd. American Depositary Share,$1.60,-0.15,-8.571%,117118,11600754.00,Israel,2018,Computer Software: Prepackaged Software,Technology
ALB,Albemarle Corporation Common Stock,$105.78,-1.84,-1.71%,1697666,12482574929.00,United States,,Major Chemicals,Industrials
ALB^A,Albemarle Corporation Depositary Shares each representing a 1/20th of 7.25% Series A Mandatory Convertible Preferred Stock,$45.64,-0.24,-0.523%,323973,,United States,,,
ALC,Alcon Inc. Ordinary Shares,$64.75,-0.69,-1.054%,1603921,32355575000.00,Switzerland,2019,Ophthalmic Goods,Health Care
ALCO,Alico Inc. Common Stock,$38.58,0.08,0.208%,43011,286208083.00,United States,,Farming/Seeds/Milling,Consumer Staples
ALDF,Aldel Financial II Inc. Class A Ordinary Shares,$10.82,0.00,0.00%,25153,0.00,United States,2024,,
ALDFU,Aldel Financial II Inc. Units,$10.90,-0.04,-0.366%,229,0.00,United States,2024,Blank Checks,Finance
ALDX,Aldeyra Therapeutics Inc. Common Stock,$1.23,-0.09,-6.818%,1651548,74201498.00,United States,2014,Biotechnology: Pharmaceutical Preparations,Health Care
ALEC,Alector Inc. Common Stock,$1.85,-0.02,-1.07%,792707,206565300.00,United States,2019,Biotechnology: Biological Products (No Diagnostic Substances),Health Care
ALF,Centurion Acquisition Corp. Class A Ordinary Shares,$10.82,0.00,0.00%,18,0.00,United States,2024,,
ALG,Alamo Group Inc. Common Stock,$154.77,-4.02,-2.532%,187457,1883700253.00,United States,,Industrial Machinery/Components,Industrials
ALGM,Allegro MicroSystems Inc. Common Stock,$36.35,-0.25,-0.683%,2098852,6775714372.00,United States,2020,Semiconductors,Technology
ALGN,Align Technology Inc. Common Stock,$145.35,1.34,0.93%,917971,10325642488.00,United States,2001,Industrial Specialties,Health Care
ALGS,Aligos Therapeutics Inc. Common Stock,$5.63,0.01,0.178%,35336,35156862.00,United States,2020,Biotechnology: Biological Products (No Diagnostic Substances),Health Care
ALGT,Allegiant Travel Company Common Stock,$75.79,-1.24,-1.61%,491708,2071928451.00,United States,2006,Air Freight/Delivery Services,Consumer Discretionary
ALH,Alliance Laundry Holdings Inc. Common Stock,$21.30,-0.43,-1.979%,1034345,4234207745.00,United States,2025,Industrial Machinery/Components,Industrials
ALHC,Alignment Healthcare Inc. Common Stock,$8.16,0.25,3.161%,8787199,1692670816.00,United States,2021,Medical Specialities,Health Care
ALIS,Calisa Acquisition Corp Ordinary shares,$10.31,-0.01,-0.097%,14890,0.00,United States,2025,,
ALISR,Calisa Acquisition Corp Right,$0.83,0.16,23.881%,15483,0.00,United States,2025,Blank Checks,Finance
ALIT,Alight Inc. Class A Common Stock,$8.92,-0.31,-3.359%,584471,240296710.00,United States,2021,Business Services,Consumer Discretionary
ALK,Alaska Air Group Inc. Common Stock,$38.70,-1.23,-3.08%,4597392,4319040744.00,United States,,Air Freight/Delivery Services,Consumer Discretionary
ALKS,Alkermes plc Ordinary Shares,$40.52,-0.28,-0.686%,2527237,6797767781.00,Ireland,1991,Biotechnology: Pharmaceutical Preparations,Health Care
ALKT,Alkami Technology Inc. Common Stock,$13.69,0.32,2.393%,2427342,1464035706.00,United States,2021,Computer Software: Prepackaged Software,Technology
ALL,Allstate Corporation (The) Common Stock,$221.86,-3.56,-1.579%,3879115,56099064787.00,United States,,Property-Casualty Insurers,Finance
ALL^B,Allstate Corporation (The) 5.100% Fixed-to-Floating Rate Subordinated Debentures due 2053,$25.99,0.13,0.503%,272597,,United States,,,
ALL^H,Allstate Corporation (The) Depositary Shares each representing a 1/1000th interest in a share of Fixed Rate Noncumulative Perpetual Preferred Stock Series H,$17.64,-0.54,-2.97%,560651,,United States,,,
ALL^I,Allstate Corporation (The) Depositary Shares each representing a 1/1000th interest in a share of Fixed Rate Noncumulative Perpetual Preferred Stock Series I,$16.53,-0.66,-3.839%,187134,,United States,,,
ALL^J,Allstate Corporation (The) Depositary Shares each representing a 1/1000th interest in a share of Fixed Rate Noncumulative Perpetual Preferred Stock Series J,$25.26,-0.84,-3.218%,171348,,United States,,,
ALLE,Allegion plc Ordinary Shares,$153.77,-1.66,-1.068%,671084,13076106583.00,United States,2013,Diversified Commercial Services,Consumer Discretionary
ALLO,Allogene Therapeutics Inc. Common Stock,$1.60,-0.02,-1.235%,8132504,552785410.00,United States,2018,Biotechnology: Biological Products (No Diagnostic Substances),Health Care
ALLR,Allarity Therapeutics Inc. Common Stock,$1.05,0.0849,8.797%,119170,16706260.00,United States,,Biotechnology: Pharmaceutical Preparations,Health Care
ALLT,Allot Ltd. Ordinary Shares,$8.44,0.00,0.00%,228105,412910956.00,Israel,2006,Computer Communications Equipment,Telecommunications
ALLY,Ally Financial Inc. Common Stock,$37.62,-0.19,-0.503%,4861427,11443992451.00,United States,2014,Major Banks,Finance
ALM,Almonty Industries Inc. Common Shares,$13.16,-0.03,-0.227%,3520335,3796406670.00,Canada,,Other Metals and Minerals,Basic Materials
ALMR,Alamar Biosciences Inc. Common Stock,$34.07,1.42,4.349%,741926,2364211538.00,United States,2026,Biotechnology: Laboratory Analytical Instruments,Industrials
ALMS,Alumis Inc. Common Stock,$7.39,0.10,1.372%,1403026,956526416.00,United States,2024,Biotechnology: Pharmaceutical Preparations,Health Care
ALMU,Aeluma Inc. Common Stock,$12.36,-0.39,-3.059%,372849,238123694.00,United States,,Semiconductors,Technology
ALNT,Allient Inc. Common Stock,$111.60,-0.50,-0.446%,309220,1897480228.00,United States,,Electrical Products,Industrials
ALNY,Alnylam Pharmaceuticals Inc. Common Stock,$246.74,-7.33,-2.885%,1044415,33016061775.00,United States,2004,Biotechnology: Pharmaceutical Preparations,Health Care
ALOV,Aldabra 4 Liquidity Opportunity Vehicle Inc. Class A Ordinary Shares,$10.04,0.05,0.501%,1115,0.00,United States,2026,,
ALOY,REalloys Inc. Common Stock,$8.17,0.17,2.125%,1847319,567152666.00,United States,,Metal Mining,Basic Materials
ALP,Alpha Compute Corp Ordinary Shares,$4.83,-0.31,-6.031%,36229,7485766.00,Canada,,Finance: Consumer Services,Finance
ALPS,ALPS Group Inc Ordinary Share,$0.398,-0.0019,-0.475%,57496,66227325.00,Malaysia,,Medical/Nursing Services,Health Care
ALPX,Alpex Acquisition Corporation Class A Ordinary Shares,$9.96,0.01,0.101%,207,0.00,United States,2026,Blank Checks,Finance
ALPXU,Alpex Acquisition Corporation Unit,$10.23,0.00,0.00%,4,0.00,United States,2026,Blank Checks,Finance
ALRM,Alarm.com Holdings Inc. Common Stock,$54.47,0.63,1.17%,382894,2673944719.00,United States,2015,Computer Software: Prepackaged Software,Technology
ALRS,Alerus Financial Corporation Common Stock,$31.58,-0.19,-0.598%,180199,787211271.00,United States,2019,Major Banks,Finance
ALSN,Allison Transmission Holdings Inc. Common Stock,$113.26,0.25,0.221%,1020454,9352788584.00,United States,2012,Auto Parts:O.E.M.,Consumer Discretionary
ALT,Altimmune Inc. Common Stock,$2.86,-0.11,-3.704%,4922517,556320625.00,United States,,Biotechnology: Pharmaceutical Preparations,Health Care
ALTG,Alta Equipment Group Inc. Class A Common Stock,$6.08,0.15,2.53%,296879,198614582.00,United States,2019,Industrial Machinery/Components,Industrials
ALTG^A,Alta Equipment Group Inc. Depositary Shares (each representing 1/1000th in a share of 10% Series A Cumulative Perpetual Preferred Stock),$25.30,0.08,0.317%,9712,,United States,,,
ALTI,AlTi Global Inc. Class A Common Stock,$2.99,-0.02,-0.664%,89627,466270862.00,United States,2021,Investment Managers,Finance
ALTO,Alto Ingredients Inc. Common Stock,$3.69,0.06,1.653%,892983,286224311.00,United States,,Major Chemicals,Industrials
ALUB,Alussa Energy Acquisition Corp. II Class A Ordinary Shares,$10.14,0.01,0.099%,10675,0.00,,2026,,
ALV,Autoliv Inc. Common Stock,$111.89,-1.15,-1.017%,495262,8194512210.00,Sweden,,Auto Parts:O.E.M.,Consumer Discretionary
ALVO,Alvotech Ordinary Shares,$5.80,-0.12,-2.027%,1136349,2264502584.00,Luxembourg,,Biotechnology: Biological Products (No Diagnostic Substances),Health Care
ALX,Alexander's Inc. Common Stock,$246.50,-0.52,-0.211%,31682,1258946985.00,United States,,Real Estate Investment Trusts,Real Estate
ALXO,ALX Oncology Holdings Inc. Common Stock,$1.39,0.04,2.963%,1344381,192205026.00,United States,2020,Biotechnology: Pharmaceutical Preparations,Health Care
ALZN,Alzamend Neuro Inc. Common Stock,$1.73,-0.09,-4.945%,21705,8348501.00,United States,2021,Biotechnology: Pharmaceutical Preparations,Health Care
AM,Antero Midstream Corporation Common Stock,$20.16,-0.09,-0.444%,2389759,9569427840.00,United States,2017,Natural Gas Distribution,Utilities
AMAC,AMR Resources Acquisition Corp Class A Ordinary Shares,$9.79,0.00,0.00%,619,0.00,Cayman Islands,2026,Blank Checks,Finance
AMACU,AMR Resources Acquisition Corp Units,$9.92,0.00,0.00%,7,0.00,Cayman Islands,2026,Blank Checks,Finance
AMAL,Amalgamated Financial Corp. Common Stock (DE),$47.57,0.72,1.537%,1141556,1422349993.00,United States,2018,Major Banks,Finance
AMAN,Amanat Acquisition Corp Class A Ordinary Shares,$10.68,0.07,0.66%,3081,0.00,United States,2026,Blank Checks,Finance
AMAT,Applied Materials Inc. Common Stock,$511.38,-0.63,-0.123%,6265900,405829860401.00,United States,1972,Semiconductors,Technology
AMBA,Ambarella Inc. Ordinary Shares,$69.51,0.78,1.135%,857935,3068238894.00,United States,2012,Semiconductors,Technology
AMBO,Ambow Education Holding Ltd. American Depository Shares (each representing twenty (20) Class A Ordinary Shares),$1.90,-0.06,-3.061%,34913,5434612.00,China,,Other Consumer Services,Real Estate
AMBP,Ardagh Metal Packaging S.A. Ordinary Shares,$4.34,-0.01,-0.23%,1630207,2594016203.00,,,Containers/Packaging,Industrials
AMBQ,Ambiq Micro Inc. Common Stock,$68.17,3.36,5.184%,582378,1648659819.00,United States,2025,Semiconductors,Technology
AMBR,Amber International Holding Limited American Depositary Shares,$1.78,-0.06,-3.261%,88597,167809947.00,Hong Kong,2017,Finance: Consumer Services,Finance
AMC,AMC Entertainment Holdings Inc. Class A Common Stock,$3.00,-0.08,-2.597%,21652178,2677813914.00,United States,2013,Movies/Entertainment,Consumer Discretionary
AMCI,AMC Robotics Corporation Common Stock,$3.32,0.06,1.84%,54234,77045324.00,United States,2023,Home Furnishings,Consumer Discretionary
AMCR,Amcor plc Ordinary Shares,$41.86,-0.60,-1.413%,2752182,19353790583.00,United Kingdom,2019,Miscellaneous manufacturing industries,Consumer Discretionary
AMCX,AMC Global Media Inc. Class A Common Stock,$11.66,0.12,1.04%,420941,480974662.00,United States,,Cable & Other Pay Television Services,Telecommunications
AMD,Advanced Micro Devices Inc. Common Stock,$611.76,4.19,0.69%,16749694,998682931694.00,United States,,Semiconductors,Technology
AME,AMETEK Inc.,$247.73,-3.05,-1.216%,1727359,56794887976.00,United States,,Industrial Machinery/Components,Industrials
AMG,Affiliated Managers Group Inc. Common Stock,$365.61,-5.00,-1.349%,324223,9454650104.00,United States,,Investment Managers,Finance
AMGN,Amgen Inc. Common Stock,$421.51,-2.13,-0.503%,3130968,227881796428.00,United States,1983,Biotechnology: Biological Products (No Diagnostic Substances),Health Care
AMH,American Homes 4 Rent Common Shares of Beneficial Interest,$30.39,-0.29,-0.945%,3341429,10915478498.00,United States,2013,Real Estate Investment Trusts,Real Estate
AMH^G,American Homes 4 Rent Series G cumulative redeemable perpetual preferred shares of beneficial interest,$21.29,0.28,1.333%,19636,,United States,,,
AMH^H,American Homes 4 Rent Series H cumulative redeemable perpetual Preferred Shares of Beneficial Interest,$22.89,0.22,0.97%,40200,,United States,,,
AMIX,Autonomix Medical Inc. Common Stock,$3.83,0.08,2.133%,402088,7506563.00,United States,2024,Medical/Dental Instruments,Health Care
AMKR,Amkor Technology Inc. Common Stock,$52.38,-1.76,-3.251%,4538479,13013940483.00,United States,1998,Semiconductors,Technology
AMLX,Amylyx Pharmaceuticals Inc. Common Stock,$29.10,-0.18,-0.615%,1307091,3650836035.00,United States,2022,Biotechnology: Pharmaceutical Preparations,Health Care
AMN,AMN Healthcare Services Inc,$35.87,0.92,2.632%,1042363,1389244777.00,United States,,Professional Services,Consumer Discretionary
AMOD,Alpha Modus Holdings Inc. Class A Common Stock,$1.55,-0.03,-1.899%,10155,7728709.00,United States,,Multi-Sector Companies,Miscellaneous
AMP,Ameriprise Financial Inc. Common Stock,$492.35,-4.97,-0.999%,769588,44260829307.00,United States,,Investment Managers,Finance
AMPG,Amplitech Group Inc. Common Stock,$3.14,-0.08,-2.484%,817966,94337805.00,United States,,Telecommunications Equipment,Telecommunications
AMPGZ,Amplitech Group Inc. Series B Right,$0.112,-0.0638,-36.291%,52880,3364915.00,United States,,Telecommunications Equipment,Telecommunications
AMPH,Amphastar Pharmaceuticals Inc. Common Stock,$25.81,-0.87,-3.261%,509405,1097904335.00,United States,2014,Biotechnology: Pharmaceutical Preparations,Health Care
AMPL,Amplitude Inc. Class A Common Stock,$13.85,0.21,1.54%,3162155,1730087514.00,United States,,Computer Software: Prepackaged Software,Technology
AMPX,Amprius Technologies Inc. Common Stock,$9.68,0.15,1.574%,6891030,1414060382.00,United States,2022,Industrial Machinery/Components,Miscellaneous
AMPY,Amplify Energy Corp. Common Stock,$4.21,0.06,1.446%,728365,174531655.00,United States,2016,Oil & Gas Production,Energy
AMR,Alpha Metallurgical Resources Inc. Common Stock,$168.22,2.22,1.337%,340044,2132868950.00,United States,2018,Coal Mining,Energy
AMRC,Ameresco Inc. Class A Common Stock,$20.71,-0.32,-1.522%,477469,1099001230.00,United States,2010,Engineering & Construction,Consumer Discretionary
AMRN,Amarin Corporation plc,$13.00,-0.14,-1.065%,62554,274596842.00,Ireland,,Biotechnology: Pharmaceutical Preparations,Health Care
AMRX,Amneal Pharmaceuticals Inc. Class A Common Stock,$20.14,-0.06,-0.297%,4105030,7014681782.00,United States,,Biotechnology: Pharmaceutical Preparations,Health Care
AMRZ,Amrize Ltd Ordinary Shares,$37.39,-0.32,-0.849%,3144458,20449549829.00,Switzerland,2025,Building Materials,Industrials
AMS,American Shared Hospital Services Common Stock,$1.42,-0.02,-1.389%,16289,9443000.00,United States,1988,Medical Specialities,Health Care
AMSC,American Superconductor Corporation Common Stock,$29.11,-0.06,-0.206%,742587,1410150783.00,United States,1991,Metal Fabrications,Consumer Discretionary
AMSF,AMERISAFE Inc. Common Stock,$23.63,-0.24,-1.005%,595781,438007051.00,United States,2005,Property-Casualty Insurers,Finance
AMSS,AMASS Brands Inc. Common Stock,$0.4737,0.0327,7.415%,4027657,5497327.00,United States,,Beverages (Production/Distribution),Consumer Staples
AMST,Amesite Inc. Common Stock,$0.9902,0.0002,0.02%,31568,6485662.00,United States,2020,Computer Software: Prepackaged Software,Technology
AMT,American Tower Corporation (REIT) Common Stock,$163.69,-3.66,-2.187%,2778731,76273000257.00,United States,,Real Estate Investment Trusts,Real Estate
AMTB,Amerant Bancorp Inc. Class A Common Stock,$28.67,-0.46,-1.579%,459380,1123573229.00,United States,,Major Banks,Finance
AMTD,AMTD IDEA Group American Depositary Shares each representing six (6) Class A Ordinary Shares,$0.7801,0.0579,8.017%,73287,74659903.00,,,Finance: Consumer Services,Finance
AMTM,Amentum Holdings Inc. Common Stock,$18.12,-0.03,-0.165%,1632829,4430456204.00,United States,2024,Business Services,Consumer Discretionary
AMTX,Aemetis Inc. (DE) Common Stock,$1.78,-0.05,-2.732%,530089,128461877.00,United States,,Major Chemicals,Industrials
AMWL,American Well Corporation Class A Common Stock,$13.58,0.44,3.349%,91841,230978934.00,United States,2020,Business Services,Consumer Discretionary
AMX,America Movil S.A.B. de C.V. American Depositary Shares (each representing the right to receive twenty (20) Series B Shares,$21.19,-0.59,-2.709%,2686282,63776602500.00,Mexico,2023,Telecommunications Equipment,Telecommunications
AMZN,Amazon.com Inc. Common Stock,$249.15,2.48,1.005%,41913318,2687410026464.00,United States,1997,Catalog/Specialty Distribution,Consumer Discretionary
AN,AutoNation Inc. Common Stock,$157.44,0.64,0.408%,835561,5205093297.00,United States,,Retail-Auto Dealers and Gas Stations,Consumer Discretionary
ANAB,AnaptysBio Inc. Common Stock,$50.26,-0.11,-0.218%,1430139,1488122255.00,United States,2017,Biotechnology: Pharmaceutical Preparations,Health Care
ANDE,Andersons Inc. (The) Common Stock,$65.70,-0.51,-0.77%,398622,2232194949.00,United States,,Farming/Seeds/Milling,Industrials
ANDG,Andersen Group Inc. Class A Common Stock,$54.40,-1.07,-1.929%,696006,6146571843.00,,2025,Business Services,Consumer Discretionary
ANET,Arista Networks Inc. Common Stock,$203.59,0.73,0.36%,4899019,256772726086.00,United States,,Computer Communications Equipment,Telecommunications
ANF,Abercrombie & Fitch Company Common Stock,$134.69,1.10,0.823%,1112262,5715486238.00,United States,,Clothing/Shoe/Accessory Stores,Consumer Discretionary
ANG^D,American National Group Inc. Depositary Shares each representing a 1/1000th interest in a share of 7.375% Fixed-Rate Non-Cumulative Preferred Stock Series D,$23.85,-0.41,-1.69%,241126,,United States,,,
ANGH,Anghami Inc. Ordinary Shares,$3.7615,-0.0378,-0.995%,3416,34097275.00,United Arab Emirates,,Telecommunications Equipment,Consumer Discretionary
ANGHW,Anghami Inc. Warrants,$0.0086,0.00,0.00%,134,77957.00,United Arab Emirates,,Telecommunications Equipment,Consumer Discretionary
ANGI,Angi Inc. Class A Common Stock,$5.76,0.04,0.699%,1070398,233604006.00,United States,,Advertising,Consumer Discretionary
ANGO,AngioDynamics Inc. Common Stock,$15.38,-0.22,-1.41%,634495,635692143.00,United States,2004,Medical/Dental Instruments,Health Care
ANGX,Angel Studios Inc. Class A Common Stock,$4.67,0.01,0.215%,1564115,872152010.00,United States,2025,Movies/Entertainment,Consumer Discretionary
ANIK,Anika Therapeutics Inc. Common Stock,$19.66,-0.285,-1.429%,72134,263109112.00,United States,,Medical/Dental Instruments,Health Care
ANIP,ANI Pharmaceuticals Inc.,$72.65,0.03,0.041%,383968,1668006803.00,United States,,Biotechnology: Pharmaceutical Preparations,Health Care
ANIX,Anixa Biosciences Inc. Common Stock,$2.93,0.08,2.807%,430340,101857940.00,United States,,Biotechnology: Pharmaceutical Preparations,Health Care
ANL,Adlai Nortye Group Ltd. American Depositary Shares,$16.00,0.35,2.236%,93958,1030367008.00,Cayman Islands,2023,Biotechnology: Pharmaceutical Preparations,Health Care
ANNA,AleAnna Inc. Class A Common Stock,$2.635,0.035,1.346%,79292,176372144.00,United States,,Oil & Gas Production,Energy
ANNAW,AleAnna Inc. Warrant,$0.2694,0.00,0.00%,85,18032127.00,United States,,Oil & Gas Production,Energy
ANNX,Annexon Inc. Common Stock,$4.23,0.10,2.421%,4411932,801919737.00,United States,2020,Biotechnology: Pharmaceutical Preparations,Health Care
ANPA,Rich Sparkle Holdings Limited Ordinary Shares,$1.89,-0.13,-6.436%,28268,28542317.00,Hong Kong,2025,Other Consumer Services,Consumer Discretionary
ANRO,Alto Neuroscience Inc. Common Stock,$25.53,-1.05,-3.95%,891641,1001850915.00,United States,2024,Biotechnology: Pharmaceutical Preparations,Health Care
ANTA,Antalpha Platform Holding Company Class A Ordinary Shares,$2.62,0.33,14.41%,734628,98512000.00,Singapore,2025,Investment Bankers/Brokers/Service,Finance
ANTX,AN2 Therapeutics Inc. Common Stock,$5.32,0.23,4.519%,199206,200756781.00,United States,2022,Biotechnology: Pharmaceutical Preparations,Health Care
ANVS,Annovis Bio Inc. Common Stock,$1.27,-0.03,-2.308%,573006,54202405.00,United States,2020,Biotechnology: Pharmaceutical Preparations,Health Care
AOD,abrdn Total Dynamic Dividend Fund Common Shares of Beneficial Interest,$10.16,-0.05,-0.49%,397148,0.00,United States,2007,Investment Managers,Finance
AOMD,Angel Oak Mortgage REIT Inc. 9.750% Senior Notes due 2030,$24.99,0.00,0.00%,5399,0.00,United States,2025,Real Estate,Finance
AOMN,Angel Oak Mortgage REIT Inc. 9.500% Senior Notes due 2029,$24.91,-0.1201,-0.48%,10355,0.00,United States,2024,Real Estate,Finance
AOMR,Angel Oak Mortgage REIT Inc. Common Stock,$7.30,-0.23,-3.054%,176659,169468602.00,United States,2021,Real Estate,Finance
AON,Aon plc Class A Ordinary Shares (Ireland),$276.77,0.87,0.315%,2300142,58709956368.00,United States,,Specialty Insurers,Finance
AORT,Artivion Inc. Common Stock,$22.82,-0.04,-0.175%,501393,1112616963.00,United States,,Medical/Dental Instruments,Health Care
AOS,A.O. Smith Corporation Common Stock,$56.37,-1.65,-2.844%,2275893,7661166260.00,United States,,Consumer Electronics/Appliances,Consumer Discretionary
AOSL,Alpha and Omega Semiconductor Limited Common Shares,$27.50,-0.11,-0.398%,571568,832129513.00,Bermuda,2010,Semiconductors,Technology
AOUT,American Outdoor Brands Inc. Common Stock ,$16.20,-0.70,-4.142%,167900,204463845.00,United States,,Recreational Games/Products/Toys,Consumer Discretionary
AP,Ampco-Pittsburgh Corporation Common Stock,$8.85,-0.15,-1.667%,100302,182828796.00,United States,,Fluid Controls,Industrials
APA,APA Corporation Common Stock,$41.54,-0.65,-1.541%,5966533,14553601725.00,United States,,Oil & Gas Production,Energy
APAC,StoneBridge Acquisition II Corporation Class A Ordinary Shares,$10.27,0.01,0.097%,1187,0.00,United States,2025,Blank Checks,Finance
APACR,StoneBridge Acquisition II Corporation Rights,$0.11,0.00,0.00%,28,0.00,United States,2025,,
APAM,Artisan Partners Asset Management Inc. Class A Common Stock,$36.12,-0.30,-0.824%,1227996,2928344804.00,United States,2013,Investment Managers,Finance
APC,ARKO Petroleum Corp. Class A Common Stock,$14.86,-0.21,-1.393%,203990,186793514.00,United States,2026,Oil Refining/Marketing,Energy
APD,Air Products and Chemicals Inc. Common Stock,$278.23,-0.96,-0.344%,988395,61957795012.00,United States,,Major Chemicals,Basic Materials
APEI,American Public Education Inc. Common Stock,$42.18,1.09,2.653%,339419,771959084.00,United States,2007,Other Consumer Services,Real Estate
APG,APi Group Corporation Common Stock,$38.60,-0.15,-0.387%,2596561,16681387464.00,United States,2020,Diversified Commercial Services,Consumer Discretionary
APH,Amphenol Corporation Common Stock,$84.30,-0.04,-0.047%,15838923,207881010850.00,United States,,Electrical Products,Technology
API,Agora Inc. American Depositary Shares,$4.18,0.03,0.723%,139396,350179500.00,China,2020,Computer Software: Prepackaged Software,Technology
APLD,Applied Digital Corporation Common Stock,$24.37,-1.04,-4.093%,15501625,7288929870.00,United States,2022,EDP Services,Technology
APLE,Apple Hospitality REIT Inc. Common Shares,$16.16,-0.11,-0.676%,3323033,3815096400.00,United States,2015,Real Estate Investment Trusts,Real Estate
APLM,Apollomics Inc. Class A Ordinary Shares,$24.9498,0.8299,3.441%,1328,72255943.00,United States,,Biotechnology: Pharmaceutical Preparations,Health Care
APLMW,Apollomics Inc. Warrant,$0.0112,0.0003,2.752%,1215,32436.00,United States,,Biotechnology: Pharmaceutical Preparations,Health Care
APMC,AmperCap Acquisition Company Ordinary Shares,$9.96,0.00,0.00%,12,0.00,United States,2026,Blank Checks,Finance
APMD,Apnimed Inc. Common Stock,$21.91,-1.99,-8.326%,669651,912130368.00,United States,2026,Biotechnology: Pharmaceutical Preparations,Health Care
APO,Apollo Global Management Inc. (New) Common Stock,$116.06,-2.94,-2.471%,4189448,68538439034.00,United States,,Investment Managers,Finance
APOG,Apogee Enterprises Inc. Common Stock,$35.37,-0.47,-1.311%,276603,738111559.00,United States,,Auto Parts:O.E.M.,Consumer Discretionary
APOS,Apollo Global Management Inc. 7.625% Fixed-Rate Resettable Junior Subordinated Notes due 2053,$25.64,0.48,1.908%,160203,14602858708.00,United States,1987,Investment Managers,Finance
APP,Applovin Corporation Class A Common Stock,$290.43,-15.23,-4.983%,6734287,97192689930.00,United States,2021,Computer Software: Programming Data Processing,Technology
APPF,AppFolio Inc. Class A Common Stock,$200.52,4.70,2.40%,263191,7101815236.00,United States,2015,Computer Software: Prepackaged Software,Technology
APPN,Appian Corporation Class A Common Stock,$35.27,-0.06,-0.17%,1083542,2526305346.00,United States,2017,Computer Software: Prepackaged Software,Technology
APPS,Digital Turbine Inc. Common Stock,$11.10,-0.545,-4.68%,5264602,1343280375.00,United States,,Multi-Sector Companies,Miscellaneous
APRE,Aprea Therapeutics Inc. Common stock,$0.75,-0.0196,-2.547%,582214,9443352.00,United States,2019,Biotechnology: Pharmaceutical Preparations,Health Care
APT,Alpha Pro Tech Ltd. Common Stock,$5.12,-0.10,-1.916%,10218,52255836.00,Canada,2000,Industrial Specialties,Health Care
APTV,Aptiv PLC Ordinary Shares,$43.02,-0.35,-0.807%,3719853,8932385900.00,United Kingdom,,Auto Parts:O.E.M.,Consumer Discretionary
APUR,Aperture AC Class A Ordinary Shares,$10.04,0.01,0.10%,17855,0.00,United States,2026,Blank Checks,Finance
APURR,Aperture AC Rights,$0.2983,-0.0019,-0.633%,158189,0.00,United States,2026,Blank Checks,Finance
APUS,Apimeds Pharmaceuticals US Inc. Common Stock,$5.00,-0.02,-0.398%,191531,7713120.00,,2025,Biotechnology: Pharmaceutical Preparations,Health Care
APVO,Aptevo Therapeutics Inc. Common Stock,$1.82,-0.04,-2.151%,25264,3279585.00,United States,,Biotechnology: Pharmaceutical Preparations,Health Care
APWC,Asia Pacific Wire & Cable Corporation Ltd. Ordinary Shares (Bermuda),$1.32,-0.02,-1.493%,1147,54426839.00,Taiwan,,Telecommunications Equipment,Industrials
APXT,Apex Treasury Corporation Class A Ordinary Share,$10.13,-0.01,-0.099%,44784,0.00,United States,2025,Blank Checks,Finance
APXTU,Apex Treasury Corporation Units,$10.27,0.00,0.00%,9,0.00,United States,2025,Blank Checks,Finance
APXTW,Apex Treasury Corporation Warrants,$0.32,0.03,10.345%,11227,0.00,United States,2025,Blank Checks,Finance
APYX,Apyx Medical Corporation Common Stock,$2.45,-0.15,-5.769%,639628,103203856.00,United States,,Medical/Dental Instruments,Health Care
AQB,AquaBounty Technologies Inc. Common Stock,$0.9261,-0.0213,-2.248%,20185,4766826.00,United States,,Meat/Poultry/Fish,Consumer Staples
AQMS,Aqua Metals Inc. Common Stock,$2.47,-0.17,-6.439%,40082,8801922.00,United States,2015,Metal Fabrications,Industrials
AQN,Algonquin Power & Utilities Corp. Common Shares,$5.03,-0.02,-0.396%,6050736,3871830851.00,United States,2016,Electric Utilities: Central,Utilities
AQNB,Algonquin Power & Utilities Corp. 6.20% Fixed-to-Floating Subordinated Notes Series 2019-A due July 1 2079,$26.36,0.17,0.649%,87738,20245139026.00,United States,2019,Electric Utilities: Central,Utilities
AQST,Aquestive Therapeutics Inc. Common Stock,$4.63,-0.04,-0.857%,2412550,581118930.00,United States,2018,Biotechnology: Pharmaceutical Preparations,Health Care
AR,Antero Resources Corporation Common Stock,$33.39,-0.18,-0.536%,3656712,10265388210.00,United States,2013,Oil & Gas Production,Energy
ARAI,Arrive AI Inc. Common Stock,$0.217,0.0077,3.679%,875031,11257137.00,United States,,Diversified Commercial Services,Consumer Discretionary
ARAY,Accuray Incorporated Common Stock,$0.2701,-0.0254,-8.596%,4052050,32260557.00,United States,2007,Medical/Dental Instruments,Health Care
ARBB,ARB IOT Group Limited Ordinary Shares,$4.42,-0.2002,-4.333%,3400,7802432.00,Malaysia,2023,EDP Services,Technology
ARBE,Arbe Robotics Ltd. Ordinary Shares,$0.62,0.0124,2.041%,623349,79446289.00,Israel,,EDP Services,Technology
ARBEW,Arbe Robotics Ltd. Warrant,$0.0178,-0.0403,-69.363%,488705,2280877.00,Israel,,EDP Services,Technology
ARBK,Argo Blockchain plc American Depositary Shares,$2.27,0.08,3.653%,6935,30327277.00,United Kingdom,2021,Finance: Consumer Services,Finance
ARCB,ArcBest Corporation Common Stock,$127.44,-1.43,-1.11%,193284,2848456554.00,United States,,Trucking Freight/Courier Services,Industrials
ARCC,Ares Capital Corporation Common Stock,$19.10,-0.26,-1.343%,5857556,13714236340.00,United States,2004,Finance: Consumer Services,Finance
ARCI,Archimedes Tech SPAC Partners III Co. Ordinary Share,$10.10,0.00,0.00%,14,0.00,United States,2026,,
ARCIW,Archimedes Tech SPAC Partners III Co. Warrant,$0.5332,0.0332,6.64%,608,0.00,United States,2026,,
ARCL,ARC Group Acquisition I Corp Class A Ordinary Shares,$10.02,0.00,0.00%,142,0.00,United States,2026,Blank Checks,Finance
ARCLR,ARC Group Acquisition I Corp Right,$0.1401,-0.0399,-22.167%,812,0.00,United States,2026,Blank Checks,Finance
ARCO,Arcos Dorados Holdings Inc. Class A Shares,$7.15,0.03,0.421%,1298103,1506240858.00,Argentina,2011,Restaurants,Consumer Discretionary
ARCT,Arcturus Therapeutics Holdings Inc. Common Stock,$13.69,-0.01,-0.073%,593083,389111815.00,Israel,2013,Biotechnology: Pharmaceutical Preparations,Health Care
ARDC,Ares Dynamic Credit Allocation Fund Inc. Common Shares,$11.50,0.01,0.087%,150108,263521799.00,United States,2012,Investment Managers,Finance
ARDT,Ardent Health Inc. Common Stock,$10.34,-0.24,-2.268%,363313,1458414678.00,United States,2024,Hospital/Nursing Management,Health Care
ARDX,Ardelyx Inc. Common Stock,$3.42,0.03,0.885%,4412521,852221496.00,United States,2014,Biotechnology: Pharmaceutical Preparations,Health Care
ARE,Alexandria Real Estate Equities Inc. Common Stock,$47.46,-1.01,-2.084%,1614581,8269789672.00,United States,,Real Estate Investment Trusts,Real Estate
AREC,American Resources Corporation Class A Common Stock,$1.79,-0.02,-1.105%,1105846,191478577.00,United States,,Coal Mining,Energy
ARES,Ares Management Corporation Class A Common Stock,$116.17,-2.80,-2.354%,2079956,38368305693.00,United States,2014,Investment Managers,Finance
ARES^B,Ares Management Corporation 6.75% Series B Mandatory Convertible Preferred Stock,$38.38,-0.24,-0.621%,192571,,United States,,,
ARGX,argenx SE American Depositary Shares,$958.91,-11.75,-1.211%,243930,59512723932.00,Netherlands,2017,Biotechnology: Biological Products (No Diagnostic Substances),Health Care
ARHS,Arhaus Inc. Class A Common Stock,$9.47,0.01,0.106%,1419543,1342388912.00,United States,2021,Other Specialty Stores,Consumer Discretionary
ARI,Apollo Commercial Real Estate Finance Inc,$6.20,-0.03,-0.482%,3526434,794914977.00,United States,2009,Real Estate Investment Trusts,Real Estate
ARIS,Aris Mining Corporation Common Shares,$17.40,-0.35,-1.972%,1656732,3591360000.00,,2023,,
ARKO,ARKO Corp. Common Stock,$4.12,0.01,0.243%,1028972,462205171.00,United States,,Food Chains,Consumer Staples
ARKR,Ark Restaurants Corp. Common Stock,$4.505,-0.025,-0.552%,1201,16245737.00,United States,,Restaurants,Consumer Discretionary
ARL,American Realty Investors Inc. Common Stock,$16.20,-0.43,-2.586%,1765,261663097.00,United States,,Real Estate,Finance
ARLO,Arlo Technologies Inc. Common Stock,$12.40,-0.03,-0.241%,1113665,1334404970.00,United States,2018,Diversified Commercial Services,Consumer Discretionary
ARLP,Alliance Resource Partners L.P. Common Units representing Limited Partners Interests,$24.29,-0.09,-0.369%,214730,3125122276.00,United States,1999,Coal Mining,Energy
ARM,Arm Holdings plc American Depositary Shares,$289.66,-4.01,-1.365%,4166012,308214244294.00,United Kingdom,2023,Semiconductors,Technology
ARMK,Aramark Common Stock,$53.55,-0.90,-1.653%,2084691,14117121106.00,United States,2013,Restaurants,Consumer Discretionary
ARMP,Armata Pharmaceuticals Inc. Common Stock,$3.67,0.08,2.228%,127047,136457863.00,United States,,Biotechnology: Biological Products (No Diagnostic Substances),Health Care
AROC,Archrock Inc. Common Stock,$30.29,0.30,1.00%,1396996,5310993624.00,United States,,Natural Gas Distribution,Utilities
AROW,Arrow Financial Corporation Common Stock,$36.85,-0.46,-1.233%,79034,682599193.00,United States,,Major Banks,Finance
ARQ,Arq Inc. Common Stock,$1.975,0.065,3.403%,298948,86245254.00,United States,,Major Chemicals,Industrials
ARQQ,Arqit Quantum Inc. Ordinary Shares,$24.06,-0.06,-0.249%,160533,579619475.00,United Kingdom,,Computer Software: Prepackaged Software,Technology
ARQT,Arcutis Biotherapeutics Inc. Common Stock,$26.43,-0.32,-1.196%,2391423,3322038529.00,United States,2020,Biotechnology: Pharmaceutical Preparations,Health Care
ARR,ARMOUR Residential REIT Inc.,$13.83,-0.18,-1.285%,5143147,2310957014.00,United States,,Real Estate Investment Trusts,Real Estate
ARR^C,ARMOUR Residential REIT Inc. 7% Series C Cumulative Redeemable Preferred Stock (liquidation preference $25.00 per share),$19.50,0.30,1.563%,36939,,United States,,,
ARRY,Array Technologies Inc. Common Stock,$4.03,0.04,1.003%,7101993,620650999.00,United States,2020,Semiconductors,Technology
ARTC,Art Technology Acquisition Corp. Class A Ordinary Shares,$10.01,0.00,0.00%,2114,0.00,United States,2026,Blank Checks,Finance
ARTL,Artelo Biosciences Inc. Common Stock,$4.04,-0.03,-0.737%,68509,2213007.00,United States,,Biotechnology: Pharmaceutical Preparations,Health Care
ARTNA,Artesian Resources Corporation Class A Common Stock,$33.20,-0.10,-0.30%,28851,342860417.00,United States,,Water Supply,Utilities
ARTV,Artiva Biotherapeutics Inc. Common Stock,$7.12,0.09,1.28%,383989,348097662.00,United States,2024,Biotechnology: Biological Products (No Diagnostic Substances),Health Care
ARTW,Art's-Way Manufacturing Co. Inc. Common Stock,$3.12,0.025,0.808%,4052,16228324.00,United States,,Industrial Machinery/Components,Industrials
ARVN,Arvinas Inc. Common Stock,$7.735,0.235,3.133%,1061097,505762187.00,United States,2018,Biotechnology: Pharmaceutical Preparations,Health Care
ARW,Arrow Electronics Inc. Common Stock,$227.00,-3.23,-1.403%,525159,11555531021.00,United States,,Electronic Components,Technology
ARWR,Arrowhead Pharmaceuticals Inc. Common Stock,$65.45,-0.80,-1.208%,1742903,9245104865.00,United States,,Biotechnology: Pharmaceutical Preparations,Health Care
ARX,Accelerant Holdings Class A Common Shares,$19.73,0.00,0.00%,3676766,4285130131.00,Cayman Islands,2025,Specialty Insurers,Finance
ARXS,Arxis Inc. Class A Common Stock,$49.39,0.14,0.284%,2163804,20619059134.00,United States,2026,Military/Government/Technical,Industrials
AS,Amer Sports Inc. Ordinary Shares,$27.29,0.05,0.184%,6405108,15218742991.00,,2024,Apparel,Consumer Discretionary
ASA,ASA  Gold and Precious Metals Limited,$55.75,0.02,0.036%,42111,1015594572.00,United States,,Precious Metals,Industrials
ASAN,Asana Inc. Class A Common Stock,$8.43,0.20,2.43%,5590280,1930218086.00,United States,2020,Computer Software: Prepackaged Software,Technology
ASB,Associated Banc-Corp Common Stock,$28.65,-0.03,-0.105%,2352529,5410542730.00,United States,,Major Banks,Finance
ASB^E,Associated Banc-Corp Depositary Shares each representing a 1/40th interest in a share of 5.875% Non-Cumulative Perpetual Preferred Stock Series E,$18.73,0.01,0.053%,29382,,United States,,,
ASB^F,Associated Banc-Corp Depositary Shares each representing a 1/40th interest in a share of Associated Banc-Corp 5.625% Non-Cumulative Perpetual Preferred Stock Series F,$18.16,-0.24,-1.304%,25715,,United States,,,
ASBA,Associated Banc-Corp 6.625% Fixed-Rate Reset Subordinated Notes due 2033,$25.12,0.17,0.681%,587313,3790628473.00,United States,2023,Major Banks,Finance
ASBH,American Savings Bank N.A. Common Stock,$17.89,-0.47,-2.56%,149670,144144024.00,,2026,,
ASBP,Aspire-Lakewood Holdings Inc. Common Stock,$8.35,0.17,2.078%,11772,11711351.00,United States,2022,Biotechnology: Pharmaceutical Preparations,Health Care
ASC,Ardmore Shipping Corporation Common Stock,$18.66,0.22,1.193%,853495,761376777.00,,2013,Marine Transportation,Consumer Discretionary
ASG,Liberty All-Star Growth Fund Inc.,$5.05,-0.01,-0.198%,217907,0.00,United States,,Investment Managers,Finance
ASGI,abrdn Global Infrastructure Income Fund Common Shares of Beneficial Interest,$19.32,-0.08,-0.412%,171853,0.00,United States,2020,Investment Managers,Finance
ASH,Ashland Inc. Common Stock,$67.92,-0.52,-0.76%,568584,3110285690.00,United States,,Specialty Chemicals,Consumer Discretionary
ASIC,Ategrity Specialty Insurance Company Holdings Common Stock,$25.55,-0.81,-3.073%,59752,1224533010.00,,2025,Property-Casualty Insurers,Finance
ASIX,AdvanSix Inc. Common Stock ,$15.92,-0.09,-0.562%,488346,429858881.00,United States,2016,Major Chemicals,Industrials
ASLE,AerSale Corporation Common Stock,$5.24,-0.07,-1.318%,538589,250088238.00,United States,2019,Industrial Specialties,Consumer Discretionary
ASM,Avino Silver & Gold Mines Ltd. Common Shares (Canada),$5.55,-0.08,-1.421%,2018380,942696754.00,Canada,,Metal Mining,Basic Materials
ASMB,Assembly Biosciences Inc. Common Stock,$23.49,0.01,0.043%,221155,478270400.00,United States,2010,Biotechnology: Pharmaceutical Preparations,Health Care
ASML,ASML Holding N.V. New York Registry Shares,$1811.67,-22.72,-1.239%,1229646,698249621151.00,Netherlands,1995,Industrial Machinery/Components,Technology
ASND,Ascendis Pharma A/S Ordinary Share,$227.83,-0.24,-0.105%,926301,15010373592.00,Denmark,2015,Biotechnology: Pharmaceutical Preparations,Health Care
ASO,Academy Sports and Outdoors Inc. Common Stock,$48.09,0.20,0.418%,1293337,2961328868.00,United States,2020,Other Specialty Stores,Consumer Discretionary
ASPC,A SPAC III Acquisition Corp. Class A Ordinary Shares,$10.81,0.01,0.093%,583,0.00,China,2025,Blank Checks,Finance
ASPCR,A SPAC III Acquisition Corp. Right,$0.101,0.00,0.00%,132,0.00,China,2025,Blank Checks,Finance
ASPI,ASP Isotopes Inc. Common Stock,$2.65,0.015,0.569%,5916785,406269857.00,United States,2022,Major Chemicals,Industrials
ASPN,Aspen Aerogels Inc. Common Stock,$5.48,0.26,4.981%,1419079,454778536.00,United States,2014,RETAIL: Building Materials,Consumer Discretionary
ASPS,Altisource Portfolio Solutions S.A. Common Stock,$6.69,0.58,9.493%,29870,76401178.00,Luxembourg,,Other Consumer Services,Consumer Discretionary
ASPSW,Altisource Portfolio Solutions S.A. Net Settle Stakeholder Warrants,$0.23,-0.01,-4.167%,2564,2626647.00,Luxembourg,,Other Consumer Services,Consumer Discretionary
ASPSZ,Altisource Portfolio Solutions S.A. Cash Exercise Stakeholder Warrants,$0.17,0.0025,1.493%,5508,1941435.00,Luxembourg,,Other Consumer Services,Consumer Discretionary
ASR,Grupo Aeroportuario del Sureste S.A. de C.V. Common Stock,$235.19,-5.77,-2.395%,206469,7055700000.00,Mexico,,Aerospace,Consumer Discretionary
ASRV,AmeriServ Financial Inc. Common Stock,$4.61,-0.11,-2.331%,5734,78274421.00,United States,,Major Banks,Finance
ASST,Strive Inc. Class A Common Stock,$29.41,0.10,0.341%,4529886,2852847907.00,United States,2023,Finance: Consumer Services,Finance
ASTC,Astrotech Corporation (DE) Common Stock,$7.51,-0.015,-0.199%,30294,15087966.00,United States,,Biotechnology: Laboratory Analytical Instruments,Industrials
ASTE,Astec Industries Inc. Common Stock,$40.24,-0.45,-1.106%,176887,926540768.00,United States,1986,Construction/Ag Equipment/Trucks,Industrials
ASTH,Astrana Health Inc. Common Stock,$35.57,0.12,0.339%,400597,1764427299.00,United States,,Professional Services,Consumer Discretionary
ASTI,Ascent Solar Technologies Inc. Common Stock,$2.52,-0.09,-3.448%,302426,24737406.00,United States,,Semiconductors,Technology
ASTL,Algoma Steel Group Inc. Common Shares,$4.17,-0.03,-0.714%,1007880,439470541.00,Canada,,Steel/Iron Ore,Industrials
ASTLW,Algoma Steel Group Inc. Warrant,$0.005,-0.0048,-48.98%,5714,526943.00,Canada,,Steel/Iron Ore,Industrials
ASTS,AST SpaceMobile Inc. Class A Common Stock,$58.86,-0.54,-0.909%,11902235,22906398697.00,United States,2019,Telecommunications Equipment,Consumer Discretionary
ASUR,Asure Software Inc Common Stock,$7.57,-0.08,-1.046%,80508,218616513.00,United States,,EDP Services,Technology
ASX,ASE Technology Holding Co. Ltd. American Depositary Shares (each representing Two Common Shares) ,$44.46,-0.85,-1.876%,6199086,99007920248.00,Taiwan,2018,Semiconductors,Technology
ASYS,Amtech Systems Inc. Common Stock,$16.78,0.17,1.023%,179908,293785935.00,United States,,Industrial Machinery/Components,Technology
ATAT,Atour Lifestyle Holdings Limited American Depositary Shares,$32.62,-0.23,-0.70%,1472602,4437729054.00,China,2022,Hotels/Resorts,Consumer Discretionary
ATCH,AtlasClear Holdings Inc. Common Stock,$0.2005,0.0091,4.754%,3556537,30443668.00,,2024,Finance: Consumer Services,Finance
ATCX,Atlas Critical Minerals Corporation Common Stock,$3.00,-0.05,-1.639%,155852,15250008.00,Brazil,,Precious Metals,Basic Materials
ATEC,Alphatec Holdings Inc. Common Stock,$10.32,-0.05,-0.482%,1588368,1593935104.00,United States,2006,Medical/Dental Instruments,Health Care
ATEN,A10 Networks Inc. Common Stock,$27.11,1.30,5.037%,1789078,1968430559.00,United States,2014,Computer Communications Equipment,Telecommunications
ATER,Aterian Inc. Common Stock,$0.5866,-0.0436,-6.918%,331688,152415621.00,United States,2019,Home Furnishings,Consumer Discretionary
ATEX,Anterix Inc. Common Stock,$78.50,-0.54,-0.683%,424336,1539368201.00,United States,2015,Telecommunications Equipment,Telecommunications
ATGL,Alpha Technology Group Limited Class A Ordinary Shares,$5.43,0.21,4.023%,3066,89391375.00,China,2023,EDP Services,Technology
ATH^A,Athene Holding Ltd. Depositary Shares Each Representing a 1/1000th Interest in a 6.35% Fixed-to-Floating Rate Perpetual Non-Cumulative Preference Share Series A,$22.83,-0.13,-0.566%,291774,,Bermuda,,,
ATH^B,Athene Holding Ltd. Depositary Shares Each Representing a 1/1000th Interest in a 5.625% Fixed Rate Perpetual Non- Cumulative Preference Share Series B par value $1.00 per share,$17.35,0.22,1.284%,65746,,Bermuda,,,
ATH^D,Athene Holding Ltd. Depositary Shares Each Representing a 1/1000th Interest in a 4.875% Fixed-Rate Perpetual Non-Cumulative Preference Share Series D,$14.91,-0.03,-0.201%,106471,,Bermuda,,,
ATH^E,Athene Holding Ltd. Depositary Shares Each Representing a 1/1000th Interest in a 7.750% Fixed-Rate Reset Perpetual Non-Cumulative Preference Share Series E,$24.62,-0.20,-0.806%,138734,,Bermuda,,,
ATHE,Alterity Therapeutics Limited American Depositary Shares,$3.65,-0.01,-0.273%,30353,66460543.00,Australia,,Biotechnology: Pharmaceutical Preparations,Health Care
ATHM,Autohome Inc. American Depositary Shares each representing four class A ordinary shares.,$21.25,0.05,0.236%,637550,2447381859.00,China,2013,EDP Services,Technology
ATHR,Aether Holdings Inc. Common Stock,$3.75,0.15,4.167%,33537,45892721.00,United States,2025,Computer Software: Prepackaged Software,Technology
ATHS,Athene Holding Ltd. 7.250% Fixed-Rate Reset Junior Subordinated Debentures due 2064,$23.73,0.03,0.127%,90688,4836292650.00,Bermuda,2024,Life Insurance,Finance
ATI,ATI Inc. Common Stock,$189.40,0.45,0.238%,1464815,25790670540.00,United States,,Steel/Iron Ore,Industrials
ATII,Archimedes Tech SPAC Partners II Co. Ordinary Shares,$10.68,-0.01,-0.094%,724304,0.00,United States,2025,,
ATIIU,Archimedes Tech SPAC Partners II Co. Unit,$11.33,0.03,0.265%,1101,0.00,United States,2025,Blank Checks,Finance
ATIIW,Archimedes Tech SPAC Partners II Co. Warrant,$1.15,0.05,4.545%,4468,0.00,United States,2025,Blank Checks,Finance
ATKR,Atkore Inc. Common Stock,$94.75,0.02,0.021%,466498,3199949113.00,United States,2016,Industrial Machinery/Components,Miscellaneous
ATLC,Atlanticus Holdings Corporation Common Stock,$87.53,0.05,0.057%,84657,1327833426.00,United States,1995,Finance: Consumer Services,Finance
ATLCL,Atlanticus Holdings Corporation 6.125% Senior Notes due 2026,$25.33,0.07,0.277%,8372,383127623.00,United States,,Finance: Consumer Services,Finance
ATLCP,Atlanticus Holdings Corporation 7.625% Series B Cumulative Perpetual Preferred Stock no par value per share,$23.78,-0.14,-0.585%,7850,360743504.00,United States,,Finance: Consumer Services,Finance
ATLCZ,Atlanticus Holdings Corporation 9.25% Senior Notes due 2029,$25.62,0.22,0.866%,62988,387514003.00,United States,,Finance: Consumer Services,Finance
ATLO,Ames National Corporation Common Stock,$31.38,-0.27,-0.853%,18599,277939564.00,United States,,Major Banks,Finance
ATLQ,JAB Acquisition Corp I Class A Ordinary Shares,$9.96,-0.02,-0.20%,100725,0.00,United States,2026,Blank Checks,Finance
ATLQR,JAB Acquisition Corp I Rights,$0.14,0.00,0.00%,3,0.00,United States,2026,Blank Checks,Finance
ATLQU,JAB Acquisition Corp I Unit,$10.12,0.00,0.00%,2,0.00,United States,2026,Blank Checks,Finance
ATLX,Atlas Lithium Corporation Common Stock,$2.52,0.06,2.439%,163671,75851509.00,United States,,Mining & Quarrying of Nonmetallic Minerals (No Fuels),Industrials
ATMU,Atmus Filtration Technologies Inc. Common Stock,$43.42,-0.52,-1.183%,810861,3542877782.00,United States,2023,Auto Parts:O.E.M.,Consumer Discretionary
ATNI,ATN International Inc. Common Stock,$27.82,-0.10,-0.358%,110825,428521392.00,United States,,Telecommunications Equipment,Telecommunications
ATNM,Actinium Pharmaceuticals Inc. (Delaware) Common Stock,$1.12,-0.02,-1.754%,95136,35214408.00,United States,,Biotechnology: Pharmaceutical Preparations,Health Care
ATO,Atmos Energy Corporation Common Stock,$156.44,-1.16,-0.736%,965755,26436569231.00,United States,,Oil/Gas Transmission,Utilities
ATOM,Atomera Incorporated Common Stock,$4.36,0.13,3.073%,373564,170144823.00,United States,2016,Semiconductors,Technology
ATOS,Atossa Therapeutics Inc. Common Stock,$1.95,-0.04,-2.01%,67784,19459631.00,United States,2012,Biotechnology: Pharmaceutical Preparations,Health Care
ATPC,Agape ATP Corporation Common Stock,$2.05,-0.05,-2.381%,13486,2051283.00,Malaysia,,Medical/Nursing Services,Health Care
ATR,AptarGroup Inc. Common Stock,$121.16,-2.13,-1.728%,424165,7703489590.00,United States,,Plastic Products,Industrials
ATRA,Atara Biotherapeutics Inc. Common Stock,$8.50,0.45,5.59%,29316,85320535.00,United States,2014,Biotechnology: Biological Products (No Diagnostic Substances),Health Care
ATRC,AtriCure Inc. Common Stock,$56.20,-1.85,-3.187%,1111208,2858685723.00,United States,2005,Medical/Dental Instruments,Health Care
ATRO,Astronics Corporation Common Stock,$67.42,-0.04,-0.059%,495226,2899671095.00,United States,,Military/Government/Technical,Industrials
ATS,ATS Corporation Common Shares,$18.05,-0.25,-1.366%,263986,1750985032.00,Canada,2023,Industrial Machinery/Components,Industrials
ATTO,Attovia Therapeutics Inc. Common Stock,$17.14,-1.02,-5.617%,769572,782462631.00,United States,2026,Biotechnology: Biological Products (No Diagnostic Substances),Health Care
ATTT,Atlas Trinity Tech Limited Ordinary Shares,$2.60,-0.04,-1.515%,6465,15274332.00,Hong Kong,2024,Consumer Electronics/Appliances,Consumer Discretionary
ATXG,Addentax Group Corp. Common Stock,$3.69,0.27,7.895%,38018,4346724.00,China,,Professional Services,Consumer Discretionary
ATYR,aTyr Pharma Inc. Common Stock,$0.303,-0.0047,-1.527%,1802438,29720490.00,United States,2015,Biotechnology: Biological Products (No Diagnostic Substances),Health Care
AU,AngloGold Ashanti PLC Ordinary Shares,$93.95,-0.68,-0.719%,2258329,47517021601.00,South Africa,,Precious Metals,Basic Materials
AUB,Atlantic Union Bankshares Corporation Common Stock,$37.95,-0.05,-0.132%,1297892,5419825303.00,United States,,Major Banks,Finance
AUB^A,Atlantic Union Bankshares Corporation Depositary Shares each representing a 1/400th ownership interest in a share of 6.875% Perpetual Non-Cumulative Preferred Stock Series A,$23.10,-0.14,-0.602%,18889,,United States,,,
AUBN,Auburn National Bancorporation Inc. Common Stock,$26.25,-0.26,-0.981%,4559,91462665.00,United States,,Major Banks,Finance
AUC,ATIF Holdings Limited Ordinary Shares,$9.12,-0.08,-0.87%,4510,201810807.00,United States,2019,Professional Services,Consumer Discretionary
AUDC,AudioCodes Ltd. Common Stock,$10.68,0.08,0.755%,101049,262630267.00,Israel,1999,Telecommunications Equipment,Utilities
AUGO,Aura Minerals Inc. Common Shares,$78.68,-0.68,-0.857%,517404,6592536066.00,United States,,Metal Mining,Basic Materials
AUID,authID Inc. Common Stock,$0.3804,0.0156,4.276%,164089,6360417.00,United States,,Computer Software: Prepackaged Software,Technology
AUNA,Auna SA Class A Ordinary Shares,$4.98,-0.09,-1.775%,78810,368584566.00,Peru,2024,Medical/Nursing Services,Health Care
AUPH,Aurinia Pharmaceuticals Inc Ordinary Shares,$16.195,-0.225,-1.37%,913915,2154763666.00,Canada,,Biotechnology: Pharmaceutical Preparations,Health Care
AUR,Aurora Innovation Inc. Class A Common Stock,$5.54,0.15,2.783%,37929287,11103020185.00,United States,2021,EDP Services,Technology
AURA,Aura Biosciences Inc. Common Stock,$6.28,0.13,2.114%,677471,651266201.00,United States,2021,Biotechnology: Biological Products (No Diagnostic Substances),Health Care
AURE,Aurelion Inc. Class A Ordinary Shares,$1.14,0.033,2.981%,4004082,42864000.00,Hong Kong,2023,Finance: Consumer Services,Finance
AUROW,Aurora Innovation Inc. Warrant,$0.031,0.0037,13.553%,95676,62128813.00,United States,2021,EDP Services,Technology
AUST,Austin Gold Corp. Common Shares,$0.9803,0.0103,1.062%,29736,13423249.00,,2022,Precious Metals,Basic Materials
AUTL,Autolus Therapeutics plc American Depositary Share,$1.94,0.08,4.301%,1159409,516355328.00,United Kingdom,2018,Biotechnology: Biological Products (No Diagnostic Substances),Health Care
AUUD,Auddia Inc. Common Stock,$1.18,-0.02,-1.667%,182450,6847599.00,United States,2021,EDP Services,Technology
AUXX,Gold X2 Mining Inc. Common Shares,$4.87,-0.20,-3.945%,20789,492770015.00,,2026,,
AVA,Avista Corporation Common Stock,$35.09,-0.02,-0.057%,808231,2938886805.00,United States,,Power Generation,Utilities
AVAH,Aveanna Healthcare Holdings Inc. Common Stock,$12.41,-0.37,-2.895%,5800574,2708106427.00,United States,2021,Medical/Nursing Services,Health Care
AVAL,Grupo Aval Acciones y Valores S.A. ADR (Each representing 20 preferred shares),$4.82,-0.05,-1.027%,73216,5722177658.00,,2014,Commercial Banks,Finance
AVAT,Avalanche Treasury Corporation Class A Common Stock,$1.83,-0.07,-3.684%,1002345,80008413.00,United States,,Finance: Consumer Services,Finance
AVAV,AeroVironment Inc. Common Stock,$142.22,-1.02,-0.712%,1438021,7227720238.00,United States,2007,Aerospace,Industrials
AVBC,Avidia Bancorp Inc. Common Stock,$21.60,0.07,0.325%,121122,431358610.00,United States,2025,Banks,Finance
AVBH,Avidbank Holdings Inc. Common stock,$30.985,-0.245,-0.785%,60736,340323128.00,United States,,Commercial Banks,Finance
AVBP,ArriVent BioPharma Inc. Common Stock,$30.28,0.74,2.505%,712465,1493038034.00,United States,2024,Biotechnology: Pharmaceutical Preparations,Health Care
AVD,American Vanguard Corporation Common Stock ($0.10 Par Value),$1.75,-0.02,-1.13%,206094,51626106.00,United States,1998,Agricultural Chemicals,Industrials
AVEX,AEVEX Corp. Class A Common Stock,$15.14,-0.05,-0.329%,1516013,1726591338.00,,2026,Aerospace,Industrials
AVGO,Broadcom Inc. Common Stock,$351.19,-3.91,-1.101%,19761020,1676451072289.00,United States,2009,Semiconductors,Technology
AVIR,Atea Pharmaceuticals Inc. Common Stock,$5.21,0.03,0.579%,296289,417866482.00,United States,2020,Biotechnology: Pharmaceutical Preparations,Health Care
AVK,Advent Convertible and Income Fund,$11.46,0.01,0.087%,186513,0.00,United States,2003,Trusts Except Educational Religious and Charitable,Finance
AVLN,Avalyn Pharma Inc. Common Stock,$28.49,1.39,5.129%,347624,1263049877.00,United States,2026,Biotechnology: Pharmaceutical Preparations,Health Care
AVNT,Avient Corporation Common Stock,$40.25,-0.53,-1.30%,752098,3691711888.00,United States,,Major Chemicals,Industrials
AVNW,Aviat Networks Inc. Common Stock,$20.05,0.44,2.244%,173241,257815552.00,United States,,Radio And Television Broadcasting And Communications Equipment,Technology
AVO,Mission Produce Inc. Common Stock,$13.11,0.04,0.306%,1192691,1149463876.00,United States,2020,Farming/Seeds/Milling,Consumer Staples
AVPT,AvePoint Inc. Class A Common Stock,$14.08,0.51,3.758%,3113024,2978841198.00,United States,2019,Computer Software: Prepackaged Software,Technology
AVR,Anteris Technologies Global Corp. Common Stock,$7.77,0.18,2.372%,976401,757252343.00,United States,2024,Industrial Specialties,Health Care
AVT,Avnet Inc. Common Stock,$99.95,-2.55,-2.488%,1535461,8203194251.00,United States,,Electronic Components,Technology
AVTR,Avantor Inc. Common Stock,$15.05,-0.19,-1.247%,7378791,10179200542.00,United States,2019,Biotechnology: Laboratory Analytical Instruments,Industrials
AVTX,Avalo Therapeutics Inc. Common Stock,$15.33,-0.25,-1.605%,1432751,822147731.00,United States,2015,Biotechnology: Pharmaceutical Preparations,Health Care
AVX,Avax One Technology Ltd. Common Shares,$7.08,0.29,4.271%,330303,52373472.00,Canada,2021,Finance: Consumer Services,Finance
AVXL,Anavex Life Sciences Corp. Common Stock,$2.02,-0.34,-14.407%,2965159,187247621.00,United States,,Biotechnology: Biological Products (No Diagnostic Substances),Health Care
AVY,Avery Dennison Corporation Common Stock,$170.67,-0.11,-0.064%,822255,12934762195.00,United States,,Containers/Packaging,Consumer Discretionary
AWF,Alliancebernstein Global High Income Fund,$9.73,-0.01,-0.103%,542161,0.00,United States,1993,Trusts Except Educational Religious and Charitable,Finance
AWI,Armstrong World Industries Inc Common Stock,$161.93,-1.16,-0.711%,284265,6843619414.00,United States,,Plastic Products,Industrials
AWK,American Water Works Company Inc. Common Stock,$129.47,-0.33,-0.254%,1688289,25729442206.00,United States,2008,Water Supply,Utilities
AWP,abrdn Global Premier Properties Fund Common Shares of Beneficial Interest,$10.37,-0.19,-1.799%,281783,0.00,United States,2007,Trusts Except Educational Religious and Charitable,Finance
AWR,American States Water Company Common Stock,$82.33,0.39,0.476%,318010,3263201089.00,United States,,Water Supply,Utilities
AWRE,Aware Inc. Common Stock,$1.12,-0.03,-2.609%,11324,24430153.00,United States,1996,Computer Software: Prepackaged Software,Technology
AWX,Avalon Holdings Corporation Common Stock,$2.52,-0.02,-0.787%,5191,9826566.00,United States,1998,Environmental Services,Utilities
AX,Axos Financial Inc. Common Stock,$86.57,0.28,0.324%,334795,4922197320.00,United States,2018,Savings Institutions,Finance
AXG,Solowin Holdings Class A Ordinary Share,$0.1251,-0.0039,-3.023%,11411666,25146461.00,Hong Kong,2023,Investment Bankers/Brokers/Service,Finance
AXGN,Axogen Inc. Common Stock,$41.92,-0.52,-1.225%,1089127,2459509825.00,United States,,Biotechnology: Electromedical & Electrotherapeutic Apparatus,Health Care
AXIL,AXIL Brands Inc. Common Stock,$6.04,-0.23,-3.668%,3848,41208993.00,,2024,Package Goods/Cosmetics,Consumer Discretionary
AXIN,Axiom Intelligence Acquisition Corp 1 Class A Ordinary Shares,$10.365,0.015,0.145%,40080,0.00,United Kingdom,2025,Blank Checks,Finance
AXINR,Axiom Intelligence Acquisition Corp 1 Right,$0.1849,0.00,0.00%,5,0.00,United Kingdom,2025,Blank Checks,Finance
AXINU,Axiom Intelligence Acquisition Corp 1 Units,$10.53,0.00,0.00%,5,0.00,United Kingdom,2025,Blank Checks,Finance
AXON,Axon Enterprise Inc. Common Stock,$422.52,2.94,0.701%,1107554,34324432586.00,United States,2001,Ordnance And Accessories,Industrials
AXP,American Express Company Common Stock,$304.10,-1.30,-0.426%,4210250,205361720215.00,United States,,Finance: Consumer Services,Finance
AXR,AMREP Corporation Common Stock,$22.52,0.03,0.133%,20787,119915599.00,United States,,Homebuilding,Real Estate
AXS,Axis Capital Holdings Limited Common Stock,$94.20,-1.04,-1.092%,1059887,6873427061.00,Bermuda,2003,Property-Casualty Insurers,Finance
AXS^E,Axis Capital Holdings Limited Depositary Shares each representing 1/100th interest in a share of a 5.50% Series E Preferred Shares,$17.15,-0.60,-3.38%,129442,,Bermuda,,,
AXSM,Axsome Therapeutics Inc. Common Stock,$184.39,-1.75,-0.94%,1033882,9658499031.00,United States,2015,Biotechnology: Pharmaceutical Preparations,Health Care
AXTA,Axalta Coating Systems Ltd. Common Shares,$32.16,-0.48,-1.471%,1673680,6882883104.00,United States,2014,Paints/Coatings,Consumer Discretionary
AXTI,AXT Inc Common Stock,$77.41,-0.77,-0.985%,7159579,5076022341.00,United States,1998,Semiconductors,Technology
AYA,Aya Gold & Silver Inc. Common Shares,$26.90,-0.24,-0.884%,897284,3874572919.00,Canada,,Precious Metals,Basic Materials
AYI,Acuity Inc. Common Stock,$309.81,1.02,0.33%,631492,9274331816.00,United States,,Building Products,Consumer Discretionary
AYTU,Aytu BioPharma Inc.  Common Stock,$2.14,-0.06,-2.727%,67732,23254755.00,United States,,Biotechnology: Pharmaceutical Preparations,Health Care
AZ,A2Z Cust2Mate Solutions Corp. Common Shares,$5.75,0.21,3.791%,403565,253152185.00,Canada,,Industrial Machinery/Components,Industrials
AZI,Autozi Internet Technology (Global) Ltd. Class A Ordinary Shares,$1.17,-0.005,-0.426%,40601,77629575.00,China,2024,Automotive Aftermarket,Consumer Discretionary
AZIO,Azio AI Holdings Inc. Common Stock,$1.26,0.05,4.132%,95973,21681888.00,United States,,Auto Parts:O.E.M.,Consumer Discretionary
AZN,AstraZeneca PLC Ordinary Shares,$161.47,-2.74,-1.669%,2225479,250395706067.00,United Kingdom,2026,Biotechnology: Pharmaceutical Preparations,Health Care
AZO,AutoZone Inc. Common Stock,$2830.02,-45.95,-1.598%,494710,46201081157.00,United States,,Auto & Home Supply Stores,Consumer Discretionary
AZTA,Azenta Inc.,$34.89,0.61,1.779%,929079,1528474832.00,United States,,Industrial Machinery/Components,Technology
AZTR,Azitra Inc Common Stock,$0.1376,0.007,5.36%,611026,8339075.00,,2023,Biotechnology: Pharmaceutical Preparations,Health Care
AZUL,Azul S.A. American Depositary Shares each representing two (2) Common Shares,$7.90,1.00,14.493%,434189,1455803800.00,,,Air Freight/Delivery Services,Consumer Discretionary
AZZ,AZZ Inc.,$134.39,-0.90,-0.665%,290332,4038621219.00,United States,,Industrial Specialties,Industrials
B,Barrick Mining Corporation Common Shares,$40.67,-0.57,-1.382%,6626968,66938119321.00,Canada,,Precious Metals,Basic Materials
BA,Boeing Company (The) Common Stock,$186.05,-1.63,-0.868%,11562279,147048342221.00,United States,,Aerospace,Industrials
BA^A,Boeing Company (The) Depositary Shares each representing a 1/20th interest in a share of 6.00% Series A Mandatory Convertible Preferred Stock par value $1.00,$59.16,-0.30,-0.505%,870843,,United States,,,
BABA,Alibaba Group Holding Limited American Depositary Shares each representing eight Ordinary share,$107.54,-0.20,-0.186%,6455862,260514146376.00,China,2014,Business Services,Consumer Discretionary
BAC,Bank of America Corporation Common Stock,$54.43,-0.53,-0.964%,34023711,380615293507.00,United States,,Major Banks,Finance
BAC^B,Bank of America Corporation Depositary Shares each representing a 1/1000th interest in a share of 6.000% Non-Cumulative Preferred Stock Series GG,$22.34,-0.16,-0.711%,303902,,United States,,,
BAC^E,Bank of America Corporation Depositary Sh repstg 1/1000th Perp Pfd Ser E,$18.62,-0.12,-0.64%,102781,,United States,,,
BAC^K,Bank of America Corporation Depositary Shares each representing a 1/1000th interest in a share of 5.875% Non- Cumulative Preferred Stock Series HH,$21.61,-0.26,-1.189%,315971,,United States,,,
BAC^L,Bank of America Corporation Non Cumulative Perpetual Conv Pfd Ser L,$1220.96,-2.26,-0.185%,10925,,United States,,,
BAC^M,Bank of America Corporation Depositary Shares each representing a 1/1000th interest in a share of 5.375% Non-Cumulative Preferred Stock Series KK,$19.38,0.06,0.311%,355584,,United States,,,
BAC^N,Bank of America Corporation Depositary shares each representing 1/1000th interest in a share of 5.000% Non-Cumulative Preferred Stock Series LL,$18.04,-0.07,-0.387%,283614,,United States,,,
BAC^O,Bank of America Corporation Depositary shares each representing 1/1000th interest in a share of 4.375% Non-Cumulative Preferred Stock Series NN,$15.80,-0.19,-1.188%,222094,,United States,,,
BAC^P,Bank of America Corporation Depositary Shares each representing a 1/1000th interest in a share of 4.125% Non-Cumulative Preferred Stock Series PP,$15.37,-0.11,-0.711%,98547,,United States,,,
BAC^Q,Bank of America Corporation Depositary shares each representing 1/1000th interest in a share of 4.250% Non-Cumulative Preferred Stock Series QQ,$15.30,-0.24,-1.544%,465786,,United States,,,
BAC^S,Bank of America Corporation Depositary shares each representing 1/1000th interest in a share of 4.750% Non-Cumulative Preferred Stock Series SS,$17.28,-0.03,-0.173%,245879,,United States,,,
BACC,Blue Acquisition Corp. Class A Ordinary Shares,$10.50,0.02,0.191%,745,0.00,United States,2025,Blank Checks,Finance
BACCR,Blue Acquisition Corp. Right ,$0.49,0.0699,16.639%,1001,0.00,United States,2025,Blank Checks,Finance
BACCU,Blue Acquisition Corp. Unit,$10.91,0.00,0.00%,10,0.00,United States,2025,Blank Checks,Finance
BAER,Bridger Aerospace Group Holdings Inc. Common Stock,$0.7021,0.0615,9.60%,1169113,41301833.00,United States,,Aerospace,Industrials
BAERW,Bridger Aerospace Group Holdings Inc. Warrant,$0.0801,0.00,0.00%,5686,4711974.00,United States,,Aerospace,Industrials
BAFN,BayFirst Financial Corp. Common Stock,$6.81,-0.40,-5.548%,77441,183616770.00,United States,,Major Banks,Finance
BAH,Booz Allen Hamilton Holding Corporation Common Stock,$69.42,-0.29,-0.416%,1472430,8350182826.00,United States,2010,Professional Services,Consumer Discretionary
BAK,Braskem SA ADR,$1.45,0.03,2.113%,783865,577975680.00,Brazil,,Major Chemicals,Industrials
BALL,Ball Corporation Common Stock,$56.03,-0.62,-1.094%,1951504,14831329093.00,United States,,Containers/Packaging,Industrials
BALY,Bally's Corporation Common Stock,$13.72,-0.24,-1.719%,103072,692441842.00,United States,2024,Hotels/Resorts,Consumer Discretionary
BAM,Brookfield Asset Management Inc Class A Limited Voting Shares,$44.58,-0.39,-0.867%,5667195,71204826262.00,,2022,Building operators,Real Estate
BANC,Banc of California Inc. Common Stock,$17.23,-0.07,-0.405%,2419195,2721487615.00,United States,,Major Banks,Finance
BANC^F,Banc of California Inc. Depositary Shares each representing a 1/40th interest in a share of 7.75% non-cumulative perpetual preferred stock Series F,$24.72,-0.01,-0.04%,1374796,,United States,,,
BAND,Bandwidth Inc. Class A Common Stock,$60.71,-1.57,-2.521%,1033228,1953695639.00,United States,2017,Computer Software: Prepackaged Software,Technology
BANF,BancFirst Corporation Common Stock,$105.28,-0.55,-0.52%,164581,3537275874.00,United States,1993,Major Banks,Finance
BANFP,BancFirst Corporation - BFC Capital Trust II Cumulative Trust Preferred Securities,$27.774,0.419,1.532%,1038,933171544.00,United States,,Major Banks,Finance
BANL,CBL International Limited Class B Ordinary Shares,$4.50,-0.15,-3.226%,21373,9445311.00,Malaysia,2023,Oil Refining/Marketing,Energy
BANR,Banner Corporation Common Stock,$67.00,-0.47,-0.697%,285630,2454844624.00,United States,,Major Banks,Finance
BANX,ArrowMark Financial Corp. Common Stock,$19.86,-0.49,-2.408%,47877,141058152.00,United States,,Trusts Except Educational Religious and Charitable,Finance
BAOS,Baosheng Media Group Holdings Limited Ordinary shares,$0.2388,0.0012,0.505%,232503,7968712.00,China,2021,Business Services,Consumer Discretionary
BAP,Credicorp Ltd. Common Stock,$379.87,-4.16,-1.083%,376158,35853010759.00,Peru,,Commercial Banks,Finance
BARK,BARK Inc. Class A Common Stock,$8.46,0.19,2.297%,39475,76423046.00,United States,2020,Other Specialty Stores,Consumer Discretionary
BATL,Battalion Oil Corporation Common Stock,$1.05,-0.03,-2.778%,2336775,60146263.00,United States,,Oil & Gas Production,Energy
BATRA,Atlanta Braves Holdings Inc. Series A Common Stock,$58.03,-1.38,-2.323%,53119,3723663063.00,United States,,Services-Misc. Amusement & Recreation,Consumer Discretionary
BATRK,Atlanta Braves Holdings Inc. Series C Common Stock,$52.94,-1.04,-1.927%,1234032,3397048467.00,United States,,Services-Misc. Amusement & Recreation,Consumer Discretionary
BAX,Baxter International Inc. Common Stock,$24.00,0.52,2.215%,8727418,12407903976.00,United States,,Medical/Dental Instruments,Health Care
BB,BlackBerry Limited Common Stock,$9.04,0.32,3.67%,27971874,5306771802.00,Canada,,Computer Software: Prepackaged Software,Technology
BBAI,BigBear.ai Inc. Common Stock,$2.65,0.00,0.00%,11737883,1270660406.00,United States,2021,Computer Software: Prepackaged Software,Technology
BBAR,Banco BBVA Argentina S.A. ADS,$12.85,0.31,2.472%,632276,2624441505.00,Argentina,,Commercial Banks,Finance
BBBYW,Neighborhood Intelligence Inc. Warrants,$0.4399,-0.1001,-18.537%,185722,42009431.00,United States,,Catalog/Specialty Distribution,Consumer Discretionary
BBCP,Concrete Pumping Holdings Inc. Common Stock,$9.69,-0.01,-0.103%,137216,488312240.00,United States,2017,Engineering & Construction,Consumer Discretionary
BBD,Banco Bradesco Sa American Depositary Shares,$3.52,0.16,4.762%,30448024,39371883690.00,Brazil,,Major Banks,Finance
BBDC,Barings BDC Inc. Common Stock,$8.62,-0.10,-1.147%,645266,902573340.00,United States,,Diversified Financial Services,Finance
BBDO,Banco Bradesco Sa American Depositary Shares (each representing one Common Share),$3.08,0.02,0.654%,80574,34450398228.00,Brazil,,Major Banks,Finance
BBGI,Beasley Broadcast Group Inc. Class A Common Stock,$12.85,-1.34,-9.443%,71677,23807850.00,United States,2000,Broadcasting,Consumer Discretionary
BBIO,BridgeBio Pharma Inc. Common Stock,$65.80,-0.17,-0.258%,2822483,12863075789.00,United States,2019,Biotechnology: Pharmaceutical Preparations,Health Care
BBLG,Bone Biologics Corp Common Stock,$0.4963,0.00,0.00%,36706,1367831.00,United States,,Industrial Specialties,Health Care
BBLGW,Bone Biologics Corp Warrants,$3.80,-0.26,-6.404%,1214,10473017.00,United States,,Industrial Specialties,Health Care
BBN,BlackRock Taxable Municipal Bond Trust Common Shares of Beneficial Interest,$14.40,0.01,0.069%,406432,0.00,United States,2010,Finance Companies,Finance
BBNX,Beta Bionics Inc. Common Stock,$18.98,-0.43,-2.215%,1456437,999142560.00,United States,2025,Medical/Dental Instruments,Health Care
BBOT,BridgeBio Oncology Therapeutics Inc. Common Stock  ,$4.10,0.18,4.592%,736329,328714495.00,United States,2024,Biotechnology: Pharmaceutical Preparations,Health Care
BBSI,Barrett Business Services Inc. Common Stock,$30.26,-0.32,-1.046%,231880,733356547.00,United States,1993,Professional Services,Consumer Discretionary
BBT,Beacon Financial Corporation Common stock,$27.99,0.25,0.901%,2057265,2346012247.00,United States,,Banks,Finance
BBUC,Brookfield Business Corporation Class A Subordinate Voting Shares,$25.51,0.25,0.99%,387514,5303529000.00,,,Engineering & Construction,Consumer Discretionary
BBVA,Banco Bilbao Vizcaya Argentaria S.A. Common Stock,$27.87,-0.77,-2.689%,1783679,159108957669.00,Spain,,Commercial Banks,Finance
BBW,Build-A-Bear Workshop Inc. Common Stock,$25.07,-0.38,-1.493%,685403,308845728.00,United States,2004,Recreational Games/Products/Toys,Consumer Discretionary
BBWI,Bath & Body Works Inc.,$15.92,-0.07,-0.438%,5869756,3210193383.00,United States,,Other Specialty Stores,Consumer Discretionary
BBY,Best Buy Co. Inc. Common Stock,$88.24,-0.51,-0.575%,2648342,18506372072.00,United States,,Consumer Electronics/Video Chains,Consumer Discretionary
BC,Brunswick Corporation Common Stock,$64.24,-0.79,-1.215%,743021,4162586775.00,United States,,Industrial Machinery/Components,Industrials
BC^C,Brunswick Corporation 6.375% Notes due 2049,$23.62,0.51,2.207%,25677,,United States,,,
BCAL,California BanCorp Common Stock,$21.35,-0.06,-0.28%,189489,686414050.00,United States,,Major Banks,Finance
BCAT,BlackRock Capital Allocation Term Trust Common Shares of Beneficial Interest,$13.70,0.03,0.219%,1272764,1481449500.00,United States,2020,Finance/Investors Services,Finance
BCAX,Bicara Therapeutics Inc. Common Stock,$18.61,0.05,0.269%,905377,1231478302.00,United States,2024,Biotechnology: Pharmaceutical Preparations,Health Care
BCBP,BCB Bancorp Inc. (NJ) Common Stock,$8.59,0.04,0.468%,239914,358648151.00,United States,2005,Savings Institutions,Finance
BCC,Boise Cascade L.L.C. Common Stock,$74.15,-1.82,-2.396%,421399,2587193677.00,United States,2013,RETAIL: Building Materials,Consumer Discretionary
BCCQ,Bleichroeder Acquisition Corp. III Class A Ordinary Shares,$9.94,-0.01,-0.101%,82661,0.00,United States,2026,Blank Checks,Finance
BCCQU,Bleichroeder Acquisition Corp. III Units,$10.299,0.00,0.00%,10,0.00,United States,2026,Blank Checks,Finance
BCCQW,Bleichroeder Acquisition Corp. III Warrant,$0.90,0.00,0.00%,334,0.00,United States,2026,Blank Checks,Finance
BCDA,BioCardia Inc. Common Stock,$1.01,-0.02,-1.942%,99619,15290170.00,United States,,Biotechnology: Biological Products (No Diagnostic Substances),Health Care
BCE,BCE Inc. Common Stock,$20.34,0.20,0.993%,2954437,18967575118.00,Canada,,Telecommunications Equipment,Telecommunications
BCG,Binah Capital Group Inc. Common Stock,$1.12,-0.025,-2.183%,6776,19107347.00,United States,,Finance: Consumer Services,Finance
BCH,Banco De Chile ADS,$40.01,-0.24,-0.596%,283437,20208467094.00,Chile,,Commercial Banks,Finance
BCHT,Birchtech Corp. Common Stock,$1.40,-0.08,-5.405%,70945,36828352.00,,2026,Industrial Machinery/Components,Industrials
BCIC,BCP Investment Corporation Common Stock,$6.79,-0.06,-0.876%,28398,84084997.00,United States,2006,Finance: Consumer Services,Finance
BCML,BayCom Corp Common Stock,$30.34,-0.44,-1.429%,49090,331316350.00,United States,2018,Major Banks,Finance
BCO,Brinks Company (The) Common Stock,$100.99,-2.13,-2.066%,750198,4159741138.00,United States,,Integrated Freight & Logistics,Industrials
BCPC,Balchem Corporation Common Stock,$164.96,-2.19,-1.31%,181092,5258598344.00,United States,,Major Chemicals,Industrials
BCRX,BioCryst Pharmaceuticals Inc. Common Stock,$8.33,0.06,0.726%,13099133,2128607425.00,United States,1994,Biotechnology: Biological Products (No Diagnostic Substances),Health Care
BCS,Barclays PLC Common Stock,$24.27,-0.22,-0.898%,4368088,81553715160.00,United Kingdom,,Commercial Banks,Finance
BCSF,Bain Capital Specialty Finance Inc. Common Stock,$11.04,-0.19,-1.692%,481617,716148317.00,United States,2018,Finance/Investors Services,Finance
BCSS,Bain Capital GSS Investment Corp. Class A Ordinary Shares,$10.30,0.01,0.097%,511,0.00,,2025,,
BCTX,BriaCell Therapeutics Corp. Common Shares,$4.28,0.20,4.902%,90366,37235088.00,Canada,,Biotechnology: Pharmaceutical Preparations,Health Care
BCTXL,BriaCell Therapeutics Corp. Warrant expiring 2031,$1.16,0.09,8.411%,2833,10091753.00,Canada,,Biotechnology: Pharmaceutical Preparations,Health Care
BCTXZ,BriaCell Therapeutics Corp. Warrant expiring 2030,$0.198,0.0144,7.843%,8921,1722558.00,Canada,,Biotechnology: Pharmaceutical Preparations,Health Care
BCV,Bancroft Fund Ltd.,$23.08,0.03,0.13%,15009,0.00,United States,1972,Finance/Investors Services,Finance
BCV^A,Bancroft Fund Limited 5.375% Series A Cumulative Preferred Shares,$18.94,-0.2101,-1.097%,3039,,United States,,,
BCX,BlackRock Resources Common Shares of Beneficial Interest,$11.87,-0.06,-0.503%,143274,1007264579.00,United States,2011,Finance/Investors Services,Finance
BCYC,Bicycle Therapeutics plc American Depositary Shares,$3.68,0.03,0.822%,295157,257573765.00,United Kingdom,2019,Biotechnology: Pharmaceutical Preparations,Health Care
BDC,Belden Inc Common Stock,$107.93,-1.32,-1.208%,378110,4217709155.00,United States,,Telecommunications Equipment,Industrials
BDCI,BTC Development Corp. Class A Ordinary Shares,$10.15,0.00,0.00%,19,0.00,United States,2025,Blank Checks,Finance
BDJ,Blackrock Enhanced Equity Dividend Trust,$9.40,-0.09,-0.948%,646932,1663696205.00,United States,2005,Finance Companies,Finance
BDL,Flanigan's Enterprises Inc. Common Stock,$47.97,2.03,4.419%,5211,89159297.00,United States,1972,Restaurants,Consumer Discretionary
BDMD,Baird Medical Investment Holdings Ltd Ordinary Share,$0.78,-0.0175,-2.194%,63837,32922835.00,China,,Medical/Dental Instruments,Health Care
BDN,Brandywine Realty Trust Common Stock,$2.80,-0.02,-0.709%,1749560,488815312.00,United States,,Real Estate Investment Trusts,Real Estate
BDRX,Biodexa Pharmaceuticals plc American Depositary Shs,$0.6561,0.011,1.705%,154393,2751629.00,United Kingdom,,Biotechnology: Pharmaceutical Preparations,Health Care
BDSX,Biodesix Inc. Common Stock,$29.83,0.69,2.368%,161507,314739850.00,United States,2020,Medical Specialities,Health Care
BDTX,Black Diamond Therapeutics Inc. Common Stock,$1.885,0.015,0.802%,551820,108300313.00,United States,2020,Biotechnology: Biological Products (No Diagnostic Substances),Health Care
BDX,Becton Dickinson and Company Common Stock,$179.00,-2.97,-1.632%,1798605,48757237200.00,United States,,Medical/Dental Instruments,Health Care
BE,Bloom Energy Corporation Class A Common Stock,$276.98,-14.27,-4.90%,15279708,81578184295.00,United States,2018,Industrial Machinery/Components,Energy
BEAG,Bold Eagle Acquisition Corp. Class A Ordinary Shares,$10.68,0.00,0.00%,749554,0.00,United States,2024,Blank Checks,Finance
BEAGR,Bold Eagle Acquisition Corp. Right,$0.248,-0.012,-4.615%,492501,0.00,United States,2024,Blank Checks,Finance
BEAGU,Bold Eagle Acquisition Corp. Units,$11.22,0.00,0.00%,21,0.00,United States,2024,Blank Checks,Finance
BEAM,Beam Therapeutics Inc. Common Stock,$24.45,-0.07,-0.285%,1559445,2525383409.00,United States,2020,Biotechnology: Biological Products (No Diagnostic Substances),Health Care
BEAT,Heartbeam Inc. Common Stock,$0.3666,-0.0013,-0.353%,153664,20657606.00,United States,2021,Medical/Dental Instruments,Health Care
BEATW,Heartbeam Inc. Warrant,$0.007,0.00,0.00%,1397,394444.00,United States,2021,Medical/Dental Instruments,Health Care
BEBE,TGE Value Creative Solutions Corp Class A Ordinary Shares,$10.04,0.00,0.00%,180,129214800.00,,2026,Diversified Commercial Services,Consumer Discretionary
BEEM,Beam Global Common Stock,$1.13,0.01,0.893%,159790,25575646.00,United States,,Industrial Machinery/Components,Miscellaneous
BEEP,Mobile Infrastructure Corporation Common Stock,$2.82,0.03,1.075%,29807,116466000.00,United States,,Real Estate,Finance
BEKE,KE Holdings Inc American Depositary Shares (each representing three Class A Ordinary Shares),$16.85,0.25,1.506%,9261902,19037802551.00,China,2020,Real Estate,Finance
BELFA,Bel Fuse Inc. Class A Common Stock,$197.73,-0.61,-0.308%,59049,2855112449.00,United States,,,
BELFB,Bel Fuse Inc. Class B Common Stock,$244.12,-1.36,-0.554%,202834,3524958534.00,United States,,,
BEN,Franklin Templeton Inc. Common Stock,$32.12,-0.55,-1.684%,4526529,16319430349.00,United States,,Investment Managers,Finance
BENF,Beneficient Class A Common Stock,$1.36,-0.05,-3.546%,1291701,21019782.00,United States,,Finance: Consumer Services,Finance
BENFW,Beneficient Warrant,$0.0109,0.0002,1.869%,84230,168467.00,United States,,Finance: Consumer Services,Finance
BEP,Brookfield Renewable Partners L.P. Limited Partnership Units,$28.14,0.14,0.50%,1074550,19140794936.00,Canada,,Electric Utilities: Central,Utilities
BEP^A,Brookfield Renewable Partners L.P. 5.25% Class A Preferred Limited Partnership Units Series 17,$16.48,0.28,1.728%,13498,,Canada,,,
BEPC,Brookfield Renewable Corporation Brookfield Renewable Corporation Class A Subordinate Voting Shares,$28.22,0.12,0.427%,1749283,10635729523.00,United States,,Electric Utilities: Central,Utilities
BEPH,Brookfield BRP Holdings (Canada) Inc. 4.625% Perpetual Subordinated Notes,$15.00,0.44,3.022%,87152,4307465100.00,Canada,,Electric Utilities: Central,Utilities
BEPI,Brookfield BRP Holdings (Canada) Inc. 4.875% Perpetual Subordinated Notes,$15.92,-0.20,-1.241%,238898,4571656293.00,Canada,2021,Electric Utilities: Central,Utilities
BEPJ,Brookfield BRP Holdings (Canada) Inc. 7.250% Perpetual Subordinated Notes,$22.91,0.28,1.237%,18057,6578935029.00,Canada,2024,Electric Utilities: Central,Utilities
BESS,Bimergen Energy Corporation Common Stock,$2.37,0.11,4.867%,93826,16821248.00,,2026,Electric Utilities: Central,Utilities
BETA,Beta Technologies Inc. Class A Common Stock,$22.10,-0.34,-1.515%,1940972,5170097426.00,United States,2025,Aerospace,Industrials
BETR,Better Home & Finance Holding Company Class A Common Stock,$11.00,0.77,7.527%,1878580,208984369.00,United Kingdom,2021,Finance: Consumer Services,Finance
BETRW,Better Home & Finance Holding Company Warrant,$0.1161,0.0273,30.743%,200,2205735.00,United Kingdom,2021,Finance: Consumer Services,Finance
BF/A,Brown Forman Corporation,$26.83,-0.02,-0.074%,148400,,United States,,,
BF/B,Brown Forman Corporation,$26.20,-0.09,-0.342%,2194027,,United States,,,
BFAM,Bright Horizons Family Solutions Inc. Common Stock,$63.72,-0.07,-0.11%,682710,3099041698.00,United States,2013,Other Consumer Services,Consumer Discretionary
BFC,Bank First Corporation Common Stock,$148.81,-0.94,-0.628%,60512,1649649178.00,United States,,Major Banks,Finance
BFH,Bread Financial Holdings Inc. Common Stock,$97.75,-2.32,-2.318%,466376,3755483447.00,United States,,Business Services,Consumer Discretionary
BFH^A,Bread Financial Holdings Inc. Depositary Shares each representing a 1/40th interest in a share of 8.625% Non-Cumulative Perpetual Preferred Stock Series A,$24.30,0.0179,0.074%,5904,,United States,,,
BFH^B,Bread Financial Holdings Inc. Depositary Shares each representing a 1/40th interest in a share of 8.875% Fixed Rate Reset Non-Cumulative Perpetual Preferred Stock Series B,$24.40,0.03,0.123%,238541,,United States,,,
BFLY,Butterfly Network Inc. Class A Common Stock,$8.96,-0.14,-1.538%,4562358,2385915240.00,United States,2020,Medical Electronics,Health Care
BFRG,Bullfrog AI Holdings Inc. Common Stock,$0.6012,-0.0467,-7.208%,335714,11147241.00,United States,2023,Biotechnology: Pharmaceutical Preparations,Health Care
BFRGW,Bullfrog AI Holdings Inc. Warrants,$0.147,-0.0186,-11.232%,3440,2725623.00,United States,2023,Biotechnology: Pharmaceutical Preparations,Health Care
BFRI,Biofrontera Inc. Common Stock,$1.08,-0.01,-0.917%,284033,16040548.00,United States,2021,Biotechnology: Pharmaceutical Preparations,Health Care
BFRIW,Biofrontera Inc. Warrants,$0.0098,-0.0052,-34.667%,13930,145553.00,United States,2021,Biotechnology: Pharmaceutical Preparations,Health Care
BFS,Saul Centers Inc. Common Stock,$30.08,-0.08,-0.265%,144748,743490398.00,United States,1993,Real Estate Investment Trusts,Real Estate
BFS^D,Saul Centers Inc. Depositary Shares each representing 1/100th of a share of 6.125% Series D Cumulative Redeemable Preferred Stock,$19.41,0.2599,1.357%,6638,,United States,,,
BFS^E,Saul Centers Inc. Depositary shares each representing a 1/100th fractional interest in a share of 6.000% Series E Cumulative Redeemable Preferred Stock,$19.00,0.30,1.604%,6433,,United States,,,
BFST,Business First Bancshares Inc. Common Stock,$30.09,-0.32,-1.052%,202721,979425979.00,United States,,Major Banks,Finance
BG,Bunge Limited Common Shares,$106.95,-1.19,-1.10%,1157876,20547140205.00,United States,,Packaged Foods,Consumer Staples
BGB,Blackstone Strategic Credit 2027 Term Fund Common Shares of Beneficial Interest,$11.24,0.09,0.807%,460340,0.00,United States,2012,Trusts Except Educational Religious and Charitable,Finance
BGC,BGC Group Inc. Class A Common Stock,$11.53,0.08,0.699%,5610128,5482128999.00,United States,,Investment Bankers/Brokers/Service,Finance
BGDE,Big Digital Energy Inc. Common Stock,$5.33,0.01,0.188%,39811,30477207.00,Australia,,Finance: Consumer Services,Finance
BGH,Barings Global Short Duration High Yield Fund Common Shares of Beneficial Interests,$13.07,-0.04,-0.305%,105453,0.00,United States,2012,Investment Managers,Finance
BGIN,Bgin Blockchain Limited Class A Ordinary Shares,$2.39,-0.18,-7.004%,370920,270394899.00,China,2025,Finance: Consumer Services,Finance
BGL,Blue Gold Limited Class A Ordinary Shares,$0.192,-0.0052,-2.637%,397484,7840852.00,United Kingdom,,Metal Mining,Basic Materials
BGLC,BioNexus Gene Lab Corp Common stock,$1.22,-0.05,-3.937%,9577,3578799.00,Malaysia,,Medical Specialities,Health Care
BGLWW,Blue Gold Limited Warrant,$0.0369,0.0071,23.826%,29764,1506914.00,United Kingdom,,Metal Mining,Basic Materials
BGM,BGM Group Ltd. Class A Ordinary Shares,$0.2518,0.0028,1.124%,136619,0.00,China,2021,Biotechnology: Pharmaceutical Preparations,Health Care
BGMS,Bio Green Med Solution Inc. Common Stock,$0.8821,0.0021,0.239%,8938,5841967.00,United States,,Biotechnology: Pharmaceutical Preparations,Health Care
BGR,BlackRock Energy and Resources Trust,$16.90,-0.11,-0.647%,141180,2291406679.00,United States,2004,Trusts Except Educational Religious and Charitable,Finance
BGS,B&G Foods Inc. Common Stock,$2.87,-0.20,-6.515%,2747214,233261176.00,United States,,Packaged Foods,Consumer Staples
BGSF,BGSF Inc. Common Stock,$5.01,-0.06,-1.183%,1477,53505623.00,United States,,Professional Services,Consumer Discretionary
BGSI,Boyd Group Services Inc. Common Shares,$78.41,-0.56,-0.709%,46445,2182654868.00,Canada,,,
BGT,BlackRock Floating Rate Income Trust,$10.51,-0.01,-0.095%,203374,0.00,United States,2004,Trusts Except Educational Religious and Charitable,Finance
BGX,Blackstone Long Short Credit Income Fund Common Shares,$10.56,0.05,0.476%,121093,0.00,,2011,Trusts Except Educational Religious and Charitable,Finance
BGY,Blackrock Enhanced International Dividend Trust,$5.63,-0.08,-1.401%,465990,0.00,United States,2007,Trusts Except Educational Religious and Charitable,Finance
BH,Biglari Holdings Inc. Class B Common Stock,$343.86,4.23,1.245%,71748,800007483.00,United States,2018,Restaurants,Consumer Discretionary
BHAV,BHAV Acquisition Corp Class A Ordinary Shares,$10.017,-0.003,-0.03%,20536,0.00,United States,2026,Blank Checks,Finance
BHAVU,BHAV Acquisition Corp Units,$10.15,0.00,0.00%,26,0.00,United States,2026,Blank Checks,Finance
BHB,Bar Harbor Bankshares Inc. Common Stock,$38.69,-0.11,-0.284%,121171,648679635.00,United States,1997,Major Banks,Finance
BHC,Bausch Health Companies Inc. Common Stock,$5.83,0.03,0.517%,1457659,2180364971.00,Canada,,Biotechnology: Pharmaceutical Preparations,Health Care
BHE,Benchmark Electronics Inc. Common Stock,$82.91,-0.62,-0.742%,567962,2978121645.00,United States,,Electrical Products,Technology
BHF,Brighthouse Financial Inc. Common Stock,$49.90,-2.10,-4.038%,736330,2869826994.00,United States,,Life Insurance,Finance
BHFAL,Brighthouse Financial Inc. 6.25% Junior Subordinated Debentures due 2058,$15.77,0.51,3.342%,47237,906957349.00,United States,,Life Insurance,Finance
BHFAM,Brighthouse Financial Inc. Depositary shares each representing a 1/1000th Interest in a Share of 4.625% Non-Cumulative Preferred Stock Series D,$10.09,-0.14,-1.369%,291754,580291671.00,United States,,Life Insurance,Finance
BHFAN,Brighthouse Financial Inc. Depositary shares each representing a 1/1000th interest in a share of 5.375% Non-Cumulative Preferred Stock Series C,$11.15,-0.41,-3.547%,120598,641253927.00,United States,,Life Insurance,Finance
BHFAO,Brighthouse Financial Inc. Depositary Shares 6.75% Non-Cumulative Preferred Stock Series B,$14.10,-0.24,-1.674%,128008,810913038.00,United States,,Life Insurance,Finance
BHFAP,Brighthouse Financial Inc. Depositary Shares 6.6% Non-Cumulative Preferred Stock Series A,$13.77,-0.28,-1.993%,86136,791934223.00,United States,,Life Insurance,Finance
BHK,Blackrock Core Bond Trust,$8.20,-0.10,-1.205%,451466,0.00,United States,2001,Finance Companies,Finance
BHM,Bluerock Homes Trust Inc. Class A Common Stock,$7.96,0.07,0.887%,2424,32699903.00,,2022,Real Estate Investment Trusts,Real Estate
BHP,BHP Group Limited American Depositary Shares (Each representing two Ordinary Shares),$84.84,0.02,0.024%,5692431,215671017832.00,Australia,,Coal Mining,Energy
BHR,Braemar Hotels & Resorts Inc. Common Stock,$1.67,0.01,0.602%,612721,114694461.00,United States,2013,Real Estate Investment Trusts,Real Estate
BHR^B,Braemar Hotels & Resorts Inc. 5.50% Series B Cumulative Convertible Preferred Stock par value $0.01 per share,$12.23,0.15,1.242%,17848,,United States,,,
BHR^D,Braemar Hotels & Resorts Inc. 8.25% Series D Cumulative Preferred Stock  par value $0.01 per share,$16.035,-0.195,-1.201%,3395,,United States,,,
BHRB,Burke & Herbert Financial Services Corp. Common Stock,$68.60,0.05,0.073%,126499,1384830464.00,United States,,Major Banks,Finance
BHST,BioHarvest Sciences Inc. Common Stock,$1.48,0.01,0.68%,30376,33548406.00,Canada,,,
BHV,BlackRock Virginia Municipal Bond Trust,$11.6732,0.9732,9.095%,17527,0.00,United States,2002,Finance/Investors Services,Finance
BHVN,Biohaven Ltd. Common Shares ,$13.35,0.06,0.451%,1432163,2016434476.00,United States,2022,Biotechnology: Pharmaceutical Preparations,Health Care
BIAF,bioAffinity Technologies Inc. Common Stock,$6.56,-0.32,-4.651%,108562,7653060.00,United States,2022,Biotechnology: Commercial Physical & Biological Resarch,Health Care
BIAFW,bioAffinity Technologies Inc. Warrant,$0.32,0.0398,14.204%,494,373320.00,United States,2022,Biotechnology: Commercial Physical & Biological Resarch,Health Care
BID,Tribeca Strategic Acquisition Corp. Class A Ordinary Shares,$9.91,0.00,0.00%,10,0.00,United States,2026,Blank Checks,Finance
BIDU,Baidu Inc. ADS,$86.87,0.16,0.185%,1651059,29557748487.00,China,2005,Computer Software: Programming Data Processing,Technology
BIDWR,Tribeca Strategic Acquisition Corp. Rights,$0.115,0.00,0.00%,31,0.00,United States,2026,Blank Checks,Finance
BIIB,Biogen Inc. Common Stock,$225.88,-1.19,-0.524%,1553332,33374673068.00,United States,,Biotechnology: Biological Products (No Diagnostic Substances),Health Care
BIII,Black Spade Acquisition III Co Class A Ordinary Shares,$10.06,0.005,0.05%,23213,0.00,,2026,Blank Checks,Finance
BILI,Bilibili Inc. American Depositary Shares,$15.02,0.18,1.213%,2692303,6257687178.00,China,2018,EDP Services,Technology
BILL,BILL Holdings Inc. Common Stock,$42.54,0.62,1.479%,1280097,3627674306.00,United States,2019,Computer Software: Prepackaged Software,Technology
BIO,Bio-Rad Laboratories Inc. Class A Common Stock,$377.71,-1.84,-0.485%,228629,10099276079.00,United States,1980,Biotechnology: Laboratory Analytical Instruments,Industrials
BIO/B,Bio-Rad Laboratories Inc.,$365.08,0.00,0.00%,4,,United States,,,
BIOA,BioAge Labs Inc. Common Stock,$7.09,-0.05,-0.70%,755957,325409085.00,United States,2024,Biotechnology: Pharmaceutical Preparations,Health Care
BIOT,Instinct Bio Technical Company Holdings Inc. Ordinary Shares,$0.3731,-0.0036,-0.956%,113671,10728061.00,Japan,,Package Goods/Cosmetics,Consumer Discretionary
BIOTW,Instinct Bio Technical Company Holdings Inc. Warrants,$0.015,-0.0001,-0.662%,8260,431308.00,Japan,,Package Goods/Cosmetics,Consumer Discretionary
BIOX,Bioceres Crop Solutions Corp. Ordinary Shares,$0.348,0.0025,0.724%,56683,22207930.00,Argentina,,Agricultural Chemicals,Industrials
BIP,Brookfield Infrastructure Partners LP Limited Partnership Units,$35.55,0.06,0.169%,1021695,16271750368.00,Bermuda,,Marine Transportation,Consumer Discretionary
BIP^A,Brookfield Infrastructure Partners LP 5.125% Class A Preferred Limited Partnership Units Series 13,$15.92,-0.25,-1.546%,26576,,Bermuda,,,
BIP^B,Brookfield Infrastructure Partners LP 5.000% Class A Preferred Limited Partnership Units Series 14,$15.84,0.02,0.126%,21952,,Bermuda,,,
BIPC,Brookfield Infrastructure Corporation Brookfield Infrastructure Corporation,$35.61,-0.08,-0.224%,1178445,4380585409.00,Canada,,Marine Transportation,Consumer Discretionary
BIPH,Brookfield Infrastructure Corporation 5.000% Subordinated Notes due 2081,$15.30,0.00,0.00%,18879,7058562772.00,Canada,2021,Marine Transportation,Consumer Discretionary
BIPI,BIP Bermuda Holdings I Limited 5.125% Perpetual Subordinated Notes,$16.07,0.13,0.816%,27691,152293783.00,Bermuda,2022,Marine Transportation,Consumer Discretionary
BIPJ,Brookfield Infrastructure Corporation 7.250% Subordinated Notes due 2084,$23.41,0.21,0.905%,12297,10800062385.00,Canada,2024,Marine Transportation,Consumer Discretionary
BIRD,Smartbird Inc. Class A Common Stock,$2.61,0.27,11.538%,794826,30821994.00,United States,2021,Apparel,Consumer Discretionary
BIRK,Birkenstock Holding plc Ordinary Shares,$32.41,-0.63,-1.907%,1729477,5351740272.00,,2023,Shoe Manufacturing,Consumer Discretionary
BIT,BlackRock Multi-Sector Income Trust Common Shares of Beneficial Interest,$11.24,0.03,0.268%,618374,0.00,United States,2013,Trusts Except Educational Religious and Charitable,Finance
BIVI,BioVie Inc. Class A Common Stock,$1.52,-0.02,-1.299%,201349,13197719.00,United States,,Biotechnology: Pharmaceutical Preparations,Health Care
BIVIW,BioVie Inc. Warrant,$0.3156,0.0356,12.714%,2554,2740263.00,United States,,Biotechnology: Pharmaceutical Preparations,Health Care
BIXI,Bitcoin Infrastructure Acquisition Corp Ltd. Class A Ordinary Shares,$10.12,-0.03,-0.296%,325,0.00,United States,2025,,
BIXIW,Bitcoin Infrastructure Acquisition Corp Ltd. Warrant,$0.3014,0.00,0.00%,7,0.00,United States,2025,,
BIYA,Baiya International Group Inc Class A Ordinary Shares,$1.96,-0.09,-4.39%,11527796,12506274.00,China,2025,Diversified Commercial Services,Consumer Discretionary
BJ,BJ's Wholesale Club Holdings Inc. Common Stock,$92.00,-3.49,-3.655%,3240674,11620951664.00,United States,2018,Department/Specialty Retail Stores,Consumer Discretionary
BJDX,Bluejay Diagnostics Inc. Common Stock,$0.8549,-0.0841,-8.956%,401471,3819737.00,United States,2021,Medical/Dental Instruments,Health Care
BJRI,BJ's Restaurants Inc. Common Stock,$57.29,-2.27,-3.811%,394165,1218773997.00,United States,,Restaurants,Consumer Discretionary
BKD,Brookdale Senior Living Inc. Common Stock,$10.83,-0.15,-1.366%,6760748,2586390839.00,United States,2005,Hospital/Nursing Management,Health Care
BKE,Buckle Inc. (The) Common Stock,$42.95,-0.28,-0.648%,618737,2212459040.00,United States,,Clothing/Shoe/Accessory Stores,Consumer Discretionary
BKH,Black Hills Corporation Common Stock,$70.08,-0.19,-0.27%,1050926,5343820121.00,United States,,Electric Utilities: Central,Utilities
BKHA,Black Hawk Acquisition Corporation Class A Ordinary Shares,$12.35,-0.01,-0.081%,1675,0.00,United States,2024,Biotechnology: Biological Products (No Diagnostic Substances),Health Care
BKHAR,Black Hawk Acquisition Corporation Rights,$1.58,-0.12,-7.059%,30127,0.00,United States,2024,Biotechnology: Biological Products (No Diagnostic Substances),Health Care
BKKT,Bakkt Inc. Class A Common Stock,$7.81,-0.29,-3.58%,1192909,351992467.00,United States,,Finance: Consumer Services,Finance
BKNG,Booking Holdings Inc. Common Stock,$162.91,0.57,0.351%,8391994,122407397255.00,United States,,Transportation Services,Consumer Discretionary
BKR,Baker Hughes Company Class A Common Stock,$54.90,-1.02,-1.824%,8379188,54497806498.00,United States,,Oil and Gas Field Machinery,Consumer Discretionary
BKSY,BlackSky Technology Inc. Class A Common Stock,$21.31,-0.58,-2.65%,1129107,872108468.00,United States,2019,Radio And Television Broadcasting And Communications Equipment,Technology
BKT,BlackRock Income Trust Inc. (The),$9.55,-0.01,-0.105%,204782,1420681598.00,United States,,Investment Bankers/Brokers/Service,Finance
BKTI,BK Technologies Corporation Common Stock,$74.49,-0.30,-0.401%,19251,280781787.00,United States,,Radio And Television Broadcasting And Communications Equipment,Technology
BKU,BankUnited Inc. Common Stock,$42.20,-0.35,-0.823%,934385,3006000908.00,United States,2011,Savings Institutions,Finance
BKV,BKV Corporation Common Stock,$21.34,-0.30,-1.386%,2455619,2335403292.00,United States,2024,Oil & Gas Production,Energy
BKYI,BIO-key International Inc. Common Stock,$2.80,-0.32,-10.256%,2196092,4021763.00,United States,,Computer Software: Prepackaged Software,Technology
BL,BlackLine Inc. Common Stock,$26.53,0.16,0.607%,951742,1542063413.00,United States,2016,Computer Software: Prepackaged Software,Technology
BLBD,Blue Bird Corporation Common Stock,$55.50,-0.86,-1.526%,741041,1758020165.00,United States,2014,Construction/Ag Equipment/Trucks,Consumer Discretionary
BLCO,Bausch + Lomb Corporation Common Shares,$17.00,-0.14,-0.817%,232495,6071809182.00,,2022,Ophthalmic Goods,Health Care
BLDP,Ballard Power Systems Inc. Common Shares,$2.04,-0.06,-2.857%,2951022,716225040.00,Canada,,Industrial Machinery/Components,Energy
BLDR,Builders FirstSource Inc. Common Stock,$57.01,-0.52,-0.904%,2137111,6134074014.00,United States,2005,RETAIL: Building Materials,Consumer Discretionary
BLFS,BioLife Solutions Inc. Common Stock,$38.85,-0.37,-0.943%,1094038,1900025450.00,United States,,Biotechnology: Electromedical & Electrotherapeutic Apparatus,Health Care
BLIN,Bridgeline Digital Inc. Common Stock,$0.821,0.0104,1.283%,8789,10344501.00,United States,2007,Computer Software: Prepackaged Software,Technology
BLIV,BeLive Holdings Ordinary Share,$2.41,-0.09,-3.60%,23640,26184173.00,Singapore,2025,EDP Services,Technology
BLK,BlackRock Inc. Common Stock,$1058.29,-9.65,-0.904%,551382,163896588107.00,United States,1999,Investment Bankers/Brokers/Service,Finance
BLKB,Blackbaud Inc. Common Stock,$41.62,0.19,0.459%,330430,1889135837.00,United States,2004,Computer Software: Prepackaged Software,Technology
BLLN,BillionToOne Inc. Class A Common Stock,$106.44,-11.74,-9.934%,969111,5022588325.00,United States,2025,Medical Specialities,Health Care
BLMN,Bloomin' Brands Inc. Common Stock,$7.75,-0.31,-3.846%,3085936,663562107.00,United States,2012,Restaurants,Consumer Discretionary
BLND,Blend Labs Inc. Class A Common Stock,$1.03,0.00,0.00%,2053269,243608719.00,United States,2021,Computer Software: Programming Data Processing,Technology
BLNE,Beeline Holdings Inc. Common Stock,$0.84,-0.0278,-3.204%,159170,27659644.00,United States,,Finance: Consumer Services,Finance
BLNK,Blink Charging Co. Common Stock,$0.54,-0.0181,-3.243%,732542,78266907.00,United States,,Industrial Machinery/Components,Miscellaneous
BLRK,Bluerock Acquisition Corp. Class A Ordinary Shares,$10.12,0.00,0.00%,784,0.00,United States,2026,,
BLRX,BioLineRx Ltd. American Depositary Shares,$2.35,-0.01,-0.424%,40790,11698808.00,Israel,,Biotechnology: Pharmaceutical Preparations,Health Care
BLSH,Bullish Ordinary Shares,$34.89,-0.79,-2.214%,730872,5569882236.00,Cayman Islands,2025,Finance: Consumer Services,Finance
BLSM,BlossomHill Therapeutics Inc. Common Stock,$18.64,-2.73,-12.775%,362194,592470704.00,United States,2026,Biotechnology: Pharmaceutical Preparations,Health Care
BLTE,Belite Bio Inc American Depositary Shares,$169.82,3.16,1.896%,142092,6839015494.00,United States,2022,Biotechnology: Pharmaceutical Preparations,Health Care
BLUW,Blue Water Acquisition Corp. III Class A Ordinary Shares,$10.38,0.0077,0.074%,3992,75203100.00,United States,2025,,
BLW,Blackrock Limited Duration Income Trust,$11.49,-0.16,-1.373%,359672,410322297.00,United States,2003,Other Consumer Services,Consumer Discretionary
BLX,Bladex Inc. Class E Common Stock,$55.02,-0.49,-0.883%,291702,2068692523.00,Panama,1992,Commercial Banks,Finance
BLZE,Backblaze Inc. Class A Common Stock,$13.99,0.61,4.559%,1986834,865981000.00,United States,2021,Computer Software: Prepackaged Software,Technology
BLZR,Trailblazer Acquisition Corp. Class A Ordinary Shares,$10.25,0.005,0.049%,624,0.00,United States,2025,Blank Checks,Finance
BLZRW,Trailblazer Acquisition Corp. Warrant,$0.3774,0.0274,7.829%,202,0.00,United States,2025,Blank Checks,Finance
BMA,Banco Macro S.A.  ADR (representing Ten Class B Common Shares),$66.93,0.88,1.332%,426312,4279439278.00,Argentina,,Commercial Banks,Finance
BMBL,Bumble Inc. Class A Common Stock,$2.63,0.06,2.335%,2836146,347076666.00,United States,2021,Computer Software: Programming Data Processing,Technology
BME,Blackrock Health Sciences Trust,$44.13,-0.49,-1.098%,44165,588386084.00,United States,2005,Trusts Except Educational Religious and Charitable,Finance
BMEA,Biomea Fusion Inc. Common Stock,$1.33,0.07,5.556%,1453307,96403523.00,United States,2021,Biotechnology: Pharmaceutical Preparations,Health Care
BMEZ,BlackRock Health Sciences Term Trust Common Shares of Beneficial Interest,$16.70,-0.21,-1.242%,306967,222661401.00,United States,2020,Trusts Except Educational Religious and Charitable,Finance
BMGL,Basel Medical Group Ltd Ordinary Shares,$3.12,0.02,0.645%,7122,4936186.00,Singapore,2025,Medical/Nursing Services,Health Care
BMHL,Bluemount Holdings Limited Class B Ordinary Shares,$4.32,-0.32,-6.897%,14730,110247035.00,Hong Kong,2025,Finance: Consumer Services,Finance
BMI,Badger Meter Inc. Common Stock,$123.54,-2.45,-1.945%,335773,3581035078.00,United States,1971,Industrial Machinery/Components,Industrials
BML^G,Bank of America Corporation Depositary Shares (Each representing a 1/1200th interest in a share of Floating Rate Non-Cumulative Preferred Stock  Series 1),$18.59,0.18,0.978%,40428,,United States,,,
BML^H,Bank of America Corporation Depositary Shares (Each representing a 1/1200th interest in a Share of Floating Rate Non-Cumulative Preferred Stock Series 2),$18.57,0.23,1.254%,258963,,United States,,,
BML^J,Bank of America Corporation Depositary Shares (Each representing a 1/1200th interest in a Share of Floating Rate Non-Cumulative Preferred Stock Series 4),$19.76,-0.08,-0.403%,53015,,United States,,,
BML^L,Bank of America Corporation Depositary Shares (Each representing a 1/1200th Interest in a Share of Floating Rate Non-Cumulative Preferred Stock Series 5),$20.20,0.39,1.969%,457091,,United States,,,
BMM,Blue Moon Metals Inc. Common Shares,$5.02,-0.08,-1.569%,246608,526412265.00,Canada,,,
BMN,BlackRock 2037 Municipal Target Term Trust Common Shares of Beneficial Interest,$22.00,0.02,0.091%,53631,0.00,,2022,Trusts Except Educational Religious and Charitable,Finance
BMNP,BitMine Immersion Technologies Inc. 9.5% Series A Perpetual Preferred Stock,$99.50,0.12,0.121%,10730,60021026203.00,,,Finance: Consumer Services,Finance
BMNR,BitMine Immersion Technologies Inc. Common Stock,$26.43,-0.30,-1.122%,28620923,15943273593.00,United States,2025,Finance: Consumer Services,Finance
BMO,Bank Of Montreal Common Stock,$167.25,-2.36,-1.391%,471329,116254176638.00,Canada,,Commercial Banks,Finance
BMR,Beamr Imaging Ltd. Ordinary Share,$1.27,0.02,1.60%,54439,19722915.00,Israel,2023,Computer Software: Prepackaged Software,Technology
BMRA,Biomerica Inc. Common Stock,$2.26,-0.04,-1.739%,11397,10393668.00,United States,,Biotechnology: In Vitro & In Vivo Diagnostic Substances,Health Care
BMRC,Bank of Marin Bancorp Common Stock,$27.08,-0.17,-0.624%,109752,438540236.00,United States,,Major Banks,Finance
BMRN,BioMarin Pharmaceutical Inc. Common Stock,$60.00,0.13,0.217%,1798036,11614425540.00,United States,1999,Biotechnology: Pharmaceutical Preparations,Health Care
BMY,Bristol-Myers Squibb Company Common Stock,$62.40,-0.46,-0.732%,15868083,127465394534.00,United States,,Biotechnology: Pharmaceutical Preparations,Health Care
BN,Brookfield Corporation Class A Limited Voting Shares,$36.46,-0.03,-0.082%,7368251,89354332786.00,Canada,1925,Building operators,Real Estate
BNAI,Brand Engagement Network Inc. Common Stock,$6.07,0.12,2.017%,190979,45544327.00,United States,2021,EDP Services,Technology
BNAIW,Brand Engagement Network Inc. Warrant,$0.05,-0.0001,-0.20%,2445,375159.00,United States,2021,EDP Services,Technology
BNC,BNB Standard Corporation Common Stock,$5.89,0.02,0.341%,714935,242513977.00,United States,,Farming/Seeds/Milling,Consumer Staples
BNCWW,BNB Standard Corporation Warrant,$0.015,0.00,0.00%,6,617608.00,United States,,Farming/Seeds/Milling,Consumer Staples
BNCWZ,BNB Standard Corporation Warrant,$0.15,0.0038,2.599%,395,6176078.00,United States,,Farming/Seeds/Milling,Consumer Staples
BNED,Barnes & Noble Education Inc Common Stock,$11.59,0.21,1.845%,163496,401767118.00,United States,2015,Other Specialty Stores,Consumer Discretionary
BNGO,Bionano Genomics Inc. Common Stock,$1.56,-0.17,-9.827%,655065,18372120.00,United States,2018,Biotechnology: Laboratory Analytical Instruments,Industrials
BNH,Brookfield Finance Inc. 4.625% Subordinated Notes due October 16 2080,$14.49,-0.13,-0.889%,97029,21847978008.00,Canada,2020,Building operators,Real Estate
BNJ,Brookfield Finance Inc. 4.50% Perpetual Subordinated Notes,$14.45,0.08,0.557%,19115,21787666130.00,Canada,2020,Building operators,Real Estate
BNKK,Bonk Inc. Common Stock,$1.98,-0.03,-1.493%,253544,15841861.00,United States,2020,Package Goods/Cosmetics,Consumer Discretionary
BNL,Broadstone Net Lease Inc. Common Stock,$18.50,-0.38,-2.013%,2320718,3550019964.00,United States,2020,Real Estate Investment Trusts,Real Estate
BNR,Burning Rock Biotech Limited American Depositary Shares,$17.63,-1.31,-6.917%,13773,185932027.00,China,2020,Medical Specialities,Health Care
BNS,Bank Nova Scotia Halifax Pfd 3 Ordinary Shares,$90.84,-1.63,-1.763%,1968536,111441363782.00,Canada,,Major Banks,Finance
BNT,Brookfield Wealth Solutions Ltd. Class A Exchangeable Limited Voting Shares,$36.52,0.10,0.275%,18063,12344281871.00,,2021,Property-Casualty Insurers,Finance
BNTC,Benitec Biopharma Inc. Common Stock,$10.00,0.25,2.564%,145992,348827260.00,United States,2015,Biotechnology: Pharmaceutical Preparations,Health Care
BNTX,BioNTech SE American Depositary Share,$98.30,-0.27,-0.274%,845547,24693389178.00,Germany,2019,Biotechnology: Biological Products (No Diagnostic Substances),Health Care
BNY,The Bank of New York Mellon Corporation Common Stock,$144.63,-2.35,-1.599%,4419834,98132054057.00,United States,,Major Banks,Finance
BNY^K,The Bank Of New York Mellon Corporation  Depositary Shares each representing a 1/4000th interest in a share of Series K Noncumulative Perpetual Preferred Stock,$24.37,-0.03,-0.123%,283810,,United States,,,
BOBS,Bob's Discount Furniture Inc. Common Stock,$13.86,0.02,0.145%,1105044,1811322873.00,,2026,Other Specialty Stores,Consumer Discretionary
BOC,Boston Omaha Corporation Class A Common Stock,$12.93,-0.07,-0.538%,161359,389536498.00,United States,2022,Real Estate,Finance
BODI,The Beachbody Company Inc. Class A Common Stock,$4.71,0.00,0.00%,5281,34199225.00,United States,,Other Consumer Services,Consumer Discretionary
BOE,Blackrock Enhanced Global Dividend Trust Common Shares of Beneficial Interest,$11.68,-0.16,-1.351%,326020,0.00,United States,2005,Trusts Except Educational Religious and Charitable,Finance
BOF,BranchOut Food Inc. Common Stock,$3.82,-0.10,-2.551%,6872,62112077.00,United States,2023,Packaged Foods,Consumer Staples
BOH,Bank of Hawaii Corporation Common Stock,$68.92,-0.25,-0.361%,472379,2718921292.00,United States,,Major Banks,Finance
BOH^A,Bank of Hawaii Corporation Depositary Shares Each Representing a 1/40th Interest in a Share of 4.375% Fixed Rate Non-Cumulative Perpetual Preferred Stock Series A,$14.95,0.01,0.067%,8460,,United States,,,
BOH^B,Bank of Hawaii Corporation Depositary Shares Each Representing a 1/40th Interest in a Share of 8.000% Fixed Rate Non-Cumulative Perpetual Preferred Stock Series B,$25.80,0.32,1.256%,36749,,United States,,,
BOKF,BOK Financial Corporation Common Stock,$126.40,-2.22,-1.726%,354998,7680931989.00,United States,,Major Banks,Finance
BOLD,Boundless Bio Inc. Common Stock,$2.51,-0.05,-1.953%,208246,57097442.00,United States,2024,Biotechnology: Pharmaceutical Preparations,Health Care
BOLT,Bolt Biotherapeutics Inc. Common Stock,$3.68,0.08,2.222%,9314,7088950.00,United States,2021,Biotechnology: Pharmaceutical Preparations,Health Care
BON,Bon Natural Life Limited Class A Ordinary Shares,$1.20,0.00,0.00%,2366,9754572.00,China,2021, Medicinal Chemicals and Botanical Products ,Health Care
BOOM,DMC Global Inc. Common Stock,$5.58,-0.06,-1.064%,110505,114618495.00,United States,,Industrial Specialties,Industrials
BOOT,Boot Barn Holdings Inc. Common Stock,$120.47,-1.42,-1.165%,637356,3648415157.00,United States,2014,Clothing/Shoe/Accessory Stores,Consumer Discretionary
BORR,Borr Drilling Limited Common Shares,$3.89,-0.02,-0.512%,4805642,1196957182.00,Bermuda,2019,Oil & Gas Production,Energy
BOSC,B.O.S. Better Online Solutions Common Stock,$4.63,-0.08,-1.699%,9581,32640620.00,Israel,,Computer Communications Equipment,Telecommunications
BOT,RoboStrategy Inc. Common Stock,$26.27,-0.15,-0.568%,150381,0.00,Puerto Rico,,,
BOTJ,Bank of the James Financial Group Inc. Common Stock,$26.83,-0.21,-0.777%,18805,121897759.00,United States,,Major Banks,Finance
BOW,Bowhead Specialty Holdings Inc. Common Stock,$33.77,0.00,0.00%,174128,1112485279.00,United States,2024,Property-Casualty Insurers,Finance
BOX,Box Inc. Class A Common Stock,$33.48,0.73,2.229%,2971432,4593481880.00,United States,2015,Computer Software: Prepackaged Software,Technology
BOXL,Boxlight Corporation Class A Common Stock,$4.77,0.02,0.421%,4837,4028475.00,United States,2017,Other Consumer Services,Real Estate
BP,BP p.l.c. Common Stock,$43.99,0.47,1.08%,7326147,115162758340.00,United Kingdom,,Integrated oil Companies,Energy
BPAC,Blueport Acquisition Ltd Class A Ordinary Shares,$10.19,0.00,0.00%,6,0.00,United States,2026,,
BPACR,Blueport Acquisition Ltd Rights,$0.14,0.00,0.00%,2,0.00,United States,2026,Blank Checks,Finance
BPOP,Popular Inc. Common Stock,$155.45,-0.85,-0.544%,679001,9914367980.00,United States,,Major Banks,Finance
BPOPM,Popular Inc. Popular Capital Trust II - 6.125% Cumulative Monthly Income Trust Preferred Securities,$25.30,0.21,0.837%,8696,1613596075.00,United States,,Major Banks,Finance
BPRE,Bluerock Private Real Estate Fund Common Shares of Beneficial Interest,$12.54,0.04,0.32%,1079252,0.00,,2025,,
BPRN,Princeton Bancorp Inc. Common Stock (PA),$42.92,-0.61,-1.401%,31334,292422587.00,United States,,Major Banks,Finance
BPYPM,Brookfield Property Partners L.P. 6.25% Class A Cumulative Redeemable Preferred Units Series 1,$15.67,-0.70,-4.276%,96380,19410859956.00,Bermuda,,Real Estate,Finance
BPYPN,Brookfield Property Partners L.P. 5.750% Class A Cumulative Redeemable Perpetual Preferred Units Series 3,$13.54,0.19,1.423%,17866,16772370377.00,Bermuda,,Real Estate,Finance
BPYPO,Brookfield Property Partners L.P. 6.375% Class A Cumulative Redeemable Perpetual Preferred Units Series 2,$15.05,0.35,2.381%,55191,18642848905.00,Bermuda,,Real Estate,Finance
BPYPP,Brookfield Property Partners L.P. 6.50% Class A Cumulative Redeemable Perpetual Preferred Units,$15.93,0.78,5.149%,34558,19732929107.00,Bermuda,,Real Estate,Finance
BQ,Boqii Holding Limited Class A Ordinary Shares,$0.79,-0.01,-1.25%,24270,6224895.00,,2025,Other Specialty Stores,Consumer Discretionary
BR,Broadridge Financial Solutions Inc. Common Stock,$161.10,0.15,0.093%,1051926,18188195155.00,United States,,Business Services,Consumer Discretionary
BRAG,Bragg Gaming Group Inc. Common Shares,$1.25,-0.01,-0.794%,60164,38829255.00,Canada,,Office Equipment/Supplies/Services,Technology
BRAI,Braiin Limited Common Stock,$5.40,-0.06,-1.099%,22497,1112876431.00,Australia,,EDP Services,Technology
BRBI,BRBI BR Partners S.A. ADSs,$11.24,0.00,0.00%,53,563534777.00,Brazil,,Finance: Consumer Services,Finance
BRBR,BellRing Brands Inc. Common Stock ,$7.69,-0.06,-0.774%,4817964,894179312.00,United States,2022,Packaged Foods,Consumer Staples
BRBS,Blue Ridge Bankshares Inc. Common Stock,$3.85,0.01,0.26%,1542402,345302084.00,United States,,Major Banks,Finance
BRC,Brady Corporation Common Stock,$83.49,-1.29,-1.522%,259752,3915615377.00,United States,,Miscellaneous manufacturing industries,Consumer Discretionary
BRCB,Black Rock Coffee Bar Inc. Class A Common Stock,$7.13,-0.05,-0.696%,226715,357018201.00,United States,2025,Restaurants,Consumer Discretionary
BRCC,BRC Inc. Class A Common Stock,$9.06,-0.15,-1.629%,72606,226760439.00,United States,2022,Beverages (Production/Distribution),Consumer Staples
BREZ,Breeze Acquisition Corp. II Ordinary Shares,$10.02,0.00,0.00%,16,0.00,United States,2026,Blank Checks,Finance
BREZR,Breeze Acquisition Corp. II Right,$0.275,0.015,5.769%,41768,0.00,United States,2026,Blank Checks,Finance
BRFH,Barfresh Food Group Inc. Common Stock,$0.9181,0.0681,8.012%,55184,14972533.00,United States,,Packaged Foods,Consumer Staples
BRIA,BrilliA Inc Class A Ordinary Shares,$1.38,-0.03,-2.128%,1601,42262500.00,,2024,Apparel,Consumer Discretionary
BRID,Bridgford Foods Corporation Common Stock,$5.64,-0.0442,-0.778%,1841,51193332.00,United States,,Specialty Foods,Consumer Staples
BRK/A,Berkshire Hathaway Inc.,$747005.00,-6362.87,-0.845%,317,1098750232370.00,United States,,,
BRK/B,Berkshire Hathaway Inc.,$497.95,-4.40,-0.876%,7050926,1098632747189.00,United States,,,
BRKH,Burtech Acquisition Corp II Class A Ordinary Shares,$10.03,0.00,0.00%,46,0.00,United States,2026,Blank Checks,Finance
BRKHU,Burtech Acquisition Corp II Unit,$10.12,0.00,0.00%,7,0.00,United States,2026,Semiconductors,Technology
BRKR,Bruker Corporation Common Stock,$64.75,0.24,0.372%,2138996,9865265711.00,United States,,Biotechnology: Laboratory Analytical Instruments,Industrials
BRKRP,Bruker Corporation 6.375% Mandatory Convertible Preferred Stock Series A,$471.09,0.31,0.066%,20554,71774950174.00,United States,,Biotechnology: Laboratory Analytical Instruments,Industrials
BRLS,Borealis Foods Inc. Class A Common Shares,$1.29,-0.01,-0.769%,7925,27687665.00,Canada,2021,Packaged Foods,Consumer Staples
BRLT,Brilliant Earth Group Inc. Class A Common Stock,$1.33,0.00,0.00%,43370,135424317.00,United States,2021,Consumer Specialties,Consumer Discretionary
BRN,Barnwell Industries Inc. Common Stock,$0.92,-0.0223,-2.367%,5025,13279565.00,United States,1965,Oil & Gas Production,Energy
BRNX,BrenX Ltd. Ordinary Shares,$2.34,0.05,2.183%,135987,4555914.00,Israel,,Building Products,Industrials
BRO,Brown & Brown Inc. Common Stock,$60.90,0.30,0.495%,1989198,20377770741.00,United States,,Specialty Insurers,Finance
BROS,Dutch Bros Inc. Class A Common Stock,$38.56,0.46,1.207%,5221283,6735726969.00,United States,2021,Restaurants,Consumer Discretionary
BRRKU,Bluerock Acquisition Corp. II Units,$9.99,-0.0099,-0.099%,337553,0.00,United States,2026,,
BRSL,Brightstar Lottery PLC Trading under the Legal Name to begin at the market open on July 21 2025. Ordinary Shares,$9.99,0.06,0.604%,2721785,1843155000.00,United States,2015,Services-Misc. Amusement & Recreation,Consumer Discretionary
BRSP,BrightSpire Capital Inc. Class A Common Stock,$3.83,-0.20,-4.963%,2339939,484587609.00,United States,2018,Real Estate Investment Trusts,Real Estate
BRT,BRT Apartments Corp. (MD) Common Stock,$13.36,-0.08,-0.595%,62246,251078181.00,United States,,Real Estate Investment Trusts,Real Estate
BRTM,B&R Technology Merger Corp. Class A Ordinary Shares,$9.805,-0.005,-0.051%,633,0.00,United States,2026,Blank Checks,Finance
BRTMU,B&R Technology Merger Corp. Units,$10.03,0.09,0.905%,5061,0.00,United States,2026,,
BRTMW,B&R Technology Merger Corp. Warrants,$0.3121,0.00,0.00%,5,0.00,United States,2026,Blank Checks,Finance
BRTX,BioRestorative Therapies Inc. Common Stock (NV),$2.33,0.00,0.00%,24955,3218028.00,United States,,Managed Health Care,Health Care
BRUN,Boost Run Inc. Class A Common Stock,$16.50,-0.15,-0.901%,1698642,1311542777.00,United States,,EDP Services,Technology
BRVE,Braveheart Bio Inc. Common Stock,$20.20,-2.14,-9.579%,967669,1818787174.00,United States,2026,Biotechnology: Pharmaceutical Preparations,Health Care
BRW,Saba Capital Income & Opportunities Fund SBI,$6.01,-0.07,-1.151%,578441,0.00,United States,,Trusts Except Educational Religious and Charitable,Finance
BRX,Brixmor Property Group Inc. Common Stock,$27.60,-0.26,-0.933%,4050776,8469675922.00,United States,2013,Real Estate Investment Trusts,Real Estate
BRZE,Braze Inc. Class A Common Stock,$25.10,1.95,8.423%,2885149,2850969118.00,United States,2021,Computer Software: Prepackaged Software,Technology
BSAA,BEST SPAC I Acquisition Corp. Class A Ordinary Shares,$11.30,0.00,0.00%,2509,,Hong Kong,2025,Blank Checks,Finance
BSAC,Banco Santander - Chile ADS,$33.36,-0.25,-0.744%,268196,15716406975.00,Chile,,Commercial Banks,Finance
BSBK,Bogota Financial Corp. Common Stock,$9.05,0.00,0.00%,563,115489883.00,United States,2020,Banks,Finance
BSBR,Banco Santander Brasil SA American Depositary Shares each representing one unit,$5.57,-0.11,-1.937%,1751634,41614573590.00,Brazil,2009,Commercial Banks,Finance
BSEM,BioStem Technologies Inc. Common Stock,$3.09,-0.74,-19.321%,332920,55154865.00,United States,,Biotechnology: Biological Products (No Diagnostic Substances),Health Care
BSET,Bassett Furniture Industries Incorporated Common Stock,$17.47,-0.58,-3.213%,67823,151259959.00,United States,,Home Furnishings,Consumer Discretionary
BSIN,Big Sky Industrial Inc. Common Stock,$1.41,0.01,0.714%,436087,74015733.00,United States,,Oil & Gas Production,Energy
BSL,Blackstone Senior Floating Rate 2027 Term Fund Common Shares of Beneficial Interest,$12.95,0.03,0.232%,35745,0.00,United States,2010,Trusts Except Educational Religious and Charitable,Finance
BSM,Black Stone Minerals L.P. Common units representing limited partner interests,$14.32,0.01,0.07%,262609,3046015377.00,United States,2015,Oil & Gas Production,Energy
BSP,Bending Spoons S.p.A. Ordinary Shares,$33.32,0.565,1.725%,3231329,22933466276.00,Italy,2026,Computer Software: Programming Data Processing,Technology
BSRR,Sierra Bancorp Common Stock,$39.05,-0.12,-0.306%,52825,506220653.00,United States,,Major Banks,Finance
BST,BlackRock Science and Technology Trust Common Shares of Beneficial Interest,$49.97,0.03,0.06%,335885,1107226765.00,United States,2014,Finance Companies,Finance
BSTZ,BlackRock Science and Technology Term Trust Common Shares of Beneficial Interest,$29.42,-0.21,-0.709%,357768,651883359.00,United States,2019,Trusts Except Educational Religious and Charitable,Finance
BSVN,Bank7 Corp. Common stock,$54.53,-0.75,-1.357%,99339,519444928.00,United States,2018,Major Banks,Finance
BSX,Boston Scientific Corporation Common Stock,$43.65,-0.23,-0.524%,17967903,63258868810.00,United States,,Medical/Dental Instruments,Health Care
BSY,Bentley Systems Incorporated Class B Common Stock,$31.95,0.83,2.667%,1787337,9651867804.00,United States,2020,Computer Software: Prepackaged Software,Technology
BTBD,BT Brands Inc. Common Stock,$1.86,0.01,0.541%,27219,11503587.00,United States,2021,Restaurants,Consumer Discretionary
BTBDW,BT Brands Inc. Warrant,$0.0233,-0.0266,-53.307%,16150,144104.00,United States,2021,Restaurants,Consumer Discretionary
BTBT,Bit Digital Inc. Ordinary Shares,$1.63,-0.02,-1.212%,18025059,587832610.00,United States,2018,Finance: Consumer Services,Finance
BTCS,BTCS Inc. Common Stock,$1.47,-0.06,-3.922%,1462901,77133753.00,United States,,Finance: Consumer Services,Finance
BTCT,BTC Digital Ltd. Ordinary Shares,$1.13,0.03,2.727%,922627,13334641.00,China,,Finance: Consumer Services,Finance
BTDR,Bitdeer Technologies Group Class A Ordinary Shares,$10.49,-0.41,-3.761%,7318602,2850995750.00,Singapore,,Finance: Consumer Services,Finance
BTE,Baytex Energy Corp Common Shares,$4.53,0.06,1.342%,18030988,3211262640.00,Canada,2023,Oil & Gas Production,Energy
BTG,B2Gold Corp Common shares (Canada),$5.22,-0.12,-2.247%,21507596,6895989378.00,Canada,,Precious Metals,Basic Materials
BTGO,BitGo Holdings Inc. Class A Common Stock,$7.40,0.13,1.788%,986448,869837603.00,United States,2026,Finance: Consumer Services,Finance
BTI,British American Tobacco  Industries p.l.c. Common Stock ADR,$54.40,-0.45,-0.82%,4707621,117522145392.00,United Kingdom,1998, Medicinal Chemicals and Botanical Products ,Health Care
BTLN,Brightline Interactive Inc. Common Stock,$5.05,0.50,10.989%,23253,13697373.00,United States,2021,EDP Services,Technology
BTMD,Biote Corp. Class A Common Stock,$1.21,-0.03,-2.419%,36593,43472236.00,United States,, Medicinal Chemicals and Botanical Products ,Health Care
BTO,John Hancock Financial Opportunities Fund Common Stock,$35.88,-0.19,-0.527%,84467,0.00,United States,1994,Investment Managers,Finance
BTOC,Armlogi Holding Corp. Common Stock,$0.2366,-0.0038,-1.581%,192622,10751832.00,United States,2024,Office Equipment/Supplies/Services,Consumer Discretionary
BTQ,BTQ Technologies Corp. Common Stock,$2.90,0.06,2.113%,2170392,426533963.00,Canada,,,
BTSG,BrightSpring Health Services Inc. Common Stock,$56.75,1.06,1.903%,2161431,11228795677.00,United States,2024,Medical/Nursing Services,Health Care
BTSGU,BrightSpring Health Services Inc. Tangible Equity Unit,$188.47,4.16,2.257%,13119,37291473501.00,United States,2024,Medical/Nursing Services,Health Care
BTT,BlackRock Municipal 2030 Target Term Trust,$21.84,0.18,0.831%,131773,0.00,United States,2012,Investment Managers,Finance
BTTC,Black Titan Corporation Ordinary Shares,$0.52,0.057,12.311%,65656280,7123326.00,Malaysia,,Biotechnology: Biological Products (No Diagnostic Substances),Health Care
BTU,Peabody Energy Corporation Common Stock ,$24.39,0.02,0.082%,1565422,2973141000.00,United States,2017,Coal Mining,Energy
BTX,BlackRock Technology and Private Equity Term Trust Common Shares of Beneficial Interest,$8.98,0.03,0.335%,611286,2117449643.00,United States,2021,,
BTZ,BlackRock Credit Allocation Income Trust,$9.31,-0.06,-0.64%,486639,1006736850.00,United States,2006,Finance/Investors Services,Finance
BUD,Anheuser-Busch Inbev SA Sponsored ADR (Belgium),$73.47,-0.82,-1.104%,1620265,144892615477.00,Belgium,,Beverages (Production/Distribution),Consumer Staples
BUDA,Buda Juice Inc. Common Stock,$8.20,0.31,3.929%,2257,103046661.00,,2026,Beverages (Production/Distribution),Consumer Staples
BUI,BlackRock Utility Infrastructure & Power Opportunities Trust,$24.93,-0.25,-0.993%,115514,0.00,United States,2011,Trusts Except Educational Religious and Charitable,Finance
BULL,Webull Corporation Class A Ordinary Shares,$6.97,-0.20,-2.789%,9315450,3767179648.00,United States,,Investment Bankers/Brokers/Service,Finance
BULLW,Webull Corporation Warrants,$2.15,-0.06,-2.715%,5082,1162042503.00,United States,,Investment Bankers/Brokers/Service,Finance
BUR,Burford Capital Limited Ordinary Shares,$3.92,0.02,0.513%,2091120,857741437.00,,2020,Finance: Consumer Services,Finance
BURL,Burlington Stores Inc. Common Stock,$267.19,-2.86,-1.059%,1149421,16783591952.00,United States,2013,Department/Specialty Retail Stores,Consumer Discretionary
BURU,Nuburu Inc. Common Stock,$0.9861,0.0462,4.915%,4146866,9133598.00,United States,,Industrial Machinery/Components,Miscellaneous
BUSE,First Busey Corporation Class A Common Stock,$29.13,-0.25,-0.851%,757800,2423310164.00,United States,,Major Banks,Finance
BUSEP,First Busey Corporation Depositary Shares Each Representing a 1/40thInterest in a Share of 8.25% Fixed-Rate Series B Non-Cumulative Perpetual Preferred Stock $0.001 par value,$25.155,0.11,0.439%,17081,2092631898.00,United States,,Major Banks,Finance
BUUU,BUUU Group Limited Class A Ordinary Share,$39.75,-0.70,-1.731%,110044,749188125.00,Hong Kong,2025,Services-Misc. Amusement & Recreation,Consumer Discretionary
BV,BrightView Holdings Inc. Common Stock,$10.00,-0.06,-0.596%,1150910,926000000.00,United States,2018,Farming/Seeds/Milling,Consumer Staples
BVC,BitVentures Limited Ordinary Shares,$11.4901,0.1101,0.967%,26184,1930336800.00,China,2021,Investment Managers,Finance
BVFL,BV Financial Inc. Common Stock,$20.98,-0.24,-1.131%,14025,177713272.00,United States,2023,Savings Institutions,Finance
BVN,Buenaventura Mining Company Inc.,$31.58,-0.41,-1.282%,1341671,8020905260.00,Peru,1996,Metal Mining,Basic Materials
BVS,Bioventus Inc. Class A Common Stock,$13.63,-0.37,-2.643%,461179,1146172324.00,United States,2021,Medical/Dental Instruments,Health Care
BW,Babcock & Wilcox Enterprises Inc. Common Stock,$5.84,0.03,0.516%,5557937,869955985.00,United States,2015,Building Products,Industrials
BW^A,Babcock & Wilcox Enterprises Inc. 7.75% Series A Cumulative Perpetual Preferred Stock,$19.39,0.89,4.811%,33389,,United States,,,
BWA,BorgWarner Inc. Common Stock,$60.11,-0.83,-1.362%,3010602,12242384539.00,United States,,Auto Parts:O.E.M.,Consumer Discretionary
BWAY,BrainsWay Ltd. American Depositary Shares,$13.20,-0.28,-2.077%,70726,529708199.00,Israel,2019,Medical/Dental Instruments,Health Care
BWB,Bridgewater Bancshares Inc. Common Stock,$20.17,-0.08,-0.395%,83267,562416710.00,United States,2018,Major Banks,Finance
BWBBP,Bridgewater Bancshares Inc. Depositary Shares Each Representing a 1/100th Interest in a Share of 5.875% Non-Cumulative Perpetual Preferred Stock Series A,$19.5274,0.2274,1.178%,8026,544498565.00,United States,,Major Banks,Finance
BWEN,Broadwind Inc. Common Stock,$4.18,0.12,2.956%,161005,98887819.00,United States,,Metal Fabrications,Telecommunications
BWFG,Bankwell Financial Group Inc. Common Stock,$64.80,-0.53,-0.811%,111043,516583786.00,United States,2014,Major Banks,Finance
BWG,BrandywineGLOBAL Global Income Opportunities Fund Inc.,$6.92,-0.07,-1.001%,101840,0.00,United States,2012,Finance/Investors Services,Finance
BWIN,The Baldwin Insurance Group Inc. Class A Common Stock,$31.79,0.01,0.031%,4250106,4434652038.00,United States,2019,Specialty Insurers,Finance
BWIV,Blue Water Acquisition Corp. IV Class A Ordinary Shares,$9.98,0.01,0.10%,302,0.00,,2026,Blank Checks,Finance
BWLP,BW LPG Limited Common Shares,$25.05,0.37,1.499%,249987,3990014100.00,,2024,Transportation Services,Consumer Discretionary
BWMN,Bowman Consulting Group Ltd. Common Stock,$42.64,0.05,0.117%,504838,739186232.00,United States,2021,Professional Services,Consumer Discretionary
BWMX,Betterware de Mexico S.A.P.I. de C.V. Ordinary Shares,$16.61,-0.13,-0.777%,41386,655846730.00,Mexico,,Catalog/Specialty Distribution,Consumer Discretionary
BWXT,BWX Technologies Inc. Common Stock,$137.00,-1.01,-0.732%,1456780,12552211260.00,United States,,Industrial Machinery/Components,Industrials
BX,Blackstone Inc. Common Stock,$112.09,-1.91,-1.675%,5720304,84137569028.00,United States,2007,Investment Managers,Finance
BXBL,BOXABL Inc. Common stock,$3.27,-0.47,-12.567%,353439,113132687.00,United States,2025,Homebuilding,Consumer Discretionary
BXC,Bluelinx Holdings Inc. Common Stock,$71.13,-3.61,-4.83%,169335,559097235.00,United States,2004,Wholesale Distributors,Consumer Discretionary
BXDC,Blackstone Digital Infrastructure Trust Inc. Common Stock,$17.34,-0.32,-1.812%,2442467,1745269353.00,,2026,Real Estate,Finance
BXMT,Blackstone Mortgage Trust Inc. Common Stock,$11.45,-0.86,-6.986%,4577659,1929824117.00,United States,,Real Estate Investment Trusts,Real Estate
BXP,BXP Inc. Common Stock,$61.11,-0.60,-0.972%,1224536,9756917687.00,United States,1997,Real Estate Investment Trusts,Real Estate
BXSL,Blackstone Secured Lending Fund Common Shares of Beneficial Interest,$23.98,-0.65,-2.639%,3180180,0.00,,2021,Trusts Except Educational Religious and Charitable,Finance
BY,Byline Bancorp Inc. Common Stock,$36.83,-0.07,-0.19%,304935,1664215849.00,United States,2017,Major Banks,Finance
BYAH,Park Ha Biological Technology Co. Ltd. Class A Ordinary Shares,$2.31,-0.12,-4.938%,25391,7912967.00,China,2024,Package Goods/Cosmetics,Consumer Discretionary
BYD,Boyd Gaming Corporation Common Stock,$66.57,-0.51,-0.76%,1344518,4836670910.00,United States,1993,Hotels/Resorts,Consumer Discretionary
BYFC,Broadway Financial Corporation Class A Common Stock,$11.83,-0.155,-1.293%,1669,109765187.00,United States,,Savings Institutions,Finance
BYND,Beyond Meat Inc. Common Stock,$8.26,0.03,0.365%,874129,142022159.00,United States,2019,Packaged Foods,Consumer Staples
BYRN,Byrna Technologies Inc. Common Stock,$3.265,-0.065,-1.952%,164500,76416522.00,United States,,Industrial Machinery/Components,Miscellaneous
BYSI,BeyondSpring Inc. Ordinary Shares,$0.77,-0.0033,-0.427%,268872,31662261.00,United States,2017,Biotechnology: Pharmaceutical Preparations,Health Care
BZ,KANZHUN LIMITED American Depository Shares,$14.80,0.63,4.446%,7066384,6849524404.00,China,2021,Computer Software: Programming Data Processing,Technology
BZAI,Blaize Holdings Inc. Common Stock,$0.4769,0.0009,0.189%,1516071,69070399.00,United States,2025,Semiconductors,Technology
BZAIW,Blaize Holdings Inc. Warrants,$0.076,0.0009,1.198%,39515,11007235.00,United States,2025,Semiconductors,Technology
BZFD,BuzzFeed Inc. Class A Common Stock,$1.13,-0.05,-4.237%,708845,100948248.00,United States,2021,Telecommunications Equipment,Consumer Discretionary
BZFDW,BuzzFeed Inc. Warrant,$0.0075,0.00,0.00%,19913,670010.00,United States,2021,Telecommunications Equipment,Consumer Discretionary
BZH,Beazer Homes USA Inc. Common Stock,$33.35,-0.01,-0.03%,902911,889765427.00,United States,1994,Homebuilding,Consumer Discretionary
BZUN,Baozun Inc. American Depositary Shares,$3.06,0.01,0.328%,217328,177872870.00,China,2015,Catalog/Specialty Distribution,Consumer Discretionary
C,Citigroup Inc. Common Stock,$129.48,-1.32,-1.009%,9799948,217194514663.00,United States,,Major Banks,Finance
C^N,Citigroup Capital XIII 7.875% Fixed rate Floating Rate trust Preferred Securities (TruPS),$26.34,-0.08,-0.303%,403553,,United States,,,
C^R,Citigroup Inc. Depositary Shares Each Representing a 1/1000th Interest in a Share of 6.250% Noncumulative Preferred Stock Series II,$22.33,-0.28,-1.238%,297852,,United States,,,
CAAP,Corporacion America Airports SA Common Shares,$25.44,-0.56,-2.154%,552861,4203175074.00,,2018,Aerospace,Consumer Discretionary
CAAS,China Automotive Systems Inc. Ordinary Share,$4.80,-0.03,-0.621%,6684,144819370.00,China,,Auto Parts:O.E.M.,Consumer Discretionary
CABA,Cabaletta Bio Inc. Common Stock,$1.92,-0.06,-3.03%,8052198,325527254.00,United States,2019,Biotechnology: Biological Products (No Diagnostic Substances),Health Care
CABO,Cable One Inc. Common Stock,$11.02,0.09,0.823%,568460,62526654.00,United States,2015,Cable & Other Pay Television Services,Telecommunications
CABR,Caring Brands Inc. Common Stock,$1.19,-0.03,-2.459%,1464,12338189.00,United States,,Package Goods/Cosmetics,Consumer Discretionary
CAC,Camden National Corporation Common Stock,$55.345,-0.805,-1.434%,125939,935167177.00,United States,,Major Banks,Finance
CACC,Credit Acceptance Corporation Common Stock,$531.00,-6.10,-1.136%,105843,5512087980.00,United States,1992,Finance: Consumer Services,Finance
CACI,CACI International Inc. Class A Common Stock,$609.11,0.97,0.16%,272435,13461085529.00,United States,,EDP Services,Technology
CADL,Candel Therapeutics Inc. Common Stock,$10.44,-0.44,-4.044%,1268877,798853819.00,United States,2021,Biotechnology: Biological Products (No Diagnostic Substances),Health Care
CAE,CAE Inc. Common Shares,$24.01,-0.24,-0.99%,793708,7719422927.00,Canada,,Industrial Machinery/Components,Miscellaneous
CAES,Cantor Equity Partners VII Inc. Class A Ordinary Shares,$10.06,0.00,0.00%,23,0.00,United States,2026,Blank Checks,Finance
CAF,Morgan Stanley China A Share Fund Inc. Common Stock,$17.74,0.0999,0.566%,10412,0.00,United States,2006,Investment Managers,Finance
CAG,ConAgra Brands Inc. Common Stock,$13.44,-0.69,-4.883%,37449539,6452108826.00,United States,,Packaged Foods,Consumer Staples
CAH,Cardinal Health Inc. Common Stock,$222.50,-1.41,-0.63%,1944993,51521954263.00,United States,,Other Pharmaceuticals,Health Care
CAI,Caris Life Sciences Inc. Common Stock,$30.63,-0.92,-2.916%,2929592,8655890547.00,United States,2025,Medical Specialities,Health Care
CAII,Collective Acquisition Corp. II Class A Ordinary Shares,$10.01,0.01,0.10%,685,0.00,United States,2026,Blank Checks,Finance
CAIIU,Collective Acquisition Corp. II Units,$10.0501,-0.0249,-0.247%,202,0.00,United States,2026,Blank Checks,Finance
CAKE,Cheesecake Factory Incorporated (The) Common Stock,$105.24,-2.11,-1.966%,908298,5236809122.00,United States,1992,Restaurants,Consumer Discretionary
CAL,Caleres Inc. Common Stock,$12.18,-0.27,-2.169%,626221,420270620.00,United States,,Shoe Manufacturing,Consumer Discretionary
CALC,CalciMedica Inc. Common Stock,$1.62,0.01,0.621%,38666,11061833.00,United States,2023,Biotechnology: Pharmaceutical Preparations,Health Care
CALM,Cal-Maine Foods Inc. Common Stock,$68.06,-0.49,-0.715%,3109621,3193095814.00,United States,1996,Farming/Seeds/Milling,Consumer Staples
CALX,Calix Inc Common Stock,$34.36,0.83,2.475%,1134088,2163442662.00,United States,2010,Telecommunications Equipment,Consumer Discretionary
CALY,Callaway Golf Company Common Stock,$14.09,-0.07,-0.494%,2680571,2515213241.00,United States,,Recreational Games/Products/Toys,Consumer Discretionary
CAMP,CAMP4 Therapeutics Corporation Common Stock,$4.04,0.13,3.325%,170667,253522928.00,United States,2024,Biotechnology: Pharmaceutical Preparations,Health Care
CAMT,Camtek Ltd. Ordinary Shares,$155.25,2.43,1.59%,397739,7226671237.00,Israel,2000,Electronic Components,Technology
CAN,Canaan Inc. American Depositary Shares,$0.345,-0.0275,-7.383%,12701134,245422358.00,China,2019,Finance: Consumer Services,Finance
CANF,Can-Fite Biopharma Ltd American Depositary Shares each representing two (2) Ordinary Shares,$2.20,0.02,0.917%,61879,6669403.00,Israel,,Biotechnology: Pharmaceutical Preparations,Health Care
CANG,Cango Inc. Class A Ordinary Shares,$2.49,0.12,5.063%,1276654,102144698.00,China,2025,Finance: Consumer Services,Finance
CAPL,CrossAmerica Partners LP Common Units representing limited partner interests,$21.36,0.04,0.188%,21753,815380727.00,United States,2012,Oil Refining/Marketing,Energy
CAPN,Cayson Acquisition Corp Ordinary shares,$11.25,0.00,0.00%,6,0.00,United States,2024,,
CAPR,Capricor Therapeutics Inc. Common Stock,$9.47,0.90,10.502%,20567166,550576226.00,United States,,Biotechnology: Pharmaceutical Preparations,Health Care
CAPS,Capstone Holding Corp. Common Stock,$0.144,-0.0115,-7.395%,6594268,3799313.00,United States,,RETAIL: Building Materials,Consumer Discretionary
CAQ,Cambridge Acquisition Corp. Class A Ordinary Shares,$10.01,0.00,0.00%,197,0.00,United States,2026,,
CAQUU,Cambridge Acquisition Corp. Unit,$10.07,0.00,0.00%,4,0.00,United States,2026,,
CAR,Avis Budget Group Inc. Common Stock,$106.67,-0.12,-0.112%,336812,3768198179.00,United States,,Rental/Leasing Companies,Consumer Discretionary
CARE,Carter Bankshares Inc. Common Stock,$29.89,-0.23,-0.764%,251115,662479898.00,United States,,Major Banks,Finance
CARG,CarGurus Inc. Class A Common Stock ,$31.16,0.00,0.00%,1688419,2775529574.00,United States,2017,EDP Services,Technology
CARL,Carlsmed Inc. Common Stock,$14.07,-0.02,-0.142%,56815,384149594.00,United States,2025,Medical/Dental Instruments,Health Care
CARR,Carrier Global Corporation Common Stock ,$54.86,-0.52,-0.939%,6510510,45222472627.00,United States,2020,Industrial Machinery/Components,Industrials
CARS,Cars.com Inc. Common Stock ,$10.27,-0.19,-1.816%,520127,549780973.00,United States,2017,EDP Services,Technology
CART,Maplebear Inc. Common Stock,$43.12,-0.37,-0.851%,2778778,10233816208.00,United States,2023,Business Services,Consumer Discretionary
CASH,Pathward Financial Inc. Common Stock,$71.14,-0.43,-0.601%,143827,1477816973.00,United States,1993,Major Banks,Finance
CASS,Cass Information Systems Inc Common Stock,$53.25,-0.39,-0.727%,92442,681927434.00,United States,,Business Services,Consumer Discretionary
CAST,FreeCast Inc. Class A Common Stock,$1.14,-0.03,-2.564%,552511,57897652.00,United States,,EDP Services,Technology
CASY,Casey's General Stores Inc. Common Stock,$608.46,8.56,1.427%,609232,22488783213.00,United States,1983,Retail-Auto Dealers and Gas Stations,Consumer Discretionary
CAT,Caterpillar Inc. Common Stock,$810.79,-15.85,-1.917%,1962771,372699803252.00,United States,,Construction/Ag Equipment/Trucks,Industrials
CATL, Catalyst Acquisition Corp. Class A Ordinary Share,$9.7999,-0.0001,-0.001%,6049,0.00,United States,2026,Blank Checks,Finance
CATLU,Catalyst Acquisition Corp. Units,$10.09,-0.01,-0.099%,2201,0.00,United States,2026,Blank Checks,Finance
CATO,Cato Corporation (The) Class A Common Stock,$2.39,-0.03,-1.24%,21520,47589558.00,United States,,Clothing/Shoe/Accessory Stores,Consumer Discretionary
CATX,Perspective Therapeutics Inc. Common Stock,$2.75,0.13,4.962%,1670339,313917073.00,United States,,Biotechnology: Pharmaceutical Preparations,Health Care
CATY,Cathay General Bancorp Common Stock,$59.50,-0.36,-0.601%,375372,3969472290.00,United States,,Major Banks,Finance
CAVA,CAVA Group Inc. Common Stock,$54.10,0.96,1.807%,3719074,6319215312.00,United States,2023,Restaurants,Consumer Discretionary
CB,Chubb Limited  Common Stock,$325.25,-6.83,-2.057%,1430368,125481404140.00,Switzerland,,Property-Casualty Insurers,Finance
CBAN,Colony Bankcorp Inc. Common Stock,$20.14,-0.25,-1.226%,147069,427390235.00,United States,,Major Banks,Finance
CBAT,CBAK Energy Technology Limited Ordinary Shares,$1.33,0.10,8.13%,320858,117898962.00,China,,Industrial Machinery/Components,Miscellaneous
CBC,Central Bancompany Inc. Class A Common Stock,$31.25,-0.41,-1.295%,1373940,7484535406.00,United States,,Major Banks,Finance
CBFV,CB Financial Services Inc. Common Stock,$36.82,-0.77,-2.048%,4628,187103923.00,United States,,Major Banks,Finance
CBIO,Crescent Biopharma Inc. Common Stock,$14.59,-0.17,-1.152%,289540,541930085.00,United States,2014,Biotechnology: Pharmaceutical Preparations,Health Care
CBK,Commercial Bancgroup Inc. Common Stock,$31.35,-0.21,-0.665%,27117,429534815.00,United States,2025,Major Banks,Finance
CBL,CBL & Associates Properties Inc. Common Stock,$53.36,0.00,0.00%,392901,1651105514.00,United States,2021,Real Estate Investment Trusts,Real Estate
CBLL,CeriBell Inc. Common Stock,$24.39,-0.47,-1.891%,336313,936041883.00,United States,2024,Biotechnology: Electromedical & Electrotherapeutic Apparatus,Health Care
CBNA,Chain Bridge Bancorp Inc. Class A Common Stock,$46.08,-1.13,-2.394%,15857,302368527.00,,2024,Major Banks,Finance
CBNK,Capital Bancorp Inc. Common Stock,$39.31,3.66,10.266%,750037,640377825.00,United States,2018,Major Banks,Finance
CBOE,Cboe Global Markets Inc. Common Stock,$275.29,13.54,5.173%,2288690,30782583688.00,,2010,Investment Bankers/Brokers/Service,Finance
CBRE,CBRE Group Inc Common Stock Class A,$128.47,-2.37,-1.811%,2608830,37201738534.00,United States,,Real Estate,Finance
CBRL,Cracker Barrel Old Country Store Inc Common Stock,$52.62,0.14,0.267%,933322,1176184867.00,United States,1981,Restaurants,Consumer Discretionary
CBRS,Cerebras Systems Inc. Class A Common Stock,$177.65,-17.30,-8.874%,13896812,42203251884.00,United States,2026,Semiconductors,Technology
CBSH,Commerce Bancshares Inc. Common Stock,$54.74,-0.59,-1.066%,968663,7851477424.00,United States,,Major Banks,Finance
CBT,Cabot Corporation Common Stock,$76.91,-0.85,-1.093%,570138,3970940748.00,United States,,Major Chemicals,Industrials
CBU,Community Financial System Inc. Common Stock,$59.54,-0.29,-0.485%,289545,3132750984.00,United States,,Major Banks,Finance
CBUS,Cibus Inc. Class A Common Stock,$1.61,0.06,3.871%,276279,123050632.00,United States,2017,Agricultural Chemicals,Industrials
CBZ,CBIZ Inc. Common Stock,$54.69,0.00,0.00%,815219,2967691543.00,United States,,Business Services,Consumer Discretionary
CC,Chemours Company (The) Common Stock,$13.57,-0.32,-2.304%,2401041,2042271362.00,United States,2015,Major Chemicals,Industrials
CCAP,Crescent Capital BDC Inc. Common stock,$9.18,-0.02,-0.217%,402652,338245839.00,United States,,Finance: Consumer Services,Finance
CCAQ,Collective Acquisition Corp. Class A Ordinary Shares,$10.69,0.00,0.00%,8,0.00,United States,2025,Blank Checks,Finance
CCB,Coastal Financial Corporation Common Stock,$39.94,-0.04,-0.10%,294440,610535900.00,United States,2018,Major Banks,Finance
CCBG,Capital City Bank Group Common Stock,$48.33,-0.51,-1.044%,72067,827085644.00,United States,,Major Banks,Finance
CCC,CCC Intelligent Solutions Holdings Inc. Common Stock,$6.66,0.08,1.216%,5706494,3922704729.00,United States,,Computer Software: Prepackaged Software,Technology
CCCC,C4 Therapeutics Inc. Common Stock,$3.33,0.20,6.39%,2609358,409673703.00,United States,2020,Biotechnology: Biological Products (No Diagnostic Substances),Health Care
CCCT,Columbus Circle Capital Corp III Class A Ordinary Shares,$9.84,0.00,0.00%,11,0.00,United States,2026,,
CCD,Calamos Dynamic Convertible & Income Fund Common Stock,$22.62,0.14,0.623%,98869,0.00,United States,,Trusts Except Educational Religious and Charitable,Finance
CCEC,Capital Clean Energy Carriers Corp. Common Share,$18.74,-2.55,-11.977%,25865,1129830440.00,Greece,2007,Marine Transportation,Consumer Discretionary
CCEL,Cryo-Cell International Inc. Common Stock,$4.20,0.15,3.704%,2169,33863130.00,United States,2022,Misc Health and Biotechnology Services,Health Care
CCEP,Coca-Cola Europacific Partners plc Ordinary Shares,$101.71,-0.58,-0.567%,1668058,46174553260.00,United Kingdom,,Beverages (Production/Distribution),Consumer Staples
CCG,Cheche Group Inc. Class A Ordinary Shares,$6.00,-1.62,-21.26%,45891,15032556.00,China,,Specialty Insurers,Finance
CCHH,CCH Holdings Ltd Class A Ordinary Shares,$0.90,-0.05,-5.263%,10791,17834154.00,Malaysia,2025,Restaurants,Consumer Discretionary
CCI,Crown Castle Inc. Common Stock,$66.65,-0.42,-0.626%,3866845,28356605009.00,United States,,Real Estate Investment Trusts,Real Estate
CCID,Carlyle Credit Income Fund 7.375% Series D Term Preferred Shares due 2028,$24.905,-0.043,-0.172%,2922,0.00,,,,
CCIF,Carlyle Credit Income Fund Shares of Beneficial Interest,$2.43,0.03,1.25%,177831,0.00,,2019,Finance/Investors Services,Finance
CCII,Cohen Circle Acquisition Corp. II Class A Ordinary Shares,$10.30,-0.01,-0.097%,29493,0.00,United States,2025,,
CCJ,Cameco Corporation Common Stock,$86.67,-0.21,-0.242%,3076000,37747643203.00,Canada,1996,Other Metals and Minerals,Basic Materials
CCK,Crown Holdings Inc.,$105.41,-0.94,-0.884%,930491,11464445465.00,United States,,Containers/Packaging,Industrials
CCL,Carnival Corporation Ltd. Common Shares,$24.54,-0.57,-2.27%,36023665,32996732566.00,United States,1987,Marine Transportation,Consumer Discretionary
CCLD,CareCloud Inc. Common Stock,$2.04,-0.04,-1.923%,74229,86687472.00,United States,2014,Computer Software: Prepackaged Software,Technology
CCM,Concord Medical Services Holdings Limited American Depositary Shares (Each represents thirty (30) Class A ordinary shares),$3.14,-0.24,-7.101%,5877,13633010.00,China,2024,Medical/Nursing Services,Health Care
CCNE,CNB Financial Corporation Common Stock,$33.28,-0.18,-0.538%,163380,985783053.00,United States,,Major Banks,Finance
CCNEP,CNB Financial Corporation Depositary Shares each representing a 1/40th ownership interest in a share of 7.125% Series A Fixed-Rate Non-Cumulative Perpetual Preferred Stock,$24.66,-0.08,-0.323%,1129,730451024.00,United States,,Major Banks,Finance
CCO,Clear Channel Outdoor Holdings Inc. Common Stock,$2.35,0.01,0.427%,7989699,1196370536.00,United States,2005,Advertising,Consumer Discretionary
CCOI,Cogent Communications Holdings Inc.,$7.79,0.45,6.131%,2181994,398970583.00,United States,,Telecommunications Equipment,Consumer Discretionary
CCS,Century Communities Inc. Common Stock,$60.25,-0.27,-0.446%,242194,1713082225.00,United States,2014,Homebuilding,Consumer Discretionary
CCSI,Consensus Cloud Solutions Inc. Common Stock,$34.90,0.21,0.605%,92594,639539778.00,United States,,Computer Software: Prepackaged Software,Technology
CCTG,CCSC Technology International Holdings Limited Class A Ordinary Shares,$0.4627,0.0126,2.799%,42145,6283552.00,Hong Kong,2024,Building Products,Consumer Discretionary
CCU,Compania Cervecerias Unidas S.A. Common Stock,$10.43,-0.30,-2.796%,138990,1926957477.00,Chile,,Beverages (Production/Distribution),Consumer Staples
CCXI,Churchill Capital Corp XI Class A Ordinary Shares,$11.62,-0.71,-5.758%,3214018,0.00,United States,2026,Blank Checks,Finance
CCXIU,Churchill Capital Corp XI Units,$12.25,-0.45,-3.543%,3595,0.00,United States,2025,Blank Checks,Finance
CCXIW,Churchill Capital Corp XI Warrants,$5.50,-0.50,-8.333%,23395,0.00,United States,2026,,
CCZ,Comcast Holdings ZONES,$62.90,-1.77,-2.737%,230,223209240442.00,United States,,Cable & Other Pay Television Services,Telecommunications
CD,Chaince Digital Holdings Inc. Ordinary Shares,$6.005,0.085,1.436%,169986,660572819.00,China,2015,Finance: Consumer Services,Finance
CDE,Coeur Mining Inc. Common Stock,$17.60,-0.24,-1.345%,38019249,18091655965.00,United States,,Precious Metals,Basic Materials
CDIO,Cardio Diagnostics Holdings Inc. Common stock,$1.90,0.03,1.604%,33536,5622991.00,United States,2022,Biotechnology: In Vitro & In Vivo Diagnostic Substances,Health Care
CDLR,Cadeler A/S American Depositary Share (each representing four (4) Ordinary Shares),$21.89,-0.70,-3.099%,139151,2112184422.00,,2023,Marine Transportation,Consumer Discretionary
CDLX,Cardlytics Inc. Common Stock,$2.94,-0.08,-2.649%,25473,17312825.00,United States,2018,Computer Software: Programming Data Processing,Technology
CDNA,CareDx Inc. Common Stock,$65.00,0.98,1.531%,1768724,3362724495.00,United States,2014,Medical Specialities,Health Care
CDNL,Cardinal Infrastructure Group Inc. Class A Common Stock,$30.60,3.23,11.801%,1215471,1452675605.00,United States,2025,Military/Government/Technical,Industrials
CDNS,Cadence Design Systems Inc. Common Stock,$330.185,6.015,1.856%,2969996,90930637705.00,United States,,Computer Software: Prepackaged Software,Technology
CDP,COPT Defense Properties Common Shares of Beneficial Interest,$33.40,-0.88,-2.567%,1120419,3787909297.00,United States,,Real Estate Investment Trusts,Real Estate
CDR^B,Cedar Realty Trust Inc. 7.25% Series B Cumulative Redeemable Preferred Stock,$16.26,0.20,1.245%,3028,,United States,,,
CDR^C,Cedar Realty Trust Inc. 6.50% Series C Cumulative Redeemable Preferred Stock,$15.14,0.11,0.732%,2937,,United States,,,
CDRE,Cadre Holdings Inc. Common Stock,$25.09,-0.44,-1.723%,426135,1074372216.00,United States,2021,Industrial Specialties,Health Care
CDRO,Codere Online Luxembourg S.A. Ordinary Shares,$9.71,0.05,0.518%,22518,441512875.00,Luxembourg,,Services-Misc. Amusement & Recreation,Consumer Discretionary
CDROW,Codere Online Luxembourg S.A. Warrants,$0.375,-0.0049,-1.29%,2900,17051218.00,Luxembourg,,Services-Misc. Amusement & Recreation,Consumer Discretionary
CDT,CDT Equity Inc. Common Stock,$1.36,-0.09,-6.207%,334423,1529340.00,United States,2022,Biotechnology: Pharmaceutical Preparations,Health Care
CDTG,CDT Environmental Technology Investment Holdings Limited ordinary shares,$1.22,0.00,0.00%,64898,3685620.00,China,2024,Miscellaneous,Industrials
CDW,CDW Corporation Common Stock,$128.16,-1.55,-1.195%,1057005,16022233316.00,United States,2013,Catalog/Specialty Distribution,Consumer Discretionary
CDXS,Codexis Inc. Common Stock,$1.39,0.04,2.963%,909833,152213013.00,United States,2010,Major Chemicals,Industrials
CDZI,CADIZ Inc. Common Stock,$3.92,0.34,9.497%,2520909,331934134.00,United States,,Water Supply,Utilities
CDZIP,Cadiz Inc. Depositary Shares,$22.20,0.199,0.905%,5957,1879831065.00,United States,,Water Supply,Utilities
CE,Celanese Corporation Common Stock,$44.37,-0.47,-1.048%,1567471,4869559847.00,United States,2005,Major Chemicals,Industrials
CECO,CECO Environmental Corp. Common Stock,$69.64,-0.96,-1.36%,536744,4078802961.00,United States,1998,Pollution Control Equipment,Industrials
CEE,The Central and Eastern Europe Fund Inc. (The) Common Stock,$18.88,0.07,0.372%,4002,0.00,United States,,Finance Companies,Finance
CEG,Constellation Energy Corporation Common Stock ,$254.02,-10.56,-3.991%,4445777,90001160414.00,United States,,Electric Utilities: Central,Utilities
CELC,Celcuity Inc. Common Stock,$79.52,2.14,2.766%,2555484,3891065324.00,United States,2017,Medical Specialities,Health Care
CELH,Celsius Holdings Inc. Common Stock,$27.35,-0.36,-1.299%,5004729,6920508535.00,United States,,Beverages (Production/Distribution),Consumer Staples
CELU,Celularity Inc. Class A Common Stock,$1.35,-0.02,-1.46%,55440,43807185.00,United States,2019,Biotechnology: Pharmaceutical Preparations,Health Care
CELZ,Creative Medical Technology Holdings Inc. Common Stock,$0.9346,-0.0306,-3.17%,99365,7096004.00,United States,,Biotechnology: Biological Products (No Diagnostic Substances),Health Care
CENN,Cenntro Inc. Common Stock,$4.07,0.12,3.038%,10763,71572790.00,New Zealand,,Auto Manufacturing,Industrials
CENT,Central Garden & Pet Company Common Stock,$38.89,-0.37,-0.942%,66989,2434226136.00,United States,1993,Consumer Specialties,Consumer Discretionary
CENTA,Central Garden & Pet Company Class A Common Stock Nonvoting,$33.52,-0.43,-1.267%,278800,2098103885.00,United States,,Consumer Specialties,Consumer Discretionary
CENX,Century Aluminum Company Common Stock,$35.98,-0.22,-0.608%,2021538,3561778754.00,United States,1996,Aluminum,Industrials
CEPF,Cantor Equity Partners IV Inc. Class A Ordinary Shares,$10.30,0.00,0.00%,631,0.00,United States,2025,Blank Checks,Finance
CEPL,Capstone Energy Plus Inc. Common Stock,$4.48,0.03,0.674%,399455,146099919.00,United States,,Industrial Machinery/Components,Industrials
CEPO,Cantor Equity Partners I Inc. Class A Ordinary Shares,$10.77,-0.005,-0.046%,348151,0.00,United States,2025,Blank Checks,Finance
CEPS,Cantor Equity Partners VI Inc. Class A Ordinary Shares,$10.30,0.00,0.00%,9,0.00,United States,2026,Blank Checks,Finance
CEPU,Central Puerto S.A. American Depositary Shares (each represents ten Common Shares),$12.11,0.19,1.594%,169038,1833175736.00,,2018,Electric Utilities: Central,Utilities
CEPV,Cantor Equity Partners V Inc. Class A Ordinary Shares,$10.30,-0.06,-0.579%,4407,0.00,United States,2025,,
CERS,Cerus Corporation Common Stock,$2.38,-0.09,-3.644%,1932366,479629257.00,United States,1997,Medical/Dental Instruments,Health Care
CERT,Certara Inc. Common Stock,$9.20,-0.06,-0.648%,3417721,1403356776.00,United States,2020,Computer Software: Prepackaged Software,Technology
CET,Central Securities Corporation Common Stock,$55.51,0.21,0.38%,15997,13434818852.00,United States,1951,Finance/Investors Services,Finance
CETX,Cemtrex Inc. Common Stock,$2.09,0.035,1.703%,30751,3777044.00,United States,,Electrical Products,Technology
CETY,Clean Energy Technologies Inc. Common Stock,$0.963,-0.037,-3.70%,18056,11715960.00,United States,,Oil/Gas Transmission,Utilities
CEV,Eaton Vance California Municipal Income Trust Shares of Beneficial Interest,$10.14,0.16,1.603%,82625,71320451.00,United States,1999,Finance/Investors Services,Finance
CEVA,CEVA Inc. Common Stock,$35.33,0.85,2.465%,1254038,994683364.00,United States,,Computer Software: Programming Data Processing,Technology
CF,CF Industries Holdings Inc. Common Stock,$115.20,-0.51,-0.441%,2121937,17434152576.00,United States,2005,Agricultural Chemicals,Industrials
CFBK,CF Bankshares Inc. Common Stock,$33.915,-0.215,-0.63%,32327,217582089.00,United States,,Major Banks,Finance
CFFI,C&F Financial Corporation Common Stock,$97.97,-1.18,-1.19%,84638,318568167.00,United States,,Major Banks,Finance
CFFN,Capitol Federal Financial Inc. Common Stock,$8.25,-0.12,-1.434%,1127474,1037010835.00,United States,,Savings Institutions,Finance
CFG,Citizens Financial Group Inc. Common Stock,$63.76,-0.13,-0.203%,4461118,26854232003.00,United States,2014,Major Banks,Finance
CFG^E,Citizens Financial Group Inc. Depositary Shares Each Representing 1/40th Interest in a Share of 5.000% Fixed-Rate Non-Cumulative Perpetual Preferred Stock Series E,$16.79,0.03,0.179%,137412,,United States,,,
CFG^H,Citizens Financial Group Inc. Depositary Shares Each Representing a 1/40th Interest in a Share of 7.375% Fixed-Rate Non-Cumulative Perpetual Preferred Stock Series H,$25.30,0.50,2.016%,141075,,United States,,,
CFG^I,Citizens Financial Group Inc. Depositary Shares Each Representing a 1/40th Interest in a Share of 6.500% Fixed-Rate Reset Non-Cumulative Perpetual Preferred Stock Series I,$23.90,-0.18,-0.748%,80862,,United States,,,
CFND,C1 Fund Inc. Common Stock,$3.00,-0.01,-0.332%,8231,0.00,,2025,,
CFR,Cullen/Frost Bankers Inc. Common Stock,$152.67,-1.54,-0.999%,435703,9488255006.00,United States,,Major Banks,Finance
CFR^B,Cullen/Frost Bankers Inc. Depositary Shares each representing a 1/40th ownership interest in a share of 4.450% non-cumulative perpetual preferred stock Series B,$15.75,0.07,0.446%,12887,,United States,,,
CFTR^A,Cantor Fitzgerald Income Trust Inc. 9.50% Series A Cumulative Redeemable Preferred Stock,$25.40,0.13,0.514%,1044,,,,,
CG,The Carlyle Group Inc. Common Stock,$39.66,-0.02,-0.05%,3715987,14132158769.00,United States,2012,Investment Managers,Finance
CGABL,The Carlyle Group Inc. 4.625% Subordinated Notes due 2061,$15.07,-0.18,-1.18%,96424,5450892948.00,United States,,Investment Managers,Finance
CGAU,Centerra Gold Inc. Common Shares,$21.78,-0.24,-1.09%,1111244,4349690791.00,Canada,2021,Precious Metals,Basic Materials
CGBD,Carlyle Secured Lending Inc. Common Stock,$10.69,-0.06,-0.558%,767715,735520971.00,United States,2017,Finance: Consumer Services,Finance
CGC,Canopy Growth Corporation Common Shares,$0.8962,-0.0289,-3.124%,3974032,379126364.00,Canada,, Medicinal Chemicals and Botanical Products ,Health Care
CGCF,Cartesian Growth Corporation IV Class A Ordinary Shares,$9.81,0.01,0.102%,2470,0.00,United States,2026,Blank Checks,Finance
CGCFU,Cartesian Growth Corporation IV Unit,$9.9067,0.0307,0.311%,8842,0.00,United States,2026,Blank Checks,Finance
CGEM,Cullinan Therapeutics Inc. Common Stock,$15.35,0.12,0.788%,1067185,987844553.00,United States,2021,Biotechnology: Biological Products (No Diagnostic Substances),Health Care
CGEN,Compugen Ltd. Ordinary Shares,$2.38,0.03,1.277%,118245,225111434.00,Israel,2000,Biotechnology: Biological Products (No Diagnostic Substances),Health Care
CGNT,Cognyte Software Ltd. Ordinary Shares,$8.69,0.20,2.356%,658378,642194311.00,Israel,,Computer Software: Prepackaged Software,Technology
CGNX,Cognex Corporation Common Stock,$60.65,0.98,1.642%,1829777,10202776017.00,United States,1989,Industrial Machinery/Components,Industrials
CGO,Calamos Global Total Return Fund Common Stock,$12.90,-0.01,-0.077%,14647,0.00,United States,2005,Investment Managers,Finance
CGON,CG Oncology Inc. Common stock,$70.89,0.37,0.525%,1330972,6283716184.00,United States,2024,Biotechnology: Biological Products (No Diagnostic Substances),Health Care
CGTL,Creative Global Technology Holdings Limited Class A Ordinary Shares,$3.885,-0.12,-2.996%,22698,6679306.00,China,2024,Retail: Computer Software & Peripheral Equipment,Technology
CGTX,Cognition Therapeutics Inc. Common Stock,$0.96,0.0056,0.587%,386210,91289996.00,United States,2021,Biotechnology: Biological Products (No Diagnostic Substances),Health Care
CHA,Chagee Holdings Limited American Depositary Shares,$11.70,0.34,2.993%,982511,2231930914.00,China,2025,Restaurants,Consumer Discretionary
CHAD,DeFi Development Corp. Variable Rate Series C Perpetual Preferred Stock,$8.86,0.2394,2.777%,17637,289020199.00,United States,,Finance: Consumer Services,Finance
CHAI,Core AI Holdings Inc. Common Shares,$0.2751,-0.0068,-2.412%,347657,7115969.00,Canada,2020,Telecommunications Equipment,Telecommunications
CHAR,Charlton Aria Acquisition Corporation Class A Ordinary Shares,$10.97,0.00,0.00%,7634,0.00,United States,2024,,
CHARR,Charlton Aria Acquisition Corporation Rights,$0.10,0.00,0.00%,32,0.00,United States,2024,Blank Checks,Finance
CHCI,Comstock Holding Companies Inc. Class A Common Stock,$18.93,-0.52,-2.674%,40258,194637351.00,United States,2004,Real Estate,Finance
CHCO,City Holding Company Common Stock,$139.12,-0.76,-0.543%,116232,1953962659.00,United States,,Major Banks,Finance
CHCT,Community Healthcare Trust Incorporated Common Stock,$14.18,-0.21,-1.459%,424611,406311480.00,United States,2015,Real Estate Investment Trusts,Real Estate
CHD,Church & Dwight Company Inc. Common Stock,$94.22,-0.73,-0.769%,2383811,22349352118.00,United States,,Package Goods/Cosmetics,Consumer Discretionary
CHDN,Churchill Downs Incorporated Common Stock,$75.68,-0.48,-0.63%,1176578,5274914390.00,United States,,Services-Misc. Amusement & Recreation,Consumer Discretionary
CHE,Chemed Corp,$505.07,-6.98,-1.363%,156001,6601245202.00,United States,,Medical/Nursing Services,Health Care
CHEC,Chenghe Acquisition III Co. Class A Ordinary Share,$10.28,-0.02,-0.194%,1859,0.00,Singapore,2025,,
CHECW,Chenghe Acquisition III Co. Warrants,$0.0899,0.0161,21.816%,401,0.00,Singapore,2025,,
CHEF,The Chefs' Warehouse Inc. Common Stock,$112.17,0.67,0.601%,1096310,4576096630.00,United States,2011,Food Distributors,Consumer Discretionary
CHGA,Change Agents Corporation Common Stock,$2.40,0.44,22.449%,32559612,2688518.00,United States,,EDP Services,Technology
CHGG,Chegg Inc. Common Stock,$0.7257,0.0217,3.082%,493630,80572644.00,United States,2013,Other Consumer Services,Real Estate
CHH,Choice Hotels International Inc. Common Stock,$102.41,-1.84,-1.765%,678618,4626826450.00,United States,,Hotels/Resorts,Consumer Discretionary
CHI,Calamos Convertible Opportunities and Income Fund Common Stock,$11.43,-0.04,-0.349%,177165,0.00,United States,2002,Investment Managers,Finance
CHKP,Check Point Software Technologies Ltd. Ordinary Shares,$128.35,1.42,1.119%,773350,13104616374.00,Israel,1996,Computer Software: Prepackaged Software,Technology
CHMG,Chemung Financial Corp Common Stock,$80.86,-0.48,-0.59%,102553,389864226.00,United States,,Major Banks,Finance
CHMI,Cherry Hill Mortgage Investment Corporation Common Stock,$2.61,-0.10,-3.69%,197813,96432698.00,,2013,Real Estate Investment Trusts,Real Estate
CHMI^A,Cherry Hill Mortgage Investment Corporation 8.20% Series A Cumulative Redeemable Preferred Stock,$21.03,-0.38,-1.775%,7642,,,,,
CHMI^B,Cherry Hill Mortgage Investment Corporation 8.250% Series B Fixed-to-Floating Rate Cumulative Redeemable Preferred Stock,$23.37,-0.43,-1.807%,3893,,,,,
CHNR,China Natural Resources Inc. Common Stock,$3.99,0.00,0.00%,617,4920552.00,Hong Kong,,Precious Metals,Basic Materials
CHOW,ChowChow Cloud International Holdings Limited Ordinary Shares,$0.5607,-0.0123,-2.147%,122150,19899243.00,,2025,Computer Software: Prepackaged Software,Technology
CHPG,ChampionsGate Acquisition Corporation Class A Ordinary Share,$10.45,0.00,0.00%,124,0.00,United States,2025,,
CHPGR,ChampionsGate Acquisition Corporation Rights,$0.1206,0.00,0.00%,40,0.00,United States,2025,,
CHPT,ChargePoint Holdings Inc. Common Stock,$10.08,0.56,5.882%,1550081,270651266.00,United States,2019,Industrial Machinery/Components,Miscellaneous
CHR,Cheer Holding Inc. Class A Ordinary Share,$1.63,-0.04,-2.395%,2556,3823088.00,China,2018,EDP Services,Technology
CHRD,Chord Energy Corporation Common Stock,$134.07,-0.34,-0.253%,853539,7333343699.00,United States,,Oil & Gas Production,Energy
CHRN,ChronoScale Holdings Corporation Common Stock,$19.73,-0.02,-0.101%,67142,2873426928.00,United States,,Industrial Machinery/Components,Industrials
CHRS,Coherus Oncology Inc. Common Stock,$1.21,0.03,2.542%,1579840,186946169.00,United States,2014,Biotechnology: Biological Products (No Diagnostic Substances),Health Care
CHRW,C.H. Robinson Worldwide Inc. Common Stock,$147.96,-1.75,-1.169%,1042829,17289312134.00,United States,1997,Integrated Freight & Logistics,Industrials
CHSCL,CHS Inc Class B Cumulative Redeemable Preferred Stock Series 4,$25.20,0.10,0.398%,88095,309254476.00,United States,,Farming/Seeds/Milling,Industrials
CHSCM,CHS Inc Class B Reset Rate Cumulative Redeemable Preferred Stock Series 3,$24.02,0.25,1.052%,82323,294773512.00,United States,,Farming/Seeds/Milling,Industrials
CHSCN,CHS Inc Preferred Class B Series 2 Reset Rate,$24.79,0.31,1.266%,68567,304222954.00,United States,,Farming/Seeds/Milling,Industrials
CHSCO,CHS Inc. Class B Cumulative Redeemable Preferred Stock,$25.82,0.19,0.741%,47630,316863117.00,United States,,Farming/Seeds/Milling,Industrials
CHSCP,CHS Inc. 8%  Cumulative Redeemable Preferred Stock,$26.19,0.21,0.808%,74526,321403759.00,United States,,Farming/Seeds/Milling,Industrials
CHSN,Chanson International Holding Class A Ordinary Shares,$1.07,-0.02,-1.835%,22095,3969472.00,China,2023,Packaged Foods,Consumer Staples
CHT,Chunghwa Telecom Co. Ltd.,$45.48,-0.11,-0.241%,320949,35280866864.00,Taiwan,,Telecommunications Equipment,Telecommunications
CHTR,Charter Communications Inc. Class A Common Stock New,$110.90,0.23,0.208%,2400641,12706643863.00,United States,,Cable & Other Pay Television Services,Telecommunications
CHTRP,Charter Communications Inc. Series A Cumulative Redeemable Preferred Stock,$22.20,0.3775,1.73%,15106,2543620322.00,United States,,Cable & Other Pay Television Services,Telecommunications
CHW,Calamos Global Dynamic Income Fund Common Stock,$8.07,-0.05,-0.616%,263093,0.00,United States,2007,Investment Managers,Finance
CHWY,Chewy Inc. Class A Common Stock,$18.20,-0.06,-0.329%,7448455,7315075932.00,United States,2019,Catalog/Specialty Distribution,Consumer Discretionary
CHY,Calamos Convertible and High Income Fund Common Stock,$11.71,0.02,0.171%,187005,0.00,United States,2003,Investment Managers,Finance
CHYM,Chime Financial Inc. Class A Common Stock,$26.64,0.12,0.452%,5189747,10085507357.00,United States,2025,Finance: Consumer Services,Finance
CI,The Cigna Group Common Stock,$271.83,-3.43,-1.246%,3080214,71828491309.00,United States,,Medical Specialities,Health Care
CIA,Citizens Inc. Class A Common Stock ($1.00 Par),$3.45,-0.17,-4.696%,137222,174718723.00,United States,1994,Life Insurance,Finance
CIB,Grupo Cibest S.A. American Depositary Shares each representing four Preferred Shares,$92.85,-0.92,-0.981%,289741,22126495388.00,Colombia,2025,Commercial Banks,Finance
CICB,CION Investment Corporation 7.50% Notes due 2029,$24.74,0.12,0.487%,8993,0.00,United States,2024,Finance/Investors Services,Finance
CICC,CION Investment Corporation 7.50% Notes due 2031,$24.28,-0.07,-0.287%,8718,0.00,United States,2026,Finance/Investors Services,Finance
CIEN,Ciena Corporation Common Stock,$351.82,-3.10,-0.873%,2660696,49891075266.00,United States,1997,Telecommunications Equipment,Utilities
CIFR,Cipher Digital Inc. Common Stock,$15.825,-0.685,-4.149%,29023328,6567861176.00,United States,2020,Finance: Consumer Services,Finance
CIG,Comp En De Mn Cemig ADS American Depositary Shares,$2.10,0.05,2.439%,5218454,6009741980.00,Brazil,,Electric Utilities: Central,Utilities
CIGI,Colliers International Group Inc. Subordinate Voting Shares,$89.80,-0.24,-0.267%,171459,4589123126.00,Canada,,Real Estate,Finance
CIGL,Concorde International Group Ltd Class A Ordinary Shares,$0.3788,-0.0111,-2.847%,48931,93590329.00,Singapore,2025,Diversified Commercial Services,Consumer Discretionary
CII,BlackRock Enhanced Large Cap Core Fund Inc. Common Stock,$24.00,-0.04,-0.166%,101854,3570299304.00,United States,2004,Investment Bankers/Brokers/Service,Finance
CIIT,Tianci International Inc. Common Stock,$2.65,-0.06,-2.214%,10079,2563586.00,Hong Kong,,Computer Communications Equipment,Telecommunications
CIK,UBS Asset Management Income Fund Inc. Common Stock,$2.34,0.02,0.862%,683113,0.00,United States,,Finance/Investors Services,Finance
CIM,Chimera Investment Corporation Common Stock,$9.53,-0.67,-6.569%,2064636,797773626.00,United States,2007,Real Estate Investment Trusts,Real Estate
CIM^A,Chimera Investment Corporation 8.00% Series A Cumulative Redeemable Preferred Stock,$19.50,0.14,0.723%,27960,,United States,,,
CIM^B,Chimera Investment Corporation 8.00% Series B Fixed-to-Floating Rate Cumulative Redeemable Preferred Stock,$23.47,0.40,1.734%,88958,,United States,,,
CIM^C,Chimera Investment Corporation 7.75% Series C Fixed-to-Floating Rate  Cumulative Redeemable  Preferred Stock,$21.62,0.43,2.029%,49580,,United States,,,
CIM^D,Chimera Investment Corporation 8.00% Series D Fixed-to-Floating Rate Cumulative Redeemable Preferred Stock,$23.38,0.40,1.741%,24096,,United States,,,
CIMN,Chimera Investment Corporation 9.000% Senior Notes due 2029,$25.07,-0.03,-0.12%,11281,2018904549.00,United States,2024,Real Estate Investment Trusts,Real Estate
CIMO,Chimera Investment Corporation 9.250% Senior Notes due 2029,$25.21,-0.01,-0.04%,6214,0.00,United States,2024,Real Estate Investment Trusts,Real Estate
CIMP,Chimera Investment Corporation 8.875% Senior Notes due 2030,$25.07,0.02,0.08%,14488,0.00,United States,2025,Real Estate Investment Trusts,Real Estate
CINF,Cincinnati Financial Corporation Common Stock,$159.37,-1.76,-1.092%,909788,24459796032.00,United States,,Property-Casualty Insurers,Finance
CING,Cingulate Inc. Common Stock,$4.95,0.045,0.917%,66813,71982039.00,United States,2021,Biotechnology: Pharmaceutical Preparations,Health Care
CINGW,Cingulate Inc. Warrants,$0.0051,-0.0011,-17.742%,5640,74163.00,United States,2021,Biotechnology: Pharmaceutical Preparations,Health Care
CINT,CI&T Inc Class A Common Shares,$3.07,0.04,1.32%,34743,395691542.00,,2021,EDP Services,Technology
CION,CION Investment Corporation Common Stock,$7.02,-0.14,-1.955%,359938,345402982.00,United States,2021,Finance/Investors Services,Finance
CIRC,Circle8 Group Inc. Common Stock,$0.4719,0.05,11.851%,1080695,53988627.00,United States,2024,Biotechnology: Laboratory Analytical Instruments,Industrials
CISO,CISO Global Inc. Common Stock,$0.2085,0.0021,1.017%,106971,9492099.00,United States,,Professional Services,Consumer Discretionary
CISS,C3is Inc. Common Stock,$0.8845,-0.0657,-6.914%,224627,1316109.00,Greece,,Marine Transportation,Consumer Discretionary
CITR,CitroTech Inc. Common Stock,$2.95,0.16,5.735%,84316,67018631.00,,,Major Chemicals,Industrials
CIVB,Civista Bancshares Inc. Common Stock,$26.38,-0.17,-0.64%,121281,548551998.00,United States,,Major Banks,Finance
CIX,CompX International Inc. Common Stock,$37.39,-0.38,-1.006%,19081,461267605.00,United States,1998,Industrial Machinery/Components,Consumer Discretionary
CJMB,Callan JMB Inc. Common Stock,$2.43,-0.01,-0.41%,76471,13978254.00,United States,2025,Business Services,Consumer Discretionary
CKX,CKX Lands Inc. Common Stock,$10.48,-0.21,-1.964%,1182,21516792.00,United States,2003,Oil & Gas Production,Energy
CL,Colgate-Palmolive Company Common Stock,$85.32,-1.14,-1.319%,4684531,68014785770.00,United States,,Package Goods/Cosmetics,Consumer Discretionary
CLAR,Clarus Corporation Common Stock,$3.39,-0.04,-1.166%,93142,129796845.00,United States,,Recreational Games/Products/Toys,Consumer Discretionary
CLB,Core Laboratories Inc. Common Stock,$9.70,-0.01,-0.103%,783042,445080057.00,Netherlands,2023,Oilfield Services/Equipment,Energy
CLBK,Columbia Financial Inc. Common Stock,$11.06,0.18,1.654%,4013208,1150765007.00,United States,2018,Savings Institutions,Finance
CLBR,Colombier Acquisition Corp. III Class A Ordinary Shares,$10.20,0.00,0.00%,29283,0.00,,2026,,
CLBT,Cellebrite DI Ltd. Ordinary Shares,$11.26,0.33,3.019%,3114273,2830100336.00,Israel,,Computer Software: Prepackaged Software,Technology
CLDI,Calidi Biotherapeutics Inc. Common Stock,$1.07,-0.01,-0.926%,49298,3943858.00,,2021,Biotechnology: Biological Products (No Diagnostic Substances),Health Care
CLDT,Chatham Lodging Trust (REIT) Common Shares of Beneficial Interest,$13.38,-0.10,-0.742%,443977,623047915.00,United States,2010,Real Estate Investment Trusts,Real Estate
CLDT^A,Chatham Lodging Trust (REIT) 6.625% Series A Cumulative Redeemable Preferred Shares of Beneficial Interest,$19.80,-0.0959,-0.482%,22058,,United States,,,
CLDX,Celldex Therapeutics Inc.,$32.41,0.77,2.434%,2502870,2545142132.00,United States,,Biotechnology: In Vitro & In Vivo Diagnostic Substances,Health Care
CLF,Cleveland-Cliffs Inc. Common Stock,$11.01,0.00,0.00%,16297993,6281645917.00,United States,,Metal Mining,Basic Materials
CLFD,Clearfield Inc. Common Stock,$31.14,0.68,2.232%,115353,423004359.00,United States,,Telecommunications Equipment,Utilities
CLGN,CollPlant Biotechnologies Ltd Ordinary Shares,$3.78,-0.01,-0.264%,10936,7147303.00,Israel,,Industrial Specialties,Health Care
CLH,Clean Harbors Inc. Common Stock,$310.23,-1.45,-0.465%,419978,16376187947.00,United States,,Environmental Services,Industrials
CLIK,Click Holdings Limited Class A Ordinary Share,$1.1007,-0.0393,-3.447%,12590,9425330.00,Hong Kong,2024,Diversified Commercial Services,Consumer Discretionary
CLIR,ClearSign Technologies Corporation Common Stock (DE),$3.55,-0.18,-4.826%,7801,24166465.00,United States,2012,Industrial Machinery/Components,Industrials
CLLS,Cellectis S.A. American Depositary Shares,$1.51,0.04,2.721%,67415,151796187.00,France,2015,Biotechnology: Pharmaceutical Preparations,Health Care
CLM,Cornerstone Strategic Investment Fund Inc. Common Shares,$6.40,0.01,0.156%,2128175,0.00,United States,2003,Finance/Investors Services,Finance
CLMB,Climb Global Solutions Inc. Common Stock,$32.125,-0.615,-1.878%,197290,599473028.00,United States,,Retail: Computer Software & Peripheral Equipment,Technology
CLMT,Calumet Inc. Common Stock,$52.38,-0.85,-1.597%,2186840,4604109497.00,United States,2006,Integrated oil Companies,Energy
CLNE,Clean Energy Fuels Corp. Common Stock,$1.56,-0.01,-0.637%,1573476,343894223.00,United States,2007,Natural Gas Distribution,Utilities
CLNN,Clene Inc. Common Stock,$4.08,-0.02,-0.488%,52016,57993042.00,United States,,Biotechnology: Pharmaceutical Preparations,Health Care
CLOV,Clover Health Investments Corp. Class A Common Stock,$4.31,-0.015,-0.347%,3341598,2289283494.00,United States,,Medical Specialities,Health Care
CLPR,Clipper Realty Inc. Common Stock,$3.15,-0.07,-2.174%,55717,50896333.00,United States,2017,Real Estate Investment Trusts,Real Estate
CLPS,CLPS Incorporation Common Stock,$1.02,0.01,0.99%,3621,30338321.00,China,2018,Computer Software: Prepackaged Software,Technology
CLPT,ClearPoint Neuro Inc. Common Stock,$12.21,0.44,3.738%,1253879,372456612.00,United States,,Medical/Dental Instruments,Health Care
CLRB,Cellectar Biosciences Inc.  Common Stock,$1.84,0.02,1.099%,74874,17391879.00,United States,,Biotechnology: Pharmaceutical Preparations,Health Care
CLRO,ClearOne Inc. Common Stock,$5.23,0.67,14.693%,769424,13992405.00,United States,,Telecommunications Equipment,Utilities
CLS,Celestica Inc. Common Stock,$361.43,-5.04,-1.375%,2116436,41554730063.00,Canada,1998,Electrical Products,Technology
CLSK,CleanSpark Inc. Common Stock,$12.88,-0.43,-3.231%,13856837,3307803900.00,United States,,Finance: Consumer Services,Finance
CLSKW,CleanSpark Inc. Warrant,$0.2351,-0.0084,-3.45%,45795,60377694.00,United States,,Finance: Consumer Services,Finance
CLST,Catalyst Bancorp Inc. Common Stock,$17.62,-0.255,-1.427%,1600,71075397.00,United States,2021,Savings Institutions,Finance
CLVT,Clarivate Plc Ordinary Shares,$1.67,-0.03,-1.765%,2988010,1068238885.00,United Kingdom,2019,EDP Services,Technology
CLW,Clearwater Paper Corporation Common Stock,$19.16,-0.23,-1.186%,82720,309007958.00,United States,,Paper,Basic Materials
CLWT,Euro Tech Holdings Company Limited Common Stock,$1.38,0.00,0.00%,2511,10227820.00,Hong Kong,1997,Professional and commerical equipment,Consumer Discretionary
CLX,Clorox Company (The) Common Stock,$81.01,-0.59,-0.723%,2759951,9796620715.00,United States,,Specialty Chemicals,Consumer Discretionary
CLYM,Climb Bio Inc. Common Stock,$11.47,-0.03,-0.261%,1411245,658793845.00,United States,2021,Biotechnology: Pharmaceutical Preparations,Health Care
CM,Canadian Imperial Bank of Commerce Common Stock,$110.18,-1.53,-1.37%,607852,100038607285.00,Canada,,Commercial Banks,Finance
CMBT,CMB.TECH NV Ordinary Shares,$18.93,-0.02,-0.106%,1926313,5981456858.00,,2015,Marine Transportation,Consumer Discretionary
CMC,Commercial Metals Company Common Stock,$62.10,0.05,0.081%,1133713,6869771204.00,United States,,Steel/Iron Ore,Industrials
CMCL,Caledonia Mining Corporation Plc Common Shares,$23.54,0.12,0.512%,247877,455147760.00,Canada,,Precious Metals,Basic Materials
CMCM,Cheetah Mobile Inc. American Depositary Shares each representing fifty (50) Class A Ordinary Shares,$2.90,0.19,7.011%,10438,90409930.00,China,2022,Computer Software: Prepackaged Software,Technology
CMCO,Columbus McKinnon Corporation Common Stock,$15.93,-0.34,-2.09%,402230,459807407.00,United States,1996,Construction/Ag Equipment/Trucks,Industrials
CMCSA,Comcast Corporation Class A Common Stock,$21.76,0.16,0.741%,34945420,77218331828.00,United States,,Cable & Other Pay Television Services,Telecommunications
CMCT,Creative Media & Community Trust Corporation Common stock,$2.93,1.01,52.604%,32521463,8636154.00,United States,,Real Estate Investment Trusts,Real Estate
CMDB,Costamare Bulkers Holdings Limited Common Stock,$21.82,-0.55,-2.459%,36592,527617899.00,,2025,Marine Transportation,Consumer Discretionary
CME,CME Group Inc. Class A Common Stock,$261.98,-1.24,-0.471%,1903280,94202575321.00,United States,2002,Investment Bankers/Brokers/Service,Finance
CMG,Chipotle Mexican Grill Inc. Common Stock,$31.95,0.07,0.22%,14350593,40430105100.00,United States,2006,Restaurants,Consumer Discretionary
CMI,Cummins Inc. Common Stock,$516.57,-4.80,-0.921%,1092338,71113344050.00,United States,,Industrial Machinery/Components,Industrials
CMMB,Chemomab Therapeutics Ltd. American Depositary Share,$1.19,-0.42,-26.087%,678265,8622274.00,Israel,2019,Biotechnology: Pharmaceutical Preparations,Health Care
CMND,Clearmind Medicine Inc. Common Shares,$0.8051,-0.0063,-0.776%,99788,1727109.00,Canada,,Biotechnology: Pharmaceutical Preparations,Health Care
CMP,Compass Minerals Intl Inc Common Stock,$22.04,-0.01,-0.045%,503701,925258463.00,United States,2003,Mining & Quarrying of Nonmetallic Minerals (No Fuels),Industrials
CMPR,Cimpress plc Ordinary Shares (Ireland),$77.12,-1.05,-1.343%,480706,1877831589.00,Netherlands,2005,Publishing,Consumer Discretionary
CMPS,COMPASS Pathways Plc American Depository Shares,$12.44,-0.52,-4.012%,3052249,1722651666.00,United Kingdom,2020,Biotechnology: Pharmaceutical Preparations,Health Care
CMPX,Compass Therapeutics Inc. Common Stock,$1.04,-0.06,-5.455%,5657012,187291432.00,United States,,Biotechnology: Biological Products (No Diagnostic Substances),Health Care
CMRC,Commerce.com Inc. Series 1 Common Stock,$3.16,0.05,1.608%,463667,261834412.00,United States,2020,Computer Software: Prepackaged Software,Technology
CMRE,Costamare Inc. Common Stock $0.0001 par value,$14.69,-0.06,-0.407%,440629,1771448870.00,Greece,2010,Marine Transportation,Consumer Discretionary
CMRE^B,Costamare Inc. Perpetual Preferred Stock Series B (Marshall Islands),$25.32,-0.06,-0.236%,341,,Greece,,,
CMRE^C,Costamare Inc. Perpetual Preferred Series C (Marshall Islands),$26.93,0.09,0.335%,3281,,Greece,,,
CMRE^D,Costamare Inc. 8.75% Series D Cumulative Redeemable Perpetual Preferred Stock,$26.237,-0.0331,-0.126%,689,,Greece,,,
CMS,CMS Energy Corporation Common Stock,$63.08,-0.37,-0.583%,4765852,19780445739.00,United States,,Power Generation,Utilities
CMS^B,CMS Energy Corporation Preferred Stock,$78.00,4.3999,5.978%,2102,,United States,,,
CMS^C,CMS Energy Corporation Depositary Shares each representing a 1/1000th interest in a share of 4.200% Cumulative Redeemable Perpetual Preferred Stock Series C,$16.65,0.03,0.181%,209403,,United States,,,
CMSA,CMS Energy Corporation 5.625% Junior Subordinated Notes due 2078,$19.05,0.12,0.634%,43149,5702340532.00,United States,2018,Power Generation,Utilities
CMSC,CMS Energy Corporation 5.875% Junior Subordinated Notes due 2078,$19.53,-0.59,-2.932%,89252,5846021553.00,United States,2018,Power Generation,Utilities
CMSD,CMS Energy Corporation 5.875% Junior Subordinated Notes due 2079,$19.81,-0.12,-0.602%,113573,5929835482.00,United States,2019,Power Generation,Utilities
CMT,Core Molding Technologies Inc Common Stock,$22.75,0.24,1.066%,48458,201315524.00,United States,1996,Plastic Products,Industrials
CMTG,Claros Mortgage Trust Inc. Common Stock,$1.25,-0.04,-3.101%,566326,176355258.00,United States,2021,Real Estate,Finance
CMTL,Comtech Telecommunications Corp. Common Stock,$1.37,-0.01,-0.725%,65380,41047160.00,United States,,Radio And Television Broadcasting And Communications Equipment,Technology
CMTV,Community Bancorp. Common Stock,$41.29,-0.035,-0.085%,25800,231261244.00,United States,,Major Banks,Finance
CNA,CNA Financial Corporation Common Stock,$44.88,-1.11,-2.414%,561639,12144569649.00,United States,,Property-Casualty Insurers,Finance
CNC,Centene Corporation Common Stock,$62.12,-0.09,-0.145%,3641381,30686969400.00,United States,,Medical Specialities,Health Care
CNCK,Coincheck Group N.V. Ordinary Shares,$1.46,0.04,2.817%,76774,280025041.00,Netherlands,,Finance: Consumer Services,Finance
CNDT,Conduent Incorporated Common Stock ,$1.56,-0.02,-1.266%,1577019,242612448.00,United States,,Business Services,Consumer Discretionary
CNET,ZW Data Action Technologies Inc. Common Stock,$1.74,-0.31,-15.122%,55892,6383066.00,China,,Computer Software: Programming Data Processing,Technology
CNEY,CN Energy Group Inc. Class A Ordinary Shares,$0.5799,0.0193,3.443%,19743,4757098.00,China,2021,Major Chemicals,Industrials
CNF,CNFinance Holdings Limited American Depositary Shares each representing two hundred (200) Ordinary Shares,$1.95,0.00,0.00%,1209,34705876.00,,,Finance: Consumer Services,Finance
CNH,CNH Industrial N.V. Common Shares,$12.85,-0.21,-1.608%,12016410,15904778560.00,United Kingdom,2013,Construction/Ag Equipment/Trucks,Industrials
CNI,Canadian National Railway Company Common Stock,$118.90,-1.65,-1.369%,929272,71827490000.00,Canada,,Railroads,Industrials
CNK,Cinemark Holdings Inc Cinemark Holdings Inc. Common Stock,$37.30,-0.94,-2.458%,1714717,4323512192.00,United States,2007,Movies/Entertainment,Consumer Discretionary
CNL,Collective Mining Ltd. Common Shares,$12.26,-0.24,-1.92%,190880,1137025588.00,United States,,,
CNM,Core & Main Inc. Class A Common Stock,$41.48,-0.18,-0.432%,1768080,7901693194.00,United States,2021,Durable Goods,Consumer Discretionary
CNMD,CONMED Corporation Common Stock,$46.23,-0.46,-0.985%,290092,1384646195.00,United States,1987,Biotechnology: Electromedical & Electrotherapeutic Apparatus,Health Care
CNNE,Cannae Holdings Inc. Common Stock,$15.34,-0.18,-1.16%,631684,665360642.00,United States,2017,Restaurants,Consumer Discretionary
CNO,CNO Financial Group Inc. Common Stock,$52.91,-0.38,-0.713%,789078,4895305740.00,United States,,Accident &Health Insurance,Finance
CNO^A,CNO Financial Group Inc. 5.125% Subordinated Debentures due 2060,$16.80,0.02,0.119%,6863,,United States,,,
CNOB,ConnectOne Bancorp Inc. Common Stock,$30.05,-0.16,-0.53%,373390,1631576169.00,United States,,Major Banks,Finance
CNOBP,ConnectOne Bancorp Inc. Depositary Shares each representing a 1/40th interest in a share of 5.25% Fixed-Rate Reset Non-Cumulative Perpetual Preferred Stock Series A,$25.22,-0.03,-0.119%,2029,1369329484.00,United States,,Major Banks,Finance
CNP,CenterPoint Energy Inc (Holding Co) Common Stock,$36.80,-0.14,-0.379%,5829949,24240906598.00,United States,,Electric Utilities: Central,Utilities
CNQ,Canadian Natural Resources Limited Common Stock,$47.07,-0.10,-0.212%,4378033,97380298800.00,Canada,,Oil & Gas Production,Energy
CNR,Core Natural Resources Inc. Common Stock,$85.84,-0.66,-0.763%,451757,4260776301.00,United States,2017,Coal Mining,Energy
CNS,Cohen & Steers Inc Common Stock,$73.11,0.16,0.219%,330462,3759428278.00,United States,2004,Investment Managers,Finance
CNSP,CNS Pharmaceuticals Inc. Common Stock,$5.30,0.3927,8.002%,8032,7745680.00,United States,2019,Biotechnology: Pharmaceutical Preparations,Health Care
CNSY,Cerenome Inc. Common Stock ,$1.87,0.01,0.538%,226538,14192599.00,United States,,Medical/Dental Instruments,Health Care
CNTB,Connect Biopharma Holdings Limited Ordinary Shares,$1.10,0.108,10.887%,165633077,69271740.00,China,2021,Biotechnology: Pharmaceutical Preparations,Health Care
CNTN,Canton Strategic Holdings Inc. Common Stock,$2.375,-0.005,-0.21%,446142,189243232.00,United States,2022,Biotechnology: Pharmaceutical Preparations,Health Care
CNTX,Context Therapeutics Inc. Common Stock,$0.3004,-0.0186,-5.831%,1193758,27600505.00,United States,2021,Biotechnology: Pharmaceutical Preparations,Health Care
CNTY,Century Casinos Inc. Common Stock,$1.05,-0.02,-1.869%,47702,29544577.00,United States,,Hotels/Resorts,Consumer Discretionary
CNVS,Cineverse Corp. Class A Common Stock,$2.00,0.02,1.01%,178528,47542774.00,United States,,Consumer Electronics/Video Chains,Consumer Discretionary
CNX,CNX Resources Corporation Common Stock,$31.17,-0.04,-0.128%,2048434,4611403165.00,United States,1999,Oil & Gas Production,Energy
CNXC,Concentrix Corporation Common Stock,$24.95,0.07,0.281%,5427005,1522407833.00,United States,,Computer Software: Prepackaged Software,Technology
CNXN,PC Connection Inc. Common Stock,$90.23,0.74,0.827%,161258,2277233673.00,United States,,Catalog/Specialty Distribution,Consumer Discretionary
CNXU,Conexeu Sciences Inc. Common Stock,$3.57,-0.14,-3.774%,194924,100697912.00,United States,,Industrial Specialties,Health Care
COAG,Hemab Therapeutics Holdings Inc. Common Stock,$30.84,-1.76,-5.399%,865210,1440601688.00,United States,2026,Biotechnology: Biological Products (No Diagnostic Substances),Health Care
COCH,Envoy Medical Inc. Class A Common Stock,$0.6811,-0.0279,-3.935%,31479,52577239.00,United States,2021,Industrial Specialties,Health Care
COCHW,Envoy Medical Inc Warrant,$0.0315,-0.0085,-21.25%,17431,2431630.00,United States,2021,Industrial Specialties,Health Care
COCO,The Vita Coco Company Inc. Common Stock,$57.255,0.705,1.247%,876911,3360536306.00,United States,2021,Beverages (Production/Distribution),Consumer Staples
COCP,Cocrystal Pharma Inc. Common Stock,$1.15,0.03,2.679%,12668,22152680.00,United States,,Biotechnology: Pharmaceutical Preparations,Health Care
CODA,Coda Octopus Group Inc. Common stock,$10.73,-0.17,-1.56%,69567,121067674.00,United States,,Industrial Machinery/Components,Industrials
CODI,D/B/A Compass Diversified Holdings Shares of Beneficial Interest,$10.91,-0.13,-1.178%,1137875,820824389.00,United States,2006,Home Furnishings,Consumer Discretionary
CODI^A,Compass Diversified Holdings 7.250% Series A Preferred Shares representing beneficial interest in Compass Diversified Holdings,$18.72,-0.0028,-0.015%,1251,,United States,,,
CODI^B,Compass Diversified Holdings 7.875% Series B Fixed-to-Floating Rate Cumulative Preferred Shares representing beneficial interests in Compass Diversified Holdings,$21.92,-0.11,-0.499%,19121,,United States,,,
CODI^C,Compass Diversified Holdings 7.875% Series C Cumulative Preferred Shares,$20.96,-0.01,-0.048%,7585,,United States,,,
CODX,Co-Diagnostics Inc. Common Stock,$1.07,0.00,0.00%,87382,7501019.00,United States,2026,Medical/Dental Instruments,Health Care
COE,51Talk Online Education Group American depositary shares each representing 60 Class A ordinary shares,$11.51,-0.29,-2.458%,21044,69144196.00,China,2016,Other Consumer Services,Real Estate
COF,Capital One Financial Corporation Common Stock,$193.07,-3.39,-1.726%,3225399,118445517287.00,United States,1994,Major Banks,Finance
COF^I,Capital One Financial Corporation Depositary shares each representing a 1/40th interest in a share of Fixed Rate Non-Cumulative Perpetual Preferred Stock Series I of the Issuer,$16.45,-0.09,-0.544%,483862,,United States,,,
COF^J,Capital One Financial Corporation Depositary Shares Each Representing a 1/40th Interest in a Share of Fixed Rate Non- Cumulative Perpetual Preferred Stock Series J,$15.82,-0.13,-0.815%,359132,,United States,,,
COF^K,Capital One Financial Corporation Depositary Shares Each Representing a 1/40th Ownership Interest in a Share of Fixed Rate Non-Cumulative Perpetual Preferred Stock Series K,$15.39,-0.04,-0.259%,13572,,United States,,,
COF^L,Capital One Financial Corporation Depositary Shares Each Representing a 1/40th Interest in a Share of Fixed Rate Non-Cumulative Perpetual Preferred Stock Series L,$14.47,-0.19,-1.296%,255528,,United States,,,
COF^N,Capital One Financial Corporation Depositary Shares Each Representing a 1/40th Ownership Interest in a Share of Fixed Rate Non-Cumulative Perpetual Preferred Stock Series N,$14.57,0.23,1.604%,105380,,United States,,,
COFS,ChoiceOne Financial Services Inc. Common Stock,$32.31,-0.47,-1.434%,107975,483212851.00,United States,,Major Banks,Finance
COGT,Cogent Biosciences Inc. Common Stock,$32.02,0.36,1.137%,1960202,5556269924.00,United States,2018,Biotechnology: Pharmaceutical Preparations,Health Care
COHN,Cohen & Company Inc.,$9.40,-0.10,-1.053%,19817,30352318.00,United States,,Investment Bankers/Brokers/Service,Finance
COHR,Coherent Corp. Common Stock,$287.81,-4.40,-1.506%,5354248,56362478721.00,United States,,Electronic Components,Technology
COHU,Cohu Inc. Common Stock,$68.14,2.17,3.289%,1162266,3225640825.00,United States,,Electrical Products,Industrials
COIN,Coinbase Global Inc. Class A Common Stock,$186.41,-3.61,-1.90%,8412537,49181840816.00,United States,,Finance: Consumer Services,Finance
COKE,Coca-Cola Consolidated Inc. Common Stock,$189.27,-1.58,-0.828%,374746,12598623925.00,United States,1972,Beverages (Production/Distribution),Consumer Staples
COLA,Columbus Acquisition Corp Ordinary Shares,$7.30,-3.15,-30.144%,92592,0.00,Singapore,2025,Blank Checks,Finance
COLAR,Columbus Acquisition Corp Rights,$0.31,0.03,10.714%,15069,0.00,Singapore,2025,Blank Checks,Finance
COLAU,Columbus Acquisition Corp Unit,$9.60,-1.20,-11.111%,7335,0.00,Singapore,2025,,
COLB,Columbia Banking System Inc. Common Stock,$28.60,-0.09,-0.314%,2446905,8091004865.00,United States,1992,Major Banks,Finance
COLD,Americold Realty Trust Inc. Common Stock,$13.98,-0.56,-3.851%,4150464,3991018103.00,United States,2018,Real Estate Investment Trusts,Real Estate
COLL,Collegium Pharmaceutical Inc. Common Stock,$21.82,-0.41,-1.844%,811576,710363476.00,United States,2015,Biotechnology: Pharmaceutical Preparations,Health Care
COLM,Columbia Sportswear Company Common Stock,$57.41,-0.93,-1.594%,765767,2939001268.00,United States,1998,Apparel,Consumer Discretionary
COMP,Compass Inc. Class A Common Stock,$8.88,-0.13,-1.443%,17522834,6726797109.00,United States,2021,Real Estate,Finance
CON,Concentra Group Holdings Parent Inc. Common Stock,$34.42,-0.92,-2.603%,1088608,4389160473.00,United States,2024,Medical Specialities,Health Care
COO,The Cooper Companies Inc. Common Stock,$56.53,-0.10,-0.177%,4895000,10749478770.00,United States,,Ophthalmic Goods,Health Care
COOK,Traeger Inc. Common Stock,$48.34,3.78,8.483%,82254,135266148.00,United States,2021,Consumer Electronics/Appliances,Consumer Discretionary
COOT,Australian Oilseeds Holdings Limited Ordinary Shares,$0.4406,-0.0328,-6.929%,66602,13248227.00,Australia,,Packaged Foods,Consumer Staples
COP,ConocoPhillips Common Stock,$125.15,-0.29,-0.231%,6491197,150347385497.00,United States,,Integrated oil Companies,Energy
COPL,Copley Acquisition Corp Ordinary Shares,$10.58,0.01,0.095%,201887,0.00,,2025,,
COPR,Idaho Copper Corporation Common Stock,$3.16,0.16,5.333%,26905,59340389.00,,2026,Metal Mining,Basic Materials
COR,Cencora Inc. Common Stock,$300.25,-7.35,-2.389%,1811107,57295856291.00,United States,,Other Pharmaceuticals,Health Care
CORT,Corcept Therapeutics Incorporated Common Stock,$115.23,0.49,0.427%,910468,12456178286.00,United States,2004,Biotechnology: Pharmaceutical Preparations,Health Care
CORZ,Core Scientific Inc. Common Stock,$15.98,-0.33,-2.023%,9708685,5135020247.00,United States,,Finance: Consumer Services,Finance
CORZW,Core Scientific Inc. Tranche 1 Warrants,$9.28,-0.34,-3.534%,47236,2982039292.00,United States,,Finance: Consumer Services,Finance
CORZZ,Core Scientific Inc. Tranche 2 Warrants,$16.14,-0.11,-0.677%,157,5186434718.00,United States,,Finance: Consumer Services,Finance
COSM,Cosmos Health Inc. Common Stock,$0.4299,0.0091,2.163%,3333409,43262459.00,United States,,Other Pharmaceuticals,Health Care
COSO,CoastalSouth Bancshares Inc. Common Stock,$26.22,-0.11,-0.418%,104007,313445574.00,United States,2025,Major Banks,Finance
COST,Costco Wholesale Corporation Common Stock,$910.34,-14.25,-1.541%,2219763,403716494433.00,United States,,Department/Specialty Retail Stores,Consumer Discretionary
COTY,Coty Inc. Class A Common Stock,$2.61,-0.08,-2.974%,6402957,2298591671.00,United States,2013,Package Goods/Cosmetics,Consumer Discretionary
COUR,Coursera Inc. Common Stock,$4.96,0.29,6.21%,14463011,1311424000.00,United States,2021,Computer Software: Prepackaged Software,Technology
COYA,Coya Therapeutics Inc. Common Stock,$5.01,-0.02,-0.398%,101367,117523823.00,United States,2022,Biotechnology: Pharmaceutical Preparations,Health Care
CP,Canadian Pacific Kansas City Limited Common Shares,$85.10,-1.41,-1.63%,3630855,75931657635.00,Canada,,Railroads,Industrials
CPA,Copa Holdings S.A. Class A Common Stock,$131.85,-1.20,-0.902%,445679,5424118213.00,Panama,2005,Air Freight/Delivery Services,Consumer Discretionary
CPAC,Cementos Pacasmayo S.A.A. American Depositary Shares (Each representing five Common Shares),$12.10,-0.08,-0.657%,3160,1025761649.00,Peru,,Building Materials,Industrials
CPAY,Corpay Inc. Common Stock,$388.60,-4.10,-1.044%,802980,25515320171.00,United States,,Business Services,Consumer Discretionary
CPB,The Campbell's Company Common Stock,$19.83,-0.40,-1.977%,8434077,5913993962.00,United States,,Packaged Foods,Consumer Staples
CPBI,Central Plains Bancshares Inc. Common Stock,$20.02,-0.005,-0.025%,249,83528165.00,United States,2023,Savings Institutions,Finance
CPF,Central Pacific Financial Corp New,$35.89,-0.06,-0.167%,206969,924075334.00,United States,,Major Banks,Finance
CPHC,Canterbury Park Holding Corporation 'New' Common Stock,$15.60,-0.065,-0.415%,899,80860946.00,United States,,Services-Misc. Amusement & Recreation,Consumer Discretionary
CPHI,China Pharma Holdings Inc. Common Stock,$0.657,0.0068,1.046%,78561,28265455.00,China,,Biotechnology: Pharmaceutical Preparations,Health Care
CPIX,Cumberland Pharmaceuticals Inc. Common Stock,$7.83,0.18,2.353%,9967,117317728.00,United States,2009,Biotechnology: Pharmaceutical Preparations,Health Care
CPK,Chesapeake Utilities Corporation Common Stock,$128.46,0.31,0.242%,179761,3096715209.00,United States,,Oil & Gas Production,Utilities
CPNG,Coupang Inc. Class A Common Stock,$13.87,0.02,0.144%,20142942,24931487307.00,United States,2021,Catalog/Specialty Distribution,Consumer Discretionary
CPOP,Pop Culture Group Co. Ltd Class A Ordinary Shares,$3.365,-1.015,-23.174%,275314,5747262.00,China,2021,Services-Misc. Amusement & Recreation,Consumer Discretionary
CPRI,Capri Holdings Limited Ordinary Shares,$14.12,-0.54,-3.683%,3483949,1604760846.00,Hong Kong,2011,Apparel,Consumer Discretionary
CPRT,Copart Inc. (DE) Common Stock,$27.28,0.14,0.516%,7850253,25270294731.00,United States,1994,Retail-Auto Dealers and Gas Stations,Consumer Discretionary
CPS,Cooper-Standard Holdings Inc. Common Stock,$20.84,-0.37,-1.744%,319808,370310295.00,United States,,Auto Parts:O.E.M.,Consumer Discretionary
CPSH,CPS Technologies Corp. Common Stock,$3.74,0.04,1.081%,135098,72510903.00,United States,,Building Materials,Consumer Discretionary
CPSS,Consumer Portfolio Services Inc. Common Stock,$9.16,0.11,1.215%,30807,197441180.00,United States,1992,Finance: Consumer Services,Finance
CPT,Camden Property Trust Common Stock,$96.73,-1.73,-1.757%,1274727,9725171326.00,United States,1993,Real Estate Investment Trusts,Real Estate
CPZ,Calamos Long/Short Equity & Dynamic Income Trust Common Stock,$12.56,0.10,0.803%,36673,246580357.00,United States,2019,Trusts Except Educational Religious and Charitable,Finance
CQP,Cheniere Energy Partners LP Common Units,$60.86,-0.04,-0.066%,60604,29459751865.00,United States,2007,Oil/Gas Transmission,Utilities
CR,Crane Company Common Stock,$204.02,-4.37,-2.097%,353048,11792428631.00,United States,2023,Metal Fabrications,Industrials
CRAC,Crown Reserve Acquisition Corp. I Class A Ordinary Shares,$10.25,0.00,0.00%,334,0.00,Cayman Islands,2025,,
CRAI,CRA International Inc. Common Stock,$164.15,-1.79,-1.079%,193411,1030346569.00,United States,1998,Other Consumer Services,Consumer Discretionary
CRAN,Crane Harbor Acquisition Corp. II Class A Ordinary Shares,$10.10,0.00,0.00%,14,0.00,United States,2026,Blank Checks,Finance
CRANR,Crane Harbor Acquisition Corp. II Rights,$0.17,0.00,0.00%,1146,0.00,United States,2026,Blank Checks,Finance
CRAQ,Cal Redwood Acquisition Corp. Class A Ordinary Shares,$10.40,0.00,0.00%,118,0.00,United States,2025,Blank Checks,Finance
CRAQR,Cal Redwood Acquisition Corp. Right,$0.1501,-0.0009,-0.596%,180,0.00,United States,2025,Blank Checks,Finance
CRAQU,Cal Redwood Acquisition Corp. Units,$10.74,0.24,2.286%,201,0.00,United States,2025,Blank Checks,Finance
CRBD,Corebridge Financial Inc. 6.375% Junior Subordinated Notes due 2064,$20.54,-0.11,-0.533%,125134,0.00,United States,2024,Life Insurance,Finance
CRBG,Corebridge Financial Inc. Common Stock,$33.12,-0.65,-1.925%,8239094,14763985929.00,United States,2022,Life Insurance,Finance
CRBP,Corbus Pharmaceuticals Holdings Inc. Common Stock,$6.82,0.19,2.866%,508311,131907618.00,United States,,Biotechnology: Pharmaceutical Preparations,Health Care
CRBU,Caribou Biosciences Inc. Common Stock,$1.27,0.03,2.419%,845078,136153542.00,United States,2021,Biotechnology: Biological Products (No Diagnostic Substances),Health Care
CRC,California Resources Corporation Common Stock,$50.80,-0.29,-0.568%,1062475,4512050564.00,United States,2020,Oil & Gas Production,Energy
CRCL,Circle Internet Group Inc. Class A Common Stock,$82.17,-1.53,-1.828%,8713027,20860981142.00,United States,2025,Finance: Consumer Services,Finance
CRCT,Cricut Inc. Class A Common Stock,$6.38,-0.03,-0.468%,605060,1336255374.00,United States,2021,Industrial Machinery/Components,Technology
CRD/A,Crawford & Company,$12.48,-0.12,-0.952%,56955,,United States,,,
CRD/B,Crawford & Company,$11.75,-0.08,-0.676%,8573,,United States,,,
CRDF,Cardiff Oncology Inc. Common Stock,$1.21,0.04,3.419%,564683,94132251.00,United States,,Biotechnology: Biological Products (No Diagnostic Substances),Health Care
CRDL,Cardiol Therapeutics Inc. Class A Common Shares,$1.66,-0.03,-1.775%,461436,200296339.00,Canada,,Biotechnology: Biological Products (No Diagnostic Substances),Health Care
CRDO,Credo Technology Group Holding Ltd Ordinary Shares,$194.79,2.44,1.269%,6468340,36611154107.00,United States,2022,Semiconductors,Technology
CRE,Cre8 Enterprise Limited Class A Ordinary Shares,$2.61,0.00,0.00%,15230,5256501.00,Hong Kong,2025,Publishing,Consumer Discretionary
CRESY,Cresud S.A.C.I.F. y A. American Depositary Shares,$11.51,-0.13,-1.117%,363871,816349006.00,Argentina,1997,Real Estate,Finance
CREX,Creative Realities Inc. Common Stock,$2.54,0.05,2.008%,12794,34357325.00,United States,,EDP Services,Technology
CRF,Cornerstone Total Return Fund Inc. (The) Common Stock,$6.16,0.03,0.489%,1426638,0.00,United States,2003,Finance/Investors Services,Finance
CRGO,Freightos Limited Ordinary shares,$0.9503,-0.0097,-1.01%,55173,49485433.00,Israel,,Integrated Freight & Logistics,Industrials
CRGOW,Freightos Limited Warrants,$0.027,0.0005,1.887%,13079,1405984.00,Israel,,Integrated Freight & Logistics,Industrials
CRGY,Crescent Energy Company Class A Common Stock,$12.89,0.00,0.00%,5202788,4258903641.00,United States,2021,Oil & Gas Production,Energy
CRH,CRH PLC Ordinary Shares,$82.80,-1.73,-2.047%,8663959,55421304970.00,Ireland,,Building Materials,Industrials
CRI,Carter's Inc. Common Stock,$31.31,0.03,0.096%,1000540,1149427202.00,United States,2003,Apparel,Consumer Discretionary
CRIS,Curis Inc. Common Stock,$0.839,0.01,1.206%,102076,1753575.00,United States,,Biotechnology: Biological Products (No Diagnostic Substances),Health Care
CRK,Comstock Resources Inc. Common Stock,$12.32,-0.19,-1.519%,2067885,3617405151.00,United States,,Oil & Gas Production,Energy
CRL,Charles River Laboratories International Inc. Common Stock,$295.01,-0.95,-0.321%,799495,14083444629.00,United States,2000,Biotechnology: Commercial Physical & Biological Resarch,Health Care
CRM,Salesforce Inc. Common Stock,$229.57,4.26,1.891%,11231187,188936110000.00,United States,2004,Computer Software: Prepackaged Software,Technology
CRMD,CorMedix Inc. Common Stock,$7.70,-0.23,-2.90%,948386,600171295.00,United States,,Biotechnology: Pharmaceutical Preparations,Health Care
CRML,Critical Metals Corp. Ordinary Shares,$7.26,-0.12,-1.626%,4220197,1067174647.00,British Virgin Islands,,Metal Mining,Basic Materials
CRMLW,Critical Metals Corp. Warrants,$2.5699,0.0149,0.583%,8659,377759246.00,British Virgin Islands,,Metal Mining,Basic Materials
CRMT,America's Car-Mart Inc Common Stock,$1.02,0.00,0.00%,309093,8505248.00,United States,,Retail-Auto Dealers and Gas Stations,Consumer Discretionary
CRNC,Cerence Inc. Common Stock,$7.83,0.16,2.086%,553243,354152912.00,United States,,Computer Software: Prepackaged Software,Technology
CRNT,Ceragon Networks Ltd. Ordinary Shares,$2.07,0.04,1.97%,406855,188950660.00,Israel,,Radio And Television Broadcasting And Communications Equipment,Technology
CRON,Cronos Group Inc. Common Share,$3.30,-0.08,-2.367%,1820951,1215762451.00,Canada,, Medicinal Chemicals and Botanical Products ,Health Care
CROX,Crocs Inc. Common Stock,$117.31,-5.32,-4.338%,1036889,5624436748.00,United States,2006,Shoe Manufacturing,Consumer Discretionary
CRS,Carpenter Technology Corporation Common Stock,$388.82,-2.92,-0.745%,902829,19269361632.00,United States,,Steel/Iron Ore,Industrials
CRSP,CRISPR Therapeutics AG Common Shares,$55.32,-0.68,-1.214%,1169344,5349037564.00,Switzerland,2016,Biotechnology: Biological Products (No Diagnostic Substances),Health Care
CRSR,Corsair Gaming Inc. Common Stock,$13.50,0.04,0.297%,1027303,1460388947.00,United States,2020,Computer peripheral equipment,Technology
CRT,Cross Timbers Royalty Trust Common Stock,$11.84,-0.12,-1.003%,20495,71040000.00,United States,1992,Oil & Gas Production,Energy
CRTO,Criteo S.A. Ordinary Shares,$15.20,-0.25,-1.618%,405851,744762897.00,France,2013,Advertising,Consumer Discretionary
CRUS,Cirrus Logic Inc. Common Stock,$119.97,-0.83,-0.687%,672001,6012603793.00,United States,1989,Semiconductors,Technology
CRVL,CorVel Corp. Common Stock,$74.55,0.08,0.107%,306755,3766010368.00,United States,,Specialty Insurers,Finance
CRVO,CervoMed Inc. Common Stock,$2.97,0.09,3.125%,375557,44903715.00,United States,,Biotechnology: Pharmaceutical Preparations,Health Care
CRVS,Corvus Pharmaceuticals Inc. Common Stock,$11.52,-0.24,-2.041%,875935,969073275.00,United States,2016,Biotechnology: Pharmaceutical Preparations,Health Care
CRWD,CrowdStrike Holdings Inc. Class A Common Stock,$264.75,2.01,0.765%,8816021,271086749420.00,United States,2019,Computer Software: Prepackaged Software,Technology
CRWS,Crown Crafts Inc Common Stock,$2.49,-0.03,-1.19%,13925,26793115.00,United States,,Textiles,Consumer Discretionary
CRWV,CoreWeave Inc. Class A Common Stock,$87.12,1.19,1.385%,22348128,48049868766.00,United States,2025,Computer Software: Prepackaged Software,Technology
CSAI,Cloudastructure Inc. Class A Common Stock,$2.76,-0.06,-2.128%,31041,2394223.00,United States,,Computer Software: Programming Data Processing,Technology
CSBR,Champions Oncology Inc. Common Stock,$5.00,0.21,4.384%,35209,69592845.00,United States,,Biotechnology: Biological Products (No Diagnostic Substances),Health Care
CSCO,Cisco Systems Inc. Common Stock (DE),$107.63,0.69,0.645%,17007382,424340625141.00,United States,1990,Computer Communications Equipment,Telecommunications
CSGP,CoStar Group Inc. Common Stock,$27.40,0.45,1.67%,6693130,11102413911.00,United States,1998,Real Estate,Finance
CSHR,CoinShares PLC Ordinary Shares,$4.97,-0.03,-0.60%,368777,654947639.00,Jersey,,Investment Bankers/Brokers/Service,Finance
CSHRW,CoinShares PLC Warrants,$1.15,0.00,0.00%,2,151547240.00,Jersey,,Investment Bankers/Brokers/Service,Finance
CSIQ,Canadian Solar Inc. Common Shares (ON),$11.52,-0.03,-0.26%,1955056,781248660.00,Canada,2006,Semiconductors,Technology
CSL,Carlisle Companies Incorporated Common Stock,$322.17,-3.49,-1.072%,359151,12794702229.00,United States,,Specialty Chemicals,Industrials
CSPI,CSP Inc. Common Stock,$7.65,0.02,0.262%,11688,77116934.00,United States,1982,EDP Services,Technology
CSQ,Calamos Strategic Total Return Common Stock,$20.39,-0.01,-0.049%,236146,3239718613.00,United States,2004,Finance Companies,Finance
CSQR,Csquare Inc. Common Stock,$15.81,-0.07,-0.441%,2268321,2634483287.00,,2026,Computer Software: Programming Data Processing,Technology
CSR,D/B/A Centerspace Common Stock,$54.40,-0.73,-1.324%,336098,913601814.00,United States,,Real Estate Investment Trusts,Real Estate
CSTE,Caesarstone Ltd. Ordinary Shares,$2.87,-0.035,-1.205%,10887,99236205.00,Israel,2012,Building Materials,Industrials
CSTL,Castle Biosciences Inc. Common Stock,$35.53,0.65,1.864%,639692,1085423984.00,United States,2019,Medical Specialities,Health Care
CSTM,Constellium SE Ordinary Shares (France),$24.19,-0.40,-1.627%,2207759,3278415740.00,Netherlands,2013,Metal Fabrications,Industrials
CSV,Carriage Services Inc. Common Stock,$31.17,0.19,0.613%,157952,495051166.00,United States,,Other Consumer Services,Consumer Discretionary
CSW,CSW Industrials Inc. Common Stock,$288.08,-5.69,-1.937%,136608,4693827735.00,United States,,Home Furnishings,Industrials
CSWC,Capital Southwest Corporation Common Stock,$23.13,-0.19,-0.815%,603613,1437314992.00,United States,,Textiles,Consumer Discretionary
CSX,CSX Corporation Common Stock,$46.51,-0.42,-0.895%,11008169,86158608390.00,United States,,Railroads,Industrials
CTA^A,EIDP Inc. Preferred Stock $3.50 Series,$49.45,-1.09,-2.157%,905,,United States,,,
CTA^B,EIDP Inc. Preferred Stock $4.50 Series,$62.88,0.43,0.689%,6123,,United States,,,
CTAA,ClearThink 1 Acquisition Corp. Class A Ordinary Shares,$9.95,0.00,0.00%,18,0.00,United States,2026,Blank Checks,Finance
CTAAR,ClearThink 1 Acquisition Corp. Rights,$0.2119,0.0319,17.722%,203,0.00,United States,2026,Blank Checks,Finance
CTAS,Cintas Corporation Common Stock,$195.06,-2.68,-1.355%,1632370,77929740571.00,United States,1983,Garments and Clothing,Industrials
CTBI,Community Trust Bancorp Inc. Common Stock,$74.22,-0.28,-0.376%,254177,1348425546.00,United States,,Major Banks,Finance
CTEV,Claritev Corporation Class A Common Stock,$21.17,-0.47,-2.172%,230386,358777792.00,United States,2020,Business Services,Consumer Discretionary
CTGG,Qwest Corporation 6.500% Senior Notes due 2051 (denominations of $25),$16.18,0.15,0.936%,446664,0.00,,2026,Telecommunications Equipment,Telecommunications
CTGO,Contango Silver & Gold Inc. Common Stock,$16.78,-0.19,-1.12%,282699,561134795.00,United States,2021,Precious Metals,Basic Materials
CTHH,Qwest Corporation 6.750% Senior Notes due 2052 (denominations of $25),$16.67,0.10,0.604%,331958,0.00,,2026,Telecommunications Equipment,Telecommunications
CTKB,Cytek Biosciences Inc. Common Stock,$5.96,0.20,3.472%,1324222,774700188.00,United States,2021,Biotechnology: Laboratory Analytical Instruments,Industrials
CTM,Castellum Inc. Common Stock,$0.6275,0.0075,1.21%,245517,59475257.00,,2022,Professional Services,Consumer Discretionary
CTMX,CytomX Therapeutics Inc. Common Stock,$2.72,-0.03,-1.091%,3220713,592686052.00,United States,2015,Biotechnology: Pharmaceutical Preparations,Health Care
CTNM,Contineum Therapeutics Inc. Class A Common Stock,$13.42,1.92,16.696%,1597850,504875591.00,United States,2024,Biotechnology: Pharmaceutical Preparations,Health Care
CTNT,Cheetah Net Supply Chain Service Inc Class A Common Stock,$2.71,-0.16,-5.575%,380105,3613506.00,United States,2023,Motor Vehicles,Consumer Discretionary
CTO,CTO Realty Growth Inc. Common Stock,$20.49,-0.16,-0.775%,389583,768076952.00,United States,1992,Real Estate Investment Trusts,Real Estate
CTO^A,CTO Realty Growth Inc. 6.375% Series A Cumulative Redeemable Preferred Stock,$19.21,-0.1499,-0.774%,2131,,United States,,,
CTOR,Citius Oncology Inc. Common Stock,$1.01,-0.04,-3.81%,105958,93911016.00,United States,2022,Biotechnology: Pharmaceutical Preparations,Health Care
CTOS,Custom Truck One Source Inc. Common Stock,$9.11,-0.11,-1.193%,708043,2072575424.00,Cayman Islands,2017,Diversified Commercial Services,Consumer Discretionary
CTRE,CareTrust REIT Inc. Common Stock,$36.58,-0.62,-1.667%,2604464,8643605219.00,United States,2022,Real Estate Investment Trusts,Real Estate
CTRI,Centuri Holdings Inc. Common Stock,$20.04,-0.30,-1.475%,2375947,2023299582.00,United States,2024,Oil & Gas Production,Utilities
CTRM,Castor Maritime Inc. Common Shares,$2.03,-0.03,-1.456%,34053,19614579.00,Cyprus,,Marine Transportation,Consumer Discretionary
CTRN,Citi Trends Inc. Common Stock,$51.56,0.86,1.696%,278765,429981887.00,United States,2005,Clothing/Shoe/Accessory Stores,Consumer Discretionary
CTS,CTS Corporation Common Stock,$58.69,-0.49,-0.828%,179259,1675963085.00,United States,,Electrical Products,Technology
CTSH,Cognizant Technology Solutions Corporation Class A Common Stock,$57.44,0.60,1.056%,10941310,25873515365.00,United States,1998,EDP Services,Technology
CTSO,Cytosorbents Corporation Common Stock,$3.90,-0.10,-2.50%,13697,12289294.00,United States,,Medical/Dental Instruments,Health Care
CTVA,Corteva Inc. Common Stock ,$77.65,-0.22,-0.283%,4035255,51807769400.00,United States,2019,Farming/Seeds/Milling,Consumer Staples
CTW,CTW Class A Ordinary Shares,$1.89,-0.24,-11.268%,33838,117936000.00,Japan,2025,EDP Services,Technology
CTXR,Citius Pharmaceuticals Inc. Common Stock,$0.531,-0.0235,-4.238%,127499,14577315.00,United States,,Biotechnology: Pharmaceutical Preparations,Health Care
CUB,Lionheart Holdings Class A Ordinary Shares,$10.90,0.00,0.00%,1478,346277478.00,United States,2024,Industrial Machinery/Components,Industrials
CUBB,Customers Bancorp Inc 5.375% Subordinated Notes Due 2034,$20.90,-0.044,-0.21%,1486,660930941.00,United States,2019,Major Banks,Finance
CUBE,CubeSmart Common Shares,$37.58,-0.29,-0.766%,2289704,8461597468.00,United States,,Real Estate Investment Trusts,Real Estate
CUBI,Customers Bancorp Inc Common Stock,$74.00,-0.52,-0.698%,198974,2500001126.00,United States,,Major Banks,Finance
CUBWW,Lionheart Holdings Warrant,$0.15,0.00,0.00%,4404,0.00,United States,2024,Industrial Machinery/Components,Industrials
CUE,Cue Biopharma Inc. Common Stock,$25.87,0.36,1.411%,228149,187930390.00,United States,2018,Biotechnology: Pharmaceutical Preparations,Health Care
CULP,Culp Inc. Common Stock,$3.71,-0.14,-3.636%,61513,47248052.00,United States,,Textiles,Consumer Discretionary
CUPR,Cuprina Holdings (Cayman) Limited Class A Ordinary Shares,$2.28,0.27,13.433%,907788,17446859.00,Singapore,2025,Industrial Specialties,Health Care
CURB,Curbline Properties Corp. Common Stock,$27.83,-0.09,-0.322%,1855558,3201508236.00,United States,2024,Real Estate,Finance
CURI,CuriosityStream Inc. Class A Common Stock,$2.91,-0.04,-1.356%,607945,172673661.00,United States,2020,Movies/Entertainment,Consumer Discretionary
CURR,Currenc Group Inc. Ordinary Shares,$3.08,-0.03,-0.965%,15580,345828206.00,Singapore,,Business Services,Consumer Discretionary
CURV,Torrid Holdings Inc. Common Stock,$2.36,-0.01,-0.422%,95597,235337867.00,United States,2021,Clothing/Shoe/Accessory Stores,Consumer Discretionary
CURX,Curanex Pharmaceuticals Inc Common Stock,$5.03,0.06,1.207%,1187,7888252.00,United States,2025,Biotechnology: Pharmaceutical Preparations,Health Care
CUVL,Clinuvel Pharmaceuticals Limited American Depositary Shares,$5.96,0.09,1.533%,13141,298361772.00,Australia,,Miscellaneous,Miscellaneous
CUZ,Cousins Properties Incorporated Common Stock,$27.64,0.03,0.109%,1279837,4549600883.00,United States,,Real Estate Investment Trusts,Real Estate
CV,CapsoVision Inc. Common Stock,$6.46,-0.23,-3.438%,155316,343643524.00,United States,2025,Biotechnology: Electromedical & Electrotherapeutic Apparatus,Health Care
CVBF,CVB Financial Corporation Common Stock,$21.61,-0.13,-0.598%,1502873,3803304570.00,United States,,Major Banks,Finance
CVCO,Cavco Industries Inc. Common Stock When Issued,$560.26,4.14,0.744%,112614,4308064365.00,United States,,Homebuilding,Consumer Discretionary
CVE,Cenovus Energy Inc Common Stock,$31.08,0.12,0.388%,4192862,58275000000.00,Canada,,Oil & Gas Production,Energy
CVEO,Civeo Corporation (Canada) Common Shares,$32.79,0.40,1.235%,165067,338945607.00,,2014,Hotels/Resorts,Consumer Discretionary
CVGI,Commercial Vehicle Group Inc. Common Stock,$2.93,-0.03,-1.014%,251173,119053758.00,United States,2004,Auto Parts:O.E.M.,Consumer Discretionary
CVI,CVR Energy Inc. Common Stock,$50.99,0.42,0.831%,1078270,5126055243.00,United States,2007,Integrated oil Companies,Energy
CVKD,Cadrenal Therapeutics Inc. Common Stock,$1.08,-0.01,-0.917%,21803,3852999.00,United States,2023,Biotechnology: Pharmaceutical Preparations,Health Care
CVLG,Covenant Logistics Group Inc. Class A Common Stock,$32.32,-0.69,-2.09%,256914,820209785.00,United States,,Trucking Freight/Courier Services,Industrials
CVLT,Commvault Systems Inc. Common Stock,$149.92,3.57,2.439%,1107769,6213369035.00,United States,2006,Computer Software: Prepackaged Software,Technology
CVM,Cel-Sci Corporation Common Stock,$2.06,0.27,15.084%,479405,36233313.00,United States,1997,Biotechnology: Biological Products (No Diagnostic Substances),Health Care
CVNA,Carvana Co. Class A Common Stock,$62.54,-1.08,-1.698%,7245736,68823004176.00,United States,2017,Retail-Auto Dealers and Gas Stations,Consumer Discretionary
CVR,Chicago Rivet & Machine Co. Common Stock,$10.95,0.90,8.955%,4774,10579145.00,United States,1930,Industrial Machinery/Components,Industrials
CVRX,CVRx Inc. Common Stock,$1.75,-0.88,-33.46%,4274951,46622795.00,United States,2021,Medical/Dental Instruments,Health Care
CVS,CVS Health Corporation Common Stock,$85.69,-1.41,-1.619%,8379833,109594970920.00,United States,,Retail-Drug Stores and Proprietary Stores,Consumer Staples
CVSA,Covista Inc. Common Shares,$122.20,2.75,2.302%,350277,4159543804.00,United States,,Other Consumer Services,Real Estate
CVU,CPI Aerostructures Inc. Common Stock,$5.18,0.00,0.00%,47884,68633622.00,United States,2022,Military/Government/Technical,Industrials
CVV,CVD Equipment Corporation Common Stock,$4.185,0.025,0.601%,52753,29090785.00,United States,,Industrial Machinery/Components,Technology
CVX,Chevron Corporation Common Stock,$204.21,-0.17,-0.083%,6393117,403472251864.00,United States,,Integrated oil Companies,Energy
CW,Curtiss-Wright Corporation Common Stock,$543.82,9.97,1.868%,476654,20085689336.00,United States,,Industrial Machinery/Components,Technology
CWBC,Community West Bancshares Common Stock,$26.04,-0.20,-0.762%,198552,706493271.00,United States,,Major Banks,Finance
CWCO,Consolidated Water Co. Ltd. Ordinary Shares,$28.02,0.09,0.322%,72933,448680477.00,Cayman Islands,,Water Supply,Utilities
CWD,CaliberCos Inc. Class A Common Stock,$0.6109,-0.0183,-2.908%,122011,6343985.00,United States,2023,Real Estate,Finance
CWEN,Clearway Energy Inc. Class C Common Stock,$29.27,-0.02,-0.068%,1004364,4797754292.00,United States,2015,Electric Utilities: Central,Utilities
CWH,Camping World Holdings Inc. Class A Common Stock,$5.02,-0.08,-1.569%,2283325,518540478.00,United States,2016,Retail-Auto Dealers and Gas Stations,Consumer Discretionary
CWK,Cushman & Wakefield Ltd. Common Shares,$11.81,0.06,0.511%,3420729,2771968891.00,United States,2018,Real Estate,Finance
CWST,Casella Waste Systems Inc. Class A Common Stock,$80.35,0.15,0.187%,765284,5113477696.00,United States,1997,Environmental Services,Utilities
CWT,California Water Service Group Common Stock,$46.27,0.43,0.938%,528890,2861295203.00,United States,,Water Supply,Utilities
CX,Cemex S.A.B. de C.V. Sponsored ADR,$9.51,-0.14,-1.451%,3993127,14416362254.00,Mexico,,Building Materials,Industrials
CXAI,CXApp Inc. Class A Common Stock,$2.54,0.01,0.395%,134352,5937011.00,United States,2021,EDP Services,Technology
CXAIW,CXApp Inc. Warrant,$0.0349,0.00,0.00%,22550,81575.00,United States,2021,EDP Services,Technology
CXDO,Crexendo Inc. Common Stock,$5.88,0.01,0.17%,150247,195532285.00,United States,,Telecommunications Equipment,Telecommunications
CXII,Churchill Capital Corp XII Class A Ordinary Shares,$10.79,0.00,0.00%,113,0.00,United States,2026,Blank Checks,Finance
CXIIW,Churchill Capital Corp XII Warrants,$1.90,-0.02,-1.042%,976,0.00,United States,2026,Blank Checks,Finance
CXM,Sprinklr Inc. Class A Common Stock,$4.95,0.13,2.697%,3782200,1149248133.00,United States,2021,Computer Software: Prepackaged Software,Technology
CXT,Crane NXT Co. Common Stock,$47.10,0.10,0.213%,527131,2711137418.00,United States,,Metal Fabrications,Industrials
CXW,CoreCivic Inc. Common Stock,$32.25,-0.42,-1.286%,1805058,3189315020.00,United States,,Real Estate Investment Trusts,Real Estate
CYAB,Cyabra Inc. Common Stock,$0.214,0.0028,1.326%,3789427,3765773.00,Israel,,Computer Software: Prepackaged Software,Technology
CYCU,Cycurion Inc. Common Stock,$2.68,0.03,1.132%,292217,8656513.00,United States,2025,EDP Services,Technology
CYCUW,Cycurion Inc. Warrant,$0.0181,0.004,28.369%,8038,58464.00,United States,2025,EDP Services,Technology
CYD,China Yuchai International Limited Common Stock,$31.03,-1.58,-4.845%,274211,1164193532.00,Singapore,1994,Industrial Machinery/Components,Industrials
CYH,Community Health Systems Inc. Common Stock,$2.86,-0.05,-1.718%,1144724,403286761.00,United States,2000,Hospital/Nursing Management,Health Care
CYN,Cyngn Inc. Common Stock,$0.7499,0.0371,5.205%,285405,11509676.00,United States,2021,EDP Services,Technology
CYPH,Cypherpunk Technologies Inc. Common Stock,$3.33,0.10,3.096%,16176212,358855392.00,United States,,Biotechnology: Pharmaceutical Preparations,Health Care
CYRX,CryoPort Inc. Common Stock,$17.40,0.08,0.462%,571615,881294340.00,United States,,Biotechnology: Pharmaceutical Preparations,Health Care
CYTK,Cytokinetics Incorporated Common Stock,$65.91,0.27,0.411%,2977731,9163033480.00,United States,2004,Biotechnology: Pharmaceutical Preparations,Health Care
CZFS,Citizens Financial Services Inc. Common Stock,$78.61,-1.45,-1.811%,35435,378102702.00,United States,,Major Banks,Finance
CZNC,Citizens & Northern Corp Common Stock,$25.02,-0.26,-1.028%,65259,448730372.00,United States,,Major Banks,Finance
CZR,Caesars Entertainment Inc. Common Stock,$29.65,0.03,0.101%,2559219,6040309030.00,United States,,Hotels/Resorts,Consumer Discretionary
CZWI,Citizens Community Bancorp Inc. Common Stock,$21.11,-0.14,-0.659%,23032,203716376.00,United States,2006,Savings Institutions,Finance
D,Dominion Energy Inc. Common Stock,$60.52,-0.12,-0.198%,4359769,53228910433.00,United States,,Electric Utilities: Central,Utilities
DAAQ,Digital Asset Acquisition Corp. Class A Ordinary shares,$10.48,0.01,0.096%,643,0.00,United States,2025,Blank Checks,Finance
DAAQU,Digital Asset Acquisition Corp. Units,$11.54,0.00,0.00%,102,0.00,United States,2025,Blank Checks,Finance
DAC,Danaos Corporation Common Stock,$154.31,-0.17,-0.11%,84389,2808978227.00,Greece,2006,Marine Transportation,Consumer Discretionary
DAIC,CID HoldCo Inc. Common Stock,$2.68,-0.14,-4.965%,249397,6265216.00,United States,,EDP Services,Technology
DAICW,CID HoldCo Inc. Warrants,$0.0048,-0.0002,-4.00%,40196,11221.00,United States,,EDP Services,Technology
DAIO,Data I/O Corporation Common Stock,$2.93,-0.04,-1.347%,56568,30459187.00,United States,1981,Electrical Products,Industrials
DAKT,Daktronics Inc. Common Stock,$17.39,-0.02,-0.115%,382307,836331184.00,United States,1994,Miscellaneous manufacturing industries,Consumer Discretionary
DAL,Delta Air Lines Inc. Common Stock,$83.46,-1.41,-1.661%,6580454,54885218084.00,United States,,Air Freight/Delivery Services,Consumer Discretionary
DAN,Dana Incorporated Common Stock ,$27.31,-0.06,-0.219%,1939292,2937919103.00,United States,,Auto Parts:O.E.M.,Consumer Discretionary
DAO,Youdao Inc. American Depositary Shares each representing one Class A Ordinary Share,$15.15,0.50,3.413%,65774,1827614660.00,China,2019,Other Consumer Services,Real Estate
DAR,Darling Ingredients Inc. Common Stock,$60.71,0.39,0.647%,1983841,9580215030.00,United States,1997,Packaged Foods,Consumer Staples
DARE,Dare Bioscience Inc. Common Stock,$0.8533,0.0383,4.699%,278076,16783629.00,United States,2014,Biotechnology: Pharmaceutical Preparations,Health Care
DASH,DoorDash Inc. Class A Common Stock,$183.55,-3.55,-1.897%,4251709,79531836336.00,United States,,Business Services,Consumer Discretionary
DAVA,Endava plc American Depositary Shares (each representing one Class A Ordinary Share),$1.79,0.14,8.485%,468035,97246409.00,United Kingdom,2018,EDP Services,Technology
DAVE,Dave Inc. Class A Common Stock,$321.51,-4.93,-1.51%,185993,4101023056.00,United States,,Finance: Consumer Services,Finance
DAVEW,Dave Inc. Warrants,$0.98,-0.03,-2.97%,8484,12500397.00,United States,,Finance: Consumer Services,Finance
DB,Deutsche Bank AG Common Stock,$35.89,-0.22,-0.609%,1998908,67523446000.00,Germany,,Major Banks,Finance
DBCA,D. Boral Acquisition I Corp. Class A Ordinary Shares,$10.01,-0.015,-0.15%,542821,0.00,United States,2026,Blank Checks,Finance
DBCAU,D. Boral Acquisition I Corp. Unit,$10.38,0.00,0.00%,1,0.00,United States,2026,Blank Checks,Finance
DBD,Diebold Nixdorf Incorporated Common stock,$61.22,0.97,1.61%,337474,2078210117.00,United States,2023,Office Equipment/Supplies/Services,Miscellaneous
DBGI,Digital Brands Group Inc. Common Stock,$4.79,0.23,5.044%,312996,4471508.00,United States,2025,Clothing/Shoe/Accessory Stores,Consumer Discretionary
DBI,Designer Brands Inc. Class A Common Stock,$6.05,-0.25,-3.968%,467877,309296594.00,United States,,Clothing/Shoe/Accessory Stores,Consumer Discretionary
DBL,DoubleLine Opportunistic Credit Fund Common Shares of Beneficial Interest,$13.55,0.00,0.00%,56100,0.00,United States,2012,,
DBRG^H,DigitalBridge Group Inc. 7.125% Series H ,$14.75,0.0876,0.597%,205466,,United States,,,
DBRG^I,DigitalBridge Group Inc. 7.15% Series I ,$15.04,0.09,0.602%,85396,,United States,,,
DBRG^J,DigitalBridge Group Inc. 7.125% Series J ,$15.50,0.005,0.032%,91860,,United States,,,
DBVT,DBV Technologies S.A. American Depositary Shares,$11.76,0.21,1.818%,400958,695992492.00,France,2014,Biotechnology: Biological Products (No Diagnostic Substances),Health Care
DBX,Dropbox Inc. Class A Common Stock,$33.85,1.15,3.517%,5560367,7640259297.00,United States,2018,Computer Software: Prepackaged Software,Technology
DC,Dakota Gold Corp. Common Stock,$6.09,-0.12,-1.932%,1228839,817113515.00,United States,2022,Metal Mining,Basic Materials
DCBG,Dime Commercial Bancshares Inc. 9.000% Junior Subordinated Notes,$26.35,0.0628,0.239%,9384,1031566585.00,United States,,Major Banks,Finance
DCBO,Docebo Inc. Common Shares,$23.05,0.27,1.185%,17846,575042042.00,Canada,,Computer Software: Prepackaged Software,Technology
DCGO,DocGo Inc. Common Stock,$0.3998,0.0318,8.641%,657583,39551562.00,United States,2020,Medical/Nursing Services,Health Care
DCH,Dauch Corporation Common Stock,$5.22,-0.09,-1.695%,4053873,1240296022.00,United States,,Auto Parts:O.E.M.,Consumer Discretionary
DCI,Donaldson Company Inc. Common Stock,$87.04,-0.27,-0.309%,591539,10088817628.00,United States,,Pollution Control Equipment,Industrials
DCO,Ducommun Incorporated Common Stock,$171.54,0.37,0.216%,150729,2590216090.00,United States,,Military/Government/Technical,Industrials
DCOM,Dime Commercial Bancshares Inc. Common Stock,$39.42,-0.05,-0.127%,431382,1740652975.00,United States,,Major Banks,Finance
DCOM^,Dime Commercial Bancshares Inc. Preferred Stock Series A,$16.60,0.06,0.363%,7819,,United States,,,
DCOY,Decoy Therapeutics Inc. Common Stock,$1.97,-0.16,-7.512%,238050,3624049.00,United States,2015,Biotechnology: Pharmaceutical Preparations,Health Care
DCTH,Delcath Systems Inc. Common Stock,$15.97,0.12,0.757%,300816,554139756.00,United States,,Medical/Dental Instruments,Health Care
DCX,Digital Currency X Technology Inc. Class A Ordinary Shares,$3.71,0.10,2.77%,199096,8704339.00,Cayman Islands,,Auto Manufacturing,Industrials
DD,DuPont de Nemours Inc. Common Stock,$129.89,-0.23,-0.177%,778275,17540732023.00,United States,2017,Major Chemicals,Industrials
DDC,DDC Enterprise Limited Class A Ordinary Shares,$0.196,-0.0131,-6.265%,2877149,11483887.00,,2023,Packaged Foods,Consumer Staples
DDD,3D Systems Corporation Common Stock,$3.60,0.08,2.273%,1891078,598129297.00,United States,,Computer Software: Prepackaged Software,Technology
DDI,DoubleDown Interactive Co. Ltd. American Depository Shares,$13.29,0.23,1.761%,139897,658565218.00,South Korea,2021,EDP Services,Technology
DDL,Dingdong (Cayman) Limited American Depositary Shares (each two representing three Ordinary Shares),$2.13,-0.05,-2.294%,168577,503164969.00,Cayman Islands,2021,Catalog/Specialty Distribution,Consumer Discretionary
DDOG,Datadog Inc. Class A Common Stock,$273.85,5.29,1.97%,2793312,98332695322.00,United States,2019,Computer Software: Prepackaged Software,Technology
DDS,Dillard's Inc. Common Stock,$669.99,-7.53,-1.111%,257019,10464875975.00,United States,,Department/Specialty Retail Stores,Consumer Discretionary
DDT,Dillard's Capital Trust I,$26.37,0.12,0.457%,26318,411884923.00,United States,,Department/Specialty Retail Stores,Consumer Discretionary
DE,Deere & Company Common Stock,$671.55,-8.95,-1.315%,1736992,181066945429.00,United States,,Industrial Machinery/Components,Industrials
DEA,Easterly Government Properties Inc. Common Stock,$23.20,0.08,0.346%,1462490,1097861514.00,United States,2015,Real Estate Investment Trusts,Real Estate
DEC,Diversified Energy Company Common Stock,$13.37,-0.13,-0.963%,698360,1026231611.00,United States,2025,,
DECK,Deckers Outdoor Corporation Common Stock,$78.14,0.46,0.592%,4194643,10659407698.00,United States,1993,Shoe Manufacturing,Consumer Discretionary
DEFT,Defi Technologies Inc. Common Stock,$0.4947,0.0047,0.959%,2099521,191989718.00,Canada,,Finance: Consumer Services,Finance
DEI,Douglas Emmett Inc. Common Stock,$9.58,-0.02,-0.208%,2734942,1604508858.00,United States,2006,Real Estate Investment Trusts,Real Estate
DELL,Dell Technologies Inc. Class C Common Stock ,$537.95,-1.64,-0.304%,4903419,342035468863.00,United States,2018,Computer Manufacturing,Technology
DEO,Diageo plc Common Stock,$85.60,0.26,0.305%,785960,47649235378.00,United Kingdom,,Beverages (Production/Distribution),Consumer Staples
DERM,Journey Medical Corporation Common Stock,$6.84,0.35,5.393%,167241,193054862.00,United States,2021,Biotechnology: Pharmaceutical Preparations,Health Care
DETX,Liberty Defense Holdings Ltd. Common Shares,$2.10,-0.04,-1.869%,13131,11932164.00,United States,,Industrial Machinery/Components,Industrials
DFDV,DeFi Development Corp. Common Stock,$5.37,-0.20,-3.591%,2086744,175173642.00,United States,2023,Finance: Consumer Services,Finance
DFDVW,DeFi Development Corp. Warrant,$0.87,0.115,15.232%,2306,28380087.00,United States,,Finance: Consumer Services,Finance
DFH,Dream Finders Homes Inc. Class A Common Stock,$10.70,-0.30,-2.727%,1014968,968725763.00,United States,2022,Homebuilding,Consumer Discretionary
DFIN,Donnelley Financial Solutions Inc. Common Stock ,$47.19,0.25,0.533%,256366,1160184224.00,United States,2016,Other Consumer Services,Consumer Discretionary
DFLI,Dragonfly Energy Holdings Corp. Common Stock (NV),$0.8507,-0.0095,-1.104%,132517,12742468.00,United States,2021,Industrial Machinery/Components,Miscellaneous
DFLIW,Dragonfly Energy Holdings Corp. Warrant,$0.0142,0.00,0.00%,1,212699.00,United States,2021,Industrial Machinery/Components,Miscellaneous
DFNS,T3 Defense Inc. Common Stock,$6.43,-0.31,-4.599%,247629,18263103.00,United States,2020,Professional Services,Consumer Discretionary
DFNSW,T3 Defense Inc. Warrants,$0.057,-0.0022,-3.716%,66776,161897.00,United States,2020,Professional Services,Consumer Discretionary
DFP,Flaherty & Crumrine Dynamic Preferred and Income Fund Inc. Common Stock,$18.88,-0.09,-0.474%,102741,0.00,,2013,Investment Managers,Finance
DFSC,DEFSEC Technologies Inc. Common Stock,$1.12,0.04,3.704%,60994,7357358.00,Canada,,Computer Software: Prepackaged Software,Technology
DFTX,Definium Therapeutics Inc. Common Shares,$38.06,-0.15,-0.393%,2380952,5114006117.00,United States,, Medicinal Chemicals and Botanical Products ,Health Care
DG,Dollar General Corporation Common Stock,$119.58,-3.06,-2.495%,2581125,26381355748.00,United States,2009,Department/Specialty Retail Stores,Consumer Discretionary
DGAC,Disciplined Growth Acquisition Corporation Class A Ordinary Shares,$10.01,0.00,0.00%,10,0.00,,2026,,
DGICA,Donegal Group Inc. Class A Common Stock,$17.79,-0.28,-1.55%,143850,660352027.00,United States,,Property-Casualty Insurers,Finance
DGICB,Donegal Group Inc. Class B Common Stock,$17.34,1.81,11.655%,10127,643648350.00,United States,1986,Property-Casualty Insurers,Finance
DGII,Digi International Inc. Common Stock,$76.23,-0.27,-0.353%,485583,2892785416.00,United States,1989,Computer Communications Equipment,Telecommunications
DGNX,Diginex Limited Ordinary Shares,$1.17,-0.035,-2.905%,366992,58652252.00,Hong Kong,2025,EDP Services,Technology
DGX,Quest Diagnostics Incorporated Common Stock,$233.07,1.10,0.474%,1093653,25724719015.00,United States,,Medical Specialities,Health Care
DGXX,Digi Power X Inc. Subordinate Voting Shares,$4.10,-0.15,-3.529%,1652624,415712756.00,Canada,,Finance: Consumer Services,Finance
DH,Definitive Healthcare Corp. Class A Common Stock,$0.905,-0.025,-2.688%,2394068,131197892.00,United States,2021,Computer Software: Prepackaged Software,Technology
DHC,Diversified Healthcare Trust Common Shares of Beneficial Interest,$7.85,-0.08,-1.009%,2480657,1900712556.00,United States,,Real Estate Investment Trusts,Real Estate
DHCNI,Diversified Healthcare Trust 5.625% Senior Notes due 2042,$16.80,-0.22,-1.293%,27781,4055761198.00,United States,,Real Estate Investment Trusts,Real Estate
DHCNL,Diversified Healthcare Trust 6.25% Senior Notes Due 2046,$17.76,-0.27,-1.498%,17456,4287518980.00,United States,,Real Estate Investment Trusts,Real Estate
DHF,BNY Mellon High Yield Strategies Fund Common Stock,$2.22,0.02,0.909%,375814,0.00,United States,1998,Finance Companies,Finance
DHI,D.R. Horton Inc. Common Stock,$136.65,-2.75,-1.973%,3113531,38221178136.00,United States,,Homebuilding,Consumer Discretionary
DHR,Danaher Corporation Common Stock,$221.55,-4.56,-2.017%,5248449,155746560264.00,United States,,Industrial Machinery/Components,Industrials
DHT,DHT Holdings Inc.,$22.57,0.15,0.669%,4016575,3634709747.00,Jersey,2005,Marine Transportation,Consumer Discretionary
DHX,DHI Group Inc. Common Stock,$4.70,-0.18,-3.689%,156588,204093693.00,United States,2007,Business Services,Consumer Discretionary
DHY,UBS Asset Management High Yield Credit Fund Common Stock,$16.00,-0.10,-0.621%,430853,0.00,United States,1998,Finance/Investors Services,Finance
DIBS,1stdibs.com Inc. Common Stock,$4.00,-0.03,-0.744%,67568,134461172.00,United States,2021,Catalog/Specialty Distribution,Consumer Discretionary
DIN,Dine Brands Global Inc. Common Stock,$27.83,-0.31,-1.102%,1298854,352304145.00,United States,,Restaurants,Consumer Discretionary
DINO,HF Sinclair Corporation Common Stock,$107.32,1.73,1.638%,1813499,19079762675.00,United States,1960,Natural Gas Distribution,Energy
DIOD,Diodes Incorporated Common Stock,$96.79,-0.39,-0.401%,402441,4457344527.00,United States,,Semiconductors,Technology
DIS,Walt Disney Company (The) Common Stock,$104.90,-0.51,-0.484%,11603240,181129456020.00,United States,,Services-Misc. Amusement & Recreation,Consumer Discretionary
DIT,AMCON Distributing Company Common Stock,$67.56,0.00,0.00%,81,65940452.00,United States,1999,Food Distributors,Consumer Discretionary
DJCO,Daily Journal Corp. (S.C.) Common Stock,$646.22,-11.12,-1.692%,48298,890460141.00,United States,,Newspapers/Magazines,Consumer Discretionary
DJT,Trump Media & Technology Group Corp. Common Stock,$9.06,-0.04,-0.44%,3562535,2518147942.00,United States,2024,Computer Software: Programming Data Processing,Technology
DJTWW,Trump Media & Technology Group Corp. Warrants,$5.47,0.18,3.403%,16728,1520338769.00,United States,2021,Computer Software: Programming Data Processing,Technology
DK,Delek US Holdings Inc. Common Stock,$71.37,2.64,3.841%,2030568,4370140258.00,United States,2017,Integrated oil Companies,Energy
DKI,DarkIris Inc. Class A Ordinary Shares,$1.57,-0.98,-38.431%,4477460,3293212.00,Hong Kong,2025,Computer Software: Prepackaged Software,Technology
DKL,Delek Logistics Partners L.P. Common Units representing Limited Partner Interests,$53.21,0.01,0.019%,138258,2830628386.00,United States,2012,Natural Gas Distribution,Energy
DKNG,DraftKings Inc. Class A Common Stock,$19.00,-0.59,-3.012%,14362607,9432626912.00,United States,2019,Services-Misc. Amusement & Recreation,Consumer Discretionary
DKS,Dick's Sporting Goods Inc Common Stock,$134.29,-0.41,-0.304%,2360125,11941947205.00,United States,2002,Other Specialty Stores,Consumer Discretionary
DLB,Dolby Laboratories Common Stock,$58.77,0.84,1.45%,602585,5504915082.00,United States,2005,Multi-Sector Companies,Miscellaneous
DLHC,DLH Holdings Corp.,$3.70,0.18,5.114%,26771,53624230.00,United States,,Professional Services,Consumer Discretionary
DLNG,Dynagas LNG Partners LP Common Units,$3.91,0.11,2.895%,115408,142253663.00,Greece,,Marine Transportation,Consumer Discretionary
DLNG^A,Dynagas LNG Partners LP 9.00% Series A Cumulative Redeemable Preferred Units,$25.7101,-0.2599,-1.001%,6829,,Greece,,,
DLO,DLocal Limited Class A Common Shares,$13.76,0.07,0.511%,1435026,4058263715.00,Uruguay,2021,Business Services,Consumer Discretionary
DLPN,Dolphin Entertainment Inc. Common Stock,$1.06,-0.03,-2.752%,2216,13815861.00,United States,,Other Consumer Services,Consumer Discretionary
DLR,Digital Realty Trust Inc. Common Stock,$175.53,-1.03,-0.583%,2037569,64952449973.00,United States,2004,Real Estate Investment Trusts,Real Estate
DLR^J,Digital Realty Trust Inc. 5.250% Series J Cumulative Redeemable Preferred Stock,$18.60,0.38,2.086%,48522,,United States,,,
DLR^K,Digital Realty Trust Inc. 5.850% Series K Cumulative Redeemable Preferred Stock par value $0.01 per share,$20.89,0.48,2.352%,90424,,United States,,,
DLR^L,Digital Realty Trust Inc. 5.200% Series L Cumulative Redeemable Preferred Stock,$18.29,0.19,1.05%,89512,,United States,,,
DLTH,Duluth Holdings Inc. Class B Common Stock,$3.90,-0.04,-1.015%,74210,148219504.00,United States,2015,Clothing/Shoe/Accessory Stores,Consumer Discretionary
DLTR,Dollar Tree Inc. Common Stock,$114.02,0.72,0.635%,2695413,21393606692.00,United States,1995,Department/Specialty Retail Stores,Consumer Discretionary
DLX,Deluxe Corporation Common Stock,$22.97,-0.53,-2.255%,430545,1053318981.00,United States,,Publishing,Consumer Discretionary
DLXY,Delixy Holdings Limited Class A Ordinary Shares,$2.19,-0.11,-4.783%,109533,7161300.00,Singapore,2025,Oil Refining/Marketing,Energy
DLY,DoubleLine Yield Opportunities Fund Common Shares of Beneficial Interest,$13.37,0.17,1.288%,546929,641035065.00,United States,2020,Investment Managers,Finance
DMA,Destra Multi-Alternative Fund Common Stock,$7.54,0.00,0.00%,12941,0.00,,2022,Trusts Except Educational Religious and Charitable,Finance
DMAA,Drugs Made In America Acquisition Corp. Ordinary Shares,$10.88,0.00,0.00%,197,0.00,United States,2025,,
DMAAR,Drugs Made In America Acquisition Corp. Rights,$0.1249,0.00,0.00%,19,0.00,United States,2025,Blank Checks,Finance
DMAC,DiaMedica Therapeutics Inc. Common Stock,$8.27,0.07,0.854%,219119,445965514.00,United States,2018,Biotechnology: Pharmaceutical Preparations,Health Care
DMB,BNY Mellon Municipal Bond Infrastructure Fund Inc. Common Stock,$9.41,0.06,0.642%,151503,0.00,,2013,Trusts Except Educational Religious and Charitable,Finance
DMC,Del Monte Corporation Ordinary Shares,$29.96,-0.65,-2.123%,430745,1412500691.00,Cayman Islands,,Farming/Seeds/Milling,Consumer Staples
DMII,Drugs Made In America Acquisition II Corp. Ordinary Shares,$10.18,0.005,0.049%,1217,0.00,United States,2025,Blank Checks,Finance
DMIIR,Drugs Made In America Acquisition II Corp. Right,$0.0642,0.0001,0.156%,403,0.00,United States,2025,Blank Checks,Finance
DMIIU,Drugs Made In America Acquisition II Corp. Unit,$10.20,0.00,0.00%,1112,0.00,United States,2025,,
DMLP,Dorchester Minerals L.P. Common Units Representing Limited Partnership Interests,$28.04,-0.51,-1.786%,116724,1376523080.00,United States,,Oil & Gas Production,Energy
DMO,Western Asset Mortgage Opportunity Fund Inc. Common Stock,$9.52,-0.01,-0.105%,211741,0.00,United States,2010,Trusts Except Educational Religious and Charitable,Finance
DMRA,Damora Therapeutics Inc. Ordinary Shares,$21.28,0.62,3.001%,563028,1313731844.00,Denmark,2020,Biotechnology: Pharmaceutical Preparations,Health Care
DMRC,Digimarc Corporation Common Stock,$5.82,0.85,17.103%,412515,130806415.00,United States,,EDP Services,Technology
DNA,Ginkgo Bioworks Holdings Inc. Class A Common Stock,$12.83,0.87,7.274%,4652965,825485754.00,United States,2021,Biotechnology: Biological Products (No Diagnostic Substances),Health Care
DNLI,Denali Therapeutics Inc. Common Stock,$20.67,-0.14,-0.673%,2255677,3304045820.00,United States,2017,Biotechnology: Biological Products (No Diagnostic Substances),Health Care
DNMX,Dynamix Corporation III Class A Ordinary Shares,$10.08,0.00,0.00%,1163,0.00,United States,2025,Blank Checks,Finance
DNMXU,Dynamix Corporation III Unit,$10.1399,0.00,0.00%,34,0.00,United States,2025,Blank Checks,Finance
DNN,Denison Mines Corp Ordinary Shares (Canada),$2.59,0.00,0.00%,34326967,2344509769.00,Canada,,Other Metals and Minerals,Basic Materials
DNOW,DNOW Inc. Common Stock,$15.50,-0.21,-1.337%,2126405,2802181311.00,United States,2014,Oil and Gas Field Machinery,Consumer Discretionary
DNP,DNP Select Income Fund Inc. Common Stock,$9.57,-0.26,-2.645%,1053327,0.00,United States,1987,Investment Managers,Finance
DNTH,Dianthus Therapeutics Inc. Common Stock,$88.05,0.89,1.021%,1030820,4925021983.00,United States,2018,Biotechnology: Pharmaceutical Preparations,Health Care
DNUT,Krispy Kreme Inc. Common Stock,$2.87,-0.01,-0.347%,2419814,497945000.00,United States,2021,Food Chains,Consumer Staples
DOC,Healthpeak Properties Inc. Common Stock,$19.97,-0.16,-0.795%,4699927,13769859382.00,United States,,Real Estate Investment Trusts,Real Estate
DOCN,DigitalOcean Holdings Inc. Common Stock,$133.39,-1.62,-1.20%,1444361,15683936175.00,United States,2021,Computer Software: Programming Data Processing,Technology
DOCS,Doximity Inc. Class A Common Stock,$28.34,1.82,6.863%,4955628,5051491073.00,United States,2021,EDP Services,Technology
DOCU,DocuSign Inc. Common Stock,$67.15,0.17,0.254%,1908931,12550499652.00,United States,1989,Computer Software: Prepackaged Software,Technology
DOGZ,Dogness (International) Corporation Class A Common Stock,$0.88,-0.0005,-0.057%,9947,15506179.00,China,2017,Miscellaneous manufacturing industries,Consumer Discretionary
DOLE,Dole plc Ordinary Shares,$12.71,-0.25,-1.929%,829131,1200571437.00,Ireland,2021,Farming/Seeds/Milling,Consumer Staples
DOMH,Dominari Holdings Inc. Common Stock,$2.19,-0.21,-8.75%,144049,53093585.00,United States,,Investment Bankers/Brokers/Service,Finance
DOO,BRP Inc. Common Subordinate Voting Shares,$56.12,-1.24,-2.162%,182108,3992954948.00,Canada,,Industrial Specialties,Consumer Discretionary
DORM,Dorman Products Inc. Common Stock,$122.60,-1.29,-1.041%,251263,3638230767.00,United States,,Auto Parts:O.E.M.,Consumer Discretionary
DOUG,Douglas Elliman Inc. Common Stock,$1.52,0.00,0.00%,664766,138153519.00,United States,2021,Real Estate,Finance
DOV,Dover Corporation Common Stock,$187.05,-2.65,-1.397%,1673049,25191936086.00,United States,,Industrial Machinery/Components,Industrials
DOW,Dow Inc. Common Stock ,$27.54,-0.07,-0.254%,11747071,19893263181.00,United States,2019,Major Chemicals,Industrials
DOX,Amdocs Limited Ordinary Shares,$57.18,0.159,0.279%,1677893,6172554640.00,Guernsey,,EDP Services,Technology
DOYU,DouYu International Holdings Limited ADS,$4.59,0.03,0.658%,53590,138520963.00,China,2019,Computer Software: Programming Data Processing,Technology
DPC,DPC Holdings PLC Ordinary Shares,$42.26,0.80,1.93%,1779472,6313348856.00,,2026,Metal Fabrications,Telecommunications
DPG,Duff & Phelps Utility and Infrastructure Fund Inc.,$12.82,-0.09,-0.697%,149650,0.00,United States,2011,Trusts Except Educational Religious and Charitable,Finance
DPRO,Draganfly Inc. Common Shares,$6.08,-0.12,-1.935%,1768796,236324487.00,Canada,,Aerospace,Industrials
DPU,Top KingWin Ltd Class A Ordinary Shares,$1.52,0.04,2.703%,5770,5254274.00,China,2023,Business Services,Consumer Discretionary
DPZ,Domino's Pizza Inc Common Stock,$299.61,-2.20,-0.729%,774033,9911618623.00,United States,2004,Food Distributors,Consumer Discretionary
DQ,DAQO New Energy Corp. American Depositary Shares each representing five ordinary shares,$11.43,0.09,0.794%,898039,773423946.00,China,2010,Semiconductors,Technology
DRCT,Direct Digital Holdings Inc. Class A Common Stock,$1.52,-0.01,-0.654%,14944,1220145.00,United States,2022,Advertising,Consumer Discretionary
DRD,DRDGOLD Limited American Depositary Shares,$24.25,-0.24,-0.98%,264153,2096627622.00,South Africa,,Precious Metals,Basic Materials
DRDB,Roman DBDR Acquisition Corp. II Ordinary shares,$10.73,0.03,0.28%,1294,0.00,United States,2025,,
DRDBU,Roman DBDR Acquisition Corp. II Unit,$10.72,0.00,0.00%,2,0.00,United States,2024,,
DRDBW,Roman DBDR Acquisition Corp. II Warrants,$0.124,0.0045,3.766%,21064,0.00,United States,2025,,
DRH,Diamondrock Hospitality Company Common Stock,$12.36,0.00,0.00%,5111757,2528926217.00,United States,2005,Real Estate Investment Trusts,Real Estate
DRI,Darden Restaurants Inc. Common Stock,$193.25,-1.86,-0.953%,1507513,22045567509.00,United States,,Restaurants,Consumer Discretionary
DRIO,DarioHealth Corp. Common Stock,$6.62,0.00,0.00%,9252,64872564.00,Israel,,Medical/Dental Instruments,Health Care
DRK,DarkHorse Technologies Inc. Common Shares,$2.80,-0.09,-3.114%,214685,29040136.00,Canada,,Finance: Consumer Services,Finance
DRMA,Dermata Therapeutics Inc. Common Stock,$1.10,-0.03,-2.655%,15149,4424357.00,United States,2021,Biotechnology: Pharmaceutical Preparations,Health Care
DRS,Leonardo DRS Inc. Common Stock,$36.63,-0.10,-0.272%,788473,9776236194.00,Israel,,Industrial Machinery/Components,Industrials
DRTS,Alpha Tau Medical Ltd. Ordinary Shares,$14.91,-0.28,-1.843%,369297,1378849276.00,Israel,,Medical/Dental Instruments,Health Care
DRTSW,Alpha Tau Medical Ltd. Warrant,$4.095,-0.085,-2.033%,14006,378698041.00,Israel,,Medical/Dental Instruments,Health Care
DRUG,Bright Minds Biosciences Inc. Common Stock,$49.82,0.08,0.161%,79847,491427519.00,Canada,,Biotechnology: Pharmaceutical Preparations,Health Care
DRVN,Driven Brands Holdings Inc. Common Stock,$11.81,0.01,0.085%,929599,1948411627.00,United States,2021,Automotive Aftermarket,Consumer Discretionary
DSAC,Daedalus Special Acquisition Corp. Class A Ordinary Shares,$10.14,0.00,0.00%,59,0.00,Cayman Islands,2026,Blank Checks,Finance
DSC,DSC Holdings Ltd. American Depositary Shares,$6.46,1.17,22.117%,116491,323468298.00,China,2026,Computer Software: Programming Data Processing,Technology
DSGN,Design Therapeutics Inc. Common Stock,$12.57,-0.05,-0.396%,589525,786651353.00,United States,2021,Biotechnology: Pharmaceutical Preparations,Health Care
DSGR,Distribution Solutions Group Inc. Common Stock,$34.90,-0.05,-0.143%,134421,1614314228.00,United States,,Industrial Specialties,Consumer Discretionary
DSGX,Descartes Systems Group Inc. (The) Common Stock,$80.86,1.395,1.755%,402350,6917455996.00,Canada,,Computer Software: Prepackaged Software,Technology
DSL,DoubleLine Income Solutions Fund Common Shares of Beneficial Interests,$10.00,-0.02,-0.20%,1273523,1019968280.00,United States,2013,Trusts Except Educational Religious and Charitable,Finance
DSM,BNY Mellon Strategic Municipal Bond Fund Inc. Common Stock,$5.21,0.10,1.957%,463085,0.00,United States,1989,Investment Managers,Finance
DSP,Viant Technology Inc. Class A Common Stock,$12.31,0.14,1.15%,548680,818600437.00,United States,2021,Computer Software: Programming Data Processing,Technology
DSS,DSS Inc. Common Stock,$0.64,-0.042,-6.158%,38145,6427212.00,United States,,Containers/Packaging,Consumer Discretionary
DSU,Blackrock Debt Strategies Fund Inc. Common Stock,$9.00,0.00,0.00%,771402,0.00,United States,1998,Finance Companies,Finance
DSWL,Deswell Industries Inc. Common Shares,$3.10,0.045,1.473%,8484,49244241.00,Macau,1995,Plastic Products,Industrials
DSX,Diana Shipping inc. common stock,$2.75,0.00,0.00%,854068,342137678.00,Greece,2005,Marine Transportation,Consumer Discretionary
DSX^B,Diana Shipping Inc. Perpetual Preferred Shares Series B (Marshall Islands),$27.13,0.00,0.00%,135,,Greece,,,
DSY,Big Tree Cloud Holdings Limited Class A Ordinary Shares,$3.66,0.07,1.95%,4657,17391852.00,China,,Containers/Packaging,Consumer Discretionary
DSYWW,Big Tree Cloud Holdings Limited Warrants,$0.0167,0.0026,18.44%,601,79356.00,China,,Containers/Packaging,Consumer Discretionary
DT,Dynatrace Inc. Common Stock,$57.74,0.21,0.365%,5785168,16686982871.00,United States,2019,Computer Software: Prepackaged Software,Technology
DTB,DTE Energy Company 2020 Series G 4.375% Junior Subordinated Debentures due 2080,$14.50,-0.49,-3.269%,221731,3017277001.00,United States,2020,Electric Utilities: Central,Utilities
DTCX,Datacentrex Inc. Common Stock,$1.80,0.025,1.408%,71862,72258527.00,United States,,EDP Services,Technology
DTE,DTE Energy Company Common Stock,$121.80,-0.59,-0.482%,2248437,25345126804.00,United States,,Electric Utilities: Central,Utilities
DTF,DTF Tax-Free Income 2028 Term Fund Inc. Common Stock,$11.26,0.05,0.446%,12538,79152924.00,United States,1991,Investment Managers,Finance
DTG,DTE Energy Company 2021 Series E 4.375% Junior Subordinated Debentures,$15.24,0.17,1.128%,48965,3171262172.00,United States,2021,Electric Utilities: Central,Utilities
DTI,Drilling Tools International Corporation Common Stock,$2.315,0.015,0.652%,38223,81678349.00,United States,2021,Oil and Gas Field Machinery,Consumer Discretionary
DTIL,Precision BioSciences Inc. Common Stock,$6.26,0.08,1.294%,249260,172785728.00,United States,2019,Biotechnology: Biological Products (No Diagnostic Substances),Health Care
DTK,DTE Energy Company 2025 Series H 6.25% Junior Subordinated Debentures due 2085,$20.62,-0.10,-0.483%,170295,0.00,United States,2025,Electric Utilities: Central,Utilities
DTM,DT Midstream Inc. Common Stock ,$119.47,-2.16,-1.776%,747429,12187767413.00,United States,2021,Natural Gas Distribution,Utilities
DTSQ,DT Cloud Star Acquisition Corporation Ordinary Shares,$11.58,0.06,0.521%,516,0.00,United States,2024,,
DTSQR,DT Cloud Star Acquisition Corporation Right,$0.15,0.00,0.00%,77,0.00,United States,2024,Blank Checks,Finance
DTSS,Datasea Intelligent Technology Ltd. Class A Ordinary Shares,$0.8113,-0.0392,-4.609%,70415,11702906.00,China,,Computer Software: Prepackaged Software,Technology
DTST,Data Storage Corporation Common Stock,$3.44,0.16,4.878%,41513,8041819.00,United States,,EDP Services,Technology
DTW,DTE Energy Company 2017 Series E 5.25% Junior Subordinated Debentures due 2077,$17.90,-0.32,-1.756%,105877,3724776435.00,United States,2017,Electric Utilities: Central,Utilities
DUK,Duke Energy Corporation (Holding Company) Common Stock,$114.01,-0.20,-0.175%,4446550,88893847024.00,United States,,Power Generation,Utilities
DUK^A,Duke Energy Corporation Depositary Shares each representing a 1/1000th interest in a share of 5.75% Series A Cumulative Redeemable Perpetual Preferred Stock,$21.39,-0.42,-1.926%,366732,,United States,,,
DUKB,Duke Energy Corporation 5.625% Junior Subordinated Debentures due 2078,$19.97,-0.11,-0.548%,137630,15570652794.00,United States,2018,Power Generation,Utilities
DUKR,DUKE Robotics Corp. Common Stock,$5.20,-0.23,-4.236%,12818,17815086.00,Israel,,Aerospace,Industrials
DUKRW,DUKE Robotics Corp. Warrant,$1.49,0.15,11.194%,8959,5104707.00,Israel,,Aerospace,Industrials
DUKU,Duke Energy Corporation Corporate Units,$48.10,-0.10,-0.207%,429363,0.00,United States,2026,Power Generation,Utilities
DUO,Fangdd Network Group Ltd. Class A Ordinary Shares,$0.6215,-0.0155,-2.433%,111752,23957839.00,China,2019,Real Estate,Finance
DUOL,Duolingo Inc. Class A Common Stock,$142.40,-0.22,-0.154%,905631,6662364706.00,United States,2021,Computer Software: Prepackaged Software,Technology
DUOT,Duos Technologies Group Inc. Common Stock,$8.84,-0.13,-1.449%,395911,278216891.00,United States,,Computer Software: Prepackaged Software,Technology
DV,DoubleVerify Holdings Inc. Common Stock,$13.49,0.09,0.672%,2342950,2090772566.00,United States,2021,Computer Software: Programming Data Processing,Technology
DVA,DaVita Inc. Common Stock,$174.92,-0.27,-0.154%,533271,11159896000.00,United States,,Misc Health and Biotechnology Services,Health Care
DVLT,Datavault AI Inc. Common Stock,$0.1558,0.0025,1.631%,19838030,147967717.00,United States,2018,Business Services,Consumer Discretionary
DVN,Devon Energy Corporation Common Stock,$46.04,-0.56,-1.202%,9676754,50644000000.00,United States,1985,Oil & Gas Production,Energy
DWSN,Dawson Geophysical Company Common Stock,$2.79,-0.09,-3.125%,54323,86645174.00,United States,,Oil & Gas Production,Energy
DWTX,Dogwood Therapeutics Inc. Common Stock,$1.35,0.00,0.00%,34383,45889947.00,United States,2020,Biotechnology: Pharmaceutical Preparations,Health Care
DX,Dynex Capital Inc. Common Stock,$11.14,-0.25,-2.195%,6560286,2764579455.00,United States,,Real Estate Investment Trusts,Real Estate
DX^C,Dynex Capital Inc. 6.900% Series C Fixed-to-Floating Rate Cumulative Redeemable Preferred Stock,$26.19,0.16,0.615%,45878,,United States,,,
DXC,DXC Technology Company Common Stock ,$10.83,0.50,4.84%,3662160,1730403202.00,United States,,EDP Services,Technology
DXCM,DexCom Inc. Common Stock,$86.29,-0.35,-0.404%,3474857,32562460412.00,United States,2005,Medical/Dental Instruments,Health Care
DXF,Eason Technology Limited American Depositary Shares (each representing sixty-thousand (60000) Ordinary Shares),$0.5018,0.0091,1.847%,66743,1623803.00,,,Finance: Consumer Services,Finance
DXLG,Destination XL Group Inc. Common Stock,$0.442,-0.015,-3.282%,162468,24510469.00,United States,,Clothing/Shoe/Accessory Stores,Consumer Discretionary
DXPE,DXP Enterprises Inc. Common Stock,$181.21,-1.35,-0.739%,253058,2811862389.00,United States,,Industrial Machinery/Components,Industrials
DXR,Daxor Corporation Common Stock,$11.25,-0.45,-3.846%,29973,65680020.00,United States,,Medical/Dental Instruments,Health Care
DXST,Decent Holding Inc Class A Ordinary Shares,$2.50,-0.54,-17.763%,1154846,4537820.00,China,2025,Miscellaneous,Industrials
DXYZ,Destiny Tech100 Inc. Common Stock,$30.85,0.21,0.685%,534862,0.00,,2024,,
DY,Dycom Industries Inc. Common Stock,$269.08,0.04,0.015%,731193,8115710310.00,United States,,Water Sewer Pipeline Comm & Power Line Construction,Industrials
DYAI,Dyadic International Inc. Common Stock,$0.4446,-0.0214,-4.592%,86815,17812322.00,United States,,Biotechnology: Biological Products (No Diagnostic Substances),Health Care
DYN,Dyne Therapeutics Inc. Common Stock,$16.11,-0.10,-0.617%,4456541,3008485003.00,United States,2020,Biotechnology: Pharmaceutical Preparations,Health Care
DYNC,Dynamix Corporation Class A Ordinary Shares,$10.90,0.0139,0.128%,1014,0.00,United States,2024,,
DYOR,Insight Digital Partners II Class A Ordinary Shares,$10.15,0.01,0.099%,9845,0.00,United States,2025,Blank Checks,Finance
E,ENI S.p.A. Common Stock,$54.30,-0.35,-0.64%,279340,85434672845.00,Italy,,Oil & Gas Production,Energy
EAD,Allspring Income Opportunities Fund Common Shares,$6.01,-0.01,-0.166%,299697,0.00,United States,2003,Finance/Investors Services,Finance
EAF,GrafTech International Ltd. Common Stock,$8.27,-0.28,-3.275%,469418,215782196.00,United States,2018,Industrial Machinery/Components,Energy
EAI,Entergy Arkansas LLC First Mortgage Bonds 4.875% Series Due September 1 2066,$18.56,-0.19,-1.013%,110299,8660680603.00,United States,2016,Electric Utilities: Central,Utilities
EARN,Ellington Credit Company Common Shares of Beneficial Interest,$4.04,-0.24,-5.607%,469149,151739148.00,United States,2013,Real Estate Investment Trusts,Real Estate
EAT,Brinker International Inc. Common Stock,$193.53,-5.58,-2.802%,1480885,8105280248.00,United States,,Restaurants,Consumer Discretionary
EBAY,eBay Inc. Common Stock,$106.05,0.84,0.798%,3484125,47192250000.00,United States,1998,Business Services,Consumer Discretionary
EBC,Eastern Bankshares Inc. Common Stock,$20.93,-0.05,-0.238%,2117874,4782746783.00,United States,2020,Savings Institutions,Finance
EBF,Ennis Inc. Common Stock,$22.51,0.05,0.223%,236465,569464103.00,United States,,Office Equipment/Supplies/Services,Consumer Discretionary
EBMT,Eagle Bancorp Montana Inc. Common Stock,$21.06,-0.16,-0.754%,27901,167751977.00,United States,2010,Major Banks,Finance
EBON,Ebang International Holdings Inc. Class A Ordinary Shares,$1.9801,-0.0849,-4.111%,892,12957652.00,China,2020,Investment Bankers/Brokers/Service,Finance
EBS,Emergent BioSolutions Inc. Common Stock,$6.60,-0.32,-4.624%,760592,338404018.00,United States,2006,Biotechnology: Pharmaceutical Preparations,Health Care
EC,Ecopetrol S.A. American Depositary Shares,$16.48,-0.04,-0.242%,1060945,33880156433.00,Colombia,,Oil & Gas Production,Energy
ECAT,BlackRock ESG Capital Allocation Term Trust Common Shares of Beneficial Interest,$13.86,-0.11,-0.787%,1033684,1498751100.00,United States,2021,Finance/Investors Services,Finance
ECBK,ECB Bancorp Inc. Common Stock,$20.29,-0.21,-1.024%,8860,177287974.00,United States,2022,Banks,Finance
ECC           ,Eagle Point Credit Company Common Share of Beneficial Interest,$3.46,-0.09,-2.535%,921713,209892333.00,United States,2014,Trusts Except Educational Religious and Charitable,Finance
ECC^D,Eagle Point Credit Company 6.75% Series D Preferred Stock,$18.33,0.53,2.978%,36205,,United States,,,
ECCC,Eagle Point Credit Company 6.50% Series C Term Preferred Stock due 2031,$24.975,0.00,0.00%,76,1515046537.00,United States,,Trusts Except Educational Religious and Charitable,Finance
ECCU,Eagle Point Credit Company 7.75% Notes due 2030,$24.955,-0.06,-0.24%,10546,0.00,United States,2024,,
ECCV,Eagle Point Credit Company 5.375% Notes due 2029,$23.915,-0.005,-0.021%,3779,1450744261.00,United States,2022,Trusts Except Educational Religious and Charitable,Finance
ECF,Ellsworth Growth and Income Fund Ltd.,$11.72,-0.11,-0.93%,55618,0.00,United States,1986,Finance/Investors Services,Finance
ECF^A,Ellsworth Growth and Income Fund Ltd. 5.25% Series A Cumulative Preferred Shares (Liquidation Preference $25.00 per share),$18.76,-0.355,-1.857%,1222,,United States,,,
ECG,Everus Construction Group Inc. Common Stock,$117.52,-0.28,-0.238%,359969,6001022007.00,United States,2024,Homebuilding,Consumer Discretionary
ECHO,EchoStar  Corporation Common Stock,$89.41,-0.48,-0.534%,3018287,26001844612.00,United States,,Telecommunications Equipment,Consumer Discretionary
ECL,Ecolab Inc. Common Stock,$274.58,-3.29,-1.184%,1509299,76972627812.00,United States,,Package Goods/Cosmetics,Consumer Discretionary
ECO,Okeanis Eco Tankers Corp. Common Stock,$80.88,0.63,0.785%,448781,3157931696.00,,,Marine Transportation,Consumer Discretionary
ECOR,electroCore Inc. Common Stock,$10.82,-0.06,-0.551%,49203,97551876.00,United States,2018,Biotechnology: Electromedical & Electrotherapeutic Apparatus,Health Care
ECPG,Encore Capital Group Inc Common Stock,$94.44,-0.81,-0.85%,183586,2003012525.00,United States,,Finance Companies,Finance
ECVT,Ecovyst Inc. Common Stock,$9.83,0.03,0.306%,1079147,1076074352.00,United States,2017,Major Chemicals,Industrials
ECX,ECARX Holdings Inc. Class A Ordinary shares,$1.05,-0.015,-1.408%,525599,400112983.00,China,,EDP Services,Technology
ECXWW,ECARX Holdings Inc. Warrants,$0.0218,0.00,0.00%,98,8307108.00,China,,EDP Services,Technology
ED,Consolidated Edison Inc. Common Stock,$102.21,-1.12,-1.084%,4247186,37800184579.00,United States,,Power Generation,Utilities
EDBL,Edible Garden AG Incorporated Common Stock,$1.19,-0.03,-2.459%,99194,2322296.00,United States,2022,Farming/Seeds/Milling,Consumer Staples
EDBLW,Edible Garden AG Incorporated Warrant,$0.0316,0.0021,7.119%,4663,61668.00,United States,2022,Farming/Seeds/Milling,Consumer Staples
EDD,Morgan Stanley Emerging Markets Domestic Debt Fund Inc. Common Stock,$5.26,-0.25,-4.537%,692869,0.00,United States,2007,Finance Companies,Finance
EDF,Virtus Stone Harbor Emerging Markets Income Fund Common Shares of Beneficial Interest,$4.98,-0.04,-0.797%,61019,0.00,United States,2010,Investment Managers,Finance
EDHL,Everbright Digital Holding Limited Ordinary Shares,$5.00,-0.20,-3.846%,1277035,29796375.00,Hong Kong,2025,Advertising,Consumer Discretionary
EDIT,Editas Medicine Inc. Common Stock,$2.57,-0.02,-0.772%,1625894,394700690.00,United States,2016,Biotechnology: Biological Products (No Diagnostic Substances),Health Care
EDN,Empresa Distribuidora Y Comercializadora Norte S.A. (Edenor) American Depositary Shares,$20.87,0.13,0.627%,98184,944219782.00,Argentina,2007,Electric Utilities: Central,Utilities
EDRY,EuroDry Ltd. Common Shares ,$51.53,-1.31,-2.479%,122443,147715434.00,Greece,,Marine Transportation,Consumer Discretionary
EDSA,Edesa Biotech Inc. Common Shares,$4.21,0.65,18.258%,84935,56850674.00,United States,,Biotechnology: Pharmaceutical Preparations,Health Care
EDTK,Skillful Craftsman Education Technology Limited Ordinary Share,$1.03,-0.02,-1.905%,7891,16685435.00,China,2020,Other Consumer Services,Real Estate
EDU,New Oriental Education & Technology Group Inc. Sponsored ADR representing 10 Ordinary Share (Cayman Islands),$55.49,1.01,1.854%,1091493,8602591394.00,China,2006,Other Consumer Services,Real Estate
EDUC,Educational Development Corporation Common Stock,$1.30,-0.005,-0.383%,15340,11082453.00,United States,,Consumer Specialties,Consumer Discretionary
EDVA,Endovia Health Sciences Inc. Common Stock,$0.1757,-0.0008,-0.453%,455172,1126680.00,,2021,Beverages (Production/Distribution),Consumer Staples
EE,Excelerate Energy Inc. Class A Common Stock,$32.13,-0.06,-0.186%,308267,3643609634.00,United States,2022,Oil/Gas Transmission,Utilities
EEA,The European Equity Fund Inc. Common Stock,$10.43,-0.05,-0.477%,25774,0.00,United States,,Trusts Except Educational Religious and Charitable,Finance
EEFT,Euronet Worldwide Inc. Common Stock,$62.87,-0.89,-1.396%,588794,2351564018.00,United States,1997,Investment Bankers/Brokers/Service,Finance
EEIQ,EpicQuest Education Group International Limited Common Stock,$5.11,-0.49,-8.75%,28794,8414244.00,United States,2021,Other Consumer Services,Real Estate
EFC,Ellington Financial Inc. Common Stock ,$11.83,-0.35,-2.874%,2617053,1524737776.00,United States,2010,Real Estate,Finance
EFC^B,Ellington Financial Inc. 6.250% Series B Fixed-Rate Reset Cumulative Redeemable Preferred Stock,$25.09,-0.11,-0.437%,22116,,United States,,,
EFC^C,Ellington Financial Inc. 8.625% Series C Fixed-Rate Reset Cumulative Redeemable Preferred Stock,$25.27,-0.33,-1.289%,13159,,United States,,,
EFC^D,Ellington Financial Inc. 7.00% Series D Cumulative Perpetual Redeemable Preferred Stock,$23.31,-0.11,-0.47%,425,,United States,,,
EFOI,Energy Focus Inc. Common Stock,$2.70,-0.01,-0.369%,12669,17196899.00,United States,,Building Products,Consumer Discretionary
EFOR,Everforth Inc. Common Stock,$32.90,0.00,0.00%,561659,1348900000.00,United States,,Professional Services,Consumer Discretionary
EFR,Eaton Vance Senior Floating-Rate Fund Common Shares of Beneficial Interest,$10.40,0.02,0.193%,144783,0.00,United States,2003,Trusts Except Educational Religious and Charitable,Finance
EFSC,Enterprise Financial Services Corporation Common Stock,$58.95,-0.37,-0.624%,259918,2133549054.00,United States,,Major Banks,Finance
EFSCP,Enterprise Financial Services Corporation Depositary Shares Each Representing a 1/40th Interest in a Share of 5% Fixed Rate Non-Cumulative Perpetual Preferred Stock Series A,$16.74,0.1701,1.027%,3377,605862785.00,United States,,Major Banks,Finance
EFSI,Eagle Financial Services Inc Common Stock,$45.30,-0.30,-0.658%,34166,245146160.00,United States,,Major Banks,Finance
EFT,Eaton Vance Floating Rate Income Trust Common Shares of Beneficial Interest,$10.68,0.24,2.299%,880659,310685632.00,United States,2004,Finance Companies,Finance
EFX,Equifax Inc. Common Stock,$137.24,-3.59,-2.549%,1997601,16123627127.00,United States,,Finance: Consumer Services,Finance
EFXT,Enerflex Ltd Common Shares,$22.79,0.11,0.485%,539390,2782724704.00,Canada,2022,Industrial Machinery/Components,Industrials
EG,Everest Group Ltd. Common Stock,$365.17,-3.64,-0.987%,443160,14001616175.00,Bermuda,,Property-Casualty Insurers,Finance
EGAN,eGain Corporation Common Stock,$5.815,0.185,3.286%,177745,152187081.00,United States,1999,Computer Software: Prepackaged Software,Technology
EGBN,Eagle Bancorp Inc. Common Stock,$27.79,-0.17,-0.608%,340534,847149610.00,United States,,Major Banks,Finance
EGG,Enigmatig Limited Class A Ordinary Shares,$5.07,0.07,1.40%,102458,141175164.00,,2025,Professional Services,Consumer Discretionary
EGHA,EGH Acquisition Corp. Class A Ordinary Shares,$10.42,0.00,0.00%,19,0.00,United States,2025,Finance/Investors Services,Finance
EGHAR,EGH Acquisition Corp. Rights,$0.2633,0.00,0.00%,2100,0.00,United States,2025,Finance/Investors Services,Finance
EGHT,8x8 Inc Common Stock,$2.25,0.08,3.687%,1877992,324979877.00,United States,,EDP Services,Technology
EGO,Eldorado Gold Corporation Ordinary Shares,$38.49,-0.41,-1.054%,3938896,10058201527.00,Canada,,Precious Metals,Basic Materials
EGP,EastGroup Properties Inc. Common Stock,$197.45,-5.20,-2.566%,586346,10617541442.00,United States,,Real Estate Investment Trusts,Real Estate
EGY,VAALCO Energy Inc.  Common Stock,$5.66,0.02,0.355%,915250,595385463.00,United States,,Oil & Gas Production,Energy
EH,EHang Holdings Limited ADS,$4.22,-0.13,-2.989%,1033513,320067428.00,China,2019,Aerospace,Industrials
EHC,Encompass Health Corporation Common Stock,$121.49,-2.07,-1.675%,897504,11985399622.00,United States,,Hospital/Nursing Management,Health Care
EHGO,Eshallgo Inc. Class A Ordinary Shares,$0.6984,0.0085,1.232%,112876,4122360.00,China,2024,Diversified Commercial Services,Consumer Discretionary
EHI,Western Asset Global High Income Fund Inc Common Stock,$5.45,0.04,0.739%,337655,0.00,United States,2003,Investment Managers,Finance
EHLD,Euroholdings Ltd. Common Stock ,$11.7173,0.5473,4.90%,2749,33003123.00,Greece,,Marine Transportation,Consumer Discretionary
EHTH,eHealth Inc. Common Stock,$0.71,-0.0089,-1.238%,554562,22743184.00,United States,2006,Specialty Insurers,Finance
EIC,Eagle Point Income Company Common Shares of Beneficial Interest,$9.24,-0.02,-0.216%,139559,82310918.00,United States,2019,Finance/Investors Services,Finance
EICA,Eagle Point Income Company 5.00% Series A Term Preferred Shares due 2026,$24.9799,0.0089,0.036%,2615,222523647.00,United States,2021,Finance/Investors Services,Finance
EIG,Employers Holdings Inc Common Stock,$47.74,-0.19,-0.396%,234012,857434556.00,United States,2007,Property-Casualty Insurers,Finance
EIIA,Eagle Point Institutional Income Fund 8.125% Series A Term Preferred Shares Due 2029,$25.15,0.00,0.00%,4456,0.00,,2024,,
EIKN,Eikon Therapeutics Inc. Common Stock,$8.04,0.13,1.643%,585758,435486841.00,United States,2026,Biotechnology: Biological Products (No Diagnostic Substances),Health Care
EIM,Eaton Vance Municipal Bond Fund Common Shares of Beneficial Interest $.01 par value,$9.07,0.18,2.025%,341200,0.00,United States,2002,Finance/Investors Services,Finance
EIX,Edison International Common Stock,$53.73,0.17,0.317%,7137901,20676055092.00,United States,,Electric Utilities: Central,Utilities
EJH,E-Home Household Service Holdings Limited Ordinary Shares,$1.42,-0.12,-7.792%,50042,4544219.00,China,2021,Other Consumer Services,Consumer Discretionary
EL,Estee Lauder Companies Inc. (The) Common Stock,$92.77,-1.60,-1.695%,3478365,33564053061.00,United States,1995,Package Goods/Cosmetics,Consumer Discretionary
ELA,Envela Corporation Common Stock,$12.08,-0.38,-3.05%,170410,313638790.00,United States,,Consumer Specialties,Consumer Discretionary
ELAB,PMGC Holdings Inc. Common Stock,$3.54,-0.13,-3.542%,41996,2865910.00,United States,2023,Biotechnology: Pharmaceutical Preparations,Health Care
ELAN,Elanco Animal Health Incorporated Common Stock,$22.39,-0.22,-0.973%,5364924,11186532774.00,United States,2018,Biotechnology: Pharmaceutical Preparations,Health Care
ELBM,Electra Battery Materials Corporation Common Stock,$0.4959,-0.0122,-2.401%,487644,52962188.00,Canada,,Industrial Machinery/Components,Miscellaneous
ELC,Entergy Louisiana Inc. Collateral Trust Mortgage Bonds 4.875 % Series due September 1 2066,$18.69,-0.06,-0.32%,62136,3985409847.00,United States,2016,Electric Utilities: Central,Utilities
ELDN,Eledon Pharmaceuticals Inc. Common Stock,$2.53,0.03,1.20%,717498,205590715.00,United States,2014,Biotechnology: Pharmaceutical Preparations,Health Care
ELE,Elemental Royalty Corporation Common Stock,$19.10,-0.63,-3.193%,434042,1537913397.00,Canada,,Precious Metals,Basic Materials
ELF,e.l.f. Beauty Inc. Common Stock,$100.97,-0.73,-0.718%,1380012,5958037356.00,United States,2016,Package Goods/Cosmetics,Consumer Discretionary
ELLA,Ellington Credit Company 8.50% Notes due 2031,$25.09,0.00,0.00%,4042,0.00,United States,2026,Real Estate Investment Trusts,Real Estate
ELLO,Ellomay Capital Ltd Ordinary Shares (Israel),$22.4052,0.5052,2.307%,4298,308816025.00,Israel,,Electric Utilities: Central,Utilities
ELMD,Electromed Inc. Common Stock,$28.23,-0.10,-0.353%,145086,233944410.00,United States,2011,Biotechnology: Electromedical & Electrotherapeutic Apparatus,Health Care
ELME,Elme Communities Common Stock,$1.74,0.02,1.163%,5114797,154612716.00,United States,2000,Real Estate Investment Trusts,Real Estate
ELMT,The Elmet Group Co. Common Stock,$19.96,0.81,4.23%,1022842,607971580.00,United States,2026,Metal Fabrications,Industrials
ELOG,Eastern International Ltd. Ordinary Shares,$0.5092,0.0042,0.832%,28464,6534054.00,China,2025,Integrated Freight & Logistics,Industrials
ELOX,Eloxx Pharmaceuticals Inc. Common Stock,$15.31,-0.11,-0.713%,14343,61798187.00,United States,,Biotechnology: Biological Products (No Diagnostic Substances),Health Care
ELPC,Companhia Paranaense de Energia (COPEL) American Depositary Shares (each representing four (4) Common Shares),$12.42,0.24,1.97%,589547,9261626888.00,Brazil,2023,Electric Utilities: Central,Utilities
ELPW,Elong Power Holding Limited Class A Ordinary Shares,$3.03,-0.02,-0.656%,38240,2824230.00,China,,Industrial Machinery/Components,Miscellaneous
ELS,Equity Lifestyle Properties Inc. Common Stock,$58.33,-0.38,-0.647%,1538085,11319789226.00,United States,,Real Estate Investment Trusts,Real Estate
ELTK,Eltek Ltd. Ordinary Shares,$7.87,-0.28,-3.436%,965,52885038.00,Israel,1997,Electrical Products,Technology
ELTX,Elicio Therapeutics Inc. Common Stock,$1.82,-0.02,-1.087%,274040,47833025.00,United States,2021,Biotechnology: Pharmaceutical Preparations,Health Care
ELUT,Elutia Inc. Class A Common Stock,$0.79,0.001,0.127%,21887,34988492.00,United States,2020,Biotechnology: Biological Products (No Diagnostic Substances),Health Care
ELV,Elevance Health Inc. Common Stock,$388.82,-3.91,-0.996%,1304360,84323117338.00,United States,,Medical Specialities,Health Care
ELVA,Electrovaya Inc. Common Shares,$6.52,0.17,2.677%,289433,325992808.00,Canada,,Industrial Machinery/Components,Miscellaneous
ELVN,Enliven Therapeutics Inc. Common Stock,$45.84,-0.67,-1.441%,800189,3358731684.00,United States,2020,Biotechnology: Pharmaceutical Preparations,Health Care
ELVR,Elevra Lithium Limited American Depository Shares,$39.02,-1.91,-4.667%,50165,660908157.00,Australia,,Mining & Quarrying of Nonmetallic Minerals (No Fuels),Industrials
ELWT,Elauwit Connection Inc. Common Stock,$6.49,-0.42,-6.078%,1801,42962476.00,United States,2025,Telecommunications Equipment,Consumer Discretionary
EMA,Emera Incorporated Common Shares,$47.83,-0.10,-0.209%,286687,14693376000.00,Canada,2025,Electric Utilities: Central,Utilities
EMAT,Evolution Metals & Technologies Corp. Common Stock,$2.55,-0.36,-12.371%,2099164,1599361647.00,United States,,Industrial Machinery/Components,Miscellaneous
EMBC,Embecta Corp. Common Stock,$5.66,-0.10,-1.736%,1417544,320693330.00,United States,,Medical/Dental Instruments,Health Care
EMBJ,Embraer S.A. Common Stock,$75.32,-1.55,-2.016%,1174650,13609686416.00,Brazil,,Aerospace,Industrials
EMD,Western Asset Emerging Markets Debt Fund Inc Common Stock,$9.36,-0.16,-1.681%,332294,0.00,United States,,Finance/Investors Services,Finance
EME,EMCOR Group Inc. Common Stock,$754.49,-7.54,-0.989%,405945,33280479205.00,United States,,Engineering & Construction,Industrials
EMF,Templeton Emerging Markets Fund Common Stock,$22.255,-0.145,-0.647%,39938,0.00,United States,1987,Finance/Investors Services,Finance
EMIS,Emmis Acquisition Corp. Class A Ordinary Shares,$10.27,0.00,0.00%,6,0.00,United States,2025,Biotechnology: Pharmaceutical Preparations,Health Care
EMISR,Emmis Acquisition Corp. Rights,$0.078,-0.0039,-4.762%,10100,0.00,United States,2025,,
EML,Eastern Company (The) Common Stock,$23.86,0.21,0.888%,5452,143578934.00,United States,,Industrial Machinery/Components,Consumer Discretionary
EMN,Eastman Chemical Company Common Stock,$64.84,-0.91,-1.384%,1392128,7416231978.00,United States,,Major Chemicals,Industrials
EMO,ClearBridge Energy Midstream Opportunity Fund Inc. Common Stock,$50.12,-0.71,-1.397%,60796,0.00,United States,2011,Investment Managers,Finance
EMP,Entergy Mississippi LLC First Mortgage Bonds 4.90% Series Due October 1 2066,$18.58,-0.43,-2.262%,82128,8670013233.00,United States,2016,Electric Utilities: Central,Utilities
EMPD,Empery Digital Inc. Common stock,$3.01,-0.145,-4.596%,146504,84611434.00,United States,2021,Auto Manufacturing,Industrials
EMR,Emerson Electric Company Common Stock,$155.10,-2.14,-1.361%,4646194,86514780000.00,United States,,Consumer Electronics/Appliances,Technology
ENB,Enbridge Inc Common Stock,$46.49,-0.16,-0.343%,2798632,101539210627.00,Canada,,Natural Gas Distribution,Energy
ENGN,enGene Therapeutics Inc. Common Stock,$2.00,0.05,2.564%,1283141,134032632.00,Canada,,Biotechnology: Biological Products (No Diagnostic Substances),Health Care
ENGNW,enGene Therapeutics Inc. Warrants,$0.2001,-0.0008,-0.398%,3457,13409965.00,Canada,,Biotechnology: Biological Products (No Diagnostic Substances),Health Care
ENGS,Energys Group Limited Ordinary Shares,$3.04,0.05,1.672%,2071527,164696669.00,United Kingdom,2025,Engineering & Construction,Industrials
ENHA,Enhanced Group Inc. Class A Common Stock,$1.40,-0.08,-5.405%,661160,553916020.00,Singapore,,Services-Misc. Amusement & Recreation,Consumer Discretionary
ENIC,Enel Chile S.A. American Depositary Shares (Each representing 50 shares of Common Stock),$4.23,-0.01,-0.236%,382167,5851490739.00,Chile,2016,Electric Utilities: Central,Utilities
ENJ,Entergy New Orleans LLC First Mortgage Bonds 5.0% Series due December 1 2052,$18.815,-0.02,-0.106%,747,8779671635.00,United States,,Power Generation,Utilities
ENLT,Enlight Renewable Energy Ltd. Ordinary Shares,$69.41,-0.52,-0.744%,84291,9678812205.00,Israel,2023,Electric Utilities: Central,Utilities
ENLV,Enlivex Ltd. Ordinary Shares,$0.5028,0.0227,4.728%,972243,10010040.00,Israel,2014,Biotechnology: Pharmaceutical Preparations,Health Care
ENO,Entergy New Orleans LLC First Mortgage Bonds 5.50% Series due April 1 2066,$19.85,-0.36,-1.781%,5449,4244542293.00,United States,2016,Power Generation,Utilities
ENOV,Enovis Corporation Common Stock,$18.27,-0.19,-1.029%,1943001,1053621655.00,United States,,Industrial Specialties,Health Care
ENPH,Enphase Energy Inc. Common Stock,$32.99,1.16,3.644%,5771488,4359451938.00,United States,2012,Semiconductors,Technology
ENR,Energizer Holdings Inc. Common Stock,$21.39,-0.43,-1.971%,938021,1464864995.00,United States,2015,Industrial Machinery/Components,Miscellaneous
ENRD,Einride AB American Depositary Shares,$3.81,0.07,1.872%,53225,558886267.00,Sweden,,EDP Services,Technology
ENRDW,Einride AB Warrants,$0.222,0.0189,9.306%,13108,32565027.00,Sweden,,EDP Services,Technology
ENS,EnerSys Common Stock,$183.53,1.43,0.785%,678100,6619050561.00,United States,2004,Industrial Machinery/Components,Miscellaneous
ENSC,Ensysce Biosciences Inc. Common Stock,$0.4158,-0.0012,-0.288%,349919,8090135.00,United States,,Biotechnology: Pharmaceutical Preparations,Health Care
ENSG,The Ensign Group Inc. Common Stock,$172.00,-3.465,-1.975%,317104,10024578648.00,United States,2007,Hospital/Nursing Management,Health Care
ENTA,Enanta Pharmaceuticals Inc. Common Stock,$13.18,0.54,4.272%,425895,383872798.00,United States,2013,Biotechnology: Pharmaceutical Preparations,Health Care
ENTG,Entegris Inc. Common Stock,$154.06,-0.71,-0.459%,1224817,23540368000.00,United States,2000,Plastic Products,Industrials
ENTX,Entera Bio Ltd. Ordinary Shares,$2.91,0.22,8.178%,520982,506114265.00,Israel,2018,Biotechnology: Biological Products (No Diagnostic Substances),Health Care
ENVA,Enova International Inc. Common Stock,$167.11,-0.81,-0.482%,403286,4160766778.00,United States,2014,Finance: Consumer Services,Finance
ENVB,Enveric Biosciences Inc. Common Stock,$1.485,0.035,2.414%,57078,6646688.00,United States,,Biotechnology: Pharmaceutical Preparations,Health Care
ENVX,Enovix Corporation Common Stock,$2.90,0.15,5.455%,9431144,636400752.00,United States,2021,Industrial Machinery/Components,Miscellaneous
EOCN,Eocene Ltd. Ordinary Shares,$3.49,-0.06,-1.69%,2608,3635062.00,Israel,2014,Biotechnology: Pharmaceutical Preparations,Health Care
EOD,Allspring Global Dividend Opportunity Fund Common Shares of Beneficial Interest,$6.40,0.03,0.471%,173384,0.00,United States,2007,Investment Managers,Finance
EOG,EOG Resources Inc. Common Stock,$137.76,-1.90,-1.36%,3582637,72259139286.00,United States,,Oil & Gas Production,Energy
EOI,Eaton Vance Enhance Equity Income Fund Eaton Vance Enhanced Equity Income Fund Shares of Beneficial Interest,$19.87,0.07,0.354%,160866,0.00,United States,2004,Finance/Investors Services,Finance
EOLS,Evolus Inc. Common Stock,$8.00,0.01,0.125%,624375,528403520.00,United States,2018,Biotechnology: Pharmaceutical Preparations,Health Care
EONR,EON Resources Inc. Class A Common Stock,$0.506,0.017,3.476%,370403,28247380.00,,2022,Oil & Gas Production,Energy
EOS,Eaton Vance Enhance Equity Income Fund II Common Stock,$21.30,0.02,0.094%,247606,0.00,,2005,Trusts Except Educational Religious and Charitable,Finance
EOSE,Eos Energy Enterprises Inc. Class A Common Stock,$3.065,-0.045,-1.447%,24044170,1116174135.00,United States,,Industrial Machinery/Components,Miscellaneous
EOSEW,Eos Energy Enterprises Inc. Warrant,$2.74,-0.23,-7.744%,7557,997819619.00,United States,,Industrial Machinery/Components,Miscellaneous
EOT,Eaton Vance Municipal Income Trust EATON VANCE NATIONAL MUNICIPAL OPPORTUNITIES TRUST,$15.36,0.11,0.721%,53535,239998787.00,United States,2009,Investment Bankers/Brokers/Service,Finance
EP,Empire Petroleum Corporation Common Stock,$2.28,0.14,6.542%,33378,94853337.00,United States,2022,Oil & Gas Production,Energy
EP^C,El Paso Corporation Preferred Stock,$49.93,0.42,0.848%,3747,,United States,,,
EPAC,Enerpac Tool Group Corp. Common Stock,$34.89,-0.44,-1.245%,367207,1784192469.00,United States,,Industrial Machinery/Components,Technology
EPAM,EPAM Systems Inc. Common Stock,$108.36,1.22,1.139%,1044088,5589965261.00,United States,2012,EDP Services,Technology
EPC,Edgewell Personal Care Company Common Stock,$26.98,-0.52,-1.891%,553055,1243478927.00,United States,,Package Goods/Cosmetics,Consumer Discretionary
EPD,Enterprise Products Partners L.P. Common Stock,$35.61,-0.41,-1.138%,5527131,76898981988.00,United States,,Natural Gas Distribution,Utilities
EPM,Evolution Petroleum Corporation Inc. Common Stock,$3.54,0.05,1.433%,289682,142209680.00,United States,,Oil & Gas Production,Energy
EPOW,E-Power Inc. Class A Ordinary Shares,$3.96,0.17,4.485%,59078,9214259.00,China,2021,Industrial Machinery/Components,Miscellaneous
EPR,EPR Properties Common Stock,$56.13,-1.06,-1.853%,740540,4300058792.00,United States,1997,Real Estate Investment Trusts,Real Estate
EPR^C,EPR Properties 5.75% Series C Cumulative Convertible Preferred Shares,$25.54,0.29,1.149%,12602,,United States,,,
EPR^E,EPR Properties Series E Cumulative Conv Pfd Shs Ser E,$31.29,-0.1824,-0.58%,7768,,United States,,,
EPR^G,EPR Properties 5.750% Series G Cumulative Redeemable Preferred Shares,$19.56,0.81,4.32%,26248,,United States,,,
EPRT,Essential Properties Realty Trust Inc. Common Stock,$25.81,-0.46,-1.751%,2409329,5582006233.00,United States,2018,Real Estate Investment Trusts,Real Estate
EPRX,Eupraxia Pharmaceuticals Inc. Common Stock,$9.10,0.795,9.573%,1279371,599750351.00,Canada,,Pharmaceuticals and Biotechnology,Health Care
EPSM,Epsium Enterprise Limited Class A Ordinary Shares,$1.30,0.06,4.839%,54835,17469444.00,Macau,2025,Beverages (Production/Distribution),Consumer Staples
EPSN,Epsilon Energy Ltd. Common Share,$5.80,0.00,0.00%,50752,175645918.00,United States,,Oil & Gas Production,Energy
EQ,Equillium Inc. Common Stock,$1.625,0.005,0.309%,3104254,103038133.00,United States,2018,Biotechnology: Pharmaceutical Preparations,Health Care
EQBK,Equity Bancshares Inc. Class A Common Stock,$47.14,-0.32,-0.674%,133894,970729979.00,United States,,Major Banks,Finance
EQH,Equitable Holdings Inc. Common Stock,$51.27,-0.92,-1.763%,2696766,13998512499.00,United States,2018,Specialty Insurers,Finance
EQH^A,Equitable Holdings Inc. Depositary Shares,$17.44,-0.42,-2.352%,204512,,United States,,,
EQH^C,Equitable Holdings Inc. Depositary Shares each representing a 1/1000th interest in a share of Fixed Rate Noncumulative Perpetual Preferred Stock Series C,$15.55,-0.19,-1.207%,132366,,United States,,,
EQIX,Equinix Inc. Common Stock REIT,$1011.58,-3.69,-0.363%,629662,99814304124.00,United States,2000,Real Estate Investment Trusts,Real Estate
EQNR,Equinor ASA,$41.60,0.26,0.629%,4086573,104011274848.00,Norway,,Integrated oil Companies,Energy
EQPT,EquipmentShare.com Inc Class A Common Stock,$17.37,-1.13,-6.108%,4155945,4401140477.00,United States,2026,Diversified Commercial Services,Consumer Discretionary
EQS,Equus Total Return Inc. Common Stock,$0.925,-0.104,-10.107%,49932,12919194.00,United States,,Finance/Investors Services,Finance
EQT,EQT Corporation Common Stock,$48.56,-0.32,-0.655%,7050303,30375056960.00,United States,,Oil & Gas Production,Energy
EQX,Equinox Gold Corp. Common Shares,$11.11,-0.29,-2.544%,9681404,12970478622.00,Canada,,Precious Metals,Basic Materials
ERAS,Erasca Inc. Common Stock,$14.66,0.45,3.167%,5286657,5127511433.00,United States,2021,Biotechnology: Pharmaceutical Preparations,Health Care
ERC,Allspring Multi-Sector Income Fund Common Stock,$8.52,0.00,0.00%,107513,0.00,United States,2003,Finance/Investors Services,Finance
ERH,Allspring Utilities and High Income Fund Common Shares,$10.36,0.11,1.073%,25219,0.00,,2004,Finance/Investors Services,Finance
ERIC,Ericsson American Depositary Shares,$9.15,-0.17,-1.824%,7473092,30847868375.00,Sweden,,Radio And Television Broadcasting And Communications Equipment,Technology
ERIE,Erie Indemnity Company Class A Common Stock,$219.15,-3.28,-1.475%,136452,10122334252.00,United States,,Specialty Insurers,Finance
ERII,Energy Recovery Inc. Common Stock,$6.67,-0.08,-1.185%,824660,340469316.00,United States,2008,Industrial Machinery/Components,Technology
ERNA,Ernexa Therapeutics Inc. Common Stock,$3.20,0.04,1.266%,42651,5223715.00,United States,,Biotechnology: Pharmaceutical Preparations,Health Care
ERNAW,Ernexa Therapeutics Inc. Warrants,$0.0317,-0.004,-11.204%,32244,51747.00,United States,,Biotechnology: Pharmaceutical Preparations,Health Care
ERO,Ero Copper Corp. Common Shares,$36.69,-0.45,-1.212%,1462881,3825958646.00,Canada,2021,Metal Mining,Basic Materials
EROC,ERock Inc. Class A Common Stock,$12.26,0.12,0.988%,2500223,2689844981.00,,2026,Industrial Machinery/Components,Energy
EROK,EagleRock Land LLC Class A shares representing limited liability company interests,$20.80,0.53,2.615%,330606,2735607056.00,,2026,Oil & Gas Production,Energy
ES,Eversource Energy (D/B/A) Common Stock,$64.16,0.26,0.407%,3904563,24167452217.00,United States,,Electric Utilities: Central,Utilities
ESAB,ESAB Corporation Common Stock,$65.88,-1.72,-2.544%,996940,4095615323.00,United States,2022,Industrial Machinery/Components,Industrials
ESCA,Escalade Incorporated Common Stock,$19.03,-0.31,-1.603%,23250,261968388.00,United States,,Recreational Games/Products/Toys,Consumer Discretionary
ESE,ESCO Technologies Inc. Common Stock,$265.11,-0.58,-0.218%,197448,6868355087.00,United States,,Telecommunications Equipment,Telecommunications
ESEA,Euroseas Ltd. Common Stock (Marshall Islands),$71.32,0.70,0.991%,44740,503225433.00,Greece,,Marine Transportation,Consumer Discretionary
ESI,Element Solutions Inc. Common Stock,$36.28,0.31,0.862%,3430408,8841106360.00,United States,2014,Major Chemicals,Industrials
ESLA,Estrella Immunopharma Inc. Common Stock,$0.4667,0.0066,1.434%,18402,20300453.00,United States,2021,Biotechnology: Biological Products (No Diagnostic Substances),Health Care
ESLT,Elbit Systems Ltd. Ordinary Shares,$682.01,-21.36,-3.037%,102850,31719557395.00,Israel,,Military/Government/Technical,Industrials
ESNT,Essent Group Ltd. Common Shares,$57.91,-5.33,-8.428%,1746958,5204747710.00,Bermuda,2013,Property-Casualty Insurers,Finance
ESOA,Energy Services of America Corporation Common Stock,$11.15,0.155,1.41%,71404,208049868.00,United States,,Water Sewer Pipeline Comm & Power Line Construction,Industrials
ESP,Espey Mfg. & Electronics Corp. Common Stock,$61.46,-3.18,-4.92%,27202,186646153.00,United States,1960,Industrial Machinery/Components,Technology
ESQ,Esquire Financial Holdings Inc. Common Stock,$116.37,-1.45,-1.231%,169418,1408610324.00,United States,2017,Commercial Banks,Finance
ESRT,Empire State Realty Trust Inc. Class A Common Stock,$4.03,0.00,0.00%,4122813,693827541.00,United States,2013,Real Estate Investment Trusts,Real Estate
ESS,Essex Property Trust Inc. Common Stock,$269.39,-4.54,-1.657%,715626,17313274782.00,United States,1994,Real Estate Investment Trusts,Real Estate
ESTA,Establishment Labs Holdings Inc. Common Shares,$64.17,0.47,0.738%,555724,1912387345.00,Costa Rica,2018,Industrial Specialties,Health Care
ESTC,Elastic N.V. Ordinary Shares,$91.70,2.90,3.266%,1879748,9627700376.00,United States,2018,Computer Software: Prepackaged Software,Technology
ESYN,EnerSyn Global Inc. Common Stock,$2.28,-0.035,-1.512%,18750,67776192.00,United States,2022,Other Pharmaceuticals,Health Care
ET,Energy Transfer LP Common Units ,$19.77,-0.14,-0.703%,8841029,68074033112.00,United States,,Natural Gas Distribution,Utilities
ET^I,Energy Transfer L.P. Series I Fixed Rate Perpetual Preferred Units,$11.01,0.00,0.00%,98246,,United States,,,
ETB,Eaton Vance Tax-Managed Buy-Write Income Fund Eaton Vance Tax-Managed Buy-Write Income Fund Common Shares of Beneficial Interest,$15.33,-0.05,-0.325%,81257,450263531.00,United States,2005,Investment Bankers/Brokers/Service,Finance
ETD,Ethan Allen Interiors Inc. Common Stock,$20.91,-0.10,-0.476%,508667,526984338.00,United States,,Home Furnishings,Consumer Discretionary
ETG,Eaton Vance Tax-Advantaged Global Dividend Income Fund Common Shares of Beneficial Interest,$23.12,-0.04,-0.173%,114419,0.00,United States,2004,Investment Managers,Finance
ETI^,Entergy Texas Inc 5.375% Series A Preferred Stock Cumulative No Par Value,$21.14,-0.17,-0.798%,1335,,United States,,,
ETJ,Eaton Vance Risk-Managed Diversified Equity Income Fund Common Shares of Beneficial Interest,$8.17,-0.02,-0.244%,298715,0.00,United States,2007,Finance Companies,Finance
ETN,Eaton Corporation PLC Ordinary Shares,$429.71,-3.56,-0.822%,1862426,166899364000.00,Ireland,,Industrial Machinery/Components,Technology
ETO,Eaton Vance Tax-Advantage Global Dividend Opp Common Stock,$30.31,0.05,0.165%,16337,496724463.00,United States,2004,Investment Managers,Finance
ETON,Eton Pharmaceuticals Inc. Common Stock,$51.49,-7.70,-13.009%,1811243,1471745621.00,United States,2018,Biotechnology: Pharmaceutical Preparations,Health Care
ETOR,eToro Group Ltd. Class A Common Shares,$25.70,0.02,0.078%,952017,2070040758.00,Israel,2025,Investment Bankers/Brokers/Service,Finance
ETR,Entergy Corporation Common Stock,$99.26,-0.50,-0.501%,3812100,46317842491.00,United States,,Electric Utilities: Central,Utilities
ETRA,Electra Therapeutics Inc. Common stock,$11.25,-0.10,-0.881%,925722,706128244.00,United States,2026,Biotechnology: Biological Products (No Diagnostic Substances),Health Care
ETS,Elite Express Holding Inc. Class A Common Stock,$1.79,0.08,4.678%,74122,87202843.00,United States,2025,Trucking Freight/Courier Services,Industrials
ETSS,Energy Transition Special Opportunities Class A Ordinary Shares,$9.96,0.03,0.302%,407,0.00,,2026,Blank Checks,Finance
ETSY,Etsy Inc. Common Stock,$71.49,2.21,3.19%,3717492,6561477165.00,United States,2025,Business Services,Consumer Discretionary
ETV,Eaton Vance Corporation Eaton Vance Tax-Managed Buy-Write Opportunities Fund Common Shares of Beneficial Interest,$14.92,-0.06,-0.401%,599946,1630283767.00,United States,2005,Investment Bankers/Brokers/Service,Finance
ETW,Eaton Vance Corporation Eaton Vance Tax-Managed Global Buy-Write Opportunites Fund Common Shares of Beneficial Interest,$9.50,-0.03,-0.315%,388763,1041178967.00,United States,2005,Investment Managers,Finance
ETX           ,Eaton Vance Municipal Income 2028 Term Trust Common Shares of Beneficial Interest,$17.55,0.10,0.573%,36658,191030978.00,,2013,Investment Managers,Finance
ETY,Eaton Vance Tax-Managed Diversified Equity Income Fund Common Shares of Beneficial Interest,$14.05,-0.03,-0.213%,824203,0.00,United States,2006,Finance Companies,Finance
EU,enCore Energy Corp. Common Shares,$1.08,-0.07,-6.087%,4815721,209823449.00,United States,,Other Metals and Minerals,Basic Materials
EUDA,EUDA Health Holdings Limited Ordinary Shares,$14.30,-1.6025,-10.077%,12341,42818848.00,Singapore,2021,Medical/Nursing Services,Health Care
EURK,Eureka Acquisition Corp Class A Ordinary Share,$11.5432,0.00,0.00%,55,0.00,United States,2024,,
EURKR,Eureka Acquisition Corp Right,$0.4055,0.1554,62.135%,816,0.00,United States,2024,Marine Transportation,Consumer Discretionary
EVAC,EQV Ventures Acquisition Corp. II Class A Ordinary Shares,$10.32,0.01,0.097%,34573,0.00,,2025,Fluid Controls,Industrials
EVAX,Evaxion A/S American Depositary Share,$3.28,0.01,0.306%,18058,29590464.00,Denmark,2021,Biotechnology: Biological Products (No Diagnostic Substances),Health Care
EVC,Entravision Communications Corporation Common Stock,$7.35,0.01,0.136%,2076512,678319042.00,United States,2000,Broadcasting,Industrials
EVCM,EverCommerce Inc. Common Stock,$8.66,0.65,8.115%,168841,1529921030.00,United States,2021,Computer Software: Prepackaged Software,Technology
EVER,EverQuote Inc. Class A Common Stock,$20.06,1.15,6.081%,1247489,706909405.00,United States,2018,Computer Software: Programming Data Processing,Technology
EVEX,Eve Holding Inc. Common Stock,$1.93,-0.01,-0.515%,1295143,672578623.00,United States,2022,Aerospace,Industrials
EVF,Eaton Vance Senior Income Trust Common Stock,$4.85,0.02,0.414%,93530,85063461.00,United States,1998,Investment Bankers/Brokers/Service,Finance
EVG,Eaton Vance Short Diversified Income Fund Eaton Vance Short Duration Diversified Income Fund Common Shares of Beneficial Interest,$9.92,0.00,0.00%,31997,0.00,United States,2005,Investment Managers,Finance
EVGN,Evogene Ltd Ordinary Shares,$0.3971,-0.0129,-3.146%,9991229,6274739.00,Israel,,Agricultural Chemicals,Industrials
EVGO,EVgo Inc. Class A Common Stock,$1.26,-0.07,-5.263%,4980927,396289807.00,United States,,Automotive Aftermarket,Consumer Discretionary
EVH,Evolent Health Inc Class A Common Stock,$3.49,-0.03,-0.852%,1695939,394577079.00,United States,2015,Other Consumer Services,Consumer Discretionary
EVI,EVI Industries Inc.  Common Stock,$19.19,-0.75,-3.761%,72846,247139029.00,United States,1999,Other Consumer Services,Consumer Discretionary
EVLV,Evolv Technologies Holdings Inc. Class A Common Stock,$4.65,-0.06,-1.274%,2616147,842236579.00,United States,2020,Computer peripheral equipment,Technology
EVMN,Evommune Inc. Common Stock,$8.26,-0.09,-1.078%,724210,299772853.00,United States,2025,Biotechnology: Pharmaceutical Preparations,Health Care
EVN,Eaton Vance Municipal Income Trust Common Stock,$9.24,-0.04,-0.431%,292844,366524586.00,United States,1999,Investment Managers,Finance
EVO,Evotec SE American Depositary Shares,$1.71,0.07,4.268%,101620,608342014.00,Germany,2021,Biotechnology: Pharmaceutical Preparations,Health Care
EVOX,Evolution Global Acquisition Corp Class A Ordinary Shares,$10.13,0.02,0.198%,4011,0.00,United States,2025,Blank Checks,Finance
EVOXW,Evolution Global Acquisition Corp Warrants,$0.31,-0.03,-8.824%,26025,0.00,United States,2025,Blank Checks,Finance
EVR,Evercore Inc. Class A Common Stock,$257.50,-0.96,-0.371%,369469,9902877835.00,United States,2006,Investment Managers,Finance
EVRG,Evergy Inc. Common Stock,$78.44,-0.29,-0.368%,3914445,18085688972.00,United States,,Power Generation,Utilities
EVT,Eaton Vance Tax Advantaged Dividend Income Fund Common Shares of Beneficial Interest,$27.91,-0.25,-0.888%,118882,0.00,United States,2003,Finance Companies,Finance
EVTC,Evertec Inc. Common Stock,$26.95,-0.09,-0.333%,501059,1610331007.00,Puerto Rico,2013,EDP Services,Technology
EVTL,Vertical Aerospace Ltd. Ordinary Shares,$0.5993,-0.0335,-5.294%,4264382,102913978.00,,2021,Aerospace,Industrials
EVV,Eaton Vance Limited Duration Income Fund Common Shares of Beneficial Interest,$8.45,0.05,0.595%,1544805,0.00,United States,2003,Finance/Investors Services,Finance
EW,Edwards Lifesciences Corporation Common Stock,$86.32,-1.76,-1.998%,4893870,49754848000.00,United States,,Industrial Specialties,Health Care
EWAV,East West Ave Acquisition Corp. Common Stock,$9.91,0.00,0.00%,41408,0.00,United States,2026,Blank Checks,Finance
EWAVU,East West Ave Acquisition Corp. Units,$10.05,0.00,0.00%,28,0.00,United States,2026,Blank Checks,Finance
EWBC,East West Bancorp Inc. Common Stock,$123.93,-1.59,-1.267%,848439,16979879314.00,United States,,Major Banks,Finance
EWTX,Edgewise Therapeutics Inc. Common Stock,$40.60,1.41,3.598%,1678378,4409327637.00,United States,2021,Biotechnology: Pharmaceutical Preparations,Health Care
EXC,Exelon Corporation Common Stock,$40.40,-0.25,-0.615%,18281592,41703060267.00,United States,,Power Generation,Utilities
EXE,Expand Energy Corporation Common Stock,$84.09,-0.09,-0.107%,2884362,19467153617.00,United States,,Oil & Gas Production,Energy
EXEL,Exelixis Inc. Common Stock,$58.41,-0.24,-0.409%,3065372,14472928630.00,United States,2000,Biotechnology: Biological Products (No Diagnostic Substances),Health Care
EXFY,Expensify Inc. Class A Common Stock,$2.25,0.01,0.446%,459136,205169994.00,United States,2021,Computer Software: Prepackaged Software,Technology
EXG,Eaton Vance Tax-Managed Global Diversified Equity Income Fund Common Shares of Beneficial Interest,$9.41,-0.04,-0.423%,743150,0.00,United States,2007,Finance Companies,Finance
EXK,Endeavour Silver Corporation Ordinary Shares (Canada),$8.58,-0.16,-1.831%,7607903,2540270321.00,Canada,,Precious Metals,Basic Materials
EXLS,ExlService Holdings Inc. Common Stock,$34.38,-0.20,-0.578%,1833368,5212437716.00,United States,2006,Business Services,Consumer Discretionary
EXOD,Exodus Movement Inc. Class A Common Stock,$7.17,0.06,0.844%,32184,216557360.00,United States,,Finance: Consumer Services,Finance
EXOZ,eXoZymes Inc. Common Stock,$5.83,-0.27,-4.426%,2037,54246407.00,United States,2024,Biotechnology: Biological Products (No Diagnostic Substances),Health Care
EXP,Eagle Materials Inc Common Stock,$171.02,-2.56,-1.475%,489899,5246094082.00,United States,,Building Materials,Industrials
EXPD,Expeditors International of Washington Inc. Common Stock,$184.64,-3.52,-1.871%,1159731,24001468446.00,United States,,Integrated Freight & Logistics,Industrials
EXPE,Expedia Group Inc. Common Stock,$263.36,-2.97,-1.115%,2411215,30153637854.00,United States,,Transportation Services,Consumer Discretionary
EXPO,Exponent Inc. Common Stock,$65.42,0.89,1.379%,678201,3110464815.00,United States,,Professional Services,Consumer Discretionary
EXR,Extra Space Storage Inc Common Stock,$131.51,-1.98,-1.483%,1254220,27784059573.00,United States,2004,Real Estate Investment Trusts,Real Estate
EXTR,Extreme Networks Inc. Common Stock,$21.45,0.38,1.804%,1985183,2835061408.00,United States,1999,Computer Communications Equipment,Telecommunications
EXYN,Exyn Technologies Inc. Common Stock,$2.33,0.06,2.643%,74394,18532720.00,United States,2026,Computer Software: Prepackaged Software,Technology
EXYNW,Exyn Technologies Inc. Warrant,$0.40,0.08,25.00%,22550,3181583.00,United States,2026,Computer Software: Prepackaged Software,Technology
EYE,National Vision Holdings Inc. Common Stock,$16.38,0.00,0.00%,1592509,1295155347.00,United States,2017,Ophthalmic Goods,Health Care
EYPT,EyePoint Inc. Common Stock,$3.27,-0.15,-4.386%,3437285,281913691.00,United States,,Biotechnology: Laboratory Analytical Instruments,Industrials
EZGO,EZGO Technologies Ltd. Ordinary Shares,$0.883,-0.0104,-1.164%,93051,4685109.00,China,2021,Motor Vehicles,Consumer Discretionary
EZPW,EZCORP Inc. Class A Non Voting Common Stock,$29.76,-0.40,-1.326%,688192,1828554900.00,United States,1991,Other Specialty Stores,Consumer Discretionary
EZRA,Reliance Global Group Inc. Common Stock,$2.28,-0.33,-12.644%,83216,3830254.00,United States,,Specialty Insurers,Finance
F,Ford Motor Company Common Stock,$12.06,-0.24,-1.951%,50535832,47235927707.00,United States,,Auto Manufacturing,Industrials
F^B,Ford Motor Company 6.20% Notes due June 1 2059,$18.95,-0.20,-1.044%,205727,,United States,,,
F^C,Ford Motor Company 6% Notes due December 1 2059,$18.46,-0.10,-0.539%,148106,,United States,,,
F^D,Ford Motor Company 6.500% Notes due August 15 2062,$19.44,-0.38,-1.917%,345943,,United States,,,
FA,First Advantage Corporation Common Stock,$17.80,0.15,0.85%,5308859,3057215700.00,United States,2021,EDP Services,Technology
FABC,Fabric.AI Inc. Common Stock,$2.28,-0.01,-0.437%,31699,15968238.00,United States,,Telecommunications Equipment,Consumer Discretionary
FAC,Factorial Energy Inc. Class A Common Stock,$6.34,0.14,2.258%,222903,678527373.00,United States,2025,Industrial Machinery/Components,Miscellaneous
FACT,FACT II Acquisition Corp. Class A Ordinary Shares,$10.7211,0.00,0.00%,22,0.00,United States,2024,,
FACWW,Factorial Energy Inc. Warrant,$0.8999,0.0453,5.301%,143,96310218.00,United States,2025,Industrial Machinery/Components,Miscellaneous
FAF,First American Corporation (New) Common Stock,$60.74,-3.29,-5.138%,2213598,6201554000.00,United States,,Specialty Insurers,Finance
FAMI,Farmmi Inc. Class A Ordinary Shares,$0.1389,0.0087,6.682%,1677450,4447436.00,China,2018,Packaged Foods,Consumer Staples
FANG,Diamondback Energy Inc. Common Stock,$183.81,-0.14,-0.076%,1425476,51471276325.00,United States,2012,Oil & Gas Production,Energy
FAST,Fastenal Company Common Stock,$49.53,-0.43,-0.861%,10465820,56835554791.00,United States,1987,RETAIL: Building Materials,Consumer Discretionary
FATE,Fate Therapeutics Inc. Common Stock,$2.37,-0.01,-0.42%,1078070,283974618.00,United States,2013,Biotechnology: Biological Products (No Diagnostic Substances),Health Care
FATN,FatPipe Inc. Common Stock,$5.47,0.04,0.737%,34354,77282720.00,United States,2025,Computer Software: Prepackaged Software,Technology
FAX,abrdn Asia-Pacific Income Fund Inc. Common Stock,$13.08,-0.19,-1.432%,273200,0.00,United States,1986,Investment Managers,Finance
FBDT,First Breach Inc. Common Stock,$1.04,0.1595,18.115%,1757038,58007249.00,United States,,Ordnance And Accessories,Industrials
FBGL,FBS Global Limited Ordinary Shares,$3.63,-0.38,-9.476%,78802,4900500.00,Singapore,2025,Homebuilding,Consumer Discretionary
FBIN,Fortune Brands Innovations Inc. Common Stock,$38.05,-0.36,-0.937%,2289614,4542084700.00,United States,,Forest Products,Basic Materials
FBIO,Fortress Biotech Inc. Common Stock,$2.14,-0.06,-2.727%,221341,71371125.00,United States,,Biotechnology: Pharmaceutical Preparations,Health Care
FBIOP,Fortress Biotech Inc. 9.375% Series A Cumulative Redeemable Perpetual Preferred Stock,$16.51,-0.16,-0.96%,16223,550624894.00,United States,,Biotechnology: Pharmaceutical Preparations,Health Care
FBIZ,First Business Financial Services Inc. Common Stock,$68.78,-0.17,-0.247%,95357,575573050.00,United States,,Major Banks,Finance
FBK,FB Financial Corporation Common Stock,$51.70,-0.19,-0.366%,424926,2583869735.00,United States,2016,Major Banks,Finance
FBLA,FB Bancorp Inc. Common Stock,$16.48,-0.23,-1.376%,119541,262825973.00,United States,2024,Banks,Finance
FBLG,FibroBiologics Inc. Common Stock,$1.30,-0.01,-0.763%,107284,8655651.00,United States,,Biotechnology: Pharmaceutical Preparations,Health Care
FBNC,First Bancorp Common Stock,$61.11,-0.96,-1.547%,240522,2529882074.00,United States,1987,Major Banks,Finance
FBP,First BanCorp. New Common Stock,$26.34,-0.01,-0.038%,1487456,4021282179.00,Puerto Rico,,Major Banks,Finance
FBRT,Franklin BSP Realty Trust Inc. Common Stock,$6.39,-0.33,-4.911%,1827469,530660208.00,United States,2021,Real Estate Investment Trusts,Real Estate
FBRT^E,Franklin BSP Realty Trust Inc. 7.50% Series E Cumulative Redeemable Preferred Stock,$18.56,-0.27,-1.434%,25292,,United States,,,
FBYD,Falcon's Beyond Global Inc. Class A Common Stock,$8.45,0.06,0.715%,117179,1024640646.00,United States,,Services-Misc. Amusement & Recreation,Consumer Discretionary
FBYDW,Falcon's Beyond Global Inc. Warrants,$1.02,0.00,0.00%,5,123684433.00,United States,,Services-Misc. Amusement & Recreation,Consumer Discretionary
FC,Franklin Covey Company Common Stock,$17.10,0.26,1.544%,59423,193125228.00,United States,,Other Consumer Services,Consumer Discretionary
FCAP,First Capital Inc. Common Stock,$61.57,-0.11,-0.178%,28814,205928561.00,United States,,Savings Institutions,Finance
FCBC,First Community Bankshares Inc. (VA) Common Stock,$46.99,-0.28,-0.592%,82616,888596360.00,United States,,Major Banks,Finance
FCBM,First Carolina Financial Services Inc. Common Stock,$12.63,0.08,0.637%,131190,392399601.00,,2026,Major Banks,Finance
FCCO,First Community Corporation Common Stock,$32.17,-0.12,-0.372%,58543,302389346.00,United States,,Major Banks,Finance
FCEL,FuelCell Energy Inc. Common Stock,$16.42,-0.48,-2.84%,4095731,1312847898.00,United States,,Industrial Machinery/Components,Energy
FCF,First Commonwealth Financial Corporation Common Stock,$20.23,-0.10,-0.492%,979407,2044361363.00,United States,,Major Banks,Finance
FCFS,FirstCash Holdings Inc. Common Stock,$211.23,-1.59,-0.747%,251492,9161425314.00,United States,1991,Other Specialty Stores,Consumer Discretionary
FCHL,Fitness Champs Holdings Limited Common Stock,$0.935,0.018,1.963%,15263,1233024.00,Singapore,2025,Services-Misc. Amusement & Recreation,Consumer Discretionary
FCN,FTI Consulting Inc. Common Stock,$134.51,2.42,1.832%,888866,3714032953.00,United States,1999,Professional Services,Consumer Discretionary
FCNCA,First Citizens BancShares Inc. Class A Common Stock,$2060.20,-13.26,-0.64%,62322,23266085824.00,United States,,Major Banks,Finance
FCNCN,First Citizens BancShares Inc. Depositary Shares each representing a 1/40th interest in a share of 6.625% Non-Cumulative Perpetual Preferred Stock Series E,$22.99,-0.38,-1.626%,123273,259628829.00,United States,,Major Banks,Finance
FCNCO,First Citizens BancShares Inc. 5.625% Non-Cumulative Perpetual Preferred Stock Series C,$18.82,-0.25,-1.311%,11929,212536518.00,United States,,Major Banks,Finance
FCNCP,First Citizens BancShares Inc. Depositary Shares,$17.92,-0.44,-2.397%,85068,202372710.00,United States,,Major Banks,Finance
FCPT,Four Corners Property Trust Inc. Common Stock,$21.76,-0.27,-1.226%,1582122,2388299395.00,United States,2015,Real Estate Investment Trusts,Real Estate
FCRS,FutureCrest Acquisition Corp. Class A Ordinary Shares,$10.235,0.005,0.049%,12189,0.00,,2025,Blank Checks,Finance
FCUV,Focus Universal Inc. Common Stock,$4.15,-0.61,-12.815%,42609,4075350.00,United States,,Industrial Machinery/Components,Industrials
FCX,Freeport-McMoRan Inc. Common Stock,$70.00,-0.79,-1.116%,16660333,100521226610.00,United States,,Metal Mining,Basic Materials
FDBC,Fidelity D & D Bancorp Inc. Common Stock,$54.31,-0.76,-1.38%,11065,315460069.00,United States,,Major Banks,Finance
FDMM,Freedom Metals Acquisition Corp. Class A Ordinary Shares,$9.82,0.00,0.00%,58,0.00,United States,2026,Blank Checks,Finance
FDMT,4D Molecular Therapeutics Inc. Common Stock,$14.31,-0.18,-1.242%,1037076,790544659.00,United States,2020,Biotechnology: Biological Products (No Diagnostic Substances),Health Care
FDS,FactSet Research Systems Inc. Common Stock,$269.95,9.98,3.839%,1491318,9600918333.00,United States,2000,Computer Software: Programming Data Processing,Technology
FDSB,Fifth District Bancorp Inc. Common Stock,$17.31,-0.02,-0.115%,4707,90629240.00,United States,2024,Savings Institutions,Finance
FDUS,Fidus Investment Corporation Common Stock,$19.27,-0.26,-1.331%,430166,731380594.00,United States,2011,Finance/Investors Services,Finance
FDX,FedEx Corporation Common Stock,$285.09,-2.38,-0.828%,1722883,67472374314.00,United States,,Air Freight/Delivery Services,Consumer Discretionary
FDXF,FedEx Freight Holding Company Inc. Common Stock,$109.38,-2.68,-2.392%,2129938,16354293388.00,United States,2026,Air Freight/Delivery Services,Consumer Discretionary
FE,FirstEnergy Corp. Common Stock,$43.33,-0.31,-0.71%,4594871,25072468254.00,United States,,Electric Utilities: Central,Utilities
FEAM,5E Advanced Materials Inc. Common Stock,$3.37,0.32,10.492%,1043852,140351640.00,United States,,Mining & Quarrying of Nonmetallic Minerals (No Fuels),Industrials
FEBO,Fenbo Holdings Limited Class A Ordinary Shares,$0.6681,-0.0001,-0.015%,948,7390856.00,Hong Kong,2023,Home Furnishings,Consumer Discretionary
FEDU,Four Seasons Education (Cayman) Inc. American Depositary Shares each ADS representing 10 ordinary shares,$10.00,0.00,0.00%,49,22614380.00,,2017,Other Consumer Services,Real Estate
FEIM,Frequency Electronics Inc. Common Stock,$84.53,0.38,0.452%,365699,952930950.00,United States,,Electrical Products,Industrials
FELE,Franklin Electric Co. Inc. Common Stock,$95.89,-0.73,-0.756%,218603,4239437283.00,United States,,Metal Fabrications,Consumer Discretionary
FEMY,Femasys Inc. Common Stock,$2.16,0.07,3.349%,114352,18090058.00,United States,2021,Medical/Dental Instruments,Health Care
FENC,Fennec Pharmaceuticals Inc. Common Stock,$10.65,-0.15,-1.389%,149222,373112100.00,United States,,Biotechnology: Biological Products (No Diagnostic Substances),Health Care
FENG,Phoenix New Media Limited American Depositary Shares each representing 48 Class A ordinary shares.,$1.41,0.00,0.00%,795,16935194.00,China,2011,Broadcasting,Industrials
FER,Ferrovial N.V. Ordinary Shares,$54.10,-0.47,-0.861%,2158631,38922664383.00,Netherlands,,Military/Government/Technical,Industrials
FERA,Fifth Era Acquisition Corp I Class A Ordinary Shares,$10.55,0.01,0.095%,4650,0.00,Cayman Islands,2025,,
FERG,Ferguson Enterprises Inc. Common Stock,$222.62,-1.25,-0.558%,1519078,43066443859.00,United Kingdom,2021,Miscellaneous,Miscellaneous
FET,Forum Energy Technologies Inc. Common Stock,$80.95,0.48,0.596%,175927,928714984.00,United States,2012,Oil and Gas Field Machinery,Consumer Discretionary
FF,FutureFuel Corp.  Common shares,$5.11,0.05,0.988%,395410,224141555.00,United States,,Major Chemicals,Industrials
FFA,First Trust Enhanced Equity Income Fund Common Shares of Beneficial Interest,$22.24,0.05,0.225%,76248,0.00,United States,2004,Investment Managers,Finance
FFAI,Faraday Future Intelligent Electric Inc. Class A Common Stock,$1.21,-0.09,-6.923%,3166466,7413669.00,United States,2020,Auto Manufacturing,Industrials
FFBC,First Financial Bancorp. Common Stock,$31.32,-0.13,-0.413%,806591,3293828122.00,United States,,Major Banks,Finance
FFC,Flaherty & Crumrine Preferred and Income Securities Fund Incorporated,$14.94,-0.13,-0.863%,170558,0.00,United States,2003,Trusts Except Educational Religious and Charitable,Finance
FFIN,First Financial Bankshares Inc. Common Stock,$31.74,0.01,0.032%,1039559,4549215072.00,United States,,Major Banks,Finance
FFIV,F5 Inc. Common Stock,$445.18,7.11,1.623%,430843,25209288883.00,United States,1999,Computer Communications Equipment,Telecommunications
FFR,FF EAI Robotics Ecosystem Inc. Common Stock,$1.31,1.31,,28104289,27652638.00,United States,2015,Finance: Consumer Services,Finance
FG,F&G Annuities & Life Inc. Common Stock,$21.68,-0.20,-0.914%,591550,2838675331.00,United States,2022,Life Insurance,Finance
FGBI,First Guaranty Bancshares Inc. Common Stock,$8.09,-0.31,-3.69%,12911,133801270.00,United States,,Savings Institutions,Finance
FGBIP,First Guaranty Bancshares Inc. 6.75% Series A Fixed-Rate Non-Cumulative Perpetual Preferred Stock,$17.23,0.0451,0.262%,2185,284968590.00,United States,,Savings Institutions,Finance
FGC,FG Communities Holdings Inc. Common Stock ,$6.59,0.35,5.609%,19787,31023183.00,United States,2014,Property-Casualty Insurers,Finance
FGCPP,FG Communities Holdings Inc. 8.00% Cumulative Preferred Stock,$24.99,0.49,2.00%,5063,117643299.00,United States,,Property-Casualty Insurers,Finance
FGI,FGI Industries Ltd. Ordinary Shares,$7.90,0.105,1.347%,17564,15257041.00,United States,2022,Industrial Specialties,Industrials
FGII,FG Imperii Acquisition Corp. Class A Ordinary Shares,$10.02,0.00,0.00%,10,0.00,United States,2026,Blank Checks,Finance
FGIIW,FG Imperii Acquisition Corp. Warrants,$0.1621,-0.0178,-9.894%,103,0.00,United States,2026,Blank Checks,Finance
FGIWW,FGI Industries Ltd. Warrant,$0.0477,-0.0067,-12.316%,200,92122.00,United States,2022,Industrial Specialties,Industrials
FGL,Founder Group Limited Class A Ordinary Shares,$4.22,0.12,2.927%,33614,3505533.00,Malaysia,2024,Engineering & Construction,Consumer Discretionary
FGN,F&G Annuities & Life Inc. 7.950% Senior Notes due 2053,$23.68,-0.17,-0.713%,89050,2986013617.00,United States,2023,Life Insurance,Finance
FGSN,F&G Annuities & Life Inc. 7.300% Junior Subordinated Notes due 2065,$19.60,-0.50,-2.488%,199653,0.00,United States,2025,Life Insurance,Finance
FHB,First Hawaiian Inc. Common Stock,$24.62,-0.20,-0.806%,1648013,2995794886.00,United States,2016,Major Banks,Finance
FHI,Federated Hermes Inc. Common Stock,$56.37,-1.15,-1.999%,884006,4208600040.00,United States,,Investment Managers,Finance
FHN,First Horizon Corporation Common Stock,$23.02,-0.08,-0.346%,4523053,10906350177.00,United States,,Major Banks,Finance
FHN^E,First Horizon Corporation Depositary Shares each representing a 1/4000th interest in a share of Non-Cumulative Perpetual Preferred Stock Series E,$22.49,0.18,0.807%,18737,,United States,,,
FHN^F,First Horizon Corporation Depositary Shares each representing 1/4000th Interest in a Share of Non-Cumulative Perpetual Preferred Stock Series F,$15.64,-0.18,-1.138%,44166,,United States,,,
FHN^H,First Horizon Corporation Depositary Shares each representing a 1/4000th interest in a share of Non-Cumulative Perpetual Preferred Stock Series H,$22.62,-0.10,-0.44%,118434,,United States,,,
FHTX,Foghorn Therapeutics Inc. Common Stock,$3.57,0.05,1.42%,419970,212005575.00,United States,2020,Biotechnology: Pharmaceutical Preparations,Health Care
FIBK,First Interstate BancSystem Inc. Common Stock (DE),$35.74,-0.26,-0.722%,1015801,3406186654.00,United States,2010,Major Banks,Finance
FICO,Fair Isaac Corporation Common Stock,$592.47,-25.40,-4.111%,2010191,12795950808.00,United States,,Business Services,Consumer Discretionary
FIEE,FiEE Inc Common Stock,$3.65,0.12,3.399%,6259,31129383.00,United States,,Telecommunications Equipment,Utilities
FIG,Figma Inc. Class A Common Stock,$21.02,0.30,1.448%,10538592,11203867404.00,United States,2025,Computer Software: Prepackaged Software,Technology
FIGR,Figure Technology Solutions Inc. Class A Common Stock,$28.85,-0.45,-1.536%,6035499,6473301607.00,U.S. Virgin Islands,2025,Finance: Consumer Services,Finance
FIGS,FIGS Inc. Class A Common Stock,$13.86,-0.20,-1.422%,3258925,2302703754.00,United States,2021,Apparel,Consumer Discretionary
FIGX,FIGX Capital Acquisition Corp. Class A Ordinary Share,$10.32,-0.01,-0.097%,50125,0.00,United States,2025,Blank Checks,Finance
FINS,Angel Oak Financial Strategies Income Term Trust Common Shares of Beneficial Interest,$11.93,0.07,0.59%,50797,298997271.00,,2019,Finance/Investors Services,Finance
FINV,FinVolution Group American Depositary Shares,$3.03,-0.01,-0.329%,460730,715364826.00,United States,2017,Finance: Consumer Services,Finance
FINW,FinWise Bancorp Common Stock,$11.14,-0.12,-1.066%,24331,154653055.00,United States,2021,Major Banks,Finance
FIP,FTAI Infrastructure Inc. Common Stock ,$2.76,-0.06,-2.128%,1046160,326181594.00,United States,,Railroads,Industrials
FIRY,Firy Inc. Class A Common Stock,$12.39,-0.16,-1.275%,102459,205949764.00,United States,2020,EDP Services,Technology
FIS,Fidelity National Information Services Inc. Common Stock,$32.90,-0.45,-1.349%,5864218,16966724669.00,United States,,Business Services,Consumer Discretionary
FISI,Financial Institutions Inc. Common Stock,$38.98,-0.31,-0.789%,123930,768153913.00,United States,1999,Major Banks,Finance
FISN,Deep Fission Inc. Common Stock,$5.13,-0.115,-2.193%,282167,302187462.00,United States,2026,Electric Utilities: Central,Utilities
FISV,Fiserv Inc. Common Stock,$45.18,-0.18,-0.397%,6583218,24025220455.00,United States,1986,Business Services,Consumer Discretionary
FITB,Fifth Third Bancorp Common Stock,$50.58,-0.39,-0.765%,9619124,45870625887.00,United States,,Major Banks,Finance
FITB^A,Fifth Third Bancorp Depositary Shares each representing 1/40th share of Fifth Third 6.00% Non-Cumulative Perpetual Class B Preferred Stock Series A,$20.84,-0.16,-0.762%,36914,,United States,,,
FITB^I,Fifth Third Bancorp Depositary Share repstg 1/1000th Ownership Interest Perp Pfd Series I,$25.51,0.05,0.196%,89550,,United States,,,
FITB^K,Fifth Third Bancorp Depositary Shares each representing a 1/1000th ownership interest in a share of Non-Cumulative Perpetual Preferred Stock Series K,$18.18,0.00,0.00%,242599,,United States,,,
FITB^M,Fifth Third Bancorp Depositary Shares Representing a 1/40th Ownership Interest in a Share of 6.875% Fixed-Rate Reset Non-Cumulative Perpetual Preferred Stock Series M,$24.38,-0.52,-2.088%,150354,,United States,,,
FIVE,Five Below Inc. Common Stock,$219.57,-2.46,-1.108%,1082196,12088214465.00,United States,2012,Department/Specialty Retail Stores,Consumer Discretionary
FIVN,Five9 Inc. Common Stock,$34.01,0.00,0.00%,2627363,2541347289.00,United States,2014,EDP Services,Technology
FIX,Comfort Systems USA Inc. Common Stock,$1654.09,-10.96,-0.658%,299775,58214587656.00,United States,1997,Engineering & Construction,Industrials
FIZZ,National Beverage Corp. Common Stock,$29.20,-0.41,-1.385%,448165,2733566818.00,United States,,Beverages (Production/Distribution),Consumer Staples
FJDI,ARC Group Securities Acquisition I Class A Ordinary Shares,$9.87,0.01,0.101%,6995,0.00,United States,2026,,
FJDIR,ARC Group Securities Acquisition I Rights,$0.1625,0.0025,1.563%,4420,0.00,United States,2026,,
FJDIU,ARC Group Securities Acquisition I Units,$10.03,-0.02,-0.199%,40864,0.00,United States,2026,,
FJDIW,ARC Group Securities Acquisition I Warrants,$0.035,-0.0032,-8.377%,780,0.00,United States,2026,,
FJET,Starfighters Space Inc. Common Stock,$1.83,-0.02,-1.081%,1130008,100642715.00,United States,2025,Air Freight/Delivery Services,Consumer Discretionary
FKWL,Franklin Wireless Corp. Common Stock,$2.38,-0.015,-0.626%,6809,28046586.00,United States,,Telecommunications Equipment,Utilities
FLC,Flaherty & Crumrine Total Return Fund Inc Common Stock,$15.75,0.14,0.897%,46945,0.00,United States,2003,Trusts Except Educational Religious and Charitable,Finance
FLD,Fold Holdings Inc. Class A Common Stock,$0.5323,-0.0078,-1.444%,47178,29206880.00,United States,2025,Finance: Consumer Services,Finance
FLDDW,Fold Holdings Inc. Warrant,$0.1133,0.00,0.00%,16,6216681.00,United States,2025,Finance: Consumer Services,Finance
FLEX,Flex Ltd. Ordinary Shares,$109.99,-3.84,-3.373%,3266041,40630633550.00,Singapore,1994,Electrical Products,Technology
FLG,Flagstar Bank N.A. Common Stock,$11.67,-0.17,-1.436%,6111935,4844133396.00,United States,,Banks,Finance
FLG^A,Flagstar Bank N.A. Depositary shares each representing a 1/40th interest in a share of Fixed-to-Floating Rate Series A Noncumulative Perpetual Preferred Stock,$23.02,-0.60,-2.54%,166913,,United States,,,
FLG^U,Flagstar Bank N.A. Bifurcated Option Note Unit SecuritiES,$37.76,-0.24,-0.632%,1591,,United States,,,
FLGT,Fulgent Genetics Inc. Common Stock,$22.02,-0.06,-0.272%,273562,605886752.00,United States,2016,Medical Specialities,Health Care
FLL,Full House Resorts Inc. Common Stock,$1.42,-0.09,-5.96%,260134,52035162.00,United States,,Hotels/Resorts,Consumer Discretionary
FLNA,Filana Therapeutics Inc. Common Stock,$0.886,-0.0387,-4.185%,776948,42800796.00,United States,,Biotechnology: Pharmaceutical Preparations,Health Care
FLNC,Fluence Energy Inc. Class A Common Stock,$7.68,-0.14,-1.79%,5268253,1417700114.00,United States,2021,Industrial Machinery/Components,Miscellaneous
FLNG,FLEX LNG Ltd. Ordinary Shares,$30.76,-0.09,-0.292%,219206,1663881486.00,,2019,Marine Transportation,Consumer Discretionary
FLNT,Fluent Inc. Common Stock,$3.135,-0.075,-2.336%,58458,99088215.00,United States,,Advertising,Consumer Discretionary
FLO,Flowers Foods Inc. Common Stock,$5.55,-0.13,-2.289%,7628994,1176918670.00,United States,,Packaged Foods,Consumer Staples
FLOC,Flowco Holdings Inc. Class A Common Stock,$18.10,0.06,0.333%,942008,1635393427.00,United States,2025,Oil and Gas Field Machinery,Consumer Discretionary
FLR,Fluor Corporation Common Stock,$47.88,-1.95,-3.913%,3549436,6403522288.00,United States,,Military/Government/Technical,Industrials
FLS,Flowserve Corporation Common Stock,$73.12,-0.69,-0.935%,1434929,9294486474.00,United States,,Fluid Controls,Industrials
FLUT,Flutter Entertainment plc Ordinary Shares,$74.54,0.09,0.121%,2776385,13058000238.00,Ireland,2024,Computer Software: Programming Data Processing,Technology
FLUX,Flux Power Holdings Inc. Common Stock,$0.4509,-0.0005,-0.111%,883052,9749198.00,United States,,Industrial Machinery/Components,Miscellaneous
FLWS,1-800-FLOWERS.COM Inc. Common Stock,$2.50,-0.10,-3.846%,290193,160462740.00,United States,1999,Other Specialty Stores,Consumer Discretionary
FLX,BingEx Limited American Depositary Shares,$1.45,-0.14,-8.805%,105060,106038370.00,China,2024,Trucking Freight/Courier Services,Industrials
FLXS,Flexsteel Industries Inc. Common Stock,$84.65,-1.46,-1.696%,55971,346365876.00,United States,,Home Furnishings,Consumer Discretionary
FLY,Firefly Aerospace Inc. Common Stock,$23.15,0.29,1.269%,4324156,3875417532.00,United States,2025,Military/Government/Technical,Industrials
FLYE,Fly-E Group Inc. Common Stock,$1.38,-0.04,-2.817%,8511,2252693.00,United States,2024,Aerospace,Industrials
FLYW,Flywire Corporation Voting Common Stock,$17.50,0.17,0.981%,2183119,2129184295.00,United States,2021,Business Services,Consumer Discretionary
FLYX,flyExclusive Inc. Class A Common Stock,$1.22,-0.06,-4.688%,260480,124539733.00,,2023,Transportation Services,Consumer Discretionary
FMAC,Future Money Acquisition Corporation Ordinary Shares,$10.06,0.00,0.00%,20,0.00,United States,2026,Blank Checks,Finance
FMACR,Future Money Acquisition Corporation Rights,$0.149,-0.001,-0.667%,2101,0.00,United States,2026,Blank Checks,Finance
FMACU,Future Money Acquisition Corporation Units,$10.20,0.00,0.00%,21,0.00,United States,2026,Blank Checks,Finance
FMAO,Farmers & Merchants Bancorp Inc. Common Stock,$34.62,-0.09,-0.259%,60340,476826868.00,United States,,Savings Institutions,Finance
FMBH,First Mid Bancshares Inc. Common Stock,$48.74,-0.14,-0.286%,146355,1296577191.00,United States,,Major Banks,Finance
FMC,FMC Corporation Common Stock,$8.92,-0.17,-1.87%,5768231,1117023404.00,United States,,Major Chemicals,Industrials
FMFC,Kandal M Venture Limited Class A Ordinary Shares,$0.1825,-0.0001,-0.055%,77184,3887250.00,Cambodia,2025,Apparel,Consumer Discretionary
FMN,Federated Hermes Premier Municipal Income Fund,$9.85,0.02,0.203%,138385,849610273.00,United States,2002,Investment Managers,Finance
FMNB,Farmers National Banc Corp. Common Stock,$15.03,-0.18,-1.183%,431217,890491007.00,United States,,Major Banks,Finance
FMS,Fresenius Medical Care AG American Depositary Shares (Each representing 1/2 of an Ordinary Share),$22.38,0.11,0.494%,1067110,12500970493.00,Germany,,Misc Health and Biotechnology Services,Health Care
FMST,Foremost Clean Energy Ltd. Common Shares,$0.6414,-0.0197,-2.98%,48403,19296290.00,Canada,,Other Metals and Minerals,Basic Materials
FMSTW,Foremost Clean Energy Ltd. Warrant,$0.2503,0.0002,0.08%,361,7530186.00,Canada,,Other Metals and Minerals,Basic Materials
FMX,Fomento Economico Mexicano S.A.B. de C.V. Common Stock,$118.56,-1.05,-0.878%,702960,40391194846.00,Mexico,,Beverages (Production/Distribution),Consumer Staples
FMY,First Trust Mortgage Income Fund Common Shares of Beneficial Interest,$11.125,-0.015,-0.135%,2816,0.00,United States,2005,Finance/Investors Services,Finance
FN,Fabrinet Ordinary Shares,$424.27,0.15,0.035%,767356,15203657749.00,Cayman Islands,2010,Telecommunications Equipment,Utilities
FNB,F.N.B. Corporation Common Stock,$17.21,-0.11,-0.635%,6149350,6075146728.00,United States,,Major Banks,Finance
FND,Floor & Decor Holdings Inc. Common Stock,$45.81,-1.26,-2.677%,2414596,4878305297.00,United States,2017,RETAIL: Building Materials,Consumer Discretionary
FNF,Fidelity National Financial Inc. Common Stock,$38.65,-2.51,-6.098%,4393963,10365652764.00,United States,2014,Specialty Insurers,Finance
FNGR,FingerMotion Inc. Common Stock,$0.1766,0.0389,28.25%,282080030,13281138.00,United States,,Computer Software: Prepackaged Software,Technology
FNKO,Funko Inc. Class A Common Stock,$5.41,0.08,1.501%,1306213,302937094.00,United States,2017,Recreational Games/Products/Toys,Consumer Discretionary
FNLC,First Bancorp Inc  (ME) Common Stock,$33.34,-0.43,-1.273%,35294,376153216.00,United States,,Major Banks,Finance
FNRN,First Northern Community Bancorp Common stock,$17.28,-0.02,-0.116%,122389,283310836.00,United States,,Savings Institutions,Finance
FNUC,Frontier Nuclear and Minerals Inc. Common Shares,$1.33,-0.05,-3.623%,1248312,47745731.00,Canada,2021,Other Metals and Minerals,Basic Materials
FNV,Franco-Nevada Corporation,$238.11,-9.83,-3.965%,3658533,45925182899.00,Canada,,Precious Metals,Basic Materials
FNWB,First Northwest Bancorp Common Stock,$10.01,0.00,0.00%,24354,95211266.00,United States,2015,Banks,Finance
FNWD,Finward Bancorp Common Stock,$41.65,-0.52,-1.233%,7607,180469533.00,United States,,Savings Institutions,Finance
FOA,Finance of America Companies Inc. Class A Common Stock,$12.64,-0.38,-2.919%,80466,218759090.00,United States,2021,Finance: Consumer Services,Finance
FOCL,EDAP TMS S.A. American Depositary Shares,$4.47,-0.07,-1.542%,94965,167749937.00,France,,Biotechnology: Electromedical & Electrotherapeutic Apparatus,Health Care
FOF,Cohen & Steers Closed-End Opportunity Fund Inc. Common Stock,$12.47,0.13,1.053%,129480,612758691.00,United States,2006,Investment Managers,Finance
FOFO,Hang Feng Technology Innovation Co. Ltd. Ordinary Shares,$2.10,-0.02,-0.943%,8880,15899264.00,Hong Kong,2025,Professional Services,Consumer Discretionary
FOIL,Londian Wason New Energy Tech Inc. American Depositary Shares each representing five Ordinary Shares,$16.26,-3.13,-16.142%,52800,1270856186.00,,2026,Industrial Specialties,Industrials
FOR,Forestar Group Inc Common Stock ,$25.75,-0.31,-1.19%,151121,1313703895.00,United States,2017,Real Estate,Finance
FORM,FormFactor Inc. FormFactor Inc. Common Stock,$149.31,13.06,9.585%,2290406,11664205450.00,United States,2003,Semiconductors,Technology
FORR,Forrester Research Inc. Common Stock,$11.51,-0.08,-0.69%,293160,219138890.00,United States,1996,Diversified Commercial Services,Industrials
FORTY,Formula Systems (1985) Ltd. American Depositary Shares,$114.99,0.00,0.00%,203,1761378528.00,Israel,,EDP Services,Technology
FOSL,Fossil Group Inc. Common Stock,$6.57,0.41,6.656%,1415023,388537002.00,United States,1993,Consumer Specialties,Consumer Discretionary
FOUR,Shift4 Payments Inc. Class A Common Stock,$36.17,-0.91,-2.454%,2264573,2855987540.00,United States,2020,Business Services,Consumer Discretionary
FOUR^A,Shift4 Payments Inc. 6.00% Series A Mandatory Convertible Preferred Stock,$49.31,-1.71,-3.352%,99889,,United States,,,
FOX,Fox Corporation Class B Common Stock,$56.30,0.47,0.842%,1707469,23740224919.00,United States,,Broadcasting,Industrials
FOXA,Fox Corporation Class A Common Stock,$62.65,0.17,0.272%,4110671,26417852418.00,United States,,Broadcasting,Industrials
FOXF,Fox Factory Holding Corp. Common Stock,$18.37,-0.33,-1.765%,853179,772109488.00,United States,2013,Motor Vehicles,Consumer Discretionary
FOXX,Foxx Development Holdings Inc. Common Stock,$2.51,-0.033,-1.298%,5652,17758017.00,United States,,Computer Communications Equipment,Telecommunications
FOXXW,Foxx Development Holdings Inc. Warrant,$0.0653,0.00,0.00%,560,461991.00,United States,,Computer Communications Equipment,Telecommunications
FPF,First Trust Intermediate Duration Preferred & Income Fund Common Shares of Beneficial Interest,$16.01,-0.10,-0.621%,193254,0.00,United States,2013,Trusts Except Educational Religious and Charitable,Finance
FPH,Five Point Holdings LLC Class A Common Shares,$4.68,-0.04,-0.847%,135600,692076828.00,United States,2017,Real Estate,Finance
FPI,Farmland Partners Inc. Common Stock,$11.35,0.26,2.344%,1513804,495208695.00,United States,2014,Real Estate Investment Trusts,Real Estate
FPS,Forgent Power Solutions Inc. Class A Common Stock,$37.44,0.24,0.645%,10254213,11397817604.00,United States,2026,Industrial Machinery/Components,Energy
FR,First Industrial Realty Trust Inc. Common Stock,$59.54,-1.61,-2.633%,1299886,7893393205.00,United States,1994,Real Estate Investment Trusts,Real Estate
FRA,Blackrock Floating Rate Income Strategies Fund Inc  Common Stock,$10.54,-0.09,-0.847%,194095,1567956444.00,United States,2003,Investment Bankers/Brokers/Service,Finance
FRAF,Franklin Financial Services Corporation Common Stock,$61.82,-0.65,-1.04%,25704,278164159.00,United States,,Major Banks,Finance
FRBA,First Bank Common Stock,$17.24,-0.22,-1.26%,146964,433317108.00,United States,2013,Major Banks,Finance
FRBT,Forbright Inc. Class A Common Stock,$17.03,-0.04,-0.234%,142331,864517391.00,United States,2026,Major Banks,Finance
FRD,Friedman Industries Inc. Common Stock,$38.20,-0.54,-1.394%,36094,275528616.00,United States,,Steel/Iron Ore,Industrials
FRGT,Freight Technologies Inc. Ordinary Shares,$0.28,-0.0225,-7.438%,61728966,160195.00,United States,2017,Integrated Freight & Logistics,Industrials
FRHC,Freedom Holding Corp. Common Stock,$167.30,-2.68,-1.577%,88853,10671676522.00,Kazakhstan,,Investment Bankers/Brokers/Service,Finance
FRME,First Merchants Corporation Common Stock,$39.78,-0.295,-0.736%,551491,2498240607.00,United States,,Major Banks,Finance
FRMEP,First Merchants Corporation Depository Shares,$25.20,0.00,0.00%,14,1582595860.00,United States,,Major Banks,Finance
FRMI,Fermi Inc. Common Stock,$4.21,-0.07,-1.636%,16560650,2696367535.00,United States,2025,Real Estate Investment Trusts,Real Estate
FRMM,Forum Markets Incorporated Common Stock,$4.72,-0.11,-2.277%,99103,62299035.00,United States,2017,Finance: Consumer Services,Finance
FRNM,Freenome Inc. Common stock,$15.75,-0.17,-1.068%,518530,1692287321.00,United States,,Medical Specialities,Health Care
FRO,Frontline Plc Ordinary Shares,$49.27,0.34,0.695%,2647982,10968629741.00,Bermuda,,Marine Transportation,Consumer Discretionary
FROG,JFrog Ltd. Ordinary Shares,$97.04,6.67,7.381%,1842186,11965159219.00,United States,2020,Computer Software: Prepackaged Software,Technology
FRPH,FRP Holdings Inc. Common Stock,$20.81,-0.25,-1.187%,64797,399516644.00,United States,,Real Estate,Finance
FRPT,Freshpet Inc. Common Stock,$57.56,0.41,0.717%,844947,2766222739.00,United States,2014,Packaged Foods,Consumer Staples
FRSH,Freshworks Inc. Class A Common Stock,$12.79,0.21,1.669%,5307827,3337176674.00,United States,2021,Computer Software: Prepackaged Software,Technology
FRST,Primis Financial Corp. Common Stock,$15.28,-0.09,-0.586%,133336,378929820.00,United States,2006,Major Banks,Finance
FRSX,Foresight Autonomous Holdings Ltd. American Depositary Shares,$1.09,-0.06,-5.217%,27347,3248540.00,Israel,,Computer Software: Prepackaged Software,Technology
FRT,Federal Realty Investment Trust Common Stock,$108.29,-1.10,-1.006%,1310973,9409224213.00,United States,,Real Estate Investment Trusts,Real Estate
FRT^C,Federal Realty Investment Trust Depositary Shares each representing a 1/1000th interest in a 5.000% Series C Cumulative Redeemable Preferred Share,$18.67,0.325,1.772%,24101,,United States,,,
FRTT,Fort Technology Inc. Common Shares,$0.815,-0.0246,-2.93%,74906,12259704.00,Canada,,Agricultural Chemicals,Industrials
FRVO,Fervo Energy Company Class A common stock,$13.59,-0.16,-1.164%,5597473,4005831874.00,United States,2026,Electric Utilities: Central,Utilities
FSBC,Five Star Bancorp Common Stock,$42.37,0.01,0.024%,186128,1039616335.00,United States,2021,Major Banks,Finance
FSBW,FS Bancorp Inc. Common Stock,$43.29,-0.54,-1.232%,38533,340352387.00,United States,2012,Banks,Finance
FSCO,FS Credit Opportunities Corp. Common Stock,$5.16,-0.02,-0.386%,847392,1023516444.00,United States,2022,Trusts Except Educational Religious and Charitable,Finance
FSEA,First Seacoast Bancorp Inc. Common Stock,$17.25,0.00,0.00%,9400,81151331.00,United States,2019,Savings Institutions,Finance
FSHP,Flag Ship Acquisition Corp. Ordinary Shares,$11.29,0.00,0.00%,642,0.00,United States,2024,,
FSHPR,Flag Ship Acquisition Corp. Right,$0.0875,0.00,0.00%,80,0.00,United States,2024,,
FSI,Flexible Solutions International Inc. Common Stock (CDA),$6.01,0.24,4.159%,34530,76762713.00,Canada,2002,Major Chemicals,Industrials
FSK,FS KKR Capital Corp. Common Stock,$10.99,-0.12,-1.08%,1796566,3036979677.00,United States,2014,Investment Managers,Finance
FSLR,First Solar Inc. Common Stock,$175.16,-1.77,-1.00%,1921942,18824408066.00,United States,2006,Semiconductors,Technology
FSLY,Fastly Inc. Class A Common Stock,$25.67,0.19,0.746%,6199081,4089231000.00,United States,,Computer Software: Prepackaged Software,Technology
FSM,Fortuna Mining Corp. Common Shares,$11.24,-0.11,-0.969%,20370442,3423225030.00,Canada,,Precious Metals,Basic Materials
FSP,Franklin Street Properties Corp. Common Stock,$0.3769,0.0169,4.694%,742037,39202013.00,United States,,Real Estate Investment Trusts,Real Estate
FSS,Federal Signal Corporation Common Stock,$110.79,-3.47,-3.037%,454261,6762800083.00,United States,,Auto Manufacturing,Industrials
FSSL,FS Specialty Lending Fund Common Shares of Beneficial Interest,$11.63,-0.05,-0.428%,189580,0.00,United States,2025,Finance/Investors Services,Finance
FSTR,L.B. Foster Company Common Stock,$36.07,-1.29,-3.453%,41070,379447851.00,United States,,Metal Fabrications,Industrials
FSUN,FirstSun Capital Bancorp Common Stock,$38.61,-0.01,-0.026%,374458,1798607198.00,United States,,Major Banks,Finance
FSV,FirstService Corporation Common Shares,$127.88,-1.015,-0.787%,250007,5584490188.00,Canada,,Real Estate,Finance
FT,Franklin Universal Trust Common Stock,$7.04,-0.01,-0.142%,115038,176928534.00,United States,,Trusts Except Educational Religious and Charitable,Finance
FTAI,FTAI Aviation Ltd. Common Stock,$167.03,-1.90,-1.125%,1161268,17155165410.00,United States,,Misc Corporate Leasing Services,Industrials
FTAIM,FTAI Aviation Ltd. 9.500% Fixed-Rate Reset Series D Cumulative Perpetual Redeemable Preferred Shares,$27.17,0.10,0.369%,576,2790551662.00,United States,,Misc Corporate Leasing Services,Industrials
FTCI,FTC Solar Inc. Common Stock,$2.15,0.00,0.00%,313355,35521001.00,United States,2021,Semiconductors,Technology
FTDR,Frontdoor Inc. Common Stock,$73.12,-0.26,-0.354%,570421,5037479266.00,United States,,Diversified Commercial Services,Consumer Discretionary
FTEK,Fuel Tech Inc. Common Stock,$1.62,-0.02,-1.22%,61770,50571198.00,United States,,Pollution Control Equipment,Industrials
FTF,Franklin Limited Duration Income Trust Common Shares of Beneficial Interest,$5.36,0.00,0.00%,301933,216572805.00,United States,2003,Finance/Investors Services,Finance
FTFT,Future FinTech Group Inc. Common Stock,$3.40,-0.37,-9.814%,102651,31875000.00,China,,Business Services,Consumer Discretionary
FTH,Faeth Therapeutics Inc. Common Stock,$29.74,1.67,5.949%,356535,768494240.00,United States,2021,Biotechnology: Pharmaceutical Preparations,Health Care
FTHA,Forefront Tech Holdings Acquisition Corp Class A Ordinary Shares,$9.98,0.00,0.00%,7,0.00,Cayman Islands,2026,Blank Checks,Finance
FTHAW,Forefront Tech Holdings Acquisition Corp Warrant,$0.30,0.00,0.00%,29,0.00,Cayman Islands,2026,Blank Checks,Finance
FTHM,Fathom Holdings Inc. Common Stock,$0.4353,-0.0627,-12.59%,1059928,14890411.00,United States,2020,Real Estate,Finance
FTHY,First Trust High Yield Opportunities 2027 Term Fund Common Stock,$12.85,-0.05,-0.388%,118919,472532909.00,United States,2020,Investment Managers,Finance
FTI,TechnipFMC plc Ordinary Share,$67.92,-0.93,-1.351%,2671065,26635805233.00,,,Oil and Gas Field Machinery,Consumer Discretionary
FTK,Flotek Industries Inc. Common Stock,$29.32,0.82,2.877%,1618292,1061982978.00,United States,,Major Chemicals,Industrials
FTLF,FitLife Brands Inc. Common Stock,$9.30,0.21,2.31%,3653,87336970.00,United States,, Medicinal Chemicals and Botanical Products ,Health Care
FTNT,Fortinet Inc. Common Stock,$178.76,2.80,1.591%,3113299,131158652610.00,United States,2009,Computer peripheral equipment,Technology
FTRA,FutureCorp Space Acquisition 1 Class A Ordinary Shares,$9.87,0.00,0.00%,46,0.00,,2026,,
FTRE,Fortrea Holdings Inc. Common Stock,$19.95,0.21,1.064%,1480977,1897245000.00,United States,,Medical Specialities,Health Care
FTS,Fortis Inc. Common Shares,$52.82,-0.24,-0.452%,875516,26985738000.00,United States,2016,Electric Utilities: Central,Utilities
FTV,Fortive Corporation Common Stock ,$54.81,-0.60,-1.083%,2115220,16553554620.00,United States,2016,Industrial Machinery/Components,Industrials
FTW,Presidio Production Company Class A Common Stock,$9.96,-0.23,-2.257%,92518,312005117.00,,,Oil & Gas Production,Energy
FUBO,FuboTV Inc. Class A Common Stock,$8.96,-0.13,-1.43%,1144910,978403283.00,United States,2020,Movies/Entertainment,Consumer Discretionary
FUFU,BitFuFu Inc. Class A Ordinary Shares,$1.40,0.00,0.00%,35834,233315037.00,Singapore,,Finance: Consumer Services,Finance
FUFUW,BitFuFu Inc. Warrant,$0.20,0.028,16.279%,2585,33330720.00,Singapore,,Finance: Consumer Services,Finance
FUL,H. B. Fuller Company Common Stock,$49.47,-0.13,-0.262%,1156789,2662926517.00,United States,,Home Furnishings,Industrials
FULC,Fulcrum Therapeutics Inc. Common Stock,$3.70,0.00,0.00%,1918421,282299851.00,United States,2019,Biotechnology: Pharmaceutical Preparations,Health Care
FULT,Fulton Financial Corporation Common Stock,$22.56,-0.09,-0.397%,1944069,4307032541.00,United States,,Major Banks,Finance
FULTP,Fulton Financial Corporation Depositary Shares Each Representing a 1/40th Interest in a Share of Fixed Rate Non-Cumulative Perpetual Preferred Stock Series A,$17.22,0.1703,0.999%,20436,3287548775.00,United States,,Major Banks,Finance
FUN,Six Flags Entertainment Corporation Common Stock New,$10.71,-0.15,-1.381%,4674991,1095807702.00,United States,,Services-Misc. Amusement & Recreation,Consumer Discretionary
FUNC,First United Corporation Common Stock,$42.77,-0.65,-1.497%,44169,276030566.00,United States,,Major Banks,Finance
FUND,Sprott Focus Trust Inc. Common Stock,$9.69,0.00,0.00%,16580,287149167.00,United States,,Investment Managers,Finance
FURY,Fury Gold Mines Limited Common Shares,$0.53,0.006,1.145%,79802,100770063.00,,2020,Precious Metals,Basic Materials
FUSB,First US Bancshares Inc. Common Stock,$16.49,-0.06,-0.363%,3644,90772651.00,United States,,Major Banks,Finance
FUSE,Fusemachines Inc. Common stock,$0.5217,-0.0347,-6.237%,306876,15121632.00,United States,,EDP Services,Technology
FUSEW,Fusemachines Inc. Warrants,$0.0401,0.00,0.00%,46,1162311.00,United States,,EDP Services,Technology
FUTU,Futu Holdings Limited American Depositary Shares,$110.55,-2.43,-2.151%,1305361,15495531165.00,Hong Kong,2019,Investment Bankers/Brokers/Service,Finance
FVAV,Fortress Value Acquisition Corp. V Class A Ordinary Shares,$10.25,0.00,0.00%,163,0.00,United States,2026,,
FVCB,FVCBankcorp Inc. Common Stock,$17.43,-0.16,-0.91%,50564,314336193.00,United States,,Major Banks,Finance
FVN,Future Vision II Acquisition Corporation Ordinary shares,$9.27,-0.06,-0.643%,6866,0.00,China,2024,,
FVNNR,Future Vision II Acquisition Corporation Right,$0.19,0.00,0.00%,143,0.00,China,2024,Blank Checks,Finance
FVNNU,Future Vision II Acquisition Corporation Units,$13.47,0.77,6.063%,11344,0.00,China,2024,,
FVR,FrontView REIT Inc. Common Stock,$16.66,-0.34,-2.00%,698054,407436177.00,United States,2024,Real Estate Investment Trusts,Real Estate
FVRR,Fiverr International Ltd. Ordinary Shares no par value,$8.62,0.07,0.819%,743482,309895275.00,,2019,Business Services,Consumer Discretionary
FWAC,Futurewave Acquisition Corporation Ordinary Shares,$9.95,0.00,0.00%,21741,0.00,United States,2026,Blank Checks,Finance
FWACR,Futurewave Acquisition Corporation Rights,$0.12,0.00,0.00%,7902,0.00,United States,2026,Blank Checks,Finance
FWACU,Futurewave Acquisition Corporation Units,$10.10,0.02,0.198%,6141,0.00,United States,2026,Blank Checks,Finance
FWACW,Futurewave Acquisition Corporation Warrants,$0.0216,0.0016,8.00%,18951,0.00,United States,2026,Blank Checks,Finance
FWDI,Forward Industries Inc. Common Stock,$7.80,-0.21,-2.622%,1984800,595048077.00,United States,,Finance: Consumer Services,Finance
FWONA,Liberty Media Corporation Series A Common Stock,$84.63,-0.72,-0.844%,241554,21217459086.00,United States,,Broadcasting,Industrials
FWONK,Liberty Media Corporation Series C Common Stock,$92.40,-0.68,-0.731%,1750621,23165464014.00,United States,,Broadcasting,Industrials
FWRD,Forward Air Corporation Common Stock,$15.25,0.24,1.599%,421343,515158146.00,United States,,Integrated Freight & Logistics,Industrials
FWRG,First Watch Restaurant Group Inc. Common Stock,$10.17,-0.21,-2.023%,1835497,627615464.00,United States,2021,Restaurants,Consumer Discretionary
FXAC,FortuneX Acquisition Corporation Ordinary shares,$10.08,0.00,0.00%,9,0.00,United States,2026,Blank Checks,Finance
FXACU,FortuneX Acquisition Corporation Units,$10.35,0.00,0.00%,9,0.00,United States,2026,Blank Checks,Finance
FXHO,UTime Limited Class A Ordinary Shares,$10.27,1.02,11.027%,26973,280127919.00,China,2021,Consumer Electronics/Appliances,Technology
FXNC,First National Corporation Common Stock,$29.38,-0.53,-1.772%,19782,265672440.00,United States,,Major Banks,Finance
G,Genpact Limited Common Stock,$32.53,0.29,0.90%,1876775,5466159260.00,Bermuda,2007,Professional Services,Consumer Discretionary
GAB,Gabelli Equity Trust Inc. (The) Common Stock,$5.24,-0.01,-0.19%,1082850,1539602196.00,United States,1986,Investment Managers,Finance
GAB^G,Gabelli Equity Trust Inc. (The) Series G Cumulative Preferred Stock,$18.26,-0.03,-0.164%,2294,,United States,,,
GAB^H,Gabelli Equity Trust Inc. (The) Pfd Ser H,$18.25,-0.02,-0.109%,33676,,United States,,,
GAB^K,Gabelli Equity Trust Inc. (The) 5.00% Series K Cumulative Preferred Stock,$18.28,-0.0199,-0.109%,9336,,United States,,,
GABC,German American Bancorp Inc. Common Stock,$48.36,-0.46,-0.942%,143665,1817311155.00,United States,,Major Banks,Finance
GAIA,Gaia Inc. Class A Common Stock,$1.32,-0.065,-4.693%,16651,33562047.00,United States,1999,Movies/Entertainment,Consumer Discretionary
GAIN,Gladstone Investment Corporation Business Development Company,$15.60,-0.23,-1.453%,193087,621222685.00,United States,2005,Finance: Consumer Services,Finance
GAING,Gladstone Investment Corporation 7.125% Notes due 2031,$25.09,-0.05,-0.199%,8723,0.00,United States,,Finance: Consumer Services,Finance
GAINI,Gladstone Investment Corporation 7.875% Notes due 2030,$25.45,0.02,0.079%,13937,0.00,United States,,Finance: Consumer Services,Finance
GAINZ,Gladstone Investment Corporation 4.875% Notes due 2028,$24.39,0.22,0.91%,11134,932167020.00,United States,,Finance: Consumer Services,Finance
GALT,Galectin Therapeutics Inc. Common Stock,$3.88,-0.03,-0.767%,198092,391296619.00,United States,,Biotechnology: Pharmaceutical Preparations,Health Care
GAM,General American Investors Inc. Common Stock,$63.44,-0.30,-0.471%,51343,1521012698.00,United States,,Investment Managers,Finance
GAM^B,General American Investors Company Inc. Cumulative Preferred Stock,$22.28,-0.20,-0.89%,23626,,United States,,,
GAME,GameSquare Holdings Inc. Common Stock,$3.06,-0.02,-0.649%,54751,39976825.00,United States,,Services-Misc. Amusement & Recreation,Consumer Discretionary
GANX,Gain Therapeutics Inc. Common Stock,$1.73,0.05,2.976%,787978,75503461.00,United States,2021,Biotechnology: Pharmaceutical Preparations,Health Care
GAP,Gap Inc. (The) Common Stock,$22.84,-0.70,-2.974%,8047791,8023009929.00,United States,,Clothing/Shoe/Accessory Stores,Consumer Discretionary
GASS,StealthGas Inc. Common Stock,$8.98,0.09,1.012%,105525,333927460.00,Greece,2005,Marine Transportation,Consumer Discretionary
GATX,GATX Corporation Common Stock,$170.02,-5.84,-3.321%,299414,6001706000.00,United States,,Transportation Services,Consumer Discretionary
GAU,Galiano Gold Inc.,$1.94,-0.04,-2.02%,1648780,507488022.00,Canada,,Mining & Quarrying of Nonmetallic Minerals (No Fuels),Industrials
GAUZ,Gauzy Ltd. Ordinary Shares,$5.80,0.30,5.455%,8368,6666416.00,Israel,2024,Industrial Machinery/Components,Miscellaneous
GBAB,Guggenheim Taxable Municipal Bond & Investment Grade Debt Trust Common Shares of Beneficial Interest,$12.44,0.05,0.404%,246171,278617498.00,United States,2010,Investment Managers,Finance
GBCI,Glacier Bancorp Inc. Common Stock,$43.20,-0.47,-1.076%,1052052,5625156370.00,United States,,Major Banks,Finance
GBDC,Golub Capital BDC Inc. Common Stock,$12.63,-0.02,-0.158%,3556610,3279399569.00,United States,2010,Finance: Consumer Services,Finance
GBFH,GBank Financial Holdings Inc. Common Stock,$18.18,-0.47,-2.52%,86073,263909188.00,United States,,Major Banks,Finance
GBLI,Global Indemnity Group LLC Class A Common Stock ,$24.50,0.21,0.865%,5727,358695043.00,United States,,Property-Casualty Insurers,Finance
GBR,New Concept Energy Inc Common Stock,$0.766,0.0221,2.971%,43263,3931061.00,United States,1993,Oil & Gas Production,Energy
GBX,Greenbrier Companies Inc. (The) Common Stock,$40.07,-1.04,-2.53%,485181,1239753218.00,United States,1994,Railroads,Industrials
GCBC,Greene County Bancorp Inc. Common Stock,$33.50,-0.16,-0.475%,27041,570353748.00,United States,,Banks,Finance
GCDT,Green Circle Decarbonize Technology Limited Class A Ordinary Shares,$0.517,-0.013,-2.453%,16762717,7005973.00,,2026,Industrial Machinery/Components,Industrials
GCGR,General Catalyst Global Resilience Merger Corp. Class A Ordinary Shares,$10.12,0.00,0.00%,12,0.00,United States,2026,,
GCL,GCL Global Holdings Ltd Ordinary Shares,$0.7299,0.0082,1.136%,65140,94985852.00,Singapore,,Computer Software: Prepackaged Software,Technology
GCMG,GCM Grosvenor Inc. Class A Common Stock,$12.89,0.09,0.703%,395776,2613990169.00,United States,,Investment Managers,Finance
GCO,Genesco Inc. Common Stock,$34.14,-0.36,-1.043%,162326,369399989.00,United States,,Clothing/Shoe/Accessory Stores,Consumer Discretionary
GCT,GigaCloud Technology Inc Class A Ordinary Shares,$51.68,1.27,2.519%,611319,1845505048.00,United States,2022,Catalog/Specialty Distribution,Consumer Discretionary
GCTK,GlucoTrack Inc. Common Stock,$1.64,-0.10,-5.747%,1180257,1391752.00,United States,,Medical/Dental Instruments,Health Care
GCTS,GCT Semiconductor Holding Inc. Common Stock,$2.12,0.01,0.474%,1543765,194975819.00,United States,2021,Semiconductors,Technology
GCV,Gabelli Convertible and Income Securities Fund Inc. (The) Common Stock,$4.14,-0.04,-0.957%,54187,78825720.00,United States,,Finance/Investors Services,Finance
GD,General Dynamics Corporation Common Stock,$331.83,-0.51,-0.153%,1053821,89778994017.00,United States,,Marine Transportation,Industrials
GDC,GD Culture Group Limited Common Stock,$1.39,0.04,2.963%,206221,5785875.00,United States,2015,Steel/Iron Ore,Industrials
GDDY,GoDaddy Inc. Class A Common Stock,$95.51,1.45,1.542%,1712514,12096122209.00,United States,2015,EDP Services,Technology
GDEV,GDEV Inc. Ordinary Shares,$11.11,0.25,2.302%,1550,201651933.00,Cyprus,,EDP Services,Technology
GDHG,Golden Heaven Group Holdings Ltd. Class A Ordinary Shares,$1.16,0.02,1.754%,71726,75969444.00,China,2023,Services-Misc. Amusement & Recreation,Consumer Discretionary
GDL,GDL Fund The Common Shares of Beneficial Interest,$8.34,0.03,0.361%,28374,0.00,United States,2007,Investment Managers,Finance
GDO,Western Asset Global Corporate Opportunity Fund Inc. Common Stock,$9.60,-0.16,-1.639%,28532,0.00,United States,2009,Finance Companies,Finance
GDOT,Green Dot Corporation Class A Common Stock $0.001 par value,$12.30,0.02,0.163%,482693,700917702.00,United States,2010,Finance: Consumer Services,Finance
GDRX,GoodRx Holdings Inc. Class A Common Stock,$3.29,0.06,1.858%,758007,1122368327.00,United States,2020,EDP Services,Technology
GDS,GDS Holdings Limited ADS,$31.23,-0.05,-0.16%,1893202,6257792854.00,China,2016,Computer Software: Programming Data Processing,Technology
GDTC,CytoMed Therapeutics Limited Ordinary Shares,$0.843,-0.046,-5.174%,13004,9971371.00,Singapore,2023,Biotechnology: Pharmaceutical Preparations,Health Care
GDV,Gabelli Dividend & Income Trust Common Shares of Beneficial Interest,$28.29,-0.17,-0.597%,67051,2551432410.00,United States,2003,Investment Managers,Finance
GDV^H,The Gabelli Dividend & Income Trust 5.375% Series H Cumulative Preferred Shares,$20.96,0.5713,2.802%,40786,,United States,,,
GDV^K,The Gabelli Dividend & Income Trust 4.250% Series K Cumulative Preferred Shares,$16.10,0.00,0.00%,20749,,United States,,,
GDYN,Grid Dynamics Holdings Inc. Class A Common Stock,$7.88,0.24,3.141%,618597,639279822.00,United States,2018,Computer Software: Prepackaged Software,Technology
GE,GE Aerospace Common Stock,$312.29,-5.60,-1.762%,4187575,324020397185.00,United States,,Consumer Electronics/Appliances,Technology
GECC,Great Elm Capital Corp. Common Stock,$5.28,0.03,0.571%,56853,73337880.00,United States,,Finance: Consumer Services,Finance
GECCG,Great Elm Capital Corp. 7.75% Notes Due 2030,$24.68,-0.01,-0.041%,921,0.00,United States,,Finance: Consumer Services,Finance
GECCH,Great Elm Capital Corp. 8.125% Notes Due 2029,$24.94,-0.005,-0.02%,651,0.00,United States,,,
GECCI,Great Elm Capital Corp. 8.50% NOTES DUE 2029,$25.005,-0.015,-0.06%,833,0.00,United States,,Finance Companies,Finance
GEF,Greif Inc. Class A Common Stock,$79.59,-0.87,-1.081%,740442,3674536668.00,United States,,,
GEG,Great Elm Group Inc. Common Stock,$2.15,-0.005,-0.232%,2659,66854014.00,United States,,Computer Software: Prepackaged Software,Technology
GEGGL,Great Elm Group Inc.  7.25% Notes due 2027,$24.60,0.06,0.244%,1838,713320960.00,United States,,Computer Software: Prepackaged Software,Technology
GEHC,GE HealthCare Technologies Inc. Common Stock ,$65.37,-1.09,-1.64%,2727760,29526730293.00,United States,,Medical Electronics,Health Care
GEL,Genesis Energy L.P. Common Units,$13.76,-0.06,-0.434%,256258,1681118657.00,United States,2001,Oil Refining/Marketing,Energy
GELS,Gelteq Limited Ordinary Shares,$0.53,-0.0011,-0.207%,43922,5676861.00,Australia,2024,Biotechnology: Pharmaceutical Preparations,Health Care
GEMI,Gemini Space Station Inc. Class A Common Stock,$5.16,-0.13,-2.457%,2189633,669005362.00,United States,2025,Finance: Consumer Services,Finance
GEN,Gen Digital Inc. Common Stock,$22.02,1.17,5.612%,19497359,13180886445.00,United States,,Computer Software: Prepackaged Software,Technology
GENB,Generate Biomedicines Inc. Common Stock,$15.02,-0.40,-2.594%,733283,1927853589.00,United States,2026,Biotechnology: Pharmaceutical Preparations,Health Care
GENC,Gencor Industries Inc. Common Stock,$17.05,-0.18,-1.045%,42150,249913819.00,United States,,Construction/Ag Equipment/Trucks,Industrials
GENI,Genius Sports Limited Ordinary Shares,$5.73,-0.44,-7.131%,7978442,1533502464.00,Guernsey,2021,Services-Misc. Amusement & Recreation,Consumer Discretionary
GENK,GEN Restaurant Group Inc. Class A Common Stock,$1.61,-0.09,-5.294%,25748,53073035.00,United States,2023,Restaurants,Consumer Discretionary
GENVR,Gen Digital Inc. Contingent Value Rights,$0.865,0.115,15.333%,70978,517777783.00,United States,,Computer Software: Prepackaged Software,Technology
GEO,Geo Group Inc (The) REIT,$30.47,-0.49,-1.583%,2430961,4010448724.00,United States,,Homebuilding,Consumer Discretionary
GEOS,Geospace Technologies Corporation Common Stock (Texas),$4.89,0.04,0.825%,88218,63255099.00,United States,,Industrial Machinery/Components,Industrials
GERN,Geron Corporation Common Stock,$1.23,-0.01,-0.806%,9443036,790242293.00,United States,1996,Biotechnology: Pharmaceutical Preparations,Health Care
GEV,GE Vernova Inc. Common Stock,$950.49,-12.00,-1.247%,1776058,253147405405.00,United States,2024,Consumer Electronics/Appliances,Technology
GEVO,Gevo Inc. Common Stock,$1.315,-0.015,-1.128%,2736339,325116792.00,United States,2011,Major Chemicals,Industrials
GF,New Germany Fund Inc. (The) Common Stock,$10.64,0.03,0.283%,30370,0.00,United States,1990,Investment Managers,Finance
GFAI,Guardforce AI Co. Limited Ordinary Shares,$0.32,0.00,0.00%,65099,10045868.00,Singapore,,Diversified Commercial Services,Consumer Discretionary
GFAIW,Guardforce AI Co. Limited Warrant,$0.003,-0.0005,-14.286%,12165,94180.00,Singapore,,Diversified Commercial Services,Consumer Discretionary
GFF,Griffon Corporation Common Stock,$93.04,-1.27,-1.347%,591038,4214220377.00,United States,,Building Products,Industrials
GFI,Gold Fields Limited American Depositary Shares,$36.12,-0.66,-1.794%,3706989,32328275802.00,South Africa,,Precious Metals,Basic Materials
GFL,GFL Environmental Inc. Subordinate voting shares no par value,$41.83,-0.37,-0.877%,3348430,18785031417.00,Canada,2020,Environmental Services,Utilities
GFR,Greenfire Resources Ltd. Common Shares,$5.65,0.01,0.177%,395509,1358337360.00,Canada,,Oil & Gas Production,Energy
GFS,GlobalFoundries Inc. Ordinary Shares,$47.92,0.06,0.125%,2270310,26711499456.00,United States,2021,Semiconductors,Technology
GFUZ,General Fusion Group Ltd. Common Shares,$7.41,-0.07,-0.936%,92053,470896023.00,United States,2025,Electric Utilities: Central,Utilities
GFUZW,General Fusion Group Ltd. Warrant,$1.37,-0.025,-1.792%,5280,87061748.00,United States,2025,Electric Utilities: Central,Utilities
GGAL,Grupo Financiero Galicia S.A. American Depositary Shares,$37.24,0.22,0.594%,850261,5981688891.00,Argentina,,Commercial Banks,Finance
GGB,Gerdau S.A. Common Stock,$4.72,0.08,1.724%,12175259,9336245191.00,Brazil,,Steel/Iron Ore,Industrials
GGG,Graco Inc. Common Stock,$76.84,-1.26,-1.613%,1742924,12444531836.00,United States,,Fluid Controls,Industrials
GGN,GAMCO Global Gold Natural Resources & Income Trust,$5.28,-0.01,-0.189%,398776,0.00,United States,2005,Finance/Investors Services,Finance
GGN^B,GAMCO Global Gold Natural Reources & Income Trust 5.00% Series B Cumulative 25.00 Liquidation Preference,$17.98,-0.04,-0.222%,8932,,United States,,,
GGR,Gogoro Inc. Ordinary Shares,$3.13,0.14,4.682%,2154,64526568.00,Taiwan,,Auto Manufacturing,Industrials
GGT,Gabelli Multi-Media Trust Inc. (The) Common Stock,$3.98,0.00,0.00%,137541,109592289.00,United States,,Trusts Except Educational Religious and Charitable,Finance
GGT^E,Gabelli Multi-Media Trust Inc. (The) 5.125% Series E Cumulative Preferred Stock,$20.16,-0.19,-0.934%,285,,United States,,,
GGT^G,Gabelli Multi-Media Trust Inc. (The) 5.125% Series G Cumulative Preferred Shares,$20.08,0.03,0.15%,6477,,United States,,,
GGZ,Gabelli Global Small and Mid Cap Value Trust (The) Common Shares of Beneficial Interest,$15.43,0.10,0.652%,4222,136894451.00,,2014,Investment Managers,Finance
GH,Guardant Health Inc. Common Stock,$178.36,0.63,0.354%,1583629,23935228881.00,United States,2018,Medical Specialities,Health Care
GHC,Graham Holdings Company Common Stock,$1134.67,6.84,0.606%,31881,4805245754.00,United States,,Other Consumer Services,Real Estate
GHG,GreenTree Hospitality Group Ltd. American depositary shares each representing one Class A ordinary share,$1.01,-0.02,-1.942%,24306,101906298.00,,2018,Hotels/Resorts,Consumer Discretionary
GHI,Greystone Housing Impact Investors LP Beneficial Unit Certificates representing assignments of limited partnership interests,$5.70,-0.07,-1.213%,39362,134306307.00,United States,2022,Finance: Consumer Services,Finance
GHM,Graham Corporation Common Stock,$86.31,0.16,0.186%,278596,1013023318.00,United States,1978,Industrial Machinery/Components,Industrials
GHRS,GH Research PLC Ordinary Shares,$23.48,-1.19,-4.824%,384765,1609722446.00,Ireland,2021,Biotechnology: Pharmaceutical Preparations,Health Care
GHXI,Gores Holdings XI Inc. Class A Ordinary Shares,$9.9901,0.00,0.00%,14,0.00,United States,2026,,
GHXIU,Gores Holdings XI Inc. Units,$10.18,0.00,0.00%,41,0.00,United States,2026,,
GHY,PGIM Global High Yield Fund Inc.,$11.02,0.06,0.547%,264788,0.00,United States,2012,Trusts Except Educational Religious and Charitable,Finance
GIB,CGI Inc. Common Stock,$68.03,0.41,0.606%,616214,15775366559.00,Canada,,Professional Services,Consumer Discretionary
GIBO,GIBO Holdings Limited Class A Ordinary Shares,$29.50,-1.84,-5.871%,99550,76838798.00,Hong Kong,,Computer Software: Prepackaged Software,Technology
GIBOW,GIBO Holdings Limited Warrants,$0.0131,0.00,0.00%,12600,34122.00,Hong Kong,,Computer Software: Prepackaged Software,Technology
GIC,Global Industrial Company Common Stock,$41.94,-0.43,-1.015%,146237,1598263822.00,United States,,Industrial Machinery/Components,Industrials
GIFT,Giftify Inc. Common Stock,$0.4887,-0.1213,-19.885%,298838,17312284.00,United States,,Catalog/Specialty Distribution,Consumer Discretionary
GIGM,GigaMedia Limited Ordinary Shares,$1.365,-0.0116,-0.843%,2512,15086301.00,Taiwan,,Computer Software: Programming Data Processing,Technology
GIII,G-III Apparel Group LTD. Common Stock,$27.12,-0.13,-0.477%,808101,1162810897.00,United States,1989,Apparel,Consumer Discretionary
GIL,Gildan Activewear Inc. Class A Sub. Vot. Common Stock,$42.63,-0.16,-0.374%,1741822,7894728480.00,Canada,2000,Apparel,Consumer Discretionary
GILD,Gilead Sciences Inc. Common Stock,$149.05,-2.23,-1.474%,5357408,184815315853.00,United States,1992,Biotechnology: Biological Products (No Diagnostic Substances),Health Care
GILT,Gilat Satellite Networks Ltd. Ordinary Shares,$9.87,-0.07,-0.704%,473345,744898257.00,Israel,,Radio And Television Broadcasting And Communications Equipment,Technology
GIPR,Generation Income Properties Inc. Common Stock,$0.399,0.0248,6.627%,895617,2837887.00,United States,,Real Estate Investment Trusts,Real Estate
GIS,General Mills Inc. Common Stock,$32.16,-1.66,-4.908%,12767906,17195538551.00,United States,,Packaged Foods,Consumer Staples
GITS,Global Interactive Technologies Inc. Common Stock,$1.94,0.1902,10.87%,23585,8154022.00,South Korea,2023,Computer Software: Programming Data Processing,Technology
GIW,GigCapital8 Corp. Class A Ordinary Shares,$10.18,0.01,0.098%,21665,0.00,United States,2025,Blank Checks,Finance
GIWWR,GigCapital8 Corp. Rights,$0.27,0.0119,4.611%,1170,0.00,United States,2025,,
GIX,GigCapital9 Corp. Class A Ordinary Share,$10.01,0.005,0.05%,102966,0.00,United States,2026,Blank Checks,Finance
GIXI,Gix Internet Ltd. Ordinary Shares,$4.265,-0.15,-3.398%,20726,10629877.00,Israel,,Computer Software: Prepackaged Software,Technology
GIXXR,GigCapital9 Corp. Rights,$0.26,0.03,13.043%,641,0.00,United States,2026,Blank Checks,Finance
GJH,Synthetic Fixed-Income Securities Inc 6.375% (STRATS) Cl A-1,$9.37,0.00,0.00%,11642,0.00,United States,,Finance: Consumer Services,Finance
GJO,Synthetic Fixed-Income Securities Inc. on behalf of STRATS(SM) Trust for Wal-Mart Stores Inc. Securities Series 2004-5,$24.62,0.00,0.00%,3,0.00,United States,,Finance: Consumer Services,Finance
GJP,Synthetic Fixed-Income Securities Inc. on behalf of STRATS (SM) Trust for Dominion Resources Inc. Securities Series 2005-6 Floating Rate Structured Repackaged Asset-Backed Trust Securities (STRATS) Certificates,$24.36,0.14,0.578%,4888,0.00,United States,,Finance: Consumer Services,Finance
GJR,Synthetic Fixed-Income Securities Inc. STRATS Trust for Procter&Gamble Securities Series 2006-1,$24.23,-0.67,-2.691%,3044,0.00,United States,,Finance: Consumer Services,Finance
GJS,Goldman Sachs Group Securities STRATS Trust for Goldman Sachs Group Securities Series 2006-2,$23.00,-0.295,-1.266%,2529,7176897759.00,United States,,Finance: Consumer Services,Finance
GJT,Synthetic Fixed-Income Securities Inc. Floating Rate Structured Repackaged Asset-Backed Trust Securities Certificates Series 2006-3,$23.22,0.00,0.00%,63,0.00,United States,,Finance: Consumer Services,Finance
GKOS,Glaukos Corporation Common Stock,$164.19,5.64,3.557%,947169,9684572616.00,United States,2015,Medical/Dental Instruments,Health Care
GL,Globe Life Inc. Common Stock,$165.65,-0.43,-0.259%,425328,12730110896.00,United States,,Life Insurance,Finance
GL^D,Globe Life Inc. 4.25% Junior Subordinated Debentures due 2061,$14.38,-0.02,-0.139%,26423,,United States,,,
GLAD,Gladstone Capital Corporation Common Stock,$19.23,-0.20,-1.029%,164876,434464717.00,United States,2001,Textiles,Consumer Discretionary
GLAS,Glass House Brands Inc. Subordinate Voting Shares,$5.61,-1.18,-17.378%,5540037,493668690.00,,, Medicinal Chemicals and Botanical Products ,Health Care
GLBE,Global-E Online Ltd. Ordinary Shares,$39.73,-0.33,-0.824%,1436922,6657488082.00,Israel,2021,Computer Software: Prepackaged Software,Technology
GLBS,Globus Maritime Limited Common Stock,$3.33,-0.20,-5.666%,215770,71869062.00,Greece,,Marine Transportation,Consumer Discretionary
GLDG,GoldMining Inc. Common Shares,$0.9534,-0.0161,-1.661%,333437,204128849.00,,,Precious Metals,Basic Materials
GLE,Global Engine Group Holding Limited Class A Ordinary Shares,$0.4974,0.0044,0.892%,109279,9102420.00,Hong Kong,2024,EDP Services,Technology
GLED,GalaxyEdge Acquisition Corporation Ordinary Shares,$10.02,0.01,0.10%,1972,0.00,,2026,Blank Checks,Finance
GLIBA,Liberty Capital Corporation Series A GCI Group Common Stock,$23.12,0.17,0.741%,39132,922603461.00,United States,,Cable & Other Pay Television Services,Telecommunications
GLIBK,Liberty Capital Corporation Series C GCI Group Common Stock,$23.20,0.09,0.389%,318315,925795861.00,United States,,Cable & Other Pay Television Services,Telecommunications
GLND,Greenland Energy Company Common Stock,$5.13,0.38,8.00%,21431481,224335895.00,United States,,Oil & Gas Production,Energy
GLNDW,Greenland Energy Company Warrant,$1.17,0.05,4.464%,480328,51164327.00,United States,,Oil & Gas Production,Energy
GLNG,Golar Lng Ltd,$47.52,-0.71,-1.472%,1802519,4827522015.00,Bermuda,,Marine Transportation,Consumer Discretionary
GLO,Clough Global Opportunities Fund Common Stock,$5.34,0.01,0.188%,221393,0.00,United States,2006,Finance/Investors Services,Finance
GLOB,Globant S.A. Common Shares,$34.70,0.76,2.239%,843319,1498330593.00,United States,2014,EDP Services,Technology
GLOO,Gloo Holdings Inc. Class A Common Stock,$4.28,-0.19,-4.251%,1215973,391752855.00,United States,2025,EDP Services,Technology
GLOP^A,GasLog Partners LP 8.625% Series A Cumulative Redeemable Perpetual Fixed to Floating Rate Preference Units,$25.32,-0.078,-0.307%,4957,,Greece,,,
GLOP^B,GasLog Partners LP 8.200% Series B Cumulative Redeemable Perpetual Fixed to Floating Rate Preference Units,$25.6501,-0.1498,-0.581%,2633,,Greece,,,
GLOP^C,GasLog Partners LP 8.500% Series C Cumulative Redeemable Perpetual Fixed to Floating Rate Preference Units,$25.2034,-0.1904,-0.75%,7592,,Greece,,,
GLP,Global Partners LP Common Units representing Limited Partner Interests,$46.30,-0.14,-0.301%,47794,1573994567.00,United States,2005,Oil Refining/Marketing,Energy
GLPI,Gaming and Leisure Properties Inc. Common Stock,$37.97,-0.30,-0.784%,3060731,11046234033.00,United States,,Real Estate Investment Trusts,Real Estate
GLQ,Clough Global Equity Fund Clough Global Equity Fund Common Shares of Beneficial Interest,$7.47,-0.07,-0.928%,62264,0.00,United States,2005,Finance/Investors Services,Finance
GLRE,Greenlight Capital Re Ltd. Class A Ordinary Shares,$14.50,-0.25,-1.695%,124922,473299488.00,Cayman Islands,2007,Property-Casualty Insurers,Finance
GLSI,Greenwich LifeSciences Inc. Common Stock,$18.05,-0.33,-1.795%,145109,264941654.00,United States,2020,Biotechnology: Pharmaceutical Preparations,Health Care
GLU,Gabelli Global Utility Common Shares of Beneficial Ownership,$17.735,-0.025,-0.141%,4438,105858637.00,United States,2004,Finance/Investors Services,Finance
GLU^A,The Gabelli Global Utility and Income Trust Series A Cumulative Puttable and Callable Preferred Shares,$50.50,0.00,0.00%,105,,United States,,,
GLU^B,The Gabelli Global Utility and Income Trust Series B Cumulative Puttable and Callable Preferred Shares,$50.15,0.00,0.00%,27,,United States,,,
GLUE,Monte Rosa Therapeutics Inc. Common Stock,$11.93,0.19,1.618%,913970,1017788874.00,United States,2021,Biotechnology: Biological Products (No Diagnostic Substances),Health Care
GLV,Clough Global Dividend and Income Fund Common Shares of beneficial interest,$5.79,-0.03,-0.515%,44650,73588486.00,United States,2004,Finance/Investors Services,Finance
GLW,Corning Incorporated Common Stock,$153.76,-4.95,-3.119%,6325717,132447069775.00,United States,,Telecommunications Equipment,Industrials
GLXG,Galaxy Payroll Group Limited Class A Ordinary Shares,$0.9919,0.0167,1.712%,21721,5913227.00,Hong Kong,2024,Diversified Commercial Services,Industrials
GLXY,Galaxy Digital Inc. Class A Common Stock,$22.74,-0.33,-1.43%,4609586,8888817907.00,United States,,Investment Bankers/Brokers/Service,Finance
GM,General Motors Company Common Stock,$77.00,-3.47,-4.312%,9768394,67563768657.00,United States,2010,Auto Manufacturing,Industrials
GMAB,Genmab A/S ADS,$35.675,0.105,0.295%,5154711,4583410411.00,Denmark,2019,Biotechnology: Pharmaceutical Preparations,Health Care
GME,GameStop Corporation Common Stock,$24.65,0.89,3.746%,13603073,12435949404.00,United States,2002,Electronics Distribution,Consumer Discretionary
GMED,Globus Medical Inc. Class A Common Stock,$74.90,-0.79,-1.044%,1249747,10056217359.00,United States,2012,Medical/Dental Instruments,Health Care
GMEX,GMEX ROBOTICS CORPORATION Class A Ordinary Shares,$2.76,-0.41,-12.934%,277037,2076975.00,Australia,2023,Recreational Games/Products/Toys,Consumer Discretionary
GMHS,Gamehaus Holdings Inc. Class A Ordinary Shares,$0.685,-0.005,-0.725%,9700,38908788.00,China,,EDP Services,Technology
GMM,Global Mofy AI Limited Class A Ordinary Shares,$1.80,-0.0398,-2.163%,30245,17551813.00,China,2023,Computer Software: Programming Data Processing,Technology
GMRS,GMR Solutions Inc. Class A Common Stock,$9.63,-0.21,-2.134%,1419852,520229077.00,,2026,Transportation Services,Consumer Discretionary
GMTL,Guardian Metal Resources PLC ADS,$8.92,0.26,3.002%,379252,354653866.00,,2026,Metal Mining,Basic Materials
GNE,Genie Energy Ltd. Class B Common Stock Stock,$15.98,-0.17,-1.053%,67145,420587576.00,United States,2011,Power Generation,Utilities
GNK,Genco Shipping & Trading Limited Ordinary Shares New (Marshall Islands),$26.16,0.18,0.693%,445357,1140225587.00,United States,,Marine Transportation,Consumer Discretionary
GNL,Global Net Lease Inc. Common Stock,$8.26,-0.09,-1.078%,3336492,1910685499.00,United States,2015,Real Estate Investment Trusts,Real Estate
GNL^A,Global Net Lease Inc. 7.25% Series A Cumulative Redeemable Preferred Stock $0.01 par value per share,$22.78,0.48,2.152%,8564,,United States,,,
GNL^B,Global Net Lease Inc. 6.875% Series B Cumulative Redeemable Perpetual Preferred Stock,$21.81,0.51,2.394%,25511,,United States,,,
GNL^D,Global Net Lease Inc. 7.50% Series D Cumulative Redeemable Perpetual Preferred Stock,$22.65,0.235,1.048%,11991,,United States,,,
GNL^E,Global Net Lease Inc. 7.375% Series E Cumulative Redeemable Perpetual Preferred Stock,$22.51,0.21,0.942%,2790,,United States,,,
GNLN,Greenlane Holdings Inc. Class A Common Stock,$2.94,0.09,3.158%,18269,2041959.00,United States,2019,Durable Goods,Consumer Discretionary
GNLX,Genelux Corporation Common Stock,$2.53,0.08,3.265%,236877,114470698.00,United States,2023,Biotechnology: Pharmaceutical Preparations,Health Care
GNPX,Genprex Inc. Common Stock,$2.92,0.07,2.456%,181445,2393550.00,United States,2018,Biotechnology: Pharmaceutical Preparations,Health Care
GNRC,Generac Holdlings Inc. Common Stock,$206.95,-5.27,-2.483%,820043,12211366409.00,United States,2010,Metal Fabrications,Consumer Discretionary
GNS,Genius Group Limited Ordinary Shares,$0.159,0.0134,9.203%,58937926,30519654.00,Singapore,2022,Computer Software: Prepackaged Software,Technology
GNSS,Genasys Inc. Common Stock,$1.45,-0.02,-1.361%,38424,66035913.00,United States,,Consumer Electronics/Appliances,Consumer Staples
GNT,GAMCO Natural Resources Gold & Income Trust,$8.70,0.05,0.578%,29508,160736319.00,United States,2011,Finance/Investors Services,Finance
GNT^A,GAMCO Natural Resources Gold & Income Tust  5.20% Series A Cumulative Preferred Shares (Liquidation Preference $25.00 per share),$19.0225,-0.3775,-1.946%,716,,United States,,,
GNTA,Genenta Science S.p.A. American Depositary Shares,$0.7001,-0.0031,-0.441%,7744,33756622.00,Italy,2021,Biotechnology: Biological Products (No Diagnostic Substances),Health Care
GNTX,Gentex Corporation Common Stock,$21.74,-0.39,-1.762%,2887085,4580255616.00,United States,,Auto Parts:O.E.M.,Consumer Discretionary
GNW,Genworth Financial Inc Common Stock,$8.97,-0.26,-2.817%,5464840,3389323802.00,United States,2004,Life Insurance,Finance
GO,Grocery Outlet Holding Corp. Common Stock,$11.25,0.30,2.74%,3576922,1114700535.00,United States,2019,Food Chains,Consumer Staples
GOAI,Eva Live Inc. Common Stock,$1.87,-0.01,-0.532%,74658,74789042.00,United States,,Computer Software: Programming Data Processing,Technology
GOF,Guggenheim Strategic Opportunities Fund Common Shares of Beneficial Interest,$8.51,-0.02,-0.234%,4010019,0.00,United States,,Finance/Investors Services,Finance
GOGO,Gogo Inc. Common Stock,$2.15,-0.08,-3.587%,1365353,291341903.00,United States,2013,Telecommunications Equipment,Consumer Discretionary
GOLD,Gold.com Inc. Common Stock,$42.57,-0.31,-0.723%,365716,1241117963.00,United States,,Other Specialty Stores,Industrials
GOLF,Acushnet Holdings Corp. Common Stock,$82.50,0.08,0.097%,402864,4818416130.00,United States,2016,Recreational Games/Products/Toys,Consumer Discretionary
GOOD,Gladstone Commercial Corporation Real Estate Investment Trust,$12.625,0.005,0.04%,1386297,611144700.00,United States,2003,Real Estate,Real Estate
GOODN,Gladstone Commercial Corporation 6.625% Series E Cumulative Redeemable Preferred Stock,$20.8934,0.0334,0.16%,11028,1011397281.00,United States,,Real Estate,Real Estate
GOODO,Gladstone Commercial Corporation 6.00% Series G Cumulative Redeemable Preferred Stock par value $0.001 per share,$18.80,-0.21,-1.105%,10638,910061019.00,United States,,Real Estate,Real Estate
GOOG,Alphabet Inc. Class C Capital Stock,$340.74,3.42,1.014%,24240116,4167250200000.00,United States,2004,Computer Software: Programming Data Processing,Technology
GOOGL,Alphabet Inc. Class A Common Stock,$344.08,3.16,0.927%,37374194,4208098400000.00,United States,2004,Computer Software: Programming Data Processing,Technology
GOOGM,Alphabet Inc. Depositary Shares representing a 1/20th Interest in a Share of Series A Mandatory Convertible Preferred Stock,$49.08,0.43,0.884%,1463111,600248400000.00,United States,,Computer Software: Programming Data Processing,Technology
GOOGN,Alphabet Inc. Depositary Shares representing a 1/20th Interest in a Share of Series B Mandatory Convertible Preferred Stock,$48.49,0.12,0.248%,4034800,593032700000.00,United States,,Computer Software: Programming Data Processing,Technology
GOOS,Canada Goose Holdings Inc. Subordinate Voting Shares,$7.78,0.07,0.908%,854879,759808026.00,,2017,Apparel,Consumer Discretionary
GORO,Goldgroup Mining Inc. Common Shares,$3.19,-0.01,-0.313%,658673,539195955.00,Canada,2026,Precious Metals,Basic Materials
GOSS,Gossamer Bio Inc. Common Stock,$11.85,0.27,2.332%,382122,72479233.00,United States,2019,Biotechnology: Pharmaceutical Preparations,Health Care
GOTU,Gaotu Techedu Inc. American Depositary Shares,$2.41,-0.03,-1.23%,489125,574644839.00,China,2019,Other Consumer Services,Real Estate
GOVX,GeoVax Labs Inc. Common Stock,$0.3341,-0.0179,-5.085%,199968,3375369.00,United States,,Biotechnology: Pharmaceutical Preparations,Health Care
GOW,GOWell Energy Technology Ordinary shares,$3.18,1.3701,75.70%,21301092,148633772.00,Singapore,,Oil and Gas Field Machinery,Consumer Discretionary
GP,GreenPower Motor Company Inc. Common Shares,$0.609,0.0225,3.836%,380133,5354208.00,Canada,,Construction/Ag Equipment/Trucks,Consumer Discretionary
GPAC,General Purpose Acquisition Corp. Class A Ordinary Shares,$10.08,0.00,0.00%,8,0.00,United States,2026,,
GPACU,General Purpose Acquisition Corp. Units,$10.19,0.01,0.098%,100,0.00,United States,2025,,
GPAT,GP-Act III Acquisition Corp. Class A Ordinary Share,$11.01,0.00,0.00%,4208,0.00,United States,2024,,
GPATU,GP-Act III Acquisition Corp. Units,$10.99,0.00,0.00%,2,0.00,United States,2024,,
GPATW,GP-Act III Acquisition Corp. Warrants,$0.0689,0.00,0.00%,13,0.00,United States,2024,,
GPC,Genuine Parts Company Common Stock,$125.74,-1.21,-0.953%,830467,17334485971.00,United States,,Automotive Aftermarket,Consumer Discretionary
GPCR,Structure Therapeutics Inc. American Depositary Shares,$31.27,-1.42,-4.344%,2197388,2229859228.00,United States,2023,Biotechnology: Pharmaceutical Preparations,Health Care
GPGI,GPGI Inc. Class A Common Stock,$11.87,0.10,0.85%,2579663,3440995273.00,United States,,Finance: Consumer Services,Finance
GPI,Group 1 Automotive Inc. Common Stock,$240.44,-0.49,-0.203%,354561,2866579779.00,United States,1997,Retail-Auto Dealers and Gas Stations,Consumer Discretionary
GPJA,Georgia Power Company Series 2017A 5.00% Junior Subordinated Notes due October 1 2077,$19.17,0.22,1.161%,41831,177542955.00,United States,2017,Electric Utilities: Central,Utilities
GPK,Graphic Packaging Holding Company,$9.05,-0.16,-1.737%,6106638,2679447736.00,United States,,Containers/Packaging,Consumer Discretionary
GPMT,Granite Point Mortgage Trust Inc. Common Stock,$0.86,-0.0273,-3.077%,82545,41450423.00,United States,2017,Real Estate Investment Trusts,Real Estate
GPMT^A,Granite Point Mortgage Trust Inc. 7.00% Series A Fixed-to-Floating Rate Cumulative Redeemable Preferred Stock,$15.39,0.97,6.727%,22362,,United States,,,
GPN,Global Payments Inc. Common Stock,$81.67,-1.66,-1.992%,2374318,21611383911.00,United States,,Business Services,Consumer Discretionary
GPOR,Gulfport Energy Corporation Common Shares,$150.48,-1.69,-1.111%,278936,2661068156.00,United States,2021,Oil & Gas Production,Energy
GPRE,Green Plains Inc. Common Stock,$15.06,0.35,2.379%,962699,1055635640.00,United States,,Major Chemicals,Industrials
GPRK,Geopark Ltd Common Shares,$10.45,-0.06,-0.571%,665743,678160619.00,Bermuda,2014,Oil & Gas Production,Energy
GPRO,GoPro Inc. Class A Common Stock,$1.29,-0.035,-2.642%,8558818,238010688.00,United States,2014,Industrial Machinery/Components,Consumer Discretionary
GPUS,Hyperscale Data Inc. Common Stock,$0.1645,0.0051,3.199%,14116368,29109448.00,United States,1997,Industrial Machinery/Components,Technology
GPUS^D,Hyperscale Data Inc. 13.00% Series D Cumulative Redeemable Perpetual Preferred Stock,$17.705,-0.295,-1.639%,1066,,United States,,,
GRAB,Grab Holdings Limited Class A Ordinary Shares,$3.11,-0.01,-0.321%,61562752,12752498345.00,Singapore,,Business Services,Consumer Discretionary
GRABW,Grab Holdings Limited Warrant,$0.027,-0.0002,-0.735%,23383,110713008.00,Singapore,,Business Services,Consumer Discretionary
GRAL,GRAIL Inc. Common Stock ,$140.12,3.55,2.599%,1923797,6258632708.00,United States,,Medical Specialities,Health Care
GRAN,Grande Group Limited Class A Ordinary Shares,$1.0914,0.2527,30.13%,40460,27182681.00,Hong Kong,2025,Finance: Consumer Services,Finance
GRBK,Green Brick Partners Inc. Common Stock,$66.11,-1.29,-1.914%,328236,2843437113.00,United States,2021,Homebuilding,Consumer Discretionary
GRBK^A,Green Brick Partners Inc. Depositary Shares (each representing a 1/1000th fractional interest in a share of 5.75% Series A Cumulative Perpetual Preferred Stock),$20.48,0.1142,0.561%,1399,,United States,,,
GRC,Gorman-Rupp Company (The) Common Stock,$74.48,-0.59,-0.786%,151178,1967034899.00,United States,1971,Fluid Controls,Industrials
GRCE,Grace Therapeutics Inc. Common Stock,$2.15,0.04,1.896%,25354,45227250.00,Canada,,Biotechnology: Pharmaceutical Preparations,Health Care
GRDN,Guardian Pharmacy Services Inc. Class A Common Stock,$40.78,0.10,0.246%,540287,2583099157.00,United States,2024,Retail-Drug Stores and Proprietary Stores,Consumer Staples
GRDX,GridAI Technologies Corp. Common Stock,$3.682,0.422,12.945%,120798,26256795.00,United States,2016,Biotechnology: Pharmaceutical Preparations,Health Care
GREEL,Vulcan Infrastructure and Power Inc. 8.50% Senior Notes due 2026,$25.31,0.03,0.119%,1525,396694184.00,United States,,Finance: Consumer Services,Finance
GRF,Eagle Capital Growth Fund Inc. Common Stock,$10.01,0.11,1.111%,896,0.00,United States,,Finance/Investors Services,Finance
GRFS,Grifols S.A. American Depositary Shares,$7.31,0.015,0.206%,772975,5026026377.00,Spain,,Biotechnology: Pharmaceutical Preparations,Health Care
GRI,GRI Bio Inc. Common Stock,$1.93,-0.07,-3.50%,35444,4219202.00,United States,2021,Biotechnology: Pharmaceutical Preparations,Health Care
GRML,Greenland Mines Ltd. Common Stock,$10.62,0.245,2.361%,3971512,141746542.00,United States,2022,Biotechnology: Biological Products (No Diagnostic Substances),Health Care
GRMLW,Greenland Mines Ltd Warrant,$0.74,-0.0493,-6.246%,250048,9876878.00,United States,2022,Biotechnology: Biological Products (No Diagnostic Substances),Health Care
GRMN,Garmin Ltd. Common Stock (Switzerland),$286.84,-3.39,-1.168%,837425,55317821426.00,Switzerland,2000,Industrial Machinery/Components,Industrials
GRND,Grindr Inc. Common Stock,$15.43,-0.69,-4.28%,2044829,2682052275.00,Singapore,2021,Computer Software: Programming Data Processing,Technology
GRNQ,Greenpro Capital Corp. Common Stock,$7.50,-1.12,-12.993%,6136,13595895.00,China,,Professional Services,Consumer Discretionary
GRNT,Granite Ridge Resources Inc. Common Stock,$4.34,0.05,1.166%,1455500,572447050.00,United States,2022,Oil & Gas Production,Energy
GRO,Brazil Potash Corp. Common Shares,$2.21,0.04,1.843%,66347,136901135.00,,2024,Mining & Quarrying of Nonmetallic Minerals (No Fuels),Industrials
GROV,Grove Collaborative Holdings Inc. Class A Common Stock,$1.06,0.01,0.952%,130021,45263109.00,,2021,Catalog/Specialty Distribution,Consumer Discretionary
GROW,U.S. Global Investors Inc. Class A Common Stock,$2.88,-0.03,-1.031%,4373,35418804.00,United States,,Investment Managers,Finance
GROY,Gold Royalty Corp. Common Shares,$3.00,-0.05,-1.639%,1229506,692427603.00,Canada,2021,Precious Metals,Basic Materials
GRPN,Groupon Inc. Common Stock,$19.76,-0.23,-1.151%,959964,803546249.00,United States,2011,Advertising,Consumer Discretionary
GRRR,Gorilla Technology Group Inc. Ordinary shares,$13.86,0.01,0.072%,403290,384718590.00,Taiwan,,Computer Software: Prepackaged Software,Technology
GRRRW,Gorilla Technology Group Inc. Warrant,$0.15,-0.01,-6.25%,3018,4163621.00,Taiwan,,Computer Software: Prepackaged Software,Technology
GRSD,Grandstand Limited Ordinary Shares,$1.51,-0.02,-1.307%,193017,52996757.00,Jersey,2021,Services-Misc. Amusement & Recreation,Consumer Discretionary
GRVY,GRAVITY Co. Ltd. American Depository Shares,$66.79,-0.94,-1.388%,23739,464117031.00,South Korea,2005,EDP Services,Technology
GRWG,GrowGeneration Corp. Common Stock,$1.50,-0.07,-4.459%,657324,88380674.00,United States,,RETAIL: Building Materials,Consumer Discretionary
GRX,The Gabelli Healthcare & Wellness Trust Common Shares of Beneficial Interest,$9.51,-0.06,-0.627%,11473,162554173.00,United States,,Finance/Investors Services,Finance
GS,Goldman Sachs Group Inc. (The) Common Stock,$900.36,-15.88,-1.733%,1825212,262159088907.00,United States,1999,Investment Bankers/Brokers/Service,Finance
GS^A,Goldman Sachs Group Inc. (The) Depositary Shares each representing 1/1000th Interest in a Share of Floating Rate Non-Cumulative Preferred Stock Series A,$19.08,-0.08,-0.418%,143166,,United States,,,
GS^C,Goldman Sachs Group Inc. (The) Depositary Share repstg 1/1000th Preferred Series C,$19.77,0.32,1.645%,48349,,United States,,,
GS^D,Goldman Sachs Group Inc. (The) Dep Shs repstg 1/1000 Pfd Ser D Fltg,$18.76,-0.09,-0.477%,293140,,United States,,,
GSAT,Globalstar Inc. Common Stock,$82.89,0.30,0.363%,572132,10739509397.00,United States,2025,Telecommunications Equipment,Consumer Discretionary
GSBC,Great Southern Bancorp Inc. Common Stock,$77.21,-0.34,-0.438%,136408,841396515.00,United States,1989,Major Banks,Finance
GSBD,Goldman Sachs BDC Inc. Common Stock,$9.09,-0.40,-4.215%,1064625,1023252819.00,United States,2015,Investment Managers,Finance
GSHD,Goosehead Insurance Inc. Class A Common Stock,$45.36,1.37,3.114%,670965,1611001451.00,United States,2018,Specialty Insurers,Finance
GSHR,Gesher Acquisition Corp. II Class A Ordinary Shares,$10.57,0.00,0.00%,8,0.00,United States,2025,,
GSIT,GSI Technology Common Stock,$5.445,-0.015,-0.275%,251400,209265453.00,United States,2007,Semiconductors,Technology
GSIW,Garden Stage Limited Class A Ordinary Shares,$10.15,-0.65,-6.019%,10991,108730850.00,Hong Kong,2023,Investment Bankers/Brokers/Service,Finance
GSK,GSK plc American Depositary Shares (Each representing two Ordinary Shares),$48.17,-1.18,-2.391%,5852602,97433729860.00,United Kingdom,2022,Biotechnology: Pharmaceutical Preparations,Health Care
GSL,Global Ship Lease Inc New Class A Common Shares,$44.14,0.11,0.25%,300249,1585431290.00,United Kingdom,,Marine Transportation,Consumer Discretionary
GSL^B,Global Ship Lease Inc. Depository Shares Representing 1/100th Perpetual Preferred Series B% (Marshall Island),$26.03,-0.06,-0.23%,5471,,United Kingdom,,,
GSM,Ferroglobe PLC Ordinary Shares,$3.975,-0.015,-0.376%,1044203,742770555.00,United Kingdom,,Metal Mining,Basic Materials
GSRF,GSR IV Acquisition Corp. Class A ordinary share,$10.25,0.02,0.196%,7711,0.00,United States,2025,,
GSRFR,GSR IV Acquisition Corp. Rights,$1.92,-0.23,-10.698%,3764,0.00,United States,2025,,
GSRV,GSR V Acquisition Corp. Class A ordinary shares,$9.885,0.00,0.00%,122,0.00,United States,2026,Blank Checks,Finance
GSRVR,GSR V Acquisition Corp. Rights,$1.49,0.00,0.00%,25,0.00,United States,2026,Blank Checks,Finance
GSUN,Golden Sun Technology Group Limited Class A Ordinary Shares,$0.2359,0.0139,6.261%,519479,2365810.00,China,2022,Other Consumer Services,Real Estate
GT,The Goodyear Tire & Rubber Company Common Stock,$4.97,-0.03,-0.60%,8017422,1430856723.00,United States,,Automotive Aftermarket,Consumer Discretionary
GTBP,GT Biopharma Inc. Common Stock,$6.47,-0.405,-5.891%,29768,11674332.00,United States,,Biotechnology: Pharmaceutical Preparations,Health Care
GTE,Gran Tierra Energy Inc. Common Stock,$9.86,0.11,1.128%,471608,348851030.00,Canada,,Oil & Gas Production,Energy
GTEC,Greenland Technologies Holding Corporation Class A Ordinary Shares,$0.745,-0.0952,-11.331%,596064,19775445.00,China,2018,Industrial Machinery/Components,Industrials
GTEN,Gores Holdings X Inc. Class A ordinary shares,$10.49,0.00,0.00%,17,0.00,United States,2025,,
GTENW,Gores Holdings X Inc. Warrants,$0.55,-0.10,-15.385%,1300,0.00,United States,2025,,
GTERA,Globa Terra Acquisition Corporation Class A Ordinary Shares,$10.45,0.00,0.00%,14,0.00,Mexico,2025,Blank Checks,Finance
GTERR,Globa Terra Acquisition Corporation Rights,$0.065,0.0148,29.482%,3403,0.00,Mexico,2025,Blank Checks,Finance
GTERW,Globa Terra Acquisition Corporation Warrants,$0.0309,0.00,0.00%,4,0.00,Mexico,2025,Blank Checks,Finance
GTES,Gates Industrial Corporation Ltd. Common Shares,$26.20,-0.44,-1.652%,1633558,6632560654.00,United Kingdom,2018,Industrial Machinery/Components,Industrials
GTIM,Good Times Restaurants Inc. Common Stock,$1.50,0.02,1.351%,39414,15836844.00,United States,,Restaurants,Consumer Discretionary
GTLB,GitLab Inc. Class A Common Stock,$47.25,0.54,1.156%,3550803,7871850000.00,United States,2021,Computer Software: Prepackaged Software,Technology
GTM,ZoomInfo Technologies Inc Common Stock,$3.79,0.16,4.408%,4188304,1103307074.00,United States,2020,Computer Software: Prepackaged Software,Technology
GTN,Gray Media Inc. Common Stock,$4.50,-0.01,-0.222%,1440785,463429724.00,United States,,Broadcasting,Industrials
GTX,Garrett Motion Inc. Common Stock,$26.03,-0.21,-0.80%,2262049,4854423566.00,Switzerland,,Auto Parts:O.E.M.,Consumer Discretionary
GTY,Getty Realty Corporation Common Stock,$28.24,-0.26,-0.912%,689598,1748979420.00,United States,,Real Estate,Finance
GUAC,Berto Acquisition Corp. II Ordinary Shares,$9.945,0.015,0.151%,80316,0.00,United States,2026,Blank Checks,Finance
GUACU,Berto Acquisition Corp. II Unit,$10.06,0.00,0.00%,1150,0.00,United States,2026,Blank Checks,Finance
GUACW,Berto Acquisition Corp. II Warrants,$0.60,0.04,7.143%,199,0.00,United States,2026,Blank Checks,Finance
GUG,Guggenheim Active Allocation Fund Common Shares of Beneficial Interest,$14.15,0.01,0.071%,219618,0.00,United States,2021,Trusts Except Educational Religious and Charitable,Finance
GURE,Gulf Resources Inc. (NV) Common Stock,$3.06,-0.14,-4.375%,528960,5549405.00,China,,Major Chemicals,Industrials
GUT,Gabelli Utility Trust (The) Common Stock,$5.69,0.03,0.53%,374341,417640475.00,United States,,Trusts Except Educational Religious and Charitable,Finance
GUT^C,Gabelli Utility Trust (The) 5.375% Series C Cumulative Preferred Shares,$19.82,0.01,0.05%,3283,,United States,,,
GUTS,Fractyl Health Inc. Common Stock,$0.5444,0.0244,4.692%,2153766,86657509.00,United States,2024,Medical/Dental Instruments,Health Care
GVA,Granite Construction Incorporated Common Stock,$115.91,-0.36,-0.31%,720536,5072744354.00,United States,,Military/Government/Technical,Industrials
GVH,Globavend Holdings Limited Ordinary Shares,$1.12,-0.02,-1.754%,38265,4820677.00,Australia,2023,Integrated Freight & Logistics,Industrials
GWAV,Greenwave Technology Solutions Inc. Common Stock,$2.42,-0.06,-2.419%,16301,7217611.00,United States,,Metal Fabrications,Industrials
GWH,ESS Tech Inc. Common Stock,$0.17,-0.01,-5.556%,1319423,6846606.00,United States,,Industrial Machinery/Components,Miscellaneous
GWRE,Guidewire Software Inc. Common Stock,$142.58,0.06,0.042%,1102064,11690514746.00,United States,2012,Computer Software: Prepackaged Software,Technology
GWRS,Global Water Resources Inc. Common Stock,$7.95,-0.03,-0.376%,55472,237906103.00,United States,2016,Water Supply,Utilities
GWW,W.W. Grainger Inc. Common Stock,$1245.76,-2.91,-0.233%,273184,58676469506.00,United States,,Office Equipment/Supplies/Services,Industrials
GXAI,Gaxos.ai Inc. Common Stock,$0.5432,-0.007,-1.272%,138726,6003603.00,United States,2023,Computer Software: Prepackaged Software,Technology
GXO,GXO Logistics Inc. Common Stock ,$44.45,-0.31,-0.693%,1313812,5097729537.00,United States,2021,Transportation Services,Consumer Discretionary
GYGY,Game Your Game Inc. Common Stock,$0.6604,-0.0738,-10.052%,1988437,9504477.00,United States,,Computer Software: Prepackaged Software,Technology
GYRE,Gyre Therapeutics Inc. Common Stock,$7.33,0.01,0.137%,159798,817367193.00,United States,2006,Biotechnology: Pharmaceutical Preparations,Health Care
GYRO,Gyrodyne LLC Common Stock,$4.675,-0.035,-0.743%,870,10281765.00,United States,,Building operators,Real Estate
H,Hyatt Hotels Corporation Class A Common Stock,$158.56,-3.45,-2.129%,985471,14936605855.00,United States,2009,Hotels/Resorts,Consumer Discretionary
HACQ,HCM IV Acquisition Corp. Class A Ordinary Share,$10.04,0.00,0.00%,39,0.00,United States,2026,Blank Checks,Finance
HAE,Haemonetics Corporation Common Stock,$105.30,-0.50,-0.473%,508936,4790839470.00,United States,1991,Medical/Dental Instruments,Health Care
HAFC,Hanmi Financial Corporation Common Stock,$30.90,-0.26,-0.834%,314486,916161980.00,United States,,Major Banks,Finance
HAFN,Hafnia Limited Common Shares,$9.94,0.27,2.792%,3438974,4968432253.00,,2024,Transportation Services,Consumer Discretionary
HAIN,Hain Celestial Group Inc. (The) Common Stock,$0.4877,-0.0127,-2.538%,377012,44381807.00,United States,,Packaged Foods,Consumer Staples
HAL,Halliburton Company Common Stock,$31.80,0.26,0.824%,13874383,26493545671.00,United States,,Oilfield Services/Equipment,Energy
HALO,Halozyme Therapeutics Inc. Common Stock,$110.40,-1.16,-1.04%,3521180,12530179200.00,United States,,Biotechnology: Biological Products (No Diagnostic Substances),Health Care
HAO,Haoxi Health Technology Limited Class A Ordinary Shares,$2.73,-0.02,-0.727%,25903,999524.00,China,2024,Advertising,Consumer Discretionary
HAPN,Happen Inc. Common Stock,$14.78,-0.14,-0.938%,1286250,1705722318.00,United States,,Finance: Consumer Services,Finance
HAS,Hasbro Inc. Common Stock,$87.68,-0.58,-0.657%,1291294,12366778867.00,United States,,Recreational Games/Products/Toys,Consumer Discretionary
HASI,HA Sustainable Infrastructure Capital Inc. Common Stock,$35.82,0.26,0.731%,955113,4602719198.00,United States,2013,Finance/Investors Services,Finance
HAVA,Harvard Ave Acquisition Corporation Class A Ordinary Share,$10.24,0.00,0.00%,109,0.00,South Korea,2025,Blank Checks,Finance
HAWK,HawkEye 360 Inc. Common Stock,$15.10,-0.28,-1.821%,1373422,1479279835.00,United States,2026,EDP Services,Technology
HAYW,Hayward Holdings Inc. Common Stock,$12.24,-0.10,-0.81%,3041052,2596343684.00,United States,2021,Industrial Machinery/Components,Industrials
HBAN,Huntington Bancshares Incorporated Common Stock,$15.26,-0.01,-0.065%,34789138,30831530245.00,United States,,Major Banks,Finance
HBANL,Huntington Bancshares Incorporated Depositary Shares Each Representing a 1/40th Interest in a Share of 6.875% Series J Non-Cumulative Perpetual Preferred Stock,$25.00,-0.07,-0.279%,72084,50510370650.00,United States,,Major Banks,Finance
HBANM,Huntington Bancshares Incorporated Depositary Shares each representing a 1/1000th interest in a share of Huntington Series I Preferred Stock,$20.10,0.09,0.45%,171896,40610338003.00,United States,,Major Banks,Finance
HBANP,Huntington Bancshares Incorporated Depositary Shares 4.500% Series H Non-Cumulative Perpetual Preferred Stock,$15.31,-0.29,-1.859%,124110,30932550986.00,United States,,Major Banks,Finance
HBANZ,Huntington Bancshares Incorporated Depositary Shares Each Representing a 1/1000th Interest in a Share of 5.50% Series L Non-Cumulative Perpetual Preferred Stock,$18.90,0.17,0.908%,17872,38185840211.00,United States,,Major Banks,Finance
HBB,Hamilton Beach Brands Holding Company Class A Common Stock ,$38.25,-0.58,-1.494%,136823,514169199.00,United States,2017,Home Furnishings,Consumer Discretionary
HBCP,Home Bancorp Inc. Common Stock,$66.06,-0.43,-0.647%,76279,519941745.00,United States,2008,Banks,Finance
HBIO,Harvard Bioscience Inc. Common Stock,$7.92,-0.04,-0.503%,15112,36054256.00,United States,2000,Biotechnology: Laboratory Analytical Instruments,Industrials
HBM,Hudbay Minerals Inc. Ordinary Shares (Canada),$26.68,-0.33,-1.222%,5609797,11849782197.00,Canada,,Metal Mining,Basic Materials
HBNB,Hotel101 Global Holdings Corp. Class A Ordinary Shares,$5.01,0.36,7.742%,188122,1172502254.00,Singapore,,Hotels/Resorts,Consumer Discretionary
HBNC,Horizon Bancorp Inc. Common Stock,$18.83,-0.03,-0.159%,1012028,966817293.00,United States,,Major Banks,Finance
HBT,HBT Financial Inc. Common Stock,$35.37,-0.32,-0.897%,164194,1286251696.00,United States,2019,Major Banks,Finance
HCA,HCA Healthcare Inc. Common Stock,$426.74,-4.89,-1.133%,1238202,92389850110.00,United States,2011,Hospital/Nursing Management,Health Care
HCAC,Hall Chadwick Acquisition Corp Class A Ordinary Shares,$10.13,0.01,0.099%,3095,0.00,Cayman Islands,2026,Auto Parts:O.E.M.,Consumer Discretionary
HCACR,Hall Chadwick Acquisition Corp Rights,$0.2201,0.00,0.00%,82,0.00,Cayman Islands,2026,,
HCAI,Huachen AI Parking Management Technology Holding Co. Ltd. Class A Ordinary Shares,$0.5345,-0.0021,-0.391%,270999,5833146.00,China,2025,Miscellaneous manufacturing industries,Consumer Discretionary
HCAT,Health Catalyst Inc Common Stock,$1.73,-0.02,-1.143%,383588,130193539.00,United States,2019,Computer Software: Programming Data Processing,Technology
HCC,Warrior Met Coal Inc. Common Stock,$88.07,0.04,0.045%,661729,4650279802.00,United States,2017,Coal Mining,Energy
HCI,HCI Group Inc. Common Stock,$173.82,-2.67,-1.513%,209673,2162123862.00,United States,,Property-Casualty Insurers,Finance
HCIC,Hennessy Capital Investment Corp. VIII Class A Ordinary Shares,$9.98,0.00,0.00%,13,0.00,United States,2026,,
HCICR,Hennessy Capital Investment Corp. VIII Share Rights,$0.0862,-0.0097,-10.115%,538,0.00,United States,2026,,
HCKT,Hackett Group Inc (The). Common Stock,$10.05,0.18,1.824%,172203,250022624.00,United States,,Professional Services,Consumer Discretionary
HCM,HUTCHMED (China) Limited American Depositary Shares,$14.63,0.48,3.392%,78139,2552430616.00,Hong Kong,2016,Biotechnology: Pharmaceutical Preparations,Health Care
HCMA,HCM III Acquisition Corp. Class A Ordinary Share,$10.29,0.00,0.00%,14,399380625.00,United States,2025,Hotels/Resorts,Consumer Discretionary
HCSG,Healthcare Services Group Inc. Common Stock,$20.45,-0.45,-2.153%,677941,1403528531.00,United States,1983,Hospital/Nursing Management,Health Care
HCTI,Healthcare Triangle Inc. Common Stock,$0.7176,0.0561,8.481%,24748456,10745573.00,United States,2021,EDP Services,Technology
HCWB,HCW Biologics Inc. Common Stock,$1.71,-0.04,-2.286%,48416,3140114.00,United States,2021,Biotechnology: Pharmaceutical Preparations,Health Care
HCXY,Hercules Capital Inc. 6.25% Notes due 2033,$24.90,-0.1803,-0.719%,3431,4523724507.00,United States,2018,Investment Managers,Finance
HD,Home Depot Inc. (The) Common Stock,$284.49,-3.55,-1.232%,5775371,283832721701.00,United States,,RETAIL: Building Materials,Consumer Discretionary
HDB,HDFC Bank Limited Common Stock,$22.34,-0.30,-1.325%,7808302,114629282816.00,India,2001,Commercial Banks,Finance
HDL,SUPER HI INTERNATIONAL HOLDING LTD. American Depositary Shares,$11.46,-0.23,-1.967%,899,745242654.00,Singapore,2024,Restaurants,Consumer Discretionary
HDRN,Hadron Energy Inc. Common Stock  ,$1.31,0.04,3.15%,18974,93663483.00,United States,2024,Electric Utilities: Central,Utilities
HDRNW,Hadron Energy Inc. Warrant,$0.1248,-0.0152,-10.857%,4102,8923055.00,United States,2024,Electric Utilities: Central,Utilities
HDSN,Hudson Technologies Inc. Common Stock,$5.15,0.00,0.00%,681792,216756017.00,United States,,Industrial Specialties,Consumer Discretionary
HE,Hawaiian Electric Industries Inc. Common Stock,$8.94,-0.14,-1.542%,2720481,1544188356.00,United States,,Electric Utilities: Central,Utilities
HEI,Heico Corporation Common Stock,$303.18,-3.93,-1.28%,371033,42371650048.00,United States,2000,Aerospace,Industrials
HEI/A,Heico Corporation,$228.33,-2.51,-1.087%,378578,,United States,,,
HELE,Helen of Troy Limited Common Stock,$27.41,-0.74,-2.629%,317158,638435392.00,Bermuda,,Home Furnishings,Consumer Discretionary
HELP,Helus Pharma Inc. Common Stock,$12.29,-0.41,-3.228%,823468,897928133.00,Canada,,Biotechnology: Pharmaceutical Preparations,Health Care
HEPS,D-Market Electronic Services & Trading American Depositary Shares,$2.46,-0.06,-2.381%,558606,878773992.00,Turkey,2021,Catalog/Specialty Distribution,Consumer Discretionary
HEQ,John Hancock Diversified Income Fund Common Shares of Beneficial Interest,$11.15,-0.02,-0.179%,40762,0.00,United States,2011,Investment Managers,Finance
HERE,Here Group Limited American Depositary Shares,$1.66,-0.01,-0.599%,6940,90278461.00,China,2023,Recreational Games/Products/Toys,Consumer Discretionary
HERZ,Herzfeld Credit Income Fund Inc. Common Stock,$15.0301,-0.3199,-2.084%,2286,0.00,United States,,Investment Managers,Finance
HESM,Hess Midstream LP Class A Representing Limited Partner Interests,$37.37,-0.26,-0.691%,1430397,4796472423.00,United States,2017,Oil & Gas Production,Energy
HFBL,Home Federal Bancorp Inc. of Louisiana Common Stock,$24.77,-0.23,-0.92%,264,75067813.00,United States,2010,Savings Institutions,Finance
HFFG,HF Foods Group Inc. Common Stock,$1.64,0.06,3.797%,148799,91188618.00,United States,2017,Food Distributors,Consumer Discretionary
HFRO,Highland Opportunities and Income Fund Common Shares of Beneficial Interest,$6.66,-0.06,-0.893%,162123,0.00,United States,2017,Finance/Investors Services,Finance
HFRO^A,Highland Opportunities and Income Fund 5.375% Series A Cumulative Preferred Shares,$15.75,0.0622,0.396%,13537,,United States,,,
HFRO^B,Highland Opportunities and Income Fund 5.375% Series B Cumulative Preferred Shares,$15.6626,0.1026,0.659%,14735,,United States,,,
HFWA,Heritage Financial Corporation Common Stock,$27.63,-0.18,-0.647%,428450,1130496868.00,United States,,Banks,Finance
HG,Hamilton Insurance Group Ltd. Class B Common Shares,$33.04,-0.31,-0.93%,452367,2749282750.00,Bermuda,2023,Property-Casualty Insurers,Finance
HGBL,Heritage Global Inc. Common Stock,$1.30,0.00,0.00%,107289,45031279.00,United States,,Business Services,Consumer Discretionary
HGLB,Highland Global Allocation Fund Common Stock,$6.60,0.03,0.457%,160766,0.00,,2019,Trusts Except Educational Religious and Charitable,Finance
HGTY,Hagerty Inc. Class A Common Stock,$13.46,-0.09,-0.664%,447269,4625161259.00,United States,2021,Specialty Insurers,Finance
HGV,Hilton Grand Vacations Inc. Common Stock ,$34.66,-1.12,-3.13%,1007352,2693918866.00,United States,2016,Hotels/Resorts,Consumer Discretionary
HHH,Howard Hughes Holdings Inc. Common Stock,$73.62,-1.26,-1.683%,1260063,4396662670.00,United States,,Real Estate Investment Trusts,Real Estate
HHS,Harte Hanks Inc. Common Stock,$4.55,-0.08,-1.728%,80892,33916792.00,United States,,Advertising,Consumer Discretionary
HIFS,Hingham Institution for Savings Common Stock,$282.59,-8.27,-2.843%,39697,606833766.00,United States,,Banks,Finance
HIG,The Hartford Insurance Group Inc. Common Stock,$122.36,-3.49,-2.773%,2764558,33143898165.00,United States,,Property-Casualty Insurers,Finance
HIG^G,The Hartford Insurance Group Inc. Depositary Shares each representing a 1/1000th interest in a share of 6.000% Non-Cumulative Preferred Stock Series G,$21.65,-0.26,-1.187%,96787,,United States,,,
HIHO,Highway Holdings Limited Common Stock,$0.9013,0.0062,0.693%,25779,4170023.00,Hong Kong,,Metal Fabrications,Industrials
HII,Huntington Ingalls Industries Inc. Common Stock,$267.07,7.43,2.862%,772384,10523785988.00,United States,,Marine Transportation,Industrials
HIMS,Hims & Hers Health Inc. Class A Common Stock,$29.79,1.09,3.798%,14520477,6950406573.00,United States,2019,Medical/Nursing Services,Health Care
HIMX,Himax Technologies Inc. American Depositary Shares,$14.07,-0.03,-0.213%,959966,2454172610.00,Taiwan,2006,Semiconductors,Technology
HIND,Vyome Holdings Inc. Common Stock,$1.93,-0.09,-4.455%,7498,13545759.00,United States,2016,Biotechnology: Pharmaceutical Preparations,Health Care
HIO,Western Asset High Income Opportunity Fund Inc. Common Stock,$3.26,-0.04,-1.212%,474318,0.00,United States,,Finance/Investors Services,Finance
HIPO,Hippo Holdings Inc. Common Stock,$30.77,-0.22,-0.71%,111083,812001253.00,United States,2021,Property-Casualty Insurers,Finance
HIT,Health In Tech Inc. Class A Common Stock,$0.8207,-0.0318,-3.73%,6159272,53675954.00,United States,2024,Specialty Insurers,Finance
HITI,High Tide Inc. Common Shares,$2.73,-0.07,-2.50%,1237825,243359336.00,Canada,,Other Specialty Stores,Consumer Discretionary
HIVE,HIVE Digital Technologies Ltd. Common Shares,$2.95,-0.06,-1.993%,12373572,809118147.00,Canada,,Finance: Consumer Services,Finance
HIW,Highwoods Properties Inc. Common Stock,$29.02,0.38,1.327%,1340750,3201086243.00,United States,1994,Real Estate Investment Trusts,Real Estate
HIX,Western Asset High Income Fund II Inc. Common Stock,$3.53,0.00,0.00%,536695,0.00,United States,1998,Finance/Investors Services,Finance
HKD,AMTD Digital Inc. American Depositary Shares (every five of which represent two Class A Ordinary Shares),$1.79,0.10,5.917%,690905,225833508.00,,2022,Finance: Consumer Services,Finance
HKIT,Hitek Global Inc. Class A Ordinary Share,$2.60,0.06,2.362%,22708,23378836.00,China,2023,Computer Software: Prepackaged Software,Technology
HKPD,Cellyan Biotechnology Co. Ltd Class A Ordinary Shares,$0.116,0.0057,5.168%,649285,5625995.00,Hong Kong,2025,Other Pharmaceuticals,Health Care
HL,Hecla Mining Company Common Stock,$17.03,-0.12,-0.70%,37128428,11440216380.00,United States,,Mining & Quarrying of Nonmetallic Minerals (No Fuels),Industrials
HL^B,Hecla Mining Company Preferred Stock,$72.00,0.00,0.00%,16,,United States,,,
HLF,Herbalife Ltd. Common Shares,$12.13,-0.31,-2.492%,1078366,1271264999.00,Cayman Islands,2004,Other Pharmaceuticals,Health Care
HLI,Houlihan Lokey Inc. Class A Common Stock,$126.34,-1.12,-0.879%,805072,8829460410.00,United States,2015,Investment Managers,Finance
HLIO,Helios Technologies Inc. Common Stock,$67.92,-0.63,-0.919%,685789,2241360000.00,United States,2021,Metal Fabrications,Industrials
HLIT,Harmonic Inc. Common Stock,$10.56,0.01,0.095%,1408180,1151741659.00,United States,1995,Radio And Television Broadcasting And Communications Equipment,Technology
HLLY,Holley Inc. Common Stock,$2.36,-0.09,-3.673%,713978,286112577.00,United States,2020,Auto Parts:O.E.M.,Consumer Discretionary
HLMN,Hillman Solutions Corp. Common Stock,$6.99,-0.12,-1.688%,1766851,1359869543.00,United States,2020,Industrial Machinery/Components,Consumer Discretionary
HLN,Haleon plc American Depositary Shares (Each representing two Ordinary Shares),$9.00,-0.07,-0.772%,17749588,39584469528.00,United Kingdom,2022,Package Goods/Cosmetics,Consumer Discretionary
HLNE,Hamilton Lane Incorporated Class A Common Stock,$86.86,0.99,1.153%,729460,4786910017.00,United States,2017,Investment Managers,Finance
HLP,Hongli Group Inc. Class A Ordinary Shares,$2.52,0.07,2.857%,50853,188341650.00,China,2023,Industrial Machinery/Components,Industrials
HLSQ,Tessera Defense and Homeland Security Inc. Common Stock,$0.4008,-0.0332,-7.65%,1251167,1146288.00,,2019,Biotechnology: Biological Products (No Diagnostic Substances),Health Care
HLT,Hilton Worldwide Holdings Inc. Common Stock ,$318.12,-5.32,-1.645%,1338234,71597649169.00,United States,2016,Hotels/Resorts,Consumer Discretionary
HLXC,Helix Acquisition Corp. III Class A Ordinary Shares,$10.62,-0.12,-1.117%,38640,0.00,United States,2026,,
HMC,Honda Motor Company Ltd. Common Stock,$31.60,-0.49,-1.527%,658399,41001847322.00,Japan,,Auto Manufacturing,Industrials
HMH,HMH Holding Inc. Class A Common Stock,$17.52,-0.25,-1.407%,322670,772512041.00,United States,2026,Oil and Gas Field Machinery,Consumer Discretionary
HMN,Horace Mann Educators Corporation Common Stock,$44.60,-0.91,-2.00%,302393,1806347008.00,United States,1991,Property-Casualty Insurers,Finance
HMR,Heidmar Maritime Holdings Corp. Common Stock,$1.67,0.00,0.00%,49106,98516635.00,Greece,,Marine Transportation,Consumer Discretionary
HMY,Harmony Gold Mining Company Limited,$17.72,-0.26,-1.446%,3536992,11248084069.00,South Africa,,Precious Metals,Basic Materials
HNGE,Hinge Health Inc. Class A Common Stock,$97.24,2.03,2.132%,1635134,7846725109.00,United States,2025,EDP Services,Technology
HNI,HNI Corporation Common Stock,$45.32,-1.33,-2.851%,638892,3271279176.00,United States,,Office Equipment/Supplies/Services,Consumer Discretionary
HNNA,Hennessy Advisors Inc. Common Stock,$10.03,-0.07,-0.693%,11890,79281232.00,United States,,Investment Managers,Finance
HNRG,Hallador Energy Company Common Stock,$13.87,-0.22,-1.561%,530136,653878362.00,United States,,Electric Utilities: Central,Utilities
HNST,The Honest Company Inc. Common Stock,$5.13,-0.08,-1.536%,1354275,550368864.00,United States,2021,Catalog/Specialty Distribution,Consumer Discretionary
HNVR,Hanover Bancorp Inc. Common Stock,$24.92,-0.55,-2.159%,16652,175821166.00,United States,2022,Major Banks,Finance
HODO,House of Doge Inc. Common Stock,$0.16,-0.006,-3.614%,325349,14264478.00,United States,2025,Finance: Consumer Services,Finance
HOFT,Hooker Furnishings Corporation Common Stock,$12.98,0.08,0.62%,47180,138784717.00,United States,,Home Furnishings,Consumer Discretionary
HOG,Harley-Davidson Inc. Common Stock,$24.43,-0.39,-1.571%,1881598,2542491346.00,United States,,Motor Vehicles,Consumer Discretionary
HOLO,MicroCloud Hologram Inc. Ordinary Shares,$1.60,-0.015,-0.929%,78337,36659776.00,United States,2021,Computer Software: Programming Data Processing,Technology
HOLOW,MicroCloud Hologram Inc. Warrant,$0.04,0.00,0.00%,530,916494.00,United States,2021,Computer Software: Programming Data Processing,Technology
HOMB,Home BancShares Inc. Common Stock,$28.18,-0.23,-0.81%,1568688,5637398573.00,United States,2006,Major Banks,Finance
HON,Honeywell International Inc. Common Stock,$210.94,0.81,0.385%,1901268,66855325709.00,United States,,Aerospace,Industrials
HONA,Honeywell Aerospace Inc. Common Stock ,$154.97,-0.47,-0.302%,2384752,49118163793.00,United States,,Aerospace,Industrials
HOOD,Robinhood Markets Inc. Class A Common Stock,$112.50,-3.72,-3.201%,35140211,101146755713.00,United States,2021,Investment Bankers/Brokers/Service,Finance
HOPE,Hope Bancorp Inc. Common Stock,$13.29,-0.15,-1.116%,930414,1697689000.00,United States,,Major Banks,Finance
HOS,Hornbeck Offshore Services Inc. Common Stock,$7.69,-0.02,-0.259%,5242662,1708461054.00,United States,,Oilfield Services/Equipment,Energy
HOST,Host Digital Inc. Class A Common Stock,$4.75,-0.05,-1.042%,189561,133951525.00,,2024,Food Chains,Consumer Staples
HOUR,Hour Loop Inc. Common Stock,$1.955,-0.005,-0.255%,21226,68815648.00,United States,2022,Catalog/Specialty Distribution,Consumer Discretionary
HOV,Hovnanian Enterprises Inc. Class A Common Stock,$111.17,-1.02,-0.909%,68302,662560971.00,United States,1983,Homebuilding,Consumer Discretionary
HOVNP,Hovnanian Enterprises Inc Dep Shr Srs A Pfd,$18.21,0.23,1.279%,2532,108529597.00,United States,,Homebuilding,Consumer Discretionary
HOVR,New Horizon Aircraft Ltd. Class A Ordinary Share,$1.70,0.00,0.00%,327887,114110700.00,United States,2023,Aerospace,Industrials
HOVRW,New Horizon Aircraft Ltd. Warrant,$0.3425,0.0037,1.092%,1774,22989950.00,United States,2023,Aerospace,Industrials
HOWL,Werewolf Therapeutics Inc. Common Stock,$0.9223,0.0123,1.352%,829177,44822919.00,United States,2021,Biotechnology: Pharmaceutical Preparations,Health Care
HP,Helmerich & Payne Inc. Common Stock,$37.14,0.53,1.448%,874403,3711732417.00,United States,,Oil & Gas Production,Energy
HPAI,Helport AI Limited Ordinary Shares,$0.3159,0.0019,0.605%,122628,11892659.00,Singapore,,Computer Software: Prepackaged Software,Technology
HPAIW,Helport AI Limited Warrants,$0.01,0.00,0.00%,4,376469.00,Singapore,,Computer Software: Prepackaged Software,Technology
HPE,Hewlett Packard Enterprise Company Common Stock,$63.89,2.40,3.903%,32754415,84811724730.00,United States,2015,Retail: Computer Software & Peripheral Equipment,Technology
HPE^C,Hewlett Packard Enterprise Company 7.625% Series C Mandatory Convertible Preferred Stock,$163.56,6.10,3.874%,1216451,,United States,,,
HPF,John Hancock Pfd Income Fund II Pfd Income Fund II,$13.47,-0.02,-0.148%,99666,0.00,United States,2002,Finance Companies,Finance
HPI,John Hancock Preferred Income Fund Common Shares of Beneficial Interest,$14.00,0.11,0.792%,119360,0.00,United States,2002,Trusts Except Educational Religious and Charitable,Finance
HPK,HighPeak Energy Inc. Common Stock,$8.16,0.37,4.75%,625184,1031854881.00,United States,,Oil & Gas Production,Energy
HPP,Hudson Pacific Properties Inc. Common Stock,$11.54,-0.12,-1.029%,923415,626261271.00,United States,2010,Real Estate,Finance
HPP^C,Hudson Pacific Properties Inc. 4.750% Series C Cumulative Redeemable Preferred Stock,$14.67,0.55,3.895%,24811,,United States,,,
HPQ,HP Inc. Common Stock,$31.28,0.55,1.79%,14898087,28208021510.00,United States,,Computer Manufacturing,Technology
HPS,John Hancock Preferred Income Fund III Preferred Income Fund III,$12.04,0.01,0.083%,161521,0.00,United States,2003,Investment Managers,Finance
HQ,Horizon Quantum Holdings Ltd. Class A Ordinary Shares,$14.86,0.68,4.795%,151938,802025109.00,Singapore,,EDP Services,Technology
HQH,abrdn Healthcare Investors Shares of Beneficial Interest,$20.89,-0.06,-0.286%,124588,989010436.00,United States,1987,Finance Companies,Finance
HQI,HireQuest Inc. Common Stock (DE),$19.13,-0.36,-1.847%,24144,265907000.00,United States,,Professional Services,Consumer Discretionary
HQL,abrdn Life Sciences Investors Shares of Beneficial Interest,$18.70,0.21,1.136%,92447,480209193.00,United States,1992,Investment Managers,Finance
HQWWW,Horizon Quantum Holdings Ltd. Warrant,$6.65,0.25,3.906%,27294,358914332.00,Singapore,,EDP Services,Technology
HQY,HealthEquity Inc. Common Stock,$88.46,1.21,1.387%,908887,7316995084.00,United States,2014,Business Services,Consumer Discretionary
HR,Healthcare Realty Trust Incorporated Common Stock,$17.74,-0.20,-1.115%,2833664,6079848542.00,United States,,Real Estate Investment Trusts,Real Estate
HRB,H&R Block Inc. Common Stock,$40.85,0.27,0.665%,2013297,5006456064.00,United States,,Other Consumer Services,Consumer Discretionary
HRI,Herc Holdings Inc. Common Stock ,$124.80,-2.44,-1.918%,487075,4172244211.00,United States,2016,Misc Corporate Leasing Services,Industrials
HRL,Hormel Foods Corporation Common Stock,$19.94,0.09,0.453%,4939339,10973994952.00,United States,,Meat/Poultry/Fish,Consumer Staples
HRMY,Harmony Biosciences Holdings Inc. Common Stock,$39.26,-0.03,-0.076%,667736,2286360789.00,United States,2020,Biotechnology: Pharmaceutical Preparations,Health Care
HROW,Harrow Inc. Common Stock,$30.80,-0.60,-1.911%,514410,1154625780.00,United States,,Biotechnology: Pharmaceutical Preparations,Health Care
HRTG,Heritage Insurance Holdings Inc. Common Stock,$33.15,-0.34,-1.015%,432825,985629590.00,United States,2014,Property-Casualty Insurers,Finance
HRTX,Heron Therapeutics Inc. Common Stock,$0.3135,0.0075,2.451%,2472429,59518698.00,United States,,Biotechnology: Pharmaceutical Preparations,Health Care
HRZN,Horizon Technology Finance Corporation Common Stock,$4.59,-0.04,-0.864%,261135,307685642.00,United States,2010,Finance: Consumer Services,Finance
HSAI,Hesai Group American Depositary Share,$15.95,0.43,2.771%,785465,2506418265.00,China,2023,Industrial Machinery/Components,Industrials
HSBC,HSBC Holdings plc. Common Stock,$99.31,-1.41,-1.40%,1909393,340964832234.00,United Kingdom,,Savings Institutions,Finance
HSCS,HeartSciences Inc. Common Stock,$4.18,0.13,3.21%,73050,20247544.00,United States,2022,Industrial Specialties,Health Care
HSCSW,HeartSciences Inc. Warrant,$0.0437,0.00,0.00%,6,211679.00,United States,2022,Industrial Specialties,Health Care
HSDT,Solana Company Class A Common Stock (DE),$2.62,-0.24,-8.392%,1300183,158401802.00,United States,,Biotechnology: Electromedical & Electrotherapeutic Apparatus,Health Care
HSHP,Himalaya Shipping Ltd. Common Shares,$17.37,0.13,0.754%,585559,812047500.00,,2023,Marine Transportation,Consumer Discretionary
HSIC,Henry Schein Inc. Common Stock,$83.97,-1.00,-1.177%,883573,9358166132.00,United States,1995,Medical Specialities,Health Care
HSLV,Highlander Silver Corp. Common Shares,$5.22,-0.15,-2.793%,553068,1062392242.00,,,,
HST,Host Hotels & Resorts Inc. Common Stock,$22.39,0.15,0.674%,10196503,15339935294.00,United States,,Real Estate Investment Trusts,Real Estate
HSTM,HealthStream Inc. Common Stock,$29.71,-0.03,-0.101%,223180,909003803.00,United States,2000,Computer Software: Programming Data Processing,Technology
HSY,The Hershey Company Common Stock,$157.61,-3.80,-2.354%,2041448,31667892800.00,United States,,Specialty Foods,Consumer Staples
HTB,HomeTrust Bancshares Inc. Common Stock,$45.77,-0.02,-0.044%,267266,764046849.00,United States,,Savings Institutions,Finance
HTCO,High-Trend International Group Class A Ordinary Shares,$2.07,-0.13,-5.909%,23275,13983521.00,Singapore,,Marine Transportation,Consumer Discretionary
HTCR,Heartcore Enterprises Inc. Common Stock,$2.00,-0.04,-1.961%,20904,3030656.00,Japan,2022,EDP Services,Technology
HTD,John Hancock Tax Advantaged Dividend Income Fund Common Shares of Beneficial Interest,$22.18,-0.18,-0.805%,156081,0.00,United States,2004,Finance Companies,Finance
HTFC,Horizon Technology Finance Corporation 6.25% Notes due 2027,$24.90,-0.13,-0.519%,7535,1059388403.00,United States,2022,Finance: Consumer Services,Finance
HTFL,Heartflow Inc. Common Stock,$49.75,-0.08,-0.161%,1297306,4325942943.00,United States,2025,Medical/Dental Instruments,Health Care
HTGC,Hercules Capital Inc. Common Stock,$16.81,-0.16,-0.943%,1504009,3146226840.00,United States,2012,Investment Managers,Finance
HTH,Hilltop Holdings Inc.,$37.66,0.06,0.16%,389880,2157406464.00,United States,,Major Banks,Finance
HTHT,H World Group Limited American Depositary Shares,$42.80,-0.34,-0.788%,1335656,13162019453.00,China,2010,Hotels/Resorts,Consumer Discretionary
HTLD,Heartland Express Inc. Common Stock,$11.61,-0.04,-0.343%,588233,897831614.00,United States,1986,Trucking Freight/Courier Services,Industrials
HTLM,HomesToLife Ltd Ordinary Shares,$1.89,-0.0491,-2.532%,12207,169509375.00,Singapore,2024,Other Specialty Stores,Consumer Discretionary
HTO,H2O America Common Stock,$61.63,-0.02,-0.032%,630559,2579634831.00,United States,,Water Supply,Utilities
HTOO,Fusion Fuel Green PLC Class A Ordinary Shares,$2.125,0.085,4.167%,2593,15972050.00,Ireland,,Industrial Machinery/Components,Technology
HTT,High Templar Tech Limited American depositary shares each representing one Class A ordinary share,$2.38,-0.02,-0.833%,25154,369574740.00,China,2017,Finance: Consumer Services,Finance
HTZ,Hertz Global Holdings Inc Common Stock,$1.67,-0.01,-0.595%,13468904,595273826.00,United States,,Rental/Leasing Companies,Consumer Discretionary
HTZWW,Hertz Global Holdings Inc Warrant,$0.87,-0.03,-3.333%,553245,310112712.00,United States,,Rental/Leasing Companies,Consumer Discretionary
HUBB,Hubbell Inc Common Stock,$453.60,-5.49,-1.196%,481748,23964854206.00,United States,2015,Electrical Products,Technology
HUBC,Hub Cyber Security Ltd. Ordinary Shares,$0.995,0.00,0.00%,466359,1330361.00,Israel,,Computer Communications Equipment,Telecommunications
HUBCW,Hub Cyber Security Ltd. Warrant 2/27/28,$0.0082,0.00,0.00%,6362,10964.00,Israel,,Computer Communications Equipment,Telecommunications
HUBCZ,Hub Cyber Security Ltd. Warrant ,$0.0116,0.00,0.00%,1,15510.00,Israel,,Computer Communications Equipment,Telecommunications
HUBG,Hub Group Inc. Class A Common Stock,$29.58,-0.67,-2.215%,1812989,1808920826.00,United States,1996,Integrated Freight & Logistics,Industrials
HUBS,HubSpot Inc. Common Stock,$204.98,7.31,3.698%,1530182,10221573881.00,United States,2014,Computer Software: Prepackaged Software,Technology
HUCK,Huckleberry.ai Inc. Class B Common Stock,$3.33,0.01,0.301%,562119,156630416.00,United States,2018,Computer Software: Prepackaged Software,Technology
HUDI,Huadi International Group Co. Ltd. Ordinary Shares,$0.6801,-0.0398,-5.529%,22325,9738476.00,China,2021,Steel/Iron Ore,Industrials
HUHU,HUHUTECH International Group Inc. Ordinary Shares,$5.479,0.279,5.365%,5310,139680251.00,China,2024,Metal Fabrications,Telecommunications
HUIZ,Huize Holding Limited American Depositary Shares,$1.34,0.01,0.752%,25357,13542142.00,China,2020,Specialty Insurers,Finance
HUM,Humana Inc. Common Stock,$381.57,-5.30,-1.37%,1312738,45819043124.00,United States,,Medical Specialities,Health Care
HUMA,Humacyte Inc. Common Stock,$0.5177,-0.015,-2.816%,5748682,143816079.00,United States,2020,Biotechnology: Biological Products (No Diagnostic Substances),Health Care
HUN,Huntsman Corporation Common Stock,$8.40,0.02,0.239%,2062522,1473180374.00,United States,2005,Major Chemicals,Industrials
HURA,TuHURA Biosciences Inc. Common Stock,$2.10,0.03,1.449%,284481,133825896.00,United States,,Biotechnology: Pharmaceutical Preparations,Health Care
HURC,Hurco Companies Inc. Common Stock,$21.62,-0.46,-2.083%,14259,140018082.00,United States,,Industrial Machinery/Components,Industrials
HURN,Huron Consulting Group Inc. Common Stock,$156.83,0.47,0.301%,281502,2495176592.00,United States,2004,Professional Services,Consumer Discretionary
HUT,Hut 8 Corp. Common Stock,$86.10,-6.76,-7.28%,7184627,10612640195.00,United States,,Finance: Consumer Services,Finance
HUYA,HUYA Inc. American depositary shares each  representing one Class A ordinary share,$2.28,-0.04,-1.724%,1291543,520674692.00,United States,2018,Computer Software: Programming Data Processing,Technology
HVMC,Highview Merger Corp. Class A Ordinary Share,$10.27,0.00,0.00%,18,0.00,United States,2025,,
HVMCU,Highview Merger Corp. Units,$10.425,0.00,0.00%,89,0.00,United States,2025,Blank Checks,Finance
HVMCW,Highview Merger Corp. Warrants,$0.21,-0.01,-4.545%,239,0.00,United States,2025,,
HVT,Haverty Furniture Companies Inc. Common Stock,$27.67,0.17,0.618%,109264,431475631.00,United States,,Other Specialty Stores,Consumer Discretionary
HVT/A,Haverty Furniture Companies Inc.,$28.09,0.00,0.00%,95,,United States,,,
HWBK,Hawthorn Bancshares Inc. Common Stock,$38.02,-0.28,-0.731%,28404,262363778.00,United States,,Major Banks,Finance
HWC,Hancock Whitney Corporation Common Stock,$72.04,-0.16,-0.222%,1019981,5779269098.00,United States,,Major Banks,Finance
HWCPZ,Hancock Whitney Corporation 6.25% Subordinated Notes due 2060,$21.05,0.00,0.00%,8349,1784092287.00,United States,,Major Banks,Finance
HWKN,Hawkins Inc. Common Stock,$126.00,-0.15,-0.119%,171077,2630264742.00,United States,,Specialty Chemicals,Consumer Discretionary
HWM,Howmet Aerospace Inc. Common Stock,$226.18,-4.76,-2.061%,2759750,90200900426.00,United States,,Metal Fabrications,Industrials
HXHX,Haoxin Holdings Limited Class A Ordinary Shares,$0.40,-0.0098,-2.391%,42037,5888000.00,China,2025,Trucking Freight/Courier Services,Industrials
HXL,Hexcel Corporation Common Stock,$83.92,-0.43,-0.51%,1148221,6346320092.00,United States,,Major Chemicals,Industrials
HY,Hyster-Yale Inc. Class A common stock,$31.47,-0.53,-1.656%,136392,564269279.00,United States,,Construction/Ag Equipment/Trucks,Industrials
HYFM,Hydrofarm Holdings Group Inc. Common Stock,$0.96,0.02,2.128%,19716,4626550.00,United States,2020,Consumer Specialties,Consumer Discretionary
HYFT,MindWalk Holdings Corp. Common Stock,$1.325,-0.055,-3.986%,101890,62422960.00,Canada,,Biotechnology: Pharmaceutical Preparations,Health Care
HYI,Western Asset High Yield Opportunity Fund Inc. Common Stock,$9.86,0.01,0.102%,68327,0.00,,2010,Investment Managers,Finance
HYLN,Hyliion Holdings Corp. Class A Common Stock,$4.17,0.16,3.99%,3273541,744750399.00,United States,2019,Construction/Ag Equipment/Trucks,Consumer Discretionary
HYMC,Hycroft Mining Holding Corporation Class A Common Stock,$19.04,-0.34,-1.754%,2462973,1774179206.00,United States,2018,Precious Metals,Basic Materials
HYNE,Hoyne Bancorp Inc. Common Stock,$16.60,0.10,0.606%,1820,134409171.00,United States,2025,Banks,Finance
HYPD,Hyperion DeFi Inc. Common Stock,$3.745,-0.245,-6.14%,853932,58195180.00,United States,2018,Biotechnology: Pharmaceutical Preparations,Health Care
HYPR,Hyperfine Inc. Class A Common Stock,$0.808,0.003,0.373%,432639,85687325.00,United States,2021,Biotechnology: Electromedical & Electrotherapeutic Apparatus,Health Care
HYT,Blackrock Corporate High Yield Fund Inc. Common Stock,$7.84,0.03,0.384%,1046772,0.00,United States,2003,Finance Companies,Finance
HZO,MarineMax Inc.  (FL) Common Stock,$52.30,0.06,0.115%,773643,1155136816.00,United States,1998,Auto & Home Supply Stores,Consumer Discretionary
IA,Innovative Solutions and Support Inc. Common Stock,$18.57,-0.16,-0.854%,248895,332387643.00,United States,,EDP Services,Technology
IACO,Idea Acquisition Corp. Class A Ordinary Shares,$10.00,0.00,0.00%,60,0.00,United States,2026,Blank Checks,Finance
IACQ,Irenic Acquisition Corp. Class A Ordinary Shares,$9.95,-0.03,-0.301%,135,0.00,United States,2026,Blank Checks,Finance
IAE,Voya Asia Pacific High Dividend Equity Income Fund ING Asia Pacific High Dividend Equity Income Fund Common Shares of Beneficial Interest,$8.89,0.11,1.253%,124502,0.00,United States,2007,Trusts Except Educational Religious and Charitable,Finance
IAF,abrdn Australia Equity Fund Inc. Common Stock,$12.52,0.00,0.00%,29025,0.00,United States,1985,Finance/Investors Services,Finance
IAG,Iamgold Corporation Ordinary Shares,$18.41,-0.23,-1.234%,4413013,10512110000.00,Canada,,Precious Metals,Basic Materials
IART,Integra LifeSciences Holdings Corporation Common Stock,$16.28,-0.36,-2.163%,768921,1266136398.00,United States,,Medical/Dental Instruments,Health Care
IAUX,i-80 Gold Corp. Common Shares,$1.66,0.00,0.00%,4731514,1437396794.00,Canada,2022,Precious Metals,Basic Materials
IBAC,IB Acquisition Corp. Common Stock,$10.91,-0.19,-1.712%,15641,0.00,United States,2024,Blank Checks,Finance
IBCP,Independent Bank Corporation Common Stock,$35.24,-0.11,-0.311%,215565,782303156.00,United States,,Major Banks,Finance
IBEX,IBEX Limited Common Shares,$43.26,-0.12,-0.277%,120219,574433707.00,Bermuda,2020,EDP Services,Technology
IBG,Innovation Beverage Group Limited Ordinary Shares,$0.924,0.004,0.435%,19308,3899762.00,Australia,2024,Beverages (Production/Distribution),Consumer Staples
IBIO,iBio Inc. Common Stock,$1.18,0.01,0.855%,229686,75882562.00,United States,,Biotechnology: Pharmaceutical Preparations,Health Care
IBKR,Interactive Brokers Group Inc. Class A Common Stock,$85.42,-0.76,-0.882%,4050981,38701937367.00,United States,2019,Investment Bankers/Brokers/Service,Finance
IBM,International Business Machines Corporation Common Stock,$219.93,-0.06,-0.027%,4569792,207203616393.00,United States,,Computer Manufacturing,Technology
IBN,ICICI Bank Limited Common Stock,$27.55,0.30,1.101%,4946613,98630550652.00,India,,Commercial Banks,Finance
IBO,Impact BioMedical Inc. Common Stock,$5.60,0.00,0.00%,3931,47844602.00,,2024,Biotechnology: Pharmaceutical Preparations,Health Care
IBOC,International Bancshares Corporation Common Stock,$68.495,-0.445,-0.645%,340202,4259807751.00,United States,,Major Banks,Finance
IBP,Installed Building Products Inc. Common Stock,$191.88,-2.06,-1.062%,307700,5100012483.00,United States,2014,Homebuilding,Consumer Discretionary
IBRX,ImmunityBio Inc. Common Stock,$9.44,0.61,6.908%,27286820,10004854417.00,United States,2015,Biotechnology: Biological Products (No Diagnostic Substances),Health Care
IBTA,Ibotta Inc. Class A Common Stock,$39.40,0.13,0.331%,162276,912882792.00,United States,2024,Advertising,Consumer Discretionary
ICCC,ImmuCell Corporation Common Stock,$9.80,-0.14,-1.408%,2552,89005531.00,United States,1987,Biotechnology: In Vitro & In Vivo Diagnostic Substances,Health Care
ICCM,IceCure Medical Ltd. Ordinary Shares,$1.615,0.025,1.572%,321229,5533596.00,Israel,,Medical/Dental Instruments,Health Care
ICE,Intercontinental Exchange Inc. Common Stock,$152.03,-0.16,-0.105%,2786615,85348803859.00,United States,2005,Investment Bankers/Brokers/Service,Finance
ICFI,ICF International Inc. Common Stock,$83.13,0.01,0.012%,161974,1490843777.00,United States,2006,Professional Services,Consumer Discretionary
ICG,Intchains Group Limited American Depositary Shares,$0.93,0.00,0.00%,18489,112328099.00,China,2023,Semiconductors,Technology
ICHR,Ichor Holdings Ordinary Shares,$61.86,2.10,3.514%,1068368,2316918606.00,United States,2016,Semiconductors,Technology
ICL,ICL Group Ltd. Ordinary Shares,$5.02,-0.15,-2.901%,1656465,6479177100.00,Israel,2014,Agricultural Chemicals,Industrials
ICLR,ICON plc Ordinary Shares,$169.99,-0.36,-0.211%,851109,13015679577.00,Ireland,1998,Biotechnology: Commercial Physical & Biological Resarch,Health Care
ICMB,Investcorp Credit Management BDC Inc. Common Stock,$0.8298,-0.0203,-2.388%,88300,11976065.00,United States,2014,Finance: Consumer Services,Finance
ICON,Icon Energy Corp. Common stock,$0.94,0.01,1.075%,4661,3533755.00,Greece,2024,Marine Transportation,Consumer Discretionary
ICR^A,InPoint Commercial Real Estate Income Inc. 6.75% Series A Cumulative Redeemable Preferred Stock,$21.8501,0.0796,0.366%,2404,,,,,
ICU,SeaStar Medical Holding Corporation Common Stock,$3.94,0.38,10.674%,86753,17362954.00,United States,2021,Medical/Dental Instruments,Health Care
ICUCW,SeaStar Medical Holding Corporation Warrant,$0.0163,0.0009,5.844%,15672,71832.00,United States,2021,Medical/Dental Instruments,Health Care
ICUI,ICU Medical Inc. Common Stock,$160.51,-2.93,-1.793%,307278,4013879669.00,United States,1992,Medical/Dental Instruments,Health Care
IDA,IDACORP Inc. Common Stock,$130.73,-0.39,-0.297%,846046,7561690281.00,United States,,Electric Utilities: Central,Utilities
IDAC,Iron Dome Acquisition I Corp. Class A Ordinary Shares,$9.99,0.00,0.00%,8,0.00,United States,2026,,
IDACW,Iron Dome Acquisition I Corp. Warrant,$0.26,-0.02,-7.143%,5306,0.00,United States,2026,,
IDAI,T Stamp Inc. Class A Common Stock,$3.08,-0.19,-5.81%,22372,17369016.00,United States,,Computer Software: Prepackaged Software,Technology
IDCC,InterDigital Inc. Common Stock,$326.07,1.77,0.546%,153816,8414564702.00,United States,,Multi-Sector Companies,Miscellaneous
IDE,Voya Infrastructure Industrials and Materials Fund Common Shares of Beneficial Interest,$12.19,0.05,0.412%,87250,0.00,United States,2010,Finance/Investors Services,Finance
IDN,Intellicheck Inc. Common Stock,$2.295,-0.035,-1.502%,116454,46512175.00,United States,1999,Computer Software: Prepackaged Software,Technology
IDR,Idaho Strategic Resources Inc. Common Stock,$28.00,-0.71,-2.473%,242856,443132760.00,United States,2022,Precious Metals,Basic Materials
IDT,IDT Corporation Class B Common Stock,$79.97,4.41,5.836%,783578,1986349719.00,United States,,Telecommunications Equipment,Telecommunications
IDXX,IDEXX Laboratories Inc. Common Stock,$522.19,-11.25,-2.109%,503527,41138710964.00,United States,1991,Biotechnology: In Vitro & In Vivo Diagnostic Substances,Health Care
IDYA,IDEAYA Biosciences Inc. Common Stock,$38.42,0.56,1.479%,1016463,3707125975.00,United States,2019,Biotechnology: Pharmaceutical Preparations,Health Care
IE,Ivanhoe Electric Inc. Common Stock,$9.92,-0.72,-6.767%,2172844,1583135369.00,Canada,2022,Metal Mining,Basic Materials
IEAG,Infinite Eagle Acquisition Corp. Class A Ordinary Shares,$10.22,0.02,0.196%,111,0.00,United States,2026,Blank Checks,Finance
IEAGU,Infinite Eagle Acquisition Corp. Unit,$10.37,0.00,0.00%,100,0.00,United States,2026,,
IEP,Icahn Enterprises L.P. Common Stock,$6.75,-0.11,-1.603%,978736,4798676878.00,United States,,Integrated oil Companies,Energy
IESC,IES Holdings Inc. Common Stock,$321.08,-3.36,-1.036%,229689,12794624449.00,United States,,Engineering & Construction,Industrials
IEX,IDEX Corporation Common Stock,$227.98,-2.45,-1.063%,723323,16806661890.00,United States,1989,Fluid Controls,Industrials
IFBD,Infobird Co. Ltd Ordinary Shares,$0.9107,-0.0793,-8.01%,60631,7457334.00,China,2021,Computer Software: Prepackaged Software,Technology
IFF,International Flavors & Fragrances Inc. Common Stock,$83.48,-1.77,-2.076%,1912436,21299918911.00,United States,,Major Chemicals,Industrials
IFN,Aberdeen India Fund Inc. Common Stock,$10.64,-0.05,-0.468%,200312,0.00,United States,,Finance/Investors Services,Finance
IFRX,InflaRx N.V. Common Stock,$1.80,-0.05,-2.703%,302506,265262798.00,Germany,2017,Biotechnology: Pharmaceutical Preparations,Health Care
IFS,Intercorp Financial Services Inc. Common Shares,$54.39,-0.17,-0.312%,341538,6004531175.00,,2019,Commercial Banks,Finance
IGA,Voya Global Advantage and Premium Opportunity Fund Common Shares of Beneficial Interest,$10.01,-0.06,-0.596%,170744,0.00,United States,2005,Investment Managers,Finance
IGAC,Invest Green Acquisition Corporation Class A Ordinary Shares,$10.115,0.00,0.00%,29,0.00,United States,2025,Blank Checks,Finance
IGC,IGC Pharma Inc. Common Stock,$0.2689,0.0014,0.523%,812181,27799960.00,United States,,Biotechnology: Pharmaceutical Preparations,Health Care
IGD,Voya Global Equity Dividend and Premium Opportunity Fund,$6.18,-0.11,-1.749%,507189,0.00,United States,2005,Trusts Except Educational Religious and Charitable,Finance
IGI,Western Asset Investment Grade Opportunity Trust Inc. Common Stock,$15.85,0.16,1.02%,4241,0.00,United States,2009,Investment Managers,Finance
IGIC,International General Insurance Holdings Ltd. Ordinary Share,$24.30,-0.30,-1.22%,70013,1041065849.00,Jordan,2018,Property-Casualty Insurers,Finance
IGR,CBRE Global Real Estate Income Fund Common Shares of Beneficial Interest,$11.76,-0.07,-0.592%,385339,0.00,United States,2004,Finance Companies,Finance
IH,iHuman Inc. American depositary shares each representing five Class A ordinary shares,$1.145,0.005,0.439%,1500,58524227.00,United States,2020,Other Consumer Services,Real Estate
IHD,Voya Emerging Markets High Income Dividend Equity Fund Common Shares,$7.57,-0.01,-0.132%,72620,0.00,United States,2011,Investment Managers,Finance
IHG,Intercontinental Hotels Group American Depositary Shares (Each representing one Ordinary Share),$160.80,-2.30,-1.41%,175000,22951037225.00,United Kingdom,,Hotels/Resorts,Consumer Discretionary
IHRT,iHeartMedia Inc. Class A Common Stock,$2.10,-0.075,-3.448%,614733,280768167.00,United States,,Broadcasting,Consumer Discretionary
IHS,IHS Holding Limited Ordinary Shares,$8.36,-0.02,-0.239%,1219184,2804957416.00,Cayman Islands,2021,Telecommunications Equipment,Telecommunications
IHT,InnSuites Hospitality Trust Shares of Beneficial Interest,$1.35,-0.0154,-1.128%,21953,15153168.00,United States,1999,Real Estate Investment Trusts,Real Estate
IIF,Morgan Stanley India Investment Fund Inc. Common Stock,$21.49,-0.08,-0.371%,17763,0.00,United States,1994,Trusts Except Educational Religious and Charitable,Finance
III,Information Services Group Inc. Common Stock,$5.53,0.10,1.842%,365672,267726445.00,United States,,Professional Services,Consumer Discretionary
IIIN,Insteel Industries Inc. Common Stock,$29.13,0.04,0.138%,134241,563905735.00,United States,,Steel/Iron Ore,Industrials
IIIV,i3 Verticals Inc. Class A Common Stock,$13.82,-0.16,-1.144%,548972,363770164.00,United States,2018,Computer Software: Prepackaged Software,Technology
IIM,Invesco Value Municipal Income Trust Common Stock,$10.46,0.01,0.096%,365597,492335872.00,United States,,Investment Managers,Finance
IIPR,Innovative Industrial Properties Inc. Common Stock,$52.68,-1.83,-3.357%,1076772,1452458665.00,United States,2016,Real Estate,Finance
IIPR^A,Innovative Industrial Properties Inc. 9.00% Series A Cumulative Redeemable Preferred Stock,$24.65,-0.27,-1.083%,104467,,United States,,,
IKT,Inhibikase Therapeutics Inc. Common Stock,$2.055,0.035,1.733%,579463,286746275.00,United States,2020,Biotechnology: Biological Products (No Diagnostic Substances),Health Care
ILAG,Intelligent Living Application Group Inc. Ordinary Shares,$2.78,0.00,0.00%,655,5773915.00,Hong Kong,2022,Office Equipment/Supplies/Services,Consumer Discretionary
ILLR,Triller Group Inc. Common Stock,$0.2299,-0.0101,-4.208%,3117851,4919131.00,United States,2019,Investment Managers,Finance
ILLRW,Triller Group Inc. Warrant,$0.035,0.00,0.00%,4,748889.00,United States,2019,Investment Managers,Finance
ILLU,Illumination Acquisition Corp I Class A Ordinary Shares,$9.98,0.00,0.00%,52,102442145.00,United States,2026,Blank Checks,Finance
ILLUU,Illumination Acquisition Corp I Units,$10.27,0.00,0.00%,25,0.00,United States,2026,Blank Checks,Finance
ILMN,Illumina Inc. Common Stock,$273.68,1.68,0.618%,2939288,41325680000.00,United States,2000,Medical Specialities,Health Care
ILPT,Industrial Logistics Properties Trust Common Shares of Beneficial Interest,$7.10,-0.08,-1.114%,405795,473895755.00,United States,2018,Real Estate Investment Trusts,Real Estate
IMA,ImageneBio Inc. Common Stock,$4.58,0.00,0.00%,9366,51989668.00,United States,2021,Biotechnology: Biological Products (No Diagnostic Substances),Health Care
IMAX,Imax Corporation Common Stock,$54.80,-1.53,-2.716%,917335,3005347847.00,Canada,,Industrial Machinery/Components,Consumer Discretionary
IMC,IMC Rare Earths Ltd Ordinary Shares,$7.00,-0.26,-3.581%,22904,735700000.00,,2026,Metal Mining,Basic Materials
IMCC,IM Cannabis Corp. Common Shares,$2.25,-0.20,-8.163%,418828,2233112.00,Canada,, Medicinal Chemicals and Botanical Products ,Health Care
IMCR,Immunocore Holdings plc American Depositary Shares,$30.29,-0.56,-1.815%,622920,1559893109.00,United Kingdom,2021,Biotechnology: Biological Products (No Diagnostic Substances),Health Care
IMDX,Insight Molecular Diagnostics Inc. Common Stock,$3.59,0.21,6.213%,287140,117480180.00,United States,,Biotechnology: In Vitro & In Vivo Diagnostic Substances,Health Care
IMKTA,Ingles Markets Incorporated Class A Common Stock,$84.82,-0.14,-0.165%,144453,1611102972.00,United States,1987,Food Chains,Consumer Staples
IMMP,Immutep Limited American Depositary Shares,$4.65,-0.06,-1.274%,10511,34264023.00,Australia,,Biotechnology: Pharmaceutical Preparations,Health Care
IMMR,Immersion Corporation Common Stock,$7.23,-0.03,-0.413%,219748,240079676.00,United States,1999,Computer peripheral equipment,Technology
IMMX,Immix Biopharma Inc. Common Stock,$10.405,-0.135,-1.281%,2409102,744366562.00,United States,2021,Biotechnology: Pharmaceutical Preparations,Health Care
IMNM,Immunome Inc. Common Stock,$21.51,-0.38,-1.736%,1306326,2443054800.00,United States,2020,Biotechnology: Pharmaceutical Preparations,Health Care
IMNN,Imunon Inc. Common Stock,$1.29,-0.045,-3.371%,127443,7238710.00,United States,,Biotechnology: Pharmaceutical Preparations,Health Care
IMO,Imperial Oil Limited Common Stock,$123.05,1.20,0.985%,641935,59506118650.00,Canada,1929,Integrated oil Companies,Energy
IMOS,ChipMOS TECHNOLOGIES INC. American Depositary Shares,$71.77,4.01,5.918%,101079,2511889426.00,Taiwan,,Semiconductors,Technology
IMPP,Imperial Petroleum Inc. Common Shares,$5.11,0.105,2.098%,530905,231041792.00,Greece,,Marine Transportation,Consumer Discretionary
IMPPP,Imperial Petroleum Inc. 8.75% Series A Cumulative Redeemable Perpetual Preferred Shares,$25.7575,0.2575,1.01%,505,1164590796.00,Greece,,Marine Transportation,Consumer Discretionary
IMRN,Immuron Limited American Depositary Shares,$1.16,-0.03,-2.521%,83309,9362594.00,Australia,2017,Biotechnology: Pharmaceutical Preparations,Health Care
IMRX,Immuneering Corporation Class A Common Stock,$4.095,-0.035,-0.847%,596887,264935861.00,United States,2021,Biotechnology: Pharmaceutical Preparations,Health Care
IMSR,Terrestrial Energy Inc. Common Stock  ,$3.89,-0.08,-2.015%,1431720,412088138.00,United States,2024,Metal Fabrications,Industrials
IMSRW,Terrestrial Energy Inc. Warrant,$1.37,-0.08,-5.517%,4165,145131298.00,United States,2024,Metal Fabrications,Industrials
IMTE,Integrated Media Technology Limited Ordinary Shares,$0.452,-0.0393,-7.999%,24443,1557788.00,Australia,,Consumer Electronics/Appliances,Consumer Staples
IMTX,Immatics N.V. Ordinary Shares,$8.78,0.22,2.57%,1899011,1313766115.00,Germany,,Biotechnology: Biological Products (No Diagnostic Substances),Health Care
IMUX,Immunic Inc. Common Stock,$9.30,0.39,4.377%,448519,126893543.00,United States,2014,Biotechnology: Pharmaceutical Preparations,Health Care
IMVT,Immunovant Inc. Common Stock,$33.78,0.32,0.956%,1433930,6977349598.00,United States,2019,Biotechnology: Biological Products (No Diagnostic Substances),Health Care
IMXI,International Money Express Inc. Common Stock,$11.58,-0.07,-0.601%,463775,349850641.00,United States,2017,Business Services,Consumer Discretionary
INAB,IN8bio Inc. Common Stock,$1.33,0.035,2.703%,30302,13111649.00,United States,2021,Biotechnology: Biological Products (No Diagnostic Substances),Health Care
INAC,Indigo Acquisition Corp. Ordinary Shares,$10.38,0.05,0.484%,6014,0.00,United States,2025,,
INACR,Indigo Acquisition Corp. Right,$0.1177,-0.0008,-0.675%,852,0.00,United States,2025,,
INBK,First Internet Bancorp Common Stock,$26.35,0.24,0.919%,60182,230129675.00,United States,,Major Banks,Finance
INBKZ,First Internet Bancorp 6.0% Fixed-to-Floating Rate Subordinated Notes Due 2029,$25.10,0.00,0.00%,271,218698659.00,United States,,Major Banks,Finance
INBS,Intelligent Bio Solutions Inc. Common Stock,$1.67,0.04,2.454%,40315,5539061.00,United States,2020,Medical/Dental Instruments,Health Care
INBX,Inhibrx Biosciences Inc. Common Stock,$100.08,-4.75,-4.531%,389509,1472943413.00,United States,,Biotechnology: Biological Products (No Diagnostic Substances),Health Care
INCR,Intercure Ltd. Ordinary Shares,$5.272,0.042,0.803%,3601,62450588.00,Israel,,Biotechnology: Pharmaceutical Preparations,Health Care
INCY,Incyte Corp. Common Stock,$121.35,-1.85,-1.502%,1620210,24597371477.00,United States,,Biotechnology: Commercial Physical & Biological Resarch,Health Care
INDB,Independent Bank Corp. Common Stock,$77.65,-0.51,-0.653%,298864,3678210537.00,United States,,Major Banks,Finance
INDI,indie Semiconductor Inc. Class A Common Stock,$2.925,-0.035,-1.182%,3891329,678040983.00,United States,,Semiconductors,Technology
INDO,Indonesia Energy Corporation Limited Ordinary Shares,$2.67,0.02,0.755%,64654,41082863.00,,2019,Oil & Gas Production,Energy
INDP,Indaptus Therapeutics Inc. Common Stock,$2.30,-0.55,-19.298%,643194,306457345.00,United States,,Biotechnology: Pharmaceutical Preparations,Health Care
INDV,Indivior Pharmaceuticals Inc. Common Stock,$35.85,-0.74,-2.022%,1673671,4231444834.00,United Kingdom,,Biotechnology: Pharmaceutical Preparations,Health Care
INEO,INNEOVA Holdings Limited Class A Ordinary Shares,$0.6076,0.0102,1.707%,36764,9825271.00,Singapore,2024,Motor Vehicles,Consumer Discretionary
INFQ,Infleqtion Inc. Common Stock,$13.47,-0.37,-2.673%,5365631,3035559490.00,,2026,EDP Services,Technology
INFU,InfuSystems Holdings Inc. Common Stock,$12.89,-0.14,-1.074%,101707,256732463.00,United States,,Medical/Dental Instruments,Health Care
INFY,Infosys Limited American Depositary Shares,$10.76,0.12,1.128%,20322853,43646434579.00,India,,EDP Services,Technology
ING,ING Group N.V. Common Stock,$35.50,-0.58,-1.608%,2546469,103036537924.00,Netherlands,1997,Commercial Banks,Finance
INGM,Ingram Micro Holding Corporation Common Stock,$26.81,-0.14,-0.519%,1224463,6184045646.00,United States,2024,Retail: Computer Software & Peripheral Equipment,Technology
INGN,Inogen Inc Common Stock,$5.27,-0.10,-1.862%,267491,139857036.00,United States,2014,Industrial Specialties,Health Care
INGR,Ingredion Incorporated Common Stock,$95.81,-0.65,-0.674%,626193,6042159828.00,United States,,Packaged Foods,Consumer Staples
INHD,Inno Holdings Inc. Common Stock,$3.32,0.15,4.732%,38176,8368329.00,United States,2023,Steel/Iron Ore,Industrials
INIO,INNIO N.V. Ordinary Shares,$18.13,-0.25,-1.36%,4900360,13597500000.00,Germany,2026,Metal Fabrications,Consumer Discretionary
INKT,MiNK Therapeutics Inc. Common Stock,$12.55,0.29,2.365%,61228,64042675.00,United States,2021,Biotechnology: Biological Products (No Diagnostic Substances),Health Care
INLF,INLIF LIMITED Class A Ordinary Shares,$4.08,-0.58,-12.446%,200800,4448416.00,China,2025,Industrial Machinery/Components,Industrials
INLX,Intellinetics Inc. Common Stock,$5.35,0.00,0.00%,1720,24048218.00,,2022,Computer Software: Prepackaged Software,Technology
INM,InMed Pharmaceuticals Inc. Common Shares,$1.36,-0.015,-1.091%,60670,7471480.00,Canada,,Biotechnology: Pharmaceutical Preparations,Health Care
INMB,INmune Bio Inc. Common stock,$1.95,-0.01,-0.51%,201911,54119889.00,United States,2019,Biotechnology: Biological Products (No Diagnostic Substances),Health Care
INMD,InMode Ltd. Ordinary Shares,$14.17,-0.05,-0.352%,378749,814502539.00,Israel,2019,Biotechnology: Electromedical & Electrotherapeutic Apparatus,Health Care
INN,Summit Hotel Properties Inc. Common Stock,$5.97,0.06,1.015%,1501522,643885174.00,United States,2011,Real Estate Investment Trusts,Real Estate
INN^E,Summit Hotel Properties Inc. 6.250% Series E Cumulative Redeemable Preferred Stock,$17.44,0.34,1.988%,31873,,United States,,,
INN^F,Summit Hotel Properties Inc. 5.875% Series F Cumulative Redeemable Preferred Stock $0.01 par value per share,$16.44,0.1441,0.884%,7241,,United States,,,
INNV,InnovAge Holding Corp. Common Stock,$8.80,-0.18,-2.004%,807597,1200772540.00,United States,2021,Medical/Nursing Services,Health Care
INO,Inovio Pharmaceuticals Inc. Common Stock,$1.22,0.11,9.91%,2687885,126144972.00,United States,,Biotechnology: Pharmaceutical Preparations,Health Care
INOD,Innodata Inc. Common Stock,$65.76,-1.18,-1.763%,1646523,2261003130.00,United States,1993,EDP Services,Technology
INR,Infinity Natural Resources Inc. Class A Common Stock,$12.60,-0.09,-0.709%,339823,799120451.00,United States,2025,Oil & Gas Production,Energy
INSE,Inspired Entertainment Inc. Common Stock,$3.44,0.15,4.559%,604066,90672800.00,United States,2014,Computer Software: Prepackaged Software,Technology
INSG,Inseego Corp. Common Stock,$3.66,-0.21,-5.426%,408239,60099367.00,United States,,Telecommunications Equipment,Telecommunications
INSM,Insmed Incorporated Common Stock,$114.14,-1.49,-1.289%,2870340,24926064752.00,United States,,Biotechnology: Pharmaceutical Preparations,Health Care
INSP,Inspire Medical Systems Inc. Common Stock,$69.36,-3.82,-5.22%,1002337,2005223610.00,United States,2018,Medical/Dental Instruments,Health Care
INSW,International Seaways Inc. Common Stock ,$110.14,-0.10,-0.091%,857416,5455378594.00,United States,2016,Marine Transportation,Consumer Discretionary
INTA,Intapp Inc. Common Stock,$36.21,1.01,2.869%,496992,2770468669.00,United States,2021,Computer Software: Prepackaged Software,Technology
INTC,Intel Corporation Common Stock,$120.23,4.30,3.709%,94917390,635423907308.00,United States,,Semiconductors,Technology
INTG,Intergroup Corporation (The) Common Stock,$29.78,-2.58,-7.973%,58748,63991621.00,United States,,Building operators,Real Estate
INTJ,Intelligent Group Limited Class A Ordinary Shares ,$3.00,-0.25,-7.692%,2565,4612494.00,Hong Kong,2024,Professional Services,Consumer Discretionary
INTR,Inter & Co. Inc. Class A Common Shares,$5.34,0.21,4.094%,8459194,2356657680.00,Brazil,,Commercial Banks,Finance
INTS,Intensity Therapeutics Inc. Common stock,$3.37,-0.05,-1.462%,21151,11002642.00,United States,2023,Biotechnology: Biological Products (No Diagnostic Substances),Health Care
INTT,inTest Corporation Common Stock,$11.83,0.48,4.229%,74183,151729048.00,United States,1997,Electrical Products,Industrials
INTU,Intuit Inc. Common Stock,$275.71,7.68,2.865%,3659608,73679637560.00,United States,1993,Computer Software: Prepackaged Software,Technology
INTZ,Intrusion Inc. Common Stock,$0.7202,-0.0145,-1.974%,74776,17649908.00,United States,,Computer Communications Equipment,Telecommunications
INUV,Inuvo Inc.,$0.5632,0.0012,0.214%,52959,9283270.00,United States,,Advertising,Consumer Discretionary
INV,Innventure Inc. Common Stock,$0.5731,-0.027,-4.499%,4972975,48491514.00,United States,,Blank Checks,Finance
INVA,Innoviva Inc. Common Stock,$21.21,0.10,0.474%,1100232,1532326737.00,United States,2004,Biotechnology: Pharmaceutical Preparations,Health Care
INVE,INVE Technologies Inc. Common Stock,$2.36,-0.01,-0.422%,332309,57196377.00,United States,,Computer peripheral equipment,Technology
INVH,Invitation Homes Inc. Common Stock,$26.33,-0.24,-0.903%,4871256,15551109541.00,United States,2017,Real Estate,Finance
INVX,Innovex International Inc. Common Stock,$27.02,-0.39,-1.423%,648088,1889666046.00,United States,,Oil and Gas Field Machinery,Consumer Discretionary
INVZ,Innoviz Technologies Ltd. Ordinary shares,$0.3632,-0.0139,-3.686%,1871090,128826556.00,Israel,,Auto Parts:O.E.M.,Consumer Discretionary
IOND,Ionic Digital Inc. Class A Common Stock,$80.33,-1.07,-1.314%,419871,3614542738.00,United States,,Finance: Consumer Services,Finance
IONQ,IonQ Inc. Common Stock,$43.86,-0.05,-0.114%,25553169,16710761492.00,United States,2021,EDP Services,Technology
IONR,ioneer Ltd American Depositary Shares,$3.06,-0.09,-2.857%,59853,235209498.00,Australia,,Mining & Quarrying of Nonmetallic Minerals (No Fuels),Industrials
IONS,Ionis Pharmaceuticals Inc. Common Stock,$44.65,-1.24,-2.702%,2630198,7420129977.00,United States,,Biotechnology: Pharmaceutical Preparations,Health Care
IOR,Income Opportunity Realty Investors Inc. Common Stock,$18.23,0.00,0.00%,255,74126425.00,United States,1987,Real Estate Investment Trusts,Real Estate
IOSP,Innospec Inc. Common Stock,$95.32,-1.40,-1.447%,226973,2347831400.00,United States,,Major Chemicals,Industrials
IOT,Samsara Inc. Class A Common Stock,$38.13,0.16,0.421%,4471494,22329126619.00,United States,2021,EDP Services,Technology
IOTR,iOThree Limited Ordinary Shares,$1.94,-0.08,-3.96%,2114,11764932.00,Singapore,2025,Telecommunications Equipment,Consumer Discretionary
IOVA,Iovance Biotherapeutics Inc. Common Stock,$14.82,0.37,2.561%,29341696,6713036622.00,United States,,Biotechnology: Biological Products (No Diagnostic Substances),Health Care
IP,International Paper Company Common Stock,$33.17,-0.15,-0.45%,6137806,17565833417.00,United States,,Paper,Basic Materials
IPAR,Interparfums Inc. Common Stock,$110.96,-4.13,-3.588%,290292,3553580660.00,United States,,Package Goods/Cosmetics,Consumer Discretionary
IPDN,Professional Diversity Network Inc. Common Stock,$3.54,-0.01,-0.282%,89605,2356971.00,United States,2013,Computer Software: Programming Data Processing,Technology
IPFX,Inflection Point Acquisition Corp. VI Class A Ordinary Shares,$10.05,0.01,0.10%,21719,0.00,United States,2026,Blank Checks,Finance
IPFXW,Inflection Point Acquisition Corp. VI Warrant,$0.74,-0.0178,-2.349%,100,0.00,United States,2026,Blank Checks,Finance
IPGP,IPG Photonics Corporation Common Stock,$78.28,-0.24,-0.306%,608012,3329603713.00,United States,2006,Semiconductors,Technology
IPHA,Innate Pharma S.A. ADS,$1.63,0.03,1.875%,37814,182071566.00,France,2019,Biotechnology: Biological Products (No Diagnostic Substances),Health Care
IPHXU,Inflection Point Acquisition Corp. VIII Unit,$10.06,0.00,0.00%,55105,0.00,United States,2026,,
IPI,Intrepid Potash Inc Common Stock,$32.08,-0.27,-0.835%,252917,431690102.00,United States,2008,Mining & Quarrying of Nonmetallic Minerals (No Fuels),Industrials
IPM,Intelligent Protection Management Corp. Common Stock ,$1.79,-0.0001,-0.006%,4411,16173955.00,United States,,Computer Software: Programming Data Processing,Technology
IPSC,Century Therapeutics Inc. Common Stock,$1.71,0.06,3.636%,624216,309638799.00,United States,2021,Biotechnology: Biological Products (No Diagnostic Substances),Health Care
IPST,IP Strategy Holdings Inc. Common Stock,$3.20,0.17,5.611%,264798,2309050.00,United States,2024,Beverages (Production/Distribution),Consumer Staples
IPVV,InterPrivate Investment Partners V Inc. Class A Ordinary Shares,$9.84,-0.02,-0.203%,782,0.00,United States,2026,Blank Checks,Finance
IPVVW,InterPrivate Investment Partners V Inc. Warrants,$0.3101,0.00,0.00%,15,0.00,United States,2026,Blank Checks,Finance
IPW,iPower Inc. Common Stock,$1.16,-0.01,-0.855%,64581,1351687.00,United States,2021,RETAIL: Building Materials,Consumer Discretionary
IPWR,Ideal Power Inc. Common Stock,$3.93,-0.04,-1.008%,56444,64588194.00,United States,2013,Semiconductors,Technology
IPX,IperionX Limited American Depositary Share,$16.82,-1.48,-8.087%,609515,570844006.00,United States,,Other Metals and Minerals,Basic Materials
IPXG,Inflection Point Acquisition Corp. VII Class A Ordinary Shares,$10.05,0.0001,0.001%,3347,0.00,United States,2026,Blank Checks,Finance
IPXGW,Inflection Point Acquisition Corp. VII Warrant,$0.60,-0.072,-10.714%,24861,0.00,United States,2026,Blank Checks,Finance
IQ,iQIYI Inc. American Depositary Shares,$1.00,0.0106,1.071%,4813881,965024735.00,China,2018,Consumer Electronics/Video Chains,Consumer Discretionary
IQI,Invesco Quality Municipal Income Trust Common Stock,$8.62,0.00,0.00%,536189,455858330.00,United States,,Finance Companies,Finance
IQMX,IQM Quantum Computers Oyj American Depositary Shares,$10.37,0.00,0.00%,124712,1965075781.00,Finland,,Computer Software: Prepackaged Software,Technology
IQMXW,IQM Quantum Computers Oyj Warrants to purchase American Depositary Shares,$2.04,-0.005,-0.244%,4087,386572285.00,Finland,,Computer Software: Prepackaged Software,Technology
IQST,iQSTEL Inc. Common Stock,$1.05,0.0698,7.121%,544606,11461652.00,United States,,Telecommunications Equipment,Telecommunications
IQV,IQVIA Holdings Inc. Common Stock,$268.85,-0.14,-0.052%,1527510,44252710000.00,United States,2013,Biotechnology: Commercial Physical & Biological Resarch,Health Care
IR,Ingersoll Rand Inc. Common Stock,$75.11,-1.37,-1.791%,6666395,29142637112.00,United States,2017,Industrial Machinery/Components,Industrials
IRAB,Iris Acquisition Corp II Class A Ordinary Shares,$10.02,-0.10,-0.988%,299,0.00,,2026,,
IRD,Opus Genetics Inc. Common Stock,$4.84,-0.115,-2.321%,2458520,402667783.00,United States,,Biotechnology: Pharmaceutical Preparations,Health Care
IRDM,Iridium Communications Inc Common Stock,$47.90,-0.04,-0.083%,830472,5075502346.00,United States,,Telecommunications Equipment,Consumer Discretionary
IREN,IREN Limited Ordinary Shares,$40.88,-0.50,-1.208%,25978993,16109117530.00,Australia,2021,Finance: Consumer Services,Finance
IRHO,Iron Horse Acquisitions II Corp. Common Stock,$10.07,0.00,0.00%,29973,0.00,United States,2026,Blank Checks,Finance
IRHOR,Iron Horse Acquisitions Corp. II Rights,$0.17,0.0118,7.459%,6920,0.00,United States,2026,Blank Checks,Finance
IRHOU,Iron Horse Acquisitions II Corp. Units,$10.16,0.00,0.00%,118,0.00,United States,2025,Blank Checks,Finance
IRIX,IRIDEX Corporation Common Stock,$0.63,-0.005,-0.787%,23168,11065895.00,United States,1996,Biotechnology: Electromedical & Electrotherapeutic Apparatus,Health Care
IRM,Iron Mountain Incorporated (Delaware)Common Stock REIT,$110.95,-0.55,-0.493%,1847211,33030126991.00,United States,,Real Estate Investment Trusts,Real Estate
IRMD,iRadimed Corporation Common Stock,$86.22,-0.24,-0.278%,138827,1102494364.00,United States,2014,Medical/Dental Instruments,Health Care
IRON,Disc Medicine Inc. Common Stock,$65.46,-0.41,-0.622%,671505,2513195568.00,United States,,Biotechnology: Pharmaceutical Preparations,Health Care
IRS,IRSA Inversiones Y Representaciones S.A. Global Depositary Shares (Each representing ten shares of Common Stock),$13.92,-0.05,-0.358%,177181,1128629591.00,Argentina,,Homebuilding,Real Estate
IRT,Independence Realty Trust Inc. Common Stock,$14.53,-0.30,-2.023%,5282252,3425368559.00,United States,2013,Real Estate Investment Trusts,Real Estate
IRTC,iRhythm Holdings Inc. Common Stock,$113.66,-0.56,-0.49%,339874,3746574921.00,United States,2016,Medical/Dental Instruments,Health Care
IRWD,Ironwood Pharmaceuticals Inc. Class A Common Stock,$3.97,-0.19,-4.567%,1662315,656002590.00,United States,2010,Biotechnology: Pharmaceutical Preparations,Health Care
ISBA,Isabella Bank Corporation Common stock,$37.47,-0.56,-1.473%,41424,285853871.00,United States,,Major Banks,Finance
ISD,PGIM High Yield Bond Fund Inc.,$11.74,0.02,0.171%,308168,0.00,United States,2012,Trusts Except Educational Religious and Charitable,Finance
ISNR,Snow Rothschild Acquisition Corp. Class A Ordinary Shares,$9.83,0.00,0.00%,19,0.00,United States,2026,Blank Checks,Finance
ISNRU,Snow Rothschild Acquisition Corp. Units,$9.91,0.00,0.00%,1008,0.00,United States,2026,Blank Checks,Finance
ISNRW,Snow Rothschild Acquisition Corp. Warrants,$0.23,-0.03,-11.538%,500,0.00,United States,2026,Blank Checks,Finance
ISOU,IsoEnergy Ltd. Common Shares,$8.90,-0.38,-4.095%,188195,580648095.00,,2025,,
ISPC,iSpecimen Inc. Common Stock,$1.18,-0.05,-4.065%,62747,2971936.00,United States,2021,Biotechnology: Commercial Physical & Biological Resarch,Health Care
ISPR,Ispire Technology Inc. Common Stock,$1.28,-0.02,-1.538%,10252,73925723.00,United States,2023, Medicinal Chemicals and Botanical Products ,Health Care
ISRG,Intuitive Surgical Inc. Common Stock,$406.63,-5.55,-1.346%,1658876,143653448592.00,United States,2000,Industrial Specialties,Health Care
ISTR,Investar Holding Corporation Common Stock,$28.88,-0.17,-0.585%,183179,397880511.00,United States,2014,Major Banks,Finance
IT,Gartner Inc. Common Stock,$186.54,0.69,0.371%,777221,11779809983.00,United States,1993,Other Consumer Services,Consumer Discretionary
ITG,ITG Inc. Class A Common Stock,$7.775,-0.385,-4.718%,775684,965322378.00,United States,2026,Water Sewer Pipeline Comm & Power Line Construction,Industrials
ITGR,Integer Holdings Corporation Common Stock,$126.35,0.02,0.016%,681731,4294895265.00,United States,,Biotechnology: Electromedical & Electrotherapeutic Apparatus,Health Care
ITHA,ITHAX Acquisition Corp III Class A Ordinary Shares,$10.08,0.02,0.199%,3547,0.00,United States,2026,,
ITHAU,ITHAX Acquisition Corp III Units,$10.13,0.00,0.00%,150,0.00,United States,2025,,
ITIC,Investors Title Company Common Stock,$282.90,-9.19,-3.146%,71549,534114068.00,United States,,Specialty Insurers,Finance
ITOC,iTonic Holdings Ltd Class A Ordinary Shares,$0.28,0.012,4.478%,72534,32774000.00,China,2024,Biotechnology: Electromedical & Electrotherapeutic Apparatus,Health Care
ITP,IT Tech Packaging Inc. Common Stock,$0.1411,0.0041,2.993%,146473,2393821.00,China,,Containers/Packaging,Consumer Discretionary
ITRG,Integra Resources Corp. Common Shares,$2.57,-0.09,-3.383%,1315204,521383790.00,,,Precious Metals,Basic Materials
ITRI,Itron Inc. Common Stock,$86.34,-1.05,-1.202%,777085,3780548254.00,United States,1993,Electrical Products,Industrials
ITRN,Ituran Location and Control Ltd. Ordinary Shares,$51.22,0.21,0.412%,110589,1018949168.00,Israel,2005,Electronic Components,Technology
ITT,ITT Inc. Common Stock ,$201.82,-2.72,-1.33%,933639,18042708000.00,United States,2011,Fluid Controls,Industrials
ITUB,Itau Unibanco Banco Holding SA American Depositary Shares (Each repstg 500 Preferred shares),$8.53,0.44,5.439%,54102195,94056254241.00,Brazil,,Major Banks,Finance
ITW,Illinois Tool Works Inc. Common Stock,$257.28,-9.79,-3.666%,2766389,73273344000.00,United States,,Industrial Machinery/Components,Industrials
IVA,Inventiva S.A. American Depository Shares,$3.69,0.40,12.158%,4802694,871873945.00,France,2020,Biotechnology: Pharmaceutical Preparations,Health Care
IVAI,Ives Ultra AI Opportunities Inc. Common Stock,$10.20,10.20,,2354253,0.00,,2026,,
IVDA,Iveda Solutions Inc. Common Stock,$0.2975,0.0076,2.622%,106392,3724411.00,United States,,Computer Software: Prepackaged Software,Technology
IVF,INVO Fertility Inc. Common Stock,$0.9102,-0.0008,-0.088%,72610,2281843.00,United States,,Medical/Dental Instruments,Health Care
IVR,INVESCO MORTGAGE CAPITAL INC Common Stock,$6.07,-0.19,-3.035%,4400966,653377331.00,United States,2009,Real Estate Investment Trusts,Real Estate
IVR^C,INVESCO MORTGAGE CAPITAL INC 7.5% Fixed-to-Floating Series C Cumulative Redeemable Preferred Stock Liquation Preference $25.00 per Share,$23.66,-0.32,-1.334%,178850,,United States,,,
IVT,InvenTrust Properties Corp. Common Stock,$30.15,-0.38,-1.245%,1390911,2351049695.00,United States,2021,Real Estate Investment Trusts,Real Estate
IVVD,Invivyd Inc. Common Stock,$0.8701,0.02,2.353%,8385748,256469585.00,United States,2021,Biotechnology: Biological Products (No Diagnostic Substances),Health Care
IVZ,Invesco Ltd Common Stock,$30.16,-0.26,-0.855%,4125587,13315633365.00,United States,,Investment Managers,Finance
IX,ORIX Corporation American Depositary Shares,$37.71,-0.52,-1.36%,411213,42390060791.00,Japan,,Diversified Financial Services,Finance
IXHL,Incannex Healthcare Inc. Common Stock,$3.24,-0.07,-2.115%,36497,40644591.00,Australia,,Biotechnology: Pharmaceutical Preparations,Health Care
IZEA,IZEA Worldwide Inc. Common Stock,$2.51,-0.04,-1.569%,117197,43714878.00,United States,,Advertising,Consumer Discretionary
IZM,ICZOOM Group Inc. Class A Ordinary Shares,$1.23,0.02,1.653%,60498,2956455.00,China,2023,Consumer Electronics/Video Chains,Consumer Discretionary
J,Jacobs Solutions Inc. Common Stock,$135.27,-1.21,-0.887%,1040023,15831812910.00,United States,2022,Military/Government/Technical,Industrials
JACK,Jack In The Box Inc. Common Stock,$13.22,-0.24,-1.783%,395890,253550743.00,United States,,Restaurants,Consumer Discretionary
JACS,Jackson Acquisition Company II Class A Ordinary Shares,$10.83,0.00,0.00%,114,0.00,,2025,,
JAGU,Jaguar Uranium Corp. Class A Common Shares,$1.08,-0.22,-16.923%,932275,21809279.00,Canada,2026,Metal Mining,Basic Materials
JAGX,Jaguar Health Inc. Common Stock,$4.50,-0.82,-15.414%,732246,5768276.00,United States,2015,Biotechnology: Pharmaceutical Preparations,Health Care
JAKK,JAKKS Pacific Inc. Common Stock,$25.13,-0.20,-0.79%,52400,287613152.00,United States,1996,Recreational Games/Products/Toys,Consumer Discretionary
JAN,Janus Living Inc. Class A-1 Common Stock,$29.63,-0.33,-1.101%,2363880,9193915693.00,,2026,Real Estate Investment Trusts,Real Estate
JANX,Janux Therapeutics Inc. Common Stock,$17.28,0.33,1.947%,772521,1056443437.00,United States,2021,Biotechnology: Pharmaceutical Preparations,Health Care
JATT,JATT II Acquisition Corp Ordinary Shares,$11.245,-0.105,-0.925%,30173,0.00,United States,2026,Blank Checks,Finance
JAZZ,Jazz Pharmaceuticals plc Common Stock (Ireland),$231.52,-0.83,-0.357%,1001960,15029022867.00,Ireland,2007,Biotechnology: Pharmaceutical Preparations,Health Care
JBDI,JBDI Holdings Limited Ordinary Shares,$1.10,0.03,2.804%,31247,10465985.00,Singapore,2024,,
JBGS,JBG SMITH Properties Common Shares ,$10.04,-0.06,-0.594%,705495,749169218.00,United States,2017,Real Estate Investment Trusts,Real Estate
JBHT,J.B. Hunt Transport Services Inc. Common Stock,$224.05,-5.23,-2.281%,1069176,21041642083.00,United States,,Trucking Freight/Courier Services,Industrials
JBI,Janus International Group Inc. Common Stock,$4.09,-0.10,-2.387%,2498508,558022381.00,United States,2021,Building Products,Industrials
JBIO,Jade Biosciences Inc. Common Stock,$14.05,-0.13,-0.917%,930935,893543287.00,United States,2021,Biotechnology: Pharmaceutical Preparations,Health Care
JBK,Lehman ABS 3.50 3.50% Adjustable Corp Backed Tr Certs GS Cap I,$24.21,-1.11,-4.384%,8298,0.00,United States,,Finance: Consumer Services,Finance
JBL,Jabil Inc. Common Stock,$286.86,-31.98,-10.03%,4932041,30059224351.00,United States,1993,Electrical Products,Technology
JBLU,JetBlue Airways Corporation Common Stock,$4.23,-0.05,-1.168%,13055367,1596030526.00,United States,2002,Air Freight/Delivery Services,Consumer Discretionary
JBS,JBS N.V. Class A Common Shares,$11.29,-0.08,-0.704%,4120332,12090790521.00,,2025,Meat/Poultry/Fish,Consumer Staples
JBSS,John B. Sanfilippo & Son Inc. Common Stock,$66.51,-0.83,-1.233%,151738,777733421.00,United States,1991,Specialty Foods,Consumer Staples
JBTM,JBT Marel Corporation Common Stock,$105.59,-4.73,-4.288%,896999,5477673107.00,United States,,Industrial Machinery/Components,Industrials
JCAP,Jefferson Capital Inc. Common Stock,$19.08,-0.04,-0.209%,219871,1095679227.00,United States,2025,Finance Companies,Finance
JCE,Nuveen Core Equity Alpha Fund Common Shares of Beneficial Interest,$16.94,0.20,1.195%,87402,0.00,United States,2007,Trusts Except Educational Religious and Charitable,Finance
JCI,Johnson Controls International plc Ordinary Share,$148.65,-0.77,-0.515%,3170949,90043469516.00,Switzerland,,Industrial Machinery/Components,Industrials
JCSE,JE Cleantech Holdings Limited Class A Ordinary Shares,$1.46,0.02,1.389%,13848,7668971.00,Singapore,2022,Miscellaneous manufacturing industries,Consumer Discretionary
JCTC,Jewett-Cameron Trading Company Common Shares,$2.91,0.00,0.00%,11390,10243529.00,United States,,RETAIL: Building Materials,Consumer Discretionary
JD,JD.com Inc. American Depositary Shares,$26.60,0.30,1.141%,5088495,35750400000.00,China,2014,Other Specialty Stores,Consumer Discretionary
JDZG,JIADE LIMITED Class A Ordinary Shares,$4.26,-0.29,-6.374%,555514,23138118.00,China,2024,Other Consumer Services,Real Estate
JEF,Jefferies Financial Group Inc. Common Stock,$45.73,-0.79,-1.698%,2545402,8859853214.00,United States,,Investment Bankers/Brokers/Service,Finance
JELD,JELD-WEN Holding Inc. Common Stock,$1.84,-0.15,-7.538%,2652878,159644623.00,United States,2017,Forest Products,Basic Materials
JEM,707 Cayman Holdings Limited Ordinary Shares,$3.59,0.035,0.985%,10052,2496274.00,China,2025,Clothing/Shoe/Accessory Stores,Consumer Discretionary
JENA,Jena Acquisition Corporation II Class A Ordinary Shares,$10.43,0.04,0.385%,118,0.00,,2025,Blank Checks,Finance
JF,J and Friends Holdings Limited American Depositary Shares,$0.92,-0.0083,-0.894%,3881,16872942.00,China,2018,Computer Software: Programming Data Processing,Technology
JFIN,Jiayin Group Inc. American Depositary Shares,$1.40,0.01,0.719%,20325,73261364.00,China,2019,Finance: Consumer Services,Finance
JFR,Nuveen Floating Rate Income Fund Common Stock,$7.44,0.07,0.95%,1461743,0.00,United States,2004,Trusts Except Educational Religious and Charitable,Finance
JFU,9F Inc. American Depositary Shares,$2.81,-0.0101,-0.358%,715,33083066.00,China,2019,Finance: Consumer Services,Finance
JG,Aurora Mobile Limited American Depositary Shares,$6.685,0.245,3.804%,2185,39853182.00,China,2018,Computer Software: Programming Data Processing,Technology
JGH,Nuveen Global High Income Fund Common Shares of Beneficial Interest,$11.74,0.22,1.91%,107387,0.00,United States,2014,Investment Managers,Finance
JHI,John Hancock Investors Trust Common Stock,$12.35,0.18,1.479%,59187,107995155.00,United States,,Trusts Except Educational Religious and Charitable,Finance
JHS,John Hancock Income Securities Trust Common Stock,$10.3688,-0.0512,-0.491%,7164,120761111.00,United States,,Finance Companies,Finance
JHX,James Hardie Industries plc. Ordinary Shares,$25.31,0.21,0.837%,8758378,14693024171.00,Ireland,2025,Building Materials,Industrials
JILL,J. Jill Inc. Common Stock,$24.37,-0.11,-0.449%,174860,362210749.00,United States,2017,Apparel,Consumer Discretionary
JJSF,J & J Snack Foods Corp. Common Stock,$76.45,-0.76,-0.984%,192808,1428208932.00,United States,1986,Specialty Foods,Consumer Staples
JKHY,Jack Henry & Associates Inc. Common Stock,$143.24,-2.98,-2.038%,857322,10042929970.00,United States,1985,EDP Services,Technology
JKS,JinkoSolar Holding Company Limited American Depositary Shares (each representing 4 Common Shares),$9.51,-0.09,-0.938%,563954,498040488.00,China,2010,Semiconductors,Technology
JL,J-Long Group Limited Class A Ordinary Shares,$4.5557,0.00,0.00%,201,16241986.00,Hong Kong,2024,Clothing/Shoe/Accessory Stores,Consumer Discretionary
JLHL,Julong Holding Limited Class A Ordinary Shares,$3.70,-0.33,-8.189%,298914,82134938.00,China,2025,Military/Government/Technical,Consumer Discretionary
JLL,Jones Lang LaSalle Incorporated Common Stock,$305.52,-5.48,-1.762%,562032,14000980105.00,United States,,Real Estate,Finance
JLS,Nuveen Mortgage and Income Fund,$16.37,0.15,0.925%,20408,0.00,United States,2009,Investment Managers,Finance
JMIA,Jumia Technologies AG American Depositary Shares each representing two Ordinary Shares,$6.65,-0.05,-0.746%,1443115,888611843.00,,2019,Catalog/Specialty Distribution,Consumer Discretionary
JMKE,Jersey Mike's Subs Inc. Class A Common Stock,$16.82,-0.10,-0.591%,4529948,5342686298.00,,2026,Restaurants,Consumer Discretionary
JMM,Nuveen Multi-Market Income Fund (MA),$5.49,0.01,0.182%,16394,0.00,United States,,Trusts Except Educational Religious and Charitable,Finance
JMSB,John Marshall Bancorp Inc. Common Stock,$22.71,-0.19,-0.83%,100344,320486563.00,United States,,Major Banks,Finance
JNJ,Johnson & Johnson Common Stock,$264.74,-2.83,-1.058%,6343718,637996554570.00,United States,,Biotechnology: Pharmaceutical Preparations,Health Care
JOB,GEE Group Inc. Common Stock,$0.2297,-0.0045,-1.921%,209667,25237297.00,United States,1968,Diversified Commercial Services,Consumer Discretionary
JOBY,Joby Aviation Inc. Common Stock,$6.05,0.06,1.002%,20866227,6012940392.00,United States,2020,Aerospace,Industrials
JOE,St. Joe Company (The) Common Stock,$65.78,-0.23,-0.348%,226223,3744885067.00,United States,,Homebuilding,Real Estate
JOF,Japan Smaller Capitalization Fund Inc Common Stock,$12.60,0.11,0.881%,38911,0.00,United States,1990,Trusts Except Educational Religious and Charitable,Finance
JONE,Jones Ventures INTL Acquisition1 Corp Class A Ordinary Shares,$9.82,0.00,0.00%,150133,0.00,United States,2026,Blank Checks,Finance
JOUT,Johnson Outdoors Inc. Class A Common Stock,$43.65,-0.59,-1.334%,54296,457437596.00,United States,,Recreational Games/Products/Toys,Consumer Discretionary
JOYY,JOYY Inc. American Depositary Shares,$80.25,1.20,1.518%,428966,4150689858.00,Singapore,2012,EDP Services,Technology
JPC,Nuveen Preferred & Income Opportunities Fund,$6.82,0.02,0.294%,4232388,0.00,United States,2003,Investment Managers,Finance
JPM,JP Morgan Chase & Co. Common Stock,$330.83,-4.15,-1.239%,9121191,879407738892.00,United States,,Major Banks,Finance
JPM^C,J P Morgan Chase & Co Depositary Shares each representing a 1/400th interest in a share of 6.00% Non-Cumulative  Preferred Stock Series EE,$22.73,-0.09,-0.394%,525327,,United States,,,
JPM^D,J P Morgan Chase & Co Depositary Shares each representing a 1/400th  interest in a share of 5.75% Non-Cumulative  Preferred Stock Series DD,$21.70,0.11,0.509%,328505,,United States,,,
JPM^J,J P Morgan Chase & Co Depositary Shares each representing a 1/400th interest in a share of JPMorgan Chase & Co. 4.75% Non-Cumulative Preferred Stock Series GG,$17.58,0.00,0.00%,430577,,United States,,,
JPM^K,J P Morgan Chase & Co Depositary Shares each representing a 1/400th interest in a share of 4.55% Non-Cumulative Preferred Stock Series JJ,$16.83,-0.03,-0.178%,618768,,United States,,,
JPM^L,J P Morgan Chase & Co Depositary Shares each representing a 1/400th interest in a share of 4.625% Non-Cumulative Preferred Stock Series LL,$17.08,-0.07,-0.408%,522034,,United States,,,
JPM^M,J P Morgan Chase & Co Depositary Shares each representing a 1/400th interest in a share of 4.20% Non-Cumulative Preferred Stock Series MM,$15.81,-0.06,-0.378%,557453,,United States,,,
JQC,Nuveen Credit Strategies Income Fund Shares of Beneficial Interest,$4.75,0.05,1.064%,1756901,0.00,United States,2003,Finance Companies,Finance
JRI,Nuveen Real Asset Income and Growth Fund Common Shares of Beneficial Interest,$10.77,0.00,0.00%,283712,0.00,United States,2012,Finance Companies,Finance
JRS,Nuveen Real Estate Income Fund Common Shares of Beneficial Interest,$7.38,0.06,0.82%,120170,0.00,United States,2001,Finance/Investors Services,Finance
JRSH,Jerash Holdings (US) Inc. Common Stock,$5.655,-0.095,-1.652%,34916,71818161.00,United States,2018,Apparel,Consumer Discretionary
JRVR,James River Group Holdings Inc. Common Stock,$3.43,0.02,0.587%,321693,158634200.00,Bermuda,2014,Property-Casualty Insurers,Finance
JSM,Navient Corporation 6% Senior Notes due December 15 2043,$17.03,0.39,2.344%,39958,1693310577.00,United States,,Investment Bankers/Brokers/Service,Finance
JSPR,Jasper Therapeutics Inc. Common Stock,$0.58,-0.0454,-7.259%,540204,19299245.00,United States,2020,Biotechnology: Biological Products (No Diagnostic Substances),Health Care
JTAI,Jet.AI Inc. Common Stock,$1.545,-0.015,-0.962%,35221,5496370.00,United States,2021,Transportation Services,Consumer Discretionary
JTTT,JATT III Acquisition Corp Ordinary Shares,$11.02,0.14,1.287%,346,0.00,United States,2026,Blank Checks,Finance
JUNS,Jupiter Neurosciences Inc. Common Stock,$2.44,-0.14,-5.426%,16812,3217191.00,United States,2024,Biotechnology: Pharmaceutical Preparations,Health Care
JVA,Coffee Holding Co. Inc. Common Stock,$3.90,-0.06,-1.515%,22632,22263536.00,United States,2005,Packaged Foods,Consumer Staples
JWEL,Jowell Global Ltd. Ordinary Shares,$2.53,-0.01,-0.394%,5614,6011611.00,China,2021,Other Consumer Services,Consumer Discretionary
JXG,JX Luxventure Group Inc. Common Stock,$7.67,0.42,5.793%,63139,92499257.00,China,2013,Office Equipment/Supplies/Services,Industrials
JXN,Jackson Financial Inc. Class A Common Stock ,$129.32,-2.02,-1.538%,521458,8758681174.00,United States,2021,Life Insurance,Finance
JXN^A,Jackson Financial Inc. Depositary Shares each representing a 1/1000th interest in a share of Fixed-Rate Reset Noncumulative Perpetual Preferred Stock Series A,$25.85,0.35,1.373%,235704,,United States,,,
JYD,Jayud Global Logistics Limited Class A Ordinary Shares,$0.7942,-0.1209,-13.212%,48088,6590986.00,China,2023,Integrated Freight & Logistics,Industrials
JYNT,The Joint Corp. Common Stock,$7.40,-0.35,-4.516%,103500,104659340.00,United States,2014,Multi-Sector Companies,Miscellaneous
JZ,Jianzhi Education Technology Group Company Limited American Depositary Shs,$0.4409,-0.0351,-7.374%,320991,1061825.00,China,2022,Other Consumer Services,Real Estate
JZXN,Jiuzi Holdings Inc. Ordinary Shares,$1.11,-0.03,-2.632%,54562,57179162.00,China,2021,Retail-Auto Dealers and Gas Stations,Consumer Discretionary
KAI,Kadant Inc Common Stock,$261.52,-5.61,-2.10%,87612,3088320278.00,United States,1992,Industrial Machinery/Components,Industrials
KALA,KALA BIO Inc. Common Stock,$0.4293,-0.074,-14.703%,29433999,8302570.00,United States,2017,Biotechnology: Pharmaceutical Preparations,Health Care
KALU,Kaiser Aluminum Corporation Common Stock,$144.82,-6.35,-4.201%,472426,2367675503.00,United States,,Metal Fabrications,Industrials
KAPA,Kairos Pharma Ltd. Common Stock,$1.64,-0.02,-1.205%,99480,5552028.00,,2024,Biotechnology: Pharmaceutical Preparations,Health Care
KARD,Kardigan Inc. Common Stock,$14.75,0.09,0.614%,487844,1379179560.00,United States,2026,Biotechnology: Pharmaceutical Preparations,Health Care
KARO,Karooooo Ltd. Ordinary Shares,$60.00,-0.83,-1.364%,98227,1853598000.00,Singapore,2021,Computer Software: Prepackaged Software,Technology
KAZR,Skyline Builders Group Holding Limited Class A Ordinary Shares,$2.86,-0.16,-5.298%,354071,51314389.00,Hong Kong,2025,Engineering & Construction,Consumer Discretionary
KB,KB Financial Group Inc,$123.10,-4.80,-3.753%,213017,44142148578.00,South Korea,,Commercial Banks,Finance
KBDC,Kayne Anderson BDC Inc. Common Stock,$12.56,-0.51,-3.902%,351221,829434894.00,United States,2024,,
KBH,KB Home Common Stock,$46.47,-0.95,-2.003%,1090352,2849063060.00,United States,1986,Homebuilding,Consumer Discretionary
KBON,Karbon Capital Partners Corp. Class A Ordinary Shares,$10.07,0.00,0.00%,9,0.00,United States,2026,Blank Checks,Finance
KBR,KBR Inc. Common Stock,$35.16,0.03,0.085%,1783746,4432542266.00,United States,2006,Military/Government/Technical,Industrials
KBSX,FST Corp. Ordinary Shares,$1.64,-0.07,-4.094%,29558,73416245.00,Taiwan,,Recreational Games/Products/Toys,Consumer Discretionary
KC,Kingsoft Cloud Holdings Limited American Depositary Shares,$9.12,0.03,0.33%,1871797,2730251336.00,China,2020,Computer Software: Prepackaged Software,Technology
KCHV,Kochav Defense Acquisition Corp. Class A Ordinary Shares,$10.46,0.00,0.00%,20,0.00,United States,2025,,
KCHVR,Kochav Defense Acquisition Corp. Right,$0.10,0.00,0.00%,3,0.00,United States,2025,Blank Checks,Finance
KCHVU,Kochav Defense Acquisition Corp. Units,$10.52,0.00,0.00%,5,0.00,United States,2025,,
KD,Kyndryl Holdings Inc. Common Stock,$11.26,-0.03,-0.266%,4508530,2452633641.00,United States,2021,EDP Services,Technology
KDK,Kodiak AI Inc. Common Stock ,$1.92,-0.21,-9.859%,15604516,385186886.00,United States,,EDP Services,Technology
KDKRW,Kodiak AI Inc. Warrants,$0.31,-0.04,-11.429%,13257,62191633.00,United States,,EDP Services,Technology
KDP,Keurig Dr Pepper Inc. Common Stock,$30.34,-0.69,-2.224%,12398058,41287461993.00,United States,,Beverages (Production/Distribution),Consumer Staples
KE,Kimball Electronics Inc. Common Stock,$27.33,-0.38,-1.371%,150482,655701223.00,United States,,Electrical Products,Technology
KEEL,Keel Infrastructure Corp. Common Stock,$3.53,-0.05,-1.397%,19942788,2180033438.00,Canada,,Finance: Consumer Services,Finance
KELYA,Kelly Services Inc. Class A Common Stock,$16.21,-0.17,-1.038%,243546,563004796.00,United States,,Professional Services,Consumer Discretionary
KELYB,Kelly Services Inc. Class B Common Stock,$22.40,0.00,0.00%,150,777995523.00,United States,,Professional Services,Consumer Discretionary
KEN,Kenon Holdings Ltd. Ordinary Shares,$60.20,-4.97,-7.626%,22089,3136925499.00,Singapore,2015,Electric Utilities: Central,Utilities
KEP,Korea Electric Power Corporation Common Stock,$10.96,-0.14,-1.261%,648115,14071852568.00,South Korea,1994,Electric Utilities: Central,Utilities
KEQU,Kewaunee Scientific Corporation Common Stock,$34.45,0.45,1.324%,761,99744704.00,United States,,Medical Specialities,Industrials
KEX,Kirby Corporation Common Stock,$131.25,-0.69,-0.523%,461121,6930000000.00,United States,,Marine Transportation,Consumer Discretionary
KEY,KeyCorp Common Stock,$20.07,-0.05,-0.249%,12651619,21417270079.00,United States,,Major Banks,Finance
KEY^I,KeyCorp Depositary Shares Each Representing a 1/40th Ownership Interest in a Share of Fixed-to-Floating Rate Perpetual Non-Cumulative Preferred Stock Series E,$25.01,0.03,0.12%,46764,,United States,,,
KEY^J,KeyCorp Depositary Shares each representing a 1/40th ownership interest in a share of Fixed Rate Perpetual Non-Cumulative Preferred Stock Series F,$19.07,-0.18,-0.935%,102248,,United States,,,
KEY^K,KeyCorp Depositary Shares each representing a 1/40th ownership interest in a share of Fixed Rate Perpetual Non-Cumulative Preferred Stock Series G,$18.88,-0.33,-1.718%,136907,,United States,,,
KEY^L,KeyCorp Depositary Shares each representing a 1/40th ownership interest in a share of Fixed Rate Perpetual Non-Cumulative Preferred Stock Series H,$24.57,-0.02,-0.081%,147476,,United States,,,
KEYS,Keysight Technologies Inc. Common Stock,$364.04,3.39,0.94%,964686,61975896970.00,United States,2014,Industrial Machinery/Components,Industrials
KEYY,Keystone Acquisition Corp. Class A Ordinary Shares,$9.95,0.035,0.353%,10682,0.00,United States,2026,Blank Checks,Finance
KEYYU,Keystone Acquisition Corp. Unit,$10.15,0.039,0.386%,1045,0.00,United States,2026,Blank Checks,Finance
KF,Korea Fund Inc. (The) New Common Stock,$65.66,-0.91,-1.367%,6587,0.00,United States,,Investment Managers,Finance
KFFB,Kentucky First Federal Bancorp Common Stock,$5.65,-0.21,-3.584%,3249,45689940.00,United States,2005,Savings Institutions,Finance
KFII,K&F Growth Acquisition Corp. II Class A Ordinary shares,$10.68,0.01,0.094%,51211,0.00,United States,2025,Blank Checks,Finance
KFIIR,K&F Growth Acquisition Corp. II Rights,$0.1099,0.0099,9.90%,1400,0.00,United States,2025,,
KFRC,Kforce Inc. Common Stock,$52.46,0.58,1.118%,242920,939506140.00,United States,1995,Professional Services,Consumer Discretionary
KFY,Korn Ferry Common Stock,$71.59,-0.39,-0.542%,765886,3905868143.00,United States,1999,Diversified Commercial Services,Consumer Discretionary
KG,Kestrel Group Ltd.,$5.31,0.03,0.568%,1258,41545599.00,Bermuda,2008,Property-Casualty Insurers,Finance
KGC,Kinross Gold Corporation Common Stock,$24.08,-0.24,-0.987%,5662330,28753928000.00,Canada,2001,Precious Metals,Basic Materials
KGEI,Kolibri Global Energy Inc. Common stock,$6.18,0.05,0.816%,328548,222180239.00,United States,,Oil & Gas Production,Energy
KGS,Kodiak Gas Services Inc. Common Stock,$52.97,1.22,2.357%,1495634,5369964851.00,United States,2023,Natural Gas Distribution,Utilities
KHC,The Kraft Heinz Company Common Stock,$22.72,-0.73,-3.113%,12500366,26941915782.00,United States,,Packaged Foods,Consumer Staples
KIDS,OrthoPediatrics Corp. Common Stock,$22.27,-0.49,-2.153%,149860,581464979.00,United States,2017,Medical/Dental Instruments,Health Care
KIDZ,KIDZ AI Inc. Class B Common Stock,$2.44,-0.11,-4.314%,1319010,2100052.00,United States,,Other Consumer Services,Real Estate
KIDZW,KIDZ AI Inc. Warrants,$0.0081,-0.0019,-19.00%,4211,6971.00,United States,,Other Consumer Services,Real Estate
KIM,Kimco Realty Corporation (HC) Common Stock,$22.21,-0.21,-0.937%,5006092,14898231974.00,United States,,Real Estate Investment Trusts,Real Estate
KIM^L,Kimco Realty Corporation Class L Depositary Shares each of which represents a one-one thousandth fractional interest in a share of 5.125% Class L Cumulative Redeemable Preferred Stock liquidation preference $25000.00 per share,$19.91,0.13,0.657%,192605,,United States,,,
KIM^M,Kimco Realty Corporation Class M Depositary Shares each of which represents a one-one thousandth fractional interest in a share of 5.25% Class M Cumulative Redeemable Preferred Stock liquidation preference $25000.00 per share,$19.76,-0.04,-0.202%,93770,,United States,,,
KIM^N,Kimco Realty Corporation Depositary Shares each representing 1/1000th interest in a share of 7.25% Class N Cumulative Convertible Perpetual Preferred Stock,$60.37,-0.71,-1.162%,209,,United States,,,
KINS,Kingstone Companies Inc. Common Stock,$17.58,-0.29,-1.623%,86203,254490418.00,United States,,Property-Casualty Insurers,Finance
KIO,KKR Income Opportunities Fund Common Shares,$10.30,-0.03,-0.29%,294994,0.00,United States,2013,Investment Managers,Finance
KITT,Nauticus Robotics Inc. Common stock,$1.91,0.05,2.688%,210661,2378575.00,United States,2021,Industrial Machinery/Components,Industrials
KITTW,Nauticus Robotics Inc. Warrant,$0.011,0.0001,0.917%,9503,13699.00,United States,2021,Industrial Machinery/Components,Industrials
KKR,KKR & Co. Inc. Common Stock,$91.30,-1.88,-2.018%,5009586,81954130371.00,United States,,Investment Managers,Finance
KKR^D,KKR & Co. Inc. 6.25% Series D Mandatory Convertible Preferred Stock,$42.10,0.60,1.446%,158033,,United States,,,
KKRS,KKR Group Finance Co. IX LLC 4.625% Subordinated Notes due 2061,$15.17,0.05,0.331%,107707,13617132067.00,United States,2021,Investment Managers,Finance
KKRT,KKR & Co. Inc. 6.875% Subordinated Notes due 2065,$22.37,-0.04,-0.178%,131349,0.00,United States,2025,Investment Managers,Finance
KLAC,KLA Corporation Common Stock,$194.93,-1.60,-0.814%,6858973,254384915486.00,United States,1980,Electronic Components,Technology
KLAR,Klarna Group plc Ordinary Shares,$12.39,0.03,0.243%,4030866,8742935343.00,,2025,Finance: Consumer Services,Finance
KLC,KinderCare Learning Companies Inc. Common Stock,$1.86,-0.08,-4.124%,1212025,220441681.00,United States,2024,Other Consumer Services,Consumer Discretionary
KLIC,Kulicke and Soffa Industries Inc. Common Stock,$94.25,0.53,0.566%,1082791,4932019089.00,Singapore,,Semiconductors,Technology
KLRA,Kailera Therapeutics Inc. Common Stock,$11.42,0.43,3.913%,1368814,1480530780.00,United States,2026,Biotechnology: Pharmaceutical Preparations,Health Care
KLRS,Kalaris Therapeutics Inc. Common Stock,$2.89,-0.01,-0.345%,102562,68796395.00,United States,2020,Biotechnology: Biological Products (No Diagnostic Substances),Health Care
KLTR,Kaltura Inc. Common Stock,$1.28,-0.04,-3.03%,139830,195265565.00,United States,2021,Computer Software: Prepackaged Software,Technology
KLXE,KLX Energy Services Holdings Inc. Common Stock,$1.45,0.00,0.00%,976321,31071647.00,United States,,Oilfield Services/Equipment,Energy
KMB,Kimberly-Clark Corporation Common Stock,$97.43,-1.56,-1.576%,4141020,32403175672.00,United States,,Containers/Packaging,Consumer Discretionary
KMDA,Kamada Ltd. Ordinary Shares,$8.46,-0.235,-2.703%,99018,488229180.00,Israel,2013,Biotechnology: Pharmaceutical Preparations,Health Care
KMI,Kinder Morgan Inc. Common Stock,$30.15,-0.30,-0.985%,11844027,67138082983.00,United States,2011,Natural Gas Distribution,Utilities
KMPB,Kemper Corporation 5.875% Fixed-Rate Reset Junior Subordinated Debentures due 2062,$24.72,-0.02,-0.081%,24428,1456580367.00,United States,2022,Property-Casualty Insurers,Finance
KMPR,Kemper Corporation,$25.00,-0.66,-2.572%,1082414,1473078850.00,United States,,Property-Casualty Insurers,Finance
KMRK,K-Tech Solutions Company Limited Class A Ordinary Shares,$1.18,0.03,2.609%,193756,24898000.00,Hong Kong,2025,Recreational Games/Products/Toys,Consumer Discretionary
KMT,Kennametal Inc. Common Stock,$30.74,-0.27,-0.871%,2002829,2348229553.00,United States,,Industrial Machinery/Components,Industrials
KMTS,Kestra Medical Technologies Ltd. Common Stock,$28.29,-0.17,-0.597%,616842,1685003181.00,United States,2025,Medical/Dental Instruments,Health Care
KMX,CarMax Inc,$55.11,-4.12,-6.956%,6241343,7820720501.00,United States,,Retail-Auto Dealers and Gas Stations,Consumer Discretionary
KN,Knowles Corporation Common Stock,$37.15,-0.17,-0.456%,580813,3172993611.00,United States,2014,Consumer Electronics/Appliances,Consumer Staples
KNDI,Kandi Technologies Group Inc. Ordinary Shares,$0.7898,-0.0202,-2.494%,1114568,79308055.00,China,,Auto Manufacturing,Industrials
KNF,Knife Riv Holding Co. Common Stock,$50.42,-2.26,-4.29%,1361109,2862011636.00,United States,2023,Mining & Quarrying of Nonmetallic Minerals (No Fuels),Industrials
KNOP,KNOT Offshore Partners LP Common Units representing Limited Partner Interests,$10.33,-0.17,-1.619%,26983,347711333.00,United Kingdom,2013,Marine Transportation,Consumer Discretionary
KNRX,KNOREX LTD. Class A Ordinary Shares,$0.3161,-0.0539,-14.568%,4497944,9616746.00,,2025,Computer Software: Programming Data Processing,Technology
KNSA,Kiniksa Pharmaceuticals International plc Class A Ordinary Shares,$74.61,-1.12,-1.479%,650659,5821371610.00,United States,2018,Biotechnology: Pharmaceutical Preparations,Health Care
KNSL,Kinsale Capital Group Inc. Common Stock,$322.75,-0.50,-0.155%,291428,7351736669.00,United States,,Property-Casualty Insurers,Finance
KNTK,Kinetik Holdings Inc. Class A Common Stock,$50.20,-0.96,-1.876%,1343251,8151432276.00,United States,2022,Natural Gas Distribution,Utilities
KNX,Knight-Swift Transportation Holdings Inc.,$63.59,-0.60,-0.935%,3001193,10349654040.00,United States,2017,Trucking Freight/Courier Services,Industrials
KO,Coca-Cola Company (The) Common Stock,$86.08,-0.76,-0.875%,15844223,370363438837.00,United States,,Beverages (Production/Distribution),Consumer Staples
KOD,Kodiak Sciences Inc Common Stock,$94.80,3.68,4.039%,4921129,5958128524.00,United States,2018,Biotechnology: Biological Products (No Diagnostic Substances),Health Care
KODK,Eastman Kodak Company Common New,$9.56,-0.03,-0.313%,653576,935924000.00,United States,,Industrial Machinery/Components,Consumer Discretionary
KOF,Coca Cola Femsa S.A.B. de C.V.  American Depositary Shares each representing 10 Units (each Unit consists of 3 Series B Shares and 5 Series L Shares),$108.04,-0.45,-0.415%,70728,5674347988.00,Mexico,1993,Beverages (Production/Distribution),Consumer Staples
KOP,Koppers Holdings Inc. Common Stock,$45.59,-0.49,-1.063%,150752,862178385.00,United States,2006,Forest Products,Basic Materials
KOPN,Kopin Corporation Common Stock,$4.60,-0.15,-3.158%,4981195,855014024.00,United States,1992,Semiconductors,Technology
KOS,Kosmos Energy Ltd. Common Shares (DE),$2.54,-0.04,-1.55%,16154648,1512538634.00,Bermuda,2011,Oil & Gas Production,Energy
KOSS,Koss Corporation Common Stock,$4.02,0.04,1.005%,16431,38055081.00,United States,,Consumer Electronics/Appliances,Consumer Staples
KOYN,CSLM Digital Asset Acquisition Corp III Class A Ordinary Shares,$10.27,0.02,0.195%,195987,0.00,United States,2025,,
KOYNU,CSLM Digital Asset Acquisition Corp III Units,$10.3201,0.00,0.00%,420,0.00,United States,2025,,
KOYNW,CSLM Digital Asset Acquisition Corp III Warrants,$0.18,0.00,0.00%,276,0.00,United States,2025,,
KPET,KPET Ultra Paceline Corporation Class A Ordinary Shares,$10.01,0.02,0.20%,111,0.00,,2026,,
KPLT,Katapult Holdings Inc. Common Stock,$4.37,-0.17,-3.744%,257955,370790370.00,United States,2019,Diversified Commercial Services,Consumer Discretionary
KPRX,Kiora Pharmaceuticals Inc.  Common Stock,$2.56,-0.04,-1.538%,2423,11326431.00,United States,,Biotechnology: Pharmaceutical Preparations,Health Care
KPTI,Karyopharm Therapeutics Inc. Common Stock,$1.22,0.015,1.245%,1754361,27671381.00,United States,2013,Biotechnology: Pharmaceutical Preparations,Health Care
KR,Kroger Company (The) Common Stock,$58.62,-2.17,-3.57%,7531510,34620309594.00,United States,,Food Chains,Consumer Staples
KRAQ,KRAKacquisition Corp Class A Ordinary Shares,$10.009,-0.011,-0.11%,2856,0.00,United States,2026,,
KRC,Kilroy Realty Corporation Common Stock,$33.27,-0.57,-1.684%,1608388,3869600031.00,United States,1997,Real Estate Investment Trusts,Real Estate
KREF,KKR Real Estate Finance Trust Inc. Common Stock,$6.21,-0.17,-2.665%,1358155,363769057.00,United States,2017,Real Estate Investment Trusts,Real Estate
KREF^A,KKR Real Estate Finance Trust Inc. 6.50% Series A Cumulative Redeemable Preferred Stock,$18.40,-0.05,-0.271%,86529,,United States,,,
KRG,Kite Realty Group Trust Common Stock,$24.39,-0.31,-1.255%,3051220,4886461696.00,United States,2004,Real Estate Investment Trusts,Real Estate
KRKR,36Kr Holdings Inc. American Depositary Shares,$3.08,0.08,2.667%,5905,6079335.00,China,2019,Business Services,Consumer Discretionary
KRMD,KORU Medical Systems Inc. Common Stock (DE),$2.93,-0.075,-2.496%,268166,135283673.00,United States,,Medical/Dental Instruments,Health Care
KRMN,Karman Holdings Inc. Common Stock,$32.42,-0.44,-1.339%,3209072,4296742813.00,United States,2025,Military/Government/Technical,Industrials
KRNT,Kornit Digital Ltd. Ordinary Shares,$16.62,0.07,0.423%,470229,714103795.00,Israel,2015,Industrial Machinery/Components,Industrials
KRNY,Kearny Financial Corp Common Stock,$9.16,0.04,0.439%,544972,594753139.00,United States,2005,Savings Institutions,Finance
KRO,Kronos Worldwide Inc Common Stock,$7.65,-0.27,-3.409%,424319,880495997.00,United States,,Major Chemicals,Basic Materials
KROS,Keros Therapeutics Inc. Common Stock,$11.40,0.21,1.877%,131231,226029943.00,United States,2020,Biotechnology: Pharmaceutical Preparations,Health Care
KRP,Kimbell Royalty Partners Common Units Representing Limited Partner Interests,$14.28,-0.02,-0.14%,801927,1637967265.00,United States,2017,Oil & Gas Production,Energy
KRRO,Korro Bio Inc. Common Stock,$9.91,0.35,3.661%,108148,145931152.00,United States,2019,Biotechnology: Pharmaceutical Preparations,Health Care
KRSA,Korsana Biosciences Inc. Common Stock,$32.00,-2.00,-5.882%,121145,1457325600.00,United States,,Biotechnology: Pharmaceutical Preparations,Health Care
KRSP,Rice Acquisition Corporation 3 Class A Ordinary Shares,$10.67,-0.01,-0.094%,1657,0.00,,2025,,
KRT,Karat Packaging Inc. Common Stock,$52.55,-0.14,-0.266%,177121,1047411939.00,United States,2021,Plastic Products,Industrials
KRUS,Kura Sushi USA Inc. Class A Common Stock,$40.81,1.64,4.187%,384654,495834807.00,United States,2019,Restaurants,Consumer Discretionary
KRYS,Krystal Biotech Inc. Common Stock,$332.56,-2.50,-0.746%,268377,9843388900.00,United States,2017,Biotechnology: Biological Products (No Diagnostic Substances),Health Care
KSCP,Knightscope Inc. Class A Common Stock,$0.7752,-0.0349,-4.308%,579806,18308950.00,United States,2022,Telecommunications Equipment,Telecommunications
KSPI,Joint Stock Company Kaspi.kz American Depository Shares,$94.06,-1.69,-1.765%,481035,17808705718.00,Kazakhstan,2024,,
KSS,Kohl's Corporation Common Stock,$18.46,0.14,0.764%,4351302,2092929175.00,United States,1992,Department/Specialty Retail Stores,Consumer Discretionary
KT,KT Corporation Common Stock,$18.95,-0.32,-1.661%,1905276,9137502888.00,South Korea,,Telecommunications Equipment,Telecommunications
KTB,Kontoor Brands Inc. Common Stock ,$63.03,-1.26,-1.96%,778942,3444817669.00,United States,2019,Garments and Clothing,Industrials
KTCC,Key Tronic Corporation Common Stock,$2.08,-0.02,-0.952%,6593,23017045.00,United States,1983,Electrical Products,Technology
KTF,DWS Municipal Income Trust,$8.10,0.13,1.631%,312193,319957598.00,United States,1988,Finance Companies,Finance
KTH,Structures Products Cp 8% CorTS Issued by Peco Energy Cap Tr II Preferred Stock,$28.545,0.145,0.511%,347,0.00,United States,,Finance: Consumer Services,Finance
KTN,Structured Products Corp 8.205% CorTS 8.205% Corporate Backed Trust Securities (CorTS),$25.67,0.0042,0.016%,1475,0.00,United States,,Finance: Consumer Services,Finance
KTOS,Kratos Defense & Security Solutions Inc. Common Stock,$42.69,-0.36,-0.836%,5325802,8013823450.00,United States,,Military/Government/Technical,Industrials
KTTA,Pasithea Therapeutics Corp. Common Stock,$0.493,0.003,0.612%,59998,16473323.00,United States,2021,Biotechnology: Pharmaceutical Preparations,Health Care
KTWO,K2 Capital Acquisition Corporation Class A Ordinary Share,$10.075,-0.005,-0.05%,217,201914687.00,Cayman Islands,2026,Medical/Dental Instruments,Health Care
KTWOR,K2 Capital Acquisition Corporation Rights,$0.195,0.00,0.00%,1938,3908026.00,Cayman Islands,2026,,
KULR,KULR Technology Group Inc. Common Stock,$2.53,0.03,1.20%,505087,117089215.00,United States,,Electrical Products,Technology
KURA,Kura Oncology Inc. Common Stock,$10.71,-0.095,-0.879%,1871421,952768229.00,United States,,Biotechnology: Pharmaceutical Preparations,Health Care
KUST,Kustom Entertainment Inc. Common Stock,$0.4232,-0.1167,-21.615%,632643,2753703.00,United States,,Radio And Television Broadcasting And Communications Equipment,Technology
KVHI,KVH Industries Inc. Common Stock,$7.03,-0.22,-3.034%,180338,127530963.00,United States,1996,Telecommunications Equipment,Consumer Discretionary
KVUE,Kenvue Inc. Common Stock,$17.66,-0.25,-1.396%,25407450,33920859427.00,United States,2023,Package Goods/Cosmetics,Consumer Discretionary
KVYO,Klaviyo Inc. Series A Common Stock,$15.73,0.48,3.148%,4980525,4478762584.00,United States,2023,Computer Software: Prepackaged Software,Technology
KWR,Quaker Houghton Common Stock,$157.76,-0.26,-0.165%,194601,2714687068.00,United States,,Major Chemicals,Industrials
KWY,Kingsway Corporation Common Stock,$9.50,0.31,3.373%,138512,274844500.00,Canada,,Property-Casualty Insurers,Finance
KXIN,Kaixin Holdings Ordinary Shares,$1.51,0.13,9.42%,116676,60451165.00,China,2017,Retail-Auto Dealers and Gas Stations,Consumer Discretionary
KYIV,Kyivstar Group Ltd. Common Shares,$12.34,-0.43,-3.367%,507346,2861197120.00,United Arab Emirates,,Telecommunications Equipment,Telecommunications
KYIVW,Kyivstar Group Ltd. Warrant,$4.50,-0.24,-5.063%,216,1043386308.00,United Arab Emirates,,Telecommunications Equipment,Telecommunications
KYMR,Kymera Therapeutics Inc. Common Stock,$111.79,1.28,1.158%,1022658,9295407586.00,United States,2020,Biotechnology: Biological Products (No Diagnostic Substances),Health Care
KYN,Kayne Anderson Energy Infrastructure Fund Inc.,$13.60,0.00,0.00%,402846,1851388808.00,United States,2004,Finance/Investors Services,Finance
KYNB,Kyntra Bio Inc. Common Stock,$6.65,-0.14,-2.062%,25479,26926675.00,United States,2014,Biotechnology: Pharmaceutical Preparations,Health Care
KYTX,Kyverna Therapeutics Inc. Common Stock,$6.80,-0.04,-0.585%,747010,420535419.00,United States,2024,Biotechnology: Biological Products (No Diagnostic Substances),Health Care
KZIA,Kazia Therapeutics Limited American Depositary Shares,$9.595,-0.155,-1.59%,188128,149191484.00,Australia,,Biotechnology: Pharmaceutical Preparations,Health Care
L,Loews Corporation Common Stock,$104.43,-1.50,-1.416%,1063846,21348386800.00,United States,,Property-Casualty Insurers,Finance
LAB,Standard BioTools Inc. Common Stock,$0.7406,0.0273,3.827%,1593779,290743865.00,United States,2011,Biotechnology: Laboratory Analytical Instruments,Industrials
LABT,Lakewood-Amedex Biotherapeutics Inc. Common Stock,$0.9553,-0.0345,-3.486%,401797,2263763.00,United States,,Biotechnology: Pharmaceutical Preparations,Health Care
LAC,Lithium Americas Corp. Common Shares,$2.63,0.00,0.00%,6022265,954802940.00,Canada,2023,Metal Mining,Basic Materials
LAD,Lithia Motors Inc. Common Stock,$291.83,2.57,0.888%,422955,6415332742.00,United States,,Retail-Auto Dealers and Gas Stations,Consumer Discretionary
LADR,Ladder Capital Corp Class A Common Stock,$8.73,-0.30,-3.322%,2387334,1107534095.00,United States,2014,Real Estate Investment Trusts,Real Estate
LAES,SEALSQ Corp Ordinary Shares,$2.34,0.02,0.862%,3265273,521291158.00,Switzerland,,Semiconductors,Technology
LAFA,LaFayette Acquisition Corp. Ordinary Share,$10.19,-0.01,-0.098%,6052,0.00,France,2025,,
LAFAR,LaFayette Acquisition Corp. Rights,$0.0702,0.00,0.00%,25,0.00,France,2025,,
LAKE,Lakeland Industries Inc. Common Stock,$9.88,-0.51,-4.909%,31361,98121698.00,United States,1986,Industrial Specialties,Health Care
LAMR,Lamar Advertising Company Class A Common Stock,$144.11,-1.85,-1.267%,594007,14634324961.00,United States,1996,Real Estate Investment Trusts,Real Estate
LAND,Gladstone Land Corporation Common Stock,$9.46,-0.02,-0.211%,721041,408071981.00,United States,1993,Real Estate Investment Trusts,Real Estate
LANDO,Gladstone Land Corporation 6.00% Series B Cumulative Redeemable Preferred Stock,$19.75,0.08,0.407%,22751,851947317.00,United States,,Real Estate Investment Trusts,Real Estate
LANDP,Gladstone Land Corporation 6.00% Series C Cumulative Redeemable Preferred Stock,$19.97,0.19,0.961%,21637,861437363.00,United States,,Real Estate Investment Trusts,Real Estate
LANV,Lanvin Group Holdings Limited Ordinary Shares,$1.055,0.025,2.427%,11205,132503689.00,Cayman Islands,2022,Apparel,Consumer Discretionary
LAR,Lithium Argentina AG Common Shares,$5.50,0.01,0.182%,1185050,902550000.00,Canada,2023,Metal Mining,Basic Materials
LARK,Landmark Bancorp Inc. Common Stock,$30.99,-0.86,-2.70%,6327,189055549.00,United States,,Major Banks,Finance
LASE,Laser Photonics Corporation Common Stock,$0.852,0.0097,1.152%,769755,51697414.00,United States,2022,Industrial Machinery/Components,Miscellaneous
LASR,nLIGHT Inc. Common Stock,$38.945,-0.065,-0.167%,1078174,2246744722.00,United States,2018,Semiconductors,Technology
LATA,Galata Acquisition Corp. II Class A Ordinary Shares,$10.20,0.00,0.00%,3033,0.00,United States,2025,Blank Checks,Finance
LAUR,Laureate Education Inc. Common Stock,$38.16,-0.22,-0.573%,1867622,5256515578.00,United States,2017,Other Consumer Services,Real Estate
LAW,CS Disco Inc. Common Stock,$4.10,0.02,0.49%,140347,266171037.00,United States,2021,Computer Software: Prepackaged Software,Technology
LAZ,Lazard Inc. Common Stock,$36.23,0.43,1.201%,1615493,3530634224.00,Bermuda,2005,Investment Managers,Finance
LB,LandBridge Company LLC Class A Shares Representing Limited Liability Company Interests,$81.17,0.68,0.845%,243488,6257022892.00,,2024,Oil & Gas Production,Energy
LBGJ,Li Bang International Corporation Class A Ordinary Shares,$1.99,0.03,1.531%,51494,1413748.00,China,2024,Industrial Machinery/Components,Industrials
LBRT,Liberty Energy Inc. Class A common stock,$18.22,-0.22,-1.193%,6615603,2973347600.00,United States,2018,Oilfield Services/Equipment,Energy
LBRX,LB Pharmaceuticals Inc Common Stock,$38.38,1.10,2.951%,437223,1238107137.00,United States,2025,Biotechnology: Pharmaceutical Preparations,Health Care
LBTYA,Liberty Global Ltd. Class A Common Shares,$9.13,-0.13,-1.404%,4557260,3114129478.00,United Kingdom,,Cable & Other Pay Television Services,Telecommunications
LBTYB,Liberty Global Ltd. Class B Common Shares,$12.21,-0.33,-2.632%,18388,4164679181.00,United Kingdom,,Cable & Other Pay Television Services,Telecommunications
LBTYK,Liberty Global Ltd. Class C Common Shares,$8.89,-0.12,-1.332%,1288878,3032268462.00,United Kingdom,,Cable & Other Pay Television Services,Telecommunications
LCCC,Lakeshore Acquisition III Corp. Ordinary Shares,$10.54,0.02,0.19%,2011,0.00,United States,2025,Blank Checks,Finance
LCFY,Locafy Limited Ordinary Share,$2.46,0.015,0.613%,940,4501064.00,Australia,2022,Computer Software: Programming Data Processing,Technology
LCFYW,Locafy Limited Warrant,$5.00,0.00,0.00%,31,9148505.00,Australia,2022,Computer Software: Programming Data Processing,Technology
LCID,Lucid Group Inc. Common Stock,$4.07,0.00,0.00%,8339141,1603865616.00,United States,,Auto Manufacturing,Industrials
LCII,LCI Industries,$83.67,-1.71,-2.003%,283390,2034143791.00,United States,1995,Auto Parts:O.E.M.,Consumer Discretionary
LCLN,Lincoln International Inc. Class A Common Stock,$23.09,-0.23,-0.986%,811817,2392712541.00,,2026,Investment Managers,Finance
LCNB,LCNB Corporation Common Stock,$18.47,-0.15,-0.806%,29543,263289628.00,United States,,Major Banks,Finance
LCTX,Lineage Cell Therapeutics Inc. Common Stock,$0.9557,0.0082,0.865%,1267896,241703663.00,United States,,Biotechnology: Biological Products (No Diagnostic Substances),Health Care
LCUT,Lifetime Brands Inc. Common Stock,$8.60,-0.08,-0.922%,242747,197703990.00,United States,1991,Industrial Machinery/Components,Consumer Discretionary
LDI,loanDepot Inc. Class A Common Stock,$0.5909,-0.0152,-2.508%,4750997,199815948.00,United States,2021,Finance: Consumer Services,Finance
LDOS,Leidos Holdings Inc. Common Stock,$121.83,-1.27,-1.032%,1090506,15288715822.00,United States,,EDP Services,Technology
LDP,Cohen & Steers Limited Duration Preferred and Income Fund Inc.,$19.34,0.10,0.52%,103791,0.00,United States,2012,Finance Companies,Finance
LE,Lands' End Inc. Common Stock,$10.28,0.05,0.489%,139002,303713903.00,United States,,Clothing/Shoe/Accessory Stores,Consumer Discretionary
LEA,Lear Corporation Common Stock,$118.03,-1.29,-1.081%,537242,5821801895.00,United States,,Auto Parts:O.E.M.,Consumer Discretionary
LECO,Lincoln Electric Holdings Inc. Common Shares,$264.58,-5.44,-2.015%,327080,14421133187.00,United States,,Industrial Machinery/Components,Industrials
LEDRU,Leader's Advantage Acquisition Corp. Units,$9.96,-0.01,-0.10%,778,0.00,United States,2026,Blank Checks,Finance
LEDS,SemiLEDS Corporation Common Stock,$2.30,-0.01,-0.433%,6827,19028827.00,Taiwan,2010,Semiconductors,Technology
LEE,Lee Enterprises Incorporated Common Stock,$6.95,-0.25,-3.472%,21248,154929706.00,United States,,Newspapers/Magazines,Consumer Discretionary
LEGH,Legacy Housing Corporation Common Stock (TX),$28.67,-0.27,-0.933%,65476,681859699.00,United States,2018,Homebuilding,Consumer Discretionary
LEGN,Legend Biotech Corporation American Depositary Shares,$19.89,1.07,5.685%,2956041,3868374535.00,United States,2020,Biotechnology: Pharmaceutical Preparations,Health Care
LEGO,Legato Merger Corp. IV Ordinary Shares,$10.05,0.05,0.50%,383,304585712.00,,2026,Military/Government/Technical,Industrials
LEN,Lennar Corporation Class A Common Stock,$81.59,-1.42,-1.711%,5393774,19654634636.00,United States,,Homebuilding,Consumer Discretionary
LENZ,LENZ Therapeutics Inc. Common Stock,$3.84,-0.02,-0.518%,786217,120654117.00,United States,2021,Biotechnology: Biological Products (No Diagnostic Substances),Health Care
LEO,BNY Mellon Strategic Municipals Inc. Common Stock,$5.56,0.09,1.645%,414370,346337148.00,United States,1987,Trusts Except Educational Religious and Charitable,Finance
LESL,Leslie's Inc. Common Stock,$0.16,-0.0578,-26.538%,84010428,1498476.00,United States,2020,Other Specialty Stores,Consumer Discretionary
LEU,Centrus Energy Corp. Class A Common Stock,$139.49,1.31,0.948%,581142,2752682827.00,United States,2014,Mining & Quarrying of Nonmetallic Minerals (No Fuels),Industrials
LEVI,Levi Strauss & Co Class A Common Stock,$19.70,-0.05,-0.253%,3162035,7581556071.00,United States,2019,Apparel,Consumer Discretionary
LEXX,Lexaria Bioscience Corp. Common Stock,$3.15,0.02,0.639%,23134,6635434.00,Canada,,Biotechnology: Pharmaceutical Preparations,Health Care
LFAC,Leapfrog Acquisition Corporation Class A Ordinary Shares,$10.07,0.00,0.00%,21,0.00,United States,2026,Blank Checks,Finance
LFCR,Lifecore Biomedical Inc. Common Stock,$6.58,-0.01,-0.152%,970260,249073135.00,United States,,Biotechnology: Pharmaceutical Preparations,Health Care
LFMD,LifeMD Inc. Common Stock,$2.90,0.02,0.694%,725501,139782427.00,United States,,Medical/Nursing Services,Health Care
LFMDP,LifeMD Inc. 8.875% Series A Cumulative Perpetual Preferred Stock,$23.0545,0.00,0.00%,298,1111246197.00,United States,,Medical/Nursing Services,Health Care
LFS,LEIFRAS Co. Ltd. American Depositary Shares  ,$2.07,0.00,0.00%,28231,54152481.00,Japan,2025,Other Consumer Services,Real Estate
LFST,LifeStance Health Group Inc. Common Stock,$12.03,0.14,1.177%,3292496,4597314388.00,United States,2021,Medical/Nursing Services,Health Care
LFT,Lument Finance Trust Inc. Common Stock,$5.48,-0.02,-0.364%,52536,28762399.00,United States,2013,Real Estate Investment Trusts,Real Estate
LFT^A,Lument Finance Trust Inc. 7.875% Series A Cumulative Redeemable Preferred Stock,$16.585,0.105,0.637%,599,,United States,,,
LFTO,Liftoff Mobile Inc. Common Stock,$15.80,-0.03,-0.19%,1084734,2675438127.00,United States,2026,EDP Services,Technology
LFUS,Littelfuse Inc. Common Stock,$423.74,-5.02,-1.171%,181952,10762465054.00,United States,,Electrical Products,Energy
LFVN,Lifevantage Corporation Common Stock (Delaware),$6.30,-0.02,-0.316%,18293,79313497.00,United States,,Biotechnology: Pharmaceutical Preparations,Health Care
LFWD,Lifeward Ltd. Ordinary Shares,$6.601,-0.309,-4.472%,4473,18694138.00,Israel,2014,Industrial Specialties,Health Care
LGCL,Lucas GC Limited Class A Ordinary Shares,$2.77,-0.05,-1.773%,57306,948235.00,China,2024,Computer Software: Programming Data Processing,Technology
LGCY,Legacy Education Inc. Common Stock,$9.67,0.17,1.789%,57125,123904011.00,,2024,Other Consumer Services,Real Estate
LGHL,Lion Group Holding Ltd. American Depositary Share,$5.68,1.17,25.942%,19643778,262098.00,China,,Investment Bankers/Brokers/Service,Finance
LGI,Lazard Global Total Return and Income Fund Common Stock,$17.02,0.05,0.295%,24296,0.00,United States,2004,,
LGIH,LGI Homes Inc. Common Stock,$46.64,-1.24,-2.59%,236128,1084299406.00,United States,2013,Homebuilding,Consumer Discretionary
LGL,LGL Group Inc. (The) Common Stock,$6.86,0.01,0.146%,9076,86526202.00,United States,1946,Industrial Machinery/Components,Technology
LGN,Legence Corp. Class A Common stock,$53.68,-0.02,-0.037%,1019906,5801491766.00,United States,2025,Engineering & Construction,Consumer Discretionary
LGND,Ligand Pharmaceuticals Incorporated Common Stock,$312.37,2.01,0.648%,505924,6227286183.00,United States,,Biotechnology: Pharmaceutical Preparations,Health Care
LGO,Largo Inc. Common Shares,$0.4862,-0.037,-7.072%,955516,55708888.00,Canada,,Mining & Quarrying of Nonmetallic Minerals (No Fuels),Industrials
LGPS,LogProstyle Inc. Common Shares,$0.7199,-0.0191,-2.585%,135287,16997465.00,,2025,Homebuilding,Consumer Discretionary
LGVN,Longeveron Inc. Class A Common Stock,$2.69,-0.03,-1.103%,54980,8576255.00,United States,2021,Biotechnology: Pharmaceutical Preparations,Health Care
LH,Labcorp Holdings Inc. Common Stock,$308.11,-0.70,-0.227%,646371,24987721000.00,United States,,Medical Specialities,Health Care
LHAI,Linkhome Holdings Inc. Common stock,$1.01,0.00,0.00%,27272,16695300.00,United States,2025,Real Estate,Finance
LHSW,Lianhe Sowell International Group Ltd Class A Ordinary Shares,$0.5121,-0.0167,-3.158%,300990,5585048.00,China,2025,Computer Software: Prepackaged Software,Technology
LHX,L3Harris Technologies Inc. Common Stock,$236.78,0.31,0.131%,1467401,44091896776.00,United States,,Industrial Machinery/Components,Industrials
LI,Li Auto Inc. American Depositary Shares,$11.36,0.13,1.158%,2332659,10328086625.00,China,2020,Auto Manufacturing,Industrials
LICN,Lichen International Limited Class A Ordinary Shares,$1.02,0.00,0.00%,7733,16765562.00,China,2023,Professional Services,Consumer Discretionary
LIDR,AEye Inc. Class A Common Stock,$1.20,0.01,0.84%,306515,56006603.00,United States,2021,Auto Parts:O.E.M.,Consumer Discretionary
LIEN,Chicago Atlantic BDC Inc. Common Stock,$9.54,-0.07,-0.728%,85693,217708429.00,United States,2022,Finance: Consumer Services,Finance
LIF,Life360 Inc. Common Stock,$40.275,0.235,0.587%,739665,3281621861.00,United States,2024,EDP Services,Technology
LIFE,Ethos Technologies Inc. Class A Common Stock,$33.57,-0.28,-0.827%,977174,2140404871.00,United States,2026,Specialty Insurers,Finance
LII,Lennox International Inc. Common Stock,$355.02,-5.14,-1.427%,541208,12269730839.00,United States,1999,Industrial Machinery/Components,Industrials
LILA,Liberty Latin America Ltd. Class A Common Stock,$8.28,-0.16,-1.896%,269020,1622052000.00,United States,,Cable & Other Pay Television Services,Telecommunications
LILAK,Liberty Latin America Ltd. Class C Common Stock,$8.22,-0.165,-1.968%,1861140,1610298000.00,United States,,Cable & Other Pay Television Services,Telecommunications
LILAP,Liberty Latin America Ltd. 9.0% Fixed Rate Cumulative Perpetual Redeemable Series A Preference Shares,$20.56,0.04,0.195%,45394,4027704000.00,United States,,Cable & Other Pay Television Services,Telecommunications
LIME,Neutron Holdings Inc. Common Stock,$28.17,-0.26,-0.915%,535176,1830604632.00,United States,2026,Computer Software: Prepackaged Software,Technology
LIMN,Liminatus Pharma Inc. Class A Common Stock,$3.73,-0.18,-4.604%,9283,5010166.00,United States,,Biotechnology: Biological Products (No Diagnostic Substances),Health Care
LIMNW,Liminatus Pharma Inc. Warrants,$0.0555,0.011,24.719%,1214,74548.00,United States,,Biotechnology: Biological Products (No Diagnostic Substances),Health Care
LIN,Linde plc Ordinary Shares,$474.65,1.28,0.27%,2640898,218804234368.00,United States,,Major Chemicals,Basic Materials
LINC,Lincoln Educational Services Corporation Common Stock,$21.87,0.33,1.532%,964535,693748746.00,United States,2005,Other Consumer Services,Real Estate
LIND,Lindblad Expeditions Holdings Inc. Common Stock,$31.43,0.16,0.512%,1084252,2062426825.00,United States,2013,Transportation Services,Consumer Discretionary
LINE,Lineage Inc. Common Stock,$34.12,-0.4175,-1.209%,836964,7769465609.00,United States,2024,Real Estate Investment Trusts,Real Estate
LINK,Interlink Electronics Inc. Common Stock,$5.98,0.04,0.673%,65980,94205386.00,United States,,Computer peripheral equipment,Technology
LION,Lionsgate Studios Corp Common Shares,$11.20,0.01,0.089%,3620185,3332668416.00,Canada,2025,Movies/Entertainment,Consumer Discretionary
LIQT,LiqTech International Inc. Common Stock,$0.5303,0.0896,20.331%,8642332,17472240.00,Denmark,,Industrial Machinery/Components,Technology
LITB,LightInTheBox Holding Co. Ltd. American Depositary Shares each representing twelve ordinary shares,$2.89,-0.02,-0.687%,455,57009822.00,China,,Catalog/Specialty Distribution,Consumer Discretionary
LITE,Lumentum Holdings Inc. Common Stock,$971.26,-2.23,-0.229%,4005468,87122022000.00,United States,,Telecommunications Equipment,Telecommunications
LITS,Lite Strategy Inc. Common Stock,$1.32,-0.055,-4.00%,331269,40137594.00,United States,2003,Biotechnology: Pharmaceutical Preparations,Health Care
LIVE,Live Ventures Incorporated Common Stock,$7.585,-0.115,-1.494%,1156,23298511.00,United States,,Other Specialty Stores,Consumer Discretionary
LIVN,LivaNova PLC Ordinary Shares,$76.50,-0.49,-0.636%,970721,4214653286.00,United Kingdom,,Biotechnology: Electromedical & Electrotherapeutic Apparatus,Health Care
LKFN,Lakeland Financial Corporation Common Stock,$57.66,-0.39,-0.672%,156259,1433303054.00,United States,,Major Banks,Finance
LKFT,Lakefront Biotherapeutics American Depositary Shares,$29.65,0.13,0.44%,188595,1953848155.00,Belgium,2015,Biotechnology: Pharmaceutical Preparations,Health Care
LKQ,LKQ Corporation Common Stock,$22.83,-0.28,-1.212%,2196333,5776037623.00,United States,2003,Motor Vehicles,Consumer Discretionary
LKSP,Lake Superior Acquisition Corp. Class A Ordinary Shares,$10.25,0.01,0.098%,10054,0.00,United States,2025,,
LKSPR,Lake Superior Acquisition Corp. Rights,$1.31,0.11,9.167%,5481,0.00,United States,2025,,
LLY,Eli Lilly and Company Common Stock,$1157.08,-27.55,-2.326%,3410531,1089225432770.00,United States,,Biotechnology: Pharmaceutical Preparations,Health Care
LLYVA,Liberty Live Holdings Inc. Series A Liberty Live Group Common Stock,$94.64,-1.94,-2.009%,199639,8707388785.00,United States,,Services-Misc. Amusement & Recreation,Consumer Discretionary
LLYVK,Liberty Live Holdings Inc. Series C Liberty Live Group Common Stock,$97.25,-1.87,-1.887%,472798,8947522816.00,United States,,Services-Misc. Amusement & Recreation,Consumer Discretionary
LMAT,LeMaitre Vascular Inc. Common Stock,$82.59,-0.30,-0.362%,207898,1888771936.00,United States,2006,Medical/Dental Instruments,Health Care
LMB,Limbach Holdings Inc. Common Stock,$48.93,0.98,2.044%,363107,583489907.00,United States,,Engineering & Construction,Consumer Discretionary
LMND,Lemonade Inc. Common Stock,$45.14,0.54,1.211%,983707,3493683201.00,United States,2020,Property-Casualty Insurers,Finance
LMNR,Limoneira Co Common Stock,$11.90,-0.22,-1.815%,161243,215770883.00,United States,,Farming/Seeds/Milling,Consumer Staples
LMRI,Lumexa Imaging Holdings Inc. Common Stock,$10.25,-0.01,-0.097%,781559,984768504.00,United States,2025,Medical Specialities,Health Care
LMT,Lockheed Martin Corporation Common Stock,$509.25,-2.96,-0.578%,1380677,117530190965.00,United States,,Military/Government/Technical,Industrials
LNAI,Lunai Bioworks Inc. Common Stock,$1.47,-0.30,-16.949%,102239,6664818.00,United States,,Biotechnology: Pharmaceutical Preparations,Health Care
LNC,Lincoln National Corporation Common Stock,$40.26,-0.66,-1.613%,1725900,7707669747.00,United States,,Life Insurance,Finance
LNC^D,Lincoln National Corporation Depositary Shares Each Representing a 1/1000th Interest in a Share of 9.000% Non-Cumulative Preferred Stock Series D,$25.71,0.01,0.039%,871952,,United States,,,
LND,Brasilagro Brazilian Agric Real Estate Co Sponsored ADR (Brazil),$3.47,0.06,1.76%,58544,356311551.00,Brazil,,Farming/Seeds/Milling,Consumer Staples
LNG,Cheniere Energy Inc. Common Stock,$269.03,1.74,0.651%,1828543,55563884527.00,United States,2001,Oil/Gas Transmission,Utilities
LNKS,Linkers Industries Limited Class A Ordinary Shares,$0.9883,0.0582,6.257%,16563,1587816.00,Malaysia,2024,Electrical Products,Technology
LNN,Lindsay Corporation Common Stock,$111.94,-0.98,-0.868%,179751,1138304987.00,United States,,Industrial Machinery/Components,Industrials
LNSR,LENSAR Inc. Common Stock,$6.59,-0.31,-4.493%,35706,80963850.00,United States,,Medical/Dental Instruments,Health Care
LNT,Alliant Energy Corporation Common Stock,$63.30,-1.04,-1.616%,4637094,16412721447.00,United States,,Power Generation,Utilities
LNTH,Lantheus Holdings Inc. Common Stock,$99.53,0.02,0.02%,1806365,6496558887.00,United States,2015,Biotechnology: In Vitro & In Vivo Diagnostic Substances,Health Care
LNZA,LanzaTech Global Inc. Common Stock,$5.71,-0.18,-3.056%,59848,74739121.00,United States,2021,Major Chemicals,Industrials
LNZAW,LanzaTech Global Inc. Warrant,$0.0105,0.00,0.00%,428,137436.00,United States,2021,Major Chemicals,Industrials
LOAN,Manhattan Bridge Capital Inc,$3.70,-0.03,-0.804%,109936,42274383.00,United States,,Real Estate Investment Trusts,Real Estate
LOAR,Loar Holdings Inc. Common Stock,$61.52,-2.03,-3.194%,527706,5763714736.00,United States,2024,Military/Government/Technical,Industrials
LOB,Live Oak Bancshares Inc. Common Stock,$36.19,-0.45,-1.228%,351812,1675004208.00,United States,2022,Major Banks,Finance
LOB^A,Live Oak Bancshares Inc. Depositary Shares Each Representing a 1/40th Interest in a Share of 8.375% Fixed Rate Series A Non-Cumulative Perpetual Preferred Stock,$24.83,-0.01,-0.04%,9014,,United States,,,
LOBO,LOBO TECHNOLOGIES LTD. Class A Ordinary Shares,$0.5227,-0.0153,-2.844%,166932,7235181.00,China,2024,Motor Vehicles,Consumer Discretionary
LOCL,Local Bounti Corporation Common Stock,$1.09,0.06,5.825%,48027,25484330.00,United States,2021,Farming/Seeds/Milling,Consumer Staples
LOCO,El Pollo Loco Holdings Inc. Common Stock,$14.35,-0.09,-0.623%,338274,436712646.00,United States,2014,Restaurants,Consumer Discretionary
LODE,Comstock Inc. Common Stock,$2.32,-0.03,-1.277%,1458407,176303869.00,United States,,Major Chemicals,Industrials
LOGI,Logitech International S.A. Ordinary Shares,$100.99,0.32,0.318%,755204,14460589649.00,United States,1997,Computer peripheral equipment,Technology
LOMA,Loma Negra Compania Industrial Argentina Sociedad Anonima ADS,$9.20,0.06,0.656%,573732,1073608996.00,Argentina,2017,Building Materials,Industrials
LONA,LeonaBio Inc. Common Stock,$3.57,0.06,1.709%,40276,33635337.00,United States,2020,Biotechnology: Biological Products (No Diagnostic Substances),Health Care
LOOP,Loop Industries Inc. Common Stock,$0.413,-0.0239,-5.47%,178010,19981093.00,Canada,,Major Chemicals,Industrials
LOPE,Grand Canyon Education Inc. Common Stock,$151.59,4.00,2.71%,401111,3951198959.00,United States,2008,Other Consumer Services,Real Estate
LOT,Lotus Technology Inc. American Depositary Shares,$0.85,-0.02,-2.299%,34778,545776394.00,China,,Auto Manufacturing,Industrials
LOVE,The Lovesac Company Common Stock,$15.05,-0.57,-3.649%,168375,217072667.00,United States,2018,Other Specialty Stores,Consumer Discretionary
LOVIU,Live Oak Acquisition Corp. VI Units,$10.0101,0.0001,0.001%,3309,0.00,United States,2026,Blank Checks,Finance
LOW,Lowe's Companies Inc. Common Stock,$184.29,-2.97,-1.586%,3695985,103396645162.00,United States,,RETAIL: Building Materials,Consumer Discretionary
LPA,Logistic Properties of the Americas Ordinary Shares,$2.86,0.04,1.418%,2916520,90658096.00,,2024,Real Estate,Finance
LPAA,Launch One Acquisition Corp. Class A Ordinary shares,$10.83,0.07,0.651%,4067,0.00,United States,2024,,
LPAAW,Launch One Acquisition Corp. Warrant,$0.1013,0.00,0.00%,75,0.00,United States,2024,Blank Checks,Finance
LPBB,Launch Two Acquisition Corp. Class A Ordinary Shares,$10.825,-0.005,-0.046%,69736,0.00,United States,2024,,
LPBBU,Launch Two Acquisition Corp. Unit,$10.87,0.00,0.00%,1352,0.00,United States,2024,Blank Checks,Finance
LPBBW,Launch Two Acquisition Corp. Warrant,$0.1314,-0.0185,-12.342%,382,0.00,United States,2024,Blank Checks,Finance
LPCN,Lipocine Inc. Common Stock,$2.20,0.04,1.852%,31374,18137357.00,United States,,Biotechnology: Pharmaceutical Preparations,Health Care
LPCV,Launchpad Cadenza Acquisition Corp I Class A Ordinary Share,$10.07,0.00,0.00%,311,0.00,United States,2026,,
LPCVW,Launchpad Cadenza Acquisition Corp I Warrant,$0.305,-0.015,-4.688%,1201,0.00,United States,2026,,
LPG,Dorian LPG Ltd. Common Stock,$55.06,0.83,1.531%,754009,2355614416.00,United States,2014,Marine Transportation,Consumer Discretionary
LPL,LG Display Co Ltd AMERICAN DEPOSITORY SHARES,$2.95,-0.03,-1.007%,2239468,2950000000.00,South Korea,2004,Industrial Machinery/Components,Technology
LPLA,LPL Financial Holdings Inc. Common Stock,$305.80,-2.25,-0.73%,771585,24079392282.00,United States,2010,Investment Bankers/Brokers/Service,Finance
LPTH,LightPath Technologies Inc. Class A Common Stock,$10.31,0.29,2.894%,2378668,722073758.00,United States,1996,Semiconductors,Technology
LPX,Louisiana-Pacific Corporation Common Stock,$64.55,-1.21,-1.84%,1155091,4513556116.00,United States,,Forest Products,Basic Materials
LQDA,Liquidia Corporation Common Stock,$30.26,-40.43,-57.193%,22953979,2708539042.00,United States,2018,Biotechnology: Pharmaceutical Preparations,Health Care
LQDT,Liquidity Services Inc. Common Stock,$42.83,-0.48,-1.108%,273742,1341933199.00,United States,2006,Business Services,Consumer Discretionary
LRCX,Lam Research Corporation Common Stock,$328.51,4.65,1.436%,7704421,411105417161.00,United States,1984,Industrial Machinery/Components,Technology
LRE,Lead Real Estate Co. Ltd American Depositary Shares,$1.1415,0.0015,0.132%,14807,15572229.00,Japan,2023,Homebuilding,Consumer Discretionary
LRHC,La Rosa Holdings Corp. Common Stock,$2.36,-0.13,-5.221%,2223,1344348.00,United States,2023,Real Estate,Finance
LRMR,Larimar Therapeutics Inc. Common Stock,$3.195,0.055,1.752%,1497007,331905984.00,United States,2014,Biotechnology: Pharmaceutical Preparations,Health Care
LRN,Stride Inc. Common Stock,$77.98,2.39,3.162%,684078,3240836713.00,United States,,Other Consumer Services,Real Estate
LSAK,Lesaka Technologies Inc. Common Stock,$4.33,0.20,4.843%,460390,371618327.00,South Africa,,Investment Bankers/Brokers/Service,Finance
LSBK,Lake Shore Bancorp Inc. Common Stock,$18.16,-0.24,-1.304%,21323,142624790.00,United States,2006,Savings Institutions,Finance
LSCC,Lattice Semiconductor Corporation Common Stock,$125.62,0.17,0.136%,2168567,17841842769.00,United States,,Semiconductors,Technology
LSE,Leishen Energy Holding Co. Ltd. Class A Ordinary Shares,$5.03,-0.04,-0.789%,26037,85635750.00,China,2024,Oil and Gas Field Machinery,Consumer Discretionary
LSF,Laird Superfood Inc. Common Stock,$3.48,-0.01,-0.287%,29365,38951236.00,,2020,Packaged Foods,Consumer Staples
LSPD,Lightspeed Commerce Inc. Subordinate Voting Shares,$9.77,0.02,0.205%,1172706,1302482343.00,Canada,,Computer Software: Prepackaged Software,Technology
LSTA,Lisata Therapeutics Inc. Common Stock,$1.44,-0.03,-2.041%,17084,15557855.00,United States,,Biotechnology: Pharmaceutical Preparations,Health Care
LSTR,Landstar System Inc. Common Stock,$168.645,0.225,0.134%,414944,5723292717.00,United States,1993,Trucking Freight/Courier Services,Industrials
LTBR,Lightbridge Corporation Common Stock,$6.29,-0.01,-0.159%,741719,235611392.00,United States,,Major Chemicals,Basic Materials
LTC,LTC Properties Inc. Common Stock,$42.87,-0.23,-0.534%,673612,2310931486.00,United States,,Real Estate Investment Trusts,Real Estate
LTGO,Latigo Biotherapeutics Inc. Common Stock,$16.70,-1.40,-7.735%,532612,1107199095.00,United States,2026,Biotechnology: Pharmaceutical Preparations,Health Care
LTGR,Long Table Growth Corp. Class A Ordinary Shares,$9.99,0.00,0.00%,8,0.00,United States,2026,Blank Checks,Finance
LTH,Life Time Group Holdings Inc. Common Stock,$39.88,-0.20,-0.499%,2489863,8911662486.00,United States,2021,Hotels/Resorts,Consumer Discretionary
LTM,LATAM Airlines Group S.A. American Depositary Shares (each representing two thousand (2000) shares of Common Stock),$49.89,-1.17,-2.291%,751106,14323817721.00,Chile,2024,Air Freight/Delivery Services,Consumer Discretionary
LTRN,Lantern Pharma Inc. Common Stock,$1.01,-0.075,-6.912%,420710,12911987.00,United States,2020,Biotechnology: Pharmaceutical Preparations,Health Care
LTRX,Lantronix Inc. Common Stock,$7.21,-0.01,-0.139%,1214898,338000474.00,United States,2000,Computer Communications Equipment,Telecommunications
LTRYW,Sports Entertainment Gaming Global Corporation Warrants,$0.0035,-0.0001,-2.778%,113896,11408.00,United States,2023,Computer Software: Prepackaged Software,Technology
LU,Lufax Holding Ltd American Depositary Shares each representing two (2) Ordinary Shares,$1.21,-0.03,-2.419%,1729181,1048693559.00,China,,Finance: Consumer Services,Finance
LUCD,Lucid Diagnostics Inc. Common Stock,$0.751,-0.058,-7.169%,1776975,152636221.00,United States,2021,Medical/Dental Instruments,Health Care
LUCK,Lucky Strike Entertainment Corporation Class A Common Stock,$5.36,-0.07,-1.289%,46217,730718187.00,United States,2021,Services-Misc. Amusement & Recreation,Consumer Discretionary
LUCY,Innovative Eyewear Inc. Common Stock,$0.9102,-0.0133,-1.44%,93547,7929902.00,United States,2022,Ophthalmic Goods,Health Care
LUCYW,Innovative Eyewear Inc. Series A Warrants 8/16/27,$0.03,-0.0051,-14.53%,28960,261368.00,United States,2022,Ophthalmic Goods,Health Care
LUD,Luda Technology Group Limited Ordinary Shares,$3.95,0.00,0.00%,5135,89625500.00,Hong Kong,2025,Steel/Iron Ore,Industrials
LULU,lululemon athletica inc. Common Stock,$96.19,-0.68,-0.702%,4140806,10157093016.00,Canada,2007,Apparel,Consumer Discretionary
LUMN,Lumen Technologies Inc. Common Stock,$5.60,0.06,1.083%,10259059,5776094262.00,United States,,Telecommunications Equipment,Telecommunications
LUNG,Pulmonx Corporation Common Stock,$1.91,-0.07,-3.535%,250934,82031194.00,United States,2020,Medical/Dental Instruments,Health Care
LUNR,Intuitive Machines Inc. Class A Common Stock,$14.24,-0.31,-2.131%,8940552,3259878728.00,United States,2021,Industrial Machinery/Components,Industrials
LUV,Southwest Airlines Company Common Stock,$41.64,-0.44,-1.046%,4838786,20370629490.00,United States,,Air Freight/Delivery Services,Consumer Discretionary
LUXE,LuxExperience B.V. American Depositary Shares each representing one Ordinary Share,$9.91,0.30,3.122%,187579,1384425325.00,,2021,Catalog/Specialty Distribution,Consumer Discretionary
LVLU,Lulu's Fashion Lounge Holdings Inc. Common Stock,$12.76,1.43,12.621%,4952,36641310.00,United States,2021,Catalog/Specialty Distribution,Consumer Discretionary
LVO,LiveOne Inc. Common Stock,$2.59,0.29,12.609%,195348,35513534.00,United States,,Restaurants,Consumer Discretionary
LVS,Las Vegas Sands Corp. Common Stock,$37.81,-0.51,-1.331%,6339345,24489581767.00,United States,2004,Hotels/Resorts,Consumer Discretionary
LVWR,LiveWire Group Inc. Common Stock,$1.53,-0.09,-5.556%,132065,314281059.00,United States,2022,Motor Vehicles,Consumer Discretionary
LW,Lamb Weston Holdings Inc. Common Stock ,$41.69,-1.58,-3.651%,1938627,5731583349.00,United States,2016,Packaged Foods,Consumer Staples
LWAC,LightWave Acquisition Corp. Class A Ordinary Shares,$10.3821,0.00,0.00%,6,0.00,United States,2025,Blank Checks,Finance
LWACU,LightWave Acquisition Corp. Units,$10.36,0.00,0.00%,499,0.00,United States,2025,Blank Checks,Finance
LWACW,LightWave Acquisition Corp. Warrants,$0.1221,-0.0128,-9.489%,6106,0.00,United States,2025,Blank Checks,Finance
LWAY,Lifeway Foods Inc. Common Stock,$21.19,0.05,0.237%,204183,320111969.00,United States,,Packaged Foods,Consumer Staples
LWLG,Lightwave Logic Inc. Common Stock,$5.00,-0.17,-3.288%,2506595,770836275.00,United States,,Containers/Packaging,Industrials
LX,LexinFintech Holdings Ltd. American Depositary Shares,$0.7205,-0.0121,-1.652%,1109807,118729951.00,China,2017,Finance: Consumer Services,Finance
LXEH,Lixiang Education Holding Co. Ltd. American Depositary Shares,$1.62,-0.04,-2.41%,16914,3105001.00,China,2020,Other Consumer Services,Real Estate
LXEO,Lexeo Therapeutics Inc. Common Stock,$3.38,-0.04,-1.17%,3053810,277316342.00,United States,2023,Biotechnology: Biological Products (No Diagnostic Substances),Health Care
LXFR,Luxfer Holdings PLC Ordinary Shares,$17.27,0.00,0.00%,318348,462132092.00,United Kingdom,2012,Major Chemicals,Basic Materials
LXP,LXP Industrial Trust Common Stock (Maryland REIT),$60.92,0.03,0.049%,1442520,3591676523.00,United States,,Real Estate Investment Trusts,Real Estate
LXP^C,LXP Industrial Trust 6.5% Series C Cumulative Convertible Preferred Stock,$49.80,0.41,0.83%,5576,,United States,,,
LXRX,Lexicon Pharmaceuticals Inc. Common Stock,$1.875,-0.005,-0.266%,1744219,834292376.00,United States,,Biotechnology: Pharmaceutical Preparations,Health Care
LXU,LSB Industries Inc. Common Stock,$9.77,0.11,1.139%,528463,703415614.00,United States,2003,Major Chemicals,Basic Materials
LYB,LyondellBasell Industries NV Ordinary Shares Class A (Netherlands),$57.47,-0.71,-1.22%,3101161,18564991101.00,Netherlands,,Major Chemicals,Industrials
LYEL,Lyell Immunopharma Inc. Common Stock,$9.79,0.16,1.661%,153942,239905330.00,United States,2021,Biotechnology: Pharmaceutical Preparations,Health Care
LYFT,Lyft Inc. Class A Common Stock,$15.01,-0.06,-0.398%,7966109,5681889137.00,United States,2019,Business Services,Consumer Discretionary
LYG,Lloyds Banking Group Plc American Depositary Shares,$5.63,-0.06,-1.054%,16162947,83442308336.00,United Kingdom,,Commercial Banks,Finance
LYNX,Lyntris Inc. Common Stock,$12.34,-0.08,-0.644%,521387,1430815399.00,,2026,Industrial Machinery/Components,Industrials
LYTS,LSI Industries Inc. Common Stock,$20.75,-0.08,-0.384%,282723,773172722.00,United States,1985,Building Products,Consumer Discretionary
LYV,Live Nation Entertainment Inc. Common Stock,$169.30,-1.79,-1.046%,1851659,39892812498.00,United States,,Services-Misc. Amusement & Recreation,Consumer Discretionary
LZ,LegalZoom.com Inc. Common Stock,$5.61,0.06,1.081%,2393760,960795595.00,United States,2021,EDP Services,Technology
LZB,La-Z-Boy Incorporated Common Stock,$29.64,-0.04,-0.135%,677975,1187164132.00,United States,,Home Furnishings,Consumer Discretionary
LZM,Lifezone Metals Limited Ordinary Shares,$3.76,-0.10,-2.591%,306040,338078734.00,Isle of Man,,Metal Mining,Basic Materials
LZMH,LZ Technology Holdings Limited Class B Ordinary Shares,$1.15,0.04,3.604%,26850,10325275.00,China,2025,EDP Services,Technology
M,Macy's Inc Common Stock,$22.77,-0.50,-2.149%,7179867,5946992229.00,United States,,Department/Specialty Retail Stores,Consumer Discretionary
MA,Mastercard Incorporated Common Stock,$551.47,-12.11,-2.149%,5035586,483093201612.00,United States,2006,Business Services,Consumer Discretionary
MAA,Mid-America Apartment Communities Inc. Common Stock,$117.74,-0.69,-0.583%,1328041,13660425217.00,United States,1994,Real Estate Investment Trusts,Real Estate
MAAS,Maase Inc. Class A Ordinary Shares,$16.34,0.22,1.365%,76901,7225148945.00,China,2019,Investment Managers,Finance
MAC,Macerich Company (The) Common Stock,$22.36,-0.53,-2.315%,3201851,6340387625.00,United States,1994,Real Estate Investment Trusts,Real Estate
MACI,Melar Acquisition Corp. I Class A Ordinary Shares,$11.0899,0.00,0.00%,18,0.00,United States,2024,,
MAGN,Magnera Corporation Common Stock,$11.34,-0.28,-2.41%,291642,405972000.00,United States,2000,Paper,Basic Materials
MAIA,MAIA Biotechnology Inc. Common Stock,$1.18,0.03,2.609%,691470,72855496.00,,2022,Biotechnology: Pharmaceutical Preparations,Health Care
MAIN,Main Street Capital Corporation Common Stock,$55.05,-0.89,-1.591%,531901,5147640778.00,United States,2007,Finance/Investors Services,Finance
MAIR,Madison Air Solutions Corporation Class A Common Stock,$24.60,-0.29,-1.165%,3836736,12342376255.00,,2026,Pollution Control Equipment,Industrials
MAKO,Mako Mining Corp Common Stock,$9.39,-0.15,-1.572%,95732,822619486.00,Canada,,Precious Metals,Basic Materials
MAMA,Mama's Creations Inc. Common Stock,$12.89,0.02,0.155%,745421,607730875.00,United States,,Specialty Foods,Consumer Staples
MAMO,Massimo Group Common Stock,$1.00,-0.02,-1.961%,2829,41640950.00,United States,2024,Industrial Specialties,Consumer Discretionary
MAN,ManpowerGroup Common Stock,$55.58,-0.98,-1.733%,1017109,2584779581.00,United States,,Professional Services,Consumer Discretionary
MANE,Veradermics Incorporated Common Stock,$121.23,3.41,2.894%,689800,5065005887.00,,2026,Biotechnology: Pharmaceutical Preparations,Health Care
MANH,Manhattan Associates Inc. Common Stock,$198.70,-1.41,-0.705%,455429,11585197936.00,United States,1998,Computer Software: Prepackaged Software,Technology
MANU,Manchester United Ltd. Class A Ordinary Shares,$20.95,0.14,0.673%,395597,3613694683.00,United Kingdom,2012,Services-Misc. Amusement & Recreation,Consumer Discretionary
MAR,Marriott International Class A Common Stock,$355.67,-5.95,-1.645%,1122366,92746745653.00,United States,,Hotels/Resorts,Consumer Discretionary
MARA,MARA Holdings Inc. Common Stock,$11.33,-0.66,-5.505%,41155916,4376771035.00,United States,,Finance: Consumer Services,Finance
MARPS,Marine Petroleum Trust Units of Beneficial Interest,$4.24,-0.14,-3.196%,5612,8480000.00,United States,,Oil & Gas Production,Energy
MAS,Masco Corporation Common Stock,$67.40,-0.97,-1.419%,1700992,13290432782.00,United States,,Industrial Specialties,Industrials
MASK,3 E Network Technology Group Ltd Class A Ordinary Shares,$0.8126,-0.0304,-3.606%,197593,2940868.00,China,2025,EDP Services,Technology
MASS,908 Devices Inc. Common Stock,$12.34,0.49,4.135%,414142,510057920.00,United States,2020,Industrial Machinery/Components,Industrials
MAT,Mattel Inc. Common Stock,$12.66,-0.56,-4.236%,11674379,3616962000.00,United States,,Recreational Games/Products/Toys,Consumer Discretionary
MATH,Metalpha Technology Holding Limited Ordinary Shares,$1.10,0.00,0.00%,42309,52291785.00,China,2017,Finance: Consumer Services,Finance
MATV,Mativ Holdings Inc. Common Stock,$11.59,-0.14,-1.194%,460747,639653236.00,United States,,Paper,Basic Materials
MATW,Matthews International Corporation Class A Common Stock,$19.19,-0.24,-1.235%,566784,598980790.00,United States,1994,Metal Fabrications,Telecommunications
MATX,Matson Inc. Common Stock,$219.64,-6.79,-2.999%,351463,6567995515.00,United States,,Marine Transportation,Consumer Discretionary
MAX,MediaAlpha Inc. Class A Common Stock,$9.57,0.19,2.026%,710068,586296269.00,United States,2020,Business Services,Consumer Discretionary
MAYS,J. W. Mays Inc. Common Stock,$40.10,0.10,0.25%,226,80832778.00,United States,,Building operators,Real Estate
MAZE,Maze Therapeutics Inc. Common Stock,$27.18,0.16,0.592%,518051,1509826386.00,United States,2025,Biotechnology: Biological Products (No Diagnostic Substances),Health Care
MB,MasterBeef Group Ordinary Shares,$3.95,-0.04,-1.003%,16024,67762250.00,Hong Kong,2025,Restaurants,Consumer Discretionary
MBAI,MBody AI Ltd. Ordinary Share,$3.54,-0.21,-5.60%,21523,54139287.00,Israel,2015,Medical Electronics,Health Care
MBBC,Marathon Bancorp Inc. Common Stock,$15.00,0.00,0.00%,1241,45148545.00,United States,,Banks,Finance
MBC,MasterBrand Inc. Common Stock,$7.00,0.03,0.43%,5140709,1424433430.00,United States,2022,Home Furnishings,Consumer Discretionary
MBGL,Mobility Global Inc. Common Stock,$17.15,-0.65,-3.652%,5191145,5056185638.00,United States,2026,Business Services,Consumer Discretionary
MBI,MBIA Inc. Common Stock,$4.26,-0.03,-0.699%,227090,217330051.00,United States,1987,Property-Casualty Insurers,Finance
MBIN,Merchants Bancorp Common Stock,$48.96,-0.65,-1.31%,192810,2249128152.00,United States,2017,Major Banks,Finance
MBINL,Merchants Bancorp Depositary Shares Each Representing a 1/40thInterest in a Share of 7.25% Fixed Rate Series E Non-CumulativePerpetual Preferred Stock without par value,$22.91,-0.35,-1.505%,190656,1052441298.00,United States,,Major Banks,Finance
MBINM,Merchants Bancorp Depositary Shares Each Representing a 1/40th Interest in a Share of 8.25% Fixed-Rate Reset Series D Non-Cumulative Perpetual Preferred Stock,$25.67,0.24,0.944%,28720,1179230385.00,United States,,Major Banks,Finance
MBINN,Merchants Bancorp Depositary Shares Preferred Series C,$19.01,0.13,0.689%,18951,873282806.00,United States,,Major Banks,Finance
MBIO,Mustang Bio Inc. Common Stock,$0.463,-0.0166,-3.461%,30478,3508385.00,United States,,Biotechnology: Pharmaceutical Preparations,Health Care
MBLY,Mobileye Global Inc. Class A Common Stock,$7.39,-0.175,-2.313%,7191632,6282886349.00,Israel,2022,Computer Software: Prepackaged Software,Technology
MBNKO,Medallion Bank Fixed-Rate Reset Non-Cumulative Perpetual Preferred Stock Series G par value $1.00 per share,$24.19,-0.14,-0.575%,27015,24190000.00,United States,,Commercial Banks,Finance
MBOT,Microbot Medical Inc. Common Stock,$1.20,-0.045,-3.614%,518834,80597761.00,Israel,,Medical/Dental Instruments,Health Care
MBRX,Moleculin Biotech Inc. Common Stock,$0.5004,-0.026,-4.939%,720166,10201044.00,United States,2016,Biotechnology: Pharmaceutical Preparations,Health Care
MBUU,Malibu Boats Inc. Class A Common Stock,$22.92,-0.41,-1.757%,225449,451003166.00,United States,2014,Marine Transportation,Industrials
MBVI,M3-Brigade Acquisition VI Corp. Class A Ordinary Shares,$10.25,0.02,0.196%,113237,0.00,United States,2025,,
MBWM,Mercantile Bank Corporation Common Stock,$58.32,-0.57,-0.968%,156009,1008200293.00,United States,1998,Major Banks,Finance
MBX,MBX Biosciences Inc. Common Stock,$58.62,0.87,1.506%,523846,2823144828.00,United States,2024,Biotechnology: Pharmaceutical Preparations,Health Care
MC,Moelis & Company Class A Common Stock,$57.52,-0.48,-0.828%,721593,4502036791.00,United States,2014,Investment Managers,Finance
MCAH,Mountain Crest Acquisition 6 Corp. Ordinary Shares,$10.0322,0.0022,0.022%,109753,0.00,United States,2026,Blank Checks,Finance
MCAHR,Mountain Crest Acquisition 6 Corp. Rights,$0.26,0.0009,0.347%,400,0.00,United States,2026,Blank Checks,Finance
MCAHU,Mountain Crest Acquisition 6 Corp. Units,$10.2599,0.0399,0.39%,5953,0.00,United States,2026,Blank Checks,Finance
MCB,Metropolitan Bank Holding Corp. Common Stock,$87.12,-0.36,-0.412%,119167,1080094419.00,United States,2017,Major Banks,Finance
MCBS,MetroCity Bankshares Inc. Common Stock,$34.28,-0.12,-0.349%,111334,986620530.00,United States,2019,Major Banks,Finance
MCD,McDonald's Corporation Common Stock,$230.94,-3.04,-1.299%,5575902,163422735169.00,United States,,Restaurants,Consumer Discretionary
MCFT,MasterCraft Boat Holdings Inc. Common Stock,$19.80,-0.28,-1.394%,165096,481919546.00,United States,2015,Marine Transportation,Industrials
MCGA,Yorkville Acquisition Corp. Class A Ordinary Share,$10.35,-0.01,-0.097%,5735,0.00,United States,2025,Electric Utilities: Central,Utilities
MCGAU,Yorkville Acquisition Corp. Unit,$10.4301,0.0951,0.92%,2400,0.00,United States,2025,Blank Checks,Finance
MCGAW,Yorkville Acquisition Corp. Warrant,$0.285,-0.0051,-1.758%,3299,0.00,United States,2025,,
MCHB,Mechanics Bancorp Class A Common Stock,$14.78,-0.08,-0.538%,576924,3256212262.00,United States,2012,Major Banks,Finance
MCHP,Microchip Technology Incorporated Common Stock,$77.77,-1.01,-1.282%,5727390,42229785899.00,United States,1993,Semiconductors,Technology
MCHPP,Microchip Technology Incorporated Depositary Shares Each Representing a 1/20th Interest in a Share of 7.50% Series A Mandatory Convertible Preferred Stock,$66.59,-0.72,-1.07%,77465,36158948734.00,United States,,Semiconductors,Technology
MCHX,Marchex Inc. Class B Common Stock,$1.29,0.00,0.00%,14026,57195878.00,United States,2004,Computer Software: Prepackaged Software,Technology
MCI,Barings Corporate Investors Common Stock,$17.67,-0.08,-0.451%,23017,358024575.00,United States,,Trusts Except Educational Religious and Charitable,Finance
MCK,McKesson Corporation Common Stock,$853.81,-11.01,-1.273%,696937,99546017833.00,United States,,Other Pharmaceuticals,Health Care
MCN,XAI Madison Equity Premium Income Fund Common Shares,$5.26,0.02,0.382%,75610,0.00,United States,2004,,
MCO,Moody's Corporation Common Stock,$454.13,-0.69,-0.152%,1041874,78655316000.00,United States,,Finance: Consumer Services,Finance
MCRB,Seres Therapeutics Inc. Common Stock,$3.35,-0.13,-3.736%,54619,33650016.00,United States,2015,Biotechnology: Pharmaceutical Preparations,Health Care
MCRI,Monarch Casino & Resort Inc. Common Stock,$115.00,-1.09,-0.939%,224774,2061089915.00,United States,1993,Hotels/Resorts,Consumer Discretionary
MCRP,Micropolis AI Robotics Ordinary Shares,$0.7556,-0.0444,-5.55%,60905,26361711.00,,2025,Auto Parts:O.E.M.,Consumer Discretionary
MCS,Marcus Corporation (The) Common Stock,$27.89,-0.81,-2.822%,274109,859908915.00,United States,,Movies/Entertainment,Consumer Discretionary
MCY,Mercury General Corporation Common Stock,$98.85,-1.02,-1.021%,538172,5475165779.00,United States,,Property-Casualty Insurers,Finance
MD,Pediatrix Medical Group Inc. Common Stock,$25.73,-0.33,-1.266%,779516,2090646663.00,United States,,Hospital/Nursing Management,Health Care
MDA,MDA Space Ltd. Common Shares,$29.63,-0.01,-0.034%,1287696,4803935515.00,,2026,Electronic Components,Consumer Discretionary
MDAI,Spectral AI Inc. Class A Common Stock,$1.66,0.08,5.063%,144478,53426980.00,United States,2021,Medical/Dental Instruments,Health Care
MDAIW,Spectral AI Inc. Warrants,$0.47,0.0085,1.842%,943,15126916.00,United States,2021,Medical/Dental Instruments,Health Care
MDB,MongoDB Inc. Class A Common Stock,$348.61,11.42,3.387%,6258458,28082746036.00,United States,2017,Computer Software: Prepackaged Software,Technology
MDBH,MDB Capital Holdings LLC Class A common,$2.61,0.04,1.556%,895,14194830.00,United States,2023,Finance: Consumer Services,Finance
MDCX,Medicus Pharma Ltd. Common Stock  ,$0.161,0.0044,2.81%,1815915,9687055.00,Canada,,Biotechnology: Pharmaceutical Preparations,Health Care
MDCXW,Medicus Pharma Ltd. Warrant,$0.30,0.00,0.00%,52,18050413.00,Canada,,Biotechnology: Pharmaceutical Preparations,Health Care
MDGL,Madrigal Pharmaceuticals Inc. Common Stock,$503.96,-5.48,-1.076%,262507,11643555339.00,United States,2007,Biotechnology: Pharmaceutical Preparations,Health Care
MDIA,Mediaco Holding Inc. Class A Common Stock ,$1.04,-0.0445,-4.103%,1597,87380652.00,United States,,Broadcasting,Consumer Discretionary
MDLN,Medline Inc. Class A Common Stock,$34.70,-0.28,-0.80%,9100019,45620349972.00,United States,2025,Medical/Dental Instruments,Health Care
MDLZ,Mondelez International Inc. Class A Common Stock,$57.82,-0.98,-1.667%,10966555,73796131856.00,United States,,Packaged Foods,Consumer Staples
MDRR,Medalist Diversified Inc. Common Stock,$10.00,-1.00,-9.091%,6446,16285000.00,United States,2018,Real Estate Investment Trusts,Real Estate
MDT,Medtronic plc. Ordinary Shares,$86.29,-0.80,-0.919%,26616709,110376808528.00,United States,,Biotechnology: Electromedical & Electrotherapeutic Apparatus,Health Care
MDU,MDU Resources Group Inc. Common Stock (Holding Company),$18.54,-0.14,-0.749%,2463848,3899878914.00,United States,,Mining & Quarrying of Nonmetallic Minerals (No Fuels),Industrials
MDWD,MediWound Ltd. Ordinary Shares,$13.77,-0.03,-0.217%,83892,177774528.00,Israel,2014, Medicinal Chemicals and Botanical Products ,Health Care
MDXG,MiMedx Group Inc Common Stock,$4.66,-0.01,-0.214%,1028522,679243781.00,United States,,Medical/Dental Instruments,Health Care
MDXH,MDxHealth SA Ordinary Shares,$0.5846,0.0646,12.423%,451805,55781002.00,Belgium,2021,Medical Specialities,Health Care
MEC,Mayville Engineering Company Inc. Common Stock,$15.00,-1.32,-8.088%,883435,382504965.00,United States,2019,Industrial Specialties,Industrials
MED,MEDIFAST INC Common Stock,$11.52,-0.09,-0.775%,138152,128801699.00,United States,,Packaged Foods,Consumer Staples
MEDP,Medpace Holdings Inc. Common Stock,$624.18,2.07,0.333%,306741,17421896818.00,United States,2016,Biotechnology: Commercial Physical & Biological Resarch,Health Care
MEDS,DataMeds AI Inc. Common Stock,$3.17,-0.50,-13.624%,556575,8982303.00,United States,2025,Other Pharmaceuticals,Health Care
MEGI,NYLIM CBRE Global Infrastructure Megatrends Term Fund Common Shares,$13.46,0.01,0.074%,89707,0.00,United States,2021,Investment Managers,Finance
MEGL,Magic Empire Global Limited Class A Ordinary Shares,$1.0501,-0.0599,-5.396%,17386,68323759.00,Hong Kong,2022,Finance: Consumer Services,Finance
MEI,Methode Electronics Inc. Common Stock,$13.79,-0.55,-3.835%,614632,491545281.00,United States,,Electrical Products,Technology
MELI,MercadoLibre Inc. Common Stock,$1728.53,3.63,0.21%,688305,87630943161.00,Argentina,2007,Business Services,Consumer Discretionary
MENS,Jyong Biotech Ltd. Ordinary Shares,$2.05,0.02,0.985%,31329,155856717.00,Taiwan,2025,Biotechnology: Pharmaceutical Preparations,Health Care
MEOH,Methanex Corporation Common Stock,$58.68,-0.77,-1.295%,536807,4539734953.00,Canada,,Major Chemicals,Industrials
MER^K,Bank of America Corporation Income Capital Obligation Notes initially due December 15 2066,$23.04,-0.31,-1.328%,345884,,United States,,,
MERC,Mercer International Inc. Common Stock,$0.3104,-0.0104,-3.242%,297563,20802397.00,Canada,,Paper,Basic Materials
MESH,Meshflow Acquisition Corp. Class A Ordinary Shares,$10.09,0.01,0.099%,178157,0.00,United States,2026,,
MESHU,Meshflow Acquisition Corp. Units,$10.18,0.00,0.00%,1,0.00,United States,2025,,
MESHW,Meshflow Acquisition Corp. Warrants,$0.22,-0.01,-4.348%,4105,0.00,United States,2026,,
MESO,Mesoblast Limited American Depositary Shares,$14.65,-0.22,-1.479%,199081,1905742481.00,Australia,2015,Biotechnology: Biological Products (No Diagnostic Substances),Health Care
MET,MetLife Inc. Common Stock,$94.16,-1.04,-1.092%,3008294,59836507446.00,United States,2000,Life Insurance,Finance
MET^A,MetLife Inc. Preferred Series A Floating Rate,$21.28,-0.05,-0.234%,99695,,United States,,,
MET^E,MetLife Inc. Depositary Shares ,$19.95,0.01,0.05%,177118,,United States,,,
MET^F,MetLife Inc. Depositary Shares each representing a 1/1000th interest in a share of 4.75% Non-Cumulative Preferred Stock Series F,$16.80,-0.03,-0.178%,279796,,United States,,,
META,Meta Platforms Inc. Class A Common Stock,$725.18,-13.61,-1.842%,19293753,1847400564246.00,United States,2012,Computer Software: Programming Data Processing,Technology
METC,Ramaco Resources Inc. Class A Common Stock,$8.27,-0.11,-1.313%,2119314,526660676.00,United States,2017,Coal Mining,Energy
METCB,Ramaco Resources Inc. Class B Common Stock,$4.49,0.26,6.147%,51888,285937900.00,United States,,Coal Mining,Energy
METCI,Ramaco Resources Inc. 8.250% Senior Notes due 2030,$25.1501,0.0101,0.04%,2190,0.00,United States,,Coal Mining,Energy
METCZ,Ramaco Resources Inc. 8.375% Senior Notes due 2029,$25.2005,0.0505,0.201%,1137,0.00,United States,,Coal Mining,Energy
MEVO,M Evo Global Acquisition Corp II Class A Ordinary Shares,$10.00,0.00,0.00%,64259,0.00,United States,2026,Blank Checks,Finance
MEVOW,M Evo Global Acquisition Corp II Warrants,$0.29,-0.01,-3.333%,269,0.00,United States,2026,Blank Checks,Finance
MF,MindForge Inc. Class A Ordinary Shares,$16.49,-0.61,-3.567%,36591,29952436.00,China,2024,Computer Software: Programming Data Processing,Technology
MFA,MFA Financial Inc.,$7.85,-0.15,-1.875%,2269148,793540313.00,United States,,Real Estate Investment Trusts,Real Estate
MFA^B,MFA Financial Inc. Preferred Series B,$18.17,0.005,0.028%,46747,,United States,,,
MFA^C,MFA Financial Inc. 6.50% Series C Fixed-to-Floating Rate Cumulative Redeemable Preferred Stock,$22.24,0.00,0.00%,47533,,United States,,,
MFAN,MFA Financial Inc. 8.875% Senior Notes due 2029,$25.13,-0.02,-0.08%,18626,2580064481.00,United States,2024,Real Estate Investment Trusts,Real Estate
MFAO,MFA Financial Inc. 9.000% Senior Notes due 2029,$25.16,-0.0696,-0.276%,14817,2583144542.00,United States,2024,Real Estate Investment Trusts,Real Estate
MFC,Manulife Financial Corporation Common Stock,$42.59,-0.83,-1.912%,1180667,71078046991.00,Canada,,Life Insurance,Finance
MFG,Mizuho Financial Group Inc. Sponosred ADR (Japan),$11.05,0.05,0.455%,3487749,137564134819.00,Japan,,Major Banks,Finance
MFI,mF International Limited Class A Ordinary Shares,$9.49,0.0911,0.969%,1132,476174843.00,Hong Kong,2024,EDP Services,Technology
MFIC,MidCap Financial Investment Corporation Common Stock,$8.74,-0.12,-1.354%,688655,719936769.00,United States,2004,Finance/Investors Services,Finance
MFICL,MidCap Financial Investment Corporation 8.00% Notes due 2028,$25.19,0.01,0.04%,4671,2350318238.00,United States,,Finance/Investors Services,Finance
MFIN,Medallion Financial Corp. Common Stock,$11.89,-0.15,-1.246%,63420,272997361.00,United States,,Finance: Consumer Services,Finance
MFM,Aberdeen Municipal Income Fund Common Shares of Beneficial Interest,$4.85,-0.03,-0.615%,891457,199760010.00,United States,1986,Finance Companies,Finance
MFP,Midera Food Processing Inc. Common Stock,$40.82,0.13,0.319%,753027,1846307173.00,United States,,Industrial Machinery/Components,Industrials
MG,Mistras Group Inc Common Stock,$21.06,-0.28,-1.312%,365860,670758747.00,United States,2009,Military/Government/Technical,Consumer Discretionary
MGA,Magna International Inc. Common Stock,$63.67,-0.89,-1.379%,1142955,16901478210.00,Canada,,Auto Parts:O.E.M.,Consumer Discretionary
MGEE,MGE Energy Inc,$69.45,0.21,0.303%,369458,2624099633.00,United States,,Electric Utilities: Central,Energy
MGF,Aberdeen Government Markets Income Fund Common Shares of Beneficial Interest,$2.71,0.01,0.37%,34671,88338935.00,United States,1987,Trusts Except Educational Religious and Charitable,Finance
MGIH,Millennium Group International Holdings Limited Ordinary Shares,$1.451,0.001,0.069%,13936,16323750.00,Hong Kong,2023,Publishing,Consumer Discretionary
MGLD,The Marygold Companies Inc. Common Stock,$1.95,-0.03,-1.515%,584553,83288888.00,,2022,Finance: Consumer Services,Finance
MGM,MGM Resorts International Common Stock,$31.05,-0.47,-1.491%,6184117,8020933590.00,United States,,Hotels/Resorts,Consumer Discretionary
MGN,Megan Holdings Limited Class A Ordinary Shares,$3.71,-0.02,-0.536%,332642,3431750.00,Malaysia,2025,Farming/Seeds/Milling,Consumer Staples
MGNI,Magnite Inc. Common Stock,$25.26,-0.41,-1.597%,2520382,3622894206.00,United States,,Computer Software: Programming Data Processing,Technology
MGNX,MacroGenics Inc. Common Stock,$3.86,0.09,2.387%,634067,245882722.00,United States,2013,Biotechnology: Pharmaceutical Preparations,Health Care
MGPI,MGP Ingredients Inc.,$13.25,-0.09,-0.675%,403988,283736507.00,United States,,Beverages (Production/Distribution),Consumer Staples
MGR,Affiliated Managers Group Inc. 5.875% Junior Subordinated Notes due 2059,$19.09,-0.18,-0.934%,75574,542386283.00,United States,2019,Investment Managers,Finance
MGRB,Affiliated Managers Group Inc. 4.750% Junior Subordinated Notes due 2060,$15.99,0.08,0.503%,32107,454308887.00,United States,2020,Investment Managers,Finance
MGRC,McGrath RentCorp Common Stock,$114.35,0.12,0.105%,156793,2793074564.00,United States,1984,Diversified Commercial Services,Consumer Discretionary
MGRD,Affiliated Managers Group Inc. 4.200% Junior Subordinated Notes due 2061,$14.27,-0.01,-0.07%,16903,405440139.00,United States,2021,Investment Managers,Finance
MGRE,Affiliated Managers Group Inc. 6.750% Junior Subordinated Notes due 2064,$21.42,-0.06,-0.279%,77590,608586389.00,United States,2024,Investment Managers,Finance
MGRT,Mega Fortune Company Limited Ordinary Shares,$100.01,-19.99,-16.658%,5900,1375137500.00,Hong Kong,2025,EDP Services,Technology
MGRX,Mangoceuticals Inc. Common Stock,$0.4281,-0.0164,-3.69%,209397,9233013.00,United States,2023,Misc Health and Biotechnology Services,Health Care
MGTX,MeiraGTx Holdings plc Ordinary Shares,$11.00,-0.13,-1.168%,1423971,1056472956.00,United States,2018,Biotechnology: Biological Products (No Diagnostic Substances),Health Care
MGX,Metagenomi Therapeutics Inc. Common Stock,$1.06,-0.07,-6.195%,152296,40043731.00,United States,2024,Biotechnology: Biological Products (No Diagnostic Substances),Health Care
MGY,Magnolia Oil & Gas Corporation Class A Common Stock,$23.49,-0.11,-0.466%,4396986,6295468504.00,United States,2017,Oil & Gas Production,Energy
MGYR,Magyar Bancorp Inc. Common Stock,$19.05,0.00,0.00%,5059,122975046.00,United States,2006,Savings Institutions,Finance
MH,McGraw Hill Inc. Common Stock,$13.11,0.53,4.213%,758209,2508058552.00,,2025,Publishing,Consumer Discretionary
MHD,Blackrock MuniHoldings Fund Inc. Common Stock,$10.26,0.05,0.49%,1423761,1526302952.00,United States,1997,Investment Bankers/Brokers/Service,Finance
MHF,Western Asset Municipal High Income Fund Inc. Common Stock,$6.01,-0.05,-0.825%,97893,0.00,United States,1988,Finance/Investors Services,Finance
MHH,Mastech Digital Inc Common Stock,$7.00,-0.21,-2.913%,3715,84088067.00,United States,,Professional Services,Consumer Discretionary
MHK,Mohawk Industries Inc. Common Stock,$124.72,-0.12,-0.096%,1116810,8448301444.00,United States,,Home Furnishings,Consumer Discretionary
MHLA,Maiden Holdings Ltd. 6.625% Notes due 2046,$8.70,-0.16,-1.806%,20631,67354904.00,Bermuda,2016,Property-Casualty Insurers,Finance
MHNC,Maiden Holdings North America Ltd. 7.75% Notes due 2043,$10.32,-0.029,-0.28%,23828,79896852.00,Bermuda,2013,Property-Casualty Insurers,Finance
MHO,M/I Homes Inc. Common Stock,$135.13,-0.66,-0.486%,167676,3416495979.00,United States,1993,Homebuilding,Consumer Discretionary
MI,NFT Limited Class A Ordinary Share,$2.16,-0.08,-3.571%,596231,1103175.00,,2023,Finance: Consumer Services,Finance
MIAC,Meridian3 Industrials Acquisition Corp Class A Ordinary Shares,$9.82,0.00,0.00%,165,0.00,United States,2026,,
MIAX,Miami International Holdings Inc. Common Stock,$33.50,-0.37,-1.092%,1287090,3324235083.00,United States,2025,Investment Bankers/Brokers/Service,Finance
MICC,The Magnum Ice Cream Company N.V. Ordinary Shares,$17.78,-0.77,-4.151%,1048296,10885978159.00,,2025,Specialty Foods,Consumer Staples
MIDD,Middleby Corporation (The) Common Stock,$103.58,-1.98,-1.876%,484734,4684130909.00,United States,,Industrial Machinery/Components,Industrials
MIMI,Mint Incorporation Limited Class A Ordinary Shares,$0.9002,0.026,2.974%,591436,14306537.00,Hong Kong,2025,Business Services,Consumer Discretionary
MIN,Aberdeen Intermediate Income Fund Common Shares of Beneficial Interest,$2.32,0.00,0.00%,143707,266562829.00,United States,1988,Trusts Except Educational Religious and Charitable,Finance
MIND,MIND Technology Inc. Common Stock (DE),$4.445,0.12,2.775%,56791,40400849.00,United States,1994,Industrial Machinery/Components,Industrials
MINE,Mayfair Gold Corp. Common Shares,$2.72,0.04,1.493%,161191,182616709.00,,2026,Oil & Gas Production,Energy
MIR,Mirion Technologies Inc. Class A Common Stock,$14.12,-0.22,-1.534%,3093534,3516411576.00,United States,2020,Industrial Machinery/Components,Industrials
MIRA,MIRA Pharmaceuticals Inc. Common Stock,$0.8448,-0.0267,-3.064%,72093,35500259.00,United States,2023,Biotechnology: Pharmaceutical Preparations,Health Care
MIRM,Mirum Pharmaceuticals Inc. Common Stock,$85.48,-2.06,-2.353%,901771,5550404712.00,United States,2019,Biotechnology: Pharmaceutical Preparations,Health Care
MIST,Milestone Pharmaceuticals Inc. Common Shares,$0.8657,0.0457,5.573%,1268830,107777901.00,Canada,2019,Biotechnology: Pharmaceutical Preparations,Health Care
MITK,Mitek Systems Inc. Common Stock,$17.05,0.46,2.773%,524407,769336477.00,United States,,Computer peripheral equipment,Technology
MITN,TPG Mortgage Investment Trust Inc. 9.500% Senior Notes due 2029,$25.31,-0.005,-0.02%,10405,746467425.00,United States,2024,Real Estate Investment Trusts,Real Estate
MITP,TPG Mortgage Investment Trust Inc. 9.500% Senior Notes due 2029,$25.2701,-0.03,-0.119%,8879,745290655.00,United States,2024,Real Estate Investment Trusts,Real Estate
MITQ,Moving iMage Technologies Inc. Common Stock,$0.5787,-0.0163,-2.739%,106976,5759351.00,United States,2021,Industrial Machinery/Components,Consumer Discretionary
MITT,TPG Mortgage Investment Trust Inc. Common Stock,$5.73,-0.24,-4.02%,640568,182233912.00,United States,2011,Real Estate Investment Trusts,Real Estate
MITT^A,TPG Mortgage Investment Trust Inc. 8.25% Series A Cumulative Redeemable Preferred Stock,$19.68,0.40,2.075%,11853,,United States,,,
MITT^B,TPG Mortgage Investment Trust Inc. 8.00% Series B Cumulative Redeemable Preferred Stock,$18.45,-0.1499,-0.806%,35392,,United States,,,
MITT^C,TPG Mortgage Investment Trust Inc. 8.00% Series C Fixed-to-Floating Rate Cumulative Redeemable Preferred Stock $0.01 par value per share,$24.83,0.00,0.00%,10218,,United States,,,
MIY,Blackrock MuniYield Michigan Quality Fund Inc. Common Stock,$11.29,-0.01,-0.088%,123535,1679528298.00,United States,1992,Investment Bankers/Brokers/Service,Finance
MKC,McCormick & Company Incorporated Common Stock,$46.40,-2.00,-4.132%,5687436,12474712013.00,United States,,Packaged Foods,Consumer Staples
MKDW,MKDWELL Tech Inc. Ordinary Share,$1.53,-0.01,-0.649%,71034,52323616.00,Taiwan,,Consumer Electronics/Appliances,Technology
MKDWW,MKDWELL Tech Inc. Warrants,$0.0094,0.0013,16.049%,11000,321465.00,Taiwan,,Consumer Electronics/Appliances,Technology
MKL,Markel Group Inc. Common Stock,$1712.45,-27.64,-1.588%,82968,21217183577.00,United States,1986,Property-Casualty Insurers,Finance
MKLY,McKinley Acquisition Corporation Class A Ordinary Shares,$10.275,0.015,0.146%,11399,0.00,United States,2025,Blank Checks,Finance
MKLYR,McKinley Acquisition Corporation Rights,$0.27,-0.0001,-0.037%,978,0.00,United States,2025,Blank Checks,Finance
MKSI,MKS Inc. Common Stock,$265.36,-0.66,-0.248%,751305,17942995191.00,United States,1999,Industrial Machinery/Components,Industrials
MKTW,MarketWise Inc. Class A Common Stock,$19.79,-0.18,-0.901%,22047,312177058.00,United States,,Computer Software: Prepackaged Software,Technology
MKTX,MarketAxess Holdings Inc. Common Stock,$163.92,-0.04,-0.024%,837573,5768818693.00,United States,2004,Investment Bankers/Brokers/Service,Finance
MKZR,MacKenzie Realty Capital Inc. Common Stock,$1.31,-0.0599,-4.373%,34105,3634841.00,United States,,Real Estate Investment Trusts,Real Estate
MLAA,Mountain Lake Acquisition Corp. II Class A Ordinary Shares,$10.01,0.00,0.00%,253069,0.00,United States,2026,Blank Checks,Finance
MLAB,Mesa Laboratories Inc. Common Stock,$129.94,-1.04,-0.794%,127608,727127218.00,United States,,Industrial Machinery/Components,Industrials
MLCI,Mount Logan Capital Inc. Common Stock,$3.41,0.03,0.888%,3601,38153699.00,United States,,Investment Managers,Finance
MLCO,Melco Resorts & Entertainment Limited American Depositary Shares,$4.48,-0.08,-1.754%,1621823,1762724105.00,Hong Kong,2006,Hotels/Resorts,Consumer Discretionary
MLEC,Moolec Science SA Ordinary Shares,$4.88,-0.11,-2.204%,10937,3543456.00,Luxembourg,,Blank Checks,Finance
MLECW,Moolec Science SA Warrant,$0.0126,-0.0011,-8.029%,39806,9149.00,Luxembourg,,Blank Checks,Finance
MLGO,MicroAlgo Inc. Class A Ordinary Shares,$3.25,0.08,2.524%,37547,40421748.00,United States,2021,EDP Services,Technology
MLI,Mueller Industries Inc. Common Stock,$60.61,-0.18,-0.296%,1432940,13405803927.00,United States,,Metal Fabrications,Industrials
MLKN,MillerKnoll Inc. Common Stock,$19.66,-0.30,-1.503%,550373,1352603970.00,United States,,Office Equipment/Supplies/Services,Consumer Discretionary
MLM,Martin Marietta Materials Inc. Common Stock,$479.81,0.72,0.15%,784354,28820190211.00,United States,1994,Mining & Quarrying of Nonmetallic Minerals (No Fuels),Industrials
MLP,Maui Land & Pineapple Company Inc. Common Stock,$15.95,-0.15,-0.932%,10694,316753522.00,United States,1998,Real Estate,Finance
MLR,Miller Industries Inc. Common Stock,$52.61,-0.87,-1.627%,61654,597238400.00,United States,,Construction/Ag Equipment/Trucks,Consumer Discretionary
MLSS,Milestone Scientific Inc. Common Stock,$0.4011,-0.0089,-2.171%,19002,36357470.00,United States,2015,Industrial Specialties,Health Care
MLTX,MoonLake Immunotherapeutics Class A Ordinary Shares,$11.70,0.25,2.183%,1994505,995748215.00,United States,2020,Biotechnology: Pharmaceutical Preparations,Health Care
MLYS,Mineralys Therapeutics Inc. Common Stock,$25.13,0.65,2.655%,2051899,2221665020.00,United States,2023,Biotechnology: Pharmaceutical Preparations,Health Care
MMA,Mixed Martial Arts Group Limited Ordinary Shares,$0.397,0.007,1.795%,450786,10513966.00,,2024,Other Consumer Services,Consumer Discretionary
MMD,NYLIM MacKay DefinedTerm Muni Opportunities Fund Common Shares,$13.61,0.25,1.871%,130447,0.00,United States,2012,Investment Managers,Finance
MMED,MiniMed Group Inc. Common Stock,$19.47,-0.57,-2.844%,4024593,5477883157.00,United States,2026,Medical/Dental Instruments,Health Care
MMI,Marcus & Millichap Inc. Common Stock,$28.45,-0.59,-2.032%,143224,1077430035.00,United States,2013,Real Estate,Finance
MMLP,Martin Midstream Partners L.P. Limited Partnership,$2.22,0.02,0.909%,5911,86856803.00,United States,2002,Oil Refining/Marketing,Energy
MMM,3M Company Common Stock,$164.15,-4.34,-2.576%,3936290,84655834751.00,United States,,Medical/Dental Instruments,Health Care
MMS,Maximus Inc. Common Stock,$53.19,0.12,0.226%,836148,2784909414.00,United States,1997,Business Services,Consumer Discretionary
MMSI,Merit Medical Systems Inc. Common Stock,$86.23,-1.64,-1.866%,634253,5148829517.00,United States,,Medical/Dental Instruments,Health Care
MMT,Aberdeen Multi-Market Income Fund Common Shares of Beneficial Interest,$4.28,-0.02,-0.465%,1243667,254866745.00,United States,1987,Trusts Except Educational Religious and Charitable,Finance
MMTX,Miluna Acquisition Corp Class A Ordinary Share,$10.205,0.005,0.049%,331103,0.00,Taiwan,2025,Blank Checks,Finance
MMTXU,Miluna Acquisition Corp Units,$10.10,0.00,0.00%,5,0.00,Taiwan,2025,Blank Checks,Finance
MMU,Western Asset Managed Municipals Fund Inc. Common Stock,$8.93,0.13,1.477%,436592,0.00,United States,1992,Investment Managers,Finance
MMYT,MakeMyTrip Limited Ordinary Shares,$47.20,0.08,0.17%,1006137,4439568846.00,India,2010,Transportation Services,Consumer Discretionary
MNDO,MIND C.T.I. Ltd. Ordinary Shares,$1.01,0.01,1.00%,21316,20387018.00,Israel,,EDP Services,Technology
MNDR,Mobile-health Network Solutions Class A Ordinary Shares,$1.33,0.08,6.40%,68436,4887134.00,Singapore,2024,Computer Software: Prepackaged Software,Technology
MNDY,monday.com Ltd. Ordinary Shares,$78.46,2.41,3.169%,1801701,3366478826.00,Israel,2021,Computer Software: Prepackaged Software,Technology
MNKD,MannKind Corporation Common Stock,$3.90,0.56,16.766%,15020265,1254023488.00,United States,2004,Biotechnology: Pharmaceutical Preparations,Health Care
MNOV,Medicinova Inc Common Stock,$1.675,-0.245,-12.76%,370178,82445587.00,United States,,Biotechnology: Pharmaceutical Preparations,Health Care
MNPR,Monopar Therapeutics Inc. Common Stock,$79.67,-0.33,-0.413%,226323,534758743.00,United States,2019,Biotechnology: Pharmaceutical Preparations,Health Care
MNR,Mach Natural Resources LP Common Units representing Limited Partner Interests,$10.24,0.00,0.00%,398126,1709548483.00,United States,2023,Oil & Gas Production,Energy
MNRO,Monro Inc. Common Stock,$13.99,0.23,1.672%,697487,437384199.00,United States,1991,Automotive Aftermarket,Consumer Discretionary
MNSB,MainStreet Bancshares Inc. Common Stock,$24.74,-0.13,-0.523%,23481,176175420.00,United States,,Major Banks,Finance
MNSBP,MainStreet Bancshares Inc. Depositary Shares,$24.11,-0.39,-1.592%,1113,171689142.00,United States,,Major Banks,Finance
MNSO,MINISO Group Holding Limited American Depositary Shares each representing four Ordinary Shares,$9.29,0.07,0.759%,1005175,2874242799.00,China,2020,Department/Specialty Retail Stores,Consumer Discretionary
MNST,Monster Beverage Corporation,$41.62,-0.12,-0.287%,11655298,122303723948.00,United States,,Beverages (Production/Distribution),Consumer Staples
MNTK,Montauk Renewables Inc. Common Stock,$2.73,-0.21,-7.143%,926178,388591309.00,United States,2021,Natural Gas Distribution,Utilities
MNTN,MNTN Inc. Class A Common Stock,$10.17,-0.20,-1.929%,2549170,760748168.00,United States,2025,Advertising,Consumer Discretionary
MNTS,Momentus Inc. Class A Common Stock,$3.87,0.17,4.595%,688507,84998362.00,United States,2019,Military/Government/Technical,Industrials
MNY,MoneyHero Limited Class A Ordinary Shares,$0.7001,-0.0225,-3.114%,16812,31107696.00,Singapore,,Business Services,Consumer Discretionary
MNYWW,MoneyHero Limited Warrants,$0.025,0.00,0.00%,25,1110830.00,Singapore,,Business Services,Consumer Discretionary
MO,Altria Group Inc.,$67.34,-1.38,-2.008%,7573970,112440555977.00,United States,, Medicinal Chemicals and Botanical Products ,Health Care
MOB,Mobilicom Limited Ordinary Shares,$4.50,-0.09,-1.961%,63627,56850170.00,Israel,2022,Aerospace,Industrials
MOBBW,Mobilicom Limited Warrants,$1.35,0.12,9.756%,2790,17055051.00,Israel,2022,Aerospace,Industrials
MOBI,Mobia Medical Inc. Common Stock,$9.45,0.43,4.767%,212115,314600857.00,United States,2026,Medical/Dental Instruments,Health Care
MOBX,Mobix Labs Inc. Class A Common Stock,$0.8473,0.0054,0.641%,182635,15210768.00,United States,2021,Semiconductors,Technology
MOBXW,Mobix Labs Inc Warrants,$0.0791,0.0108,15.813%,2100,1420007.00,United States,2021,Semiconductors,Technology
MOD,Modine Manufacturing Company Common Stock,$187.20,3.48,1.894%,1341453,9942698938.00,United States,,Auto Parts:O.E.M.,Consumer Discretionary
MODD,Modular Medical Inc. Common Stock,$2.00,0.05,2.564%,247333,16301646.00,United States,,Medical/Dental Instruments,Health Care
MOGU,MOGU Inc. American Depositary Shares (each  representing 25 Class A Ordinary Shares),$1.86,-0.01,-0.535%,657,15220925.00,,2018,Business Services,Consumer Discretionary
MOH,Molina Healthcare Inc Common Stock,$189.10,-0.28,-0.148%,510889,9871020000.00,United States,2003,Medical Specialities,Health Care
MOLN,Molecular Partners AG American Depositary Shares,$3.91,0.01,0.256%,1851,146668647.00,Switzerland,2021,Biotechnology: Biological Products (No Diagnostic Substances),Health Care
MOMO,Hello Group Inc. American Depositary Shares,$4.84,0.00,0.00%,1241529,715097421.00,China,2014,Computer Software: Prepackaged Software,Technology
MORN,Morningstar Inc. Common Stock,$190.04,3.69,1.98%,242290,7129079033.00,United States,2005,Investment Managers,Finance
MOS,Mosaic Company (The) Common Stock,$21.65,-0.77,-3.434%,7848567,6882440736.00,United States,,Agricultural Chemicals,Industrials
MOV,Movado Group Inc. Common Stock,$33.28,-0.31,-0.923%,241834,742551514.00,United States,,Consumer Specialties,Consumer Discretionary
MOVE,Corvex Inc. Common Stock,$11.75,-0.06,-0.508%,97925,370739231.00,United States,2021,EDP Services,Technology
MP,MP Materials Corp. Common Stock,$47.29,1.86,4.094%,6064909,8422424097.00,United States,2020,Metal Mining,Basic Materials
MPA,Blackrock MuniYield Pennsylvania Quality Fund Common Stock,$9.65,0.06,0.626%,90133,0.00,United States,1992,Finance Companies,Finance
MPAA,Motorcar Parts  of America Inc. Common Stock,$10.49,-0.06,-0.569%,291874,198609341.00,United States,,Auto Parts:O.E.M.,Consumer Discretionary
MPB,Mid Penn Bancorp Common Stock,$35.40,-0.35,-0.979%,117835,896866611.00,United States,,Major Banks,Finance
MPC,Marathon Petroleum Corporation Common Stock,$395.42,3.39,0.865%,1649013,111043727785.00,United States,,Integrated oil Companies,Energy
MPLT,MapLight Therapeutics Inc. Common Stock,$10.19,0.04,0.394%,303268,660043045.00,United States,2025,Biotechnology: Pharmaceutical Preparations,Health Care
MPLX,MPLX LP Common Units Representing Limited Partner Interests,$56.32,-0.73,-1.28%,1495498,57100496696.00,United States,2012,Natural Gas Distribution,Energy
MPT,Medical Properties Trust Inc. common stock,$3.46,-0.05,-1.425%,10299233,2066312000.00,United States,,Real Estate Investment Trusts,Real Estate
MPTI,M-tron Industries Inc. Common Stock,$78.26,2.17,2.852%,195146,340155212.00,United States,2022,Industrial Machinery/Components,Technology
MPU,Mega Matrix Inc. Class A Ordinary Shares,$2.70,-0.25,-8.475%,2744,9237488.00,United States,1998,Movies/Entertainment,Consumer Discretionary
MPV,Barings Participation Investors Common Stock,$15.40,-0.13,-0.837%,19586,163266180.00,United States,1988,Finance Companies,Finance
MPWR,Monolithic Power Systems Inc. Common Stock,$1347.22,-6.77,-0.50%,465266,66206432460.00,United States,2004,Semiconductors,Technology
MQ,Marqeta Inc. Class A Common Stock,$16.995,-0.015,-0.088%,1610637,1769159684.00,United States,2021,Computer Software: Prepackaged Software,Technology
MQY,Blackrock MuniYield Quality Fund Inc. Common Stock,$9.93,0.02,0.202%,1983085,1477211337.00,United States,1992,Investment Bankers/Brokers/Service,Finance
MRAM,Everspin Technologies Inc. Common Stock,$18.44,-0.19,-1.02%,703003,449014166.00,United States,2016,Semiconductors,Technology
MRBK,Meridian Corporation Common Stock,$18.82,-0.12,-0.634%,61396,224504683.00,United States,2017,Major Banks,Finance
MRCO,Mercator Acquisition Corp. Class A Ordinary Shares,$9.87,0.00,0.00%,16,0.00,United States,2026,Blank Checks,Finance
MRCOW,Mercator Acquisition Corp. Warrant,$0.30,-0.01,-3.226%,2902,0.00,United States,2026,Blank Checks,Finance
MRCY,Mercury Systems Inc Common Stock,$83.00,0.36,0.436%,667588,5051677638.00,United States,1998,Electrical Products,Technology
MRDN,Meridian Holdings Inc. Common Stock,$12.18,0.18,1.50%,60320,154314254.00,United States,,Computer Software: Prepackaged Software,Technology
MREO,Mereo BioPharma Group plc American Depositary Shares,$0.402,0.0288,7.717%,3067176,62368534.00,United Kingdom,,Biotechnology: Pharmaceutical Preparations,Health Care
MRK,Merck & Company Inc. Common Stock (new),$145.31,-3.97,-2.659%,10230772,358504710718.00,United States,,Biotechnology: Pharmaceutical Preparations,Health Care
MRKR,Marker Therapeutics Inc. Common Stock,$1.07,-0.03,-2.727%,38394,17840246.00,United States,,Biotechnology: Pharmaceutical Preparations,Health Care
MRLN,Merlin Inc. Common Stock,$1.88,0.10,5.618%,3249016,190007434.00,United States,2024,EDP Services,Technology
MRM,MEDIROM Healthcare Technologies Inc. American Depositary Share,$0.6581,-0.0268,-3.913%,11179,5200273.00,Japan,2020,Other Consumer Services,Consumer Discretionary
MRNA,Moderna Inc. Common Stock,$192.57,-10.89,-5.352%,20649505,76880855145.00,United States,2018,Biotechnology: Biological Products (No Diagnostic Substances),Health Care
MRNO,Murano Global Investments PLC Ordinary Shares,$0.3173,-0.0102,-3.115%,288100,25143764.00,Mexico,,Hotels/Resorts,Consumer Discretionary
MRNOW,Murano Global Investments PLC Warrants,$0.0071,0.0012,20.339%,10156,562624.00,Mexico,,Hotels/Resorts,Consumer Discretionary
MRP,Millrose Properties Inc. Class A Common Stock,$25.97,-0.54,-2.037%,3555753,4312264664.00,United States,2025,Real Estate,Finance
MRSH,Marsh Common Stock,$170.73,0.31,0.182%,3087959,81474279786.00,United States,,Specialty Insurers,Finance
MRT,Marti Technologies Inc. Class A Ordinary Shares,$1.94,-0.02,-1.02%,90991,166922888.00,,2021,Rental/Leasing Companies,Consumer Discretionary
MRTN,Marten Transport Ltd. Common Stock,$12.92,-0.15,-1.148%,997427,1055068763.00,United States,1986,Trucking Freight/Courier Services,Industrials
MRVI,Maravai LifeSciences Holdings Inc. Class A Common Stock,$7.66,0.01,0.131%,3606295,1989099968.00,United States,2020,Biotechnology: Pharmaceutical Preparations,Health Care
MRVL,Marvell Technology Inc. Common Stock,$264.21,0.94,0.357%,11978985,231685749000.00,United States,2000,Semiconductors,Technology
MRX,Marex Group Limited Ordinary Shares,$69.76,-2.37,-3.286%,795649,5171506709.00,United Kingdom,2024,Investment Bankers/Brokers/Service,Finance
MS,Morgan Stanley Common Stock,$188.08,-4.68,-2.428%,6911240,295392108199.00,United States,,Investment Bankers/Brokers/Service,Finance
MS^A,Morgan Stanley Dep Shs repstg 1/1000 Pfd Ser A,$19.08,-0.13,-0.677%,193405,,United States,,,
MS^E,Morgan Stanley DEPOSITARY SHARES REP 1/1000TH SHARES FIXED/FLTG PREFERRED STOCK SERIES E,$25.00,-0.34,-1.342%,344996,,United States,,,
MS^F,Morgan Stanley Dep Shs Rpstg 1/1000th Int Prd Ser F Fxd to Flag,$24.64,-0.36,-1.44%,223627,,United States,,,
MS^I,Morgan Stanley Depository Shares Representing 1/1000th Preferred Series 1 Fixed to Floating Non (Cum),$22.86,-0.42,-1.804%,318861,,United States,,,
MS^K,Morgan Stanley Depositary Shares each representing 1/1000th of a share of Fixed-to-Floating Rate Non-Cumulative Preferred Stock  Series K,$20.86,-0.56,-2.614%,299071,,United States,,,
MS^L,Morgan Stanley Depositary Shares each representing 1/1000th of a share of 4.875% Non-Cumulative Preferred Stock Series L,$17.84,-0.18,-0.999%,78843,,United States,,,
MS^O,Morgan Stanley Depositary Shares each representing 1/1000th of a share of 4.250% Non-Cumulative Preferred Stock Series O,$15.41,-0.21,-1.344%,602531,,United States,,,
MS^P,Morgan Stanley Depositary Shares each representing 1/1000th of a share of 6.500% Non-Cumulative Preferred Stock Series P,$23.60,-0.40,-1.667%,434797,,United States,,,
MS^Q,Morgan Stanley Depositary Shares each representing 1/1000th of a share of 6.625% Non-Cumulative Preferred Stock Series Q,$24.17,-0.18,-0.739%,235731,,United States,,,
MSA,MSA Safety Incorporated Common Stock,$177.88,-2.68,-1.484%,266742,6862306047.00,United States,2000,Industrial Specialties,Health Care
MSAI,MultiSensor AI Holdings Inc. Common Stock,$4.86,0.11,2.316%,11788,10719449.00,United States,2021,Electronic Components,Technology
MSAIW,MultiSensor AI Holdings Inc. Warrant,$0.0157,-0.0087,-35.656%,200,34629.00,United States,2021,Electronic Components,Technology
MSB,Mesabi Trust Common Stock,$19.59,-0.54,-2.683%,76477,257020996.00,United States,,Precious Metals,Industrials
MSBI,Midland States Bancorp Inc. Common Stock,$32.16,-0.23,-0.71%,243372,667387922.00,United States,2016,Major Banks,Finance
MSBIP,Midland States Bancorp Inc. Depositary Shares Each Representing a 1/40th Interest in a Share of 7.750% Fixed-Rate Reset Non-Cumulative Perpetual Preferred Stock Series A,$25.94,0.4968,1.953%,12052,538309785.00,United States,,Major Banks,Finance
MSC,Studio City International Holdings Limited American depositary shares each representing four  Class A ordinary shares,$0.924,0.074,8.706%,179534,194701690.00,,2018,Hotels/Resorts,Consumer Discretionary
MSCI,MSCI Inc. Common Stock,$538.66,-1.10,-0.204%,667156,39160582000.00,United States,,Business Services,Consumer Discretionary
MSD,Morgan Stanley Emerging Markets Debt Fund Inc. Common Stock,$6.74,-0.22,-3.161%,134969,0.00,United States,1993,Trusts Except Educational Religious and Charitable,Finance
MSDL,Morgan Stanley Direct Lending Fund Common Stock,$13.63,-0.64,-4.485%,731423,0.00,United States,2024,,
MSEX,Middlesex Water Company Common Stock,$52.97,-0.23,-0.432%,143067,998163820.00,United States,,Water Supply,Utilities
MSFT,Microsoft Corporation Common Stock,$512.90,3.94,0.774%,27223451,3808562282334.00,United States,1986,Computer Software: Prepackaged Software,Technology
MSGE,Madison Square Garden Entertainment Corp. Class A Common Stock,$80.11,-1.54,-1.886%,768258,3789622296.00,United States,2023,Services-Misc. Amusement & Recreation,Consumer Discretionary
MSGM,Motorsport Games Inc. Class A Common Stock,$4.87,0.33,7.269%,120075,22347466.00,United States,2021,Computer Software: Prepackaged Software,Technology
MSGS,Madison Square Garden Sports Corp. Class A Common Stock (New),$405.21,-8.63,-2.085%,297914,9757432893.00,United States,2015,Services-Misc. Amusement & Recreation,Consumer Discretionary
MSGY,Masonglory Limited Class A Ordinary Shares ,$5.66,1.22,27.477%,11946342,11997078.00,Hong Kong,2025,Engineering & Construction,Consumer Discretionary
MSI,Motorola Solutions Inc. Common Stock,$445.97,-0.15,-0.034%,795864,73805264634.00,United States,,Radio And Television Broadcasting And Communications Equipment,Technology
MSIF,MSC Income Fund Inc. Common Stock,$11.77,-0.29,-2.405%,234989,533713345.00,,2025,Finance/Investors Services,Finance
MSLE,Satellos Bioscience Inc. Common Stock,$8.50,-0.10,-1.163%,89171,180339732.00,Canada,,Biotechnology: Pharmaceutical Preparations,Health Care
MSM,MSC Industrial Direct Company Inc. Common Stock,$123.72,-0.83,-0.666%,546342,6909303989.00,United States,1995,Industrial Machinery/Components,Industrials
MSN,Emerson Radio Corporation Common Stock,$0.403,-0.0028,-0.69%,69488,8480189.00,United States,1994,Consumer Electronics/Appliances,Consumer Staples
MSS,Maison Solutions Inc. Class A Common Stock,$1.66,-0.13,-7.263%,122890,1419863.00,United States,2023,Food Chains,Consumer Staples
MSTR,Strategy Inc Common Stock Class A,$153.09,-1.58,-1.022%,17559395,64373886189.00,United States,1998,Computer Software: Prepackaged Software,Technology
MT,Arcelor Mittal NY Registry Shares NEW,$66.74,-1.22,-1.795%,1460912,50797537160.00,Luxembourg,,Steel/Iron Ore,Industrials
MTA,Metalla Royalty & Streaming Ltd. Common Shares,$9.42,-0.20,-2.079%,210133,880731133.00,Canada,,Precious Metals,Basic Materials
MTAK,Market Technology Acquisition Corp Class A Ordinary Shares,$9.85,0.00,0.00%,1777,0.00,United States,2026,,
MTAKU,Market Technology Acquisition Corp Unit,$9.99,0.04,0.402%,2708,0.00,United States,2026,Blank Checks,Finance
MTAKW,Market Technology Acquisition Corp Warrants,$0.1751,0.0051,3.00%,314,0.00,United States,2026,,
MTAL,Metals Acquisition Corp. II Class A Ordinary Shares,$10.16,0.00,0.00%,86,837814265.00,,2026,Metal Mining,Basic Materials
MTB,M&T Bank Corporation Common Stock,$217.60,0.10,0.046%,1384090,31424978611.00,United States,,Major Banks,Finance
MTB^H,M&T Bank Corporation Perpetual Fixed-to-Floating Rate Non-Cumulative Preferred Stock Series H,$25.02,-0.01,-0.04%,49375,,United States,,,
MTB^J,M&T Bank Corporation Depositary Shares each representing a 1/400th ownership interest in a share of Perpetual 7.500% Non-Cumulative Preferred Stock Series J,$25.04,-0.14,-0.556%,279188,,United States,,,
MTB^K,M&T Bank Corporation Depositary Shares each representing a 1/400th interest in a share of Perpetual 6.350% Non-Cumulative Preferred Stock Series K,$21.86,-0.68,-3.017%,140080,,United States,,,
MTB^L,M&T Bank Corporation Depositary Shares each representing a 1/400th ownership interest in a share of Perpetual 6.625% Non-Cumulative Preferred Stock Series L,$23.70,0.39,1.673%,272690,,United States,,,
MTC,MMTec Inc. Common Shares,$5.19,0.16,3.181%,14290,516860739.00,China,2019,Computer Software: Prepackaged Software,Technology
MTCH,Match Group Inc. Common Stock,$40.15,0.02,0.05%,2928610,9216472048.00,United States,,Computer Software: Programming Data Processing,Technology
MTD,Mettler-Toledo International Inc. Common Stock,$1510.95,-26.38,-1.716%,153916,30274238821.00,Switzerland,1997,Biotechnology: Laboratory Analytical Instruments,Industrials
MTDR,Matador Resources Company Common Stock,$51.58,0.89,1.756%,1922580,6383242461.00,United States,2012,Oil & Gas Production,Energy
MTEK,Maris-Tech Ltd. Ordinary Shares,$0.7599,-0.0748,-8.961%,792692,7369986.00,Israel,2022,Telecommunications Equipment,Telecommunications
MTEKW,Maris-Tech Ltd. Warrants,$0.0701,0.0201,40.20%,4200,679874.00,Israel,2022,Telecommunications Equipment,Telecommunications
MTEN,Mingteng International Corporation Inc. Class A Ordinary Shares,$1.02,0.01,0.99%,78099,7802862.00,China,2024,Building Products,Industrials
MTEX,Mannatech Incorporated Common Stock,$7.18,-0.42,-5.526%,25704,13855031.00,United States,, Medicinal Chemicals and Botanical Products ,Health Care
MTG,MGIC Investment Corporation Common Stock,$25.84,-2.41,-8.531%,5468891,5300425866.00,United States,1991,Property-Casualty Insurers,Finance
MTH,Meritage Homes Corporation Common Stock,$62.85,-1.05,-1.643%,634605,4096191745.00,United States,,Homebuilding,Consumer Discretionary
MTLS,Materialise NV American Depositary Shares,$8.56,-0.19,-2.171%,311986,505615112.00,Belgium,2014,Computer Software: Prepackaged Software,Technology
MTN,Vail Resorts Inc. Common Stock,$137.18,-4.11,-2.909%,1333332,4888450180.00,United States,1997,Services-Misc. Amusement & Recreation,Consumer Discretionary
MTNB,Matinas Biopharma Holdings Inc. Common Stock,$2.55,-0.33,-11.458%,152628,2497776.00,United States,2017,Biotechnology: Pharmaceutical Preparations,Health Care
MTNE,CH4 Natural Solutions Corporation Class A Ordinary Shares,$9.92,0.00,0.00%,10,0.00,,2026,,
MTR,Mesa Royalty Trust Common Stock,$2.44,0.03,1.245%,4441,4547160.00,United States,,Oil & Gas Production,Energy
MTRN,Materion Corporation,$269.59,1.03,0.384%,249938,5616563923.00,United States,,Industrial Specialties,Industrials
MTRX,Matrix Service Company Common Stock,$9.57,0.10,1.056%,656659,270753684.00,United States,1990,Engineering & Construction,Consumer Discretionary
MTSI,MACOM Technology Solutions Holdings Inc. Common Stock,$284.82,0.55,0.193%,916653,21751968567.00,United States,2012,Semiconductors,Technology
MTUS,Metallus Inc. Common Shares,$18.99,0.18,0.957%,300733,787121903.00,United States,2014,Steel/Iron Ore,Industrials
MTVA,MetaVia Inc. Common Stock,$1.57,-0.09,-5.422%,65624,10343319.00,United States,2016,Biotechnology: Pharmaceutical Preparations,Health Care
MTW,Manitowoc Company Inc. (The) Common Stock,$21.46,-0.66,-2.984%,697058,773889855.00,United States,,Construction/Ag Equipment/Trucks,Industrials
MTX,Minerals Technologies Inc. Common Stock,$65.40,-0.71,-1.074%,147297,2035821035.00,United States,1992,Major Chemicals,Basic Materials
MTZ,MasTec Inc. Common Stock,$213.62,3.39,1.613%,1942071,17154742992.00,United States,,Water Sewer Pipeline Comm & Power Line Construction,Industrials
MU,Micron Technology Inc. Common Stock,$1065.11,0.03,0.003%,31105125,1202927939062.00,United States,,Semiconductors,Technology
MUA,Blackrock MuniAssets Fund Inc Common Stock,$9.55,0.15,1.596%,1041613,1420681598.00,United States,1993,Investment Bankers/Brokers/Service,Finance
MUC,Blackrock MuniHoldings California Quality Fund Inc.  Common Stock,$9.75,0.10,1.036%,977700,1450434092.00,United States,1998,Investment Bankers/Brokers/Service,Finance
MUFG,Mitsubishi UFJ Financial Group Inc. Common Stock,$23.07,-0.06,-0.259%,2703977,273788090924.00,Japan,,Commercial Banks,Finance
MUJ,Blackrock MuniHoldings New Jersey Quality Fund Inc. Common Stock,$11.28,0.12,1.075%,155548,1678040673.00,United States,1998,Investment Bankers/Brokers/Service,Finance
MUR,Murphy Oil Corporation Common Stock,$37.02,1.07,2.976%,1803834,5307969248.00,United States,,Oil & Gas Production,Energy
MUSA,Murphy USA Inc. Common Stock,$504.03,-3.39,-0.668%,163654,9264246298.00,United States,2013,Retail-Auto Dealers and Gas Stations,Consumer Discretionary
MUX,McEwen Inc. Common Stock,$17.85,-0.13,-0.723%,8921861,1095250403.00,Canada,,Precious Metals,Basic Materials
MUZE,Muzero Acquisition Corp Class A Ordinary Shares,$10.00,0.00,0.00%,11,0.00,United States,2026,Blank Checks,Finance
MVBF,MVB Financial Corp. Common Stock,$29.06,-0.44,-1.492%,45776,376835753.00,United States,,Major Banks,Finance
MVIS,MicroVision Inc. Common Stock,$1.50,0.04,2.74%,807841,45225041.00,United States,1996,Industrial Machinery/Components,Technology
MVST,Microvast Holdings Inc. Common Stock,$0.6393,-0.0084,-1.297%,3107110,245832897.00,United States,2019,Industrial Machinery/Components,Miscellaneous
MWA,MUELLER WATER PRODUCTS Common Stock,$21.24,-0.23,-1.071%,1667749,3316109422.00,United States,2006,Metal Fabrications,Industrials
MWC,Micware Co. Ltd. American Depositary Shares,$1.67,-0.20,-10.695%,63280,102424423.00,Japan,2026,EDP Services,Technology
MWG,Multi Ways Holdings Limited Class A Ordinary Shares,$1.35,0.05,3.846%,6908,6941732.00,,2023,Miscellaneous manufacturing industries,Consumer Discretionary
MWH,SOLV Energy Inc. Class A Common Stock,$24.02,-0.21,-0.867%,2112809,4861329062.00,United States,2026,Military/Government/Technical,Industrials
MWYN,Marwynn Holdings Inc. Common stock,$1.12,0.1299,13.12%,69938,22618180.00,United States,2025,Food Distributors,Consumer Discretionary
MX,Magnachip Semiconductor Corporation Common Stock,$3.76,-0.13,-3.342%,2148744,142775092.00,Luxembourg,2011,Semiconductors,Technology
MXC,Mexco Energy Corporation Common Stock,$9.84,-0.13,-1.304%,1853,20132640.00,United States,2003,Oil & Gas Production,Energy
MXCT,MaxCyte Inc. Common Stock,$1.12,-0.06,-5.085%,346521,115590951.00,United States,2021,Biotechnology: Commercial Physical & Biological Resarch,Health Care
MXE,Mexico Equity and Income Fund Inc. (The) Common Stock,$12.4895,-0.2955,-2.311%,1764,0.00,United States,,Finance Companies,Finance
MXF,Mexico Fund Inc. (The) Common Stock,$20.39,-0.25,-1.211%,6173,0.00,United States,,Trusts Except Educational Religious and Charitable,Finance
MXL,MaxLinear Inc. Common Stock,$90.31,-2.41,-2.599%,2043936,8190502079.00,United States,2010,Semiconductors,Technology
MYE,Myers Industries Inc. Common Stock,$30.77,-0.49,-1.567%,289335,1157508014.00,United States,1983,Plastic Products,Industrials
MYFW,First Western Financial Inc. Common Stock,$29.99,-0.17,-0.564%,33917,292856219.00,United States,2018,Major Banks,Finance
MYGN,Myriad Genetics Inc. Common Stock,$4.31,0.08,1.891%,1504866,412249970.00,United States,1995,Biotechnology: In Vitro & In Vivo Diagnostic Substances,Health Care
MYI,Blackrock MuniYield Quality Fund III Inc Common Stock,$9.63,0.11,1.155%,910960,1432582596.00,United States,,Investment Bankers/Brokers/Service,Finance
MYN,Blackrock MuniYield New York Quality Fund Inc.Common Stock,$8.76,0.06,0.69%,502868,0.00,United States,1992,Finance Companies,Finance
MYND,Mynd.ai Inc. American Depositary Shares,$0.3086,-0.0214,-6.485%,306592,14548825.00,,2017,Computer peripheral equipment,Technology
MYO,Myomo Inc. Common Stock,$1.56,-0.01,-0.637%,368192,61788252.00,United States,2017,Industrial Specialties,Health Care
MYPS,PLAYSTUDIOS Inc.  Class A Common Stock,$0.4749,0.0164,3.577%,558172,57045644.00,United States,2020,Computer Software: Prepackaged Software,Technology
MYRG,MYR Group Inc. Common Stock,$292.46,4.15,1.439%,329845,4553382855.00,United States,2008,Water Sewer Pipeline Comm & Power Line Construction,Industrials
MYSE,Myseum.AI Inc. Common Stock,$1.79,-0.02,-1.105%,41466,9301610.00,United States,2021,Telecommunications Equipment,Telecommunications
MYSZ,My Size Inc. Common Stock,$1.65,-0.04,-2.367%,35102,8901384.00,Israel,,Computer Software: Prepackaged Software,Technology
MYX,Maywood Acquisition Corp. 2 Class A Ordinary Share,$10.02,-0.02,-0.199%,813,0.00,United States,2026,Blank Checks,Finance
MYXXR,Maywood Acquisition Corp. 2 Rights,$0.1823,0.0023,1.278%,1801,0.00,United States,2026,Blank Checks,Finance
MYXXW,Maywood Acquisition Corp. 2 Warrants,$0.07,-0.01,-12.50%,6900,0.00,United States,2026,Blank Checks,Finance
MZTI,The Marzetti Company Common Stock,$99.19,-0.71,-0.711%,452489,2706994290.00,United States,,Packaged Foods,Consumer Staples
MZYX,MOZAYYX Acquisition Corp. Class A Ordinary Shares,$9.98,-0.015,-0.15%,163,0.00,,2026,,
NA,Nano Labs Ltd Class A Ordinary Shares,$2.21,0.04,1.843%,21001,51303139.00,China,2022,Semiconductors,Technology
NAAS,NaaS Technology Inc. American Depositary Shares,$3.26,-0.04,-1.212%,14432,80074953.00,China,2017,Other Specialty Stores,Consumer Discretionary
NABL,N-able Inc. Common Stock,$4.10,-0.10,-2.381%,2205000,774514805.00,United States,2021,Computer Software: Prepackaged Software,Technology
NAC,Nuveen California Quality Municipal Income Fund,$10.25,0.02,0.196%,2171299,0.00,United States,1999,Investment Managers,Finance
NAD,Nuveen Quality Municipal Income Fund Common Stock,$10.12,0.21,2.119%,2674499,0.00,United States,1999,Investment Managers,Finance
NAGE,Niagen Bioscience Inc. Common Stock,$2.92,-0.03,-1.017%,360550,231047926.00,United States,, Medicinal Chemicals and Botanical Products ,Health Care
NAII,Natural Alternatives International Inc. Common Stock,$1.49,0.02,1.361%,60131,9334622.00,United States,, Medicinal Chemicals and Botanical Products ,Health Care
NAK,Northern Dynasty Minerals Ltd. Common Stock,$1.37,-0.08,-5.517%,7832344,770106677.00,Canada,,Precious Metals,Basic Materials
NAKA,Nakamoto Inc. Common Stock,$9.46,-0.30,-3.074%,107544,169286161.00,United States,2024,Medical/Nursing Services,Health Care
NAMI,Jinxin Technology Holding Company American Depositary Shares,$2.35,-0.22,-8.56%,353794,7432712.00,China,2024,Other Consumer Services,Real Estate
NAMM,Namib Minerals Ordinary Shares,$0.9583,-0.0467,-4.647%,1857694,53523361.00,Cayman Islands,,Precious Metals,Basic Materials
NAMMW,Namib Minerals Warrants,$0.1065,0.0309,40.873%,25615,5948281.00,Cayman Islands,,Precious Metals,Basic Materials
NAMS,NewAmsterdam Pharma Company N.V. Ordinary Shares,$24.32,0.51,2.142%,2270418,2907143950.00,Netherlands,,Biotechnology: Pharmaceutical Preparations,Health Care
NAN,Nuveen New York Quality Municipal Income Fund Common Stock,$9.82,0.23,2.398%,212218,2968741156.00,United States,1999,Investment Managers,Finance
NAT,Nordic American Tankers Limited Common Stock,$7.90,-0.08,-1.003%,4648846,1672830238.00,Bermuda,1995,Marine Transportation,Consumer Discretionary
NATH,Nathan's Famous Inc. Common Stock,$101.43,-0.12,-0.118%,28001,415625755.00,United States,1993,Restaurants,Consumer Discretionary
NATL,NCR Atleos Corporation Common Stock,$45.18,-0.26,-0.572%,1667055,3338663478.00,United States,2023,Office Equipment/Supplies/Services,Miscellaneous
NATR,Nature's Sunshine Products Inc. Common Stock,$12.69,-0.07,-0.549%,132489,223287149.00,United States,,Biotechnology: Pharmaceutical Preparations,Health Care
NAUT,Nautilus Biotechnology Inc. Common Stock,$1.42,0.055,4.029%,12786566,180702417.00,United States,2020,Biotechnology: Laboratory Analytical Instruments,Industrials
NAVI,Navient Corporation Common Stock,$9.07,0.00,0.00%,1534858,850619320.00,United States,,Investment Bankers/Brokers/Service,Finance
NAVN,Navan Inc. Class A Common Stock,$20.99,0.30,1.45%,3331126,5466016248.00,United States,2025,Computer Software: Prepackaged Software,Technology
NAZ,Nuveen Arizona Quality Municipal Income Fund Common Stock,$10.57,0.04,0.38%,99950,0.00,United States,1992,Finance/Investors Services,Finance
NB,NioCorp Developments Ltd. Common Stock,$3.60,0.11,3.152%,2747363,525058668.00,United States,,Metal Mining,Basic Materials
NBB,Nuveen Taxable Municipal Income Fund Common Shares of Beneficial Interest,$14.29,0.17,1.204%,106760,0.00,United States,2010,Finance Companies,Finance
NBBK,NB Bancorp Inc. Common Stock,$22.12,-0.15,-0.674%,269649,969264999.00,United States,2023,Banks,Finance
NBH,Neuberger Municipal Fund Inc. Common Stock,$9.09,-0.09,-0.98%,127959,0.00,United States,2002,Finance/Investors Services,Finance
NBHC,National Bank Holdings Corporation Common Stock,$39.19,-0.04,-0.102%,457368,1745504847.00,United States,2012,Major Banks,Finance
NBIS,Nebius Group N.V. Class A Ordinary Shares,$235.88,-1.475,-0.621%,14717749,64125208822.00,Netherlands,2011,Computer Software: Programming Data Processing,Technology
NBIX,Neurocrine Biosciences Inc. Common Stock,$141.84,3.49,2.523%,1847764,14417919833.00,United States,1996,Biotechnology: Biological Products (No Diagnostic Substances),Health Care
NBN,Northeast Bank Common Stock,$123.66,-0.66,-0.531%,120357,1005355800.00,United States,,Major Banks,Finance
NBP,NovaBridge Biosciences American Depositary Shares,$1.365,-0.005,-0.365%,250328,157496010.00,China,2020,Biotechnology: Pharmaceutical Preparations,Health Care
NBR,Nabors Industries Ltd.,$78.12,0.84,1.087%,260361,1308071591.00,Bermuda,1951,Oil & Gas Production,Energy
NBRG,Newbridge Acquisition Limited Class A Ordinary Share,$10.055,0.00,0.00%,13,0.00,Hong Kong,2026,Blank Checks,Finance
NBRGU,Newbridge Acquisition Limited Unit,$10.39,0.00,0.00%,135,0.00,Hong Kong,2026,Blank Checks,Finance
NBTB,NBT Bancorp Inc. Common Stock,$50.16,-0.06,-0.119%,333332,2606316660.00,United States,,Major Banks,Finance
NBTX,Nanobiotix S.A. American Depositary Shares,$31.16,-0.34,-1.079%,311385,1583174257.00,France,2020,Biotechnology: Pharmaceutical Preparations,Health Care
NBXG,Neuberger Next Generation Connectivity Fund Inc. Common Stock,$15.69,0.12,0.771%,164770,0.00,United States,2021,Trusts Except Educational Religious and Charitable,Finance
NC,NACCO Industries Inc. Common Stock,$36.54,-0.65,-1.748%,28222,275756235.00,United States,,Coal Mining,Energy
NCA,Nuveen California Municipal Value Fund,$8.49,0.07,0.831%,236855,0.00,United States,,Investment Managers,Finance
NCDL,Nuveen Churchill Direct Lending Corp. Common Stock,$11.24,-0.44,-3.767%,511890,555110611.00,United States,2024,,
NCEL,NewcelX Ltd. Ordinary Shares,$3.075,0.105,3.535%,2730,17761594.00,Switzerland,2021,Biotechnology: Pharmaceutical Preparations,Health Care
NCEW,New Century Logistics (BVI) Limited Ordinary Shares,$17.62,0.00,0.00%,41,56384000.00,Hong Kong,2024,Integrated Freight & Logistics,Industrials
NCI,Neo-Concept International Group Holdings Limited Class A Ordinary Shares,$1.26,0.00,0.00%,17838447,2978995.00,Hong Kong,2024,Apparel,Consumer Discretionary
NCLH,Norwegian Cruise Line Holdings Ltd. Ordinary Shares,$14.66,-0.14,-0.946%,24059970,6731693822.00,United States,,Marine Transportation,Consumer Discretionary
NCMI,National CineMedia Inc. Common Stock,$2.24,-0.06,-2.609%,2680822,210717792.00,United States,2007,Advertising,Consumer Discretionary
NCNA,NuCana plc American Depositary Share,$1.35,0.14,11.57%,3304337,5618661.00,United Kingdom,2017,Biotechnology: Pharmaceutical Preparations,Health Care
NCNO,nCino Inc. Common Stock,$18.13,0.18,1.003%,2270484,1916996835.00,United States,2020,Computer Software: Prepackaged Software,Technology
NCO,Southern Cross Acquisition I Corp. Ordinary Shares,$9.92,0.00,0.00%,260859,0.00,United States,2026,,
NCOOU,Southern Cross Acquisition I Corp. Units,$10.0701,0.00,0.00%,200,0.00,United States,2026,Blank Checks,Finance
NCOOW,Southern Cross Acquisition I Corp. Warrants,$0.0311,0.0001,0.323%,505,0.00,United States,2026,,
NCPL,Netcapital Inc. Common Stock,$1.24,0.02,1.639%,5376536,9731395.00,United States,,Finance: Consumer Services,Finance
NCPLW,Netcapital Inc. Warrants,$0.0297,0.0023,8.394%,4221,233083.00,United States,,Finance: Consumer Services,Finance
NCRA,Nocera Inc. Common Stock,$1.80,0.04,2.273%,34593,4277066.00,Taiwan,,Farming/Seeds/Milling,Consumer Staples
NCT,Intercont (Cayman) Limited Class A Ordinary shares,$1.56,-0.33,-17.46%,1128565,1909608.00,China,2025,Restaurants,Consumer Discretionary
NCTY,The9 Limited American Depository Shares,$3.32,-0.07,-2.065%,233569,50706914.00,China,2004,Finance: Consumer Services,Finance
NCV,Virtus Convertible & Income Fund Common Shares of Beneficial Interest,$15.11,-0.01,-0.066%,134016,1365544628.00,United States,2003,Finance Companies,Finance
NCV^A,Virtus Convertible & Income Fund 5.625% Series A Cumulative Preferred Shares,$18.87,-0.13,-0.684%,5361,,United States,,,
NCZ,Virtus Convertible & Income Fund II Common Shares of Beneficial Interest,$14.10,0.04,0.284%,125659,1073232061.00,United States,2003,Finance Companies,Finance
NCZ^A,Virtus Convertible & Income Fund II 5.50% Series A Cumulative Preferred Shares,$18.26,-0.25,-1.351%,7264,,United States,,,
NDAQ,Nasdaq Inc. Common Stock,$92.01,0.16,0.174%,3413900,51431507998.00,United States,,Investment Bankers/Brokers/Service,Finance
NDLS,Noodles & Company Class A Common Stock,$13.25,-0.545,-3.951%,24345,79058245.00,United States,2013,Restaurants,Consumer Discretionary
NDMO,Nuveen Dynamic Municipal Opportunities Fund Common Shares of Beneficial Interest,$8.84,0.23,2.671%,600720,525672669.00,,2020,Trusts Except Educational Religious and Charitable,Finance
NDRA,ENDRA Life Sciences Inc. Common Stock,$5.96,0.08,1.361%,27750,8939034.00,United States,2017,Biotechnology: Electromedical & Electrotherapeutic Apparatus,Health Care
NDSN,Nordson Corporation Common Stock,$327.85,-1.68,-0.51%,399936,18261037143.00,United States,,Industrial Machinery/Components,Industrials
NE,Noble Corporation plc A Ordinary Shares,$41.74,-0.20,-0.477%,1074129,6663466179.00,United States,2022,Oil & Gas Production,Energy
NEA,Nuveen AMT-Free Quality Municipal Income Fund Common Shares of Beneficial Interest Par Value $.01,$9.95,0.19,1.947%,3449713,0.00,United States,2002,Finance/Investors Services,Finance
NECB,NorthEast Community Bancorp Inc. Common Stock,$26.03,-0.31,-1.177%,30288,358330516.00,United States,2021,Banks,Finance
NEE,NextEra Energy Inc. Common Stock,$75.74,-0.15,-0.198%,13483516,157991989550.00,United States,,Electric Utilities: Central,Utilities
NEE^N,NextEra Energy Capital Holdings Inc. Series N Junior Subordinated Debentures due March 1 2079,$19.22,0.12,0.628%,183008,,United States,,,
NEE^S,NextEra Energy Inc. 7.299% Corporate Units,$48.96,0.15,0.307%,78325,,United States,,,
NEE^T,NextEra Energy Inc. 7.234% Corporate Units,$45.26,-0.28,-0.615%,396505,,United States,,,
NEE^U,NextEra Energy Inc. Series U Junior Subordinated Debentures due June 1 2085,$21.93,-0.22,-0.993%,271014,,United States,,,
NEE^V,NextEra Energy Inc. 7.375% Corporate Units,$43.10,0.04,0.093%,241725,,United States,,,
NEE^W,NextEra Energy Capital Holdings Inc. Series Z Junior Subordinated Debentures due April 15 2086,$22.38,0.16,0.72%,270877,,United States,,,
NEGG,Newegg Commerce Inc. Common Shares,$13.20,-0.03,-0.227%,19548,276849184.00,China,2010,Other Specialty Stores,Consumer Discretionary
NEM,Newmont Corporation,$115.34,-1.75,-1.495%,5841204,121532866537.00,United States,,Precious Metals,Basic Materials
NEN,New England Realty Associates Limited Partnership Class A Depositary Receipts Evidencing Units of Limited Partnership,$52.00,2.00,4.00%,1175,144261208.00,United States,,Building operators,Real Estate
NEO,NeoGenomics Inc. Common Stock,$18.36,-0.38,-2.028%,2473614,2358809078.00,United States,,Precision Instruments,Health Care
NEOG,Neogen Corporation Common Stock,$12.80,0.07,0.55%,6887035,2791756864.00,United States,1989,Biotechnology: In Vitro & In Vivo Diagnostic Substances,Health Care
NEON,Neonode Inc. Common Stock,$0.8944,-0.0056,-0.622%,36929,15010645.00,Sweden,,Industrial Machinery/Components,Technology
NEOV,NeoVolta Inc. Common Stock,$2.60,0.06,2.362%,1614128,153434442.00,United States,,Industrial Machinery/Components,Miscellaneous
NEOVW,NeoVolta Inc. Warrant,$0.92,0.1186,14.799%,423,54292187.00,United States,,Industrial Machinery/Components,Miscellaneous
NEPH,Nephros Inc. Common Stock,$3.71,-0.18,-4.627%,15647,40291045.00,United States,,Medical/Dental Instruments,Health Care
NERV,Minerva Neurosciences Inc Common Stock,$3.35,0.00,0.00%,79330,159954323.00,United States,2014,Biotechnology: Pharmaceutical Preparations,Health Care
NESR,National Energy Services Reunited Corp Ordinary Shares,$25.47,-1.02,-3.851%,4391365,2568694174.00,United States,,Oilfield Services/Equipment,Energy
NET,Cloudflare Inc. Class A Common Stock,$347.28,-4.98,-1.414%,2592629,123659363425.00,United States,2019,Computer Software: Prepackaged Software,Technology
NEU,NewMarket Corp Common Stock,$897.52,-7.11,-0.786%,136066,8253958313.00,United States,,Major Chemicals,Industrials
NEUP,Neuphoria Therapeutics Inc. Common Stock,$3.56,-0.01,-0.28%,10396,19264349.00,United States,2021,Biotechnology: Pharmaceutical Preparations,Health Care
NEWP,New Pacific Metals Corp. Common Shares,$6.28,-0.11,-1.721%,476523,1163100111.00,Canada,2021,Precious Metals,Basic Materials
NEWT,NewtekOne Inc. Common Stock,$11.13,-0.09,-0.802%,275944,321487056.00,United States,,Major Banks,Finance
NEWTG,NewtekOne Inc. 8.50% Fixed Rate Senior Notes due 2029,$25.175,-0.055,-0.218%,378,662652624.00,United States,,Major Banks,Finance
NEWTH,NewtekOne Inc. 8.625% Fixed Rate Senior Notes due 2029,$25.215,-0.035,-0.139%,3798,0.00,United States,,Major Banks,Finance
NEWTI,NewtekOne Inc. 8.00% Fixed Rate Senior Notes due 2028,$25.16,0.11,0.439%,762,662257796.00,United States,,Major Banks,Finance
NEWTO,NewtekOne Inc. 8.50% Fixed Rate Senior Notes due 2031,$25.25,-0.745,-2.866%,232,0.00,United States,,Major Banks,Finance
NEWTP,NewtekOne Inc. Depositary Shares Non-Cumulative Perpetual Preferred Stock Series B,$24.30,0.075,0.31%,1408,701898963.00,United States,,Major Banks,Finance
NEXA,Nexa Resources S.A. Common Shares,$12.19,-0.19,-1.535%,407105,1614431410.00,Luxembourg,2017,Metal Mining,Basic Materials
NEXM,NexMetals Mining Corp. Common Shares,$1.88,-0.045,-2.338%,30469,67018548.00,Canada,,Metal Mining,Basic Materials
NEXN,Nexxen International Ltd. Ordinary Shares,$9.00,0.07,0.784%,578130,501487011.00,Israel,2021,Computer Software: Programming Data Processing,Technology
NEXR,Nexera Technologies Ltd Ordinary Shares,$1.30,-0.46,-26.136%,496800,2126787.00,Israel,2022,Other Specialty Stores,Consumer Discretionary
NEXT,NextDecade Corporation Common Stock,$6.35,0.01,0.158%,2595180,1690277500.00,United States,2015,Oil & Gas Production,Utilities
NFE,New Fortress Energy Inc. Class A Common Stock,$6.27,0.19,3.125%,369655,102336526.00,United States,2019,Oil/Gas Transmission,Utilities
NFEGP,New Fortress Energy Inc. Series A Mandatorily Convertible Preferred Stock,$400.00,10.00,2.564%,66958,6528646000.00,United States,,Oil/Gas Transmission,Utilities
NFG,National Fuel Gas Company Common Stock,$75.86,-1.28,-1.659%,980133,7210121210.00,United States,,Oil/Gas Transmission,Utilities
NFGC,New Found Gold Corp Common Shares,$1.64,-0.04,-2.381%,490345,630346380.00,,2021,Precious Metals,Basic Materials
NFJ,Virtus Dividend Interest & Premium Strategy Fund Common Shares of Beneficial Interest,$15.05,0.00,0.00%,466358,0.00,United States,2005,Finance: Consumer Services,Finance
NFLX,Netflix Inc. Common Stock,$69.58,-0.72,-1.024%,36416866,289726922656.00,United States,2002,Consumer Electronics/Video Chains,Consumer Discretionary
NG,Novagold Resources Inc.,$6.50,-0.07,-1.065%,3824876,2852073991.00,Canada,2003,Precious Metals,Basic Materials
NGEN,NervGen Pharma Corp. Common stock,$1.91,-0.01,-0.521%,548708,203248129.00,Canada,,Biotechnology: Pharmaceutical Preparations,Health Care
NGG,National Grid Transco PLC National Grid PLC (NEW) American Depositary Shares,$75.82,0.88,1.174%,1163515,79608446231.00,United Kingdom,,Natural Gas Distribution,Utilities
NGL,NGL ENERGY PARTNERS LP Common Units representing Limited Partner Interests,$14.74,-0.06,-0.405%,311420,1839762620.00,United States,2011,Natural Gas Distribution,Utilities
NGL^B,NGL ENERGY PARTNERS LP 9.00% Class B Fixed-to-Floating Rate Cumulative Redeemable Perpetual Preferred Units representing limited partnership interests,$25.52,-0.38,-1.467%,329282,,United States,,,
NGL^C,NGL ENERGY PARTNERS LP 9.625% Class C Fixed-to-Floating Rate Cumulative  Redeemable Perpetual Preferred Units representing  limited partner interests,$26.01,0.01,0.038%,6150,,United States,,,
NGNE,Neurogene Inc. Common Stock ,$27.82,-0.57,-2.008%,160135,556716647.00,Canada,2014,Biotechnology: Pharmaceutical Preparations,Health Care
NGS,Natural Gas Services Group Inc. Common Stock,$32.38,0.40,1.251%,147854,417646468.00,United States,2002,Oilfield Services/Equipment,Energy
NGVC,Natural Grocers by Vitamin Cottage Inc. Common Stock,$30.46,0.07,0.23%,159796,701984663.00,United States,2012,Food Chains,Consumer Staples
NGVT,Ingevity Corporation Common Stock ,$70.75,-0.31,-0.436%,406202,2432237982.00,United States,2016,Major Chemicals,Industrials
NHC,National HealthCare Corporation Common Stock,$219.51,-4.65,-2.074%,116953,3437832816.00,United States,1986,Hospital/Nursing Management,Health Care
NHI,National Health Investors Inc. Common Stock,$65.63,-1.03,-1.545%,432938,3223117783.00,United States,,Real Estate Investment Trusts,Real Estate
NHIV,NewHold Investment Corp IV Class A Ordinary Shares,$10.05,0.00,0.00%,12,0.00,United States,2026,Blank Checks,Finance
NHIVW,NewHold Investment Corp IV Warrants,$0.4604,-0.0197,-4.103%,5377,0.00,United States,2026,Blank Checks,Finance
NHP,National Healthcare Properties Inc. Class A Common Stock,$16.04,-0.19,-1.171%,1005500,1169394211.00,United States,,Real Estate Investment Trusts,Real Estate
NHPBP,National Healthcare Properties Inc. 7.125% Series B Cumulative Redeemable Perpetual Preferred Stock,$25.3316,-0.0984,-0.387%,2642,1846797157.00,United States,,Real Estate Investment Trusts,Real Estate
NHS,Neuberger High Yield Strategies Fund Inc. Common Stock,$5.42,-0.01,-0.184%,444505,0.00,United States,,Trusts Except Educational Religious and Charitable,Finance
NHTC,Natural Health Trends Corp. Common Stock,$1.03,0.00,0.00%,65324,8835183.00,United States,,Consumer Specialties,Consumer Discretionary
NI,NiSource Inc Common Stock,$39.00,-0.32,-0.814%,6946935,18702843900.00,United States,,Power Generation,Utilities
NIC,Nicolet Bankshares Inc. Common Stock,$163.02,-0.55,-0.336%,156824,3416493769.00,United States,2022,Major Banks,Finance
NICE,NICE Ltd American Depositary Shares,$111.27,4.46,4.176%,583745,6609836347.00,Israel,,Computer Software: Prepackaged Software,Technology
NICM,Nicola Mining Inc. American Depositary Shares,$5.48,-0.08,-1.439%,944,108622297.00,Canada,,Metal Mining,Basic Materials
NIE,Virtus Equity & Convertible Income Fund Common Shares of Beneficial Interest,$25.00,-0.18,-0.715%,99729,692724125.00,United States,2007,Investment Managers,Finance
NIKI,Niki BioSolutions Inc. Common Stock,$4.90,0.16,3.376%,4630,14399263.00,Hong Kong,2018,Industrial Machinery/Components,Industrials
NIM,Nuveen Select Maturities Municipal Fund Common Stock,$8.70,0.04,0.462%,82531,0.00,United States,1992,Trusts Except Educational Religious and Charitable,Finance
NINE,Nine Energy Service Inc. Common Stock,$7.48,-0.19,-2.477%,124776,104345925.00,,2026,Oilfield Services/Equipment,Energy
NIO,NIO Inc. American depositary shares each  representing one Class A ordinary share,$3.43,0.03,0.882%,27248910,8594437885.00,United States,2018,Auto Manufacturing,Industrials
NIOBW,NioCorp Developments Ltd. Warrant,$0.76,0.04,5.556%,15660,110845719.00,United States,,Metal Mining,Basic Materials
NIPG,NIP Group Inc. American Depositary Shares,$11.36,0.37,3.367%,16930,96805217.00,Sweden,2024,Services-Misc. Amusement & Recreation,Consumer Discretionary
NIQ,NIQ Global Intelligence plc Ordinary Shares,$17.01,-0.39,-2.241%,1752156,5017199247.00,United States,2025,Computer Software: Programming Data Processing,Technology
NIU,Niu Technologies American Depositary Shares,$1.86,-0.06,-3.125%,169260,145891124.00,China,2018,Auto Manufacturing,Industrials
NIVF,NewGenIvf Group Limited Class A Ordinary Shares,$0.168,0.096,133.333%,859166922,406128.00,Singapore,,Misc Health and Biotechnology Services,Health Care
NIVFW,NewGenIvf Group Limited Warrants,$0.0229,0.0137,148.913%,48288,55359.00,Singapore,,Misc Health and Biotechnology Services,Health Care
NIXX,Nixxy Inc. Common Stock,$0.318,0.0059,1.89%,372068,9193011.00,United States,,EDP Services,Technology
NJR,NewJersey Resources Corporation Common Stock,$50.60,-0.23,-0.452%,821246,5134278068.00,United States,,Oil/Gas Transmission,Utilities
NKE,Nike Inc. Common Stock,$35.40,-0.44,-1.228%,38151699,52515854086.00,United States,,Shoe Manufacturing,Consumer Discretionary
NKLR,Terra Innovatum Global N.V. Ordinary shares,$3.39,0.06,1.802%,396197,374598078.00,Italy,,Metal Fabrications,Industrials
NKSH,National Bankshares Inc. Common Stock,$41.91,-0.34,-0.805%,23757,266992684.00,United States,,Major Banks,Finance
NKTR,Nektar Therapeutics  Common Stock,$60.545,1.305,2.203%,1210126,2067187572.00,United States,,Biotechnology: Pharmaceutical Preparations,Health Care
NKTX,Nkarta Inc. Common Stock,$2.62,0.00,0.00%,283165,187656952.00,United States,2020,Biotechnology: Pharmaceutical Preparations,Health Care
NKX,Nuveen California AMT-Free Quality Municipal Income Fund,$10.53,0.02,0.19%,602725,0.00,United States,2002,Finance/Investors Services,Finance
NL,NLI Holdings Inc. Common Stock,$6.96,-0.11,-1.556%,13424,340335189.00,United States,,Major Chemicals,Basic Materials
NLOP,Net Lease Office Properties Common Shares of Beneficial Interest,$9.87,-0.11,-1.102%,183058,146214920.00,United States,2023,Real Estate Investment Trusts,Real Estate
NLY,Annaly Capital Management Inc. Common Stock,$18.89,-1.43,-7.037%,23457847,14237665809.00,United States,,Real Estate Investment Trusts,Real Estate
NLY^F,Annaly Capital Management Inc 6.95% Series F,$25.26,-0.01,-0.04%,278152,,United States,,,
NLY^G,Annaly Capital Management Inc 6.50% Series G Fixed-to-Floating Rate Cumulative Redeemable Preferred Stock,$25.30,0.14,0.556%,157160,,United States,,,
NLY^J,Annaly Capital Management Inc. 8.875% Series J Fixed-Rate Cumulative Redeemable Preferred Stock,$25.56,0.00,0.00%,63114,,United States,,,
NMAD,Nomad Power Solutions Inc. Common Stock,$3.925,0.175,4.667%,234612,63196692.00,United States,,Biotechnology: Pharmaceutical Preparations,Health Care
NMAI,Nuveen Multi-Asset Income Fund Common Shares of Beneficial Interest,$14.45,0.23,1.617%,85459,0.00,United States,2021,Investment Managers,Finance
NMAX,Newsmax Inc. Class B Common Stock,$10.81,-0.04,-0.369%,796979,1396226572.00,United States,2025,Broadcasting,Industrials
NMCO,Nuveen Municipal Credit Opportunities Fund Common Shares,$8.89,0.15,1.716%,997335,486918404.00,,2019,Finance/Investors Services,Finance
NMFC,New Mountain Finance Corporation Common Stock,$6.92,-0.095,-1.354%,929675,653610539.00,United States,,Finance/Investors Services,Finance
NMFCZ,New Mountain Finance Corporation 8.250% Notes due 2028,$25.43,0.18,0.713%,21192,2704759238.00,United States,,,
NMG,Nouveau Monde Graphite Inc. Common Shares,$1.20,0.03,2.564%,584964,394988196.00,Canada,,Other Metals and Minerals,Basic Materials
NMI,Nuveen Municipal Income Fund Inc. Common Stock,$9.34,0.00,0.00%,47989,0.00,United States,1988,Trusts Except Educational Religious and Charitable,Finance
NMIH,NMI Holdings Inc. Common Stock,$37.32,-3.41,-8.372%,2251524,2807130199.00,United States,2013,Property-Casualty Insurers,Finance
NML,Neuberger Energy Infrastructure and Income Fund Inc. Common Stock,$9.92,-0.16,-1.587%,269716,0.00,United States,2013,Finance/Investors Services,Finance
NMM,Navios Maritime Partners LP Common Units Representing Limited Partner Interests,$89.91,-1.08,-1.187%,178523,2622522482.00,Greece,2007,Marine Transportation,Consumer Discretionary
NMP,NMP Acquisition Corp. Class A Ordinary Shares,$10.38,0.00,0.00%,20,0.00,United States,2025,Blank Checks,Finance
NMPAR,NMP Acquisition Corp. Right,$0.2301,-0.0054,-2.293%,168998,0.00,United States,2025,Blank Checks,Finance
NMR,Nomura Holdings Inc ADR American Depositary Shares,$9.78,-0.13,-1.312%,484722,28375078051.00,Japan,,Investment Bankers/Brokers/Service,Finance
NMRA,Neumora Therapeutics Inc. Common Stock,$0.5962,-0.0814,-12.013%,2286546,112023543.00,United States,2023,Biotechnology: Biological Products (No Diagnostic Substances),Health Care
NMRK,Newmark Group Inc. Class A Common Stock,$12.26,-0.21,-1.684%,2361495,2221862967.00,United States,2017,Real Estate,Finance
NMS,Nuveen Minnesota Quality Municipal Income Fund ,$9.74,0.23,2.419%,62110,0.00,United States,2014,Finance Companies,Finance
NMT,Nuveen Massachusetts Quality Municipal Income Fund Common Stock,$10.39,0.13,1.267%,31334,0.00,United States,,Finance/Investors Services,Finance
NMTC,NeuroOne Medical Technologies Corporation Common Stock,$1.03,-0.06,-5.505%,67966,9378936.00,United States,,Medical/Dental Instruments,Health Care
NMZ,Nuveen Municipal High Income Opportunity Fund Common Stock $0.01 par value per share,$8.96,0.11,1.243%,1433892,0.00,United States,2003,Finance/Investors Services,Finance
NN,NextNav Inc. Common Stock,$14.38,0.49,3.528%,2124190,2427486506.00,United States,,Industrial Machinery/Components,Industrials
NNBR,NN Inc. Common Stock,$3.67,-0.21,-5.412%,1577047,303071771.00,United States,1994,Industrial Machinery/Components,Industrials
NNDM,Nano Dimension Ltd. American Depositary Shares,$1.57,-0.01,-0.633%,2621158,331017247.00,Israel,,Electrical Products,Technology
NNE,Nano Nuclear Energy Inc. Common Stock,$15.85,0.06,0.38%,1465412,851115614.00,United States,2024,Electric Utilities: Central,Utilities
NNI,Nelnet Inc. Common Stock,$123.08,-0.95,-0.766%,112186,4403733229.00,United States,2003,Finance: Consumer Services,Finance
NNN,NNN REIT Inc. Common Stock,$41.09,-0.25,-0.605%,1835286,7886461226.00,United States,,Real Estate Investment Trusts,Real Estate
NNNN,Anbio Biotechnology Class A Ordinary Shares,$6.30,0.14,2.273%,26798,906514560.00,Germany,2025,Biotechnology: In Vitro & In Vivo Diagnostic Substances,Health Care
NNOX,NANO-X IMAGING LTD Ordinary Shares,$0.6936,0.0376,5.732%,1063966,54509079.00,Israel,2020,Medical Electronics,Health Care
NNVC,NanoViricides Inc. Common Stock,$1.30,0.00,0.00%,426623,33182500.00,United States,,Biotechnology: Pharmaceutical Preparations,Health Care
NNY,Nuveen New York Municipal Value Fund Common Stock,$7.78,0.17,2.234%,145286,0.00,United States,1988,Investment Managers,Finance
NOA,North American Construction Group Ltd. Common Shares (no par),$12.03,0.08,0.669%,96979,333356858.00,Canada,2006,Oilfield Services/Equipment,Energy
NOAH,Noah Holdings Limited American Depositary Shares,$7.91,0.09,1.151%,119095,530378607.00,China,2010,Investment Managers,Finance
NOC,Northrop Grumman Corporation Common Stock,$483.48,-21.13,-4.187%,1476263,68684631810.00,United States,,Industrial Machinery/Components,Industrials
NODK,NI Holdings Inc. Common Stock,$14.92,0.02,0.134%,30780,304438467.00,United States,2017,Property-Casualty Insurers,Finance
NOEM,CO2 Energy Transition Corp. Common Stock,$10.58,0.00,0.00%,26,0.00,United States,2025,,
NOEMU,CO2 Energy Transition Corp. Unit,$12.50,0.00,0.00%,7,0.00,United States,2024,,
NOEMW,CO2 Energy Transition Corp. Warrant,$0.1151,0.0001,0.087%,182,0.00,United States,2025,,
NOG,Northern Oil and Gas Inc. Common Stock,$22.88,0.14,0.616%,2227381,2437844049.00,United States,2022,Oil & Gas Production,Energy
NOK,Nokia Corporation Sponsored American Depositary Shares,$10.14,-0.22,-2.124%,64501931,58226310517.00,Finland,1994,Radio And Television Broadcasting And Communications Equipment,Technology
NOMA,NOMADAR Corp. Class A Common Stock,$1.71,0.04,2.395%,38822,26134835.00,United States,,Services-Misc. Amusement & Recreation,Consumer Discretionary
NOMD,Nomad Foods Limited Ordinary Shares,$10.33,-0.18,-1.713%,801118,1467749330.00,United Kingdom,2016,Packaged Foods,Consumer Staples
NOV,NOV Inc. Common Stock,$18.73,-0.25,-1.317%,3669537,6676835281.00,United States,,Oil and Gas Field Machinery,Consumer Discretionary
NOVT,Novanta Inc. Common Stock,$142.19,0.97,0.687%,440952,5377308716.00,United States,,Industrial Machinery/Components,Miscellaneous
NOVTU,Novanta Inc. Tangible Equity Units,$60.74,0.87,1.453%,21212,2297051350.00,United States,,Industrial Machinery/Components,Miscellaneous
NOW,ServiceNow Inc. Common Stock,$134.01,4.07,3.132%,9032832,138566340000.00,United States,2012,Computer Software: Prepackaged Software,Technology
NP,Neptune Insurance Holdings Inc. Class A Common Stock,$27.35,-0.36,-1.299%,489566,3753325012.00,,2025,Specialty Insurers,Finance
NPAC,New Providence Acquisition Corp. III Class A Ordinary Shares,$10.5299,0.00,0.00%,2393,0.00,United States,2025,Blank Checks,Finance
NPACU,New Providence Acquisition Corp. III Units,$10.50,-0.01,-0.095%,118,0.00,United States,2025,Blank Checks,Finance
NPB,Northpointe Bancshares Inc. Common Stock,$14.57,-0.26,-1.753%,349377,503857438.00,United States,2025,Major Banks,Finance
NPCE,Neuropace Inc. Common Stock,$13.76,-0.18,-1.291%,120890,472302010.00,United States,2021,Medical/Dental Instruments,Health Care
NPCT,Nuveen Core Plus Impact Fund Common Shares of Beneficial Interest,$9.18,0.07,0.768%,75921,0.00,United States,2021,Investment Managers,Finance
NPFD,Nuveen Variable Rate Preferred & Income Fund Common Shares,$17.31,0.05,0.29%,49890,0.00,United States,2021,Trusts Except Educational Religious and Charitable,Finance
NPK,National Presto Industries Inc. Common Stock,$148.16,1.38,0.94%,96990,1057279687.00,United States,,Ordnance And Accessories,Industrials
NPKI,NPK International Inc. Common Stock,$11.42,0.02,0.175%,865021,969670989.00,United States,,Misc Corporate Leasing Services,Industrials
NPO,Enpro Inc. Common Stock,$306.26,-1.46,-0.474%,174387,6482813983.00,United States,,Metal Fabrications,Industrials
NPT,Texxon Holding Limited Ordinary shares,$2.70,0.02,0.746%,18995,59899500.00,China,2025,Specialty Chemicals,Consumer Discretionary
NPV,Nuveen Virginia Quality Municipal Income Fund Common Stock,$9.22,0.09,0.986%,208420,0.00,United States,1993,Investment Managers,Finance
NPWR,NET Power Inc. Class A Common Stock,$1.49,-0.02,-1.325%,369030,335039256.00,United States,2021,Industrial Machinery/Components,Energy
NRC,NRC Health Common Stock,$21.19,0.14,0.665%,142663,468713604.00,United States,,Biotechnology: Commercial Physical & Biological Resarch,Health Care
NRDS,NerdWallet Inc. Class A Common Stock,$8.78,0.24,2.81%,650186,561245468.00,United States,2021,EDP Services,Technology
NRDY,Nerdy Inc. Class A Common Stock,$8.16,-0.34,-4.00%,8718,104235783.00,United States,2020,Other Consumer Services,Real Estate
NREF,NexPoint Real Estate Finance Inc. Common Stock,$15.52,-0.39,-2.451%,71119,292521410.00,United States,2020,Real Estate Investment Trusts,Real Estate
NREF^A,NexPoint Real Estate Finance Inc. 8.50% Series A Cumulative Redeemable Preferred Stock,$24.85,-0.045,-0.181%,4493,,United States,,,
NRG,NRG Energy Inc. Common Stock,$95.65,-1.52,-1.564%,3676996,20106632699.00,United States,,Electric Utilities: Central,Utilities
NRGV,Energy Vault Holdings Inc. Common Stock,$3.97,0.00,0.00%,2628195,721903093.00,United States,2021,Industrial Machinery/Components,Miscellaneous
NRIM,Northrim BanCorp Inc Common Stock,$24.23,-0.05,-0.206%,134113,538990680.00,United States,,Savings Institutions,Finance
NRIX,Nurix Therapeutics Inc. Common stock,$23.71,0.035,0.148%,2010663,2460663704.00,United States,2020,Biotechnology: Pharmaceutical Preparations,Health Care
NRK,Nuveen New York AMT-Free Quality Municipal Income Fund ,$9.24,0.12,1.316%,1145738,0.00,United States,2002,Trusts Except Educational Religious and Charitable,Finance
NRO,Neuberger Real Estate Securities Income Fund Inc. Common Stock,$2.60,-0.01,-0.383%,189193,0.00,United States,2003,Finance/Investors Services,Finance
NRP,Natural Resource Partners LP Limited Partnership,$108.73,-1.50,-1.361%,23652,1440717297.00,United States,2002,Coal Mining,Energy
NRSN,NeuroSense Therapeutics Ltd. Ordinary Shares,$4.43,-0.35,-7.322%,40394,8403276.00,Israel,2021,Biotechnology: Pharmaceutical Preparations,Health Care
NRSNW,NeuroSense Therapeutics Ltd. Warrant,$0.045,0.00,0.00%,92,85361.00,Israel,2021,Biotechnology: Pharmaceutical Preparations,Health Care
NRT,North European Oil Royality Trust Common Stock,$8.50,0.33,4.039%,43669,78120015.00,United States,,Oil & Gas Production,Energy
NRUC,National Rural Utilities Cooperative Finance Corporation 5.500% Subordinated Notes due 2064 (Subordinated Deferrable Interest Notes),$20.70,-0.04,-0.193%,230626,0.00,United States,2019,Diversified Financial Services,Finance
NRXP,NRX Pharmaceuticals Inc. Common Stock,$2.92,0.00,0.00%,1172291,126423640.00,United States,2017,Biotechnology: Pharmaceutical Preparations,Health Care
NRXS,Neuraxis Inc. Common Stock,$7.37,-0.39,-5.026%,81911,92550728.00,United States,2023,Biotechnology: Electromedical & Electrotherapeutic Apparatus,Health Care
NSAI,NorthStrive Acquisition Corp I. Class A Ordinary Shares,$9.89,0.015,0.152%,11879,0.00,United States,2026,,
NSAIU,NorthStrive Acquisition Corp I. Units,$10.06,0.0399,0.398%,1369,0.00,United States,2026,,
NSC,Norfolk Southern Corporation Common Stock,$309.00,-4.00,-1.278%,850352,69403987257.00,United States,,Railroads,Industrials
NSIT,Insight Enterprises Inc. Common Stock,$156.32,0.68,0.437%,254328,4587812232.00,United States,1995,Catalog/Specialty Distribution,Consumer Discretionary
NSLR,Neostellar Capital Corp. Common Stock,$7.69,-0.07,-0.902%,277541,203579077.00,United States,2011,Finance: Consumer Services,Finance
NSLRL,Neostellar Capital Corp. 6.00% Notes due 2026,$24.9705,-0.0094,-0.038%,10951,661049590.00,United States,,Finance: Consumer Services,Finance
NSP,Insperity Inc. Common Stock,$46.59,0.07,0.15%,630615,1779517629.00,United States,,Professional Services,Consumer Discretionary
NSPR,InspireMD Inc. Common Stock,$0.6678,-0.0259,-3.734%,178041,31045433.00,Israel,,Medical/Dental Instruments,Health Care
NSRX,Nasus Pharma Ltd. Ordinary Shares,$3.69,0.12,3.361%,57403,43212882.00,,2025,Biotechnology: Pharmaceutical Preparations,Health Care
NSSC,NAPCO Security Technologies Inc. Common Stock,$35.62,0.05,0.141%,329243,1274071726.00,United States,,Telecommunications Equipment,Telecommunications
NSTS,NSTS Bancorp Inc. Common Stock,$14.26,0.075,0.529%,102747,74909648.00,United States,2022,Savings Institutions,Finance
NSYS,Nortech Systems Incorporated Common Stock,$11.21,0.05,0.448%,9081,31990717.00,United States,,Industrial Machinery/Components,Technology
NTAP,NetApp Inc. Common Stock,$210.08,0.90,0.43%,3193893,41263704570.00,United States,1995,Electronic Components,Technology
NTB,Bank of N.T. Butterfield & Son Limited (The) Voting Ordinary Shares,$57.86,-0.57,-0.976%,231257,2314400000.00,Bermuda,2016,Commercial Banks,Finance
NTCL,NETCLASS TECHNOLOGY INC Class A Ordinary Shares,$1.95,-0.03,-1.515%,19971,4736273.00,China,2024,Computer Software: Prepackaged Software,Technology
NTCT,NetScout Systems Inc. Common Stock,$40.18,1.18,3.026%,1205869,2921379796.00,United States,1999,EDP Services,Technology
NTES,NetEase Inc. American Depositary Shares,$121.16,-0.66,-0.542%,892434,77315601202.00,China,,Computer Software: Prepackaged Software,Technology
NTGR,NETGEAR Inc. Common Stock,$22.21,0.17,0.771%,293226,603646056.00,United States,2003,Telecommunications Equipment,Utilities
NTHI,NeOnc Technologies Holdings Inc. Common Stock,$3.405,0.105,3.182%,131737,101353553.00,United States,,Biotechnology: Pharmaceutical Preparations,Health Care
NTIC,Northern Technologies International Corporation Common Stock,$7.78,-0.02,-0.256%,3946,73882295.00,United States,,Industrial Specialties,Industrials
NTIP,Network-1 Technologies Inc. Common Stock,$1.60,-0.01,-0.621%,28976,36581090.00,United States,,Multi-Sector Companies,Miscellaneous
NTLA,Intellia Therapeutics Inc. Common Stock,$12.06,0.03,0.249%,5318465,1689927918.00,United States,2016,Biotechnology: In Vitro & In Vivo Diagnostic Substances,Health Care
NTNX,Nutanix Inc. Class A Common Stock,$70.41,0.32,0.457%,2246320,19050846303.00,United States,2016,Computer Software: Prepackaged Software,Technology
NTR,Nutrien Ltd. Common Shares,$70.25,-0.93,-1.307%,1731931,33857846868.00,Canada,2004,Agricultural Chemicals,Industrials
NTRA,Natera Inc. Common Stock,$413.31,-1.21,-0.292%,1851434,59576226903.00,United States,2015,Medical Specialities,Health Care
NTRB,Nutriband Inc. Common Stock,$7.52,-0.73,-8.848%,147756,91410736.00,United States,,Industrial Specialties,Health Care
NTRP,NextTrip Inc. Common Stock,$1.89,0.09,5.00%,54462,28512731.00,United States,,Transportation Services,Consumer Discretionary
NTRS,Northern Trust Corporation Common Stock,$169.36,-3.58,-2.07%,1539659,30985369392.00,United States,,Major Banks,Finance
NTRSO,Northern Trust Corporation Depositary Shares Each Representing a 1/1000th Interest in a Share of Series E Non-Cumulative Perpetual Preferred Stock,$18.15,0.00,0.00%,105555,3320645102.00,United States,,Major Banks,Finance
NTSK,Netskope Inc. Class A Common Stock,$17.44,0.17,0.984%,4261094,7125770325.00,United States,2025,Computer Software: Prepackaged Software,Technology
NTST,NetSTREIT Corp. Common Stock,$17.68,-0.25,-1.394%,1589211,1795015005.00,United States,2020,Real Estate Investment Trusts,Real Estate
NTWK,NetSol Technologies Inc. Common  Stock,$5.49,-0.07,-1.259%,279900,65619598.00,United States,,Computer Software: Prepackaged Software,Technology
NTWO,Newbury Street II Acquisition Corp Class A Ordinary Shares,$10.825,0.00,0.00%,229098,0.00,United States,2024,,
NTWOU,Newbury Street II Acquisition Corp Unit,$11.30,-0.10,-0.877%,1383,0.00,United States,2024,,
NTWOW,Newbury Street II Acquisition Corp Warrant,$0.9002,0.0002,0.022%,12170,0.00,United States,2024,,
NU,Nu Holdings Ltd. Class A Ordinary Shares,$12.66,0.31,2.51%,104333898,61472828181.00,Cayman Islands,2021,Finance: Consumer Services,Finance
NUAI,New Era Energy & Digital Inc. Common Stock,$6.72,-0.04,-0.592%,7830594,716078758.00,United States,,Oil & Gas Production,Energy
NUAIW,New Era Energy & Digital Inc. Warrants,$3.68,0.04,1.099%,14642,392138368.00,United States,,Oil & Gas Production,Energy
NUCL,Eagle Nuclear Energy Corp. Common stock,$6.36,0.06,0.952%,399444,188127515.00,United States,,Other Metals and Minerals,Basic Materials
NUCLW,Eagle Nuclear Energy Corp. Warrants,$0.65,0.05,8.333%,6273,19226869.00,United States,,Other Metals and Minerals,Basic Materials
NUE,Nucor Corporation Common Stock,$233.75,-2.49,-1.054%,1495053,53032189265.00,United States,,Steel/Iron Ore,Industrials
NUR,Nuran Wireless Inc. Common Shares,$0.8724,-0.0989,-10.182%,328652,11511056.00,Canada,,,
NUS,Nu Skin Enterprises Inc. Common Stock,$4.53,-0.06,-1.307%,720930,220505152.00,United States,1996,Other Pharmaceuticals,Health Care
NUTX,Nutex Health Inc. Common Stock,$211.66,1.56,0.743%,147889,1449441965.00,United States,,Business Services,Consumer Discretionary
NUV,Nuveen Municipal Value Fund Inc. Common Stock,$8.29,0.08,0.974%,2065360,0.00,United States,1987,Trusts Except Educational Religious and Charitable,Finance
NUVB,Nuvation Bio Inc. Class A Common Stock,$5.60,-0.02,-0.356%,5549518,1966290105.00,United States,2020,Biotechnology: Pharmaceutical Preparations,Health Care
NUW,Nuveen AMT-Free Municipal Value Fund,$13.25,0.28,2.159%,105433,0.00,United States,2009,Investment Managers,Finance
NUWE,Nuwellis Inc. Common Stock,$0.72,-0.0259,-3.472%,126744,2626030.00,United States,,Biotechnology: Electromedical & Electrotherapeutic Apparatus,Health Care
NVA,Nova Minerals Corp Common Stock,$5.42,0.02,0.37%,1029369,2444572860.00,,2026,Precious Metals,Basic Materials
NVAX,Novavax Inc. Common Stock,$10.81,-0.01,-0.092%,4565586,1783063298.00,United States,,Biotechnology: Biological Products (No Diagnostic Substances),Health Care
NVCR,NovoCure Limited Ordinary Shares,$15.95,-0.04,-0.25%,1876635,1857311148.00,Jersey,2015,Medical/Dental Instruments,Health Care
NVCT,Nuvectis Pharma Inc. Common Stock,$21.12,0.59,2.874%,240290,688809074.00,United States,2022,Biotechnology: Pharmaceutical Preparations,Health Care
NVDA,NVIDIA Corporation Common Stock,$228.38,1.17,0.515%,121888559,5503958000000.00,United States,1999,Semiconductors,Technology
NVEC,NVE Corporation Common Stock,$110.08,-0.99,-0.891%,98708,532475233.00,United States,,Semiconductors,Technology
NVG,Nuveen AMT-Free Municipal Credit Income Fund ,$10.61,0.16,1.531%,2422499,0.00,United States,2002,Investment Managers,Finance
NVGS,Navigator Holdings Ltd. Ordinary Shares (Marshall Islands),$23.18,0.19,0.826%,405190,1430205328.00,Marshall Islands,2013,Marine Transportation,Consumer Discretionary
NVMI,Nova Ltd. Ordinary Shares,$385.20,0.08,0.021%,340192,12242800814.00,Israel,2000,Electronic Components,Technology
NVNI,Nvni Group Limited Ordinary Shares,$0.9221,0.0121,1.33%,4881,10781316.00,Cayman Islands,,Computer Software: Prepackaged Software,Technology
NVNO,enVVeno Medical Corporation Common Stock,$7.80,-0.825,-9.565%,123186,5419643.00,United States,2018,Medical/Dental Instruments,Health Care
NVO,Novo Nordisk A/S Common Stock,$37.91,-0.40,-1.044%,21556029,167862846013.00,Denmark,,Biotechnology: Pharmaceutical Preparations,Health Care
NVR,NVR Inc. Common Stock,$6154.39,-80.24,-1.287%,34042,16400587735.00,United States,1998,Homebuilding,Consumer Discretionary
NVRI,Enviri Corporation Common Stock,$19.53,0.03,0.154%,390390,550553024.00,,2026,Diversified Commercial Services,Miscellaneous
NVS,Novartis AG Common Stock,$142.57,-3.14,-2.155%,3062098,272045184875.00,Switzerland,,Biotechnology: Pharmaceutical Preparations,Health Care
NVST,Envista Holdings Corporation Common Stock,$23.47,0.14,0.60%,2005046,3769697630.00,United States,2019,Medical/Dental Instruments,Health Care
NVT,nVent Electric plc Ordinary Shares ,$160.37,-1.31,-0.81%,1493581,25957157677.00,United Kingdom,2018,Industrial Machinery/Components,Industrials
NVTS,Navitas Semiconductor Corporation Common Stock,$11.61,-0.12,-1.023%,21020871,3031295396.00,United States,,Semiconductors,Technology
NVX,NOVONIX Limited American Depository Shares,$2.62,-0.05,-1.873%,13251,56389812.00,Australia,,Industrial Machinery/Components,Miscellaneous
NWAX,New America Acquisition I Corp. Class A Common Stock,$10.075,-0.005,-0.05%,30312,0.00,,2026,Blank Checks,Finance
NWBI,Northwest Bancshares Inc. Common Stock,$14.84,-0.08,-0.536%,1450358,2173453370.00,United States,2009,Major Banks,Finance
NWCL,newcleo plc Ordinary Shares,$7.85,0.67,9.331%,510976,3998624601.00,United Kingdom,,Metal Fabrications,Industrials
NWCLW,newcleo plc Warrants,$1.00,0.30,42.857%,73944,509378930.00,United Kingdom,,Metal Fabrications,Industrials
NWE,NorthWestern Energy Group Inc. Common Stock,$68.38,-0.31,-0.451%,615444,4206590583.00,United States,,Power Generation,Utilities
NWFL,Norwood Financial Corp. Common Stock,$33.04,-0.30,-0.90%,25326,360204525.00,United States,,Major Banks,Finance
NWG,NatWest Group plc American Depositary Shares (each representing two (2) Ordinary Shares),$18.15,-0.11,-0.602%,3231133,72146877863.00,United Kingdom,2022,Commercial Banks,Finance
NWGL,CL Workshop Group Limited American Depositary Shares,$1.42,-0.04,-2.74%,342488,40971494.00,China,2023,Forest Products,Basic Materials
NWL,Newell Brands Inc. Common Stock,$5.28,-0.04,-0.752%,5222415,2248752000.00,United States,,Plastic Products,Industrials
NWN,Northwest Natural Holding Company Common Stock,$46.67,-0.35,-0.744%,259529,1964505418.00,United States,,Oil/Gas Transmission,Utilities
NWPX,NWPX Infrastructure Inc. Common Stock,$103.03,0.68,0.664%,203410,992920922.00,United States,1995,Steel/Iron Ore,Industrials
NWS,News Corporation Class B Common Stock,$31.72,0.22,0.698%,686685,17142947215.00,United States,,Newspapers/Magazines,Consumer Discretionary
NWSA,News Corporation Class A Common Stock,$28.65,0.13,0.456%,3689862,15483777986.00,United States,,Newspapers/Magazines,Consumer Discretionary
NWTG,Newton Golf Company Inc. Common Stock,$1.11,0.06,5.714%,62013,6276471.00,United States,2023,Recreational Games/Products/Toys,Consumer Discretionary
NX,Quanex Building Products Corporation Common Stock,$18.87,-0.26,-1.359%,334789,864740545.00,United States,,Metal Fabrications,Industrials
NXAT,Nexus Advanced Technologies Inc. Ordinary Shares,$0.9683,-0.0817,-7.781%,39831,2624338.00,Cayman Islands,,Movies/Entertainment,Consumer Discretionary
NXB,NextBoat Inc. Common Stcok,$2.10,0.06,2.941%,28850,52800080.00,,2025,Marine Transportation,Industrials
NXDR,Nextdoor Holdings Inc. Class A Common Stock,$2.43,-0.02,-0.816%,2136992,940041617.00,United States,,Computer Software: Programming Data Processing,Technology
NXDT,NexPoint Diversified Real Estate Trust Common Stock,$5.21,-0.07,-1.326%,125510,276682401.00,United States,,Real Estate Investment Trusts,Real Estate
NXDT^A,NexPoint Diversified Real Estate Trust 5.50% Series A Cumulative Preferred Shares ($25.00 liquidation preference per share),$12.82,0.01,0.078%,5788,,United States,,,
NXE,Nexgen Energy Ltd. Common Shares,$9.12,0.09,0.997%,9187526,6115015641.00,Canada,2017,Other Metals and Minerals,Basic Materials
NXG,NXG NextGen Infrastructure Income Fund Common Shares of Beneficial Interest,$54.38,0.16,0.295%,60288,141481207.00,United States,2012,,
NXGL,NexGel Inc Common Stock,$0.1728,-0.0032,-1.818%,329679,1684396.00,United States,2021,Medical/Dental Instruments,Health Care
NXGLW,NexGel Inc Warrant,$0.0122,0.00,0.00%,6,118921.00,United States,2021,Medical/Dental Instruments,Health Care
NXH,Neighborhood Intelligence Inc. Common Stock,$2.94,-0.05,-1.672%,2440664,280763188.00,United States,2026,Catalog/Specialty Distribution,Consumer Discretionary
NXL,Nexalin Technology Inc. Common Stock,$4.28,-0.07,-1.609%,7277,3549832.00,United States,2022,Biotechnology: Electromedical & Electrotherapeutic Apparatus,Health Care
NXP,Nuveen Select Tax Free Income Portfolio Common Stock,$13.43,0.22,1.665%,660974,628512088.00,United States,1992,Trusts Except Educational Religious and Charitable,Finance
NXPI,NXP Semiconductors N.V. Common Stock,$237.53,1.06,0.448%,2686864,59896556250.00,Netherlands,2010,Semiconductors,Technology
NXPL,NextPlat Corp Common Stock,$8.68,-0.32,-3.556%,12466,23550767.00,United States,,Telecommunications Equipment,Telecommunications
NXRT,NexPoint Residential Trust Inc. Common Stock,$19.51,0.24,1.245%,864312,498476852.00,United States,2015,Real Estate Investment Trusts,Real Estate
NXST,Nexstar Media Group Inc. Common Stock,$161.57,0.09,0.056%,259394,4977697193.00,United States,2003,Broadcasting,Industrials
NXT,Nextpower Inc. Common Stock,$77.93,-1.38,-1.74%,1914521,11824281494.00,United States,2023,Semiconductors,Technology
NXTC,NextCure Inc. Common Stock,$5.01,0.165,3.406%,34144,22932569.00,United States,2019,Biotechnology: Pharmaceutical Preparations,Health Care
NXTS,Nexentis Technologies Inc. Common Stock,$1.39,-0.01,-0.714%,10920,2020133.00,Israel,,Agricultural Chemicals,Industrials
NXTT,Next Technology Holding Inc. Ordinary Shares,$5.22,0.1206,2.365%,10974,7688862.00,China,,EDP Services,Technology
NXXT,NextNRG Inc. Common Stock,$0.8419,-0.0204,-2.366%,165124,14155155.00,United States,2021,Retail-Auto Dealers and Gas Stations,Consumer Discretionary
NYAX,Nayax Ltd. Ordinary Shares,$47.71,3.14,7.045%,43166,1782407193.00,Israel,,Computer Software: Prepackaged Software,Technology
NYC,American Strategic Investment Co. Class A Common Stock,$6.12,0.01,0.164%,1186,19361428.00,,2020,Real Estate Investment Trusts,Real Estate
NYT,New York Times Company (The) Common Stock,$63.70,1.38,2.214%,2638044,10224032309.00,United States,,Newspapers/Magazines,Consumer Discretionary
NYXH,Nyxoah SA Ordinary Shares,$1.38,0.01,0.73%,189886,138100485.00,Belgium,2021,Medical/Dental Instruments,Health Care
NZF,Nuveen Municipal Credit Income Fund ,$10.83,0.22,2.074%,2118231,0.00,United States,2007,Finance Companies,Finance
O,Realty Income Corporation Common Stock,$54.30,-0.84,-1.523%,8897995,51379639192.00,United States,,Real Estate Investment Trusts,Real Estate
OABI,OmniAb Inc. Common Stock,$4.96,0.22,4.641%,1928806,721136374.00,United States,2021,Biotechnology: Commercial Physical & Biological Resarch,Health Care
OACC,Oaktree Acquisition Corp. III Life Sciences Class A Ordinary Share,$10.78,0.00,0.00%,116,0.00,United States,2024,Blank Checks,Finance
OACCW,Oaktree Acquisition Corp. III Life Sciences Warrant,$1.00,0.00,0.00%,101,0.00,United States,2024,Blank Checks,Finance
OAK^A,Brookfield Oaktree Holdings LLC 6.625% Series A Preferred Units,$20.62,0.29,1.426%,22977,,United States,,,
OAK^B,Brookfield Oaktree Holdings LLC 6.550% Series B Preferred Units,$20.20,-0.02,-0.099%,29789,,United States,,,
OBA,Oxley Bridge Acquisition Limited Class A Ordinary Shares,$10.35,0.01,0.097%,39354,0.00,Hong Kong,2025,Blank Checks,Finance
OBAI,Our Bond Inc. Common Stock,$0.2644,0.0258,10.813%,2474682,7925529.00,United States,,Telecommunications Equipment,Consumer Discretionary
OBAWU,Oxley Bridge Acquisition Limited Unit,$10.3701,0.0001,0.001%,100,0.00,Hong Kong,2025,,
OBDC,Blue Owl Capital Corporation Common Stock,$10.49,-0.32,-2.96%,4448531,5173065549.00,United States,2019,Diversified Financial Services,Finance
OBE,Obsidian Energy Ltd. Common Shares,$10.30,0.07,0.684%,670712,687273371.00,Canada,2022,Oil & Gas Production,Energy
OBIO,Orchestra BioMed Holdings Inc. Ordinary Shares,$6.22,0.14,2.303%,277411,373853405.00,United States,2020, Medicinal Chemicals and Botanical Products ,Health Care
OBK,Origin Bancorp Inc. Common Stock,$52.25,-0.50,-0.948%,254600,1611895676.00,United States,,Major Banks,Finance
OBT,Orange County Bancorp Inc. Common Stock,$36.95,-0.36,-0.965%,50648,495424233.00,United States,,Major Banks,Finance
OBX,Obsidian Therapeutics Inc. Common Stock,$13.73,-0.85,-5.83%,351600,848141587.00,United States,,Biotechnology: Pharmaceutical Preparations,Health Care
OC,Owens Corning Inc Common Stock New,$116.74,-1.62,-1.369%,1091638,9228143253.00,United States,,Industrial Machinery/Components,Industrials
OCAC,Ocean Capital Acquisition Corporation Ordinary Shares,$9.99,0.00,0.00%,107109,0.00,,2026,Blank Checks,Finance
OCC,Optical Cable Corporation Common Stock,$16.57,0.57,3.563%,120252,146512338.00,United States,,Telecommunications Equipment,Industrials
OCCI,OFS Credit Company Inc. Common Stock,$2.29,0.01,0.439%,235800,26601808.00,United States,2018,Trusts Except Educational Religious and Charitable,Finance
OCCIM,OFS Credit Company Inc. 7.875% Series F Term Preferred Stock,$24.855,-0.045,-0.181%,3484,0.00,United States,,,
OCCIN,OFS Credit Company Inc. 5.25% Series E Term Preferred Stock Due 2026,$24.9665,-0.0235,-0.094%,948,290023597.00,United States,,Trusts Except Educational Religious and Charitable,Finance
OCFC,OceanFirst Financial Corp. Common Stock,$16.53,-0.14,-0.84%,1188194,1597545470.00,United States,,Major Banks,Finance
OCG,Oriental Culture Holding LTD Ordinary Shares,$1.57,0.12,8.276%,90774,3043150.00,China,2020,Other Consumer Services,Consumer Discretionary
OCGN,Ocugen Inc. Common Stock,$1.03,-0.06,-5.505%,7322899,349283713.00,United States,2014,Biotechnology: Biological Products (No Diagnostic Substances),Health Care
OCLT,OceanLight Acquisition Corporation Ordinary Shares,$9.90,0.00,0.00%,10187,0.00,United States,2026,Blank Checks,Finance
OCLTR,OceanLight Acquisition Corporation Rights,$0.165,0.0041,2.548%,250080,0.00,United States,2026,Blank Checks,Finance
OCLTU,OceanLight Acquisition Corporation Units,$10.07,-0.01,-0.099%,12570,0.00,United States,2026,Blank Checks,Finance
OCS,Oculis Holding AG Ordinary shares,$9.34,0.21,2.30%,434749,541574651.00,Switzerland,,Biotechnology: Pharmaceutical Preparations,Health Care
OCSAW,Oculis Holding AG Warrants,$2.90,0.00,0.00%,1,168154870.00,Switzerland,,Biotechnology: Pharmaceutical Preparations,Health Care
OCSL,Oaktree Specialty Lending Corporation Common Stock,$11.90,-0.20,-1.653%,905497,1048217724.00,United States,,Finance: Consumer Services,Finance
OCTV,Octave Intelligence plc Class B Ordinary Shares,$18.89,0.26,1.396%,1982048,5070789815.00,United States,,Computer Software: Prepackaged Software,Technology
OCUL,Ocular Therapeutix Inc. Common Stock,$7.67,-0.20,-2.541%,4568945,1684453708.00,United States,2014,Biotechnology: Pharmaceutical Preparations,Health Care
ODC,Oil-Dri Corporation Of America Common Stock,$90.59,-0.17,-0.187%,102420,1312498268.00,United States,,Miscellaneous manufacturing industries,Consumer Discretionary
ODD,ODDITY Tech Ltd. Class A Ordinary Shares,$18.66,0.76,4.246%,643743,1057213742.00,Israel,2023,Package Goods/Cosmetics,Consumer Discretionary
ODFL,Old Dominion Freight Line Inc. Common Stock,$173.84,-3.62,-2.04%,2296283,36046875168.00,United States,1991,Trucking Freight/Courier Services,Industrials
ODTX,Odyssey Therapeutics Inc. Common Stock,$22.22,-0.22,-0.98%,334172,1067860470.00,United States,2026,Biotechnology: Biological Products (No Diagnostic Substances),Health Care
ODYS,Odysight.ai Inc. Common Stock,$3.04,0.04,1.333%,12206,61542991.00,Israel,,EDP Services,Technology
OEC,Orion S.A. Common Shares,$5.62,-0.19,-3.27%,663002,317657568.00,Luxembourg,2014,Major Chemicals,Industrials
OESX,Orion Energy Systems Inc. Common Stock,$30.50,0.075,0.247%,44809,124723223.00,United States,2015,Building Products,Consumer Discretionary
OFAL,OFA Group Class A Ordinary Shares,$0.4925,-0.0284,-5.452%,238929,13028339.00,Hong Kong,2025,Military/Government/Technical,Consumer Discretionary
OFG,OFG Bancorp Common Stock,$50.08,-0.39,-0.773%,325439,2116655940.00,Puerto Rico,,Major Banks,Finance
OFIX,Orthofix Medical Inc. Common Stock (DE),$9.41,-0.34,-3.487%,588034,383293841.00,Curacao,1992,Medical/Dental Instruments,Health Care
OFLX,Omega Flex Inc. Common Stock,$25.40,0.15,0.594%,29335,256395779.00,United States,,Industrial Specialties,Industrials
OFRM,Once Upon a Farm PBC Common Stock,$15.75,-0.06,-0.38%,1309987,661352785.00,,2026,Packaged Foods,Consumer Staples
OFS,OFS Capital Corporation Common Stock,$3.625,0.025,0.694%,75438,48568033.00,United States,,Finance/Investors Services,Finance
OFSSH,OFS Capital Corporation 4.95% Notes due 2028,$23.84,0.00,0.00%,5,319410180.00,United States,,Finance Companies,Finance
OFSSO,OFS Capital Corporation 7.50% Notes due 2028,$26.00,0.00,0.00%,2,0.00,United States,,,
OGC,OceanaGold Corporation Common Shares,$27.53,-0.16,-0.578%,364569,6172722173.00,,2026,,
OGE,OGE Energy Corp Common Stock,$45.42,0.04,0.088%,2170353,9382922056.00,United States,,Electric Utilities: Central,Utilities
OGEN,Oragenics Inc. Common Stock,$0.4918,0.0118,2.458%,14373,2218980.00,United States,,Biotechnology: Pharmaceutical Preparations,Health Care
OGG,Osisko Gold Group Inc. Common Shares,$2.82,0.02,0.714%,3786068,862462700.00,Canada,2022,Precious Metals,Basic Materials
OGI,Organigram Global Inc. Common Shares,$0.9959,-0.0741,-6.925%,943478,140428370.00,Canada,,Biotechnology: Pharmaceutical Preparations,Health Care
OGN,Organon & Co. Common Stock ,$13.70,-0.04,-0.291%,2066587,3597749232.00,United States,2021,Biotechnology: Pharmaceutical Preparations,Health Care
OGS,ONE Gas Inc. Common Stock,$71.87,-0.33,-0.457%,692690,4517480125.00,United States,2014,Oil/Gas Transmission,Utilities
OHAC,Oceanhawk Acquisition Corp. Class A Ordinary Shares,$10.00,0.00,0.00%,24,0.00,United States,2026,,
OHACU,Oceanhawk Acquisition Corp. Units,$10.2499,0.00,0.00%,14,0.00,United States,2026,,
OHI,Omega Healthcare Investors Inc. Common Stock,$46.31,-0.23,-0.494%,2115350,14032532030.00,United States,1992,Real Estate Investment Trusts,Real Estate
OI,O-I Glass Inc. Common Stock,$5.65,0.01,0.177%,4155934,868177571.00,United States,,Containers/Packaging,Consumer Discretionary
OIA,Invesco Municipal Income Opportunities Trust Common Stock,$5.73,0.12,2.139%,510609,272780025.00,United States,,Finance Companies,Finance
OIG,Orion180 Insurance Group Inc. Class A common stock,$9.64,-0.54,-5.305%,855567,954672837.00,United States,2026,Specialty Insurers,Finance
OII,Oceaneering International Inc. Common Stock,$43.63,-0.59,-1.334%,1228841,4342478411.00,United States,,Oilfield Services/Equipment,Energy
OIM,OneIM Acquisition Corp. Class A Ordinary Shares,$10.15,0.00,0.00%,9,0.00,United States,2026,,
OIO,OIO Group Ordinary Shares,$1.76,-0.01,-0.565%,116089,612518910.00,Singapore,,Environmental Services,Utilities
OIS,Oil States International Inc. Common Stock,$7.95,-0.06,-0.749%,1116266,479564821.00,United States,2001,Oil and Gas Field Machinery,Consumer Discretionary
OKE,ONEOK Inc. Common Stock,$85.27,-1.59,-1.831%,3737044,53751621505.00,United States,,Oil & Gas Production,Utilities
OKLO,Oklo Inc. Class A common stock,$37.02,-0.09,-0.243%,8160541,6886373403.00,United States,2021,Electric Utilities: Central,Utilities
OKTA,Okta Inc. Class A Common Stock,$209.11,4.23,2.065%,3303342,36556804254.00,United States,2017,Computer Software: Prepackaged Software,Technology
OKUR,OnKure Therapeutics Inc. Class A Common Stock,$2.725,0.125,4.808%,831412,110352442.00,United States,2021,Biotechnology: Pharmaceutical Preparations,Health Care
OKYO,OKYO Pharma Limited Ordinary Shares,$1.29,-0.07,-5.147%,6040,67698590.00,Guernsey,2022,Biotechnology: Biological Products (No Diagnostic Substances),Health Care
OLB,The OLB Group Inc. Common Stock,$0.1943,0.0037,1.941%,304493,4669598.00,United States,,Business Services,Consumer Discretionary
OLED,Universal Display Corporation Common Stock,$77.04,0.88,1.155%,416251,3541284968.00,United States,,Electrical Products,Technology
OLLI,Ollie's Bargain Outlet Holdings Inc. Common Stock,$85.65,-1.13,-1.302%,1813602,5087815817.00,United States,2015,Department/Specialty Retail Stores,Consumer Discretionary
OLMA,Olema Pharmaceuticals Inc. Common Stock,$8.64,0.10,1.171%,1542831,755979324.00,United States,2020,Biotechnology: Pharmaceutical Preparations,Health Care
OLN,Olin Corporation Common Stock,$15.50,0.07,0.454%,3708015,1766728595.00,United States,,Major Chemicals,Industrials
OLOX,Olenox Industries Inc. Common Stock,$0.8059,-0.0143,-1.743%,177160,1337268.00,United States,2017,RETAIL: Building Materials,Consumer Discretionary
OLP,One Liberty Properties Inc. Common Stock,$21.98,-0.09,-0.408%,96213,479714028.00,United States,1986,Real Estate Investment Trusts,Real Estate
OM,Outset Medical Inc. Common Stock,$3.00,-0.03,-0.99%,92509,56391492.00,United States,2020,Biotechnology: Electromedical & Electrotherapeutic Apparatus,Health Care
OMAB,Grupo Aeroportuario del Centro Norte S.A.B. de C.V. ADS,$96.61,-2.21,-2.236%,641793,4663478507.00,Mexico,2006,Aerospace,Consumer Discretionary
OMC,Omnicom Group Inc. Common Stock,$73.63,-0.51,-0.688%,1958933,20200093550.00,United States,,Advertising,Consumer Discretionary
OMCL,Omnicell Inc. Common Stock ($0.001 par value),$34.05,-0.26,-0.758%,592530,1553186800.00,United States,2001,Computer Manufacturing,Technology
OMDA,Omada Health Inc. Common Stock,$20.81,1.44,7.434%,2197408,1273919589.00,United States,2025,Medical/Nursing Services,Health Care
OMER,Omeros Corporation Common Stock,$19.04,-0.21,-1.091%,1365789,1378273537.00,United States,2009,Biotechnology: Pharmaceutical Preparations,Health Care
OMEX,Odyssey Marine Exploration Inc. Common Stock,$0.6754,0.0004,0.059%,195398,39640164.00,United States,,Marine Transportation,Consumer Discretionary
OMF,OneMain Holdings Inc. Common Stock,$55.39,-0.96,-1.704%,1082600,6372146968.00,United States,2013,Finance: Consumer Services,Finance
OMH,Ohmyhome Limited Class A Ordinary Shares,$2.57,0.03,1.181%,55397,4339931.00,Singapore,2023,Real Estate,Finance
OMSE,OMS Energy Technologies Inc. Ordinary Shares,$4.59,0.14,3.146%,20950,194839551.00,Singapore,2025,Oil and Gas Field Machinery,Consumer Discretionary
ON,ON Semiconductor Corporation Common Stock,$76.87,0.92,1.211%,6867258,29926921781.00,United States,,Semiconductors,Technology
ONB,Old National Bancorp Common Stock,$24.64,-0.20,-0.805%,6665069,9426524800.00,United States,,Major Banks,Finance
ONBPO,Old National Bancorp Depositary Shares Each Representing a 1/40th Interest in a Share of Series C Preferred Stock,$24.80,0.07,0.283%,21131,9487736000.00,United States,,Major Banks,Finance
ONBPP,Old National Bancorp Depositary Shares Each Representing a 1/40th Interest in a Share of Series A Preferred Stock,$25.04,0.34,1.377%,16071,9579552800.00,United States,,Major Banks,Finance
ONC,BeOne Medicines Ltd. American Depositary Shares,$365.94,0.67,0.183%,328879,41608064869.00,Cayman Islands,2016,Biotechnology: Pharmaceutical Preparations,Health Care
ONCH,1RT Acquisition Corp. Class A Ordinary Share,$10.33,0.00,0.00%,101335,0.00,United States,2025,,
ONCHU,1RT Acquisition Corp. Units,$10.41,-0.02,-0.192%,119,0.00,United States,2025,,
ONCO,Onconetix Inc. Common Stock,$0.7823,-0.0377,-4.598%,914540,3426882.00,United States,2022,Biotechnology: Pharmaceutical Preparations,Health Care
ONCY,Oncolytics Biotech Inc. Common Stock,$0.6682,-0.0063,-0.934%,867176,85202519.00,Canada,,Biotechnology: Pharmaceutical Preparations,Health Care
ONDS,Ondas Inc. Common Stock,$7.33,-0.15,-2.005%,61551635,4268278784.00,United States,,Radio And Television Broadcasting And Communications Equipment,Technology
ONEG,OneConstruction Group Limited Ordinary Shares,$1.00,0.00,0.00%,36291,16000000.00,Hong Kong,2024,Homebuilding,Consumer Discretionary
ONEN,ONE Nuclear Energy Inc. Common Stock  ,$2.15,-0.47,-17.939%,370599,55950166.00,United States,2025,Electric Utilities: Central,Utilities
ONEW,OneWater Marine Inc. Class A Common Stock,$9.53,-0.20,-2.055%,85059,158823349.00,United States,2020,Auto & Home Supply Stores,Consumer Discretionary
ONFO,Onfolio Holdings Inc. Common Stock,$0.9789,-0.0511,-4.961%,393016,2446514.00,United States,2022,EDP Services,Technology
ONFOW,Onfolio Holdings Inc. Warrant,$0.0141,0.001,7.634%,165529,35239.00,United States,2022,EDP Services,Technology
ONIT,Onity Group Inc. Common Stock,$28.33,-1.52,-5.092%,94876,236683552.00,United States,,Finance: Consumer Services,Finance
ONL,Orion Properties Inc. Common Stock,$2.49,-0.01,-0.40%,259613,142041338.00,United States,2021,Real Estate Investment Trusts,Real Estate
ONMD,OneMedNet Corp Class A Common Stock,$5.785,0.5756,11.049%,411686,34782839.00,United Kingdom,2021,Biotechnology: Commercial Physical & Biological Resarch,Health Care
ONON,On Holding AG Class A Ordinary Shares,$29.61,0.06,0.203%,9019734,17867593983.00,,2021,Shoe Manufacturing,Consumer Discretionary
ONT,Onterris Inc. Common Stock,$13.38,-0.73,-5.174%,790481,469871133.00,United States,2020,Professional Services,Consumer Discretionary
ONTO,Onto Innovation Inc. Common Stock,$307.82,3.13,1.027%,756808,15106034712.00,United States,,Industrial Machinery/Components,Industrials
OOMA,Ooma Inc. Common Stock,$20.43,-0.86,-4.039%,662000,563868000.00,United States,2015,EDP Services,Technology
OPAD,Offerpad Solutions Inc. Class A Common Stock,$3.26,-0.01,-0.306%,21217,15754762.00,United States,,Real Estate,Finance
OPAL,OPAL Fuels Inc. Class A Common Stock,$1.75,-0.02,-1.13%,1229663,305707500.00,United States,2021,Natural Gas Distribution,Utilities
OPBK,OP Bancorp Common Stock,$15.00,-0.19,-1.251%,37255,223989225.00,United States,2018,Major Banks,Finance
OPCH,Option Care Health Inc. Common Stock,$22.49,-0.32,-1.403%,1570787,3368670115.00,United States,,Medical/Nursing Services,Health Care
OPEN,Opendoor Technologies Inc Common Stock,$2.37,0.00,0.00%,26651565,2301485789.00,United States,,Real Estate,Finance
OPENL,Opendoor Technologies Inc  Series A Warrants each whole warrant exercisable to purchase one share of Common Stock at an exercise price of $13.00 per warrant,$0.076,-0.001,-1.299%,214164,73802920.00,United States,,Real Estate,Finance
OPENW,Opendoor Technologies Inc  Series K Warrants each whole warrant exercisable to purchase one share of Common Stock at an exercise price of $9.00 per warrant,$0.121,-0.008,-6.202%,201725,117502017.00,United States,,Real Estate,Finance
OPENZ,Opendoor Technologies Inc  Series Z Warrants each whole warrant exercisable to purchase one share of Common Stock at an exercise price of $17.00 per warrant,$0.0795,0.0007,0.888%,490068,77201738.00,United States,,Real Estate,Finance
OPFI,OppFi Inc. Class A Common Stock,$6.03,-0.05,-0.822%,571653,513805729.00,United States,2020,Finance: Consumer Services,Finance
OPHC,OptimumBank Holdings Inc. Common Stock,$8.72,-0.20,-2.242%,62553,110067938.00,United States,,Major Banks,Finance
OPI,Office Properties Income Trust Common shares of beneficial interest,$15.93,-0.02,-0.125%,108267,349720482.00,United States,,Real Estate,Finance
OPK,OPKO Health Inc. Common Stock,$1.61,-0.01,-0.617%,2387552,1201588442.00,United States,,Biotechnology: Pharmaceutical Preparations,Health Care
OPLN,OPENLANE Inc. Common Stock,$34.13,-0.48,-1.387%,1615679,4166244492.00,United States,,Retail-Auto Dealers and Gas Stations,Consumer Discretionary
OPP,RiverNorth/DoubleLine Strategic Opportunity Fund Inc. Common Stock,$6.92,0.01,0.145%,138764,0.00,United States,2016,Finance/Investors Services,Finance
OPP^A,RiverNorth/DoubleLine Strategic Opportunity Fund Inc. 4.375% Series A Cumulative Preferred Stock,$14.97,-0.0301,-0.201%,4933,,United States,,,
OPP^B,RiverNorth/DoubleLine Strategic Opportunity Fund Inc. 4.75% Series B Cumulative Preferred Stock,$16.18,0.00,0.00%,4437,,United States,,,
OPP^C,RiverNorth/DoubleLine Strategic Opportunity Fund Inc. 6.00% Series C Term Preferred Stock (Liquidation Preference $10.00 per share),$10.195,0.0649,0.641%,530,,United States,,,
OPRA,Opera Limited American Depositary Shares,$17.62,0.06,0.342%,318396,1583694639.00,Norway,2018,Computer Software: Prepackaged Software,Technology
OPRT,Oportun Financial Corporation Common Stock,$8.14,-0.09,-1.094%,785975,374336239.00,United States,2019,Finance: Consumer Services,Finance
OPRX,OptimizeRx Corporation Common Stock,$8.35,-0.01,-0.12%,204929,157280191.00,United States,,Business Services,Consumer Discretionary
OPTH,Optimi Health Corp. Common Shares,$4.71,-0.07,-1.464%,34863,26968834.00,Canada,,Biotechnology: Pharmaceutical Preparations,Health Care
OPTT,Ocean Power Technologies Inc. Common Stock,$1.34,-0.02,-1.471%,453580,12186173.00,United States,2007,Electric Utilities: Central,Utilities
OPTU,Optimum Communications Inc. Class A common stock,$0.9895,-0.0305,-2.99%,2274930,450801214.00,United States,2017,Cable & Other Pay Television Services,Telecommunications
OPTX,Syntec Optics Holdings Inc. Class A Common Stock,$8.25,0.84,11.336%,991361,332308994.00,United States,2022,Electronic Components,Technology
OPTXW,Syntec Optics Holdings Inc. Warrant,$2.00,0.17,9.29%,41587,80559756.00,United States,2022,Electronic Components,Technology
OPXS,Optex Systems Holdings Inc. Common Stock,$10.75,0.20,1.896%,11184,74818635.00,United States,,Electronic Components,Technology
OPY,Oppenheimer Holdings Inc. Class A Common Stock (DE),$117.96,-0.74,-0.623%,135983,1263116270.00,United States,,Investment Bankers/Brokers/Service,Finance
OR,OR Royalties Inc. Common Shares,$34.34,0.00,0.00%,932289,6438607970.00,Canada,2016,Precious Metals,Basic Materials
ORA,Ormat Technologies Inc. Common Stock,$91.49,0.22,0.241%,724717,5626355132.00,United States,2004,Electric Utilities: Central,Utilities
ORBS,Eightco Holdings Inc. Common Stock,$1.17,-0.01,-0.847%,12445440,502839558.00,United States,,Finance Companies,Finance
ORC,Orchid Island Capital Inc. Common Stock,$5.43,-0.34,-5.893%,9798959,1083846668.00,United States,2013,Real Estate Investment Trusts,Real Estate
ORCL,Oracle Corporation Common Stock,$137.30,-0.49,-0.356%,22321622,416225107758.00,United States,1986,Computer Software: Prepackaged Software,Technology
ORCL^D,Oracle Corporation Depositary Shares each representing a 1/2000th interest in a sh of 6.50% Series D Mandatory Convertible Preferred Stock,$44.24,0.22,0.50%,647322,,United States,,,
ORGO,Organogenesis Holdings Inc. Class A Common Stock,$1.37,-0.015,-1.083%,543880,176284131.00,United States,2016,Biotechnology: Pharmaceutical Preparations,Health Care
ORI,Old Republic International Corporation Common Stock,$37.31,-0.74,-1.945%,2083023,9007862320.00,United States,,Property-Casualty Insurers,Finance
ORIC,Oric Pharmaceuticals Inc. Common Stock,$13.47,0.10,0.748%,1961292,1396201276.00,United States,2020,Biotechnology: Pharmaceutical Preparations,Health Care
ORIO,Orion Digital Corp. Common Shares,$1.08,0.10,10.204%,153872,25683480.00,Canada,,Finance: Consumer Services,Finance
ORIQ,Origin Investment Corp I Ordinary Shares,$10.41,0.00,0.00%,56,0.00,Singapore,2025,,
ORKA,Oruka Therapeutics Inc. Common Stock,$83.29,1.14,1.388%,1535659,5514605830.00,United States,,Biotechnology: In Vitro & In Vivo Diagnostic Substances,Health Care
ORKT,Orangekloud Technology Inc. Class A Ordinary Shares,$0.99,-0.03,-2.941%,105345,5781372.00,Singapore,2024,Computer Software: Prepackaged Software,Technology
ORLY,O'Reilly Automotive Inc. Common Stock,$85.41,-0.66,-0.767%,4140131,69093341245.00,United States,1993,Auto & Home Supply Stores,Consumer Discretionary
ORMP,Oramed Pharmaceuticals Inc. Common Stock,$4.67,-0.02,-0.426%,129164,194259643.00,Israel,,Biotechnology: Pharmaceutical Preparations,Health Care
ORN,Orion Group Holdings Inc. Common,$8.55,0.14,1.665%,681240,346234730.00,United States,,Military/Government/Technical,Industrials
ORRF,Orrstown Financial Services Inc. Common Stock,$40.58,-0.29,-0.71%,129551,798193423.00,United States,,Major Banks,Finance
OSBC,Old Second Bancorp Inc. Common Stock,$24.49,-0.16,-0.649%,505081,1245946285.00,United States,,Major Banks,Finance
OSCR,Oscar Health Inc. Class A Common Stock,$30.84,1.07,3.594%,5446048,9518611800.00,United States,2021,Medical Specialities,Health Care
OSG,Octave Specialty Group Inc. Common Stock,$4.14,0.04,0.976%,341747,186513152.00,United States,,Property-Casualty Insurers,Finance
OSIS,OSI Systems Inc. Common Stock (DE),$194.37,2.07,1.076%,208369,3098640320.00,United States,1997,Semiconductors,Technology
OSK,Oshkosh Corporation (Holding Company)Common Stock,$128.82,-2.86,-2.172%,719224,7953314466.00,United States,,Auto Manufacturing,Industrials
OSPN,OneSpan Inc. Common Stock,$17.91,0.09,0.505%,435429,660022418.00,United States,,EDP Services,Technology
OSPR,Osprey Acquisition Corp. III Class A Ordinary Shares,$9.82,-0.01,-0.102%,1710,0.00,United States,2026,Blank Checks,Finance
OSPRU,Osprey Acquisition Corp. III Units,$9.99,0.00,0.00%,7,0.00,United States,2026,Blank Checks,Finance
OSS,One Stop Systems Inc. Common Stock,$8.73,0.08,0.925%,724723,217727335.00,United States,2018,Computer Manufacturing,Technology
OSTX,OS Therapies Incorporated Common Stock,$1.60,-0.01,-0.621%,475099,74353264.00,,2024,Biotechnology: Pharmaceutical Preparations,Health Care
OSUR,OraSure Technologies Inc. Common Stock,$3.92,0.10,2.618%,837488,270357018.00,United States,,Medical/Dental Instruments,Health Care
OSW,OneSpaWorld Holdings Limited Common Shares,$22.49,-0.66,-2.851%,858809,2282706033.00,Bahamas,,Hotels/Resorts,Consumer Discretionary
OTAI,Starlink AI Acquisition Corporation Ordinary Shares,$10.008,-0.011,-0.11%,2988,0.00,,2026,,
OTEX,Open Text Corporation Common Shares,$22.42,0.11,0.493%,898939,5618514260.00,Canada,1996,EDP Services,Technology
OTF,Blue Owl Technology Finance Corp. Common Stock,$9.81,-0.46,-4.479%,3169501,4494798666.00,United States,2025,,
OTGA,OTG Acquisition Corp. I Class A Ordinary Share ,$10.27,0.01,0.097%,1516,0.00,United States,2025,Blank Checks,Finance
OTGAU,OTG Acquisition Corp. I Unit,$10.38,0.00,0.00%,117,0.00,United States,2025,Blank Checks,Finance
OTIS,Otis Worldwide Corporation Common Stock ,$64.32,-1.31,-1.996%,5871625,24484651884.00,United States,2020,Consumer Electronics/Appliances,Technology
OTLK,Outlook Therapeutics Inc. Common Stock,$0.5735,-0.0522,-8.343%,9011719,139617172.00,United States,2016,Biotechnology: Biological Products (No Diagnostic Substances),Health Care
OTLY,Oatly Group AB American Depositary Shares,$10.92,-0.45,-3.958%,123828,348481857.00,Sweden,2021,Packaged Foods,Consumer Staples
OTTR,Otter Tail Corporation Common Stock,$88.04,-1.11,-1.245%,217101,3696410463.00,United States,,Electric Utilities: Central,Utilities
OUST,Ouster Inc. Common Stock,$40.34,0.34,0.85%,1732504,2909011513.00,United States,,Industrial Machinery/Components,Industrials
OUT,OUTFRONT Media Inc. Common Stock,$27.75,-0.24,-0.857%,1441836,4887753215.00,United States,2014,Real Estate Investment Trusts,Real Estate
OVBC,Ohio Valley Banc Corp. Common Stock,$44.19,-0.34,-0.764%,17692,208179134.00,United States,,Major Banks,Finance
OVID,Ovid Therapeutics Inc. Common Stock,$2.49,-0.05,-1.969%,1442698,486291664.00,United States,2017,Biotechnology: Pharmaceutical Preparations,Health Care
OVLY,Oak Valley Bancorp (CA) Common Stock,$33.67,-0.23,-0.678%,19436,283255878.00,United States,,Major Banks,Finance
OVV,Ovintiv Inc. (DE),$57.82,-1.01,-1.717%,4435507,16345714000.00,Canada,,Oil & Gas Production,Energy
OWL,Blue Owl Capital Inc. Class A Common Stock,$9.09,-0.19,-2.047%,11982636,14172148307.00,United States,2020,Investment Managers,Finance
OWLS,OBOOK Holdings Inc. Class A Common Shares,$5.44,-0.05,-0.911%,10436,205770236.00,Taiwan,,Computer Software: Prepackaged Software,Technology
OWLT,Owlet Inc. Class A Common Stock,$5.26,0.02,0.382%,244212,153706021.00,United States,2020,Industrial Machinery/Components,Industrials
OXBR,Oxbridge Re Holdings Limited Ordinary Shares,$0.975,-0.295,-23.228%,112062,7935113.00,Cayman Islands,2014,Property-Casualty Insurers,Finance
OXBRW,Oxbridge Re Holdings Limited Warrant expiring 3/26/2029,$0.1105,0.00,0.00%,13,899313.00,Cayman Islands,2014,Property-Casualty Insurers,Finance
OXLC,Oxford Lane Capital Corp. Common Stock,$9.01,0.00,0.00%,779080,1564136000.00,United States,2011,Investment Managers,Finance
OXLCG,Oxford Lane Capital Corp. 7.95% Notes due 2032,$24.94,0.13,0.524%,10623,0.00,United States,,Investment Managers,Finance
OXLCI,Oxford Lane Capital Corp. 8.75% Notes due 2030,$25.27,0.0101,0.04%,12123,0.00,United States,,,
OXLCL,Oxford Lane Capital Corp. 6.75% Notes due 2031,$23.81,-0.1099,-0.459%,909,4133416000.00,United States,,Finance Companies,Finance
OXLCM,Oxford Lane Capital Corp. Preferred Stock Shares 8.25% Series 2031,$24.98,-0.02,-0.08%,1861,4336528000.00,United States,,Investment Managers,Finance
OXLCN,Oxford Lane Capital Corp. 7.125% Series 2029 Term Preferred Stock,$24.45,-0.015,-0.061%,1755,4244520000.00,United States,,Investment Managers,Finance
OXLCO,Oxford Lane Capital Corp. Preferred Stock Shares 6.00% Series 2029,$23.675,0.005,0.021%,26744,4109980000.00,United States,,Investment Managers,Finance
OXLCZ,Oxford Lane Capital Corp. 5.00% Notes due 2027,$24.9201,0.0101,0.041%,3368,4326129360.00,United States,,Finance Companies,Finance
OXM,Oxford Industries Inc. Common Stock,$24.44,-0.57,-2.279%,502313,366069017.00,United States,,Garments and Clothing,Industrials
OXSQ,Oxford Square Capital Corp. Common Stock,$1.28,0.00,0.00%,1550208,137865952.00,United States,2003,Blank Checks,Finance
OXSQG,Oxford Square Capital Corp. 5.50% Notes due 2028,$24.395,0.00,0.00%,11,1555372995.00,United States,,Other Consumer Services,Consumer Discretionary
OXSQH,Oxford Square Capital Corp. 7.75% Notes due 2030,$25.22,0.2496,1.00%,5103,0.00,United States,,Blank Checks,Finance
OXY,Occidental Petroleum Corporation Common Stock,$55.32,0.38,0.692%,10169114,55299939364.00,United States,,Oil & Gas Production,Energy
OYSE,Oyster Enterprises II Acquisition Corp Class A Ordinary Shares,$10.405,0.00,0.00%,8,0.00,United States,2025,Blank Checks,Finance
OYSER,Oyster Enterprises II Acquisition Corp Rights,$0.0881,-0.0319,-26.583%,2470,0.00,United States,2025,Blank Checks,Finance
OZ,Belpointe PREP LLC Class A Units,$41.02,-0.50,-1.204%,26151,166281379.00,,,Real Estate,Finance
OZK,Bank OZK Common Stock,$45.96,-0.24,-0.519%,1171489,5199736627.00,United States,,Major Banks,Finance
OZKAP,Bank OZK 4.625% Series A Non-Cumulative Perpetual Preferred Stock,$14.62,-0.20,-1.35%,101797,1654050250.00,United States,,Major Banks,Finance
P,Everpure Inc. Class A common stock,$130.78,0.73,0.561%,3203270,43579459886.00,United States,2015,Electronic Components,Technology
PAA,Plains All American Pipeline L.P. Common Units representing Limited Partner Interests,$23.72,-0.21,-0.878%,2134676,16736036431.00,United States,1998,Natural Gas Distribution,Energy
PAAC,Proem Acquisition Corp I Ordinary Shares,$10.07,0.01,0.099%,6744,145682690.00,United States,2026,Investment Managers,Finance
PAACU,Proem Acquisition Corp I Units,$10.27,0.00,0.00%,62,0.00,United States,2026,Blank Checks,Finance
PAACW,Proem Acquisition Corp I Warrants,$0.4699,0.00,0.00%,2,0.00,United States,2026,Investment Managers,Finance
PAAI,Paradium.AI Inc. Common Stock,$1.25,-0.15,-10.714%,704579,59513316.00,United States,2022,EDP Services,Technology
PAAS,Pan American Silver Corp. Common Stock,$45.51,-0.63,-1.365%,3233160,18869265180.00,Canada,,Precious Metals,Basic Materials
PAC,Grupo Aeroportuario Del Pacifico S.A. B. de C.V. Grupo Aeroportuario Del Pacifico S.A. de C.V. (each representing 10 Series B shares),$205.41,-5.00,-2.376%,450560,12222268846.00,Mexico,2006,Aerospace,Consumer Discretionary
PACB,Pacific Biosciences of California Inc. Common Stock,$2.37,0.54,29.508%,80386568,736668899.00,United States,2010,Biotechnology: Laboratory Analytical Instruments,Industrials
PACH,Pioneer Acquisition I Corp Class A Ordinary Shares,$10.37,0.01,0.097%,3958,0.00,United States,2025,,
PACHW,Pioneer Acquisition I Corp Warrants,$0.1286,0.0002,0.156%,1100,0.00,United States,2025,,
PACK,Ranpak Holdings Corp Class A Common Stock,$4.15,-0.22,-5.034%,895426,355896899.00,United States,2018,Containers/Packaging,Consumer Discretionary
PACS,PACS Group Inc. Common Stock,$41.55,-0.70,-1.657%,856453,6578844679.00,United States,2024,Hospital/Nursing Management,Health Care
PAG,Penske Automotive Group Inc. Common Stock,$200.34,-1.44,-0.714%,725424,13154899977.00,United States,,Retail-Auto Dealers and Gas Stations,Consumer Discretionary
PAGP,Plains GP Holdings L.P. Class A Units representing Limited Partner Interests,$25.90,-0.23,-0.88%,2088153,5125716812.00,United States,,Natural Gas Distribution,Energy
PAGS,PagSeguro Digital Ltd. Class A Common Shares,$8.90,0.10,1.136%,5612670,2587031610.00,Cayman Islands,2018,EDP Services,Technology
PAHC,Phibro Animal Health Corporation Class A Common Stock,$35.74,0.29,0.818%,205557,1451101291.00,United States,2014,Biotechnology: Pharmaceutical Preparations,Health Care
PAI,Western Asset Investment Grade Income Fund Inc.,$11.47,0.05,0.438%,11445,0.00,United States,,Trusts Except Educational Religious and Charitable,Finance
PAII,Pyrophyte Acquisition Corp. II Class A Ordinary Shares,$10.33,0.00,0.00%,37,0.00,,2025,,
PAL,Proficient Auto Logistics Inc. Common Stock,$3.49,-0.11,-3.056%,711188,97904701.00,United States,2024,Transportation Services,Consumer Discretionary
PALI,Palisade Bio Inc. Common Stock,$1.35,-0.10,-6.897%,4765631,235265253.00,United States,,Biotechnology: Biological Products (No Diagnostic Substances),Health Care
PALO,Paloma Acquisition Corp I Class A Ordinary Shares,$9.97,0.00,0.00%,18,0.00,United States,2026,Blank Checks,Finance
PAM,Pampa Energia S.A.,$77.77,0.93,1.21%,175740,4241639183.00,Argentina,,Electric Utilities: Central,Utilities
PAMT,PAMT CORP Common Stock,$11.41,-0.61,-5.075%,11487,238951152.00,United States,,Trucking Freight/Courier Services,Industrials
PANL,Pangaea Logistics Solutions Ltd. Common Shares,$8.02,-0.01,-0.125%,391327,525099651.00,United States,2013,Marine Transportation,Consumer Discretionary
PANW,Palo Alto Networks Inc. Common Stock,$397.31,8.90,2.291%,6088386,324999580000.00,United States,,Computer peripheral equipment,Technology
PAPL,Pineapple Financial Inc. Common Stock,$0.9648,-0.0251,-2.536%,109870,24381651.00,,,Finance: Consumer Services,Finance
PAR,PAR Technology Corporation Common Stock,$13.76,0.25,1.85%,962545,569150862.00,United States,,Office Equipment/Supplies/Services,Miscellaneous
PARA,Banzai International Inc. Class A Common Stock,$0.649,-0.0372,-5.421%,3010959,,United States,2021,Broadcasting,Industrials
PARAW,Banzai International Inc. Warrant,$0.0081,-0.0031,-27.679%,40341,36523.00,United States,2021,Computer Software: Prepackaged Software,Technology
PARK,Park Dental Partners Inc. Common Stock,$20.34,-0.16,-0.78%,4950,96722436.00,United States,2025,Misc Health and Biotechnology Services,Health Care
PARR,Par Pacific Holdings Inc.  Common Stock,$81.62,3.31,4.227%,1057778,4089131556.00,United States,,Oil & Gas Production,Energy
PASG,Passage Bio Inc. Common Stock,$4.50,-0.13,-2.808%,28931,14480145.00,United States,2020,Biotechnology: Biological Products (No Diagnostic Substances),Health Care
PASW,Ping An Biomedical Co. Ltd. Class A Ordinary Shares,$0.124,0.003,2.479%,135415,15444200.00,Hong Kong,1999,Apparel,Consumer Discretionary
PATH,UiPath Inc. Class A Common Stock,$12.84,0.52,4.221%,42518700,6691635452.00,United States,2021,Computer Software: Prepackaged Software,Technology
PATK,Patrick Industries Inc. Common Stock,$67.78,-1.34,-1.939%,430515,2176975934.00,United States,,Auto Parts:O.E.M.,Consumer Discretionary
PAVM,PAVmed Inc. Common Stock,$3.69,-0.125,-3.277%,3256,29504937.00,United States,2016,Medical/Dental Instruments,Health Care
PAVS,Paranovus Entertainment Technology Ltd. Class A Ordinary Shares,$4.03,0.04,1.003%,8444,3504641.00,China,2019,EDP Services,Technology
PAX,Patria Investments Limited Class A Common Shares,$10.15,0.09,0.895%,930187,1647210218.00,Cayman Islands,2021,Investment Managers,Finance
PAXS,PIMCO Access Income Fund Common Shares of Beneficial Interest,$13.23,0.04,0.303%,320189,0.00,United States,2022,Investment Managers,Finance
PAY,Paymentus Holdings Inc. Class A Common Stock,$30.64,0.64,2.133%,1311771,3858790784.00,United States,2021,Business Services,Consumer Discretionary
PAYC,Paycom Software Inc. Common Stock,$217.65,-0.93,-0.425%,545026,9809837875.00,United States,2014,Computer Software: Prepackaged Software,Technology
PAYO,Payoneer Global Inc. Common Stock,$7.14,0.00,0.00%,2163575,2419394969.00,United States,,Business Services,Consumer Discretionary
PAYP,PayPay Corporation American Depository Shares,$15.70,-0.14,-0.884%,891619,10631147220.00,Japan,2026,Business Services,Consumer Discretionary
PAYS,Paysign Inc. Common Stock,$13.48,0.63,4.903%,1191630,761109863.00,United States,,EDP Services,Technology
PAYX,Paychex Inc. Common Stock,$98.50,-0.81,-0.816%,3430532,35064076591.00,United States,1983,Diversified Commercial Services,Industrials
PB,Prosperity Bancshares Inc. Common Stock,$66.21,-0.70,-1.046%,1172709,7956904008.00,United States,,Major Banks,Finance
PBA,Pembina Pipeline Corp. Ordinary Shares (Canada),$44.58,0.05,0.112%,743081,25925721900.00,Canada,,Oil & Gas Production,Energy
PBAM,Private Bancorp of America Inc. Common Stock,$85.05,-0.10,-0.117%,50768,487318469.00,United States,,Major Banks,Finance
PBF,PBF Energy Inc. Class A Common Stock,$76.96,1.73,2.30%,3223555,9122595052.00,United States,2012,Integrated oil Companies,Energy
PBFS,Pioneer Bancorp Inc. Common Stock,$17.76,-0.09,-0.504%,15971,441187935.00,United States,2019,Banks,Finance
PBH,Prestige Consumer Healthcare Inc. Common Stock,$45.87,-0.87,-1.861%,583511,2173069324.00,United States,2005,Biotechnology: Pharmaceutical Preparations,Health Care
PBHC,Pathfinder Bancorp Inc. Common Stock (MD),$16.88,-0.3233,-1.879%,237,82684317.00,United States,,Major Banks,Finance
PBI,Pitney Bowes Inc. Common Stock,$16.32,0.03,0.184%,2494724,2237312260.00,United States,,Office Equipment/Supplies/Services,Miscellaneous
PBI^B,Pitney Bowes Inc 6.70% Notes Due 2043,$20.42,-0.29,-1.40%,266506,,United States,,,
PBK,PowerBank Corporation Common Stock,$0.2886,0.0284,10.915%,4206635,13765434.00,Canada,,Power Generation,Utilities
PBLS,Parabilis Medicines Inc. Common Stock,$32.29,0.38,1.191%,547161,3937831049.00,United States,2026,Biotechnology: Pharmaceutical Preparations,Health Care
PBM,Psyence Biomedical Ltd. Common Shares,$5.46,0.03,0.552%,17949,20826231.00,Canada,,Biotechnology: Pharmaceutical Preparations,Health Care
PBMWW,Psyence Biomedical Ltd. Warrant,$0.021,-0.001,-4.545%,12461,80101.00,Canada,,Biotechnology: Pharmaceutical Preparations,Health Care
PBR,Petroleo Brasileiro S.A. Petrobras ADS,$20.87,0.22,1.065%,25288527,134493926371.00,Brazil,,Oil & Gas Production,Energy
PBT,Permian Basin Royalty Trust Common Stock,$31.48,-0.74,-2.297%,57550,1467244898.00,United States,,Oil & Gas Production,Energy
PBYI,Puma Biotechnology Inc Common Stock,$9.93,0.15,1.534%,398996,512587255.00,United States,,Biotechnology: Pharmaceutical Preparations,Health Care
PCAP,ProCap Acquisition Corp Class A Ordinary Shares,$10.41,0.03,0.289%,380,0.00,United States,2025,Blank Checks,Finance
PCAPU,ProCap Acquisition Corp Unit,$10.48,0.02,0.191%,4103,0.00,United States,2025,,
PCAPW,ProCap Acquisition Corp Warrant,$0.2899,-0.01,-3.334%,1306,0.00,United States,2025,Blank Checks,Finance
PCAR,PACCAR Inc. Common Stock,$109.81,-1.99,-1.78%,3239199,57800135489.00,United States,,Auto Manufacturing,Industrials
PCB,PCB Bancorp Common Stock,$27.38,-0.35,-1.262%,99548,384541203.00,United States,2018,Major Banks,Finance
PCF,High Income Securities Fund Common Stock,$5.16,-0.04,-0.769%,217647,0.00,United States,,Trusts Except Educational Religious and Charitable,Finance
PCG,Pacific Gas & Electric Co. Common Stock,$12.25,0.07,0.575%,48276636,32831353576.00,United States,,Power Generation,Utilities
PCG^A,Pacific Gas & Electric Co. 6% Preferred Stock,$20.09,0.26,1.311%,6121,,United States,,,
PCG^B,Pacific Gas & Electric Co. 5 1/2% Preferred Stock,$18.13,-0.3701,-2.001%,2065,,United States,,,
PCG^C,Pacific Gas & Electric Co. 5% 1st Preferred Stock,$16.8764,0.00,0.00%,9,,United States,,,
PCG^D,Pacific Gas & Electric Co. 5% 1st  Red. Preferred Stock,$16.69,0.44,2.708%,248,,United States,,,
PCG^E,Pacific Gas & Electric Co. 5% 1st A Preferred Stock,$16.6955,0.00,0.00%,13,,United States,,,
PCG^G,Pacific Gas & Electric Co. 4.80% 1st Preferred Stock,$15.71,-0.3802,-2.363%,2812,,United States,,,
PCG^H,Pacific Gas & Electric Co. 4.50% 1st Preferred Stock,$15.51,0.00,0.00%,110,,United States,,,
PCG^I,Pacific Gas & Electric Co. 4.36% 1st Preferred Stock,$14.40,0.00,0.00%,429,,United States,,,
PCG^X,PG&E Corp 6.000% Series A Mandatory Convertible Preferred Stock,$31.22,-0.10,-0.319%,504130,,United States,,,
PCLA,PicoCELA Inc. American Depositary Shares,$6.775,0.155,2.341%,23476,65133529.00,Japan,2025,Building Products,Consumer Discretionary
PCM,PCM Fund Inc. Common Stock,$4.98,0.00,0.00%,51597,0.00,United States,1993,Trusts Except Educational Religious and Charitable,Finance
PCN,Pimco Corporate & Income Strategy Fund Common Stock,$10.67,-0.02,-0.187%,628456,0.00,United States,2001,Investment Managers,Finance
PCOR,Procore Technologies Inc. Common Stock,$51.72,2.18,4.40%,2850663,7859130081.00,United States,2021,Computer Software: Prepackaged Software,Technology
PCQ,PIMCO California Municipal Income Fund Common Stock,$7.71,0.13,1.715%,436414,0.00,United States,2001,Investment Managers,Finance
PCRX,Pacira BioSciences Inc. Common Stock,$25.05,-0.60,-2.339%,628483,998540244.00,United States,2011,Biotechnology: Pharmaceutical Preparations,Health Care
PCSA,Processa Pharmaceuticals Inc. Common Stock,$1.64,-0.12,-6.818%,84170,4581153.00,United States,,Biotechnology: Pharmaceutical Preparations,Health Care
PCT,PureCycle Technologies Inc. Common stock,$4.41,-0.02,-0.451%,10635119,885990212.00,United States,,Major Chemicals,Industrials
PCTTU,PureCycle Technologies Inc. Unit,$5.99,0.57,10.517%,478,1203419812.00,United States,,Major Chemicals,Industrials
PCTTW,PureCycle Technologies Inc. Warrant,$0.75,-0.01,-1.316%,6248,150678608.00,United States,,Major Chemicals,Industrials
PCTY,Paylocity Holding Corporation Common Stock,$142.57,0.38,0.267%,571647,7564331215.00,United States,2014,Computer Software: Prepackaged Software,Technology
PCVX,Vaxcyte Inc. Common Stock,$56.90,0.21,0.37%,1508765,8467020318.00,United States,2020,Biotechnology: Biological Products (No Diagnostic Substances),Health Care
PCYO,Pure Cycle Corporation Common Stock,$11.04,0.05,0.455%,105218,266034965.00,United States,,Water Supply,Utilities
PD,PagerDuty Inc. Common Stock,$15.10,0.15,1.003%,3590191,1187613082.00,United States,2019,Computer Software: Prepackaged Software,Technology
PDC,Perpetuals.com Ltd American Depositary Shares,$3.34,0.03,0.906%,16771,27101221.00,Japan,2023,EDP Services,Technology
PDCC,Pearl Diver Credit Company Inc. Common Stock,$8.645,-0.1549,-1.76%,3202,0.00,,2024,,
PDD,PDD Holdings Inc. American Depositary Shares,$77.94,0.44,0.568%,6191081,110939520248.00,China,2018,Business Services,Consumer Discretionary
PDEX,Pro-Dex Inc. Common Stock,$69.00,-1.02,-1.457%,60504,221030046.00,United States,,Medical/Dental Instruments,Health Care
PDFS,PDF Solutions Inc. Common Stock,$51.05,1.28,2.572%,1069656,2155699377.00,United States,2001,Computer Software: Prepackaged Software,Technology
PDI,PIMCO Dynamic Income Fund Common Stock,$14.03,-0.02,-0.142%,3894851,3410552700.00,United States,2012,Trusts Except Educational Religious and Charitable,Finance
PDLB,Ponce Financial Group Inc. Common Stock,$19.94,-0.07,-0.35%,114591,482306746.00,United States,2017,Savings Institutions,Finance
PDM,Piedmont Realty Trust Inc. Class A Common Stock,$8.90,-0.02,-0.224%,3150273,1113682143.00,United States,,Building operators,Real Estate
PDO,PIMCO Dynamic Income Opportunities Fund Common Shares of Beneficial Interest,$11.86,0.07,0.594%,1100536,1722396608.00,United States,2021,Trusts Except Educational Religious and Charitable,Finance
PDPA,Pearl Diver Credit Company Inc. 8.00% Series A Preferred Stock Due 2029,$24.90,0.095,0.383%,12454,0.00,,,,
PDS,Precision Drilling Corporation Common Stock,$80.58,1.34,1.691%,170445,1014298333.00,Canada,,Oil & Gas Production,Energy
PDSB,PDS Biotechnology Corporation Common Stock,$0.7507,0.0078,1.05%,4585591,54406388.00,United States,2015,Biotechnology: Pharmaceutical Preparations,Health Care
PDT,John Hancock Premium Dividend Fund,$11.72,0.01,0.085%,186772,0.00,United States,,Finance Companies,Finance
PDX,PIMCO Dynamic Income Strategy Fund Common Shares of Beneficial Interest,$20.30,0.11,0.545%,96404,907552100.00,,2019,Finance/Investors Services,Finance
PDYN,Palladyne AI Corp. Common Stock,$5.16,-0.06,-1.149%,754026,254586712.00,United States,,Computer Software: Prepackaged Software,Technology
PEB,Pebblebrook Hotel Trust Common Shares of Beneficial Interest,$18.76,0.05,0.267%,2160692,2116929352.00,United States,2009,Real Estate Investment Trusts,Real Estate
PEB^E,Pebblebrook Hotel Trust 6.375% Series E Cumulative Redeemable Preferred Shares of Beneficial Interest,$19.70,0.2099,1.077%,36764,,United States,,,
PEB^F,Pebblebrook Hotel Trust 6.3% Series F Cumulative Redeemable Preferred Shares of Beneficial Interest,$19.67,0.10,0.511%,31272,,United States,,,
PEB^G,Pebblebrook Hotel Trust 6.375% Series G Cumulative Redeemable Preferred Shares of Beneficial Interest,$19.42,-0.405,-2.043%,10752,,United States,,,
PEB^H,Pebblebrook Hotel Trust 5.700% Series H Cumulative Redeemable Preferred Shares of Beneficial Interest,$17.90,-0.30,-1.648%,11321,,United States,,,
PEBK,Peoples Bancorp of North Carolina Inc. Common Stock,$42.86,-0.69,-1.584%,12927,234079461.00,United States,,Major Banks,Finance
PEBO,Peoples Bancorp Inc. Common Stock,$36.59,-2.28,-5.866%,1364718,1315129306.00,United States,,Major Banks,Finance
PECE,Peace Acquisition Corp Ordinary Shares,$10.02,0.01,0.10%,12190,0.00,United States,2026,Blank Checks,Finance
PECO,Phillips Edison & Company Inc. Common Stock,$37.34,-0.31,-0.823%,1689124,4805658000.00,United States,2021,Real Estate Investment Trusts,Real Estate
PED,Pedevco Corp. Common Stock,$13.02,0.04,0.308%,7748,173062009.00,United States,,Oil & Gas Production,Energy
PEG,Public Service Enterprise Group Incorporated Common Stock,$67.34,-0.34,-0.502%,4106504,33563604820.00,United States,,Power Generation,Utilities
PEGA,Pegasystems Inc. Common Stock,$33.28,0.31,0.94%,3091434,5471396570.00,United States,1996,EDP Services,Technology
PEN,Penumbra Inc. Common Stock,$318.34,-0.52,-0.163%,378242,12539228599.00,United States,2015,Medical/Dental Instruments,Health Care
PENG,Penguin Solutions Inc. Common Stock,$54.69,-1.10,-1.972%,1451236,2802463208.00,United States,2017,Semiconductors,Technology
PENN,PENN Entertainment Inc. Common Stock,$14.65,0.04,0.274%,3242417,1964075558.00,United States,1994,Hotels/Resorts,Consumer Discretionary
PEO,Adams Natural Resources Fund Inc. Common Stock,$27.53,0.18,0.658%,33170,0.00,United States,,Finance/Investors Services,Finance
PEP,PepsiCo Inc. Common Stock,$126.72,-1.97,-1.531%,9812680,172959058230.00,United States,,Beverages (Production/Distribution),Consumer Staples
PEPG,PepGen Inc. Common Stock,$2.42,0.08,3.419%,2151092,167608031.00,United States,2022,Biotechnology: Pharmaceutical Preparations,Health Care
PERF,Perfect Corp. Class A Ordinary Share,$1.92,0.03,1.587%,263833,195549448.00,Taiwan,2022,Computer Software: Prepackaged Software,Technology
PERI,Perion Network Ltd. Ordinary Shares,$8.69,0.09,1.047%,454384,341780472.00,Israel,2006,EDP Services,Technology
PESI,Perma-Fix Environmental Services Inc. Common Stock,$15.65,0.24,1.557%,220581,332067193.00,United States,,Environmental Services,Industrials
PETS,PetMed Express Inc. Common Stock,$1.38,-0.02,-1.429%,85859,29916901.00,United States,,Retail-Drug Stores and Proprietary Stores,Consumer Staples
PETZ,TDH Holdings Inc. Common Shares,$1.30,-0.05,-3.704%,1143,13420248.00,China,2017,Real Estate,Finance
PEW,GrabAGun Digital Holdings Inc. Common Stock,$2.09,0.00,0.00%,83022,61683085.00,,2025,Other Specialty Stores,Consumer Discretionary
PFAI,Pinnacle Food Group Limited Class A Common Shares,$2.77,0.00,0.00%,229,32510327.00,Canada,2025,Farming/Seeds/Milling,Consumer Staples
PFBC,Preferred Bank Common Stock,$104.73,-1.52,-1.431%,148259,1503578238.00,United States,,Major Banks,Finance
PFD,Flaherty & Crumrine Preferred and Income Fund Incorporated,$10.77,0.13,1.222%,47839,0.00,United States,1991,Investment Managers,Finance
PFE,Pfizer Inc. Common Stock,$28.52,-0.20,-0.696%,33639018,162554690758.00,United States,,Biotechnology: Pharmaceutical Preparations,Health Care
PFG,Principal Financial Group Inc Common Stock,$111.96,-2.01,-1.764%,1233211,23971155606.00,United States,2001,Accident &Health Insurance,Finance
PFGC,Performance Food Group Company Common Stock,$91.51,-0.48,-0.522%,1411416,14415847758.00,United States,2015,Food Distributors,Consumer Discretionary
PFH,Prudential Financial Inc. 4.125% Junior Subordinated Notes due 2060,$14.74,-0.37,-2.449%,136049,5262180000.00,United States,2020,Life Insurance,Finance
PFIS,Peoples Financial Services Corp. Common Stock,$67.36,-1.40,-2.036%,59313,674298321.00,United States,,Major Banks,Finance
PFL,PIMCO Income Strategy Fund Shares of Beneficial Interest,$6.90,0.02,0.291%,332693,0.00,United States,2003,Finance Companies,Finance
PFLA,PennantPark Floating Rate Capital Ltd. 7.375% Notes Due 2031,$25.03,0.04,0.16%,6861,0.00,United States,2026,Finance: Consumer Services,Finance
PFLT,PennantPark Floating Rate Capital Ltd. Common Stock,$6.91,-0.09,-1.286%,840993,685595661.00,United States,2022,Finance: Consumer Services,Finance
PFN,PIMCO Income Strategy Fund II,$6.24,-0.05,-0.795%,555936,0.00,United States,2004,Finance/Investors Services,Finance
PFO,Flaherty & Crumrine Preferred and Income Opportunity Fund Incorporated,$8.63,0.03,0.349%,32894,0.00,United States,1992,Finance Companies,Finance
PFS,Provident Financial Services Inc Common Stock,$22.15,-0.07,-0.315%,870707,2888860989.00,United States,2003,Savings Institutions,Finance
PFSA,Profusa Inc. Common Stock,$1.98,-0.29,-12.775%,1267531,1199181.00,United States,,Medical/Dental Instruments,Health Care
PFSI,PennyMac Financial Services Inc. Common Stock,$61.72,-1.89,-2.971%,626017,3206451024.00,United States,2013,Finance: Consumer Services,Finance
PFX,PhenixFIN Corporation Common Stock,$44.0192,-2.0708,-4.493%,1575,85013092.00,United States,,Finance: Consumer Services,Finance
PFXNZ,PhenixFIN Corporation  5.25% Notes due 2028,$24.005,0.0901,0.377%,1812,48102875.00,United States,,Finance: Consumer Services,Finance
PG,Procter & Gamble Company (The) Common Stock,$145.28,-3.04,-2.05%,8582228,337693634957.00,United States,,Package Goods/Cosmetics,Consumer Discretionary
PGAC,Pantages Capital Acquisition Corporation Class A Ordinary Shares,$10.78,0.00,0.00%,25,0.00,United States,2025,,
PGC,Peapack-Gladstone Financial Corporation Common Stock,$43.62,-0.09,-0.206%,203523,773293266.00,United States,,Commercial Banks,Finance
PGEN,Precigen Inc. Common Stock,$8.56,0.51,6.335%,11685621,3064781714.00,United States,,Biotechnology: Pharmaceutical Preparations,Health Care
PGNY,Progyny Inc. Common Stock,$25.19,0.40,1.614%,980484,1932748042.00,United States,2019,Misc Health and Biotechnology Services,Health Care
PGP,Pimco Global StocksPlus & Income Fund Common Shares of Beneficial Interest,$8.18,0.01,0.122%,26271,0.00,United States,2005,Finance Companies,Finance
PGR,Progressive Corporation (The) Common Stock,$207.31,-3.21,-1.525%,2959174,120524181639.00,United States,,Property-Casualty Insurers,Finance
PGY,Pagaya Technologies Ltd. Class A Ordinary Shares,$17.32,-0.05,-0.288%,1553021,1444935601.00,United States,,Finance: Consumer Services,Finance
PGYWW,Pagaya Technologies Ltd. Warrants,$0.0141,-0.0022,-13.497%,68928,1176304.00,United States,,Finance: Consumer Services,Finance
PGZ,Principal Real Estate Income Fund Common Shares of Beneficial Interest,$8.92,-0.01,-0.112%,18205,0.00,,2013,Investment Managers,Finance
PH,Parker-Hannifin Corporation Common Stock,$955.42,-14.95,-1.541%,679699,120490323539.00,United States,,Metal Fabrications,Industrials
PHAR,Pharming Group N.V. ADS each representing 10 ordinary shares,$9.99,-0.02,-0.20%,12327,705546048.00,Netherlands,,Biotechnology: Pharmaceutical Preparations,Health Care
PHAT,Phathom Pharmaceuticals Inc. Common Stock,$7.30,-0.06,-0.815%,809211,590576818.00,United States,2019,Biotechnology: Pharmaceutical Preparations,Health Care
PHG,Koninklijke Philips N.V. NY Registry Shares,$24.43,-0.34,-1.373%,1185807,24011875346.00,Netherlands,,Medical Electronics,Health Care
PHI,PLDT Inc. Sponsored ADR,$17.79,0.84,4.956%,630810,3843632237.00,Philippines,,Telecommunications Equipment,Telecommunications
PHIN,PHINIA Inc. Common Stock,$59.43,-0.99,-1.639%,632641,2177401570.00,United States,2023,Auto Parts:O.E.M.,Consumer Discretionary
PHIO,Phio Pharmaceuticals Corp. Common Stock,$1.03,0.00,0.00%,104002,11965768.00,United States,,Biotechnology: Pharmaceutical Preparations,Health Care
PHK,Pimco High Income Fund,$4.10,-0.02,-0.485%,1396479,0.00,United States,2003,Finance/Investors Services,Finance
PHM,PulteGroup Inc. Common Stock,$116.06,-2.44,-2.059%,2012423,21755741792.00,United States,,Homebuilding,Consumer Discretionary
PHOE,Phoenix Asia Holdings Limited Ordinary Shares,$18.34,0.00,0.00%,1451,396144000.00,Hong Kong,2025,Engineering & Construction,Consumer Discretionary
PHOS,First Phosphate Corp. American Depositary Shares,$15.50,-0.28,-1.774%,16032,293174022.00,Canada,,Mining & Quarrying of Nonmetallic Minerals (No Fuels),Industrials
PHR,Phreesia Inc. Common Stock,$10.33,0.32,3.197%,619306,641192852.00,United States,2019,Business Services,Consumer Discretionary
PHUN,Phunware Inc. Common Stock,$1.98,0.00,0.00%,32167,40516097.00,Greece,2016,EDP Services,Technology
PHVS,Pharvaris N.V. Ordinary Shares,$31.72,-0.01,-0.032%,840056,2209819889.00,Netherlands,2021,Biotechnology: Pharmaceutical Preparations,Health Care
PHXE^,Phoenix Energy One LLC Series A Cumulative Redeemable Preferred Shares,$26.65,-0.15,-0.56%,12135,,,,,
PI,Impinj Inc. Common Stock,$179.29,2.84,1.61%,343618,5478100707.00,United States,2016,Industrial Machinery/Components,Technology
PICS,PicS N.V. Class A Common Shares,$8.48,0.29,3.541%,830128,1098902365.00,Brazil,2026,Finance: Consumer Services,Finance
PII,Polaris Inc. Common Stock,$52.15,-0.39,-0.742%,860172,2967518777.00,United States,,Industrial Specialties,Consumer Discretionary
PIII,P3 Health Partners Inc. Class A Common Stock,$6.765,0.225,3.44%,13482,49120543.00,United States,2021,Medical/Nursing Services,Health Care
PIIIW,P3 Health Partners Inc. Warrant,$0.0076,-0.01,-56.818%,1921419,55183.00,United States,2021,Medical/Nursing Services,Health Care
PIM,Franklin Master Intermediate Income Trust Shares of Beneficial Interest,$3.02,0.01,0.332%,133695,151765250.00,United States,1988,Finance Companies,Finance
PINE,Alpine Income Property Trust Inc. Common Stock,$17.35,0.03,0.173%,227894,311179311.00,United States,2019,Real Estate Investment Trusts,Real Estate
PINE^A,Alpine Income Property Trust Inc. 8.00% Series A Cumulative Redeemable Preferred Stock,$25.15,0.1999,0.801%,6755,,United States,,,
PINS,Pinterest Inc. Class A Common Stock,$18.89,0.35,1.888%,16143657,10697653080.00,United States,2019,Computer Software: Programming Data Processing,Technology
PIPR,Piper Sandler Companies Common Stock,$65.97,1.25,1.931%,1943098,4662119097.00,United States,2026,Investment Bankers/Brokers/Service,Finance
PJT,PJT Partners Inc. Class A Common Stock,$142.71,-2.13,-1.471%,437851,5852766720.00,United States,2015,Investment Managers,Finance
PK,Park Hotels & Resorts Inc. Common Stock ,$15.42,-0.15,-0.963%,2791465,3104637049.00,United States,2016,Hotels/Resorts,Consumer Discretionary
PKBK,Parke Bancorp Inc. Common Stock,$32.70,-0.67,-2.008%,60206,384600069.00,United States,,Major Banks,Finance
PKE,Park Aerospace Corp. Common Stock,$29.69,0.09,0.304%,232302,645793455.00,United States,,Military/Government/Technical,Industrials
PKG,Packaging Corporation of America Common Stock,$229.26,-4.02,-1.723%,582430,20426676029.00,United States,2000,Containers/Packaging,Consumer Discretionary
PKOH,Park-Ohio Holdings Corp. Common Stock,$46.20,-0.96,-2.036%,126528,669438462.00,United States,,Industrial Specialties,Industrials
PKX,POSCO HOLDINGS INC. American Depositary Shares (Each representing 1/4th of a share of Common Stock),$56.41,0.05,0.089%,115181,18261711289.00,South Korea,1994,Steel/Iron Ore,Industrials
PL,Planet Labs PBC Class A Common Stock,$16.39,0.01,0.061%,10283400,5963468540.00,United States,2021,Radio And Television Broadcasting And Communications Equipment,Technology
PLAB,Photronics Inc. Common Stock,$30.78,-0.29,-0.933%,672119,1815932800.00,United States,1987,Semiconductors,Technology
PLAG,Planet Green Holdings Corp. Common Stock,$0.7001,-0.0149,-2.084%,78688,9964323.00,China,,Packaged Foods,Consumer Staples
PLAY,Dave & Buster's Entertainment Inc. Common Stock,$6.38,-0.11,-1.695%,1782973,222219509.00,United States,2014,Restaurants,Consumer Discretionary
PLBC,Plumas Bancorp,$61.26,-0.31,-0.503%,36527,426309320.00,United States,,Finance Companies,Finance
PLBL,Polibeli Group Ltd Class A Ordinary Shares,$5.57,-0.26,-4.46%,236374,2040778208.00,Indonesia,,Consumer Electronics/Appliances,Consumer Discretionary
PLBY,Playboy Inc. Common Stock,$1.025,-0.005,-0.485%,674978,122802880.00,United States,2020,Other Specialty Stores,Consumer Discretionary
PLCE,Children's Place Inc. (The) Common Stock,$2.14,0.03,1.422%,44842,47587323.00,United States,1997,Clothing/Shoe/Accessory Stores,Consumer Discretionary
PLCI,Pelican Acquisition II Corporation Ordinary Shares,$9.8901,0.00,0.00%,15,0.00,United States,2026,Blank Checks,Finance
PLD,Prologis Inc. Common Stock,$129.84,-2.77,-2.089%,6121192,123098187840.00,United States,,Real Estate Investment Trusts,Real Estate
PLG,Platinum Group Metals Ltd. Ordinary Shares (Canada),$1.26,-0.02,-1.563%,557190,161135241.00,Canada,,Precious Metals,Basic Materials
PLGO,Pelagos Insurance Capital Limited Common Shares,$23.66,-0.21,-0.88%,670794,2046120231.00,Bermuda,2023,Property-Casualty Insurers,Finance
PLMK,Plum Acquisition Corp. IV Class A Ordinary Shares,$10.72,0.00,0.00%,1429,0.00,United States,2025,,
PLMKU,Plum Acquisition Corp. IV Unit,$10.76,0.00,0.00%,49,0.00,United States,2025,,
PLMR,Palomar Holdings Inc. Common stock,$123.29,0.15,0.122%,245540,3244707137.00,United States,2019,Property-Casualty Insurers,Finance
PLNT,Planet Fitness Inc. Common Stock,$42.22,1.48,3.633%,3988624,3175660262.00,United States,2015,Hotels/Resorts,Consumer Discretionary
PLOW,Douglas Dynamics Inc. Common Stock,$39.25,-0.60,-1.506%,195288,905774056.00,United States,2010,Construction/Ag Equipment/Trucks,Industrials
PLPC,Preformed Line Products Company Common Stock,$407.20,-5.56,-1.347%,84397,1990679047.00,United States,,Water Sewer Pipeline Comm & Power Line Construction,Industrials
PLRX,Pliant Therapeutics Inc. Common Stock,$1.08,0.00,0.00%,238689,66875649.00,United States,2020,Biotechnology: Pharmaceutical Preparations,Health Care
PLRZ,Polyrizon Ltd. Ordinary Shares,$10.7831,0.2931,2.794%,13530,26187880.00,Israel,2024,Medical/Dental Instruments,Health Care
PLSE,Pulse Biosciences Inc Common Stock (DE),$49.92,-0.97,-1.906%,604635,3560424541.00,United States,2016,Medical/Dental Instruments,Health Care
PLSM,Pulsenmore Ltd. Ordinary Shares,$2.22,0.03,1.37%,38694,14436314.00,Israel,,Medical/Dental Instruments,Health Care
PLTK,Playtika Holding Corp. Common Stock,$2.14,-0.01,-0.465%,992604,816234918.00,Israel,2021,EDP Services,Technology
PLTR,Palantir Technologies Inc. Class A Common Stock,$187.05,0.08,0.043%,17921513,449304103434.00,United States,,Computer Software: Prepackaged Software,Technology
PLUG,Plug Power Inc. Common Stock,$1.94,0.03,1.571%,49165105,2710558839.00,United States,1999,Industrial Machinery/Components,Energy
PLUN,Plutonian Acquisition Corp II Class A Ordinary Shares,$10.08,0.00,0.00%,219572,0.00,,2026,,
PLUR,Pluri Inc. Common Stock,$1.00,-0.009,-0.892%,37292,12344736.00,Israel,,Biotechnology: Biological Products (No Diagnostic Substances),Health Care
PLUS,ePlus inc. Common Stock,$90.01,0.19,0.212%,215416,2348398524.00,United States,1996,Retail: Computer Software & Peripheral Equipment,Technology
PLUT,Plutus Financial Group Limited Ordinary Shares,$2.33,-0.17,-6.80%,19834,35765500.00,Hong Kong,2025,Investment Bankers/Brokers/Service,Finance
PLX,Protalix BioTherapeutics Inc. (DE) Common Stock,$2.76,0.07,2.602%,836265,222377732.00,Israel,,Biotechnology: Biological Products (No Diagnostic Substances),Health Care
PLXS,Plexus Corp. Common Stock,$260.95,-5.18,-1.946%,299818,6954865234.00,United States,,Electrical Products,Technology
PLYX,Polaryx Therapeutics Inc. Common Stock,$2.07,0.00,0.00%,16587,103181206.00,United States,,Biotechnology: Pharmaceutical Preparations,Health Care
PM,Philip Morris International Inc Common Stock,$190.82,-3.08,-1.588%,4355742,297414616430.00,United States,, Medicinal Chemicals and Botanical Products ,Health Care
PMA,PMA Graphene Technology Group Inc. Class A Ordinary Shares,$1.30,-0.05,-3.704%,3814,211867500.00,Hong Kong,2024,Engineering & Construction,Consumer Discretionary
PMAX,Powell Max Limited Class A Ordinary Shares,$0.82,-0.062,-7.029%,310545,1608811.00,Hong Kong,2024,Other Consumer Services,Consumer Discretionary
PMCB,PharmaCyte  Biotech Inc. Common Stock,$0.4106,-0.0084,-2.005%,193644,4408057.00,United States,,Biotechnology: Biological Products (No Diagnostic Substances),Health Care
PMEC,Primech Holdings Ltd. Ordinary Shares,$0.529,0.019,3.725%,9429,20323115.00,Singapore,2023,Diversified Commercial Services,Consumer Discretionary
PMI,Picard Medical Inc. Common Stock,$4.20,-0.25,-5.618%,23648,9822263.00,,2025,Medical/Dental Instruments,Health Care
PML,Pimco Municipal Income Fund II Common Shares of Beneficial Interest,$6.57,0.11,1.703%,1263484,0.00,United States,2002,Investment Managers,Finance
PMM,Franklin Managed Municipal Income Trust Shares of Beneficial Interest,$5.44,-0.04,-0.73%,313810,265139121.00,United States,1989,Investment Managers,Finance
PMN,ProMIS Neurosciences Inc. Common Shares (ON),$10.85,0.215,2.022%,12689,97299469.00,Canada,,Biotechnology: Pharmaceutical Preparations,Health Care
PMO,Franklin Municipal Opportunities Trust Shares of Beneficial Interest,$9.14,0.07,0.772%,206248,310591522.00,United States,1993,Finance Companies,Finance
PMT,PennyMac Mortgage Investment Trust Common Shares of Beneficial Interest,$7.88,-0.12,-1.50%,2186968,687154613.00,United States,2009,Real Estate Investment Trusts,Real Estate
PMT^A,PennyMac Mortgage Investment Trust 8.125% Series A Fixed-to-Floating Rate Cumulative Redeemable Preferred Shares of Beneficial Interest,$21.72,0.335,1.567%,12948,,United States,,,
PMT^B,PennyMac Mortgage Investment Trust 8.00% Series B Fixed-to-Floating Rate Cumulative Redeemable Preferred Shares of Beneficial Interest,$21.36,0.15,0.707%,16773,,United States,,,
PMT^C,PennyMac Mortgage Investment Trust 6.75% Series C Cumulative Redeemable Preferred Shares of Beneficial Interest,$16.80,0.00,0.00%,31536,,United States,,,
PMTR,Perimeter Acquisition Corp. I Class A Ordinary Shares,$10.43,-0.025,-0.239%,117111,0.00,United States,2025,Blank Checks,Finance
PMTRU,Perimeter Acquisition Corp. I Unit,$11.00,0.00,0.00%,4,0.00,United States,2025,Blank Checks,Finance
PMTS,CPI Card Group Inc. Common Stock,$24.51,-0.26,-1.05%,107539,284119479.00,United States,,Publishing,Consumer Discretionary
PMTU,PennyMac Mortgage Investment Trust 8.50% Senior Notes due 2028,$25.25,-0.01,-0.04%,987,2201859641.00,United States,2023,Real Estate Investment Trusts,Real Estate
PMTV,PennyMac Mortgage Investment Trust 9.00% Senior Notes due 2030,$25.30,0.015,0.059%,14264,0.00,United States,2025,Real Estate Investment Trusts,Real Estate
PMTW,PennyMac Mortgage Investment Trust 9.00% Senior Notes due 2030,$25.21,0.0599,0.238%,12937,0.00,United States,2025,Real Estate Investment Trusts,Real Estate
PMVP,PMV Pharmaceuticals Inc. Common Stock,$1.67,0.24,16.783%,3125286,126110771.00,United States,2020,Biotechnology: Pharmaceutical Preparations,Health Care
PN,PN Smart Energy Limited Class A Ordinary Shares,$2.74,-0.10,-3.521%,54756,40426029.00,China,2025,Retail: Computer Software & Peripheral Equipment,Technology
PNAQ,Pinnacle Acquisition Corporation Class A Ordinary Shares,$9.85,0.00,0.00%,967,0.00,,2026,,
PNBK,Patriot National Bancorp Inc. Common Stock,$0.92,-0.0309,-3.25%,149876,109242824.00,United States,,Major Banks,Finance
PNC,PNC Financial Services Group Inc. (The) Common Stock,$222.26,0.61,0.275%,2242233,88669219427.00,United States,,Major Banks,Finance
PNFP,Pinnacle Financial Partners Inc. Common stock,$93.61,0.09,0.096%,1225227,14145654230.00,United States,,Major Banks,Finance
PNFP^A,Pinnacle Financial Partners Inc. Fixed-to-Floating Rate Non-Cumulative Perpetual Preferred Stock Series A,$25.04,-0.23,-0.91%,36172,,United States,,,
PNFP^B,Pinnacle Financial Partners Inc. Fixed-to-Floating Rate Non-Cumulative Perpetual Preferred Stock Series B,$26.04,0.1436,0.555%,96325,,United States,,,
PNFP^C,Pinnacle Financial Partners Inc. Fixed-to-Floating Rate Non-Cumulative Perpetual Preferred Stock Series C,$24.48,-0.15,-0.609%,196122,,United States,,,
PNI,Pimco New York Municipal Income Fund II Common Shares of Beneficial Interest,$6.12,0.01,0.164%,142781,0.00,United States,2002,Trusts Except Educational Religious and Charitable,Finance
PNNT,PennantPark Investment Corporation Common Stock,$3.30,-0.04,-1.198%,696901,215477110.00,United States,2022,Finance: Consumer Services,Finance
PNR,Pentair plc. Ordinary Share,$52.99,-0.48,-0.898%,2350170,8459214971.00,Switzerland,,Industrial Machinery/Components,Industrials
PNRG,PrimeEnergy Resources Corporation Common Stock,$197.50,-2.04,-1.022%,38988,312563500.00,United States,,Oil & Gas Production,Energy
PNTG,The Pennant Group Inc. Common Stock ,$39.00,-1.50,-3.704%,248820,1362233886.00,United States,,Medical/Nursing Services,Health Care
PNW,Pinnacle West Capital Corporation Common Stock,$93.04,-0.36,-0.385%,2157469,11276190651.00,United States,,Electric Utilities: Central,Utilities
POAS,Phaos Technology Holdings (Cayman) Limited Class A Ordinary Shares,$0.17,0.006,3.659%,96550,5367240.00,,2025,Industrial Machinery/Components,Industrials
POCI,Precision Optics Corporation Inc. Common stock,$4.15,-0.12,-2.81%,96813,45537087.00,United States,,Biotechnology: Electromedical & Electrotherapeutic Apparatus,Health Care
PODC,PodcastOne Inc. Common Stock,$2.31,0.26,12.683%,134282,69883728.00,United States,,Computer Software: Programming Data Processing,Technology
PODD,Insulet Corporation Common Stock,$130.47,-2.37,-1.784%,1416213,9048642344.00,United States,2007,Medical/Dental Instruments,Health Care
POET,POET Technologies Inc. Common Shares,$7.48,-0.19,-2.477%,6950840,1294474498.00,Canada,,Semiconductors,Technology
POLA,Polar Power Inc. Common Stock,$1.21,-0.02,-1.626%,79242,5214276.00,United States,2016,Industrial Machinery/Components,Miscellaneous
POLE,Andretti Acquisition Corp. II Class A Ordinary Shares,$10.74,0.00,0.00%,644,0.00,United States,2024,,
POM,POMDOCTOR LIMITED American Depositary Shares,$0.935,0.005,0.538%,21683,6970662.00,China,2025,Other Specialty Stores,Consumer Discretionary
PONO,Pono Capital Four Inc. Class A Ordinary Shares,$10.02,0.00,0.00%,23,0.00,Cayman Islands,2026,Blank Checks,Finance
PONY,Pony AI Inc. American Depositary Shares ,$6.54,0.00,0.00%,4360134,2835361757.00,China,2024,EDP Services,Technology
POOL,Pool Corporation Common Stock,$161.87,-0.65,-0.40%,690077,5882476717.00,United States,1995,Industrial Specialties,Consumer Discretionary
POR,Portland General Electric Co Common Stock,$44.63,0.14,0.315%,1908129,5248833436.00,United States,,Electric Utilities: Central,Utilities
POST,Post Holdings Inc. Common Stock,$72.85,-0.58,-0.79%,788733,3202253244.00,United States,2012,Packaged Foods,Consumer Staples
POWI,Power Integrations Inc. Common Stock,$51.80,0.72,1.41%,1124896,2894236836.00,United States,1997,Semiconductors,Technology
POWL,Powell Industries Inc. Common Stock,$184.47,-3.99,-2.117%,471738,6720715081.00,United States,,Electrical Products,Energy
POWW,Outdoor Holding Company Common Stock,$2.25,-0.04,-1.747%,416397,261137095.00,United States,,Ordnance And Accessories,Industrials
POWWP,Outdoor Holding Company 8.75% Series A Cumulative Redeemable Perpetual Preferred Stock,$23.74,-0.2501,-1.043%,2087,2755286502.00,United States,,Ordnance And Accessories,Industrials
PPBT,Purple Biotech Ltd. American Depositary Shares,$1.52,0.00,0.00%,21261,2472838.00,Israel,2015,Biotechnology: Pharmaceutical Preparations,Health Care
PPC,Pilgrim's Pride Corporation Common Stock,$27.01,-0.26,-0.953%,1363736,6431311233.00,United States,,Meat/Poultry/Fish,Consumer Staples
PPCB,Propanc Biopharma Inc. Common Stock,$0.494,-0.0183,-3.572%,135392,3127571.00,Australia,,Biotechnology: Pharmaceutical Preparations,Health Care
PPG,PPG Industries Inc. Common Stock,$104.33,-1.69,-1.594%,1918227,23192559000.00,United States,,Paints/Coatings,Consumer Discretionary
PPHC,Public Policy Holding Company Inc. Common Stock,$10.21,-0.06,-0.584%,301932,305230901.00,United States,2026,,
PPIH,Perma-Pipe International Holdings Inc. Common Stock,$30.76,-0.45,-1.442%,43813,252083706.00,United States,,Pollution Control Equipment,Industrials
PPL,PPL Corporation Common Stock,$32.89,0.31,0.952%,14848078,24751199820.00,United States,,Electric Utilities: Central,Utilities
PPLC,PPL Corporation Corporate Units,$45.01,0.42,0.942%,233842,33872043293.00,United States,,Electric Utilities: Central,Utilities
PPLI,People Incorporated Common Stock,$41.96,1.22,2.995%,2188621,3124506293.00,United States,,Computer Software: Programming Data Processing,Technology
PPSI,Pioneer Power Solutions Inc. Common Stock,$3.38,0.095,2.892%,53722,37515519.00,United States,,Industrial Machinery/Components,Miscellaneous
PPT,Franklin Premier Income Trust Shares of Beneficial Interest,$3.28,0.04,1.235%,351551,326452703.00,United States,1988,Finance Companies,Finance
PPTA,Perpetua Resources Corp. Common Shares,$21.57,0.04,0.186%,797611,2698316471.00,Canada,,Precious Metals,Basic Materials
PR,Permian Resources Corporation Class A Common Stock,$21.12,-0.08,-0.377%,7281302,17689204452.00,United States,2022,Oil & Gas Production,Energy
PRAA,PRA Group Inc. Common Stock,$19.49,0.05,0.257%,421926,733759637.00,United States,2002,Finance Companies,Finance
PRAX,Praxis Precision Medicines Inc. Common Stock,$291.23,10.23,3.641%,710650,8131138105.00,United States,2020,Biotechnology: Pharmaceutical Preparations,Health Care
PRCH,Porch Group Inc. Common Stock,$16.66,0.09,0.543%,1382007,2196321853.00,United States,2020,Computer Software: Prepackaged Software,Technology
PRCT,PROCEPT BioRobotics Corporation Common Stock,$18.22,0.00,0.00%,1594629,1043526067.00,United States,2021,Medical/Dental Instruments,Health Care
PRDO,Perdoceo Education Corporation Common Stock,$30.94,0.83,2.757%,1028119,1936134082.00,United States,,Other Consumer Services,Real Estate
PRE,Prenetics Global Limited Class A Ordinary Share,$23.13,0.29,1.27%,67319,391769464.00,Hong Kong,,Blank Checks,Finance
PRENW,Prenetics Global Limited Warrant,$0.0099,-0.0007,-6.604%,414418,167683.00,Hong Kong,,Blank Checks,Finance
PRFX,PRF Technologies Ltd. Ordinary Shares,$0.9503,0.0053,0.561%,10278,2890651.00,Israel,2020,Biotechnology: Pharmaceutical Preparations,Health Care
PRG,PROG Holdings Inc. Common Stock,$30.92,-0.57,-1.81%,603220,1231594092.00,United States,,Diversified Commercial Services,Consumer Discretionary
PRGO,Perrigo Company plc Ordinary Shares,$14.76,-0.24,-1.60%,2548824,2048234056.00,United States,,Biotechnology: Pharmaceutical Preparations,Health Care
PRGS,Progress Software Corporation Common Stock (DE),$39.97,0.53,1.344%,1191197,1639287292.00,United States,1991,Computer Software: Prepackaged Software,Technology
PRH,Prudential Financial Inc. 5.950% Junior Subordinated Notes due 2062,$20.68,-0.38,-1.804%,102841,7279360000.00,United States,2022,Life Insurance,Finance
PRHI,Presurance Holdings Inc. Common Stock,$6.39,-0.32,-4.769%,72338,23937528.00,United States,2015,Property-Casualty Insurers,Finance
PRI,Primerica Inc. Common Stock,$272.39,-3.49,-1.265%,201802,8383442367.00,United States,2010,Life Insurance,Finance
PRIF^D,Priority Income Fund Inc. 7.00% Series D Term Preferred Stock due 2029,$24.55,0.10,0.409%,661,,,,,
PRIF^K,Priority Income Fund Inc. 7.000% Series K Cumulative Preferred Stock,$21.89,2.01,10.111%,16230,,,,,
PRIF^L,Priority Income Fund Inc. 6.375% Series L Term Preferred Stock Due 2029,$24.9942,-0.0258,-0.103%,2197,,,,,
PRIM,Primoris Services Corporation Common Stock,$74.52,0.24,0.323%,1443236,4011585008.00,United States,,Water Sewer Pipeline Comm & Power Line Construction,Industrials
PRK,Park National Corporation Common Stock,$178.66,-1.24,-0.689%,88641,3227343004.00,United States,1994,Major Banks,Finance
PRKS,United Parks & Resorts Inc. Common Stock,$32.40,0.22,0.684%,649738,1469058412.00,United States,2013,Services-Misc. Amusement & Recreation,Consumer Discretionary
PRLB,Proto Labs Inc. Common stock,$94.85,-0.61,-0.639%,277469,2268991930.00,United States,2012,Metal Fabrications,Industrials
PRLD,Prelude Therapeutics Incorporated Common Stock,$3.91,-0.05,-1.263%,703225,312031626.00,United States,2020,Biotechnology: Pharmaceutical Preparations,Health Care
PRM,Perimeter Solutions SA Common Stock,$26.32,-0.60,-2.229%,3510127,4308239813.00,Luxembourg,,Major Chemicals,Industrials
PRMB,Primo Brands Corporation Class A Common Stock,$19.05,-0.20,-1.039%,3593920,6902844557.00,United States,2024,Beverages (Production/Distribution),Consumer Staples
PRME,Prime Medicine Inc. Common Stock,$3.055,-0.035,-1.133%,3132509,554106295.00,United States,2022,Biotechnology: Biological Products (No Diagnostic Substances),Health Care
PROF,Profound Medical Corp. Common Stock,$5.80,0.08,1.399%,106893,211889045.00,Canada,,Medical/Dental Instruments,Health Care
PROK,ProKidney Corp. Class A Ordinary Shares,$1.66,0.03,1.84%,1196621,501855607.00,United States,2021,Biotechnology: Biological Products (No Diagnostic Substances),Health Care
PROP,Prairie Operating Co. Common Stock,$0.4115,-0.0095,-2.257%,1126593,46416381.00,United States,,Oil & Gas Production,Energy
PROV,Provident Financial Holdings Inc. Common Stock,$18.02,-0.285,-1.557%,4562,112335923.00,United States,,Savings Institutions,Finance
PRPL,Purple Innovation Inc. Common Stock,$2.19,-0.07,-3.097%,21713,9533309.00,United States,2015,Home Furnishings,Consumer Discretionary
PRPO,Precipio Inc.  Common Stock,$23.68,0.10,0.424%,74248,42391652.00,United States,,Biotechnology: Laboratory Analytical Instruments,Industrials
PRQR,ProQR Therapeutics N.V. Ordinary Shares,$1.66,0.01,0.606%,678479,234261650.00,Netherlands,2014,Biotechnology: Pharmaceutical Preparations,Health Care
PRS,Prudential Financial Inc. 5.625% Junior Subordinated Notes due 2058,$19.86,-0.08,-0.401%,109132,6990720000.00,United States,2018,Life Insurance,Finance
PRSO,Peraso Inc. Common Stock,$0.4702,-0.0135,-2.791%,99045,7083317.00,United States,,Semiconductors,Technology
PRSU,Pursuit Attractions and Hospitality Inc. Common Stock,$49.73,-0.37,-0.739%,322616,1355846428.00,United States,,Services-Misc. Amusement & Recreation,Consumer Discretionary
PRT,PermRock Royalty Trust Units of Beneficial Interest,$1.93,-0.02,-1.026%,28221,23479863.00,United States,2018,Oil & Gas Production,Energy
PRTA,Prothena Corporation plc Ordinary Shares,$8.38,-0.40,-4.556%,634856,430203842.00,United States,,Biotechnology: Pharmaceutical Preparations,Health Care
PRTH,Priority Technology Holdings Inc. Common Stock,$7.80,0.01,0.128%,961287,643034902.00,United States,2016,Business Services,Consumer Discretionary
PRTS,CarParts.com Inc. Common Stock,$8.02,-0.29,-3.49%,15560,64684765.00,United States,2007,Auto & Home Supply Stores,Consumer Discretionary
PRU,Prudential Financial Inc. Common Stock,$113.58,-1.48,-1.286%,1577689,39185100000.00,United States,2001,Life Insurance,Finance
PRVA,Privia Health Group Inc. Common Stock,$19.69,0.07,0.357%,1335274,2515086536.00,United States,2021,Medical/Nursing Services,Health Care
PRZO,ParaZero Technologies Ltd. Ordinary Shares,$0.60,-0.0257,-4.107%,88468,15557143.00,Israel,2023,Military/Government/Technical,Industrials
PS,Pershing Square Inc. Common Stock,$55.94,2.38,4.444%,332389,22376000000.00,,2026,Investment Managers,Finance
PSA,Public Storage Common Stock,$282.84,-2.74,-0.959%,988669,49672681541.00,United States,,Real Estate Investment Trusts,Real Estate
PSA^F,Public Storage Depositary Shares Each Representing 1/1000 of a 5.15% Cumulative Preferred Share of Beneficial Interest Series F par value $0.01 per share,$17.75,-0.04,-0.225%,279848,,United States,,,
PSA^G,Public Storage Depositary Shares Each Representing 1/1000 of a 5.05% Cumulative Preferred Share of Beneficial Interest Series G,$17.51,-0.24,-1.352%,88462,,United States,,,
PSA^H,Public Storage Depositary Shares Each Representing 1/1000 of a  5.60% Cumulative Preferred  Share of Beneficial Interest Series H,$19.91,0.26,1.323%,171400,,United States,,,
PSA^I,Public Storage Depositary Shares Each Representing 1/1000 of a 4.875% Cumulative Preferred Share of Beneficial Interest Series I par value $0.01 per share,$17.30,0.45,2.671%,78155,,United States,,,
PSA^J,Public Storage Depositary Shares Each Representing 1/1000 of a 4.700% Cumulative Preferred Share of Beneficial Interest Series J par value $0.01 per share,$16.59,0.04,0.242%,236920,,United States,,,
PSA^K,Public Storage Depositary Shares Each Representing 1/1000 of a 4.75% Cumulative Preferred Share of Beneficial Interest Series K,$16.37,-0.08,-0.486%,215189,,United States,,,
PSA^L,Public Storage Depositary Shares Each Representing 1/1000 of a 4.625% Cumulative Preferred Share of Beneficial Interest Series L par value $0.01 per share,$16.03,0.03,0.188%,113548,,United States,,,
PSA^M,Public Storage Depositary Shares Each Representing 1/1000 of a 4.125% Cumulative Preferred Share of Beneficial Interest Series M,$14.72,0.44,3.081%,27286,,United States,,,
PSA^N,Public Storage Depositary Shares Each Representing 1/1000 of a 3.875% Cumulative Preferred Share of Beneficial Interest Series N,$13.67,0.16,1.184%,63935,,United States,,,
PSA^O,Public Storage Depositary Shares Each Representing 1/1000 of a 3.900% Cumulative Preferred Share of Beneficial Interest Series O,$13.63,0.10,0.739%,43171,,United States,,,
PSA^P,Public Storage Depositary Shares Each Representing 1/1000 of a 4.000% Cumulative Preferred Share of Bene cial Interest Series P,$13.87,0.05,0.362%,132824,,United States,,,
PSA^Q,Public Storage Depositary Shares Each Representing 1/1000 of a 3.950% Cumulative Preferred Share of Beneficial Interest Series Q par value $0.01 per share,$13.74,0.08,0.586%,26191,,United States,,,
PSA^R,Public Storage Depositary Shares Each Representing 1/1000 of a 4.00% Cumulative Preferred Share of Bene cial Interest Series R,$14.05,0.22,1.591%,182645,,United States,,,
PSA^S,Public Storage Depositary Shares Each Representing 1/1000 of a 4.100% Cumulative Preferred Share of Beneficial Interest Series S,$14.77,0.38,2.641%,37356,,United States,,,
PSA^T,Public Storage 6.000% Cumulative Preferred Shares of beneficial interest Series T,$21.15,0.16,0.762%,283311,,United States,,,
PSA^U,Public Storage 6.000% Cumulative Preferred Shares of Beneficial Interest Series U,$22.80,0.985,4.515%,17108,,United States,,,
PSBD,Palmer Square Capital BDC Inc. Common Stock,$9.89,-0.08,-0.802%,130803,0.00,,2024,,
PSEC,Prospect Capital Corporation Common Stock,$2.08,-0.04,-1.887%,10168392,1110339046.00,United States,2004,Finance: Consumer Services,Finance
PSEC^A,Prospect Capital Corporation 5.35% Series A Fixed Rate Cumulative Perpetual Preferred Stock,$15.13,-0.10,-0.657%,27692,,United States,,,
PSF,Cohen & Steers Select Preferred and Income Fund Inc. Common Stock,$18.14,0.09,0.499%,66468,891374712.00,,2010,Investment Managers,Finance
PSFE,Paysafe Limited Common Shares,$5.63,-0.24,-4.089%,321515,293973107.00,United Kingdom,2021,Business Services,Consumer Discretionary
PSHG,Performance Shipping Inc. Common Shares,$1.75,-0.005,-0.285%,34797,21755052.00,Greece,,Marine Transportation,Consumer Discretionary
PSIG,PS International Group Ltd. Ordinary Shares,$4.62,0.02,0.435%,499975,71059398.00,Hong Kong,,Integrated Freight & Logistics,Industrials
PSIX,Power Solutions International Inc. Common Stock,$45.97,-1.13,-2.399%,260092,1060318737.00,United States,,Industrial Machinery/Components,Industrials
PSKY,Paramount Skydance Corporation Class B Common Stock,$10.33,0.34,3.403%,31994466,11589699897.00,United States,,Broadcasting,Industrials
PSMT,PriceSmart Inc. Common Stock,$169.11,-1.27,-0.745%,267881,5218823214.00,United States,,Department/Specialty Retail Stores,Consumer Discretionary
PSN,Parsons Corporation Common Stock,$40.97,-0.58,-1.396%,1398741,4375816992.00,United States,2019,EDP Services,Technology
PSNL,Personalis Inc. Common Stock,$16.28,-0.07,-0.428%,984179,1738701916.00,United States,2019,Medical Specialities,Health Care
PSNY,Polestar Automotive Holding UK PLC Class A ADS,$6.54,-0.11,-1.654%,273565,1074392044.00,Sweden,,Auto Manufacturing,Industrials
PSNYW,Polestar Automotive Holding UK PLC Class C-1 ADS (ADW),$4.35,0.30,7.407%,27544,714618561.00,Sweden,,Auto Manufacturing,Industrials
PSO,Pearson Plc Common Stock,$16.05,0.09,0.564%,523588,9657604283.00,United Kingdom,,Books,Consumer Discretionary
PSQH,PSQ Holdings Inc. Class A Common Stock,$5.12,0.16,3.226%,26514,19083100.00,,2021,Advertising,Consumer Discretionary
PSQL,Pasqal Holding SA Ordinary Share,$6.36,0.22,3.583%,1294615,1350187875.00,France,,EDP Services,Technology
PSQLW,Pasqal Holding SA Warrant,$1.075,-0.045,-4.018%,117344,228215718.00,France,,EDP Services,Technology
PSTL,Postal Realty Trust Inc. Class A Common Stock,$22.87,-0.42,-1.803%,214587,691791726.00,United States,2019,Real Estate Investment Trusts,Real Estate
PSUS,Pershing Square USA Ltd. Common Shares,$37.10,0.46,1.255%,213239,970165000.00,,2026,,
PSX,Phillips 66 Common Stock,$255.31,3.06,1.213%,2521846,101874030064.00,United States,,Integrated oil Companies,Energy
PTA,Cohen & Steers Tax-Advantaged Preferred Securities and Income Fund Common Shares of Beneficial Interest,$17.39,-0.04,-0.229%,287915,961205417.00,United States,2020,Trusts Except Educational Religious and Charitable,Finance
PTAC,Patriot Acquisition Corp. Class A Ordinary Shares,$9.96,0.00,0.00%,6,0.00,United States,2026,Blank Checks,Finance
PTC,PTC Inc. Common Stock,$140.30,2.74,1.992%,1046098,15223428418.00,United States,,Computer Software: Prepackaged Software,Technology
PTCT,PTC Therapeutics Inc. Common Stock,$64.78,-0.18,-0.277%,1043342,5406590754.00,United States,2013,Biotechnology: Pharmaceutical Preparations,Health Care
PTEN,Patterson-UTI Energy Inc. Common Stock,$10.92,0.37,3.507%,8911893,4164722824.00,United States,1993,Oil & Gas Production,Energy
PTGX,Protagonist Therapeutics Inc. Common Stock,$140.89,-0.08,-0.057%,787728,9116750274.00,United States,2016,Biotechnology: Pharmaceutical Preparations,Health Care
PTHS,Pelthos Therapeutics Inc. Common Stock,$21.01,0.09,0.43%,5457,80436134.00,,2024,Biotechnology: Biological Products (No Diagnostic Substances),Health Care
PTLE,PTL LTD Class A Ordinary Shares,$7.44,0.19,2.621%,50219,46731548.00,Singapore,2024,Oil Refining/Marketing,Energy
PTLO,Portillo's Inc. Class A Common Stock,$3.53,-0.02,-0.563%,1238383,268079581.00,United States,2021,Restaurants,Consumer Discretionary
PTN,Palatin Technologies Inc. Common Stock,$8.87,-0.25,-2.741%,21532,15796929.00,United States,,Biotechnology: Pharmaceutical Preparations,Health Care
PTON,Peloton Interactive Inc. Class A Common Stock,$4.99,-0.05,-0.992%,6654822,2189970287.00,United States,2019,Recreational Games/Products/Toys,Consumer Discretionary
PTOR,Praetorian Acquisition Corp. Class A Ordinary Shares,$9.955,-0.005,-0.05%,59730,0.00,United States,2026,Blank Checks,Finance
PTORU,Praetorian Acquisition Corp. Units,$10.08,0.00,0.00%,10,0.00,United States,2026,,
PTRN,Pattern Group Inc. Series A Common Stock,$17.16,0.27,1.599%,2217601,3044168367.00,United States,2025,Catalog/Specialty Distribution,Consumer Discretionary
PTY,Pimco Corporate & Income Opportunity Fund,$11.01,0.13,1.195%,2240326,0.00,United States,2002,Investment Managers,Finance
PUBM,PubMatic Inc. Class A Common Stock,$18.73,-0.07,-0.372%,879266,853152643.00,United States,2020,Computer Software: Programming Data Processing,Technology
PUK,Prudential Public Limited Company Common Stock,$24.74,-0.49,-1.942%,1051000,30919998166.00,United Kingdom,,Life Insurance,Finance
PULM,Pulmatrix Inc. Common Stock,$1.52,-0.037,-2.376%,8459,5551473.00,United States,2014,Biotechnology: Pharmaceutical Preparations,Health Care
PUMP,ProPetro Holding Corp. Common Stock,$8.84,-0.04,-0.45%,5876468,1085763426.00,United States,2017,Oilfield Services/Equipment,Energy
PURR,Hyperliquid Strategies Inc Common Stock,$12.27,0.35,2.936%,15898401,2919269664.00,United States,,Finance: Consumer Services,Finance
PUSA,Aureus Greenway Holdings Inc. Common Stock,$3.88,0.27,7.479%,966530,107257098.00,United States,2025,Hotels/Resorts,Consumer Discretionary
PVH,PVH Corp. Common Stock,$74.05,-1.69,-2.231%,743968,3416506534.00,United States,,Garments and Clothing,Industrials
PVL,Permianville Royalty Trust Units of Beneficial Interest,$1.82,0.00,0.00%,33445,60060000.00,United States,2011,Oil & Gas Production,Energy
PVLA,Palvella Therapeutics Inc. Common Stock,$137.93,-1.07,-0.77%,262327,1987351578.00,United States,,Biotechnology: Pharmaceutical Preparations,Health Care
PW,Power REIT (MD) Common Stock,$7.02,-0.03,-0.426%,6767,2577182.00,United States,1998,Real Estate Investment Trusts,Real Estate
PW^A,Power REIT 7.75% Series A Cumulative Perpetual Preferred Stock,$7.29,-0.76,-9.441%,343,,United States,,,
PWCM,PowerCompute Inc. Common Stock,$1.13,0.1431,14.50%,7553438,2736263.00,United States,2015,Finance: Consumer Services,Finance
PWP,Perella Weinberg Partners Class A Common Stock,$16.31,-0.06,-0.367%,3010391,1587147727.00,United States,2020,Finance: Consumer Services,Finance
PWR,Quanta Services Inc. Common Stock,$642.51,-9.28,-1.424%,917458,94660856305.00,United States,,Engineering & Construction,Industrials
PWRL,Powerlaw Corp. Common Stock,$11.00,-0.14,-1.257%,114466,0.00,United States,,,
PXED,Phoenix Education Partners Inc. Common Stock,$25.43,0.05,0.197%,123024,916684772.00,,2025,Other Consumer Services,Real Estate
PXLW,Pixelworks Inc.  Common Stock,$7.11,0.16,2.302%,8954,43011184.00,United States,2000,Computer Software: Prepackaged Software,Technology
PXS,Pyxis Tankers Inc. Common Stock,$7.17,0.73,11.335%,196451,73672747.00,Greece,,Marine Transportation,Consumer Discretionary
PYPD,PolyPid Ltd. Ordinary Shares,$5.27,-0.02,-0.378%,47402,107043007.00,Israel,2020,Medical/Dental Instruments,Health Care
PYPL,PayPal Holdings Inc. Common Stock,$52.53,-1.36,-2.524%,8718888,44937359711.00,United States,,Diversified Commercial Services,Industrials
PYT,PPlus Tr GSC-2 Tr Ctf Fltg Rate,$23.77,0.00,0.00%,14,0.00,United States,,Finance: Consumer Services,Finance
PYXS,Pyxis Oncology Inc. Common Stock,$2.33,-0.57,-19.655%,8149568,194340757.00,United States,2021,Biotechnology: Pharmaceutical Preparations,Health Care
PZG,Paramount Gold Nevada Corp. Common Stock,$1.22,-0.02,-1.613%,164465,105182765.00,United States,2015,Metal Mining,Basic Materials
PZZA,Papa John's International Inc. Common Stock,$19.705,-0.625,-3.074%,1235753,648721842.00,United States,1993,Restaurants,Consumer Discretionary
Q,Qnity Electronics Inc. Common Stock,$125.74,0.13,0.103%,1506287,26305882197.00,United States,2025,Semiconductors,Technology
QADR,QDRO Acquisition Corp. Class A Ordinary Shares,$10.00,0.00,0.00%,6552,0.00,United States,2026,Blank Checks,Finance
QBTS,D-Wave Quantum Inc. Common Stock,$16.57,0.14,0.852%,12647439,6290413226.00,United States,,EDP Services,Technology
QCLS,Q/C Technologies Inc. Common Stock,$0.8511,-0.0422,-4.724%,7807283,6970371.00,United States,2014,Biotechnology: In Vitro & In Vivo Diagnostic Substances,Health Care
QCOM,QUALCOMM Incorporated Common Stock,$184.04,-0.06,-0.033%,7417640,193285050821.00,United States,1991,Radio And Television Broadcasting And Communications Equipment,Technology
QCRH,QCR Holdings Inc. Common Stock,$97.875,-1.145,-1.156%,140729,1602763220.00,United States,,Major Banks,Finance
QDEL,QuidelOrtho Corporation Common Stock,$10.54,-0.055,-0.519%,1376297,722785001.00,United States,,Biotechnology: In Vitro & In Vivo Diagnostic Substances,Health Care
QETA,Quetta Acquisition Corporation Common Stock,$11.81,0.00,0.00%,1238,0.00,United States,2023,Blank Checks,Finance
QFIN,Qfin Holdings Inc. American Depositary Shares,$6.70,-0.06,-0.888%,2048435,815737623.00,China,2018,Finance: Consumer Services,Finance
QGEN,Qiagen N.V. Common Shares,$43.76,-0.64,-1.441%,2322775,9017831191.00,Netherlands,2026,Biotechnology: Biological Products (No Diagnostic Substances),Health Care
QH,Quhuo Limited Class A Ordinary Shares,$3.70,0.00,0.00%,3074,10178304.00,China,2020,Business Services,Consumer Discretionary
QLEP,Quantum Leap Acquisition Corp Class A Ordinary Shares,$10.04,0.00,0.00%,59,0.00,,2026,,
QLYS,Qualys Inc. Common Stock,$187.20,8.85,4.962%,673833,6476184187.00,United States,2012,Computer Software: Prepackaged Software,Technology
QMCO,Quantum Corporation Common Stock,$31.72,-1.14,-3.469%,1300368,1250085232.00,United States,,Electronic Components,Technology
QMLS,QumulusAI Inc. Common Stock,$6.48,-0.05,-0.766%,471977,216811177.00,United States,,EDP Services,Technology
QNBC,QNB Corp. Common Stock,$45.61,-0.08,-0.175%,17570,275876144.00,United States,,Major Banks,Finance
QNC,Quantum eMotion Corp. Common Shares,$1.48,-0.27,-15.429%,1746692,324741112.00,,2026,,
QNCX,Quince Therapeutics Inc. Common Stock,$31.01,-0.16,-0.513%,10691,31539124.00,United States,2019,Biotechnology: Biological Products (No Diagnostic Substances),Health Care
QNME,Quanome Technologies Inc. Common Stock,$0.532,-0.0547,-9.323%,313491,18315461.00,United States,2024,Integrated Freight & Logistics,Industrials
QNRX,Quoin Pharmaceuticals Ltd. American Depositary Shares,$4.56,-0.32,-6.557%,139257,21906974.00,Israel,2016,Biotechnology: Pharmaceutical Preparations,Health Care
QNST,QuinStreet Inc. Common Stock,$15.01,0.57,3.947%,1421701,858923114.00,United States,2010,Business Services,Consumer Discretionary
QNT,Quantinuum Inc. Class A Common Stock,$48.06,-0.67,-1.375%,1855908,12654589305.00,United States,2026,EDP Services,Technology
QNTM,Quantum Biopharma Ltd. Class B Subordinate Voting Shares,$3.60,-0.22,-5.759%,114113,29115076.00,Canada,,Biotechnology: Pharmaceutical Preparations,Health Care
QQQX,Nuveen NASDAQ 100 Dynamic Overwrite Fund Shares of Beneficial Interest,$30.43,0.29,0.962%,193209,0.00,United States,,Finance Companies,Finance
QRED,QuasarEdge Acquisition Corporation Ordinary Shares,$10.05,0.00,0.00%,7,0.00,,2026,Blank Checks,Finance
QRHC,Quest Resource Holding Corporation Common Stock,$1.36,0.01,0.741%,7327,28686284.00,United States,,Environmental Services,Utilities
QRVO,Qorvo Inc. Common Stock,$114.48,-2.27,-1.944%,4473772,10099612546.00,United States,,Semiconductors,Technology
QS,QuantumScape Corporation Class A Common Stock,$4.645,0.055,1.198%,11677596,2875782240.00,United States,,Industrial Machinery/Components,Miscellaneous
QSEA,Quartzsea Acquisition Corporation Ordinary Shares,$10.68,-0.01,-0.094%,16131,0.00,United States,2025,Blank Checks,Finance
QSEAR,Quartzsea Acquisition Corporation Rights,$0.2395,-0.0013,-0.54%,4366,0.00,United States,2025,Blank Checks,Finance
QSI,Quantum-Si Incorporated Class A Common Stock,$1.07,0.1119,11.679%,13838898,234205786.00,United States,2020,Industrial Machinery/Components,Industrials
QSR,Restaurant Brands International Inc. Common Shares,$71.08,-0.40,-0.56%,1592809,32306492114.00,Canada,2014,Restaurants,Consumer Discretionary
QTEX,QTREX Quantum Ltd. Ordinary Shares,$0.682,0.0004,0.059%,1748867,38167403.00,Israel,2021,Medical/Dental Instruments,Health Care
QTI,QT Imaging Holdings Inc. Common Stock,$2.545,-0.035,-1.357%,35993,37249954.00,United States,,Biotechnology: Electromedical & Electrotherapeutic Apparatus,Health Care
QTRX,Quanterix Corporation Common Stock,$3.71,0.04,1.09%,545403,175457271.00,United States,2017,Biotechnology: Laboratory Analytical Instruments,Industrials
QTTB,Q32 Bio Inc. Common Stock,$8.27,-1.26,-13.221%,5250597,246193484.00,United States,2018,Biotechnology: Pharmaceutical Preparations,Health Care
QTWO,Q2 Holdings Inc. Common Stock,$55.44,0.32,0.581%,584531,3456944291.00,United States,2014,Computer Software: Prepackaged Software,Technology
QUAD,Quad Graphics Inc Class A Common Stock,$9.23,-0.07,-0.753%,309389,474987817.00,United States,,Publishing,Consumer Discretionary
QUBT,Quantum Computing Inc. Common Stock,$8.45,-0.01,-0.118%,5594859,1912630975.00,United States,,Computer Software: Prepackaged Software,Technology
QUCY,Quantum Cyber N.V. Ordinary Shares,$1.31,0.02,1.55%,148063,110129332.00,Germany,2021,Biotechnology: Pharmaceutical Preparations,Health Care
QUIK,QuickLogic Corporation Common Stock,$11.36,0.17,1.519%,193927,208089538.00,United States,1999,Semiconductors,Technology
QUMS,Quantumsphere Acquisition Corp. Ordinary Shares,$10.35,0.01,0.097%,73038,0.00,United States,2025,,
QURE,uniQure N.V. Ordinary Shares,$24.16,-0.35,-1.428%,7443512,1675892514.00,Netherlands,2014,Biotechnology: Pharmaceutical Preparations,Health Care
QVCG,QVC Group Inc. Common Stock,$13.78,-0.54,-3.771%,155197,688998581.00,United States,,Catalog/Specialty Distribution,Consumer Discretionary
QXL,Quantum X Labs Inc. Common Stock,$4.705,0.125,2.729%,13734,101476621.00,Israel,,Computer Software: Prepackaged Software,Technology
QXO,QXO Inc. Common Stock,$11.69,0.07,0.602%,25398571,12128266388.00,United States,,RETAIL: Building Materials,Consumer Discretionary
QXO^B,QXO Inc.  Depositary Shares each representing a 1/20th interest in a share of 5.50% Series B Mandatory Convertible Preferred Stock,$40.46,-1.54,-3.667%,205982,,United States,,,
R,Ryder System Inc. Common Stock,$227.86,-3.01,-1.304%,254405,8737717342.00,United States,,Rental/Leasing Companies,Consumer Discretionary
RA,Brookfield Real Assets Income Fund Inc. Common Stock,$11.55,-0.06,-0.517%,362066,0.00,United States,2016,Investment Managers,Finance
RAC,Rithm Acquisition Corp. Class A Ordinary Shares,$10.5417,-0.0183,-0.173%,32550,0.00,,2025,,
RAC/WS,Rithm Acquisition Corp.,$0.40,-0.033,-7.621%,1400,,,,,
RACC,Research Alliance Corporation III Class A Ordinary Shares,$10.83,-0.05,-0.46%,62490,0.00,United States,2026,Blank Checks,Finance
RACD,Research Alliance Corporation IV Class A Ordinary Shares,$12.00,0.00,0.00%,461,0.00,United States,2026,,
RACE,Ferrari N.V. Common Shares,$392.85,-9.20,-2.288%,844027,91905110182.00,Italy,2015,Auto Manufacturing,Industrials
RADX,Radiopharm Theranostics Limited American Depositary Shares,$1.62,0.10,6.579%,63409,23422767.00,Australia,,Biotechnology: Pharmaceutical Preparations,Health Care
RAIL,FreightCar America Inc. Common Stock,$6.75,-0.14,-2.032%,203413,221341140.00,United States,2005,Railroads,Industrials
RAIN,Rain Enhancement Technologies Holdco Inc. Class A Common Stock,$0.80,0.009,1.138%,46149,9363241.00,United States,,Industrial Machinery/Components,Technology
RAL,Ralliant Corporation Common Stock,$69.17,-0.81,-1.157%,777873,7652969353.00,United States,2025,Industrial Machinery/Components,Industrials
RAMP,LiveRamp Holdings Inc. Common Stock,$37.52,-0.13,-0.345%,1715654,2281027725.00,United States,2018,EDP Services,Technology
RAND,Rand Capital Corporation Common Stock,$9.99,0.21,2.147%,725,29668442.00,United States,,Finance: Consumer Services,Finance
RANG,Range Capital Acquisition Corp. Ordinary Shares,$10.86,0.00,0.00%,42,0.00,United States,2025,Blank Checks,Finance
RANGR,Range Capital Acquisition Corp. Rights,$0.26,-0.0166,-6.001%,1416,0.00,United States,2025,Blank Checks,Finance
RANI,Rani Therapeutics Holdings Inc. Class A Common Stock,$0.791,-0.0093,-1.162%,468364,110261697.00,United States,2021,Biotechnology: Pharmaceutical Preparations,Health Care
RAPP,Rapport Therapeutics Inc. Common Stock,$33.60,0.58,1.757%,582053,1612070410.00,United States,2024,Biotechnology: Pharmaceutical Preparations,Health Care
RARE,Ultragenyx Pharmaceutical Inc. Common Stock,$15.03,-0.29,-1.893%,4422790,1481790761.00,United States,2014,Biotechnology: Pharmaceutical Preparations,Health Care
RAVE,Rave Restaurant Group Inc. Common Stock,$2.30,-0.05,-2.128%,49617,32686602.00,United States,,Food Distributors,Consumer Discretionary
RAYA,Erayak Power Solution Group Inc. Class A Ordinary Shares,$1.96,0.10,5.376%,25202,2067232.00,China,2022,Metal Fabrications,Consumer Discretionary
RBA,RB Global Inc. Common Stock,$81.39,0.00,0.00%,1253163,14775255979.00,Canada,,Business Services,Consumer Discretionary
RBB,RBB Bancorp Common Stock,$26.03,-0.08,-0.306%,83203,440322543.00,United States,2017,Major Banks,Finance
RBBN,Ribbon Communications Inc. Common Stock,$1.76,-0.03,-1.676%,1263127,314729100.00,United States,,EDP Services,Technology
RBC,RBC Bearings Incorporated Common Stock,$499.23,-2.71,-0.54%,250374,15805244881.00,United States,2022,Metal Fabrications,Industrials
RBCAA,Republic Bancorp Inc. Class A Common Stock,$91.70,-0.68,-0.736%,101917,1800451647.00,United States,1998,Major Banks,Finance
RBKB,Rhinebeck Bancorp Inc. Common Stock,$12.69,-0.11,-0.859%,77457,198420409.00,United States,2019,Banks,Finance
RBLX,Roblox Corporation Class A Common Stock,$42.37,1.19,2.89%,15730000,30268108620.00,United States,2021,Computer Software: Prepackaged Software,Technology
RBNE,Robin Energy Ltd. Common Stock,$2.393,0.053,2.265%,7415,3188187.00,Cyprus,,Marine Transportation,Consumer Discretionary
RBRK,Rubrik Inc. Class A Common Stock,$114.47,-0.30,-0.261%,2373662,23730138446.00,United States,2024,Computer Software: Prepackaged Software,Technology
RC,Ready Capital Corporation Common Stock,$1.16,-0.08,-6.452%,1716906,191621551.00,United States,2013,Real Estate Investment Trusts,Real Estate
RC^C,Ready Capital Corporation 6.25% Series C Cumulative Convertible Preferred Stock,$10.985,-0.499,-4.345%,716,,United States,,,
RC^E,Ready Capital Corporation 6.50% Series E Cumulative Redeemable Preferred Stock,$11.7364,-0.1304,-1.099%,22357,,United States,,,
RCAT,Red Cat Holdings Inc. Common Stock,$6.46,0.01,0.155%,7710605,986534779.00,United States,,Computer Software: Prepackaged Software,Technology
RCBC,River City Bank Common stock,$51.20,-0.38,-0.737%,136417,727024845.00,United States,,Major Banks,Finance
RCD,Ready Capital Corporation 9.00% Senior Notes due 2029,$23.27,0.3299,1.438%,11097,0.00,United States,2024,Real Estate Investment Trusts,Real Estate
RCEL,Avita Medical Inc. Common Stock,$11.73,-0.23,-1.923%,249797,362771915.00,United States,,Medical/Dental Instruments,Health Care
RCG,RENN Fund Inc Common Stock,$2.98,-0.0002,-0.007%,10128,0.00,United States,,Investment Managers,Finance
RCI,Rogers Communication Inc. Common Stock,$30.80,-0.07,-0.227%,1444692,16638907762.00,Canada,,Cable & Other Pay Television Services,Telecommunications
RCKT,Rocket Pharmaceuticals Inc. Common Stock,$2.63,0.04,1.544%,2526836,288707190.00,United States,2015,Biotechnology: Pharmaceutical Preparations,Health Care
RCKY,Rocky Brands Inc. Common Stock,$44.69,-0.75,-1.651%,78794,334813503.00,United States,1993,Shoe Manufacturing,Consumer Discretionary
RCL,Royal Caribbean Cruises Ltd. Common Stock,$265.86,5.19,1.991%,4287866,71104811052.00,United States,1993,Marine Transportation,Consumer Discretionary
RCMT,RCM Technologies Inc. Common Stock,$40.68,-0.52,-1.262%,131647,289265676.00,United States,,Professional Services,Consumer Discretionary
RCON,Recon Technology Ltd. Class A Ordinary Shares,$1.29,0.06,4.878%,224748,27042559.00,China,2009,Oilfield Services/Equipment,Energy
RCS,PIMCO Strategic Income Fund Inc.,$5.06,0.08,1.606%,476297,0.00,United States,1994,Investment Managers,Finance
RCT,RedCloud Holdings plc Ordinary Shares,$0.194,0.0085,4.582%,1371012,13265839.00,United Kingdom,2025,Computer Software: Programming Data Processing,Technology
RCUS,Arcus Biosciences Inc. Common Stock,$25.83,0.18,0.702%,1361941,3289021102.00,United States,2018,Biotechnology: Pharmaceutical Preparations,Health Care
RDAC,Rising Dragon Acquisition Corp. Ordinary Shares,$5.43,0.21,4.023%,23438,0.00,China,2024,,
RDACR,Rising Dragon Acquisition Corp. Rights,$0.105,0.002,1.942%,100,0.00,China,2024,Blank Checks,Finance
RDAG,Republic Digital Acquisition Company Class A Ordinary Shares,$10.44,0.00,0.00%,17257,0.00,United States,2025,Blank Checks,Finance
RDAGW,Republic Digital Acquisition Company Warrants,$0.2251,-0.0249,-9.96%,1736,0.00,United States,2025,Blank Checks,Finance
RDCM,Radcom Ltd. Ordinary Shares,$10.31,0.13,1.277%,41428,172078612.00,Israel,1997,Computer peripheral equipment,Technology
RDDT,Reddit Inc. Class A Common Stock,$142.44,-2.92,-2.009%,4906717,27404958884.00,United States,2024,EDP Services,Technology
RDGT,Ridgetech Inc. Ordinary Shares,$0.8251,0.0251,3.138%,73909,2994733.00,China,,Retail-Drug Stores and Proprietary Stores,Consumer Staples
RDHL,Redhill Biopharma Ltd. American Depositary Shares,$0.48,-0.0013,-0.27%,220764,2918842.00,Israel,,Biotechnology: Pharmaceutical Preparations,Health Care
RDI,Reading International Inc Class A Common Stock,$1.85,-0.14,-7.035%,43835,42346735.00,United States,,Movies/Entertainment,Consumer Discretionary
RDIB,Reading International Inc Class B Common Stock,$15.16,-0.76,-4.774%,5274,347014325.00,United States,,Movies/Entertainment,Consumer Discretionary
RDN,Radian Group Inc. Common Stock,$30.61,-2.14,-6.534%,5050444,4049743344.00,United States,,Property-Casualty Insurers,Finance
RDNT,RadNet Inc. Common Stock,$68.94,-1.71,-2.42%,621288,5425388898.00,United States,,Medical Specialities,Health Care
RDNW,RideNow Group Inc. Class B Common Stock,$5.50,-0.73,-11.717%,52105,214560984.00,United States,,EDP Services,Technology
RDVT,Red Violet Inc. Common Stock ,$79.01,-0.31,-0.391%,256698,1267871495.00,United States,,Computer Software: Prepackaged Software,Technology
RDW,Redwire Corporation Common Stock,$10.44,-0.29,-2.703%,11941990,2609922838.00,United States,2021,Military/Government/Technical,Industrials
RDWR,Radware Ltd. Ordinary Shares,$29.81,0.56,1.915%,405856,1261170776.00,Israel,1999,Business Services,Consumer Discretionary
RDY,Dr. Reddy's Laboratories Ltd Common Stock,$12.62,-0.23,-1.79%,3936444,10533370961.00,India,,Biotechnology: Pharmaceutical Preparations,Health Care
RDZN,Roadzen Inc. Ordinary Shares,$1.32,-0.05,-3.65%,1178284,112417883.00,United States,2022,Specialty Insurers,Finance
RDZNW,Roadzen Inc. Warrants,$0.09,-0.0054,-5.66%,810,7664856.00,United States,2022,Specialty Insurers,Finance
REA,Rare Earths Americas Inc. Common Stock,$10.09,0.05,0.498%,107785,206969924.00,,2026,Metal Mining,Basic Materials
REAL,The RealReal Inc. Common Stock,$8.84,0.05,0.569%,2685890,1075572657.00,United States,2019,Other Specialty Stores,Consumer Discretionary
REAX,Real REMAX Group Inc. Common Stock,$16.36,-0.06,-0.365%,511805,358611200.00,Canada,,Real Estate,Finance
REBN,Reborn Coffee Inc. Common Stock,$1.60,0.11,7.383%,60980,13792195.00,United States,2022,Restaurants,Consumer Discretionary
RECT,Rectitude Holdings Ltd Ordinary Shares,$1.3125,0.0225,1.744%,3196,20321109.00,Singapore,2024,Industrial Machinery/Components,Consumer Discretionary
REED,Reed's Inc. Common Stock,$0.6577,0.0257,4.066%,35846,7798405.00,,2025,Beverages (Production/Distribution),Consumer Staples
REF,Reformation Inc. Common Stock,$12.04,-0.23,-1.874%,737546,711315013.00,,2026,Apparel,Consumer Discretionary
REFI,Chicago Atlantic Real Estate Finance Inc. Common Stock,$10.02,-0.21,-2.053%,270230,256723883.00,United States,2021,Real Estate Investment Trusts,Real Estate
REFR,Research Frontiers Incorporated Common Stock,$0.7347,0.036,5.152%,117089,25617362.00,United States,,Multi-Sector Companies,Miscellaneous
REG,Regency Centers Corporation Common Stock,$71.88,-0.78,-1.073%,1234870,13162704918.00,United States,1993,Real Estate Investment Trusts,Real Estate
REGCO,Regency Centers Corporation 5.875% Series B Cumulative Redeemable Preferred Stock,$20.40,0.25,1.241%,1705,3735659159.00,United States,,Real Estate Investment Trusts,Real Estate
REGCP,Regency Centers Corporation 6.25% Series A Cumulative Redeemable Preferred Stock,$21.95,0.295,1.362%,10489,4019496007.00,United States,,Real Estate Investment Trusts,Real Estate
REGN,Regeneron Pharmaceuticals Inc. Common Stock,$758.27,7.76,1.034%,872459,78067678751.00,United States,1991,Biotechnology: Pharmaceutical Preparations,Health Care
REI,Ring Energy Inc. Common Stock,$1.31,0.02,1.55%,1921625,341306885.00,United States,,Oil & Gas Production,Energy
REKR,Rekor Systems Inc. Common Stock,$0.3691,-0.0129,-3.377%,1582652,50801630.00,United States,,Telecommunications Equipment,Telecommunications
RELL,Richardson Electronics Ltd. Common Stock,$17.73,0.43,2.486%,113237,263542585.00,United States,1983,Electronic Components,Technology
RELX,RELX PLC PLC American Depositary Shares (Each representing One Ordinary Share),$33.18,-0.06,-0.181%,1590706,57984056129.00,United Kingdom,2015,Business Services,Consumer Discretionary
RELY,Remitly Global Inc. Common Stock,$21.34,-0.13,-0.605%,3099247,4517337712.00,United States,2021,Business Services,Consumer Discretionary
RENT,Rent the Runway Inc. Class A Common Stock,$1.65,-0.03,-1.786%,192976,55727300.00,United States,2021,Other Specialty Stores,Consumer Discretionary
RENX,RenX Enterprises Corp. Common Stock,$2.09,-0.18,-7.93%,373388,5530577.00,United States,,Environmental Services,Utilities
REPL,Replimune Group Inc. Common Stock,$13.24,0.24,1.846%,3081855,1247467954.00,United States,2018,Biotechnology: Biological Products (No Diagnostic Substances),Health Care
REPX,Riley Exploration Permian Inc. Common Stock,$40.01,0.22,0.553%,183308,886372938.00,United States,1999,Oil & Gas Production,Energy
RERE,ATRenew Inc. American Depositary Shares (every three of which representing two Class A ordinary shares),$3.73,-0.07,-1.842%,558486,817858435.00,Cayman Islands,2021,Other Specialty Stores,Consumer Discretionary
RES,RPC Inc. Common Stock,$5.63,-0.01,-0.177%,1721565,1247928978.00,United States,,Oilfield Services/Equipment,Energy
RETO,ReTo Eco-Solutions Inc. Class A Shares,$0.1148,0.0238,26.154%,414618825,16060326.00,China,2017,Industrial Machinery/Components,Industrials
REVB,Revelation Biosciences Inc. Common Stock,$0.817,0.003,0.369%,30168,3254451.00,United States,2020,Biotechnology: Pharmaceutical Preparations,Health Care
REVBW,Revelation Biosciences Inc. Warrant,$0.0073,0.0023,46.00%,129908,29079.00,United States,2020,Biotechnology: Pharmaceutical Preparations,Health Care
REX,REX American Resources Corporation,$43.45,0.86,2.019%,410919,1441481558.00,United States,,Major Chemicals,Industrials
REXR,Rexford Industrial Realty Inc. Common Stock,$36.27,-1.13,-3.021%,2449561,8087779257.00,United States,2013,Real Estate Investment Trusts,Real Estate
REXR^B,Rexford Industrial Realty Inc. 5.875% Series B Cumulative Redeemable Preferred Stock,$21.00,0.36,1.744%,6254,,United States,,,
REXR^C,Rexford Industrial Realty Inc. 5.625% Series C Cumulative Redeemable Preferred Stock par value $0.01 per share,$19.5994,0.2994,1.551%,2417,,United States,,,
REYN,Reynolds Consumer Products Inc. Common Stock,$21.62,-0.45,-2.039%,1266329,4557301031.00,United States,2020,Containers/Packaging,Consumer Discretionary
REZI,Resideo Technologies Inc. Common Stock ,$18.15,0.03,0.166%,2010292,2756029911.00,United States,2018,Wholesale Distributors,Industrials
RF,Regions Financial Corporation Common Stock,$26.88,-0.01,-0.037%,9300195,22899865121.00,United States,,Major Banks,Finance
RF^C,Regions Financial Corporation Depositary Shares each Representing a 1/40th Interest in a  Share of 5.700% Fixed-to-Floating Rate Non-Cumulative  Perpetual Preferred Stock Series C,$24.04,-0.04,-0.166%,116195,,United States,,,
RF^E,Regions Financial Corporation Depositary Shares Each Representing a 1/40th Interest in a Share of 4.45% Non-Cumulative Perpetual Preferred Stock Series E,$15.29,-0.26,-1.672%,157272,,United States,,,
RF^F,Regions Financial Corporation Depositary Shares Each Representing a 1/40th Interest in a Share of Non-Cumulative Perpetual Preferred Stock Series F,$24.70,-0.27,-1.081%,157569,,United States,,,
RFAI,RF Acquisition Corp II Ordinary Shares,$37.55,-1.85,-4.695%,5151,0.00,Singapore,2024,,
RFAIR,RF Acquisition Corp II Right,$0.153,0.00,0.00%,5594,0.00,Singapore,2024,Computer Software: Prepackaged Software,Technology
RFAIU,RF Acquisition Corp II Unit,$45.70,3.39,8.012%,7797,0.00,Singapore,2024,Computer Software: Prepackaged Software,Technology
RFAM,RF Acquisition Corp III Ordinary Shares,$9.99,-0.0001,-0.001%,11812,0.00,Singapore,2026,,
RFAMU,RF Acquisition Corp III Units,$10.185,0.00,0.00%,199,0.00,Singapore,2026,Blank Checks,Finance
RFI,Cohen & Steers Total Return Realty Fund Inc. Common Stock,$10.49,-0.09,-0.851%,164510,515464208.00,United States,1993,Investment Managers,Finance
RFIL,RF Industries Ltd. Common Stock,$7.92,0.11,1.408%,585292,85914267.00,United States,,Electrical Products,Technology
RFL,Rafael Holdings Inc. Class B Common Stock,$1.32,-0.71,-34.975%,2292439,68639995.00,United States,2018,Biotechnology: Pharmaceutical Preparations,Health Care
RFM,RiverNorth Flexible Municipal Income Fund Inc. Common Stock,$12.85,0.17,1.341%,41456,78573882.00,,2020,Finance/Investors Services,Finance
RFMZ,RiverNorth Flexible Municipal Income Fund II Inc. Common Stock,$11.70,0.26,2.273%,199013,284915545.00,,2021,Finance/Investors Services,Finance
RGA,Reinsurance Group of America Incorporated Common Stock,$246.24,-6.70,-2.649%,397363,16079881990.00,United States,,Life Insurance,Finance
RGC,Regencell Bioscience Holdings Limited Ordinary Shares,$6.22,0.02,0.323%,56158,3075721008.00,Hong Kong,2021, Medicinal Chemicals and Botanical Products ,Health Care
RGCO,RGC Resources Inc. Common Stock,$21.27,-0.26,-1.208%,13086,221623956.00,United States,,Oil & Gas Production,Utilities
RGEN,Repligen Corporation Common Stock,$192.23,-2.34,-1.203%,730547,9404532303.00,United States,1986,Biotechnology: Biological Products (No Diagnostic Substances),Health Care
RGLD,Royal Gold Inc. Common Stock,$236.00,-2.93,-1.226%,702048,19995774252.00,United States,,Precious Metals,Industrials
RGNT,Regentis Biomaterials Ltd. Ordinary Shares,$1.81,-0.04,-2.162%,22192,12713297.00,Israel,2025,Industrial Specialties,Health Care
RGNX,REGENXBIO Inc. Common Stock,$7.53,0.08,1.074%,1788615,497079336.00,United States,2015,Biotechnology: Biological Products (No Diagnostic Substances),Health Care
RGP,Resources Connection Inc. Common Stock,$3.76,-0.01,-0.265%,360567,130476896.00,United States,,Business Services,Consumer Discretionary
RGR,Sturm Ruger & Company Inc. Common Stock,$42.48,0.30,0.711%,210032,678756315.00,United States,,Ordnance And Accessories,Industrials
RGS,Regis Corporation Common Stock,$29.70,1.25,4.394%,18550,74254663.00,United States,1991,Other Consumer Services,Consumer Discretionary
RGT,Royce Global Trust Inc. Common Stock,$14.24,-0.05,-0.35%,6795,89241268.00,,2013,Trusts Except Educational Religious and Charitable,Finance
RGTI,Rigetti Computing Inc. Common Stock,$15.74,0.00,0.00%,14036051,5253520078.00,United States,,EDP Services,Technology
RGTIW,Rigetti Computing Inc. Warrants,$6.09,0.01,0.164%,29823,2032651669.00,United States,,EDP Services,Technology
RH,RH Common Stock,$121.75,-0.46,-0.376%,631700,2305112108.00,United States,2012,Other Specialty Stores,Consumer Discretionary
RHI,Robert Half Inc. Common Stock,$36.75,-0.13,-0.352%,1462128,3761797179.00,United States,,Professional Services,Consumer Discretionary
RHLD,Resolute Holdings Management Common Stock ,$118.25,-1.92,-1.598%,145922,924667109.00,United States,,Finance: Consumer Services,Finance
RHP,Ryman Hospitality Properties Inc. (REIT),$119.53,-2.55,-2.089%,705978,8245580423.00,United States,,Real Estate Investment Trusts,Real Estate
RIBB,Ribbon Acquisition Corp Class A Ordinary Shares,$8.40,0.02,0.239%,4568,0.00,Japan,2025,,
RIBBR,Ribbon Acquisition Corp Rights,$0.2687,0.00,0.00%,50,0.00,Japan,2025,,
RIBBU,Ribbon Acquisition Corp Unit,$10.34,0.23,2.275%,10501,0.00,Japan,2025,,
RICK,RCI Hospitality Holdings Inc. Common Stock,$27.00,-0.48,-1.747%,31733,206401500.00,United States,1995,Restaurants,Consumer Discretionary
RIG,Transocean Ltd (Switzerland) Common Stock,$5.24,0.03,0.576%,26660323,5852451645.00,Switzerland,,Oil & Gas Production,Energy
RIGL,Rigel Pharmaceuticals Inc. Common Stock,$48.15,-0.74,-1.514%,252274,899435452.00,United States,2000,Biotechnology: Pharmaceutical Preparations,Health Care
RILY,BRC Group Holdings Inc. Common Stock,$4.885,-0.035,-0.711%,658580,196375803.00,United States,,Investment Managers,Finance
RILYG,BRC Group Holdings Inc. 5.00% Senior Notes due 2026,$24.74,0.03,0.121%,12264,754497413.00,United States,,Investment Managers,Finance
RILYL,BRC Group Holdings Inc. Depositary Shares each representing 1/1000th in a share of 7.375% Series B Cumulative Perpetual Preferred Stock par value $0.0001,$10.85,0.40,3.828%,17292,436167342.00,United States,,Investment Managers,Finance
RILYP,BRC Group Holdings Inc. Depositary Shares each representing a 1/1000th fractional interest in a share of Series A Cumulative Perpetual Preferred Stock,$10.04,0.08,0.803%,17933,403605540.00,United States,,Investment Managers,Finance
RILYT,BRC Group Holdings Inc. 6.00% Senior Notes Due 2028,$21.35,-0.33,-1.522%,131500,651112359.00,United States,,Investment Managers,Finance
RILYZ,BRC Group Holdings Inc. 5.25% Senior Notes due 2028,$19.67,-0.17,-0.857%,50335,599877288.00,United States,,Investment Managers,Finance
RIME,Algorhythm Holdings Inc. Common Stock,$0.1632,0.0002,0.123%,703932,3438044.00,United States,,EDP Services,Technology
RIO,Rio Tinto Plc Common Stock,$94.17,0.01,0.011%,2409849,118281153455.00,Australia,2002,Metal Mining,Basic Materials
RIOT,Riot Platforms Inc. Common Stock ,$20.15,-1.24,-5.797%,12906961,7561467540.00,United States,,Finance: Consumer Services,Finance
RITM,Rithm Capital Corp. Common Stock,$8.93,-0.19,-2.083%,10202745,4986574787.00,United States,,Real Estate Investment Trusts,Real Estate
RITM^A,Rithm Capital Corp. 7.50% Series A Fixed-to-Floating Rate Cumulative Redeemable Preferred Stock,$25.61,0.11,0.431%,28895,,United States,,,
RITM^B,Rithm Capital Corp. 7.125% Series B Fixed-to-Floating Rate Cumulative Redeemable Preferred Stock,$25.49,0.12,0.473%,49551,,United States,,,
RITM^C,Rithm Capital Corp. 6.375% Series C Fixed-to-Floating Rate Cumulative Redeemable Preferred Stock,$24.59,0.22,0.903%,40189,,United States,,,
RITM^D,Rithm Capital Corp. 7.00% Fixed-Rate Reset Series D Cumulative Redeemable Preferred Stock,$25.35,0.10,0.396%,50210,,United States,,,
RITM^E,Rithm Capital Corp. 8.75% Series E Fixed-Rate Cumulative Redeemable Preferred Stock,$23.49,-0.1534,-0.649%,83678,,United States,,,
RITM^F,Rithm Capital Corp. 8.750% Series F Fixed-Rate Reset Cumulative Redeemable Preferred Stock,$24.64,0.28,1.149%,123013,,United States,,,
RIV,RiverNorth Opportunities Fund Inc. Common Stock,$10.34,-0.14,-1.336%,125256,0.00,United States,2015,Finance Companies,Finance
RIV^A,RiverNorth Opportunities Fund Inc. 6.00% Series A Perpetual Preferred Stock,$20.65,-0.25,-1.196%,14131,,United States,,,
RIVN,Rivian Automotive Inc. Class A Common Stock,$14.94,-0.03,-0.20%,20009214,21631037812.00,United States,2021,Auto Manufacturing,Industrials
RJET,Republic Airways Holdings Inc. Common Stock,$18.06,-0.09,-0.496%,53008,845560170.00,United States,2018,Air Freight/Delivery Services,Consumer Discretionary
RJF,Raymond James Financial Inc. Common Stock,$158.02,-1.83,-1.145%,939051,30396997572.00,United States,,Investment Bankers/Brokers/Service,Finance
RKDA,Arcadia Biosciences Inc. Common Stock,$0.28,-0.0007,-0.249%,21107502,674579.00,United States,2015,Oil & Gas Production,Energy
RKLB,Rocket Lab Corporation Common Stock,$69.68,-0.02,-0.029%,22428633,43742298614.00,United States,2020,Military/Government/Technical,Industrials
RKT,Rocket Companies Inc. Class A Common Stock,$11.51,-0.18,-1.54%,39590085,32592204266.00,United States,2020,Finance: Consumer Services,Finance
RKTO,Rocket One Inc. Common Stock,$0.7142,-0.0173,-2.365%,149326,17781852.00,United States,2019,Biotechnology: Pharmaceutical Preparations,Health Care
RL,Ralph Lauren Corporation Common Stock,$355.07,-0.85,-0.239%,533375,21155865602.00,United States,1997,Garments and Clothing,Industrials
RLAY,Relay Therapeutics Inc. Common Stock,$18.05,-0.31,-1.688%,2782524,3955506440.00,United States,2020,Biotechnology: Biological Products (No Diagnostic Substances),Health Care
RLGT,Radiant Logistics Inc. Common Stock,$8.69,-0.09,-1.025%,169706,407511206.00,United States,,Integrated Freight & Logistics,Industrials
RLI,RLI Corp. Common Stock (DE),$55.31,-1.17,-2.072%,635512,5075962971.00,United States,,Property-Casualty Insurers,Finance
RLJ,RLJ Lodging Trust Common Shares of Beneficial Interest $0.01 par value,$11.05,-0.01,-0.09%,2412053,1683753386.00,United States,2011,Real Estate Investment Trusts,Real Estate
RLJ^A,RLJ Lodging Trust $1.95 Series A Cumulative Convertible  Preferred Shares,$24.04,-0.46,-1.878%,76569,,United States,,,
RLMD,Relmada Therapeutics Inc. Common Stock,$3.77,0.04,1.072%,999529,402145319.00,United States,,Biotechnology: Pharmaceutical Preparations,Health Care
RLTY,Cohen & Steers Real Estate Opportunities and Income Fund Common Shares of Beneficial Interest,$13.85,-0.14,-1.001%,80663,0.00,,2022,Investment Managers,Finance
RLX,RLX Technology Inc. American Depositary Shares each representing the right to receive one (1) Class A ordinary share,$1.70,0.00,0.00%,2588778,2077832759.00,Cayman Islands,2021, Medicinal Chemicals and Botanical Products ,Health Care
RLYB,Rallybio Corporation Common Stock,$17.20,-0.02,-0.116%,5969,91340583.00,United States,2021,Biotechnology: Pharmaceutical Preparations,Health Care
RM,Regional Management Corp. Common Stock,$30.23,-0.34,-1.112%,59066,278895753.00,United States,2012,Finance: Consumer Services,Finance
RMBI,Richmond Mutual Bancorporation Inc. Common Stock,$14.86,-0.06,-0.402%,76853,249039424.00,United States,2019,Major Banks,Finance
RMBS,Rambus Inc. Common Stock,$106.76,3.64,3.53%,2431838,11579360736.00,United States,1997,Semiconductors,Technology
RMCF,Rocky Mountain Chocolate Factory Inc. Common Stock,$0.8102,-0.0018,-0.222%,18705,7647953.00,United States,,Specialty Foods,Consumer Staples
RMCO,Royalty Management Holding Corporation Class A Common Stock,$2.48,-0.0275,-1.097%,10403,37628316.00,United States,2023,Multi-Sector Companies,Miscellaneous
RMCOW,Royalty Management Holding Corporation Warrant,$0.1535,0.0035,2.333%,3560,2329011.00,United States,2023,Multi-Sector Companies,Miscellaneous
RMD,ResMed Inc. Common Stock,$221.10,-1.73,-0.776%,1308169,31894184857.00,United States,,Medical/Dental Instruments,Health Care
RMI,RiverNorth Opportunistic Municipal Income Fund Inc. Common Stock,$14.10,0.71,5.302%,131038,89863079.00,,2018,Finance/Investors Services,Finance
RMIX,Suncrete Inc. Class A Common Stock,$12.87,0.36,2.878%,821575,945762684.00,United States,,Building Materials,Industrials
RML,Resolution Minerals Ltd American Depositary Shares,$5.68,-0.12,-2.069%,12150,63606083.00,Australia,,,
RMM,RiverNorth Managed Duration Municipal Income Fund Inc. Common Stock,$12.54,0.21,1.703%,140316,247534935.00,,2019,Trusts Except Educational Religious and Charitable,Finance
RMMZ,RiverNorth Managed Duration Municipal Income Fund II Inc. Common Stock,$13.11,0.12,0.924%,55728,258786523.00,,2022,Investment Managers,Finance
RMNI,Rimini Street Inc. (DE) Common Stock,$4.26,0.10,2.404%,289791,397696560.00,United States,2015,Business Services,Consumer Discretionary
RMR,The RMR Group Inc. Class A Common Stock,$18.08,-0.24,-1.31%,148527,580010486.00,United States,,Professional Services,Consumer Discretionary
RMSG,Real Messenger Corporation Ordinary Shares,$0.2866,-0.0099,-3.339%,113141,4633941.00,United States,,Computer Software: Programming Data Processing,Technology
RMSGW,Real Messenger Corporation Warrants,$0.0349,0.0109,45.417%,1500,564287.00,United States,,Computer Software: Programming Data Processing,Technology
RMT,Royce Micro-Cap Trust Inc. Common Stock,$13.44,0.15,1.129%,108705,621856798.00,United States,,Investment Managers,Finance
RMTI,Rockwell Medical Inc. Common Stock,$8.54,-0.14,-1.613%,21262,34420171.00,United States,1998,Biotechnology: Pharmaceutical Preparations,Health Care
RNA,Atrium Therapeutics Inc. Common Stock,$8.28,-0.14,-1.663%,197316,141634724.00,United States,,Biotechnology: Pharmaceutical Preparations,Health Care
RNAC,Cartesian Therapeutics Inc. Common Stock,$7.21,-0.03,-0.414%,166949,218141088.00,United States,2016,Biotechnology: Pharmaceutical Preparations,Health Care
RNAQ,Rainier Acquisition Corporation Class A Ordinary Shares,$10.03,-0.02,-0.199%,1143,0.00,United States,2026,Blank Checks,Finance
RNAQU,Rainier Acquisition Corporation Units,$10.20,0.00,0.00%,3049,0.00,United States,2026,Blank Checks,Finance
RNAZ,TransCode Therapeutics Inc. Common Stock,$1.68,0.05,3.067%,6738,28443642.00,United States,2021,Biotechnology: Pharmaceutical Preparations,Health Care
RNG,RingCentral Inc. Class A Common Stock,$74.70,0.27,0.363%,1465985,6237910301.00,United States,2013,EDP Services,Technology
RNGR,Ranger Energy Services Inc. Class A Common Stock,$15.19,0.15,0.997%,147982,355476729.00,United States,2017,Oilfield Services/Equipment,Energy
RNGT,Range Capital Acquisition Corp II Class A Ordinary Shares,$10.19,0.01,0.098%,685,0.00,United States,2025,Blank Checks,Finance
RNGTW,Range Capital Acquisition Corp II Warrants,$0.2987,0.00,0.00%,324,0.00,United States,2025,Blank Checks,Finance
RNP,Cohen & Steers REIT and Preferred and Income Fund Inc. Common Shares,$18.65,-0.21,-1.113%,227388,916435412.00,United States,2003,Investment Managers,Finance
RNR,RenaissanceRe Holdings Ltd. Common Stock,$318.23,-6.30,-1.941%,313490,13223058909.00,Bermuda,,Property-Casualty Insurers,Finance
RNR^F,RenaissanceRe Holdings Ltd. Depositary Shares each Representing a 1/1000th Interest in a 5.750% Series F Preference Share,$19.66,-0.15,-0.757%,218766,,Bermuda,,,
RNR^G,RenaissanceRe Holdings Ltd. Depositary Shares each representing a 1/1000th interest in a share of 4.20% Series G Preference Shares,$13.99,-0.13,-0.921%,122830,,Bermuda,,,
RNST,Renasant Corporation Common Stock,$38.88,-0.46,-1.169%,796005,3553805599.00,United States,2023,Major Banks,Finance
RNTX,Rein Therapeutics Inc. Common Stock,$0.804,0.014,1.772%,418984,69358694.00,United States,2017,Biotechnology: Pharmaceutical Preparations,Health Care
RNW,ReNew Energy Global plc Class A Ordinary Shares,$6.84,-0.01,-0.146%,1124596,2492514386.00,United Kingdom,,Electric Utilities: Central,Utilities
RNXT,RenovoRx Inc. Common Stock,$1.56,-0.01,-0.637%,397962,70402032.00,United States,2021,Biotechnology: Pharmaceutical Preparations,Health Care
ROAD,Construction Partners Inc. Class A Common Stock,$90.03,-1.87,-2.035%,586365,5165431187.00,United States,2018,Military/Government/Technical,Industrials
ROC,Rank One Computing Corporation Common stock,$4.00,0.09,2.302%,22344,76320508.00,United States,2026,Computer Software: Prepackaged Software,Technology
ROCK,Gibraltar Industries Inc. Common Stock,$39.60,-0.41,-1.025%,240757,1175482004.00,United States,1993,Steel/Iron Ore,Industrials
ROG,Rogers Corporation Common Stock,$152.99,14.82,10.726%,1092467,2733676572.00,United States,1960,Major Chemicals,Industrials
ROIV,Roivant Sciences Ltd. Common Shares,$36.57,0.07,0.192%,5282419,26415352659.00,United Kingdom,,Biotechnology: Pharmaceutical Preparations,Health Care
ROK,Rockwell Automation Inc. Common Stock,$435.33,3.80,0.881%,820535,48440889959.00,United States,,Industrial Machinery/Components,Industrials
ROKU,Roku Inc. Class A Common Stock,$152.28,0.14,0.092%,1459446,22601240599.00,United States,2017,Cable & Other Pay Television Services,Telecommunications
ROL,Rollins Inc. Common Stock,$30.12,-0.38,-1.246%,11351136,14492099568.00,United States,,Diversified Commercial Services,Consumer Discretionary
ROLR,High Roller Technologies Inc. Common Stock,$5.00,-0.50,-9.091%,88920,55146565.00,,2024,Services-Misc. Amusement & Recreation,Consumer Discretionary
ROMA,Roma Green Finance Limited Class A Ordinary Shares,$8.60,-0.43,-4.762%,6039,512255311.00,Hong Kong,2024,Professional Services,Consumer Discretionary
ROOT,Root Inc. Class A Common Stock,$46.11,0.09,0.196%,191530,714393850.00,United States,2020,Property-Casualty Insurers,Finance
ROP,Roper Technologies Inc. Common Stock,$349.41,-0.04,-0.011%,765062,34556954384.00,United States,1992,Industrial Machinery/Components,Industrials
ROST,Ross Stores Inc. Common Stock,$233.40,-1.00,-0.427%,1746359,74560355874.00,United States,1985,Clothing/Shoe/Accessory Stores,Consumer Discretionary
RPAY,Repay Holdings Corporation Class A Common Stock,$3.62,-0.10,-2.688%,637364,325295542.00,United States,2018,Business Services,Consumer Discretionary
RPC,Ridgepost Capital Inc. Class A Common Stock,$7.43,0.08,1.088%,505272,819071609.00,United States,2021,Investment Managers,Finance
RPD,Rapid7 Inc. Common Stock,$12.22,0.515,4.40%,1530505,823635821.00,United States,2015,Computer Software: Prepackaged Software,Technology
RPGL,Republic Power Group Limited Class A Ordinary Shares,$16.39,3.4142,26.312%,26127,16541493.00,Singapore,2025,Computer Software: Prepackaged Software,Technology
RPID,Rapid Micro Biosystems Inc. Class A Common Stock,$1.03,-0.05,-4.63%,179898,51664343.00,United States,2021,Biotechnology: Laboratory Analytical Instruments,Industrials
RPM,RPM International Inc. Common Stock,$98.67,-1.30,-1.30%,687954,12604245122.00,United States,,Paints/Coatings,Consumer Discretionary
RPRX,Royalty Pharma plc Class A Ordinary Shares ,$58.36,0.14,0.24%,3653828,33557070265.00,United States,2020,Biotechnology: Pharmaceutical Preparations,Health Care
RPT,Rithm Property Trust Inc. Common stock,$10.71,-0.04,-0.372%,22936,83244160.00,United States,2015,Real Estate Investment Trusts,Real Estate
RPT^C,Rithm Property Trust Inc. 9.875% Series C Fixed-to-Floating Rate Cumulative Redeemable Preferred Stock,$24.85,0.10,0.404%,2352,,United States,,,
RQI,Cohen & Steers Quality Income Realty Fund Inc Common Shares,$10.90,-0.17,-1.536%,899757,1463874447.00,United States,2002,Trusts Except Educational Religious and Charitable,Finance
RR,Richtech Robotics Inc. Class B Common Stock,$1.58,-0.01,-0.629%,2633411,355661070.00,United States,2023,Industrial Machinery/Components,Industrials
RRBI,Red River Bancshares Inc. Common Stock,$99.87,0.01,0.01%,75809,657554666.00,United States,2019,Major Banks,Finance
RRC,Range Resources Corporation Common Stock,$37.04,0.16,0.434%,2471019,8655489236.00,United States,,Oil & Gas Production,Energy
RREV,RRE Ventures Acquisition Corp. Class A Ordinary Shares,$9.92,0.00,0.00%,40,0.00,United States,2026,Blank Checks,Finance
RREVW,RRE Ventures Acquisition Corp. Warrants,$0.3501,-0.0499,-12.475%,265,0.00,United States,2026,Blank Checks,Finance
RRGB,Red Robin Gourmet Burgers Inc. Common Stock,$7.57,-0.08,-1.046%,128102,143101403.00,United States,2002,Restaurants,Consumer Discretionary
RRR,Red Rock Resorts Inc. Class A Common Stock,$49.54,0.69,1.412%,997665,5202502003.00,United States,2016,Hotels/Resorts,Consumer Discretionary
RRX,Regal Rexnord Corporation Common Stock,$155.11,-0.78,-0.50%,960722,10329064490.00,United States,1976,Industrial Machinery/Components,Industrials
RS,Reliance Inc. Common Stock,$384.75,-2.44,-0.63%,255452,19643240036.00,United States,1994,Metal Fabrications,Industrials
RSF,RiverNorth Capital and Income Fund Common Stock,$14.33,-0.03,-0.209%,6840,47884798.00,,2019,Investment Managers,Finance
RSG,Republic Services Inc. Common Stock,$209.87,-2.05,-0.967%,1137255,64264917693.00,United States,1998,Environmental Services,Utilities
RSI,Rush Street Interactive Inc. Class A Common Stock,$20.33,0.67,3.408%,4353191,4711952368.00,United States,2020,Services-Misc. Amusement & Recreation,Consumer Discretionary
RSKD,Riskified Ltd. Class A Ordinary Shares,$7.91,0.20,2.594%,4442893,1075492705.00,,2021,Business Services,Consumer Discretionary
RSSS,Research Solutions Inc Common Stock,$2.16,0.02,0.935%,35735,72927365.00,United States,,EDP Services,Technology
RSVR,Reservoir Media Inc. Common Stock,$9.48,-0.02,-0.211%,40988,625023444.00,United States,2021,Services-Misc. Amusement & Recreation,Consumer Discretionary
RTAC,Renatus Tactical Acquisition Corp I Class A Ordinary Shares,$10.45,0.02,0.192%,120278,0.00,United States,2025,Blank Checks,Finance
RTACU,Renatus Tactical Acquisition Corp I Unit,$10.74,0.00,0.00%,140,0.00,United States,2025,Blank Checks,Finance
RTACW,Renatus Tactical Acquisition Corp I Warrant,$0.54,-0.0167,-3.00%,2114,0.00,United States,2025,Blank Checks,Finance
RTB,RTB Digital Inc. Common Stock,$8.86,-0.57,-6.045%,37291,132533852.00,United States,,Professional Services,Consumer Discretionary
RTO,Rentokil Initial plc American Depositary Shares (each representing five (5) Ordinary Shares),$19.75,-0.30,-1.496%,3813441,9961900000.00,United States,2022,Other Consumer Services,Consumer Discretionary
RTX,RTX Corporation Common Stock,$185.65,-1.29,-0.69%,4743646,250211299434.00,United States,,Aerospace,Industrials
RUBI,Rubico Inc. Common Stock,$1.07,-0.05,-4.464%,62979,2543045.00,Greece,,Marine Transportation,Consumer Discretionary
RUM,RUM Group Inc. Class A Common Stock,$7.56,-0.16,-2.073%,5019272,3748325067.00,United States,2021,Computer Software: Programming Data Processing,Technology
RUMBW,RUM Group Inc. Warrant,$1.70,0.01,0.592%,5405,842877330.00,United States,2021,Computer Software: Programming Data Processing,Technology
RUN,Sunrun Inc. Common Stock,$7.77,0.05,0.648%,5159873,1871381050.00,United States,2015,Industrial Machinery/Components,Miscellaneous
RUSHA,Rush Enterprises Inc. Common Stock Cl A,$45.81,-0.475,-1.026%,870873,5347417654.00,United States,,Retail-Auto Dealers and Gas Stations,Consumer Discretionary
RUSHB,Rush Enterprises Inc. Class B,$53.91,-0.61,-1.119%,102589,6292933546.00,United States,,Retail-Auto Dealers and Gas Stations,Consumer Discretionary
RVI,Robinhood Ventures Fund I Common Shares of Beneficial Interest,$27.84,0.32,1.163%,86983,0.00,,2026,,
RVII,Robinhood Ventures Fund II Common Shares of Beneficial Interest,$21.55,-0.55,-2.489%,197978,195380575.00,,2026,,
RVLV,Revolve Group Inc. Class A Common Stock,$21.33,0.06,0.282%,892939,1516252009.00,United States,2019,Catalog/Specialty Distribution,Consumer Discretionary
RVMD,Revolution Medicines Inc. Common Stock,$205.26,0.78,0.381%,1846215,43994693159.00,United States,2020,Biotechnology: Biological Products (No Diagnostic Substances),Health Care
RVMDW,Revolution Medicines Inc. Warrant,$11.44,0.19,1.689%,19950,2452008622.00,United States,,Biotechnology: Biological Products (No Diagnostic Substances),Health Care
RVP,Retractable Technologies Inc. Common Stock,$0.691,-0.006,-0.861%,7863,20686577.00,United States,2001,Medical/Dental Instruments,Health Care
RVSB,Riverview Bancorp Inc Common Stock,$5.95,-0.02,-0.335%,53752,119955647.00,United States,,Savings Institutions,Finance
RVSN,Rail Vision Ltd. Ordinary Share,$3.58,-0.05,-1.377%,4802,7848026.00,Israel,2022,Railroads,Industrials
RVSNW,Rail Vision Ltd. Warrant,$0.0237,0.00,0.00%,6,51955.00,Israel,2022,Railroads,Industrials
RVT,Royce Small-Cap Trust Inc. Common Stock,$17.13,0.01,0.058%,243664,1849298528.00,United States,1986,Trusts Except Educational Religious and Charitable,Finance
RVTY,Revvity Inc. Common Stock,$152.89,0.12,0.079%,4456200,17060444849.00,United States,,Biotechnology: Laboratory Analytical Instruments,Industrials
RWAY,Runway Growth Finance Corp. Common Stock,$6.62,-0.10,-1.488%,213215,277443564.00,United States,2021,Finance: Consumer Services,Finance
RWAYI,Runway Growth Finance Corp. 7.25% Notes due 2031,$24.75,-0.01,-0.04%,5058,0.00,United States,,Finance: Consumer Services,Finance
RWAYL,Runway Growth Finance Corp. 7.50% Notes due 2027,$25.15,-0.005,-0.02%,1478,910848295.00,United States,,Finance: Consumer Services,Finance
RWT,Redwood Trust Inc. Common Stock,$3.88,0.03,0.779%,5696716,487376236.00,United States,1995,Real Estate Investment Trusts,Real Estate
RWT^A,Redwood Trust Inc. 10.00% Series A Fixed-Rate Reset Cumulative Redeemable Preferred Stock,$22.45,0.06,0.268%,10816,,United States,,,
RWTN,Redwood Trust Inc. 9.125% Senior Notes Due 2029,$23.78,-0.13,-0.544%,5493,3072933974.00,United States,2024,Real Estate Investment Trusts,Real Estate
RWTO,Redwood Trust Inc. 9.00% Senior Notes Due 2029,$22.56,-0.04,-0.177%,162387,2915281348.00,United States,2024,Real Estate Investment Trusts,Real Estate
RWTP,Redwood Trust Inc. 9.125% Senior Notes Due 2030,$22.80,0.10,0.441%,1996,0.00,United States,2025,Real Estate Investment Trusts,Real Estate
RWTQ,Redwood Trust Inc. 9.500% Senior Notes Due 2030,$20.90,0.40,1.951%,242554,0.00,United States,2025,Real Estate Investment Trusts,Real Estate
RWTS,Redwood Trust Inc. 9.75% Senior Notes Due 2031,$21.29,0.40,1.915%,19178,0.00,United States,2026,Real Estate Investment Trusts,Real Estate
RXO,RXO Inc. Common Stock,$20.46,-0.25,-1.207%,1561345,3374388579.00,United States,2022,Transportation Services,Consumer Discretionary
RXRX,Recursion Pharmaceuticals Inc. Class A Common Stock,$4.13,0.10,2.481%,32786241,2210963162.00,United States,2021,Biotechnology: Biological Products (No Diagnostic Substances),Health Care
RXST,RxSight Inc. Common Stock,$4.90,0.13,2.725%,705671,203806954.00,United States,2021,Ophthalmic Goods,Health Care
RXT,Rackspace Technology Inc. Common Stock,$3.725,-0.215,-5.457%,4749697,949401366.00,United States,2020,Computer Software: Programming Data Processing,Technology
RY,Royal Bank Of Canada Common Stock,$196.59,-3.21,-1.607%,995636,272165054185.00,Canada,,Commercial Banks,Finance
RYAAY,Ryanair Holdings plc American Depositary Shares,$55.01,-0.48,-0.865%,820632,28948120733.00,Ireland,1997,Air Freight/Delivery Services,Consumer Discretionary
RYAM,Rayonier Advanced Materials Inc. Common Stock,$7.97,-0.04,-0.499%,1195381,539124338.00,United States,2014,Paper,Basic Materials
RYAN,Ryan Specialty Holdings Inc. Class A Common Stock,$37.00,-0.85,-2.246%,1662215,9465147045.00,United States,2021,Specialty Insurers,Finance
RYDE,Ryde Group Ltd. Class A Ordinary Shares,$0.7039,-0.0157,-2.182%,156753,126861297.00,,2024,Business Services,Consumer Discretionary
RYET,Ruanyun Edai Technology Inc. Ordinary shares,$0.8001,-0.0375,-4.477%,120004,29827731.00,China,2025,Computer Software: Prepackaged Software,Technology
RYM,RYTHM Inc. Common Stock,$20.965,-0.265,-1.248%,9256,46123000.00,United States,2021,Farming/Seeds/Milling,Consumer Staples
RYN,Rayonier Inc. REIT Common Stock,$18.36,-0.22,-1.184%,5169187,5463335463.00,United States,,Real Estate Investment Trusts,Real Estate
RYOJ,rYojbaba Co. Ltd. Common Shares,$3.02,0.03,1.003%,4143,34881000.00,Japan,2025,Professional Services,Consumer Discretionary
RYTM,Rhythm Pharmaceuticals Inc. Common Stock,$95.215,-0.495,-0.517%,737204,6555750988.00,United States,2017,Biotechnology: Pharmaceutical Preparations,Health Care
RYZ,Ryerson Holding Corporation Common Stock,$23.56,-0.23,-0.967%,433738,1222732265.00,United States,2014,Metal Fabrications,Industrials
RZAI,Roze AI Inc. Common Shares,$21.88,21.88,,297374,1217477351.00,South Korea,,EDP Services,Technology
RZC,Reinsurance Group of America Incorporated 7.125% Fixed-Rate Reset Subordinated Debentures due 2052,$25.53,0.21,0.829%,153660,1667151507.00,United States,2022,Life Insurance,Finance
RZLT,Rezolute Inc. Common Stock (NV),$4.14,0.05,1.222%,1702810,400430459.00,United States,,Biotechnology: Pharmaceutical Preparations,Health Care
RZLV,Rezolve AI PLC Ordinary Shares,$2.17,0.05,2.358%,9857820,868850132.00,United Kingdom,,Computer Software: Programming Data Processing,Technology
RZLVW,Rezolve AI PLC Warrants,$0.55,0.00,0.00%,124,220215471.00,United Kingdom,,Computer Software: Programming Data Processing,Technology
S,SentinelOne Inc. Class A Common Stock,$23.76,0.45,1.931%,8901332,8269647020.00,United States,2021,Computer Software: Prepackaged Software,Technology
SA,Seabridge Gold Inc. Common Shares New,$28.34,-0.39,-1.357%,542422,3057070261.00,Canada,2026,Precious Metals,Basic Materials
SAAQ,Space Asset Acquisition Corp. Class A Ordinary Shares,$10.05,0.01,0.10%,37371,0.00,United States,2026,Blank Checks,Finance
SAAQU,Space Asset Acquisition Corp. Units,$10.17,-0.06,-0.587%,25013,0.00,United States,2026,Blank Checks,Finance
SAAQW,Space Asset Acquisition Corp. Warrants,$0.4701,-0.0199,-4.061%,31357,0.00,United States,2026,Blank Checks,Finance
SABA,Saba Capital Income & Opportunities Fund II Shares of Beneficial Interest,$7.97,-0.04,-0.499%,134824,0.00,United States,,,
SABR,Sabre Corporation Common Stock,$2.12,-0.01,-0.469%,4259478,855596414.00,United States,2014,Computer Software: Programming Data Processing,Technology
SABS,SAB Biotherapeutics Inc. Common Stock,$3.17,-0.05,-1.553%,487802,288426787.00,United States,2021,Biotechnology: Biological Products (No Diagnostic Substances),Health Care
SABSW,SAB Biotherapeutics Inc. Warrant,$0.014,0.00,0.00%,85498,1273809.00,United States,2021,Biotechnology: Biological Products (No Diagnostic Substances),Health Care
SAC,Safeguard Acquisition Corp. Class A Ordinary Shares,$10.10,0.01,0.099%,47759,0.00,,2026,Blank Checks,Finance
SACH,Sachem Capital Corp. Common Shares,$0.92,0.0056,0.612%,102692,44118261.00,United States,2017,Real Estate Investment Trusts,Real Estate
SACH^A,Sachem Capital Corp. 7.75% Series A Cumulative Redeemable Preferred Stock,$21.21,0.155,0.736%,4811,,United States,,,
SAFE,Safehold Inc. New Common Stock ,$11.77,-0.23,-1.917%,877046,833507616.00,United States,2023,Real Estate Investment Trusts,Real Estate
SAFT,Safety Insurance Group Inc. Common Stock,$103.58,-0.05,-0.048%,161794,1520604326.00,United States,2002,Property-Casualty Insurers,Finance
SAFX,XCF Global Inc. Class A Common Stock,$0.3404,-0.0133,-3.76%,2009688,141367063.00,United States,,Major Chemicals,Industrials
SAGT,SAGTEC GLOBAL LIMITED Class A Ordinary shares,$0.5734,-0.0396,-6.46%,113057,11410660.00,Malaysia,2025,Computer Software: Prepackaged Software,Technology
SAGU,Shreya Acquisition Group Class A Ordinary Shares,$10.01,0.00,0.00%,6,0.00,,2026,Blank Checks,Finance
SAH,Sonic Automotive Inc. Common Stock,$60.35,0.50,0.835%,413050,1907953301.00,United States,1997,Retail-Auto Dealers and Gas Stations,Consumer Discretionary
SAIA,Saia Inc. Common Stock,$333.74,-2.58,-0.767%,282667,8902397691.00,United States,,Trucking Freight/Courier Services,Industrials
SAIC,Science Applications International Corporation Common Stock,$127.56,-0.65,-0.507%,349080,5344462321.00,United States,,EDP Services,Technology
SAIH,SAIHEAT Limited Class A Ordinary Shares,$28.52,-2.30,-7.463%,8952,51631467.00,Singapore,2021,EDP Services,Technology
SAIHW,SAIHEAT Limited Warrant,$0.0297,-0.0001,-0.336%,6,53768.00,Singapore,2021,EDP Services,Technology
SAIL,SailPoint Inc. Common Stock,$20.36,-0.31,-1.50%,5622071,11623760848.00,United States,2025,Computer Software: Prepackaged Software,Technology
SAJ,Saratoga Investment Corp 8.00% Notes due 2027,$25.15,-0.025,-0.099%,1398,394053495.00,United States,2022,Investment Managers,Finance
SAM,Boston Beer Company Inc. (The) Common Stock,$164.02,1.53,0.942%,178332,1688041518.00,United States,,Beverages (Production/Distribution),Consumer Staples
SAMG,Silvercrest Asset Management Group Inc. Class A Common Stock,$10.56,-0.03,-0.283%,76955,125112420.00,United States,2013,Investment Managers,Finance
SAMO,Samos Energy Acquisition Corporation Class A Ordinary Shares,$9.83,0.00,0.00%,18,0.00,,2026,,
SAN,Banco Santander S.A. Sponsored ADR (Spain),$13.83,-0.36,-2.537%,6469011,200185217656.00,Spain,,Commercial Banks,Finance
SANA,Sana Biotechnology Inc. Common Stock,$2.915,0.005,0.172%,3245686,872636257.00,United States,2021,Biotechnology: Biological Products (No Diagnostic Substances),Health Care
SANG,Sangoma Technologies Corporation Common Shares,$4.91,-0.02,-0.406%,1249197,163694156.00,Canada,,Computer Software: Programming Data Processing,Technology
SANM,Sanmina Corporation Common Stock,$214.91,-7.82,-3.511%,898554,11518607778.00,United States,1993,Electrical Products,Technology
SAP,SAP  SE ADS,$208.48,-2.37,-1.124%,2439338,256118562287.00,Germany,,Computer Software: Prepackaged Software,Technology
SAR,Saratoga Investment Corp New,$16.66,-0.37,-2.173%,129662,267908061.00,United States,,Investment Managers,Finance
SARO,StandardAero Inc. Common Stock,$21.35,-0.40,-1.839%,3656284,7065129852.00,United States,2024,Aerospace,Industrials
SATA,Strive Inc. Variable Rate Series A Perpetual Preferred Stock,$100.01,0.0516,0.052%,793666,9701234926.00,United States,,Finance: Consumer Services,Finance
SATL,Satellogic Inc. Class A Common Stock,$5.53,-0.07,-1.25%,5768700,850181708.00,Uruguay,,Radio And Television Broadcasting And Communications Equipment,Technology
SATLW,Satellogic Inc. Warrant,$0.482,-0.118,-19.667%,6809,74102637.00,Uruguay,,Radio And Television Broadcasting And Communications Equipment,Technology
SAV,Saratoga Investment Corp 7.50% Notes due 2031,$24.73,0.02,0.081%,16484,0.00,United States,2026,Investment Managers,Finance
SAX,Saratoga Investment Corp 8.00% Notes due 2031,$25.75,0.42,1.658%,564719,0.00,United States,2026,Investment Managers,Finance
SAY,Saratoga Investment Corp 8.125% Notes due 2027,$25.10,-0.0699,-0.278%,631,393270088.00,United States,2022,Investment Managers,Finance
SAZ,Saratoga Investment Corp 8.50% Notes due 2028,$25.33,0.02,0.079%,20585,396873758.00,United States,2023,Investment Managers,Finance
SB,Safe Bulkers Inc Common Stock ($0.001 par value),$8.54,0.24,2.892%,1925937,975650438.00,Monaco,2008,Marine Transportation,Consumer Discretionary
SB^C,Safe Bulkers Inc Cumulative Redeemable Perpetual Preferred Series C (Marshall Islands),$26.0577,-0.0223,-0.086%,2478,,Monaco,,,
SB^D,Safe Bulkers Inc Perpetual Preferred Series D (Marshall Islands),$25.55,-0.65,-2.481%,12544,,Monaco,,,
SBAC,SBA Communications Corporation Class A Common Stock,$160.12,-2.69,-1.652%,954888,16986828173.00,United States,1999,Real Estate Investment Trusts,Real Estate
SBC,SBC Medical Group Holdings Incorporated Common Stock,$4.94,0.10,2.066%,112200,508063898.00,United States,2022,Medical/Nursing Services,Health Care
SBCF,Seacoast Banking Corporation of Florida Common Stock,$31.83,-0.54,-1.668%,1002466,3081869692.00,United States,,Major Banks,Finance
SBCWW,SBC Medical Group Holdings Incorporated Warrants,$0.35,-0.05,-12.50%,201,35996430.00,United States,2022,Medical/Nursing Services,Health Care
SBET,Sharplink Inc. Common Stock,$9.28,-0.18,-1.903%,5923516,2015835045.00,United States,,Computer Software: Prepackaged Software,Technology
SBFG,SB Financial Group Inc. Common Stock,$28.61,-1.01,-3.41%,16281,178898101.00,United States,,Major Banks,Finance
SBFM,Sunshine Biopharma Inc. Common Stock,$0.773,-0.0144,-1.829%,47524,3331863.00,Canada,,Biotechnology: Pharmaceutical Preparations,Health Care
SBFMW,Sunshine Biopharma Inc. Warrant,$0.0524,-0.0016,-2.963%,20762,225860.00,Canada,,Biotechnology: Pharmaceutical Preparations,Health Care
SBGI,Sinclair Inc. Class A Common Stock,$12.69,-0.07,-0.549%,687724,917716181.00,United States,1995,Broadcasting,Industrials
SBH,Sally Beauty Holdings Inc. (Name to be changed from Sally Holdings Inc.) Common Stock,$16.42,-0.04,-0.243%,1258892,1537278035.00,United States,,Other Specialty Stores,Consumer Discretionary
SBI,Western Asset Intermediate Muni Fund Inc Common Stock,$6.99,0.06,0.866%,106038,0.00,United States,1992,Finance/Investors Services,Finance
SBLK,Star Bulk Carriers Corp. Common Shares,$29.36,0.16,0.548%,2125164,3274525204.00,Greece,,Marine Transportation,Consumer Discretionary
SBMT,Silver Bow Mining Corp. Common Shares,$8.77,0.18,2.095%,196175,258964945.00,,2026,Precious Metals,Basic Materials
SBR,Sabine Royalty Trust Common Stock,$69.15,-0.96,-1.369%,48628,1008161707.00,United States,,Oil & Gas Production,Energy
SBRA,Sabra Health Care REIT Inc. Common Stock,$19.72,-0.06,-0.303%,2496368,5037725548.00,United States,,Real Estate Investment Trusts,Real Estate
SBS,Companhia de saneamento Basico Do Estado De Sao Paulo - Sabesp American Depositary Shares (Each repstg 250 Common Shares),$5.31,0.13,2.51%,5831202,18715275673.00,Brazil,2002,Water Supply,Utilities
SBSI,Southside Bancshares Inc. Common Stock,$30.08,-0.27,-0.89%,182865,896624038.00,United States,,Major Banks,Finance
SBSW,D/B/A Sibanye-Stillwater Limited ADS,$10.21,0.02,0.196%,3529408,7225022941.00,South Africa,,Precious Metals,Basic Materials
SBUX,Starbucks Corporation Common Stock,$93.96,-1.47,-1.54%,5744512,107114400000.00,United States,1992,Restaurants,Consumer Discretionary
SBXE,SilverBox Corp V Class A Ordinary Shares,$10.11,0.01,0.099%,19173,0.00,,2026,,
SCAG,Scage Future American Depositary Shares,$0.2239,0.003,1.358%,71322,16257304.00,China,,Construction/Ag Equipment/Trucks,Consumer Discretionary
SCAGW,Scage Future Warrants,$0.0077,0.00,0.00%,302,559094.00,China,,Construction/Ag Equipment/Trucks,Consumer Discretionary
SCATU,Southern Cross Acquisition II Corp. Units,$10.04,0.00,0.00%,15918,0.00,United States,2026,Blank Checks,Finance
SCCD,Sachem Capital Corp. 6.00% Notes due 2026,$24.835,0.075,0.303%,135,1175745722.00,United States,,Real Estate Investment Trusts,Real Estate
SCCE,Sachem Capital Corp. 6.00% Notes due 2027,$24.55,0.05,0.204%,2390,1162253170.00,United States,2022,Real Estate Investment Trusts,Real Estate
SCCF,Sachem Capital Corp. 7.125% Notes due 2027,$24.56,-0.16,-0.647%,2416,1162726593.00,United States,2022,Real Estate Investment Trusts,Real Estate
SCCG,Sachem Capital Corp. 8.00% Notes due 2027,$24.6957,-0.1043,-0.421%,16819,1169150942.00,United States,2022,Real Estate Investment Trusts,Real Estate
SCCO,Southern Copper Corporation Common Stock,$202.64,0.09,0.044%,1274119,169068976904.00,United States,,Metal Mining,Basic Materials
SCD,LMP Capital and Income Fund Inc. Common Stock,$14.74,-0.02,-0.136%,87661,0.00,United States,2004,Trusts Except Educational Religious and Charitable,Finance
SCE^G,SCE Trust II Trust Preferred Securities,$16.46,0.07,0.427%,30131,,United States,,,
SCE^L,SCE TRUST VI,$16.20,-0.12,-0.735%,720145,,United States,,,
SCE^M,SCE Trust VII 7.50% Trust Preference Securities,$22.18,-0.22,-0.982%,146815,,United States,,,
SCE^N,SCE Trust VIII 6.95% Trust Preference Securities,$20.57,-0.17,-0.82%,94044,,United States,,,
SCHL,Scholastic Corporation Common Stock,$35.16,0.36,1.034%,555005,647276051.00,United States,1992,Books,Consumer Discretionary
SCHW,Charles Schwab Corporation (The) Common Stock,$97.74,-1.36,-1.372%,10334183,169025272686.00,United States,,Investment Bankers/Brokers/Service,Finance
SCHW^D,The Charles Schwab Corporation Depositary Shares each representing 1/40th interest in a share of 5.95% Non-Cumulative Perpetual Preferred Stock Series D,$21.19,-0.08,-0.376%,266222,,United States,,,
SCHW^J,The Charles Schwab Corporation Depositary Shares Each Representing a 1/40th Interest in a Share of 4.450% Non-Cumulative Perpetual Preferred Stock Series J,$15.82,-0.05,-0.315%,363851,,United States,,,
SCI,Service Corporation International Common Stock,$76.15,-0.68,-0.885%,923832,10403572945.00,United States,,Other Consumer Services,Consumer Discretionary
SCII,SC II Acquisition Corp. Class A ordinary share,$10.182,0.012,0.118%,806,0.00,United States,2026,,
SCIIR,SC II Acquisition Corp. Rights,$0.154,0.0037,2.462%,64744,0.00,United States,2026,,
SCKT,Socket Mobile Inc. Common Stock,$0.4463,-0.0037,-0.822%,29482,3700577.00,United States,,Computer Manufacturing,Technology
SCL,Stepan Company Common Stock,$62.38,0.19,0.306%,140944,1418055845.00,United States,,Package Goods/Cosmetics,Consumer Discretionary
SCLX,Scilex Holding Company Common Stock,$4.45,0.04,0.907%,17491,37793850.00,United States,2021,Biotechnology: Biological Products (No Diagnostic Substances),Health Care
SCLXW,Scilex Holding Company Warrant,$0.0999,0.0098,10.877%,10110,848451.00,United States,2021,Biotechnology: Biological Products (No Diagnostic Substances),Health Care
SCM,Stellus Capital Investment Corporation Common Stock,$7.42,-0.18,-2.368%,125907,211321133.00,United States,2012,Finance/Investors Services,Finance
SCNI,Scinai Immunotherapeutics Ltd. American Depositary Shares,$1.42,0.01,0.709%,80140,1921584.00,Israel,2015,Biotechnology: Biological Products (No Diagnostic Substances),Health Care
SCNX,Scienture Holdings Inc. Common Stock,$0.2598,-0.0068,-2.551%,633253,10668465.00,United States,,Biotechnology: Pharmaceutical Preparations,Health Care
SCOR,comScore Inc. Common Stock,$4.685,-0.045,-0.951%,32179,71138567.00,United States,2018,Business Services,Consumer Discretionary
SCPQ,Social Commerce Partners Corporation Class A Ordinary Shares,$10.095,0.045,0.448%,409,0.00,United States,2026,,
SCPQU,Social Commerce Partners Corporation Unit,$10.28,0.00,0.00%,2,0.00,United States,2025,,
SCSC,ScanSource Inc. Common Stock,$58.73,0.88,1.521%,305610,1182987349.00,United States,,Retail: Computer Software & Peripheral Equipment,Technology
SCTX,Scribe Therapeutics Inc. Common Stock,$18.405,-4.625,-20.083%,1184047,348437570.00,United States,2026,Biotechnology: Biological Products (No Diagnostic Substances),Health Care
SCWO,374Water Inc. Common Stock,$2.90,0.01,0.346%,32839,51382667.00,United States,,Metal Fabrications,Consumer Discretionary
SCYX,SCYNEXIS Inc. Common Stock,$4.94,0.28,6.009%,311636,49151068.00,United States,2014,Biotechnology: Pharmaceutical Preparations,Health Care
SCZM,Santacruz Silver Mining Ltd. Common Shares,$8.83,-0.145,-1.616%,215507,821104208.00,Canada,,Precious Metals,Basic Materials
SD,SandRidge Energy Inc. Common Stock,$13.49,0.07,0.522%,292128,500145743.00,United States,2016,Oil & Gas Production,Energy
SDA,SunCar Technology Group Inc. Class A Ordinary Shares,$0.445,-0.0068,-1.505%,121414,47013323.00,Hong Kong,2021,Automotive Aftermarket,Consumer Discretionary
SDEV,Stablecoin Development Corporation Common Stock,$2.59,-0.68,-20.795%,29312563,134036020.00,United States,,Biotechnology: Pharmaceutical Preparations,Health Care
SDGR,Schrodinger Inc. Common Stock,$31.05,0.72,2.374%,3894331,2322714749.00,United States,2020,Biotechnology: Pharmaceutical Preparations,Health Care
SDHC,Smith Douglas Homes Corp. Class A Common Stock,$10.16,-0.09,-0.878%,31871,516416351.00,United States,2024,Homebuilding,Consumer Discretionary
SDHI,Siddhi Acquisition Corp Class A Common stock,$10.55,0.00,0.00%,24,0.00,United States,2025,Blank Checks,Finance
SDHIR,Siddhi Acquisition Corp Right,$0.14,0.00,0.00%,30,0.00,United States,2025,,
SDHY,PGIM Short Duration High Yield Opportunities Fund Common Shares,$15.23,-0.13,-0.846%,95330,375770643.00,,2020,Finance/Investors Services,Finance
SDOT,Sadot Group Inc. Common Stock,$10.90,0.58,5.62%,82392,15887720.00,United States,2020,Restaurants,Consumer Discretionary
SDRL,Seadrill Limited Common Shares,$44.67,0.10,0.224%,669513,2793726259.00,Bermuda,2022,Oil & Gas Production,Energy
SDST,Stardust Power Inc. Common Stock,$0.106,0.0018,1.727%,59177854,4301164.00,United States,2021,Major Chemicals,Industrials
SE,Sea Limited American Depositary Shares each representing one Class A Ordinary Share,$97.36,-1.26,-1.278%,4222203,59631493062.00,United States,2017,Other Consumer Services,Consumer Discretionary
SEAL^A,Seapeak LLC 9.00% Series A Cumulative Redeemable Perpetual Preferred Units,$25.43,-0.295,-1.147%,10270,,Bermuda,,,
SEAL^B,Seapeak LLC 8.50% Series B Fixed-to-Floating Rate Cumulative Redeemable Perpetual Preferred Units,$25.49,-0.40,-1.545%,6462,,Bermuda,,,
SEAT,Vivid Seats Inc. Class A Common Stock,$3.86,0.01,0.26%,59705,45208926.00,United States,,Services-Misc. Amusement & Recreation,Consumer Discretionary
SEATW,Vivid Seats Inc. Warrant,$0.0201,0.00,0.00%,2666,235414.00,United States,,Services-Misc. Amusement & Recreation,Consumer Discretionary
SEB,Seaboard Corporation Common Stock,$3948.00,-107.45,-2.65%,7058,3781370712.00,United States,1996,Farming/Seeds/Milling,Industrials
SECZ,Securitize Corp. Common Stock,$14.59,-1.25,-7.891%,3361519,2382046344.00,,2026,Finance: Consumer Services,Finance
SEDG,SolarEdge Technologies Inc. Common Stock,$31.87,0.35,1.11%,2755300,1960825589.00,Israel,2015,Semiconductors,Technology
SEED,Origin Agritech Limited Common Stock,$0.7949,-0.1371,-14.71%,536011,9652889.00,China,,Farming/Seeds/Milling,Consumer Staples
SEER,Seer Inc. Class A Common Stock,$2.23,0.08,3.721%,753010,123479593.00,United States,2020,Biotechnology: Laboratory Analytical Instruments,Industrials
SEG,Seaport Entertainment Group Inc. Common Stock,$22.89,-0.44,-1.886%,98098,293210279.00,United States,2024,Services-Misc. Amusement & Recreation,Consumer Discretionary
SEGG,Sports Entertainment Gaming Global Corporation Common Stock,$2.32,-0.13,-5.306%,23379,7562010.00,United States,2023,Computer Software: Prepackaged Software,Technology
SEI,Solaris Energy Infrastructure Inc. Class A Common Stock,$71.18,2.84,4.156%,2378990,5449995783.00,United States,2017,Oil and Gas Field Machinery,Consumer Discretionary
SEIC,SEI Investments Company Common Stock,$102.66,-0.69,-0.668%,599023,12321169224.00,United States,1981,Investment Bankers/Brokers/Service,Finance
SELF,Global Self Storage Inc. Common Stock,$4.91,0.03,0.615%,55595,56079172.00,United States,,Real Estate Investment Trusts,Real Estate
SENEA,Seneca Foods Corp. Class A Common Stock,$178.00,-3.36,-1.853%,106990,1205009626.00,United States,,Packaged Foods,Consumer Staples
SENEB,Seneca Foods Corp. Class B Common Stock,$179.84,0.00,0.00%,35,1217465905.00,United States,,Packaged Foods,Consumer Staples
SENS,Senseonics Holdings Inc. Common Stock,$10.17,0.12,1.194%,922514,537729119.00,United States,,Medical/Dental Instruments,Health Care
SEPN,Septerna Inc. Common Stock,$39.13,0.00,0.00%,209593,1826468936.00,United States,2024,Biotechnology: Pharmaceutical Preparations,Health Care
SER,Serina Therapeutics Inc. Common Stock,$2.00,-0.08,-3.846%,10864,50800946.00,United States,2018,Biotechnology: Pharmaceutical Preparations,Health Care
SERA,Sera Prognostics Inc. Class A Common Stock,$2.09,0.08,3.98%,11471,82449384.00,United States,2021,Medical Specialities,Health Care
SERV,Serve Robotics Inc. Common Stock,$4.65,0.02,0.432%,5995084,403189908.00,United States,,Industrial Machinery/Components,Industrials
SES,SES AI Corporation Class A Common Stock,$0.60,0.0657,12.296%,33095466,222772440.00,United States,2021,Industrial Machinery/Components,Miscellaneous
SEV,Aptera Motors Corp. Class B Common Stock,$2.08,0.10,5.051%,122369,84329700.00,United States,,Auto Manufacturing,Industrials
SEVN,Seven Hills Realty Trust Common Stock,$6.88,-0.34,-4.709%,306108,155877449.00,United States,,Real Estate Investment Trusts,Real Estate
SEZL,Sezzle Inc. Common Stock,$108.04,0.07,0.065%,455134,3638248513.00,United States,,Finance: Consumer Services,Finance
SF,Stifel Financial Corporation Common Stock,$70.04,0.34,0.488%,1696461,10576161449.00,United States,,Investment Bankers/Brokers/Service,Finance
SF^B,Stifel Financial Corporation Depositary Shares Each Representing 1/1000th  Interest in a Share of 6.25% Non-Cumulative  Preferred Stock Series B,$23.00,-0.35,-1.499%,15232,,United States,,,
SF^C,Stifel Financial Corporation Depositary Shares Each Representing 1/1000th Interest in a Share of 6.125% Non Cumulative Preferred Stock Series C,$20.60,-0.58,-2.738%,49605,,United States,,,
SF^D,Stifel Financial Corporation Depositary Shares Each Representing 1/1000th Interest in a Share of 4.50% Non-Cumulative Preferred Stock Series D,$15.80,0.51,3.336%,61040,,United States,,,
SFB,Stifel Financial Corporation 5.20% Senior Notes due 2047,$18.96,0.14,0.744%,14767,1937207778.00,United States,2017,Investment Bankers/Brokers/Service,Finance
SFBC,Sound Financial Bancorp Inc. Common Stock,$44.65,-1.76,-3.792%,4410,114663120.00,United States,,Savings Institutions,Finance
SFBS,ServisFirst Bancshares Inc. Common Stock,$39.98,-0.10,-0.25%,532977,4371613900.00,United States,,Major Banks,Finance
SFD,Smithfield Foods Inc. Common Stock,$18.72,-0.29,-1.526%,1472085,7371326308.00,United States,2025,Meat/Poultry/Fish,Consumer Staples
SFHG,Samfine Creation Holdings Group Limited Class A Ordinary Share,$2.19,-0.095,-4.158%,11604,8891400.00,Hong Kong,2024,Publishing,Consumer Discretionary
SFIX,Stitch Fix Inc. Class A Common Stock,$2.56,0.03,1.186%,4099764,342025439.00,United States,2017,Catalog/Specialty Distribution,Consumer Discretionary
SFL,SFL Corporation Ltd,$13.16,0.10,0.766%,1217994,1750185037.00,Bermuda,,Marine Transportation,Consumer Discretionary
SFM,Sprouts Farmers Market Inc. Common Stock,$66.35,1.70,2.63%,2396618,6186979919.00,United States,2013,Food Chains,Consumer Staples
SFNC,Simmons First National Corporation Class A Common Stock,$22.58,0.06,0.266%,1257042,3263121356.00,United States,,Major Banks,Finance
SFST,Southern First Bancshares Inc. Common Stock,$59.26,-0.29,-0.487%,101184,561296201.00,United States,,Major Banks,Finance
SFWL,Shengfeng Development Limited Class A Ordinary Shares,$8.90,0.00,0.00%,475,48948523.00,China,2023,Trucking Freight/Courier Services,Industrials
SG,Sweetgreen Inc. Class A Common Stock,$8.87,0.13,1.487%,5612058,1055896464.00,United States,2021,Restaurants,Consumer Discretionary
SGA,Saga Communications Inc. Class A Common Stock (FL),$8.24,-0.04,-0.483%,753,52389821.00,United States,,Broadcasting,Consumer Discretionary
SGC,Superior Group of Companies Inc. Common Stock,$12.65,-0.15,-1.172%,32373,201706793.00,United States,,Apparel,Consumer Discretionary
SGHC,Super Group (SGHC) Limited Ordinary Shares,$11.35,-0.25,-2.155%,4557479,5766671544.00,,2022,Services-Misc. Amusement & Recreation,Consumer Discretionary
SGHT,Sight Sciences Inc. Common Stock,$9.36,0.01,0.107%,571361,515623586.00,United States,2021,Medical/Dental Instruments,Health Care
SGI,Somnigroup International Inc. Common Stock,$62.11,-0.15,-0.241%,2583922,14300156091.00,United States,,Home Furnishings,Consumer Discretionary
SGLD,Scorpio Gold Corporation American Depositary Shares ,$3.56,-0.02,-0.559%,44814,61617228.00,Canada,,,
SGLY,Singularity Future Technology Ltd. Common Stock,$0.7652,-0.0271,-3.42%,58755,4134979.00,United States,2008,Integrated Freight & Logistics,Industrials
SGML,Sigma Lithium Corporation Common Shares,$9.40,-0.31,-3.193%,3223944,1058142142.00,Canada,,Metal Mining,Basic Materials
SGMT,Sagimet Biosciences Inc. Series A Common Stock,$9.88,0.55,5.895%,5453267,608520651.00,United States,2023,Biotechnology: Pharmaceutical Preparations,Health Care
SGP,SpyGlass Pharma Inc. Common Stock,$26.00,0.56,2.201%,79575,869647454.00,United States,2026,Medical/Dental Instruments,Health Care
SGRX,SANGRIX INC. Class A Ordinary Shares,$1.59,0.08,5.298%,820477,3025735.00,United States,2019,Finance: Consumer Services,Finance
SGRY,Surgery Partners Inc. Common Stock,$13.87,-0.54,-3.747%,1857182,1815836266.00,United States,2015,Hospital/Nursing Management,Health Care
SGU,Star Group L.P. Common Stock,$12.84,0.06,0.469%,42949,421296013.00,United States,,Other Specialty Stores,Consumer Discretionary
SHAK,Shake Shack Inc. Class A Common Stock,$58.68,0.80,1.382%,2241114,2511441682.00,United States,2015,Restaurants,Consumer Discretionary
SHAZ,SharonAI Holdings Inc. Class A Common Stock,$54.60,0.43,0.794%,1251957,1954871373.00,United States,,EDP Services,Technology
SHBI,Shore Bancshares Inc Common Stock,$22.39,-0.09,-0.40%,232511,747205260.00,United States,,Major Banks,Finance
SHC,Sotera Health Company Common Stock,$18.49,-0.11,-0.591%,2029168,5276579960.00,United States,2020,Misc Health and Biotechnology Services,Health Care
SHEL,Shell PLC American Depositary Shares (each representing two (2) Ordinary Shares) ,$95.05,-0.09,-0.095%,9918858,262915223347.00,Netherlands,2022,Oil & Gas Production,Energy
SHEN,Shenandoah Telecommunications Co Common Stock,$11.22,-0.11,-0.971%,932504,598751710.00,United States,,Telecommunications Equipment,Telecommunications
SHFS,SHF Holdings Inc. Class A Common Stock,$1.47,0.0492,3.463%,435101,1510787.00,United States,2021,Finance: Consumer Services,Finance
SHFSW,SHF Holdings Inc. Warrants,$0.0106,0.001,10.417%,35610,10894.00,United States,2021,Finance: Consumer Services,Finance
SHG,Shinhan Financial Group Co Ltd American Depositary Shares,$77.67,-4.12,-5.037%,354925,36866404219.00,South Korea,,Major Banks,Finance
SHIM,Shimmick Corporation Common Stock,$2.97,-0.15,-4.808%,111571,122767394.00,United States,2023,Military/Government/Technical,Industrials
SHIP,Seanergy Maritime Holdings Corp. Common Stock,$16.41,-0.015,-0.091%,476434,355575129.00,Greece,,Marine Transportation,Consumer Discretionary
SHLS,Shoals Technologies Group Inc. Class A Common Stock,$8.10,0.33,4.247%,5019673,1363229595.00,United States,2021,Semiconductors,Technology
SHMD,SCHMID Group N.V. Class A Ordinary Shares,$4.86,0.37,8.241%,1527435,296260269.00,Germany,,Industrial Machinery/Components,Technology
SHMDW,SCHMID Group N.V. Warrants,$1.30,0.05,4.00%,58962,79246574.00,Germany,,Industrial Machinery/Components,Technology
SHO,Sunstone Hotel Investors Inc. Sunstone Hotel Investors Inc. Common Shares,$11.21,-0.09,-0.796%,2037564,2084431579.00,United States,2004,Hotels/Resorts,Consumer Discretionary
SHO^H,Sunstone Hotel Investors Inc. 6.125% Series H Cumulative Redeemable Preferred Stock,$22.53,-0.10,-0.442%,377802,,United States,,,
SHO^I,Sunstone Hotel Investors Inc. 5.70% Series I Cumulative Redeemable Preferred Stock,$21.80,-0.13,-0.593%,81933,,United States,,,
SHOE,Shoe Station Group Inc. Common Stock,$12.79,-0.28,-2.142%,1460202,347680994.00,United States,,Clothing/Shoe/Accessory Stores,Consumer Discretionary
SHOO,Steven Madden Ltd. Common Stock,$44.77,-0.37,-0.82%,1497018,3276138543.00,United States,1993,Shoe Manufacturing,Consumer Discretionary
SHOP,Shopify Inc. Class A Subordinate Voting Shares,$148.30,0.04,0.027%,7014047,192168775008.00,Canada,,Computer Software: Prepackaged Software,Technology
SHOT,RMG ML Sports Holdings Class A Ordinary Shares,$9.86,0.005,0.051%,5083,0.00,United States,2026,,
SHOTU,RMG ML Sports Holdings Unit,$10.01,0.045,0.452%,3540,0.00,United States,2026,,
SHPH,Shuttle Pharmaceuticals Holdings Inc. Common Stock,$4.04,0.12,3.061%,31897,19249372.00,United States,2022,Biotechnology: Pharmaceutical Preparations,Health Care
SHW,Sherwin-Williams Company (The) Common Stock,$323.27,-7.17,-2.17%,1403536,78476427474.00,United States,,RETAIL: Building Materials,Consumer Discretionary
SI,Shoulder Innovations Inc. Common Stock,$18.90,0.11,0.585%,191220,393478287.00,United States,2025,Medical/Dental Instruments,Health Care
SIBN,SI-BONE Inc. Common Stock,$18.80,-0.35,-1.828%,640221,842589210.00,United States,2018,Medical/Dental Instruments,Health Care
SID,Companhia Siderurgica Nacional S.A. Common Stock,$1.06,0.04,3.922%,4530234,1405659584.00,Brazil,,Steel/Iron Ore,Industrials
SIDU,Sidus Space Inc. Class A Common Stock,$1.81,-0.02,-1.093%,4369278,183217840.00,United States,2021,Telecommunications Equipment,Telecommunications
SIEB,Siebert Financial Corp. Common Stock,$2.15,0.00,0.00%,23537,88367012.00,United States,,Investment Bankers/Brokers/Service,Finance
SIF,SIFCO Industries Inc. Common Stock,$22.64,0.04,0.177%,42362,141593458.00,United States,1969,Aerospace,Industrials
SIFY,Sify Technologies Limited American Depositary Shares,$13.33,0.06,0.452%,20349,965553418.00,India,,Computer Software: Programming Data Processing,Technology
SIG,Signet Jewelers Limited Common Shares,$102.33,-1.99,-1.908%,939271,3921003476.00,Bermuda,,Consumer Specialties,Consumer Discretionary
SIGA,SIGA Technologies Inc. Common Stock,$3.40,-0.04,-1.163%,661395,244289034.00,United States,,Biotechnology: Pharmaceutical Preparations,Health Care
SIGI,Selective Insurance Group Inc. Common Stock,$83.60,-1.03,-1.217%,443454,4979978348.00,United States,,Property-Casualty Insurers,Finance
SIGIP,Selective Insurance Group Inc. Depositary Shares each representing a 1/1000th interest in a share of 4.60% Non-Cumulative Preferred Stock Series B,$15.05,0.05,0.333%,18056,896515241.00,United States,,Property-Casualty Insurers,Finance
SII,Sprott Inc. Common Shares,$119.38,-0.87,-0.723%,69345,3080004000.00,,2020,Finance: Consumer Services,Finance
SILC,Silicom Ltd Ordinary Shares,$52.30,0.93,1.81%,120658,300600055.00,Israel,,Computer Communications Equipment,Telecommunications
SILO,Silo Pharma Inc. Common Stock,$1.51,-0.10,-6.211%,207501,2647408.00,United States,,Biotechnology: Pharmaceutical Preparations,Health Care
SIM,Grupo Simec S.A.B. de C.V. American Depositary Shares,$29.515,0.665,2.305%,4929,4896629141.00,Mexico,1998,Steel/Iron Ore,Industrials
SIMA,SIM Acquisition Corp. I Class A Ordinary Shares,$10.92,-0.01,-0.091%,583,0.00,United States,2024,Industrial Machinery/Components,Miscellaneous
SIMAW,SIM Acquisition Corp. I Warrant,$0.1698,0.0097,6.059%,279,0.00,United States,2024,Blank Checks,Finance
SIMO,Silicon Motion Technology Corporation American Depositary Shares,$280.00,3.84,1.39%,444436,9494305800.00,Taiwan,2005,Semiconductors,Technology
SIND,Sinda Ltd. Common Stock,$13.80,-0.02,-0.145%,151936,2191314213.00,,2026,Precious Metals,Basic Materials
SINT,SiNtx Technologies Inc. Common Stock,$2.23,0.20,9.852%,79440,14861911.00,United States,2014,Medical/Dental Instruments,Health Care
SION,Sionna Therapeutics Inc. Common Stock,$5.26,0.11,2.136%,1157768,237817219.00,United States,2025,Biotechnology: Pharmaceutical Preparations,Health Care
SIRI,SiriusXM Holdings Inc. Common Stock,$25.88,0.12,0.466%,5104112,8723291139.00,United States,,Broadcasting,Consumer Discretionary
SITC,SITE Centers Corp. Common Stock,$3.37,0.26,8.36%,4116144,176841892.00,United States,,Real Estate Investment Trusts,Real Estate
SITE,SiteOne Landscape Supply Inc. Common Stock,$90.31,0.38,0.423%,1026112,3942518271.00,United States,2016,Professional and commerical equipment,Consumer Discretionary
SITM,SiTime Corporation Common Stock,$652.03,0.60,0.092%,417049,19607217603.00,United States,2019,Semiconductors,Technology
SJ,Scienjoy Holding Corporation Class A Ordinary Shares ,$0.71,0.0331,4.89%,10123,30148565.00,China,2019,EDP Services,Technology
SJM,The J.M. Smucker Company Common Stock,$118.91,-1.79,-1.483%,1192794,12702344691.00,United States,,Packaged Foods,Consumer Staples
SJT,San Juan Basin Royalty Trust Common Stock,$3.65,0.02,0.551%,311150,170122105.00,United States,,Oil & Gas Production,Energy
SKE,Skeena Resources Limited Common Shares,$29.73,-0.45,-1.491%,623122,3730006220.00,,2021,Precious Metals,Basic Materials
SKHY,SK hynix Inc. American Depositary Shares,$184.15,-2.53,-1.355%,11066953,1342205818250.00,South Korea,2026,Semiconductors,Technology
SKIL,Skillsoft Corp. Class A Common Stock,$5.76,-0.04,-0.69%,15324,52418557.00,United States,2019,Computer Software: Prepackaged Software,Technology
SKIN,SkinHealth Systems Inc. Class A Common Stock,$0.63,0.0089,1.433%,205040,81988681.00,United States,2020,Medical/Dental Instruments,Health Care
SKK,SKK Holdings Limited Class A Ordinary Shares,$4.49,-0.01,-0.222%,2548,14325776.00,Singapore,2024,Water Sewer Pipeline Comm & Power Line Construction,Industrials
SKM,SK Telecom Co. Ltd. Common Stock,$34.91,-1.00,-2.785%,857929,13390777800.00,South Korea,,Telecommunications Equipment,Telecommunications
SKT,Tanger Inc. Common Stock,$34.30,-0.56,-1.606%,1017086,3940349323.00,United States,1993,Real Estate Investment Trusts,Real Estate
SKWD,Skyward Specialty Insurance Group Inc. Common Stock,$52.80,-0.68,-1.272%,308450,2344134830.00,United States,2023,Property-Casualty Insurers,Finance
SKY,Champion Homes Inc. Common Stock,$85.70,-0.99,-1.142%,428444,4651807484.00,United States,,Homebuilding,Consumer Discretionary
SKYA,SkyAI Inc. Common Stock,$1.95,0.12,6.557%,469141,84332637.00,United States,2022,Medical/Dental Instruments,Health Care
SKYAW,SkyAI Inc. Warrant,$0.0438,-0.0009,-2.013%,1986,1894241.00,United States,2022,EDP Services,Technology
SKYE,Skye Bioscience Inc. Common Stock,$1.61,0.02,1.258%,72529,7128560.00,United States,,Biotechnology: Pharmaceutical Preparations,Health Care
SKYH,Sky Harbour Group Corporation Class A Common Stock,$9.47,-0.38,-3.858%,561771,773031441.00,United States,2022,Real Estate,Finance
SKYQ,Sky Quarry Inc. Common Stock,$2.49,-0.01,-0.40%,379154,21995141.00,United States,2024,Environmental Services,Industrials
SKYW,SkyWest Inc. Common Stock,$96.92,-1.98,-2.002%,287060,3763241259.00,United States,1986,Air Freight/Delivery Services,Consumer Discretionary
SKYX,SKYX Platforms Corp. Common Stock,$1.15,0.02,1.77%,569499,155745643.00,United States,2022,Building Products,Consumer Discretionary
SLAB,Silicon Laboratories Inc. Common Stock,$221.58,0.41,0.185%,279180,7393406902.00,United States,2000,Semiconductors,Technology
SLB,SLB Limited Common Shares,$48.72,-1.15,-2.306%,13232630,72307458214.00,France,,Oilfield Services/Equipment,Energy
SLBT,SL Science Holding Limited Ordinary Shares,$1.70,-0.13,-7.104%,27365,953291587.00,Taiwan,,Biotechnology: Biological Products (No Diagnostic Substances),Health Care
SLDB,Solid Biosciences Inc. Common Stock,$7.23,0.07,0.978%,1711201,775238471.00,United States,2018,Biotechnology: Biological Products (No Diagnostic Substances),Health Care
SLDE,Slide Insurance Holdings Inc. Common Stock,$22.31,-0.19,-0.844%,905483,2606069451.00,United States,2025,Property-Casualty Insurers,Finance
SLDP,Solid Power Inc. Class A Common Stock,$2.375,0.105,4.626%,3358241,541930379.00,United States,2021,Industrial Machinery/Components,Miscellaneous
SLDPW,Solid Power Inc. Warrant,$0.0212,0.0011,5.473%,906485,4837442.00,United States,2021,Industrial Machinery/Components,Miscellaneous
SLE,Super League Enterprise Inc. Common Stock,$5.525,-0.115,-2.039%,140482,16621951.00,United States,2019,EDP Services,Technology
SLF,Sun Life Financial Inc. Common Stock,$77.97,-1.09,-1.379%,354601,43418748768.00,Canada,,Life Insurance,Finance
SLG,SL Green Realty Corp Common Stock,$48.92,-0.10,-0.204%,1154767,3465977450.00,United States,1997,Real Estate Investment Trusts,Real Estate
SLG^I,SL Green Realty Corporation Preferred Series I,$21.21,-0.11,-0.516%,28070,,United States,,,
SLGB,Smart Logistics Global Limited Class A Ordinary Shares,$0.276,-0.0021,-0.755%,1902985,12420000.00,Hong Kong,2025,Integrated Freight & Logistics,Industrials
SLGL,Sol-Gel Technologies Ltd. Ordinary Shares,$74.28,2.03,2.81%,39198,243192646.00,Israel,2018,Biotechnology: Pharmaceutical Preparations,Health Care
SLGN,Silgan Holdings Inc. Common Stock,$34.75,-0.34,-0.969%,1011488,3672450195.00,United States,2022,Containers/Packaging,Industrials
SLI,Standard Lithium Ltd. Common Shares,$1.83,0.03,1.667%,2371234,451615016.00,Canada,2021,Major Chemicals,Industrials
SLM,SLM Corporation Common Stock,$22.63,-0.26,-1.136%,2271340,4253239660.00,United States,,Finance: Consumer Services,Finance
SLMBP,SLM Corporation Floating Rate Non-Cumulative Preferred Stock Series B,$73.81,-0.19,-0.257%,704,13872364970.00,United States,,Finance: Consumer Services,Finance
SLMT,Brera Holdings PLC Class B Ordinary Shares,$4.415,-0.105,-2.323%,39258,48606033.00,Ireland,2023,Services-Misc. Amusement & Recreation,Consumer Discretionary
SLN,Silence Therapeutics Plc American Depository Share,$10.93,0.13,1.204%,1356291,511524000.00,United Kingdom,,Biotechnology: Pharmaceutical Preparations,Health Care
SLND,Southland Holdings Inc. Common Stock,$0.66,-0.03,-4.348%,3764986,35927270.00,United States,,Military/Government/Technical,Industrials
SLNG,Stabilis Solutions Inc. Common Stock,$4.91,-0.06,-1.207%,5688,91307838.00,United States,,Oil/Gas Transmission,Utilities
SLNH,Soluna Holdings Inc. Common Stock,$1.14,-0.03,-2.564%,4096541,281240334.00,United States,,EDP Services,Technology
SLNHP,Soluna Holdings Inc 9.0% Series A Cumulative Perpetual Preferred Stock ,$12.91,0.09,0.702%,22230,3184923427.00,United States,,EDP Services,Technology
SLP,Simulations Plus Inc. Common Stock,$18.43,-0.05,-0.271%,332451,372743764.00,United States,,EDP Services,Technology
SLQT,SelectQuote Inc. Common Stock,$0.405,-0.0224,-5.241%,713241,72601029.00,United States,2020,Specialty Insurers,Finance
SLRC,SLR Investment Corp. Common Stock,$11.59,-0.12,-1.025%,405203,632288208.00,United States,2010,Finance/Investors Services,Finance
SLS,SELLAS Life Sciences Group Inc. Common Stock,$12.31,0.80,6.95%,8619012,2485951678.00,United States,,Biotechnology: Pharmaceutical Preparations,Health Care
SLSN,Solesence Inc. Common Stock,$0.82,0.00,0.00%,9294,57930577.00,United States,,Package Goods/Cosmetics,Consumer Discretionary
SLSR,Solaris Resources Inc. Common Shares,$6.96,-0.09,-1.277%,246923,1162565883.00,,2024,,
SLVM,Sylvamo Corporation Common Stock,$32.68,-1.34,-3.939%,1030323,1299364741.00,United States,2021,Paper,Basic Materials
SLXN,Silexion Therapeutics Corp Ordinary Shares,$0.2773,-0.0411,-12.908%,11701009,3060490.00,Israel,,Biotechnology: Biological Products (No Diagnostic Substances),Health Care
SLXNW,Silexion Therapeutics Corp Warrant,$0.0051,-0.0003,-5.556%,61701,56287.00,Israel,,Biotechnology: Biological Products (No Diagnostic Substances),Health Care
SM,SM Energy Company Common Stock,$33.78,0.67,2.024%,4062753,8034710417.00,United States,,Oil & Gas Production,Energy
SMA,SmartStop Self Storage REIT Inc. Common Stock,$32.20,-0.15,-0.464%,797541,1782878677.00,United States,2025,Real Estate Investment Trusts,Real Estate
SMBC,Southern Missouri Bancorp Inc. Common Stock,$70.90,-0.05,-0.07%,82579,780841481.00,United States,,Banks,Finance
SMBK,SmartFinancial Inc. Common Stock,$49.57,0.03,0.061%,394940,847571307.00,United States,,Major Banks,Finance
SMC,Summit Midstream Corporation Common Stock,$30.23,0.01,0.033%,106096,613913410.00,United States,2012,Natural Gas Distribution,Utilities
SMCI,Super Micro Computer Inc. Common Stock,$41.07,0.05,0.122%,31947849,26981568321.00,United States,2020,Computer Manufacturing,Technology
SMCIP,Super Micro Computer Inc. Depositary Shares representing a 1/20th Interest in a Share of 7% Series A Mandatory Convertible Preferred Stock,$68.73,-0.01,-0.015%,2773984,45153230842.00,United States,,Computer Manufacturing,Technology
SMFG,Sumitomo Mitsui Financial Group Inc Unsponsored American Depositary Shares (Japan),$25.91,-0.11,-0.423%,1671041,118184575184.00,Japan,,Commercial Banks,Finance
SMG,Scotts Miracle-Gro Company (The) Common Stock,$50.11,0.61,1.232%,1749862,2917417930.00,United States,1992,Agricultural Chemicals,Industrials
SMHI,SEACOR Marine Holdings Inc. Common Stock ,$8.12,-0.11,-1.337%,80873,220318547.00,United States,2017,Marine Transportation,Consumer Discretionary
SMID,Smith-Midland Corporation Common Stock,$22.80,-0.70,-2.979%,22770,120945017.00,United States,,Building Materials,Industrials
SMJF,SMJ International Holdings Inc. Class A Ordinary Shares,$2.59,0.02,0.778%,563097,71755950.00,,2025,RETAIL: Building Materials,Consumer Discretionary
SMMT,Summit Therapeutics Inc. Common Stock ,$16.91,0.52,3.173%,13060880,13489945770.00,United States,2015,Biotechnology: Pharmaceutical Preparations,Health Care
SMP,Standard Motor Products Inc. Common Stock,$37.10,-0.40,-1.067%,91207,828824870.00,United States,,Auto Parts:O.E.M.,Consumer Discretionary
SMPL,The Simply Good Foods Company Common Stock,$9.49,-0.12,-1.249%,2929340,839490572.00,United States,,Packaged Foods,Consumer Staples
SMR,NuScale Power Corporation Class A Common Stock,$7.90,0.14,1.804%,29505658,3394813849.00,United States,2022,Metal Fabrications,Industrials
SMRT,SmartRent Inc. Class A Common Stock,$1.18,0.00,0.00%,508448,226101923.00,United States,,EDP Services,Technology
SMSI,Smith Micro Software Inc. Common Stock,$2.66,0.00,0.00%,30092,14869081.00,United States,1995,Computer Software: Prepackaged Software,Technology
SMTC,Semtech Corporation Common Stock,$178.35,-1.75,-0.972%,2323114,16644625397.00,United States,,Semiconductors,Technology
SMTI,Sanara MedTech Inc. Common Stock,$35.14,0.05,0.142%,167009,322867550.00,United States,,Industrial Specialties,Health Care
SMTK,SmartKem Inc. Common Stock,$1.61,0.02,1.258%,73888,1667636.00,United States,,Semiconductors,Technology
SMWB,Similarweb Ltd. Ordinary Shares,$7.76,0.07,0.91%,390341,674859668.00,,2021,Computer Software: Programming Data Processing,Technology
SMX,SMX (Security Matters) Public Limited Company Ordinary Shares,$6.61,-0.69,-9.452%,62801,7195699.00,Ireland,,Industrial Machinery/Components,Technology
SMXT,Solarmax Technology Inc. Common Stock,$2.52,0.27,12.00%,4708,11950382.00,United States,2024,Engineering & Construction,Consumer Discretionary
SMXWW,SMX (Security Matters) Public Limited Company Warrant,$0.0165,0.0015,10.00%,2517,17962.00,Ireland,,Industrial Machinery/Components,Technology
SN,SharkNinja Inc. Ordinary Shares,$180.12,-2.32,-1.272%,1102200,25373783946.00,United States,2023,Consumer Electronics/Appliances,Consumer Discretionary
SNA,Snap-On Incorporated Common Stock,$363.35,-3.73,-1.016%,328225,18795050505.00,United States,,Industrial Machinery/Components,Consumer Discretionary
SNAL,Snail Inc. Class A Common Stock,$2.38,-0.02,-0.833%,13537,21314830.00,United States,2022,Computer Software: Prepackaged Software,Technology
SNAP,Snap Inc. Class A Common Stock,$5.40,0.06,1.124%,39811386,9132467645.00,United States,2017,Computer Software: Programming Data Processing,Technology
SND,Smart Sand Inc. Common Stock,$5.12,0.06,1.186%,532538,217083192.00,United States,2016,Mining & Quarrying of Nonmetallic Minerals (No Fuels),Industrials
SNDA,Sonida Senior Living Inc. Common Stock,$37.58,-0.03,-0.08%,365792,1805643464.00,United States,,Hospital/Nursing Management,Health Care
SNDK,Sandisk Corporation Common Stock,$1739.89,10.13,0.586%,6052590,254752955650.00,United States,,Electronic Components,Technology
SNDL,SNDL Inc. Common Shares,$1.29,-0.07,-5.147%,2002794,317495887.00,Canada,2019, Medicinal Chemicals and Botanical Products ,Health Care
SNDR,Schneider National Inc. Common Stock,$31.85,-0.13,-0.407%,846543,5583333633.00,United States,2017,Trucking Freight/Courier Services,Industrials
SNDX,Syndax Pharmaceuticals Inc. Common Stock,$18.80,0.565,3.098%,1729427,1678785217.00,United States,2016,Biotechnology: Pharmaceutical Preparations,Health Care
SNES,SenesTech Inc. Common Stock,$0.6767,0.0267,4.108%,75477,3670111.00,United States,2016,Agricultural Chemicals,Industrials
SNEX,StoneX Group Inc. Common Stock,$64.64,-0.61,-0.935%,1202620,7796665750.00,United States,,Investment Bankers/Brokers/Service,Finance
SNFCA,Security National Financial Corporation Class A Common Stock,$8.70,-0.10,-1.136%,18604,238182414.00,United States,,Finance: Consumer Services,Finance
SNGX,Soligenix Inc. Common Stock,$0.362,-0.003,-0.822%,90299,7879103.00,United States,,Biotechnology: Pharmaceutical Preparations,Health Care
SNN,Smith & Nephew SNATS Inc. Common Stock,$26.96,0.01,0.037%,1183232,11288382885.00,United Kingdom,,Industrial Specialties,Health Care
SNOA,Sonoma Pharmaceuticals Inc. Common Stock,$1.28,0.035,2.811%,110691,6129184.00,United States,2007,Medical/Dental Instruments,Health Care
SNOW,Snowflake Inc. Common Stock,$339.56,9.25,2.80%,5708907,119796768000.00,United States,2020,Computer Software: Prepackaged Software,Technology
SNPS,Synopsys Inc. Common Stock,$434.94,19.85,4.782%,4492524,83350442811.00,United States,1992,Computer Software: Prepackaged Software,Technology
SNSC,SunScout Holding Limited Class A Ordinary Shares,$1.30,0.03,2.362%,44460,49530000.00,,2026,Semiconductors,Technology
SNT,Senstar Technologies Corporation Common Shares,$1.62,0.02,1.25%,4282,37797278.00,Canada,,Telecommunications Equipment,Telecommunications
SNTG,Sentage Holdings Inc. Class A Ordinary Shares,$1.68,-0.07,-4.00%,5902,4712946.00,China,2021,Finance: Consumer Services,Finance
SNTI,Senti Biosciences Holdings Inc. Common Stock,$0.3122,0.0047,1.528%,84186,9723392.00,United States,2021,Biotechnology: Biological Products (No Diagnostic Substances),Health Care
SNUS^H,Santander Holdings USA Inc. Depositary Shares Each Representing a 1/1000th Interest in a Share of Fixed-Rate Reset Non-Cumulative Perpetual Preferred Stock Series H,$20.94,0.02,0.096%,28663,,,,,
SNUS^I,Santander Holdings USA Inc. Depositary Shares Each Representing a 1/40th Interest in a Share of Fixed-Rate Reset Non-Cumulative Perpetual Preferred Stock Series I,$24.98,-0.41,-1.615%,140456,,,,,
SNWV,SANUWAVE Health Inc. Common Stock,$4.71,-0.03,-0.633%,44411,40516875.00,United States,,Medical/Dental Instruments,Health Care
SNX,TD SYNNEX Corporation Common Stock,$256.85,-1.34,-0.519%,800963,20537405451.00,United States,2003,Retail: Computer Software & Peripheral Equipment,Technology
SNY,Sanofi ADS,$41.23,0.49,1.203%,4304761,100553958336.00,France,,Biotechnology: Pharmaceutical Preparations,Health Care
SO,Southern Company (The) Common Stock,$82.89,-0.56,-0.671%,8554333,95353586252.00,United States,,Electric Utilities: Central,Utilities
SOAR,Volato Group Inc. Class A Common Stock,$0.3321,-0.0579,-14.846%,74461248,17811602.00,,2022,Transportation Services,Consumer Discretionary
SOBO,South Bow Corporation Common Shares,$33.13,-0.13,-0.391%,494844,6910408693.00,Canada,2024,Natural Gas Distribution,Energy
SOC,Sable Offshore Corp. Common Stock,$3.46,0.06,1.765%,10427365,663868719.00,United States,2021,Oil & Gas Production,Energy
SOCA,Solarius Capital Acquisition Corp. Class A Ordinary Share,$10.34,0.00,0.00%,9,0.00,United States,2025,,
SOCAW,Solarius Capital Acquisition Corp. Warrant,$0.1932,0.0179,10.211%,10100,0.00,United States,2025,,
SOFI,SoFi Technologies Inc. Common Stock  ,$15.72,-0.19,-1.194%,41349913,20303485493.00,United States,,Finance: Consumer Services,Finance
SOGP,Sound Group Inc. American Depositary Shares,$11.20,-0.65,-5.485%,13842,46750435.00,China,2020,Computer Software: Programming Data Processing,Technology
SOHU,Sohu.com Limited American Depositary Shares,$12.92,-0.19,-1.449%,47961,336811764.00,China,,EDP Services,Technology
SOJC,Southern Company (The) Series 2017B 5.25% Junior Subordinated Notes due December 1 2077,$18.25,-0.25,-1.351%,118651,20075865178.00,United States,2017,Electric Utilities: Central,Utilities
SOJD,Southern Company (The) Series 2020A 4.95% Junior Subordinated Notes due January 30 2080,$17.24,-0.20,-1.147%,253622,18964817297.00,United States,2020,Electric Utilities: Central,Utilities
SOJE,Southern Company (The) Series 2020C 4.20% Junior Subordinated Notes due October 15 2060,$15.44,-0.07,-0.451%,143727,16900094979.00,United States,2020,Electric Utilities: Central,Utilities
SOJF,Southern Company (The) Series 2025A 6.50% Junior Subordinated Notes due March 15 2085,$22.48,-0.17,-0.751%,197025,0.00,United States,2025,Electric Utilities: Central,Utilities
SOLS,Solstice Advanced Materials Inc. Common Stock ,$56.32,0.31,0.553%,2717058,8946283822.00,United States,,Major Chemicals,Industrials
SOLV,Solventum Corporation Common Stock,$88.15,-1.17,-1.31%,689741,15005221711.00,United States,2024,Medical/Dental Instruments,Health Care
SOMN,Southern Company (The) 2025 Series A Corporate Units,$44.74,-0.38,-0.842%,786607,51467239099.00,United States,,Electric Utilities: Central,Utilities
SON,Sonoco Products Company Common Stock,$48.82,-0.79,-1.592%,886457,4827077646.00,United States,,Containers/Packaging,Consumer Discretionary
SONM,DNA X Inc. Common Stock,$4.565,0.375,8.95%,15072,6793943.00,United States,2019,Telecommunications Equipment,Utilities
SONO,Sonos Inc. Common Stock,$17.89,0.04,0.224%,2319102,2116279284.00,United States,2018,Consumer Electronics/Appliances,Consumer Staples
SONY,Sony Group Corporation American Depositary Shares ,$23.53,0.16,0.685%,3767158,138734116596.00,Japan,,Consumer Electronics/Appliances,Consumer Staples
SOPH,SOPHiA GENETICS SA Ordinary Shares,$8.38,0.08,0.964%,471249,713371174.00,Switzerland,2021,EDP Services,Technology
SOR,Source Capital Inc. Cmn Shs of BI,$45.43,0.19,0.42%,8587,379089863.00,United States,,Investment Managers,Finance
SORA,AsiaStrategy Ordinary Shares,$2.3009,-0.0501,-2.131%,3007,57209578.00,Hong Kong,2025,Other Specialty Stores,Industrials
SORN,Soren Acquisition Corp. Class A Ordinary Shares,$10.02,0.00,0.00%,19,0.00,United States,2026,Blank Checks,Finance
SORNU,Soren Acquisition Corp. Unit,$10.20,0.00,0.00%,5,0.00,United States,2026,Blank Checks,Finance
SORNW,Soren Acquisition Corp. Warrant,$0.2127,0.0127,6.35%,2300,0.00,United States,2026,Blank Checks,Finance
SOS,SOS Limited Class A Ordinary Shares,$0.3319,-0.0269,-7.497%,330870,6030729.00,China,,Investment Bankers/Brokers/Service,Finance
SOTK,Sono-Tek Corporation Common Stock,$5.90,0.92,18.474%,566505,92728666.00,United States,,Industrial Machinery/Components,Technology
SOUL,Soulpower Acquisition Corporation Class A Ordinary Shares,$10.485,0.00,0.00%,49,0.00,,2025,Publishing,Consumer Discretionary
SOUN,SoundHound AI Inc Class A Common Stock,$6.02,0.18,3.082%,17347141,2895648192.00,United States,,Computer Software: Prepackaged Software,Technology
SOUNW,SoundHound AI Inc. Warrant,$0.58,-0.0095,-1.612%,22105,278982716.00,United States,2021,Computer Software: Prepackaged Software,Technology
SOWG,Sow Good Inc. Common Stock,$2.29,0.03,1.327%,2623,46028755.00,United States,,Packaged Foods,Consumer Staples
SPAI,Safe Pro Group Inc. Common Stock,$4.56,0.105,2.357%,100556,92854651.00,United States,2024,Computer Software: Prepackaged Software,Technology
SPB,Spectrum Brands Holdings Inc. Common Stock,$79.51,-1.12,-1.389%,342525,1828379838.00,United States,,Industrial Machinery/Components,Miscellaneous
SPCB,SuperCom Ltd. Ordinary Shares (Israel),$9.45,0.27,2.941%,68597,59350271.00,Israel,,Semiconductors,Technology
SPCE,Virgin Galactic Holdings Inc. Common Stock,$2.99,-0.05,-1.645%,4349863,453271750.00,United States,2017,Transportation Services,Consumer Discretionary
SPCX,Space Exploration Technologies Corp. Class A Common Stock,$150.86,1.62,1.085%,79614390,2047595870348.00,United States,2026,Computer Software: Programming Data Processing,Technology
SPE,Special Opportunities Fund Inc Common Stock,$12.64,0.08,0.637%,57371,0.00,United States,,Finance/Investors Services,Finance
SPE^C,Special Opportunities Fund Inc. 2.75% Convertible Preferred Stock Series C,$24.7999,0.0498,0.201%,2768,,United States,,,
SPEG,Silver Pegasus Acquisition Corp Class A Ordinary Shares,$10.42,0.00,0.00%,40,0.00,United States,2025,,
SPEGR,Silver Pegasus Acquisition Corp Rights.,$0.143,-0.0269,-15.833%,1121,0.00,United States,2025,,
SPFI,South Plains Financial Inc. Common Stock,$41.73,-0.07,-0.167%,126438,786155852.00,United States,2019,Major Banks,Finance
SPG,Simon Property Group Inc. Common Stock,$200.76,-3.52,-1.723%,1487171,64956202151.00,United States,,Real Estate Investment Trusts,Real Estate
SPG^J,Simon Property Group Inc. Simon Property Group 8 3/8% Series J Cumulative Redeemable Preferred Stock,$53.39,-1.19,-2.18%,4684,,United States,,,
SPGI,S&P Global Inc. Common Stock,$394.47,2.02,0.515%,3081112,116289756000.00,United States,,Finance: Consumer Services,Finance
SPH,Suburban Propane Partners L.P. Common Stock,$16.44,-0.17,-1.023%,173726,1096751642.00,United States,1996,Other Specialty Stores,Consumer Discretionary
SPHL,Springview Holdings Ltd Class A Ordinary Shares,$2.40,0.00,0.00%,37287,29428752.00,Singapore,2024,Homebuilding,Consumer Discretionary
SPHR,Sphere Entertainment Co. Class A Common Stock,$134.44,0.14,0.104%,530142,4828225325.00,United States,2020,Services-Misc. Amusement & Recreation,Consumer Discretionary
SPIR,Spire Global Inc. Class A Common Stock,$11.18,0.03,0.269%,514128,454158108.00,United States,2020,Telecommunications Equipment,Consumer Discretionary
SPKL,Spark I Acquisition Corp. Class A Ordinary Share,$11.4199,-0.1101,-0.955%,28691,0.00,United States,2023,Industrial Machinery/Components,Miscellaneous
SPKLU,Spark I Acquisition Corp. Unit,$12.42,0.00,0.00%,1,0.00,United States,2023,Industrial Machinery/Components,Miscellaneous
SPKLW,Spark I Acquisition Corp. Warrant,$0.95,-0.03,-3.061%,2604,0.00,United States,2023,Industrial Machinery/Components,Miscellaneous
SPMA,Sound Point Meridian Capital Inc. 8.00% Series A Preferred Shares Due 2029,$24.95,0.05,0.201%,5709,0.00,,,,
SPMC,Sound Point Meridian Capital Inc. Common Stock,$8.41,0.07,0.839%,14943,0.00,,2024,,
SPME,Sound Point Meridian Capital Inc. 7.875% Series B Preferred Shares due 2030,$24.81,0.10,0.405%,2088,0.00,,,,
SPNT,SiriusPoint Ltd. Common Shares,$24.25,-0.59,-2.375%,908982,2817001638.00,Bermuda,2013,Property-Casualty Insurers,Finance
SPOK,Spok Holdings Inc. Common Stock,$10.49,0.08,0.768%,137371,219431257.00,United States,,Telecommunications Equipment,Telecommunications
SPOT,Spotify Technology S.A. Ordinary Shares,$487.38,-6.28,-1.272%,1317940,100318657009.00,Luxembourg,2018,Broadcasting,Consumer Discretionary
SPPL,SIMPPLE LTD. Ordinary Shares,$1.99,-0.01,-0.50%,7653,19474506.00,Singapore,2023,Diversified Commercial Services,Consumer Discretionary
SPRB,Spruce Biosciences Inc. Common Stock,$48.58,1.31,2.771%,61267,139619552.00,United States,2020,Biotechnology: Pharmaceutical Preparations,Health Care
SPRC,SciSparc Ltd. Ordinary Shares,$4.72,0.015,0.319%,12193,2742193.00,Israel,,Biotechnology: Pharmaceutical Preparations,Health Care
SPRO,Spero Therapeutics Inc. Common Stock,$1.21,0.01,0.833%,558223,70464141.00,United States,2017,Biotechnology: Pharmaceutical Preparations,Health Care
SPRU,Spruce Power Holding Corporation Class A Common Stock,$1.71,-0.08,-4.469%,69157,32921238.00,United States,2019,Electric Utilities: Central,Utilities
SPRY,ARS Pharmaceuticals Inc. Common Stock,$4.31,-0.09,-2.045%,1298250,428618048.00,United States,2020,Biotechnology: Pharmaceutical Preparations,Health Care
SPSC,SPS Commerce Inc. Common Stock,$82.44,0.29,0.353%,388377,2967854345.00,United States,2010,Computer Software: Prepackaged Software,Technology
SPT,Sprout Social Inc Class A Common Stock,$9.77,0.36,3.826%,830528,591985911.00,United States,2019,Computer Software: Prepackaged Software,Technology
SPTX,Seaport Therapeutics Inc. Common Stock,$20.17,1.48,7.919%,488685,1079711194.00,United States,2026,Biotechnology: Pharmaceutical Preparations,Health Care
SPWH,Sportsman's Warehouse Holdings Inc. Common Stock,$1.13,0.00,0.00%,262141,44229855.00,United States,2014,Other Specialty Stores,Consumer Discretionary
SPWR,SunPower Inc. Common Stock,$0.3071,0.0066,2.196%,1455706,98364236.00,United States,,Semiconductors,Technology
SPWRW,SunPower Inc. Warrants,$0.019,-0.0024,-11.215%,27623,6085707.00,United States,,Semiconductors,Technology
SPXC,SPX Technologies Inc. Common Stock,$169.56,-1.07,-0.627%,501990,8492558422.00,United States,,Industrial Machinery/Components,Industrials
SPXX,Nuveen S&P 500 Dynamic Overwrite Fund,$18.49,0.06,0.326%,644950,0.00,United States,,Trusts Except Educational Religious and Charitable,Finance
SQFT,Presidio Property Trust Inc. Class A Common Stock,$1.25,-0.09,-6.716%,33157,1793040.00,United States,2020,Real Estate Investment Trusts,Real Estate
SQFTP,Presidio Property Trust Inc. 9.375% Series D Cumulative Redeemable Perpetual Preferred Stock $0.01 par value per share,$6.49,-0.13,-1.964%,3600,9309464.00,United States,,Real Estate Investment Trusts,Real Estate
SQFTW,Presidio Property Trust Inc. Series A Common Stock Purchase Warrants,$0.0141,0.00,0.00%,18,20225.00,United States,,Real Estate Investment Trusts,Real Estate
SQM,Sociedad Quimica y Minera S.A. Common Stock,$64.87,-1.21,-1.831%,784037,18529324605.00,Chile,1993,Mining & Quarrying of Nonmetallic Minerals (No Fuels),Industrials
SQNS,Sequans Communications S.A. American Depositary Shares (each representing one hundred (100) Ordinary Shares),$2.76,0.01,0.364%,20258,41338355.00,France,,Semiconductors,Technology
SR,Spire Inc. Common Stock,$76.09,-0.68,-0.886%,608493,4497893485.00,United States,,Oil/Gas Transmission,Utilities
SRAD,Sportradar Group AG Class A Ordinary Shares,$11.56,0.00,0.00%,1670902,3603915128.00,Switzerland,2021,Computer Software: Programming Data Processing,Technology
SRBK,SR Bancorp Inc. Common stock,$18.85,-0.13,-0.685%,30732,149506815.00,United States,2023,Banks,Finance
SRCE,1st Source Corporation Common Stock,$84.50,-0.41,-0.483%,130126,2034914297.00,United States,,Major Banks,Finance
SRE,DBA Sempra Common Stock,$77.96,-0.22,-0.281%,4634938,50978071130.00,United States,,Natural Gas Distribution,Utilities
SREA,DBA Sempra 5.750% Junior Subordinated Notes due 2079,$18.62,-0.18,-0.957%,169016,11789176193.00,United States,2019,Natural Gas Distribution,Utilities
SRFM,Surf Air Mobility Inc. Common Stock,$1.20,0.00,0.00%,10737704,148373092.00,United States,2023,Transportation Services,Consumer Discretionary
SRG,Seritage Growth Properties Class A Common Stock,$1.62,-0.10,-5.814%,277964,91245863.00,United States,2015,Real Estate,Finance
SRG^A,Seritage Growth Properties 7.00% Series A Cumulative Redeemable Preferred Shares of Beneficial Interest,$20.9898,-0.1152,-0.546%,901,,United States,,,
SRI,Stoneridge Inc. Common Stock,$6.65,-0.06,-0.894%,169493,189677112.00,United States,1997,Auto Parts:O.E.M.,Consumer Discretionary
SRJN,Spire Inc. 6.375% Junior Subordinated Notes due 2086,$21.55,-0.06,-0.278%,164655,0.00,United States,,Oil/Gas Transmission,Utilities
SRL,Scully Royalty Ltd.,$5.195,0.195,3.90%,10296,79100893.00,Canada,,Precious Metals,Industrials
SRPT,Sarepta Therapeutics Inc. Common Stock (DE),$18.22,-0.42,-2.253%,1995093,1924524323.00,United States,,Biotechnology: Pharmaceutical Preparations,Health Care
SRRK,Scholar Rock Holding Corporation Common Stock,$48.32,0.57,1.194%,1285265,5884664826.00,United States,2018,Biotechnology: Biological Products (No Diagnostic Substances),Health Care
SRTA,Strata Critical Medical Inc. Class A Common Stock,$5.11,0.01,0.196%,798327,452065379.00,United States,2019,Medical/Nursing Services,Health Care
SRTS,Sensus Healthcare Inc. Common Stock,$2.99,-0.08,-2.606%,19412,49221556.00,United States,2016,Medical/Dental Instruments,Health Care
SRV,NXG Cushing Midstream Energy Fund Common Shares of Beneficial Interest,$41.41,0.17,0.412%,48364,0.00,United States,,Finance Companies,Finance
SRXH,SRX Global Inc. Common Stock,$1.55,-0.05,-3.125%,247141,31411356.00,,2021,Beverages (Production/Distribution),Consumer Staples
SRZN,Surrozen Inc. Common Stock,$32.18,0.20,0.625%,1656711,378229496.00,United States,,Biotechnology: Biological Products (No Diagnostic Substances),Health Care
SSAC,SPACSphere Acquisition Corp. Class A Ordinary Shares,$10.13,0.0085,0.084%,3206,0.00,United States,2026,Blank Checks,Finance
SSACR,SPACSphere Acquisition Corp. Rights,$0.179,0.0039,2.227%,418,0.00,United States,2026,Blank Checks,Finance
SSACU,SPACSphere Acquisition Corp. Unit,$10.31,0.00,0.00%,3,0.00,United States,2026,Blank Checks,Finance
SSACW,SPACSphere Acquisition Corp. Warrant,$0.06,-0.0165,-21.569%,11170,0.00,United States,2026,Blank Checks,Finance
SSB,SouthState Bank Corporation Common Stock,$99.56,-0.53,-0.53%,859971,9654784605.00,United States,,Major Banks,Finance
SSBI,Summit State Bank Common Stock,$12.29,-0.152,-1.222%,1067,82012768.00,United States,2006,Major Banks,Finance
SSD,Simpson Manufacturing Company Inc. Common Stock,$170.88,-3.11,-1.787%,248561,7003462460.00,United States,,Industrial Machinery/Components,Consumer Discretionary
SSEA,Starry Sea Acquisition Corp	Ordinary Shares,$10.35,-0.02,-0.193%,8406,0.00,United States,2025,Blank Checks,Finance
SSEAR,Starry Sea Acquisition Corp Rights,$0.0701,0.00,0.00%,2050,0.00,United States,2025,Blank Checks,Finance
SSII,SS Innovations International Inc. Common Stock,$2.98,0.09,3.114%,151411,597148596.00,India,,Medical/Dental Instruments,Health Care
SSL,Sasol Ltd. American Depositary Shares,$13.82,-0.03,-0.217%,2082867,8952066279.00,South Africa,,Oil & Gas Production,Energy
SSM,Sono Group N.V. Ordinary Shares,$1.12,-0.01,-0.885%,94372,1595814.00,Germany,,Semiconductors,Technology
SSMR,Sunshine Silver Mining & Refining Company Common Stock,$14.72,-0.19,-1.274%,447912,2115655596.00,,2026,Precious Metals,Basic Materials
SSNC,SS&C Technologies Holdings Inc. Common Stock,$77.07,-0.52,-0.67%,1227305,18084860542.00,United States,2010,Computer Software: Prepackaged Software,Technology
SSP,E.W. Scripps Company (The) Class A Common Stock,$2.60,-0.01,-0.383%,467329,240939377.00,United States,,Broadcasting,Industrials
SSRM,SSR Mining Inc. Common Stock,$33.32,-0.62,-1.827%,2233122,6794258276.00,Canada,,Precious Metals,Industrials
SST,System1 Inc. Class A Common Stock,$2.62,-0.08,-2.963%,41427,27480260.00,United States,2020,Computer Software: Programming Data Processing,Technology
SSTI,SoundThinking Inc. Common Stock,$8.31,0.10,1.218%,574636,110028655.00,United States,2017,Computer Software: Prepackaged Software,Technology
SSTK,Shutterstock Inc. Common Stock,$4.22,0.20,4.975%,935231,155919226.00,United States,2012,EDP Services,Technology
SSYS,Stratasys Ltd. Ordinary Shares (Israel),$8.31,-0.20,-2.35%,917212,716093799.00,United States,1994,Computer peripheral equipment,Technology
ST,Sensata Technologies Holding plc Ordinary Shares,$41.56,-0.35,-0.835%,861676,6048470425.00,Netherlands,2010,Industrial Machinery/Components,Industrials
STAA,STAAR Surgical Company Common Stock,$22.61,0.18,0.802%,798906,1133755478.00,United States,,Ophthalmic Goods,Health Care
STAG,Stag Industrial Inc. Common Stock,$35.81,-1.08,-2.928%,2191633,6904466261.00,United States,2011,Real Estate Investment Trusts,Real Estate
STAK,STAK Inc. Class A Ordinary Shares,$1.09,-0.02,-1.802%,207065,20939280.00,China,2025,Oil and Gas Field Machinery,Consumer Discretionary
STBA,S&T Bancorp Inc. Common Stock,$48.37,-0.39,-0.80%,340626,1705791848.00,United States,,Major Banks,Finance
STC,Stewart Information Services Corporation Common Stock,$49.71,-7.05,-12.421%,722204,1517258512.00,United States,,Specialty Insurers,Finance
STDN,Standard Nuclear Inc. Class A Common Stock,$11.81,-0.21,-1.747%,498582,1848864417.00,,2026,Major Chemicals,Basic Materials
STE,STERIS plc (Ireland) Ordinary Shares,$210.01,-0.64,-0.304%,560940,20475998101.00,United States,,Industrial Specialties,Health Care
STEM,Stem Inc. Class A Common Stock,$4.25,-0.42,-8.994%,197243,40913662.00,United States,1992,EDP Services,Technology
STEP,StepStone Group Inc. Class A Common Stock,$43.40,0.25,0.579%,1378501,5237367391.00,United States,2020,Investment Managers,Finance
STEW,SRH Total Return Fund Inc. Common Stock,$17.37,-0.20,-1.138%,70623,0.00,United States,,Investment Managers,Finance
STEX,Streamex Corp. Common Stock,$0.643,-0.0326,-4.825%,845368,74887263.00,United States,,Finance: Consumer Services,Finance
STFS,Star Fashion Culture Holdings Limited Class A Ordinary Shares,$3.6101,-0.0199,-0.548%,9284,54851051.00,China,2024,Advertising,Consumer Discretionary
STG,Sunlands Technology Group American Depositary Shares representing Class A ordinary shares,$2.88,-0.04,-1.37%,5872,38571828.00,,2018,Other Consumer Services,Real Estate
STGW,Stagwell Inc. Class A Common Stock,$8.14,-0.04,-0.489%,1406699,1990030171.00,Canada,,Advertising,Consumer Discretionary
STHO,Star Holdings Shares of Beneficial Interest,$8.57,-0.01,-0.117%,55733,103537024.00,United States,,Real Estate,Real Estate
STI,Solidion Technology Inc. Common Stock,$6.455,-0.225,-3.368%,160294,56331546.00,United States,2022,Industrial Machinery/Components,Miscellaneous
STIM,Neuronetics Inc. Common Stock,$2.34,-0.02,-0.847%,624803,178301499.00,United States,2018,Medical/Dental Instruments,Health Care
STK,Columbia Seligman Premium Technology Growth Fund Inc,$53.77,0.90,1.702%,111095,0.00,United States,2009,Investment Managers,Finance
STKE,Sol Strategies Inc. Common Shares,$1.63,0.03,1.875%,280259,64363613.00,Canada,,,
STKH,Steakholder Foods Ltd. American Depositary Shares,$1.57,0.11,7.534%,71444,1748398.00,Israel,2021,Packaged Foods,Consumer Staples
STKS,The ONE Group Hospitality Inc. Common Stock,$1.60,-0.07,-4.192%,7290,50702438.00,United States,,Restaurants,Consumer Discretionary
STLA,Stellantis N.V. Common Shares,$4.36,-0.07,-1.58%,29046326,12633026735.00,United Kingdom,2014,Auto Manufacturing,Industrials
STLD,Steel Dynamics Inc.,$221.61,0.24,0.108%,1221570,31762937582.00,United States,1996,Steel/Iron Ore,Industrials
STLN,Starling Oncology Inc. Common Stock,$6.32,-0.19,-2.919%,946931,644109847.00,United States,2020,Medical/Nursing Services,Health Care
STLNW,Starling Oncology Inc. Warrant,$0.0488,-0.0001,-0.204%,114,4973506.00,United States,2020,Medical/Nursing Services,Health Care
STM,STMicroelectronics N.V. Common Stock,$53.36,0.12,0.225%,8094409,47626212246.00,Switzerland,,Semiconductors,Technology
STN,Stantec Inc Common Stock,$67.36,0.12,0.178%,291996,7571243994.00,Canada,,Military/Government/Technical,Consumer Discretionary
STNE,StoneCo Ltd. Class A Common Shares,$9.34,0.06,0.647%,5608935,2304314990.00,Brazil,2018,EDP Services,Technology
STNG,Scorpio Tankers Inc. Common Shares,$83.70,0.13,0.156%,1375649,4332545523.00,Monaco,2010,Marine Transportation,Consumer Discretionary
STOK,Stoke Therapeutics Inc. Common Stock,$26.00,0.12,0.464%,1874798,1677682292.00,United States,2019,Biotechnology: Pharmaceutical Preparations,Health Care
STRA,Strategic Education Inc. Common Stock,$77.67,1.89,2.494%,380511,1724861108.00,United States,1996,Other Consumer Services,Real Estate
STRC,Strategy Inc Variable Rate Series A Perpetual Stretch Preferred Stock,$99.35,0.29,0.293%,2011319,41776377248.00,United States,,Computer Software: Prepackaged Software,Technology
STRD,Strategy Inc 10.00% Series A Perpetual Stride Preferred Stock,$72.61,-0.37,-0.507%,140655,30532287388.00,United States,,Computer Software: Prepackaged Software,Technology
STRF,Strategy Inc 10.00% Series A Perpetual Strife Preferred Stock,$103.49,-0.34,-0.327%,147388,43517234840.00,United States,,Computer Software: Prepackaged Software,Technology
STRK,Strategy Inc 8.00% Series A Perpetual Strike Preferred Stock,$74.16,-0.50,-0.67%,243119,31184057742.00,United States,,Computer Software: Prepackaged Software,Technology
STRL,Sterling Infrastructure Inc. Common Stock,$491.78,-13.16,-2.606%,546458,15042821382.00,United States,,Military/Government/Technical,Industrials
STRO,Sutro Biopharma Inc. Common Stock,$16.11,0.01,0.062%,134065,267122665.00,United States,2018,Biotechnology: Biological Products (No Diagnostic Substances),Health Care
STRR,Star Equity Holdings Inc. Common Stock,$9.75,0.00,0.00%,256,35971679.00,United States,,Professional Services,Consumer Discretionary
STRRP,Star Equity Holdings Inc. 10% Series A Cumulative Perpetual Preferred Stock,$9.175,-0.075,-0.811%,17612,33850273.00,United States,,Professional Services,Consumer Discretionary
STRT,STRATTEC SECURITY CORPORATION Common Stock,$64.96,-1.59,-2.389%,59898,258866444.00,United States,,Auto Parts:O.E.M.,Consumer Discretionary
STRW,Strawberry Fields REIT Inc. Common Stock,$12.90,-0.20,-1.527%,28459,182629634.00,United States,2023,Real Estate Investment Trusts,Real Estate
STRZ,Starz Entertainment Corp. Common Shares,$23.57,1.39,6.267%,442569,403616710.00,United States,,Movies/Entertainment,Consumer Discretionary
STT,State Street Corporation Common Stock,$174.59,-3.19,-1.794%,2334693,47960181151.00,United States,,Major Banks,Finance
STT^G,State Street Corporation Depositary shares each representing a 1/4000th ownership interest in a share of Fixed-to-Floating Rate Non-Cumulative,$19.56,-0.09,-0.458%,138415,,United States,,,
STTK,Shattuck Labs Inc. Common Stock,$6.82,0.28,4.281%,3356752,684477385.00,United States,2020,Biotechnology: Pharmaceutical Preparations,Health Care
STUB,StubHub Holdings Inc. Class A Common Stock,$5.58,0.27,5.085%,10453481,2132062010.00,United States,2025,Services-Misc. Amusement & Recreation,Consumer Discretionary
STVN,Stevanato Group S.p.A. Ordinary Shares,$20.98,-0.22,-1.038%,192816,5727617500.00,Italy,2021,Medical/Dental Instruments,Health Care
STWD,STARWOOD PROPERTY TRUST INC. Starwood Property Trust Inc.,$13.50,-0.86,-5.989%,7858481,4997280825.00,United States,2009,Real Estate Investment Trusts,Real Estate
STX,Seagate Technology Holdings PLC Ordinary Shares (Ireland),$922.34,8.89,0.973%,3086336,210956268329.00,Ireland,2002,Electronic Components,Technology
STXS,Stereotaxis Inc. Common Stock,$1.23,-0.02,-1.60%,337004,123248679.00,United States,,Biotechnology: Electromedical & Electrotherapeutic Apparatus,Health Care
STZ,Constellation Brands Inc. Common Stock,$113.06,0.29,0.257%,1649619,19308209748.00,United States,,Beverages (Production/Distribution),Consumer Staples
SU,Suncor Energy  Inc. Common Stock,$67.87,0.36,0.533%,2974093,79382761766.00,Canada,,Integrated oil Companies,Energy
SUGP,SU Group Holdings Limited Class A Ordinary Shares,$0.50,-0.0146,-2.837%,1580993,1163250.00,Hong Kong,2024,Diversified Commercial Services,Consumer Discretionary
SUI,Sun Communities Inc. Common Stock,$110.78,-1.11,-0.992%,1112831,13493110016.00,United States,1993,Real Estate Investment Trusts,Real Estate
SUIG,Sui Group Holdings Limited Common Stock,$1.56,-0.06,-3.704%,957327,119812480.00,United States,,Finance: Consumer Services,Finance
SUJA,Suja Life Inc. Class A Common Stock,$9.71,-0.07,-0.716%,453707,375048867.00,United States,2026,Beverages (Production/Distribution),Consumer Staples
SUMA,SUMA Acquisition Corporation Class A Ordinary Shares,$9.95,0.00,0.00%,19,0.00,Canada,2026,,
SUN,Sunoco LP Common Units representing limited partner interests,$72.87,0.26,0.358%,514894,14925570715.00,United States,2012,Integrated oil Companies,Energy
SUNB,Sunbelt Rentals Holdings Inc. Common Stock,$73.21,-0.57,-0.773%,4685196,29998888109.00,,2026,Diversified Commercial Services,Consumer Discretionary
SUNC,SunocoCorp LLC Common Units representing limited liability company interests,$73.14,0.06,0.082%,1168057,3767967862.00,,2025,Integrated oil Companies,Energy
SUNE,SUNation Energy Inc. Common Stock,$2.365,0.055,2.381%,141655,15403500.00,United States,,Engineering & Construction,Consumer Discretionary
SUNS,Sunrise Realty Trust Inc. Common Stock,$6.43,-0.26,-3.886%,183865,86906922.00,United States,,Real Estate Investment Trusts,Real Estate
SUPN,Supernus Pharmaceuticals Inc. Common Stock,$43.04,-0.93,-2.115%,685602,2501786640.00,United States,2012,Biotechnology: Pharmaceutical Preparations,Health Care
SUPV,Grupo Supervielle S.A. American Depositary Shares each Representing five Class B shares,$7.11,0.15,2.155%,714772,649459139.00,,2016,Commercial Banks,Finance
SUPX,SuperX AI Technology Limited Ordinary Shares,$6.73,-0.33,-4.674%,367429,290847281.00,Hong Kong,2024,,
SURG,SurgePays Inc. Common Stock,$0.1503,-0.0004,-0.265%,4346220,7952136.00,United States,,Advertising,Consumer Discretionary
SUZ,Suzano S.A. American Depositary Shares (each representing One Ordinary Share),$8.57,0.05,0.587%,2394943,10833487961.00,Brazil,2018,Paper,Basic Materials
SVAQ,Silicon Valley Acquisition Corp. Class A Ordinary Shares,$10.12,0.00,0.00%,9437,0.00,United States,2026,Blank Checks,Finance
SVC,Service Properties Trust Common Shares of Beneficial Interest,$6.44,0.07,1.099%,1235823,834041103.00,United States,,Real Estate Investment Trusts,Real Estate
SVCC,Stellar V Capital Corp. Class A Ordinary Shares,$10.72,0.00,0.00%,8,0.00,United States,2025,,
SVCCU,Stellar V Capital Corp. Unit,$10.8558,0.1458,1.361%,1103,0.00,United States,2025,Blank Checks,Finance
SVCO,Silvaco Group Inc. Common Stock,$8.76,0.31,3.669%,599383,296839240.00,United States,2024,Computer Software: Prepackaged Software,Technology
SVIA,Silvia Inc. Common Stock,$3.875,0.045,1.175%,1436257,326702955.00,United States,2025,Finance: Consumer Services,Finance
SVIAW,Silvia Inc. Warrant,$0.40,-0.01,-2.439%,577,33724176.00,United States,2025,Finance: Consumer Services,Finance
SVIV,Spring Valley Acquisition Corp. IV Class A Ordinary Shares,$10.09,0.00,0.00%,72,0.00,United States,2026,Blank Checks,Finance
SVIVW,Spring Valley Acquisition Corp. IV Warrants,$0.725,0.115,18.852%,304,0.00,United States,2026,Blank Checks,Finance
SVM,Silvercorp Metals Inc. Common Shares,$10.67,-0.16,-1.477%,1485670,2360360230.00,Canada,,Precious Metals,Basic Materials
SVRA,Savara Inc. Common Stock,$5.16,0.08,1.575%,6051757,1060173677.00,United States,,Biotechnology: Pharmaceutical Preparations,Health Care
SVRE,SaverOne 2014 Ltd. American Depositary Shares,$1.71,-0.05,-2.841%,40913,4274718.00,Israel,2022,EDP Services,Technology
SVRN,SVRN Inc. Common Stock,$49.98,-17.35,-25.769%,715692,93753284.00,Greece,,Marine Transportation,Consumer Discretionary
SVV,Savers Value Village Inc. Common Stock,$9.21,-0.18,-1.917%,1696002,1420699003.00,United States,2023,Other Specialty Stores,Consumer Discretionary
SW,Smurfit WestRock plc Ordinary Shares,$44.10,-0.28,-0.631%,5253788,23131460243.00,Ireland,2024,Containers/Packaging,Consumer Discretionary
SWAG,Stran & Company Inc. Common Stock,$1.41,-0.03,-2.083%,12231,26281820.00,United States,2021,Advertising,Consumer Discretionary
SWBI,Smith & Wesson Brands Inc. Common Stock,$14.06,0.00,0.00%,363416,630445901.00,United States,,Ordnance And Accessories,Industrials
SWIM,Latham Group Inc. Common Stock,$6.23,0.09,1.466%,1380766,732935116.00,United States,2021,Plastic Products,Industrials
SWK,Stanley Black & Decker Inc. Common Stock,$88.59,-0.20,-0.225%,1904139,13378564226.00,United States,,Industrial Machinery/Components,Consumer Discretionary
SWKHL,SWK Holdings Corporation 9.00% Senior Notes due 2027,$25.04,-0.01,-0.04%,3853,304170671.00,United States,,,
SWKS,Skyworks Solutions Inc. Common Stock,$85.48,-2.56,-2.908%,6070346,12862413405.00,United States,,Semiconductors,Technology
SWMR,Swarmer Inc Common Stock,$17.83,1.46,8.919%,1414347,284156371.00,United States,2026,Computer Software: Prepackaged Software,Technology
SWRD,Stewards Inc Common Stock,$2.42,-0.01,-0.412%,177353,546014017.00,United States,,Finance Companies,Finance
SWVL,Swvl Holdings Corp Class A Common Shares,$4.07,-0.20,-4.684%,423617,122099072.00,United Arab Emirates,,Business Services,Consumer Discretionary
SWVLW,Swvl Holdings Corp Warrant,$0.0072,0.00,0.00%,7001,215998.00,United Arab Emirates,,Business Services,Consumer Discretionary
SWX,Southwest Gas Holdings Inc. Common Stock (DE),$81.54,-0.70,-0.851%,692934,5907234854.00,United States,,Oil & Gas Production,Utilities
SWZ,Total Return Securities Fund Common Stock,$5.70,-0.03,-0.524%,14026,0.00,United States,,Finance Companies,Finance
SXC,SunCoke Energy Inc. Common Stock,$9.43,0.10,1.072%,1172547,800369836.00,United States,2011,Steel/Iron Ore,Industrials
SXI,Standex International Corporation Common Stock,$273.06,-0.29,-0.106%,123245,3353576833.00,United States,,Industrial Machinery/Components,Industrials
SXT,Sensient Technologies Corporation Common Stock,$130.72,2.00,1.554%,569118,5563810654.00,United States,,Major Chemicals,Industrials
SXTC,China SXT Pharmaceuticals Inc. Class A Ordinary Shares,$3.01,0.20,7.117%,192486,3977643.00,China,2019,Biotechnology: Pharmaceutical Preparations,Health Care
SXTP,60 Degrees Pharmaceuticals Inc. Common Stock,$1.33,0.08,6.40%,111791,4677594.00,United States,2023,Biotechnology: Pharmaceutical Preparations,Health Care
SY,So-Young International Inc. American Depository Shares,$2.67,-0.04,-1.476%,356011,267806797.00,China,2019,EDP Services,Technology
SYBT,Stock Yards Bancorp Inc. Common Stock,$77.09,-0.16,-0.207%,154537,2394927509.00,United States,,Major Banks,Finance
SYF,Synchrony Financial Common Stock,$70.97,-0.75,-1.046%,3092281,26404924182.00,United States,2014,Finance: Consumer Services,Finance
SYF^A,Synchrony Financial Depositary Shares each Representing a 1/40th Interest in a Share of 5.625% Fixed Rate Non-Cumulative Perpetual Preferred Stock Series A,$17.93,-0.07,-0.389%,231101,,United States,,,
SYF^B,Synchrony Financial Depositary Shares Each Representing a 1/40th Interest in a Share of 8.250% Fixed Rate Reset Non-Cumulative Perpetual Preferred Stock Series B,$25.50,0.07,0.275%,91785,,United States,,,
SYK,Stryker Corporation Common Stock,$275.39,-3.38,-1.212%,2930244,105632181138.00,United States,,Medical/Dental Instruments,Health Care
SYM,Symbotic Inc. Class A Common Stock,$42.07,0.56,1.349%,1161271,25444007856.00,United States,2021,Industrial Machinery/Components,Industrials
SYNA,Synaptics Incorporated Common Stock $0.001 Par Value,$101.395,0.605,0.60%,512834,4024612216.00,United States,2002,Semiconductors,Technology
SYNX,Silynxcom Ltd. Ordinary Shares,$1.00,-0.03,-2.913%,29945,6634440.00,,2024,Consumer Electronics/Appliances,Consumer Staples
SYPR,Sypris Solutions Inc. Common Stock,$1.77,0.07,4.118%,11783,40756786.00,United States,,Industrial Machinery/Components,Industrials
SYRE,Spyre Therapeutics Inc. Common Stock,$89.03,4.31,5.087%,2096253,7850110031.00,United States,2016,Biotechnology: Pharmaceutical Preparations,Health Care
SYY,Sysco Corporation Common Stock,$77.96,-0.53,-0.675%,4604445,38349612322.00,United States,,Food Distributors,Consumer Discretionary
SZZL,Sizzle Acquisition Corp. II Class A ordinary shares,$10.49,0.00,0.00%,36,0.00,United States,2025,Blank Checks,Finance
SZZLR,Sizzle Acquisition Corp. II Right,$0.13,0.00,0.00%,3137,0.00,United States,2025,Blank Checks,Finance
T,AT&T Inc.,$24.40,-0.08,-0.327%,39677046,167198209860.00,United States,,Telecommunications Equipment,Telecommunications
T^A,AT&T Inc. Depositary Shares each representing a 1/1000th interest in a share of 5.000% Perpetual Preferred Stock Series A,$17.30,-0.13,-0.746%,310586,,United States,,,
T^C,AT&T Inc. Depositary Shares each representing a 1/1000th interest in a share of 4.750% Perpetual Preferred Stock Series C,$16.33,-0.04,-0.244%,406176,,United States,,,
TAC,TransAlta Corporation Ordinary Shares,$12.08,0.29,2.46%,1259875,3817280000.00,Canada,,Electric Utilities: Central,Utilities
TACH,Titan Acquisition Corp. Class A Ordinary Shares,$10.53,0.00,0.00%,11009,0.00,United States,2025,Blank Checks,Finance
TACHW,Titan Acquisition Corp. Warrants,$0.5544,0.00,0.00%,3,0.00,United States,2025,Blank Checks,Finance
TACO,Berto Acquisition Corp. Ordinary Shares,$10.47,0.02,0.191%,228966,381550169.00,United States,2025,Blank Checks,Finance
TACOU,Berto Acquisition Corp. Unit,$10.7509,-0.0241,-0.224%,1356,0.00,United States,2025,Blank Checks,Finance
TACT,TransAct Technologies Incorporated Common Stock,$4.84,0.21,4.536%,17341,49970440.00,United States,1996,Computer peripheral equipment,Technology
TAK,Takeda Pharmaceutical Company Limited American Depositary Shares (each representing 1/2 of a share of Common Stock),$18.19,-0.32,-1.729%,2102818,57477573420.00,Japan,2018,Biotechnology: Pharmaceutical Preparations,Health Care
TAL,TAL Education Group American Depositary Shares,$12.07,0.34,2.899%,4643783,6695244136.00,China,,Other Consumer Services,Real Estate
TALO,Talos Energy Inc. Common Stock,$16.33,0.12,0.74%,1706475,2726546092.00,United States,2018,Oil & Gas Production,Energy
TANH,Tantech Holdings Ltd. Class A Common Shares,$15.00,0.38,2.599%,8139,10014705.00,China,2015,Major Chemicals,Industrials
TAOP,Taoping Inc. Ordinary Shares ,$0.4101,-0.0479,-10.459%,73324,3917596.00,Hong Kong,,Computer Software: Prepackaged Software,Technology
TAOX,Tao Synergies Inc. Common Stock,$4.53,0.21,4.861%,119505,33899086.00,United States,,Finance: Consumer Services,Finance
TAP,Molson Coors Beverage Company Class B Common Stock,$36.47,0.46,1.277%,3726443,6799974937.00,Canada,,Beverages (Production/Distribution),Consumer Staples
TARA,Protara Therapeutics Inc.  Common Stock,$3.05,-0.16,-4.984%,8824878,180241238.00,United States,2014,Biotechnology: Biological Products (No Diagnostic Substances),Health Care
TARS,Tarsus Pharmaceuticals Inc. Common Stock,$78.61,1.92,2.504%,1562916,3678294594.00,United States,2020,Biotechnology: Biological Products (No Diagnostic Substances),Health Care
TASK,TaskUs Inc. Class A Common Stock,$7.83,-0.40,-4.86%,446410,717909374.00,United States,2021,EDP Services,Technology
TATT,TAT Technologies Ltd. Ordinary Shares,$35.04,-0.38,-1.073%,109145,454929120.00,Israel,,Aerospace,Industrials
TAVI,Tavia Acquisition Corp. Ordinary Shares,$10.77,0.00,0.00%,10,0.00,United States,2024,Blank Checks,Finance
TAVIR,Tavia Acquisition Corp. Right,$0.0762,-0.0038,-4.75%,118,0.00,United States,2024,Blank Checks,Finance
TAYD,Taylor Devices Inc. Common Stock,$61.01,-1.94,-3.082%,28931,196779519.00,United States,,Industrial Machinery/Components,Industrials
TBB,AT&T Inc. 5.350% Global Notes due 2066,$18.83,-0.19,-0.999%,314199,134641758588.00,United States,2017,Telecommunications Equipment,Telecommunications
TBBB,BBB Foods Inc. Class A Common Shares,$52.64,0.24,0.458%,709114,6204000323.00,Mexico,2024,Food Chains,Consumer Staples
TBBK,The Bancorp Inc Common Stock,$48.16,-0.40,-0.824%,713990,1964292721.00,United States,2004,Major Banks,Finance
TBCH,Turtle Beach Corporation Common Stock,$12.77,-0.02,-0.156%,180670,228707009.00,United States,,Telecommunications Equipment,Telecommunications
TBCVU,Thunder Bridge Capital Partners V Ltd. Units,$9.95,0.00,0.00%,511,0.00,United States,2026,Blank Checks,Finance
TBI,TrueBlue Inc. Common Stock,$9.20,-0.12,-1.288%,190592,280087965.00,United States,,Professional Services,Consumer Discretionary
TBLA,Taboola.com Ltd. Ordinary Shares,$3.36,-0.05,-1.466%,2332101,847108933.00,Israel,,Computer Software: Programming Data Processing,Technology
TBLD,Thornburg Income Builder Opportunities Trust Common Stock,$20.32,0.03,0.148%,79272,651903863.00,United States,2021,Investment Managers,Finance
TBN,Tamboran Resources Corporation Common stock,$32.96,-0.06,-0.182%,145950,1152281798.00,,2024,Oil & Gas Production,Energy
TC,Token Cat Limited American Depositary Shares,$1.70,-0.01,-0.585%,14405,44901796.00,China,2018,Business Services,Consumer Discretionary
TCBI,Texas Capital Bancshares Inc. Common Stock,$93.02,-0.29,-0.311%,807619,4043985804.00,United States,2003,Major Banks,Finance
TCBIO,Texas Capital Bancshares Inc. Depositary Shares 5.75% Fixed Rate Non-Cumulative Perpetual Preferred Stock Series B,$18.40,-0.14,-0.755%,96344,799928390.00,United States,,Major Banks,Finance
TCBK,TriCo Bancshares Common Stock,$51.19,-0.35,-0.679%,275535,1636371790.00,United States,,Major Banks,Finance
TCBS,Texas Community Bancshares Inc. Common Stock,$17.29,-0.06,-0.346%,2057,49669450.00,United States,2021,Banks,Finance
TCBX,Third Coast Bancshares Inc. Common Stock,$42.39,-0.21,-0.493%,126086,706004178.00,United States,,Banks,Finance
TCGX,TCGX Acquisition Corp. Class A Ordinary Shares,$12.51,-0.86,-6.432%,7430,0.00,United States,2026,,
TCI,Transcontinental Realty Investors Inc. Common Stock,$44.48,0.30,0.679%,5854,390265963.00,United States,,Real Estate Investment Trusts,Real Estate
TCMD,Tactile Systems Technology Inc. Common Stock,$22.29,-0.24,-1.065%,234336,504919455.00,United States,2016,Medical/Dental Instruments,Health Care
TCOM,Trip.com Group Limited American Depositary Shares,$39.10,0.46,1.19%,3636448,24621474180.00,China,2003,Business Services,Consumer Discretionary
TCPA,TransCanada PipeLines Limited 6.250% Junior Subordinated Notes due 2085,$19.79,-0.45,-2.223%,91001,0.00,Canada,2025,Natural Gas Distribution,Utilities
TCPC,BlackRock TCP Capital Corp. Common Stock,$4.00,-0.08,-1.961%,869275,335611100.00,United States,2012,Finance/Investors Services,Finance
TCRT,Alaunos Therapeutics Inc. Common Stock,$0.8875,-0.073,-7.60%,125843,2260166.00,United States,,Biotechnology: Pharmaceutical Preparations,Health Care
TCRX,TScan Therapeutics Inc. Common Stock,$0.3145,-0.003,-0.945%,554411,19971589.00,United States,2021,Biotechnology: Biological Products (No Diagnostic Substances),Health Care
TCX,Tucows Inc. Class A Common Stock,$9.45,-0.19,-1.971%,43936,105670958.00,Canada,,EDP Services,Technology
TD,Toronto Dominion Bank (The) Common Stock,$117.53,-1.47,-1.235%,923290,192560799410.00,Canada,,Commercial Banks,Finance
TDAC,Translational Development Acquisition Corp. Ordinary Shares,$10.83,-0.04,-0.368%,575,0.00,United States,2025,,
TDACW,Translational Development Acquisition Corp. Warrants,$1.45,-0.05,-3.333%,353,0.00,United States,2025,,
TDAY,USA TODAY Co. Inc. Common Stock,$6.29,-0.01,-0.159%,2728778,923484849.00,United States,2014,Newspapers/Magazines,Consumer Discretionary
TDC,Teradata Corporation Common Stock,$28.84,0.15,0.523%,1452157,2682120000.00,United States,,Computer Software: Prepackaged Software,Technology
TDF,Templeton Dragon Fund Inc. Common Stock,$9.74,0.12,1.247%,62204,0.00,United States,,Finance/Investors Services,Finance
TDG,Transdigm Group Incorporated Common Stock,$1082.60,-17.19,-1.563%,385165,59842365965.00,United States,2006,Military/Government/Technical,Industrials
TDIC,Dreamland Limited Class A Ordinary Shares,$2.29,0.12,5.53%,110103,7981985.00,Hong Kong,2025,Other Consumer Services,Consumer Discretionary
TDOC,Teladoc Health Inc. Common Stock,$5.80,0.05,0.87%,3407545,1053767322.00,United States,2015,Medical/Nursing Services,Health Care
TDS,Telephone and Data Systems Inc. Common Shares,$33.92,-0.24,-0.703%,2014724,3904192000.00,United States,,Telecommunications Equipment,Telecommunications
TDS^U,Telephone and Data Systems Inc. Depositary Shares Each Representing a 1/1000th Interest in a 6.625% Series UU Cumulative Redeemable Perpetual Preferred Stock,$19.52,-0.26,-1.314%,74691,,United States,,,
TDS^V,Telephone and Data Systems Inc. Depositary Shares Each Representing a 1/1000th Interest in a 6.000% Series VV Cumulative Redeemable Perpetual Preferred Stock,$17.80,-0.16,-0.891%,107523,,United States,,,
TDTH,Trident Digital Tech Holdings Ltd Class B Ordinary Shares,$1.03,-0.11,-9.649%,105022,30013679.00,Singapore,2024,Business Services,Consumer Discretionary
TDUP,ThredUp Inc. Class A Common Stock,$2.12,-0.07,-3.196%,1883367,278427338.00,United States,2021,Catalog/Specialty Distribution,Consumer Discretionary
TDW,Tidewater Inc. Common Stock,$81.10,-0.04,-0.049%,559864,4035230334.00,United States,2017,Marine Transportation,Consumer Discretionary
TDWD,Tailwind 2.0 Acquisition Corp. Class A Ordinary Shares,$10.14,0.01,0.099%,617,0.00,United States,2025,Blank Checks,Finance
TDWDR,Tailwind 2.0 Acquisition Corp. Rights,$0.102,-0.0081,-7.357%,804,0.00,United States,2025,Blank Checks,Finance
TDWDU,Tailwind 2.0 Acquisition Corp. Unit,$10.18,0.03,0.296%,225,0.00,United States,2025,Blank Checks,Finance
TDY,Teledyne Technologies Incorporated Common Stock,$606.81,1.22,0.201%,209682,28129085933.00,United States,,Industrial Machinery/Components,Industrials
TE,T1 Energy Inc. Common Stock,$3.86,0.09,2.387%,18223782,1136679387.00,Luxembourg,2021,Semiconductors,Technology
TEAD,Teads Holding Co. Common Stock,$0.511,-0.0038,-0.738%,1378876,50111298.00,United States,2021,Computer Software: Programming Data Processing,Technology
TEAM,Atlassian Corporation Class A Common Stock,$179.29,3.33,1.892%,2464357,45385258141.00,Australia,2015,Computer Software: Prepackaged Software,Technology
TECH,Bio-Techne Corp Common Stock,$72.47,0.09,0.124%,3138746,11364617708.00,United States,,Biotechnology: Biological Products (No Diagnostic Substances),Health Care
TECK,Teck Resources Ltd Ordinary Shares,$65.79,0.94,1.449%,4320255,32207022786.00,Canada,,Mining & Quarrying of Nonmetallic Minerals (No Fuels),Industrials
TECX,Tectonic Therapeutic Inc. Common Stock,$23.29,-0.05,-0.214%,251645,455304734.00,United States,2018,Biotechnology: Biological Products (No Diagnostic Substances),Health Care
TEI,Templeton Emerging Markets Income Fund Inc. Common Stock,$6.15,-0.06,-0.966%,401963,0.00,United States,1993,Finance Companies,Finance
TEL,TE Connectivity plc Ordinary Shares,$211.08,-1.51,-0.71%,1677493,61110452166.00,Ireland,,Electronic Components,Technology
TELA,TELA Bio Inc. Common Stock,$1.15,-0.09,-7.258%,94004,51914922.00,United States,2019,Medical/Dental Instruments,Health Care
TELO,Telomir Pharmaceuticals Inc. Common Stock,$1.20,0.03,2.564%,43490,82529947.00,United States,2024,Biotechnology: Pharmaceutical Preparations,Health Care
TEM,Tempus AI Inc. Class A Common Stock,$81.90,-0.68,-0.823%,4576148,14869449095.00,United States,2024,Computer Software: Programming Data Processing,Technology
TEN,Tsakos Energy Navigation Ltd Common Shares,$47.25,0.08,0.17%,413914,1423529242.00,Greece,,Marine Transportation,Consumer Discretionary
TEN^E,Tsakos Energy Navigation Ltd Series E Fixed-to-Floating Rate Cumulative Redeemable Perpetual Preferred Shares par value $1.00,$25.55,0.0283,0.111%,4093,,Greece,,,
TEN^F,Tsakos Energy Navigation Ltd Series F Fixed-to-Floating Rate Cumulative Redeemable Perpetual Preferred Shares par value $1.00,$26.447,-0.175,-0.657%,2678,,Greece,,,
TENB,Tenable Holdings Inc. Common Stock,$36.39,1.40,4.001%,5168192,4007993981.00,United States,2018,Computer Software: Prepackaged Software,Technology
TENX,Tenax Therapeutics Inc. Common Stock,$1.89,0.05,2.717%,4223489,70731203.00,United States,,Biotechnology: Pharmaceutical Preparations,Health Care
TEO,Telecom Argentina SA,$12.27,0.12,0.988%,313956,5285150377.00,Argentina,,Telecommunications Equipment,Telecommunications
TER,Teradyne Inc. Common Stock,$400.91,-2.11,-0.524%,1524172,62678570083.00,United States,,Electrical Products,Industrials
TEVA,Teva Pharmaceutical Industries Limited Ordinary Shares,$39.60,-0.21,-0.528%,5654695,46145724926.00,Israel,,Biotechnology: Pharmaceutical Preparations,Health Care
TEX,Terex Corporation Common Stock,$52.60,-0.77,-1.443%,2604124,6012180000.00,United States,,Construction/Ag Equipment/Trucks,Industrials
TFC,Truist Financial Corporation Common Stock,$46.30,-0.14,-0.301%,7327862,56561292504.00,United States,,Major Banks,Finance
TFC^I,Truist Financial Corporation Depositary Shares,$18.67,0.36,1.966%,312911,,United States,,,
TFC^O,Truist Financial Corporation Depositary Shares Each Representing a 1/1000th Interest in a Share of Series O Non-Cumulative Perpetual Preferred Stock,$18.22,-0.26,-1.407%,125347,,United States,,,
TFC^R,Truist Financial Corporation Depositary Shares each representing 1/1000th interest in a share of Series R Non-Cumulative Perpetual Preferred Stock,$16.47,-0.05,-0.303%,273558,,United States,,,
TFII,TFI International Inc. Common Shares,$119.86,-1.98,-1.625%,396074,9851297116.00,Canada,,Trucking Freight/Courier Services,Industrials
TFIN,Triumph Financial Inc. Common Stock,$59.99,-0.14,-0.233%,225429,1433433275.00,United States,,Major Banks,Finance
TFIN^,Triumph Financial Inc. Depositary Shares Each Representing a 1/40th Interest in a Share of 7.125% Series C Fixed-Rate Non-Cumulative Perpetual Preferred Stock,$21.835,0.185,0.855%,2877,,United States,,,
TFPM,Triple Flag Precious Metals Corp. Common Shares,$30.81,-0.24,-0.773%,446917,6365466529.00,Canada,2022,Precious Metals,Industrials
TFSL,TFS Financial Corporation Common Stock,$16.20,-0.10,-0.613%,733498,4543172631.00,United States,2007,Savings Institutions,Finance
TFX,Teleflex Incorporated Common Stock,$125.04,-1.28,-1.013%,644757,5298244521.00,United States,,Medical/Dental Instruments,Health Care
TG,Tredegar Corporation Common Stock,$6.88,-0.16,-2.273%,219929,240415848.00,United States,,Metal Fabrications,Industrials
TGB,Trekor Metals Limited Common Shares,$8.91,0.03,0.338%,5901721,3261267763.00,Canada,,Precious Metals,Basic Materials
TGE,The Generation Essentials Group Class A Ordinary Shares,$1.55,0.72,86.747%,194175355,75555692.00,,2025,Newspapers/Magazines,Consumer Discretionary
TGEN,Tecogen Inc. Common Stock,$2.84,-0.11,-3.729%,375621,85733414.00,United States,2025,Industrial Machinery/Components,Industrials
TGHL,The GrowHub Limited Class A Ordinary Shares,$0.7657,-0.0258,-3.26%,54202,19372065.00,Singapore,2025,EDP Services,Technology
TGL,Treasure Global Inc. Common Stock,$1.435,-0.005,-0.347%,184931,2805184.00,United States,2022,Business Services,Consumer Discretionary
TGLS,Tecnoglass Holdings Inc. Common Stock,$35.52,0.77,2.216%,331048,1575831160.00,Colombia,2022,Electronic Components,Consumer Discretionary
TGS,Transportadora de Gas del Sur SA TGS Common Stock,$25.95,0.22,0.855%,182666,3906829901.00,Argentina,,Natural Gas Distribution,Utilities
TGT,Target Corporation Common Stock,$156.69,0.26,0.166%,4459603,71183755564.00,United States,,Department/Specialty Retail Stores,Consumer Discretionary
TGTX,TG Therapeutics Inc. Common Stock,$55.78,-0.41,-0.73%,1908290,8538191776.00,United States,,Biotechnology: Pharmaceutical Preparations,Health Care
TH,Target Hospitality Corp. Common Stock,$19.72,0.44,2.282%,1442135,1964573902.00,United States,2018,Hotels/Resorts,Consumer Discretionary
THC,Tenet Healthcare Corporation Common Stock,$255.56,-2.04,-0.792%,580247,20577435640.00,United States,,Hospital/Nursing Management,Health Care
THCH,TH International Limited Ordinary shares,$1.3001,0.0001,0.008%,316,43219981.00,China,,Restaurants,Consumer Discretionary
THEO,BOA Acquisition Corp. II Class A Ordinary Shares,$9.90,0.00,0.00%,6,0.00,United States,2026,Blank Checks,Finance
THFF,First Financial Corporation Common Stock,$73.90,-0.36,-0.485%,98115,878811114.00,United States,,Major Banks,Finance
THG,Hanover Insurance Group Inc,$214.12,-3.84,-1.762%,305899,7455705721.00,United States,,Property-Casualty Insurers,Finance
THH,TryHard Holdings Limited Ordinary Shares,$1.51,-0.02,-1.307%,5908,7556984.00,Japan,2025,Services-Misc. Amusement & Recreation,Consumer Discretionary
THM,International Tower Hill Mines Ltd. Ordinary Shares (Canada),$2.55,0.01,0.394%,476765,667175556.00,Canada,,Metal Mining,Basic Materials
THO,Thor Industries Inc. Common Stock,$69.10,-1.06,-1.511%,629487,3566552345.00,United States,,Homebuilding,Industrials
THQ,abrdn Healthcare Opportunities Fund Shares of Beneficial Interest,$18.40,0.08,0.437%,127326,0.00,United States,2014,Finance Companies,Finance
THRM,Gentherm Inc Common Stock,$33.30,-0.62,-1.828%,878268,1022487056.00,United States,,Auto Parts:O.E.M.,Consumer Discretionary
THRY,Thryv Holdings Inc. Common Stock,$1.57,-0.02,-1.258%,562558,69769404.00,United States,,Advertising,Consumer Discretionary
THW,abrdn World Healthcare Fund Shares of Beneficial Interest,$13.04,0.01,0.077%,93344,0.00,United States,2015,Finance Companies,Finance
TIC,TIC Solutions Inc. Common Stock,$8.32,-0.14,-1.655%,2340194,1815593362.00,United States,2025,Business Services,Consumer Discretionary
TIGO,Millicom International Cellular S.A. Common Stock,$87.14,-4.60,-5.014%,904448,14599507839.00,Luxembourg,,Telecommunications Equipment,Telecommunications
TIGR,UP Fintech Holding Ltd American Depositary Share representing fifteen Class A Ordinary Shares,$4.59,0.04,0.879%,1501011,820236034.00,China,2019,Investment Bankers/Brokers/Service,Finance
TII,Titan Mining Corporation Common Shares,$2.56,-0.05,-1.916%,150365,253389635.00,,2025,,
TIL,Instil Bio Inc. Common Stock,$7.24,0.10,1.401%,8705,49101506.00,United States,2021,Biotechnology: Biological Products (No Diagnostic Substances),Health Care
TILE,Interface Inc. Common Stock,$34.40,-0.54,-1.546%,836973,1988335824.00,United States,,Home Furnishings,Consumer Discretionary
TIMB,TIM S.A. American Depositary Shares (Each representing 5 Common Shares) ,$17.85,-0.01,-0.056%,402124,8539889427.00,Brazil,2020,Telecommunications Equipment,Telecommunications
TIPT,Tiptree Inc. Common Stock,$16.99,-0.21,-1.221%,293964,632702367.00,United States,,Property-Casualty Insurers,Finance
TISI,Team Inc. Common Stock,$28.68,0.23,0.808%,32947,131446434.00,United States,,Other Consumer Services,Consumer Discretionary
TITN,Titan Machinery Inc. Common Stock,$23.08,-0.40,-1.704%,188125,543139263.00,United States,2007,Other Specialty Stores,Consumer Discretionary
TJGC,TJGC Group Limited Class A Ordinary Shares,$30.20,-4.595,-13.206%,89060,305020695.00,Hong Kong,2025,Advertising,Consumer Discretionary
TJX,TJX Companies Inc. (The) Common Stock,$132.31,-1.49,-1.114%,7763854,145537568011.00,United States,,Clothing/Shoe/Accessory Stores,Consumer Discretionary
TK,Teekay Corporation Ltd. Common Stock,$14.25,0.14,0.992%,593247,1236594081.00,Bermuda,,Marine Transportation,Consumer Discretionary
TKC,Turkcell Iletisim Hizmetleri AS Common Stock,$4.94,-0.14,-2.756%,5307464,4347200000.00,Turkey,,Telecommunications Equipment,Telecommunications
TKLF,Tokyo Lifestyle Co. Ltd. American Depositary Shares,$1.52,-0.06,-3.797%,10432,6433827.00,Japan,2022,Other Specialty Stores,Consumer Discretionary
TKNO,Alpha Teknova Inc. Common Stock,$8.90,-0.18,-1.982%,288042,477825389.00,United States,2021,Biotechnology: In Vitro & In Vivo Diagnostic Substances,Health Care
TKO,TKO Group Holdings Inc. Class A Common Stock,$179.72,2.14,1.205%,1106258,34015552820.00,United States,2023,Services-Misc. Amusement & Recreation,Consumer Discretionary
TKR,Timken Company (The) Common Stock,$116.75,-0.51,-0.435%,912954,8090405953.00,United States,,Metal Fabrications,Industrials
TLAC,Three Lions Acquisition Corp. Ordinary Shares,$9.84,-0.01,-0.102%,1066,0.00,United States,2026,,
TLACU,Three Lions Acquisition Corp. Units,$10.00,-0.11,-1.088%,849,0.00,United States,2026,,
TLF,Tandy Leather Factory Inc. Common Stock,$2.4945,-0.0255,-1.012%,8180,20435131.00,United States,,Apparel,Consumer Discretionary
TLIH,Ten-League International Holdings Limited Ordinary Shares,$5.70,0.00,0.00%,2882,16760480.00,Singapore,2025,Industrial Specialties,Consumer Discretionary
TLK,PT Telekomunikasi Indonesia Tbk,$12.75,-0.45,-3.409%,1447698,12630432617.00,Indonesia,,Telecommunications Equipment,Telecommunications
TLN,Talen Energy Corporation Common Stock,$312.69,-2.15,-0.683%,2367763,14982309647.00,United States,,Electric Utilities: Central,Utilities
TLNC,Talon Capital Corp. Class A Ordinary Shares,$10.22,0.00,0.00%,36,0.00,United States,2025,Blank Checks,Finance
TLPH,Talphera Inc. Common Stock,$1.16,-0.01,-0.855%,56108,60210723.00,United States,2011,Biotechnology: Pharmaceutical Preparations,Health Care
TLRY,Tilray Brands Inc. Common Stock ,$3.75,-0.20,-5.063%,7534803,554183029.00,United States,2018, Medicinal Chemicals and Botanical Products ,Health Care
TLS,Telos Corporation Common Stock,$4.07,0.03,0.743%,699479,304178731.00,United States,2020,EDP Services,Technology
TLSA,Tiziana Life Sciences Ltd. Common Shares,$1.11,0.1563,16.389%,1522343,141257635.00,United Kingdom,2018,Biotechnology: Pharmaceutical Preparations,Health Care
TLSI,TriSalus Life Sciences Inc. Common Stock,$4.31,0.06,1.412%,627167,265386526.00,United States,2021,Medical Specialities,Health Care
TLSIW,TriSalus Life Sciences Inc. Warrant,$0.8395,-0.1805,-17.696%,7722,51691877.00,United States,2021,Medical Specialities,Health Care
TLX,Telix Pharmaceuticals Limited American Depositary Shares,$10.97,-0.37,-3.263%,344266,3716384228.00,Australia,,Biotechnology: Pharmaceutical Preparations,Health Care
TLYS,Tilly's Inc. Common Stock,$4.63,-0.16,-3.34%,233934,141619037.00,United States,2012,Clothing/Shoe/Accessory Stores,Consumer Discretionary
TM,Toyota Motor Corporation Common Stock,$183.10,-3.61,-1.933%,291029,238651294371.00,Japan,,Auto Manufacturing,Industrials
TMC,TMC the metals company Inc. Common Stock,$3.84,0.10,2.674%,6045040,1693960251.00,Canada,,Metal Mining,Basic Materials
TMCI,Treace Medical Concepts Inc. Common Stock,$4.44,-0.18,-3.896%,157613,288753411.00,United States,2021,Medical/Dental Instruments,Health Care
TMCR,The Metals Royalty Company Inc. Common Stock,$3.85,-0.07,-1.786%,58359,259543985.00,Canada,,Precious Metals,Basic Materials
TMDE,TMD Energy Limited Ordinary Shares,$0.6501,-0.0196,-2.927%,50899,15319607.00,,2025,Oil Refining/Marketing,Energy
TMDX,TransMedics Group Inc. Common Stock,$83.45,-0.62,-0.737%,566807,2893640850.00,United States,2019,Biotechnology: Electromedical & Electrotherapeutic Apparatus,Health Care
TME,Tencent Music Entertainment Group American Depositary Shares each representing two Class A Ordinary Shares,$7.93,-0.03,-0.377%,5206488,12481062685.00,United States,2018,Broadcasting,Consumer Discretionary
TMO,Thermo Fisher Scientific Inc Common Stock,$675.05,-4.56,-0.671%,2323592,249597905414.00,United States,,Industrial Machinery/Components,Industrials
TMP,Tompkins Financial Corporation Common Stock,$96.25,-0.71,-0.732%,140518,1384354606.00,United States,1997,Major Banks,Finance
TMQ,Trilogy Metals Inc. Common Stock,$3.10,0.00,0.00%,1194968,535511481.00,Canada,,Precious Metals,Basic Materials
TMS,Teamshares Inc. Common Stock,$7.265,-0.475,-6.137%,180119,535143649.00,United States,2025,,
TMSWW,Teamshares Inc. Warrants,$0.95,0.00,0.00%,97573,69977490.00,United States,2025,,
TMTS,Spartacus Acquisition Corp. II Class A Ordinary Shares,$10.025,0.00,0.00%,31,0.00,United States,2026,,
TMTSW,Spartacus Acquisition Corp. II Warrants,$0.40,0.0001,0.025%,628,0.00,United States,2026,,
TMUS,T-Mobile US Inc. Common Stock,$163.08,0.10,0.061%,3931277,174931286648.00,United States,,Telecommunications Equipment,Telecommunications
TMUSI,T-Mobile US Inc. 5.500% Senior Notes due June 2070,$18.42,-0.48,-2.54%,83545,0.00,United States,,Telecommunications Equipment,Telecommunications
TMUSL,T-Mobile US Inc. 6.250% Senior Notes due 2069,$20.92,-0.20,-0.947%,82414,0.00,United States,,Telecommunications Equipment,Telecommunications
TMUSZ,T-Mobile US Inc. 5.500% Senior Notes due March 2070,$18.54,-0.30,-1.592%,88349,0.00,United States,,Telecommunications Equipment,Telecommunications
TNC,Tennant Company Common Stock,$67.22,-0.13,-0.193%,178860,1146054148.00,United States,,Industrial Machinery/Components,Industrials
TNDM,Tandem Diabetes Care Inc. Common Stock,$16.31,-0.26,-1.569%,2198793,1134828711.00,United States,2013,Medical/Dental Instruments,Health Care
TNET,TriNet Group Inc. Common Stock,$62.54,-0.17,-0.271%,366174,2870882315.00,United States,2014,Business Services,Consumer Discretionary
TNGX,Tango Therapeutics Inc.,$24.95,0.53,2.17%,3660739,4206828657.00,United States,2020,Biotechnology: Pharmaceutical Preparations,Health Care
TNK,Teekay Tankers Ltd.,$97.06,0.25,0.258%,579671,3362532857.00,Bermuda,2007,Marine Transportation,Consumer Discretionary
TNL,Travel   Leisure Co. Common  Stock,$61.87,-2.11,-3.298%,744280,3786705834.00,United States,,Hotels/Resorts,Consumer Discretionary
TNMG,TNL Mediagene Ordinary Shares,$4.05,-0.14,-3.341%,33419,3080321.00,Taiwan,,Advertising,Consumer Discretionary
TNON,Tenon Medical Inc. Common Stock,$4.09,1.36,49.817%,53281577,4223244.00,United States,2022,Medical/Dental Instruments,Health Care
TNONW,Tenon Medical Inc. Warrant,$0.006,0.0008,15.385%,2384135,6195.00,United States,,Medical/Dental Instruments,Health Care
TNXP,Tonix Pharmaceuticals Holding Corp. Common Stock,$9.74,0.09,0.933%,318086,167050974.00,United States,,Biotechnology: Pharmaceutical Preparations,Health Care
TNYA,Tenaya Therapeutics Inc. Common Stock,$0.6036,0.0105,1.77%,1814780,135345235.00,United States,2021,Biotechnology: Biological Products (No Diagnostic Substances),Health Care
TOL,Toll Brothers Inc. Common Stock,$134.75,-1.13,-0.832%,1291086,12416808250.00,United States,,Homebuilding,Consumer Discretionary
TOMZ,TOMI Environmental Solutions Inc. Common Stock,$1.27,-0.12,-8.633%,31698,12436559.00,United States,,Major Chemicals,Industrials
TONT,Graf Global Corp. Class A ordinary shares,$10.93,0.02,0.183%,785,0.00,,2024,,
TONX,TON Strategy Company Common Stock,$3.78,-0.17,-4.304%,259127,208172118.00,United States,,Finance: Consumer Services,Finance
TOON,Kartoon Studios Inc. Common Stock,$0.5924,-0.0286,-4.605%,804110,36849712.00,United States,,Movies/Entertainment,Consumer Discretionary
TOP,TOP Financial Group Limited Class A Ordinary Shares,$14.99,0.06,0.402%,78965,1884325640.00,Hong Kong,2022,Investment Bankers/Brokers/Service,Finance
TOPP,Toppoint Holdings Inc. Common Stock,$0.1289,0.0029,2.302%,177946,3183830.00,,2025,Trucking Freight/Courier Services,Industrials
TOPS,TOP Ships Inc. Common Stock,$0.5791,-0.0442,-7.091%,984336,3209181.00,Greece,,Marine Transportation,Consumer Discretionary
TORO,Toro Corp. Common Shares,$5.51,0.36,6.99%,101619,190421908.00,Cyprus,,Marine Transportation,Consumer Discretionary
TOST,Toast Inc. Class A Common Stock,$28.99,-1.47,-4.826%,12779280,16756220000.00,United States,2021,EDP Services,Technology
TOUR,Tuniu Corporation American Depositary Shares,$4.96,-0.06,-1.195%,3552,53884235.00,China,2014,Transportation Services,Consumer Discretionary
TOVX,Theriva Biologics Inc. Common Stock,$0.225,0.015,7.143%,856023,10325850.00,United States,,Biotechnology: Pharmaceutical Preparations,Health Care
TOWN,TowneBank Common Stock,$35.65,-0.17,-0.475%,642447,2660107815.00,United States,,Major Banks,Finance
TOYO,TOYO Co. Ltd Ordinary Shares,$4.35,0.09,2.113%,238496,166054690.00,Japan,,Miscellaneous manufacturing industries,Consumer Discretionary
TP,Ticketplus Ltd. Ordinary Shares,$8.01,-0.0899,-1.11%,3362,102350787.00,,2026,Services-Misc. Amusement & Recreation,Consumer Discretionary
TPB,Turning Point Brands Inc. Common Stock,$58.70,-1.38,-2.297%,516972,1176871721.00,United States,2016,Tobacco,Consumer Discretionary
TPC,Tutor Perini Corporation Common Stock,$82.52,-1.88,-2.227%,383406,4338003535.00,United States,1970,General Bldg Contractors - Nonresidential Bldgs,Consumer Discretionary
TPCS,TechPrecision Corporation Common stock,$5.23,0.02,0.384%,18695,52996955.00,United States,,Metal Fabrications,Industrials
TPET,Trio Petroleum Corp. Common Stock,$1.69,0.00,0.00%,196141,8997403.00,,2023,Oil & Gas Production,Energy
TPG,TPG Inc. Class A Common Stock,$44.13,0.63,1.448%,3472740,16677555144.00,United States,2022,Investment Managers,Finance
TPGXL,TPG Operating Group II L.P. 6.950% Fixed-Rate Junior Subordinated Notes due 2064,$20.20,0.05,0.248%,89503,7369480655.00,United States,,,
TPL,Texas Pacific Land Corporation Common Stock,$325.83,-2.87,-0.873%,335592,22474020962.00,United States,,Oil & Gas Production,Energy
TPR,Tapestry Inc. Common Stock,$115.04,0.92,0.806%,3891051,22979288547.00,United States,,Apparel,Consumer Discretionary
TPST,Tempest Therapeutics Inc. Common Stock,$0.8343,0.024,2.962%,266109,13799128.00,United States,,Biotechnology: Pharmaceutical Preparations,Health Care
TPTS,Terra Property Trust Inc. 7.00% Senior Secured Notes due 2029,$14.60,0.00,0.00%,119,0.00,,2026,Real Estate Investment Trusts,Real Estate
TPVG,TriplePoint Venture Growth BDC Corp. Common Stock,$4.86,-0.03,-0.613%,240966,197849254.00,United States,2014,Other Consumer Services,Consumer Discretionary
TR,Tootsie Roll Industries Inc. Common Stock,$37.57,-0.44,-1.158%,182588,2820441815.00,United States,,Specialty Foods,Consumer Staples
TRAD,APEX Tech Acquisition Inc. Ordinary Shares,$10.06,-0.02,-0.198%,650,0.00,,2026,Investment Bankers/Brokers/Service,Finance
TRAK,ReposiTrak Inc. Common Stock,$8.37,0.21,2.574%,149358,152344077.00,United States,,EDP Services,Technology
TRAW,Traws Pharma Inc. Common Stock,$0.5938,-0.0322,-5.144%,332231,9125683.00,United States,2013,Biotechnology: Pharmaceutical Preparations,Health Care
TRAX,First Tracks Biotherapeutics Inc. Ordinary Shares ,$35.44,-0.54,-1.501%,610656,1266301076.00,United States,,Biotechnology: Pharmaceutical Preparations,Health Care
TRBG,TurboGen Ltd. Ordinary Shares,$3.73,0.16,4.482%,101955,94950843.00,Israel,,Power Generation,Utilities
TRC,Tejon Ranch Co Common Stock,$16.22,-0.14,-0.856%,94956,438287822.00,United States,2000,Real Estate,Finance
TRDA,Entrada Therapeutics Inc. Common Stock,$6.35,0.09,1.438%,239868,247247848.00,United States,2021,Biotechnology: Pharmaceutical Preparations,Health Care
TREE,LendingTree Inc. Common Stock,$24.43,0.08,0.329%,333258,342986475.00,United States,,Finance: Consumer Services,Finance
TREO,Tactical Resources Corp. Common Shares,$3.00,0.05,1.695%,35917,40836102.00,Canada,,Metal Mining,Basic Materials
TREX,Trex Company Inc. Common Stock,$43.56,-0.50,-1.135%,1329146,4437247676.00,United States,,Forest Products,Basic Materials
TRGP,Targa Resources Inc. Common Stock,$270.31,-3.18,-1.163%,1221912,57962849287.00,United States,2010,Natural Gas Distribution,Utilities
TRGS,TRG Latin America Acquisitions Corp. Class A Ordinary Shares,$9.96,0.00,0.00%,9,0.00,United States,2026,Blank Checks,Finance
TRI,Thomson Reuters Corporation Common Shares,$97.33,1.09,1.133%,952007,42163356000.00,United States,,Publishing,Consumer Discretionary
TRIB,Trinity Biotech plc American Depositary Shares,$6.43,-0.27,-4.03%,10185,5228439.00,Ireland,1992,Biotechnology: In Vitro & In Vivo Diagnostic Substances,Health Care
TRIN,Trinity Capital Inc. Common Stock,$17.55,-0.21,-1.182%,851008,1661872224.00,United States,,Finance: Consumer Services,Finance
TRIP,TripAdvisor Inc. Common Stock,$8.37,-0.03,-0.357%,3229543,980958493.00,United States,,Computer Software: Programming Data Processing,Technology
TRLV,Trulieve Cannabis Corp. Subordinate Voting Shares,$10.90,-1.51,-12.168%,8370049,2098961792.00,,, Medicinal Chemicals and Botanical Products ,Health Care
TRMB,Trimble Inc. Common Stock,$57.11,-0.23,-0.401%,2249941,13316901119.00,United States,1990,Industrial Machinery/Components,Industrials
TRMD,TORM plc Class A Common Stock,$38.05,1.90,5.256%,1919554,3905862065.00,United Kingdom,,Marine Transportation,Consumer Discretionary
TRMK,Trustmark Corporation Common Stock,$44.83,-0.41,-0.906%,485804,2603303967.00,United States,,Major Banks,Finance
TRN,Trinity Industries Inc. Common Stock,$25.54,-1.17,-4.38%,1045793,2034758672.00,United States,,Railroads,Industrials
TRNI,Trinity Capital Inc. 7.875% Notes Due 2029,$25.05,0.04,0.16%,11984,1761369708.00,United States,,Finance: Consumer Services,Finance
TRNO,Terreno Realty Corporation Common Stock,$64.55,-1.70,-2.566%,921508,7034033511.00,United States,2010,Real Estate,Finance
TRNR,Interactive Strength Inc. Common Stock,$2.25,-0.05,-2.174%,15422,3644330.00,United States,2023,Consumer Electronics/Appliances,Technology
TRNS,Transcat Inc. Common Stock,$88.42,0.85,0.971%,189228,830112955.00,United States,,Electrical Products,Industrials
TRNZ,Trinity Capital Inc. 7.875% Notes due 2029,$25.08,0.0599,0.239%,8077,1763479133.00,United States,,Finance: Consumer Services,Finance
TRON,Tron Inc. Common Stock,$1.42,0.05,3.65%,578617,673622531.00,United States,2023,Finance: Consumer Services,Finance
TROO,TROOPS Inc. Ordinary Shares ,$1.75,0.08,4.79%,206306,213780291.00,China,,Diversified Financial Services,Finance
TROW,T. Rowe Price Group Inc. Common Stock,$104.05,-0.46,-0.44%,1894264,22195514193.00,United States,1986,Investment Managers,Finance
TROX,Tronox Holdings plc Ordinary Shares (UK),$3.95,-0.04,-1.003%,2323810,630815115.00,United States,,Major Chemicals,Basic Materials
TRP,TC Energy Corporation Common Stock,$57.78,-0.48,-0.824%,2355783,57780000000.00,Canada,,Natural Gas Distribution,Utilities
TRS,TriMas Corporation Common Stock,$38.595,-0.705,-1.794%,370060,1384552128.00,United States,2007,Industrial Specialties,Industrials
TRSG,Tungray Technologies Inc Class A Ordinary Shares,$1.19,-0.02,-1.653%,44136,19460647.00,Singapore,2024,Industrial Machinery/Components,Industrials
TRST,TrustCo Bank Corp NY Common Stock,$54.29,-0.29,-0.531%,160679,924436005.00,United States,,Major Banks,Finance
TRT,Trio-Tech International Common Stock,$6.50,-0.12,-1.813%,270447,67500537.00,Singapore,,Industrial Machinery/Components,Technology
TRTN^A,Triton International Limited 8.50% Series A Cumulative Redeemable Perpetual  Preference Shares,$25.47,0.12,0.473%,5985,,United States,,,
TRTN^B,Triton International Limited 8.00% Series B Cumulative Redeemable Perpetual Preference Shares,$24.75,0.20,0.815%,11008,,United States,,,
TRTN^C,Triton International Limited 7.375% Series C Cumulative Redeemable Perpetual Preference Shares,$22.35,-0.18,-0.799%,173401,,United States,,,
TRTN^D,Triton International Limited 6.875% Series D Cumulative Redeemable Perpetual Preference Shares,$21.56,0.28,1.316%,14180,,United States,,,
TRTN^E,Triton International Limited 5.75% Series E Cumulative Redeemable Perpetual Preference Shares,$17.99,-0.05,-0.277%,75907,,United States,,,
TRTN^F,Triton International Limited 7.625% Series F Cumulative Redeemable Perpetual Preference Shares,$23.40,0.20,0.862%,22219,,United States,,,
TRTN^G,Triton International Limited 7.500% Series G Cumulative Redeemable Perpetual Preference Shares,$23.18,0.00,0.00%,141576,,United States,,,
TRTX,TPG RE Finance Trust Inc. Common Stock,$6.26,-0.08,-1.262%,1161195,480573996.00,United States,2017,Real Estate Investment Trusts,Real Estate
TRTX^C,TPG RE Finance Trust Inc. 6.25% Series C Cumulative Redeemable Preferred Stock $0.001 par value per share,$16.81,0.14,0.84%,27343,,United States,,,
TRU,TransUnion Common Stock,$61.12,-3.17,-4.931%,3212017,11710592000.00,United States,2015,Finance: Consumer Services,Finance
TRUG,TruGolf Holdings Inc. Class A Common Stock,$2.97,0.01,0.338%,383682,3682800.00,United States,2021,Recreational Games/Products/Toys,Consumer Discretionary
TRUP,Trupanion Inc. Common Stock,$23.36,-0.25,-1.059%,400624,1024864193.00,United States,,Medical Specialities,Health Care
TRV,The Travelers Companies Inc. Common Stock,$356.51,-6.70,-1.845%,1174703,74359081093.00,United States,,Property-Casualty Insurers,Finance
TRVG,trivago N.V. American Depositary Shares,$5.29,-0.30,-5.367%,119968,373578075.00,Germany,2016,EDP Services,Technology
TRVI,Trevi Therapeutics Inc. Common Stock,$14.32,-0.10,-0.693%,2725696,2040254043.00,United States,2019,Biotechnology: Pharmaceutical Preparations,Health Care
TRX,TRX Gold Corporation Common Stock,$1.21,-0.03,-2.419%,1811965,396243551.00,Canada,,Precious Metals,Basic Materials
TS,Tenaris S.A. American Depositary Shares,$55.18,0.13,0.236%,1661918,29215069265.00,Luxembourg,,Steel/Iron Ore,Industrials
TSAT,Telesat Corporation Class A Common Shares and Class B Variable Voting Shares ,$46.14,0.33,0.72%,69850,1668330489.00,Canada,,Metal Fabrications,Industrials
TSBK,Timberland Bancorp Inc. Common Stock,$44.58,-0.30,-0.668%,37937,346639279.00,United States,,Banks,Finance
TSCO,Tractor Supply Company Common Stock,$31.29,-0.22,-0.698%,8101865,16303345887.00,United States,1994,RETAIL: Building Materials,Consumer Discretionary
TSEM,Tower Semiconductor Ltd. Ordinary Shares,$227.43,-7.00,-2.986%,807736,25706640330.00,Israel,1994,Semiconductors,Technology
TSHA,Taysha Gene Therapies Inc. Common Stock,$4.87,-0.12,-2.405%,3901864,1586809364.00,United States,2020,Biotechnology: Biological Products (No Diagnostic Substances),Health Care
TSI,TCW Strategic Income Fund Inc. Common Stock,$4.30,0.01,0.233%,147425,0.00,United States,,Investment Managers,Finance
TSLA,Tesla Inc. Common Stock,$354.81,1.97,0.558%,39236589,1401338910865.00,United States,2010,Auto Manufacturing,Industrials
TSLX,Sixth Street Specialty Lending Inc. Common Stock,$18.02,-0.32,-1.745%,600388,1718083365.00,,2014,Investment Managers,Finance
TSM,Taiwan Semiconductor Manufacturing Company Ltd.,$456.19,-0.75,-0.164%,8983506,2366031672156.00,Taiwan,1997,Semiconductors,Technology
TSN,Tyson Foods Inc. Common Stock,$50.53,-0.45,-0.883%,2811264,17776530401.00,United States,,Meat/Poultry/Fish,Consumer Staples
TSQ,Townsquare Media Inc. Class A Common Stock,$4.71,-0.01,-0.212%,62924,85871020.00,United States,2014,Broadcasting,Consumer Discretionary
TSSI,TSS Inc. Common Stock,$9.73,-0.09,-0.916%,773834,274571551.00,United States,,Professional Services,Consumer Discretionary
TT,Trane Technologies plc,$451.98,-3.61,-0.792%,1762455,99446075540.00,Ireland,,Auto Parts:O.E.M.,Industrials
TTAM,Titan America SA Common Shares,$13.63,-0.13,-0.945%,229387,2512860398.00,United States,2025,Mining & Quarrying of Nonmetallic Minerals (No Fuels),Industrials
TTAN,ServiceTitan Inc. Class A Common Stock,$65.79,2.27,3.574%,2094851,6346623338.00,United States,2024,Computer Software: Prepackaged Software,Technology
TTC,Toro Company (The) Common Stock,$96.42,-1.00,-1.026%,648156,9127442907.00,United States,,Tools/Hardware,Consumer Discretionary
TTD,The Trade Desk Inc. Class A Common Stock,$12.17,0.12,0.996%,18562702,5753916416.00,United States,2016,Computer Software: Programming Data Processing,Technology
TTE,TotalEnergies SE Ordinary Shares,$85.50,-2.21,-2.52%,1893659,186549184242.00,France,,Oil & Gas Production,Energy
TTEC,TTEC Holdings Inc. Common Stock,$1.30,0.06,4.839%,394081,64084722.00,United States,1996,Professional Services,Consumer Discretionary
TTEK,Tetra Tech Inc. Common Stock,$32.95,-0.75,-2.226%,2616955,8436663903.00,United States,1991,Military/Government/Technical,Consumer Discretionary
TTGT,TechTarget Inc. Common Stock,$3.70,-0.04,-1.07%,742757,267630842.00,United States,,Telecommunications Equipment,Telecommunications
TTI,Tetra Technologies Inc. Common Stock,$5.87,0.06,1.033%,2220367,869187213.00,United States,,Oil & Gas Production,Energy
TTMI,TTM Technologies Inc. Common Stock,$122.84,0.04,0.033%,2535501,12941054454.00,United States,2000,Electrical Products,Technology
TTRX,Turn Therapeutics Inc. Common Stock,$14.39,0.98,7.308%,88723,428649896.00,United States,,Biotechnology: Pharmaceutical Preparations,Health Care
TTWO,Take-Two Interactive Software Inc. Common Stock,$207.50,4.72,2.328%,2448782,38798441923.00,United States,1997,Computer Software: Prepackaged Software,Technology
TU,Telus Corporation Ordinary Shares,$8.39,0.23,2.819%,12152156,13331710000.00,Canada,,Telecommunications Equipment,Telecommunications
TULP,Bloomia Holdings Inc. Common Stock,$2.50,-0.40,-13.793%,13947,12077413.00,United States,,Farming/Seeds/Milling,Consumer Staples
TURB,Turbo Energy S.A. American Depositary Shares,$1.13,-0.01,-0.877%,376898,13579368.00,Spain,2023,Industrial Machinery/Components,Miscellaneous
TUSK,Mammoth Energy Services Inc. Common Stock,$2.84,-0.01,-0.351%,54118,136682341.00,United States,2016,Oilfield Services/Equipment,Energy
TUYA,Tuya Inc. American Depositary Shares each representing one Class A Ordinary Share,$1.70,0.01,0.592%,428608,1042586377.00,China,2021,Computer Software: Prepackaged Software,Technology
TV,Grupo Televisa S.A.B. Common Stock,$2.28,-0.07,-2.979%,1055604,1407133008.00,Mexico,1993,Broadcasting,Industrials
TVA,Texas Ventures Acquisition III Corp Class A Ordinary Share,$10.58,0.01,0.095%,61226,0.00,United States,2025,,
TVACU,Texas Ventures Acquisition III Corp Unit,$10.64,0.00,0.00%,19,0.00,United States,2025,Blank Checks,Finance
TVACW,Texas Ventures Acquisition III Corp Warrants,$0.219,0.0488,28.672%,71490,0.00,United States,2025,,
TVAI,Thayer Ventures Acquisition Corporation II Class A Ordinary Shares,$10.40,0.00,0.00%,10,0.00,United States,2025,,
TVC,Tennessee Valley Authority Common Stock,$23.98,0.2311,0.973%,22423,0.00,United States,,Electric Utilities: Central,Utilities
TVE,Tennessee Valley Authority,$23.15,0.02,0.086%,9040,0.00,United States,,Electric Utilities: Central,Utilities
TVGN,Tevogen Inc. Common Stock,$6.62,-0.13,-1.926%,1930,43106395.00,United States,2022,Biotechnology: Biological Products (No Diagnostic Substances),Health Care
TVGNW,Tevogen Inc. Warrant,$0.0695,0.0094,15.641%,221052,452552.00,United States,2022,Biotechnology: Biological Products (No Diagnostic Substances),Health Care
TVIV,Texas Ventures Acquisition IV Corp Class A Ordinary Shares,$9.95,0.01,0.101%,825,0.00,United States,2026,,
TVRD,Tvardi Therapeutics Inc. Common Stock,$1.25,-0.03,-2.344%,232698,16673679.00,United States,2014,Biotechnology: Pharmaceutical Preparations,Health Care
TVTX,Travere Therapeutics Inc. Common Stock,$58.88,-1.11,-1.85%,1560618,5550092508.00,United States,,Biotechnology: Pharmaceutical Preparations,Health Care
TW,Tradeweb Markets Inc. Class A Common Stock,$100.84,0.23,0.229%,941354,23599409940.00,United States,2019,Investment Bankers/Brokers/Service,Finance
TWAV,TaoWeave Inc. Common Stock,$1.565,0.025,1.623%,34871,6067848.00,United States,,Computer Software: Programming Data Processing,Technology
TWFG,TWFG Inc. Class A Common Stock,$24.01,-0.16,-0.662%,95397,1297783574.00,United States,2024,Specialty Insurers,Finance
TWG,Top Wealth Group Holding Limited Class A Ordinary Shares,$0.121,0.0122,11.213%,34888936,7592333.00,France,2024,Packaged Foods,Consumer Staples
TWI,Titan International Inc. (DE) Common Stock,$6.78,-0.15,-2.165%,808404,437597147.00,United States,,Steel/Iron Ore,Industrials
TWIN,Twin Disc Incorporated Common Stock,$26.20,-0.25,-0.945%,140236,380919599.00,United States,,Industrial Machinery/Components,Industrials
TWLO,Twilio Inc. Class A Common Stock,$292.46,1.68,0.578%,3828109,44914608841.00,United States,2016,Computer Software: Prepackaged Software,Technology
TWLV,Twelve Seas Investment Company III Class A Ordinary Shares,$10.075,0.005,0.05%,820,0.00,United States,2026,Blank Checks,Finance
TWLVR,Twelve Seas Investment Company III Rights,$0.1299,0.0103,8.612%,268,0.00,United States,2026,Blank Checks,Finance
TWLVU,Twelve Seas Investment Company III Units,$10.16,0.00,0.00%,18,0.00,United States,2025,Blank Checks,Finance
TWN,Taiwan Fund Inc. (The) Common Stock,$101.94,-0.68,-0.663%,4433,0.00,United States,1986,Trusts Except Educational Religious and Charitable,Finance
TWOD,Two Harbors Investments Corp 9.375% Senior Notes due 2030,$26.32,0.01,0.038%,42289,0.00,United States,2025,Real Estate Investment Trusts,Real Estate
TWST,Twist Bioscience Corporation Common Stock,$193.24,7.11,3.82%,3255894,12812038864.00,United States,2018,Biotechnology: Biological Products (No Diagnostic Substances),Health Care
TX,Ternium S.A. Ternium S.A. American Depositary Shares (each representing ten shares USD1.00 par value),$54.30,0.85,1.59%,510504,10659506915.00,Luxembourg,,Steel/Iron Ore,Industrials
TXG,10x Genomics Inc. Class A Common Stock,$90.36,0.32,0.355%,3751536,11773109940.00,United States,2019,Biotechnology: Laboratory Analytical Instruments,Industrials
TXMD,TherapeuticsMD Inc. Common Stock,$2.03,-0.01,-0.49%,7259,23495955.00,United States,,Biotechnology: Pharmaceutical Preparations,Health Care
TXN,Texas Instruments Incorporated Common Stock,$280.09,-1.60,-0.568%,3960811,255791544372.00,United States,,Semiconductors,Technology
TXNM,TXNM Energy Inc. Common Stock,$58.32,-0.18,-0.308%,2384069,6422534148.00,United States,,Electric Utilities: Central,Utilities
TXO,TXO Partners L.P. Common Units Representing Limited Partner Interests,$13.67,-0.43,-3.05%,585466,757952384.00,United States,2023,Oil & Gas Production,Energy
TXRH,Texas Roadhouse Inc. Common Stock,$156.34,-0.87,-0.553%,1265036,10262302371.00,United States,2004,Restaurants,Consumer Discretionary
TXT,Textron Inc. Common Stock,$76.20,-1.43,-1.842%,1922516,13105403075.00,United States,,Aerospace,Industrials
TY,Tri Continental Corporation Common Stock,$34.34,0.04,0.117%,21576,1866411108.00,United States,,Finance Companies,Finance
TY^,Tri Continental Corporation Preferred Stock,$39.65,-0.2338,-0.586%,11459,,United States,,,
TYG,Tortoise Energy Infrastructure Corporation Common Stock,$38.29,0.09,0.236%,193355,456719406.00,United States,2004,Investment Managers,Finance
TYGO,Tigo Energy Inc. Common Stock,$0.9099,0.0694,8.257%,1055424,69856400.00,United States,2021,Semiconductors,Technology
TYL,Tyler Technologies Inc. Common Stock,$318.60,2.34,0.74%,694378,13047394496.00,United States,,Computer Software: Prepackaged Software,Technology
TYRA,Tyra Biosciences Inc. Common Stock,$21.87,-0.11,-0.50%,1034700,1503692386.00,United States,2021,Biotechnology: Pharmaceutical Preparations,Health Care
TZOO,Travelzoo Common Stock,$5.50,0.00,0.00%,73427,56112854.00,United States,,Advertising,Consumer Discretionary
U,Unity Software Inc. Common Stock,$40.93,1.21,3.046%,8769468,18012840028.00,United States,2020,Computer Software: Prepackaged Software,Technology
UA,Under Armour Inc. Class C Common Stock,$4.35,0.13,3.081%,2553510,1868523103.00,United States,2016,Apparel,Consumer Discretionary
UAA,Under Armour Inc. Class A Common Stock,$4.46,0.19,4.45%,11386042,1915773113.00,United States,,Apparel,Consumer Discretionary
UAC,United Acquisition Corp. I Class A Ordinary Shares,$10.00,0.00,0.00%,17,0.00,,2026,Blank Checks,Finance
UAL,United Airlines Holdings Inc. Common Stock,$110.95,-1.70,-1.509%,4075798,36012569503.00,United States,,Air Freight/Delivery Services,Consumer Discretionary
UAMY,United States Antimony Corporation Common Stock,$4.17,-0.01,-0.239%,4799905,624121331.00,United States,,Metal Fabrications,Industrials
UAN,CVR Partners LP Common Units representing Limited Partner Interests,$123.78,0.07,0.057%,32908,1308309668.00,United States,2011,Agricultural Chemicals,Industrials
UAVS,AgEagle Aerial Systems Inc. Common Stock,$0.955,0.0006,0.063%,285653,60074949.00,United States,,Aerospace,Industrials
UBCP,United Bancorp Inc. Common Stock,$14.79,0.04,0.271%,1082,84828311.00,United States,,Major Banks,Finance
UBER,Uber Technologies Inc. Common Stock,$68.51,-0.85,-1.225%,15629717,139935793890.00,United States,2019,Business Services,Consumer Discretionary
UBS,UBS Group AG Registered Ordinary Shares,$48.13,-0.65,-1.333%,2256939,149368339016.00,Switzerland,2014,Major Banks,Finance
UBSI,United Bankshares Inc. Common Stock,$45.94,-0.21,-0.455%,1133871,6257605512.00,United States,,Major Banks,Finance
UCAR,U Power Limited Class A Ordinary Shares,$4.01,-0.04,-0.988%,9304,7117501.00,China,2023,Industrial Machinery/Components,Miscellaneous
UCB,United Community Banks Inc. Common Stock,$33.35,-0.25,-0.744%,830508,4021193025.00,United States,2024,Major Banks,Finance
UCL,uCloudlink Group Inc. American Depositary Shares,$0.3289,0.0089,2.781%,178016,12528541.00,Hong Kong,2020,Telecommunications Equipment,Consumer Discretionary
UCTT,Ultra Clean Holdings Inc. Common Stock,$81.06,0.60,0.746%,1603734,3670155971.00,United States,2004,Semiconductors,Technology
UDR,UDR Inc. Common Stock,$33.55,-0.40,-1.178%,4084253,10778414648.00,United States,,Real Estate Investment Trusts,Real Estate
UE,Urban Edge Properties Common Shares of Beneficial Interest,$19.53,-0.25,-1.264%,1397518,2465554421.00,United States,2015,Real Estate,Finance
UEC,Uranium Energy Corp. Common Stock,$9.45,0.16,1.722%,15250674,4683275084.00,Canada,,Other Metals and Minerals,Basic Materials
UEIC,Universal Electronics Inc. Common Stock,$5.22,-0.07,-1.323%,24298,67260024.00,United States,1993,Consumer Electronics/Appliances,Consumer Staples
UFCS,United Fire Group Inc. Common Stock,$52.59,-0.935,-1.747%,171433,1351849037.00,United States,,Property-Casualty Insurers,Finance
UFG,Uni-Fuels Holdings Limited Class A Ordinary Shares,$0.451,-0.026,-5.451%,128169,14641715.00,Singapore,2025,Oil Refining/Marketing,Energy
UFI,Unifi Inc. New Common Stock,$6.53,-0.13,-1.952%,18736,121385106.00,United States,,Textiles,Consumer Discretionary
UFPI,UFP Industries Inc. Common Stock,$77.22,-1.55,-1.968%,431357,4259570335.00,United States,1993,Forest Products,Basic Materials
UFPT,UFP Technologies Inc. Common Stock,$296.82,-0.10,-0.034%,141000,2299105388.00,United States,1993,Medical/Dental Instruments,Health Care
UG,United-Guardian Inc. Common Stock,$7.16,-0.06,-0.831%,3730,32895324.00,United States,,Package Goods/Cosmetics,Consumer Discretionary
UGI,UGI Corporation Common Stock,$35.67,-0.48,-1.328%,1733760,7651035473.00,United States,,Natural Gas Distribution,Utilities
UGP,Ultrapar Participacoes S.A. (New) American Depositary Shares (Each representing one Common Share),$7.32,-0.02,-0.272%,4251103,8145770605.00,Brazil,,Oil/Gas Transmission,Utilities
UHAL,U-Haul Holding Company Common Stock,$60.17,-0.71,-1.166%,110645,11696656594.00,United States,2022,Rental/Leasing Companies,Consumer Discretionary
UHS,Universal Health Services Inc. Common Stock,$174.26,-1.47,-0.837%,613646,10270277104.00,United States,,Hospital/Nursing Management,Health Care
UHT,Universal Health Realty Income Trust Common Stock,$37.39,-0.62,-1.631%,305945,519671795.00,United States,,Real Estate Investment Trusts,Real Estate
UI,Ubiquiti Inc. Common Stock,$567.53,8.21,1.468%,109695,34351672069.00,United States,,Radio And Television Broadcasting And Communications Equipment,Technology
UIS,Unisys Corporation New Common Stock,$2.31,0.03,1.316%,613705,168435856.00,United States,,EDP Services,Technology
UK,Ucommune International Ltd Class A Ordinary Shares,$2.01,0.04,2.03%,22292,1362682.00,United States,2019,Business Services,Consumer Discretionary
UL,Unilever PLC American Depositary Shares (each representing One Ordinary Share),$60.73,-0.51,-0.833%,3355726,130832299601.00,United Kingdom,2025,Package Goods/Cosmetics,Consumer Discretionary
ULBI,Ultralife Corporation Common Stock,$6.46,0.08,1.254%,53609,107644718.00,United States,1992,Industrial Machinery/Components,Miscellaneous
ULCC,Frontier Group Holdings Inc. Common Stock,$5.97,-0.125,-2.051%,2275945,1374388153.00,United States,2021,Air Freight/Delivery Services,Consumer Discretionary
ULH,Universal Logistics Holdings Inc. Common Stock,$17.29,-0.25,-1.425%,33409,455899348.00,United States,2005,Trucking Freight/Courier Services,Industrials
ULS,UL Solutions Inc. Class A Common Stock,$65.62,0.70,1.078%,1346792,13248558112.00,United States,2024,Precision Instruments,Health Care
ULTA,Ulta Beauty Inc. Common Stock,$546.17,-1.72,-0.314%,325585,23352847936.00,United States,2007,Other Specialty Stores,Consumer Discretionary
UMAC,Unusual Machines Inc. Common Stock,$24.48,-0.46,-1.844%,2301704,1222935242.00,United States,2024,Radio And Television Broadcasting And Communications Equipment,Technology
UMBF,UMB Financial Corporation Common Stock,$130.01,-1.83,-1.388%,550864,9874263400.00,United States,,Major Banks,Finance
UMBFO,UMB Financial Corporation Depositary Shares Each Representing a 1/400th Interest in a Share of 7.750% Fixed-Rate Reset Non-Cumulative Perpetual Preferred Stock Series B,$25.21,-0.2356,-0.926%,615976,1914700256.00,United States,,Major Banks,Finance
UMC,United Microelectronics Corporation (NEW) Common Stock,$24.49,-0.23,-0.93%,7102552,61656789778.00,Taiwan,,Semiconductors,Technology
UMH,UMH Properties Inc. Common Stock,$15.40,-0.07,-0.452%,538269,1314938240.00,United States,1994,Real Estate Investment Trusts,Real Estate
UMH^D,UMH Properties Inc. 6.375% Series D Cumulative Redeemable Preferred Stock Liquidation Preference $25 per share,$20.90,0.195,0.942%,29500,,United States,,,
UNB,Union Bankshares Inc. Common Stock,$23.00,-0.07,-0.303%,1887,113754964.00,United States,,Major Banks,Finance
UNCY,Unicycive Therapeutics Inc. Common Stock,$4.695,0.145,3.187%,862722,130780432.00,United States,2021,Biotechnology: Pharmaceutical Preparations,Health Care
UNF,Unifirst Corporation Common Stock,$250.52,-4.02,-1.579%,497471,4530447020.00,United States,,Other Consumer Services,Consumer Discretionary
UNFI,United Natural Foods Inc. Common Stock,$44.79,-0.68,-1.495%,626071,2701602192.00,United States,2019,Food Distributors,Consumer Discretionary
UNH,UnitedHealth Group Incorporated Common Stock (DE),$367.08,-7.86,-2.096%,4794169,329489116437.00,United States,,Medical Specialities,Health Care
UNIT,Uniti Group Inc. Common Stock,$8.38,-0.19,-2.217%,2722021,2034036631.00,United States,,Real Estate Investment Trusts,Real Estate
UNM,Unum Group Common Stock,$87.73,-0.51,-0.578%,1363621,13888255389.00,United States,,Accident &Health Insurance,Finance
UNMA,Unum Group 6.250% Junior Subordinated Notes due 2058,$21.58,0.12,0.559%,249243,3675359719.00,United States,2018,Accident &Health Insurance,Finance
UNP,Union Pacific Corporation Common Stock,$272.13,-2.02,-0.737%,3246216,161665765271.00,United States,,Railroads,Industrials
UNTY,Unity Bancorp Inc. Common Stock,$54.22,-0.62,-1.131%,50666,544508579.00,United States,,Major Banks,Finance
UONE,Urban One Inc. Class A Common Stock,$4.04,-0.0848,-2.056%,4099,18644455.00,United States,,Broadcasting,Consumer Discretionary
UONEK,Urban One Inc. Class D Common Stock,$3.78,0.19,5.292%,26595,17444564.00,United States,,Broadcasting,Consumer Discretionary
UP,Wheels Up Experience Inc. Class A Common Stock,$3.22,-0.20,-5.848%,299828,116808208.00,Singapore,2020,Transportation Services,Consumer Discretionary
UPB,Upstream Bio Inc. Common Stock,$5.27,0.08,1.541%,851233,288643386.00,United States,2024,Biotechnology: Pharmaceutical Preparations,Health Care
UPBD,Upbound Group Inc. Common Stock,$15.70,0.08,0.512%,1326614,915300659.00,United States,,Diversified Commercial Services,Consumer Discretionary
UPC,Universe Pharmaceuticals Inc. Class A Ordinary Shares,$4.30,-0.22,-4.867%,132092,21604877.00,China,2021,Biotechnology: Pharmaceutical Preparations,Health Care
UPLD,Upland Software Inc. Common Stock,$3.61,0.41,12.813%,47715,10675460.00,United States,2014,Computer Software: Prepackaged Software,Technology
UPS,United Parcel Service Inc. Common Stock,$93.44,-0.49,-0.522%,3858604,79497031022.00,United States,1999,Trucking Freight/Courier Services,Industrials
UPST,Upstart Holdings Inc. Common stock,$22.99,-0.15,-0.648%,3507703,2237226928.00,United States,2020,Finance: Consumer Services,Finance
UPWK,Upwork Inc. Common Stock,$8.16,0.06,0.741%,1953824,1019211458.00,United States,2018,EDP Services,Technology
UPXI,Upexi Inc. Common Stock,$1.14,-0.01,-0.87%,1768920,100523441.00,United States,2021,Finance: Consumer Services,Finance
URBN,Urban Outfitters Inc. Common Stock,$76.38,0.74,0.978%,1199400,6542724625.00,United States,1993,Clothing/Shoe/Accessory Stores,Consumer Discretionary
URG,Ur Energy Inc Common Shares (Canada),$1.08,-0.03,-2.703%,11693004,429692818.00,Canada,,Precious Metals,Basic Materials
URGN,UroGen Pharma Ltd. Ordinary Shares,$40.63,0.18,0.445%,641410,1986017315.00,Israel,2017,Biotechnology: Pharmaceutical Preparations,Health Care
URI,United Rentals Inc. Common Stock,$1000.78,-13.76,-1.356%,679078,62291038141.00,United States,1997,Diversified Commercial Services,Consumer Discretionary
UROY,Uranium Royalty Corp. Common Stock,$4.04,-0.04,-0.98%,3439850,1523930917.00,Canada,,Investment Bankers/Brokers/Service,Finance
USA,Liberty All-Star Equity Fund Common Stock,$5.77,-0.04,-0.688%,843848,0.00,United States,1986,Finance Companies,Finance
USAC,USA Compression Partners LP Common Units Representing Limited Partner Interests,$24.87,-0.14,-0.56%,208472,3604740990.00,United States,2013,Natural Gas Distribution,Utilities
USAR,USA Rare Earth Inc. Class A Common Stock,$14.08,0.005,0.036%,12617922,5281078063.00,United States,2023,Metal Mining,Basic Materials
USAS,Americas Gold and Silver Corporation Common Shares no par value,$4.36,-0.14,-3.111%,3327485,1474367197.00,Canada,2017,Metal Mining,Basic Materials
USAU,U.S. Gold Corp. Common Stock,$14.86,0.11,0.746%,134161,245615932.00,United States,,Metal Mining,Basic Materials
USB,U.S. Bancorp Common Stock,$57.76,-0.38,-0.654%,9887320,89993051521.00,United States,,Major Banks,Finance
USB^A,U.S. Bancorp Depositary Shares Each representing a 1/100th interest in a share of Series A Non-CumulativePerpetual Pfd Stock,$759.73,-14.27,-1.844%,2467,,United States,,,
USB^H,U.S. Bancorp Depositary Shares repstg 1/1000th Pfd Ser B,$18.32,-0.29,-1.558%,189327,,United States,,,
USB^P,U.S. Bancorp Depositary Shares each representing a 1/1000th interest in a share of Series K Non-Cumulative Perpetual Preferred Stock,$20.09,-0.34,-1.664%,161087,,United States,,,
USB^Q,U.S. Bancorp Depositary Shares Each Representing a 1/1000th Interest in a Share of Series L Non-Cumulative Perpetual Preferred Stock,$13.97,0.05,0.359%,130263,,United States,,,
USB^R,U.S. Bancorp Depositary Shares Each Representing a 1/1000th Interest in a Share of Series M Non-Cumulative Perpetual Preferred Stock,$14.58,-0.16,-1.085%,233784,,United States,,,
USB^S,U.S. Bancorp Depositary Shares each representing a 1/1000th interest in a share of Series O Non-Cumulative Perpetual Preferred Stock,$16.33,0.03,0.184%,94559,,United States,,,
USBC,USBC Inc. Common Stock,$0.544,0.0041,0.759%,227161,211150569.00,United States,,Finance: Consumer Services,Finance
USCB,USCB Financial Holdings Inc. Class A Common Stock,$21.83,-0.46,-2.064%,82993,403297680.00,United States,2021,Major Banks,Finance
USDE,StablecoinX Inc. Class A Common Stock,$16.08,0.76,4.961%,5261981,437169034.00,United States,,Finance: Consumer Services,Finance
USDEW,StablecoinX Inc. Warrants,$5.165,0.635,14.018%,520867,140421521.00,United States,,Finance: Consumer Services,Finance
USEA,United Maritime Corporation Common Stock,$2.70,0.18,7.143%,150313,25752975.00,Greece,,Marine Transportation,Consumer Discretionary
USFD,US Foods Holding Corp. Common Stock,$92.21,-1.49,-1.59%,2109333,19947855968.00,United States,2016,Food Distributors,Consumer Discretionary
USGO,U.S. GoldMining Inc. Common stock,$6.66,-0.08,-1.187%,65279,93478002.00,United States,2023,Precious Metals,Basic Materials
USIO,Usio Inc. Common Stock,$2.69,0.115,4.466%,265286,76652664.00,United States,,Investment Bankers/Brokers/Service,Finance
USLM,United States Lime & Minerals Inc. Common Stock,$113.11,2.61,2.362%,151212,3244940739.00,United States,,Mining & Quarrying of Nonmetallic Minerals (No Fuels),Industrials
USNA,USANA Health Sciences Inc. Common Stock,$14.47,-0.23,-1.565%,257531,267355447.00,United States,, Medicinal Chemicals and Botanical Products ,Health Care
USPH,U.S. Physical Therapy Inc. Common Stock,$85.73,-0.42,-0.488%,137623,1279322900.00,United States,1992,Medical/Nursing Services,Health Care
UTF,Cohen & Steers Infrastructure Fund Inc Common Stock,$24.65,0.27,1.107%,487646,0.00,United States,2004,Finance Companies,Finance
UTG,Reaves Utility Income Fund Common Shares of Beneficial Interest,$34.35,0.06,0.175%,456114,0.00,United States,2004,Investment Managers,Finance
UTHR,United Therapeutics Corporation Common Stock,$541.89,60.42,12.549%,3337566,23242037088.00,United States,1999,Biotechnology: Pharmaceutical Preparations,Health Care
UTI,Universal Technical Institute Inc Common Stock,$18.67,0.04,0.215%,1475614,1028627963.00,United States,2003,Other Consumer Services,Real Estate
UTL,UNITIL Corporation Common Stock,$50.76,-0.23,-0.451%,173504,925693572.00,United States,1985,Power Generation,Utilities
UTMD,Utah Medical Products Inc. Common Stock,$74.05,-0.90,-1.201%,30045,235761723.00,United States,,Medical/Dental Instruments,Health Care
UTSI,UTStarcom Holdings Corp. Ordinary Shares,$2.35,0.00,0.00%,1125,22311159.00,China,2000,Telecommunications Equipment,Telecommunications
UTZ,Utz Brands Inc Class A Common Stock ,$14.25,0.00,0.00%,3994922,2051461535.00,United States,2018,Packaged Foods,Consumer Staples
UUU,Universal Safety Products Inc. Common Stock,$5.13,0.25,5.123%,39843,15536015.00,United States,2003,Electronic Components,Technology
UUUU,Energy Fuels Inc Ordinary Shares (Canada),$11.03,0.04,0.364%,9296460,2756033010.00,Canada,,Mining & Quarrying of Nonmetallic Minerals (No Fuels),Industrials
UVE,UNIVERSAL INSURANCE HOLDINGS INC Common Stock,$42.09,-0.15,-0.355%,374803,1171379642.00,United States,,Property-Casualty Insurers,Finance
UVSP,Univest Financial Corporation Common Stock,$40.98,-0.25,-0.606%,351366,1130259873.00,United States,,Major Banks,Finance
UVV,Universal Corporation Common Stock,$41.79,0.14,0.336%,342623,1040539950.00,United States,,Farming/Seeds/Milling,Industrials
UWMC,UWM Holdings Corporation Class A Common Stock,$1.18,-0.06,-4.839%,9719727,1896214548.00,United States,,Finance: Consumer Services,Finance
UXIN,Uxin Limited ADS,$1.32,0.09,7.317%,474762,290373945.00,China,2018,Business Services,Consumer Discretionary
UYSC,UY Scuti Acquisition Corp. Ordinary Shares,$11.00,0.00,0.00%,21,0.00,United States,2025,Blank Checks,Finance
UYSCR,UY Scuti Acquisition Corp. Rights,$0.1397,0.00,0.00%,10,0.00,United States,2025,Blank Checks,Finance
UZD,Array Digital Infrastructure Inc. 6.250% Senior Notes due 2069,$17.93,-0.02,-0.111%,7660,1541980000.00,United States,2020,Telecommunications Equipment,Telecommunications
UZE,Array Digital Infrastructure Inc. 5.500% Senior Notes due 2070,$15.93,-0.16,-0.994%,4330,1369980000.00,United States,2020,Telecommunications Equipment,Telecommunications
UZF,Array Digital Infrastructure Inc. 5.500% Senior Notes due 2070,$16.00,0.00,0.00%,1663,1376000000.00,United States,2021,Telecommunications Equipment,Telecommunications
UZX,Linkage Global Inc. Class A Ordinary Shares,$1.37,-0.23,-14.375%,99439,4570608.00,Japan,2023,Catalog/Specialty Distribution,Consumer Discretionary
V,Visa Inc.,$359.33,-6.55,-1.79%,7417429,642034754999.00,United States,,Business Services,Consumer Discretionary
VABK,Virginia National Bankshares Corporation Common Stock,$47.66,-0.51,-1.059%,10433,258568940.00,United States,,Major Banks,Finance
VAC,Marriott Vacations Worldwide Corporation Common Stock,$102.28,-2.40,-2.293%,294108,3517953330.00,United States,,Real Estate,Finance
VACI,Viking Acquisition Corp. I Class A Ordinary Shares,$7.00,0.46,7.034%,24622,0.00,,2025,Telecommunications Equipment,Telecommunications
VAI,Valor Energy Incorporated Common Stock,$2.13,0.04,1.914%,29903,31007452.00,China,2018,Rental/Leasing Companies,Consumer Discretionary
VAL,Valaris Limited Common Shares,$78.52,0.07,0.089%,1037270,5452099566.00,United States,2021,Oil & Gas Production,Energy
VALE,VALE S.A.  American Depositary Shares Each Representing one common share,$13.41,0.11,0.827%,33716811,57254187474.00,Brazil,,Metal Mining,Basic Materials
VALN,Valneva SE American Depositary Shares,$6.185,0.045,0.733%,5842,586867554.00,France,2021,Biotechnology: Biological Products (No Diagnostic Substances),Health Care
VALU,Value Line Inc. Common Stock,$39.45,-0.89,-2.206%,2912,370123766.00,United States,1983,Investment Managers,Finance
VANI,Vivani Medical Inc. Common Stock (DE),$1.24,0.01,0.813%,119124,111852161.00,United States,2014,Biotechnology: Electromedical & Electrotherapeutic Apparatus,Health Care
VATE,INNOVATE Corp. Common Stock,$7.43,-0.12,-1.589%,65479,101359064.00,United States,,Metal Fabrications,Industrials
VBF,Invesco Bond Fund Common Stock,$14.18,-0.08,-0.561%,44795,0.00,United States,,Trusts Except Educational Religious and Charitable,Finance
VBIO,Valion Bio Inc. Common Stock,$2.80,-0.03,-1.06%,52287094,3599750.00,United States,2021,Biotechnology: Electromedical & Electrotherapeutic Apparatus,Health Care
VBNK,VersaBank Common Shares,$22.22,0.05,0.226%,95120,720351935.00,Canada,,Commercial Banks,Finance
VC,Visteon Corporation Common Stock,$86.68,-0.38,-0.436%,535813,2313959786.00,United States,,Auto Parts:O.E.M.,Consumer Discretionary
VCEL,Vericel Corporation Common Stock,$40.14,-0.47,-1.157%,585395,2055433486.00,United States,,Biotechnology: Biological Products (No Diagnostic Substances),Health Care
VCIG,VCI Global Limited Ordinary Share,$1.57,-0.05,-3.086%,27663,3261633.00,Malaysia,2023,Diversified Commercial Services,Consumer Discretionary
VCRE,Vicore Pharma Holding AB American Depositary Shares,$9.51,-0.01,-0.105%,20395,2677308389.00,Sweden,,Biotechnology: Pharmaceutical Preparations,Health Care
VCTR,Victory Capital Holdings Inc. Class A Common Stock,$110.60,0.20,0.181%,638183,6802958663.00,United States,2018,Investment Managers,Finance
VCV,Invesco California Value Municipal Income Trust Common Stock,$8.98,-0.02,-0.222%,820313,430056915.00,United States,,Trusts Except Educational Religious and Charitable,Finance
VCX,Fundrise Innovation Fund LLC Common Shares of Limited Liability Company Interests,$29.62,-0.12,-0.403%,221301,0.00,,2026,,
VCYT,Veracyte Inc. Common Stock,$46.04,-0.04,-0.087%,1184384,3701189255.00,United States,2013,Medical Specialities,Health Care
VECA,Vernal Capital Acquisition Corp. Ordinary Shares,$10.05,0.03,0.299%,612,0.00,,2026,Blank Checks,Finance
VECO,Veeco Instruments Inc. Common Stock,$51.90,0.53,1.032%,727061,3172628316.00,United States,1994,Industrial Machinery/Components,Technology
VEEA,Veea Inc. Common Stock,$2.17,-0.33,-13.20%,198188,6750236.00,United States,2021,EDP Services,Technology
VEEAW,Veea Inc. Warrant,$0.0133,-0.0069,-34.158%,31197,41372.00,United States,2021,EDP Services,Technology
VEEE,Twin Vee PowerCats Co. Common Stock,$12.13,-1.26,-9.41%,84723,7087814.00,United States,2021,Marine Transportation,Industrials
VEEV,Veeva Systems Inc. Class A Common Stock,$285.45,6.88,2.47%,1755677,46216881233.00,United States,2013,Computer Software: Prepackaged Software,Technology
VEL,Velocity Financial Inc. Common Stock,$15.02,-0.10,-0.661%,260149,593011484.00,United States,2020,Finance: Consumer Services,Finance
VELO,Velo3D Inc. Common stock,$10.89,0.09,0.833%,881333,350103895.00,United States,,Industrial Machinery/Components,Technology
VENU,Venu Holding Corporation Common Stock,$1.42,-0.09,-5.96%,372107,83594461.00,United States,2024,Services-Misc. Amusement & Recreation,Consumer Discretionary
VEON,VEON Ltd. ADS,$73.93,-0.04,-0.054%,205468,5090908146.00,Netherlands,,Telecommunications Equipment,Telecommunications
VERA,Vera Therapeutics Inc. Class A Common Stock,$32.29,-0.085,-0.263%,1800144,2326925087.00,United States,2021,Biotechnology: Pharmaceutical Preparations,Health Care
VERI,Veritone Inc. Common Stock,$1.19,-0.13,-9.848%,4095646,119543911.00,United States,2017,EDP Services,Technology
VERU,Veru Inc. Common Stock,$2.66,0.10,3.906%,183023,45353851.00,United States,,Biotechnology: Pharmaceutical Preparations,Health Care
VERX,Vertex Inc. Class A Common Stock,$11.78,0.63,5.65%,1719570,1910927804.00,United States,2020,Computer Software: Prepackaged Software,Technology
VET,Vermilion Energy Inc. Common (Canada),$11.39,0.09,0.796%,1270711,1744948000.00,Canada,,Oil & Gas Production,Energy
VFC,V.F. Corporation Common Stock,$14.06,-0.44,-3.034%,9864854,5527472054.00,United States,,Garments and Clothing,Industrials
VFF,Village Farms International Inc. Common Shares,$2.91,-0.19,-6.129%,1844827,355853124.00,Canada,,Farming/Seeds/Milling,Consumer Staples
VFS,VinFast Auto Ltd. Ordinary Shares,$3.12,-0.04,-1.266%,237127,7299352351.00,Singapore,,Auto Manufacturing,Industrials
VFSWW,VinFast Auto Ltd. Warrant,$0.1976,-0.0381,-16.165%,17115,462292316.00,Singapore,,Auto Manufacturing,Industrials
VG,Venture Global Inc. Class A common stock,$12.64,0.10,0.797%,9308378,31601173637.00,United States,2025,Oil/Gas Transmission,Utilities
VGAS,Verde Clean Fuels Inc. Class A Common Stock,$1.07,-0.06,-5.31%,37775,47668094.00,United States,2021,Major Chemicals,Industrials
VGASW,Verde Clean Fuels Inc. Warrant,$0.011,-0.003,-21.429%,32789,490046.00,United States,2021,Major Chemicals,Industrials
VGI,Virtus Global Multi-Sector Income Fund Common Shares of Beneficial Interest,$6.75,0.02,0.297%,46568,0.00,United States,2012,Investment Managers,Finance
VGM,Invesco Trust for Investment Grade Municipals Common Stock (DE),$8.65,-0.01,-0.115%,530743,469106523.00,United States,,Trusts Except Educational Religious and Charitable,Finance
VGNT,Versigent PLC Ordinary Shares,$44.94,-0.72,-1.577%,1021441,3183336809.00,United Kingdom,2026,Auto Parts:O.E.M.,Consumer Discretionary
VGZ,Vista Gold Corp Common Stock,$2.71,0.03,1.119%,2802610,395582348.00,United States,1986,Precious Metals,Basic Materials
VHC,VirnetX Holding Corp Common Stock,$10.19,-0.13,-1.26%,35785,42967490.00,United States,,Multi-Sector Companies,Miscellaneous
VHCP,Vine Hill Capital Investment Corp. II Class A Ordinary Shares,$10.07,0.01,0.099%,2581,0.00,United States,2026,,
VHCPU,Vine Hill Capital Investment Corp. II Units,$10.20,-0.04,-0.391%,1408,0.00,United States,2025,Blank Checks,Finance
VHCPW,Vine Hill Capital Investment Corp. II Warrants,$0.33,0.00,0.00%,3,0.00,United States,2026,,
VHI,Valhi Inc. Common Stock,$15.41,-0.42,-2.653%,7986,436429584.00,United States,,Major Chemicals,Basic Materials
VHUB,VenHub Global Inc. Common Stock,$0.4745,-0.0565,-10.64%,236179,46229518.00,United States,,Industrial Machinery/Components,Technology
VIA,Via Transportation Inc. Class A Common Stock,$30.25,1.00,3.419%,950749,2465544793.00,United States,2025,Computer Software: Prepackaged Software,Technology
VIAV,Viavi Solutions Inc. Common Stock,$41.92,0.10,0.239%,5535402,10343752790.00,United States,,Semiconductors,Technology
VICI,VICI Properties Inc. Common Stock,$22.97,-0.23,-0.991%,9847107,25291751599.00,United States,2018,Real Estate Investment Trusts,Real Estate
VICR,Vicor Corporation Common Stock,$288.94,-1.74,-0.599%,662208,13322079144.00,United States,,Industrial Machinery/Components,Technology
VIDA,VIDA Global Inc. Class A Common Stock,$1.64,-0.01,-0.606%,77806,23916008.00,,2026,Computer Software: Prepackaged Software,Technology
VII,Viking Acquisition Corp. II Class A Ordinary Shares,$9.82,-0.03,-0.305%,16942,0.00,,2026,,
VIK,Viking Holdings Ltd Ordinary Shares,$78.33,-0.38,-0.483%,4699490,34918420435.00,United States,2024,Marine Transportation,Consumer Discretionary
VINP,Vinci Compass Investments Ltd. Class A Common Shares,$9.35,0.03,0.322%,67695,611696616.00,Brazil,2021,Investment Managers,Finance
VIOT,Viomi Technology Co. Ltd American Depositary Shares,$1.70,0.23,15.646%,1472490,114446941.00,China,2018,Consumer Electronics/Appliances,Consumer Discretionary
VIP,Vulcan Infrastructure and Power Inc. Class A Common Stock,$1.62,0.00,0.00%,118914,29856441.00,United States,,Finance: Consumer Services,Finance
VIPS,Vipshop Holdings Limited American Depositary Shares each representing two ordinary shares,$12.51,0.13,1.05%,3828214,6008184455.00,China,2012,Catalog/Specialty Distribution,Consumer Discretionary
VIR,Vir Biotechnology Inc. Common Stock,$11.18,0.53,4.977%,1737734,1891834410.00,United States,2019,Biotechnology: Biological Products (No Diagnostic Substances),Health Care
VIRC,Virco Manufacturing Corporation Common Stock,$6.52,0.02,0.308%,23131,102780074.00,United States,,Industrial Specialties,Consumer Discretionary
VIRT,Virtu Financial Inc. Class A Common Stock,$55.16,1.41,2.623%,2392014,8560844521.00,United States,,Investment Bankers/Brokers/Service,Finance
VISN,Vistance Networks Inc. Common Stock,$5.98,0.04,0.673%,5951000,1379145944.00,United States,2013,Radio And Television Broadcasting And Communications Equipment,Technology
VIST,Vista Energy S.A.B. de C.V. American Depositary Shares each representing one series A share with no par value,$65.35,-1.36,-2.039%,923744,7274592221.00,Mexico,2019,Oil & Gas Production,Energy
VITL,Vital Farms Inc. Common Stock,$9.28,-0.11,-1.171%,2018841,398404524.00,United States,2020,Packaged Foods,Consumer Staples
VIV,Telefonica Brasil S.A. American Depositary Shares (Each representing One Common Share),$11.45,0.07,0.615%,967502,18294846365.00,Brazil,2020,Telecommunications Equipment,Telecommunications
VIVK,Vivakor Inc. Common Stock,$0.5093,-0.0099,-1.907%,858391,4167921.00,United States,,Environmental Services,Utilities
VIVO,VivoPower PLC Class A Ordinary Shares,$3.69,0.01,0.272%,344438,118056218.00,United Kingdom,,Power Generation,Utilities
VIVS,VivoSim Labs Inc. Common Stock,$0.212,0.0095,4.691%,563613,3516337.00,United States,,Biotechnology: Biological Products (No Diagnostic Substances),Health Care
VKI,Invesco Advantage Municipal Income Trust II Common Shares of Beneficial Interest (DE),$7.48,-0.10,-1.319%,415408,332157030.00,United States,1993,Finance Companies,Finance
VKQ,Invesco Municipal Trust Common Stock,$8.48,0.11,1.314%,570413,469245167.00,United States,,Trusts Except Educational Religious and Charitable,Finance
VKTX,Viking Therapeutics Inc. Common Stock,$32.60,0.79,2.483%,7000093,4097450023.00,United States,2015,Biotechnology: Pharmaceutical Preparations,Health Care
VLGEA,Village Super Market Inc. Class A Common Stock,$45.42,-0.19,-0.417%,40246,672647081.00,United States,,Food Chains,Consumer Staples
VLN,Valens Semiconductor Ltd. Ordinary Shares,$1.88,0.05,2.732%,387115,197950276.00,,,Semiconductors,Technology
VLO,Valero Energy Corporation Common Stock,$387.61,-0.11,-0.028%,2537491,111603563158.00,United States,,Integrated oil Companies,Energy
VLOS,Velos Acquisition I Corp. Class A Ordinary shares,$10.68,0.00,0.00%,26,0.00,United States,2024,,
VLOSU,Velos Acquisition I Corp. Units,$10.99,0.21,1.948%,138,0.00,United States,2024,Blank Checks,Finance
VLRS,Controladora Vuela Compania de Aviacion S.A.B. de C.V. American Depositary Shares each representing ten (10) Ordinary Participation Certificates,$6.55,-0.16,-2.385%,326252,761083283.00,,2013,Air Freight/Delivery Services,Consumer Discretionary
VLT,Invesco High Income Trust II,$9.09,0.01,0.11%,20065,0.00,United States,1989,Trusts Except Educational Religious and Charitable,Finance
VLTO,Veralto Corp Common Stock ,$94.32,-2.33,-2.411%,2517513,22994588206.00,United States,2023,Electrical Products,Industrials
VLY,Valley National Bancorp Common Stock,$12.62,-0.10,-0.786%,9661204,6973877952.00,United States,,Major Banks,Finance
VLYPN,Valley National Bancorp 8.250% Fixed-Rate Reset Non-Cumulative Perpetual Preferred Stock Series C,$24.73,-0.57,-2.253%,262905,13665927239.00,United States,,Major Banks,Finance
VLYPO,Valley National Bancorp 5.50% Fixed-to-Floating Rate Non-Cumulative Perpetual Preferred Stock Series B,$24.86,0.01,0.04%,4476,13737765918.00,United States,,Major Banks,Finance
VLYPP,Valley National Bancorp 6.25% Fixed-to-Floating Rate Non-Cumulative Perpetual Preferred Stock Series A,$24.97,0.03,0.12%,4948,13798552493.00,United States,,Major Banks,Finance
VMAR,Vision Marine Technologies Inc. Common Shares,$7.32,-0.305,-4.00%,16968,4780297.00,Canada,2020,Marine Transportation,Industrials
VMC,Vulcan Materials Company (Holding Company) Common Stock,$244.63,1.88,0.774%,1515248,31698846922.00,United States,,Mining & Quarrying of Nonmetallic Minerals (No Fuels),Industrials
VMD,Viemed Healthcare Inc. Common Shares,$9.10,-0.13,-1.408%,253987,346602875.00,United States,,Misc Health and Biotechnology Services,Health Care
VMET,Versamet Royalties Corporation Common Stock,$8.80,-0.225,-2.493%,224634,957699662.00,Canada,,Precious Metals,Industrials
VMI,Valmont Industries Inc. Common Stock,$462.98,-4.23,-0.905%,174053,8937763157.00,United States,,Metal Fabrications,Industrials
VMO,Invesco Municipal Opportunity Trust Common Stock,$8.35,0.01,0.12%,564964,563129720.00,United States,,Trusts Except Educational Religious and Charitable,Finance
VMRK,Vivmark Residential Common Shares of Beneficial Interest,$60.76,-0.59,-0.962%,4779269,47848500000.00,United States,,Real Estate Investment Trusts,Real Estate
VNCE,Vince Holding Corp. Common Stock,$10.07,-0.07,-0.69%,234325,130353622.00,United States,,Clothing/Shoe/Accessory Stores,Consumer Discretionary
VNDA,Vanda Pharmaceuticals Inc. Common Stock,$4.91,-0.12,-2.386%,3077120,296871793.00,United States,2006,Biotechnology: Pharmaceutical Preparations,Health Care
VNET,VNET Group Inc. American Depositary Shares,$5.55,-0.16,-2.802%,5241156,1580797953.00,China,2011,Computer Software: Programming Data Processing,Technology
VNME,Vendome Acquisition Corporation I Class A Ordinary Shares,$10.33,0.03,0.291%,26698,0.00,United States,2025,Blank Checks,Finance
VNMEW,Vendome Acquisition Corporation I Warrant,$0.25,0.00,0.00%,9,0.00,United States,2025,Blank Checks,Finance
VNO,Vornado Realty Trust Common Stock,$33.88,-0.01,-0.03%,1338861,6326091590.00,United States,,Real Estate Investment Trusts,Real Estate
VNO^L,Vornado Realty Trust Pfd Ser L %,$16.24,0.08,0.495%,92357,,United States,,,
VNO^M,Vornado Realty Trust 5.25% Series M Cumulative Redeemable Preferred Shares of Beneficial Interest liquidation preference $25.00 per share no par value per share,$16.77,0.54,3.327%,42996,,United States,,,
VNO^N,Vornado Realty Trust 5.25% Series N Cumulative Redeemable Preferred Shares of Beneficial Interest liquidation preference $25.00 per share,$16.42,0.62,3.924%,43399,,United States,,,
VNO^O,Vornado Realty Trust 4.45% Series O Cumulative Redeemable Preferred Shares Liquidation Preference $25.00 Per Share,$13.60,0.25,1.873%,64880,,United States,,,
VNOM,Viper Energy Inc. Class A Common Stock,$39.89,-0.19,-0.474%,2548493,14328284282.00,United States,2014,Oil & Gas Production,Energy
VNRX,VolitionRX Limited Common Stock,$0.258,0.0019,0.742%,1444936,7199058.00,Singapore,2015,Biotechnology: In Vitro & In Vivo Diagnostic Substances,Health Care
VNT,Vontier Corporation Common Stock ,$31.40,-0.17,-0.538%,1466041,4245280000.00,United States,2020,Industrial Machinery/Components,Industrials
VNTG,Vantage Corp Class A Ordinary Shares,$0.6276,-0.0797,-11.268%,490468,19242775.00,Singapore,2025,Integrated Freight & Logistics,Industrials
VOC,VOC Energy Trust Units of Beneficial Interest,$3.41,0.00,0.00%,42860,57970000.00,United States,2011,Oil & Gas Production,Energy
VOD,Vodafone Group Plc American Depositary Shares,$16.15,-0.18,-1.102%,3355388,37375882257.00,United Kingdom,,Telecommunications Equipment,Telecommunications
VOGX,Vogenx Inc Common Stock,$22.79,-1.525,-6.272%,79228,338547433.00,United States,2026,Biotechnology: Pharmaceutical Preparations,Health Care
VOR,Vor Biopharma Inc. Common Stock,$19.08,0.75,4.092%,1069934,1128816570.00,United States,2021,Biotechnology: Biological Products (No Diagnostic Substances),Health Care
VOXR,Vox Royalty Corp. Common Stock,$5.02,-0.03,-0.594%,632085,348866326.00,Canada,,Precious Metals,Basic Materials
VOYA,Voya Financial Inc. Common Stock,$94.48,-0.61,-0.641%,994763,8559543054.00,United States,2013,Life Insurance,Finance
VOYA^B,Voya Financial Inc. Depositary Shares each representing a 1/40th interest in a share of 5.35% Fixed-Rate Reset Non-Cumulative Preferred Stock Series B,$23.02,-0.09,-0.389%,64569,,United States,,,
VOYG,Voyager Technologies Inc. Class A Common Stock,$30.25,-0.49,-1.594%,2761994,1874524680.00,United States,2025,Military/Government/Technical,Industrials
VPG,Vishay Precision Group Inc. Common Stock,$72.74,1.04,1.45%,366666,968928078.00,United States,,Electrical Products,Technology
VPV,Invesco Pennsylvania Value Municipal Income Trust Common Stock (DE),$10.49,0.04,0.383%,64216,249971917.00,United States,,Trusts Except Educational Religious and Charitable,Finance
VRA,Vera Bradley Inc. Common Stock,$4.62,0.35,8.197%,393846,132541628.00,United States,2010,Apparel,Consumer Discretionary
VRAX,Virax Biolabs Group Limited Ordinary Shares,$2.184,-0.046,-2.063%,19484,2937454.00,United Kingdom,2022,Biotechnology: In Vitro & In Vivo Diagnostic Substances,Health Care
VRCA,Verrica Pharmaceuticals Inc. Common Stock,$4.795,0.335,7.511%,51003,82372279.00,United States,2018,Biotechnology: Pharmaceutical Preparations,Health Care
VRDN,Viridian Therapeutics Inc. Common Stock,$20.59,0.595,2.976%,1404866,2332687819.00,United States,2014,Biotechnology: Pharmaceutical Preparations,Health Care
VREX,Varex Imaging Corporation Common Stock,$18.45,-0.02,-0.108%,872057,776745000.00,United States,,Industrial Machinery/Components,Technology
VRM,Vroom Inc. Common Stock,$9.90,0.31,3.233%,5759,51820095.00,United States,,Retail-Auto Dealers and Gas Stations,Consumer Discretionary
VRNS,Varonis Systems Inc. Common Stock,$47.45,0.34,0.722%,1211337,5450130013.00,United States,2014,Computer Software: Prepackaged Software,Technology
VRRM,Verra Mobility Corporation Class A Common Stock,$3.10,0.06,1.974%,7468748,471146692.00,United States,2017,Transportation Services,Consumer Discretionary
VRSK,Verisk Analytics Inc. Common Stock,$167.85,1.91,1.151%,1511596,21846686614.00,United States,2009,EDP Services,Technology
VRSN,VeriSign Inc. Common Stock,$282.01,2.17,0.775%,759405,25465503000.00,United States,1998,EDP Services,Technology
VRT,Vertiv Holdings LLC Class A Common Stock,$241.31,-7.03,-2.831%,4176528,92901496027.00,United States,2018,Industrial Machinery/Components,Technology
VRTS,Virtus Investment Partners Inc. Common Stock,$132.32,1.06,0.808%,127521,876314341.00,United States,,Investment Managers,Finance
VRTX,Vertex Pharmaceuticals Incorporated Common Stock,$522.81,-3.92,-0.744%,1146004,132511905676.00,United States,1991,Biotechnology: Pharmaceutical Preparations,Health Care
VRXA,Veraxa Biotech AG Ordinary Shares,$1.25,-0.06,-4.58%,119596,176759766.00,Switzerland,,Biotechnology: Pharmaceutical Preparations,Health Care
VRXAW,Veraxa Biotech AG Warrants,$0.0601,-0.01,-14.265%,127390,8498610.00,Switzerland,,Biotechnology: Pharmaceutical Preparations,Health Care
VS,Versus Systems Inc. Common Stock,$1.07,0.03,2.885%,2856,6647531.00,Canada,,EDP Services,Technology
VSA,VisionSys AI Inc. American Depositary Shares,$2.21,-0.02,-0.897%,64440,6172389.00,China,2014,Other Consumer Services,Real Estate
VSAT,ViaSat Inc. Common Stock,$70.38,1.29,1.867%,1281011,9695253908.00,United States,1996,Telecommunications Equipment,Consumer Discretionary
VSEC,VSE Corporation Common Stock,$164.70,-6.89,-4.015%,436183,4622300888.00,United States,,Military/Government/Technical,Consumer Discretionary
VSECU,VSE Corporation Tangible Equity Units,$44.13,-1.74,-3.793%,27259,1238507214.00,United States,,,
VSH,Vishay Intertechnology Inc. Common Stock,$32.55,0.09,0.277%,4668084,4992491886.00,United States,,Electrical Products,Technology
VSME,VS Media Holdings Limited Class A Ordinary Shares,$0.9252,0.0012,0.13%,15075,2545025.00,Singapore,2023,Advertising,Consumer Discretionary
VSNT,Versant Media Group Inc. Class A Common Stock ,$31.70,-0.47,-1.461%,1877776,4399716005.00,United States,,Broadcasting,Industrials
VST,Vistra Corp. Common Stock,$138.35,-2.48,-1.761%,8066098,46435129228.00,United States,,Electric Utilities: Central,Utilities
VSTM,Verastem Inc. Common Stock,$8.05,0.13,1.641%,1568564,729035700.00,United States,2012,Biotechnology: Pharmaceutical Preparations,Health Care
VSTS,Vestis Corporation Common Stock,$13.36,-0.10,-0.743%,1164483,1765659003.00,United States,2023,Consumer Specialties,Consumer Discretionary
VSXY,Victorias Secret & Co. Common Stock ,$88.46,-0.77,-0.863%,1548725,7055926890.00,United States,2021,Clothing/Shoe/Accessory Stores,Consumer Discretionary
VTAK,Catheter Precision Inc. Common Stock,$0.15,0.007,4.895%,846124,2845807.00,,2018,Medical/Dental Instruments,Health Care
VTEX,VTEX Class A Common Shares,$3.65,0.06,1.671%,684101,631426198.00,United Kingdom,2021,Computer Software: Prepackaged Software,Technology
VTGN,Vistagen Therapeutics Inc. Common Stock,$0.3078,0.0098,3.289%,2427317,13659213.00,United States,,Biotechnology: Pharmaceutical Preparations,Health Care
VTIX,Virtuix Holdings Inc. Class A Common Stock,$1.23,0.03,2.50%,159564,41784759.00,United States,,Computer peripheral equipment,Technology
VTMX,Corporacion Inmobiliaria Vesta S.A.B de C.V. American Depositary Shares each representing ten (10) Common Shares,$32.18,-0.21,-0.648%,80818,2846277364.00,,2023,Real Estate,Finance
VTN,Invesco Trust for Investment Grade New York Municipals Common Stock,$9.36,0.23,2.519%,95536,182388763.00,United States,,Finance Companies,Finance
VTOL,Bristow Group Inc. Common Stock,$40.72,-0.26,-0.634%,222153,1207022240.00,United States,,Transportation Services,Consumer Discretionary
VTR,Ventas Inc. Common Stock,$85.02,-1.89,-2.175%,2903303,43610699442.00,United States,,Real Estate Investment Trusts,Real Estate
VTRS,Viatris Inc. Common Stock,$17.72,-0.40,-2.208%,11807141,20353030110.00,United States,,Biotechnology: Pharmaceutical Preparations,Health Care
VTS,Vitesse Energy Inc. Common Stock,$16.70,0.00,0.00%,540161,703142094.00,United States,2023,Oil & Gas Production,Energy
VTSI,VirTra Inc. Common Stock,$2.72,0.01,0.369%,17960,30789377.00,United States,,Miscellaneous manufacturing industries,Consumer Discretionary
VTVT,vTv Therapeutics Inc. Class A Common Stock,$30.84,0.84,2.80%,30942,121939140.00,United States,2015,Biotechnology: Pharmaceutical Preparations,Health Care
VUZI,Vuzix Corporation Common Stock,$2.79,0.02,0.722%,904213,235515702.00,United States,,Radio And Television Broadcasting And Communications Equipment,Technology
VVOS,Vivos Therapeutics Inc. Common Stock,$0.1479,-0.0026,-1.728%,2276578,2975456.00,United States,2020,Medical/Dental Instruments,Health Care
VVR,Invesco Senior Income Trust Common Stock (DE),$2.89,0.02,0.697%,545523,0.00,United States,1998,Trusts Except Educational Religious and Charitable,Finance
VVV,Valvoline Inc. Common Stock,$30.14,0.49,1.653%,4100414,3845454639.00,United States,2016,Major Chemicals,Industrials
VVX,V2X Inc. Common Stock,$70.77,-2.03,-2.788%,539619,2218310986.00,United States,2014,Diversified Commercial Services,Consumer Discretionary
VWAV,VisionWave Holdings Inc. Common Stock,$4.42,0.26,6.25%,180557,10492068.00,United States,,Computer Software: Prepackaged Software,Technology
VWAVW,VisionWave Holdings Inc. Warrant,$0.0592,-0.0008,-1.333%,35392,140527.00,United States,,Computer Software: Prepackaged Software,Technology
VYGR,Voyager Therapeutics Inc. Common Stock,$2.68,0.04,1.515%,598798,165136101.00,United States,2015,Biotechnology: Biological Products (No Diagnostic Substances),Health Care
VYX,NCR Voyix Corporation Common Stock,$6.84,0.22,3.323%,4603136,944398102.00,United States,,Office Equipment/Supplies/Services,Miscellaneous
VZ,Verizon Communications Inc. Common Stock,$45.87,-0.11,-0.239%,19963072,190579538516.00,United States,,Telecommunications Equipment,Telecommunications
VZLA,Vizsla Silver Corp. Common Shares,$3.79,-0.05,-1.302%,4103316,1345665545.00,Canada,2024,Precious Metals,Basic Materials
W,Wayfair Inc. Class A Common Stock,$102.56,0.61,0.598%,3068684,14047445259.00,United States,2014,Catalog/Specialty Distribution,Consumer Discretionary
WAB,Westinghouse Air Brake Technologies Corporation Common Stock,$287.18,-4.05,-1.391%,886420,48507818190.00,United States,,Railroads,Industrials
WABC,Westamerica Bancorporation Common Stock,$58.32,-0.05,-0.086%,247050,1347842443.00,United States,,Major Banks,Finance
WAFD,WaFd Inc. Common Stock,$29.93,-0.36,-1.189%,1109889,2214677473.00,United States,,Major Banks,Finance
WAFDP,WaFd Inc. Depositary Shares,$16.00,0.3447,2.202%,65096,1183923808.00,United States,,Major Banks,Finance
WAFU,Wah Fu Education Group Limited Ordinary Shares,$1.47,0.04,2.797%,35862,6483522.00,China,2019,Other Consumer Services,Real Estate
WAL,Western Alliance Bancorporation Common Stock (DE),$75.10,-0.66,-0.871%,1069331,8193474886.00,United States,2005,Major Banks,Finance
WAL^A,Western Alliance Bancorporation Depositary Shares Each Representing a 1/400th Interest in a Share of 4.250% Fixed-Rate Non-Cumulative Perpetual Preferred Stock Series A,$24.76,-0.06,-0.242%,638252,,United States,,,
WALD,Waldencast plc Class A Ordinary Share,$0.8595,-0.0682,-7.352%,289933,110532485.00,United States,2021,Package Goods/Cosmetics,Consumer Discretionary
WALDW,Waldencast plc Warrant ,$0.0057,0.0001,1.786%,429906,733025.00,United States,2021,Package Goods/Cosmetics,Consumer Discretionary
WASH,Washington Trust Bancorp Inc. Common Stock,$37.99,0.05,0.132%,116915,724633455.00,United States,,Major Banks,Finance
WAT,Waters Corporation Common Stock,$439.39,-3.87,-0.873%,666026,43169237492.00,United States,1995,Biotechnology: Laboratory Analytical Instruments,Industrials
WATR,Air Water Ventures Limited Ordinary Shares,$1.70,0.13,8.28%,49620,53787072.00,United Arab Emirates,,Beverages (Production/Distribution),Consumer Staples
WATT,Energous Corporation Common Stock,$13.14,-0.03,-0.228%,118003,72625713.00,United States,2014,Radio And Television Broadcasting And Communications Equipment,Technology
WAVE,Eco Wave Power Global AB (publ) American Depositary Shares,$6.00,0.12,2.041%,2662,37437984.00,Israel,2021,Electric Utilities: Central,Utilities
WAY,Waystar Holding Corp. Common Stock,$25.34,0.27,1.077%,2024335,4858904861.00,United States,2024,EDP Services,Technology
WB,Weibo Corporation American Depositary Share,$6.46,0.04,0.623%,777428,1587044815.00,China,2014,Computer Software: Programming Data Processing,Technology
WBD,Warner Bros. Discovery Inc. Series A Common Stock ,$30.95,0.10,0.324%,95725003,77706267568.00,United States,,Cable & Other Pay Television Services,Telecommunications
WBI,WaterBridge Infrastructure LLC Class A Shares Representing Limited Liability Company Interests,$28.12,-0.34,-1.195%,704903,3471588597.00,,2025,Oilfield Services/Equipment,Energy
WBTN,WEBTOON Entertainment Inc. Common stock,$10.79,-0.18,-1.641%,253089,1464322445.00,United States,2024,Publishing,Consumer Discretionary
WBUY,WEBUY GLOBAL LTD. Class A Ordinary Shares,$0.8569,-0.0831,-8.84%,349768,4696758.00,Singapore,2023,Other Specialty Stores,Consumer Discretionary
WBX,Wallbox N.V. Class A Ordinary Shares,$2.77,0.01,0.362%,23308,66178344.00,Spain,,Industrial Specialties,Consumer Discretionary
WCC,WESCO International Inc. Common Stock,$359.59,-5.47,-1.498%,430797,17523846970.00,United States,1999,Telecommunications Equipment,Consumer Discretionary
WCCB,West Coast Community Bancorp Common Stock,$60.40,0.06,0.099%,26608,635654613.00,United States,,Major Banks,Finance
WCN,Waste Connections Inc. Common Shares,$153.93,-1.63,-1.048%,1503757,39286788560.00,Canada,,Environmental Services,Utilities
WCT,Wellchange Holdings Company Limited Class A Ordinary shares,$8.09,0.03,0.372%,846520,86895224.00,Hong Kong,2024,Computer Software: Prepackaged Software,Technology
WD,Walker & Dunlop Inc Common Stock,$35.11,-1.19,-3.278%,594133,1205176907.00,United States,2010,Finance: Consumer Services,Finance
WDAY,Workday Inc. Class A Common Stock,$190.46,1.29,0.682%,2109943,45900860000.00,United States,,EDP Services,Technology
WDC,Western Digital Corporation Common Stock,$454.46,0.98,0.216%,6960224,163851437410.00,United States,,Electronic Components,Technology
WDFC,WD-40 Company Common Stock,$201.97,-1.02,-0.502%,94769,2710658759.00,United States,1973,Major Chemicals,Industrials
WDH,Waterdrop Inc. American Depositary Shares (each representing the right to receive 10 Class A Ordinary Shares),$1.02,-0.01,-0.971%,534178,366487992.00,Cayman Islands,2021,Specialty Insurers,Finance
WDI,Western Asset Diversified Income Fund Common Shares of Beneficial Interest,$11.82,0.02,0.169%,293682,0.00,United States,2021,Trusts Except Educational Religious and Charitable,Finance
WDS,Woodside Energy Group Limited American Depositary Shares each representing one Ordinary Share,$22.17,0.47,2.166%,526000,42147390170.00,Australia,2022,Oil & Gas Production,Energy
WEA,Western Asset Bond Fund Share of Beneficial Interest,$9.96,0.02,0.201%,32838,0.00,United States,2002,Trusts Except Educational Religious and Charitable,Finance
WEAV,Weave Communications Inc. Common Stock,$7.38,0.02,0.272%,980389,590393498.00,United States,2021,Computer Software: Prepackaged Software,Technology
WEC,WEC Energy Group Inc. Common Stock,$100.78,-1.80,-1.755%,3366481,32839100819.00,United States,,Power Generation,Utilities
WELL,Welltower Inc. Common Stock,$230.24,-2.66,-1.142%,2995878,165944317518.00,United States,,Real Estate Investment Trusts,Real Estate
WEN,Wendy's Company (The) Common Stock,$6.38,-0.16,-2.446%,5550359,1216474153.00,United States,,Restaurants,Consumer Discretionary
WENC,West Enclave Merger Corp. Ordinary Shares,$10.01,0.01,0.10%,1519,0.00,,2026,Blank Checks,Finance
WENN,Wen Acquisition Corp Class A Ordinary Shares,$10.42,0.01,0.096%,101687,0.00,United States,2025,,
WENNW,Wen Acquisition Corp Warrant,$0.24,0.00,0.00%,5003,0.00,United States,2025,Blank Checks,Finance
WERN,Werner Enterprises Inc. Common Stock,$33.98,-0.07,-0.206%,797566,2038023761.00,United States,1986,Trucking Freight/Courier Services,Industrials
WES,Western Midstream Partners LP Common Units Representing Limited Partner Interests,$44.37,-0.57,-1.268%,862422,18332556691.00,United States,2012,Natural Gas Distribution,Utilities
WEST,Westrock Coffee Company Common Stock,$8.04,-0.08,-0.985%,439843,784924191.00,United States,,Beverages (Production/Distribution),Consumer Staples
WETH,Wetouch Technology Inc. Common Stock,$0.9904,-0.0296,-2.902%,70694,13253071.00,China,,Computer peripheral equipment,Technology
WETO,Wetour Robotics Limited Ordinary Shares,$1.01,-0.09,-8.182%,12756108,1088579.00,China,2025,Other Transportation,Industrials
WEX,WEX Inc. common stock,$168.70,-2.76,-1.61%,754795,5749567776.00,United States,,Business Services,Consumer Discretionary
WEYS,Weyco Group Inc. Common Stock,$48.41,-0.06,-0.124%,52338,462363087.00,United States,,Apparel,Consumer Staples
WF,Woori Financial Group Inc. American Depositary Shares (each representing three (3) shares of Common Stock),$75.54,-4.14,-5.196%,129477,18407558193.00,South Korea,,Commercial Banks,Finance
WFC,Wells Fargo & Company Common Stock,$80.05,-0.43,-0.534%,17824882,242071146847.00,United States,,Major Banks,Finance
WFC^A,Wells Fargo & Company Depositary Shares each representing a 1/1000th interest in a share of Non-Cumulative Perpetual Class A Preferred Stock Series AA,$16.95,0.21,1.254%,343415,,United States,,,
WFC^C,Wells Fargo & Company Depositary Shares each representing a 1/1000th interest in a share of Non-Cumulative Perpetual Class A Preferred Stock Series CC,$15.71,0.19,1.224%,314844,,United States,,,
WFC^D,Wells Fargo & Company Depositary Shares each representing a 1/1000th interest in  a share of Non-Cumulative Perpetual Class A Preferred Stock Series DD,$15.27,0.09,0.593%,396086,,United States,,,
WFC^L,Wells Fargo & Company 7.50% Non-Cumulative Perpetual Convertible Class A Preferred Stock Series L,$1078.99,14.66,1.377%,24233,,United States,,,
WFC^Y,Wells Fargo & Company Depositary Shares each representing a 1/1000th interest in a share of Non-Cumulative Perpetual Class A Preferred Stock Series Y,$20.12,0.08,0.399%,177791,,United States,,,
WFC^Z,Wells Fargo & Company Depositary Shares each representing a 1/1000th interest in a share of Non-Cumulative Perpetual Class A Preferred Stock Series Z,$16.88,0.07,0.416%,564487,,United States,,,
WFCF,Where Food Comes From Inc. Common Stock,$11.05,0.15,1.376%,1368,55025276.00,United States,,Computer Software: Prepackaged Software,Technology
WFF,WF Holding Limited Ordinary Shares,$2.49,0.14,5.957%,243914,104380636.00,Malaysia,2025,Miscellaneous manufacturing industries,Consumer Discretionary
WFG,West Fraser Timber Co. Ltd Common stock,$69.38,-1.41,-1.992%,202351,5432719170.00,Canada,2021,Forest Products,Basic Materials
WFRD,Weatherford International plc Ordinary Shares,$78.68,-1.73,-2.151%,973004,5626572343.00,United States,,Oil and Gas Field Machinery,Consumer Discretionary
WGO,Winnebago Industries Inc. Common Stock,$26.37,-0.29,-1.088%,515144,745450708.00,United States,,Homebuilding,Industrials
WGS,GeneDx Holdings Corp. Class A Common Stock,$72.30,-3.49,-4.605%,905278,2156169714.00,United States,2020,Medical/Nursing Services,Health Care
WH,Wyndham Hotels & Resorts Inc. Common Stock ,$71.84,-0.60,-0.828%,929196,5331327004.00,United States,2018,Hotels/Resorts,Consumer Discretionary
WHD,Cactus Inc. Class A Common Stock,$62.22,-1.50,-2.354%,770106,4988763326.00,United States,2018,Oil and Gas Field Machinery,Consumer Discretionary
WHF,WhiteHorse Finance Inc. Common Stock,$6.99,-0.06,-0.851%,45890,150120532.00,United States,,Finance Companies,Finance
WHFCL,WhiteHorse Finance Inc. 7.875% Notes due 2028,$25.07,0.01,0.04%,2210,582704216.00,United States,,,
WHG,Westwood Holdings Group Inc Common Stock,$18.63,-0.37,-1.947%,13401,177788922.00,United States,,Investment Managers,Finance
WHK,WhiteHawk Minerals Corp Class A Common Stock,$24.48,-0.41,-1.647%,382729,674312616.00,,2026,Oil & Gas Production,Energy
WHLR,Wheeler Real Estate Investment Trust Inc. Common Stock,$3.25,-0.09,-2.695%,351441,1846686.00,United States,2012,Real Estate Investment Trusts,Real Estate
WHLRD,Wheeler Real Estate Investment Trust Inc. Series D Cumulative Preferred Stock,$36.25,0.00,0.00%,3,20597649.00,United States,,Real Estate Investment Trusts,Real Estate
WHLRL,Wheeler Real Estate Investment Trust Inc. 7.00% Senior Subordinated Convertible Notes Due 2031,$85.00,5.00,6.25%,33455,48297935.00,United States,,Real Estate Investment Trusts,Real Estate
WHLRP,Wheeler Real Estate Investment Trust Inc. Class B Preferred Stock,$8.93,-0.03,-0.335%,4636,5074124.00,United States,,Real Estate Investment Trusts,Real Estate
WHR,Whirlpool Corporation Common Stock,$30.68,0.01,0.033%,2977926,2000316917.00,United States,,Consumer Electronics/Appliances,Consumer Discretionary
WHR^A,Whirlpool Corporation Depositary Shares each representing a 1/20th interest in a share of 8.50% Series A Mandatory Convertible Preferred Stock,$28.35,0.14,0.496%,55030,,United States,,,
WHWK,Whitehawk Therapeutics Inc. Common Stock,$3.76,0.03,0.804%,265608,214353878.00,United States,,Biotechnology: Pharmaceutical Preparations,Health Care
WIA,Western Asset Inflation-Linked Income Fund,$7.61,0.01,0.132%,21935,0.00,United States,2003,Trusts Except Educational Religious and Charitable,Finance
WIMI,WiMi Hologram Cloud Inc. Class B Ordinary Shares,$0.7422,0.015,2.063%,157247,13645387.00,China,2020,Computer Software: Prepackaged Software,Technology
WINA,Winmark Corporation Common Stock,$300.19,-5.75,-1.879%,110574,1078333212.00,United States,,Other Specialty Stores,Consumer Discretionary
WING,Wingstop Inc. Common Stock,$105.37,-3.25,-2.992%,1606217,2870547072.00,United States,2015,Restaurants,Consumer Discretionary
WIT,Wipro Limited Common Stock,$1.65,0.04,2.484%,6396450,16340857165.00,India,,EDP Services,Technology
WIW,Western Asset Inflation-Linked Opportunities & Income Fund,$7.87,-0.05,-0.631%,249262,0.00,United States,2004,Finance Companies,Finance
WIX,Wix.com Ltd. Ordinary Shares,$72.13,1.23,1.735%,629053,3018605228.00,Israel,2013,Computer Software: Programming Data Processing,Technology
WK,Workiva Inc. Class A Common Stock,$66.57,1.42,2.18%,1727341,3622505606.00,United States,2014,Computer Software: Prepackaged Software,Technology
WKC,World Kinect Corporation Common Stock,$35.16,-0.68,-1.897%,965953,1798490959.00,United States,,Oil Refining/Marketing,Energy
WKEY,WISeKey International Holding Ltd American Depositary Shares,$5.86,-0.21,-3.46%,17453,66677037.00,Switzerland,,EDP Services,Technology
WKHS,Workhorse Group Inc. Common Stock,$2.93,0.03,1.034%,77704,32020754.00,United States,,Auto Manufacturing,Industrials
WKSP,Worksport Ltd. Common Stock,$0.4625,0.0119,2.641%,567909,7075479.00,Canada,,Auto Parts:O.E.M.,Consumer Discretionary
WLCO,Wilco 63 Corporation Class A Ordinary Shares,$9.85,0.02,0.203%,368,0.00,Cayman Islands,2026,Blank Checks,Finance
WLCOU,Wilco 63 Corporation Units,$9.99,0.00,0.00%,4,0.00,Cayman Islands,2026,Blank Checks,Finance
WLDN,Willdan Group Inc. Common Stock,$73.88,-1.84,-2.43%,171170,1125346883.00,United States,2006,Military/Government/Technical,Consumer Discretionary
WLDS,Wearable Devices Ltd. Ordinary Share,$1.48,-0.01,-0.671%,56051,3640417.00,Israel,2022,Computer Communications Equipment,Telecommunications
WLFC,Willis Lease Finance Corporation Common Stock,$49.91,-0.83,-1.636%,182875,1055302580.00,United States,1996,Industrial Specialties,Consumer Discretionary
WLII,Willow Lane Acquisition Corp. II Class A Ordinary Shares,$10.29,0.04,0.39%,113,0.00,United States,2026,Blank Checks,Finance
WLIIW,Willow Lane Acquisition Corp. II Warrants,$0.7318,-0.0182,-2.427%,266,0.00,United States,2026,Blank Checks,Finance
WLK,Westlake Corporation Common Stock,$62.31,-1.08,-1.704%,1283459,7963002906.00,United States,2004,Major Chemicals,Industrials
WLKP,Westlake Chemical Partners LP Common Units representing limited partner interests,$21.20,-0.23,-1.073%,23667,747212635.00,United States,2014,Major Chemicals,Industrials
WLTH,Wealthfront Corporation Common Stock,$10.38,0.28,2.772%,2849806,1621111447.00,United States,2025,Finance: Consumer Services,Finance
WLY,John Wiley & Sons Inc. Common Stock,$47.76,0.02,0.042%,445501,2424469058.00,United States,,Books,Consumer Discretionary
WLYB,John Wiley & Sons Inc. Common Stock,$48.93,1.33,2.794%,902,2483862459.00,United States,,Books,Consumer Discretionary
WM,Waste Management Inc. Common Stock,$203.92,-3.17,-1.531%,2339460,81509920321.00,United States,,Environmental Services,Utilities
WMB,Williams Companies Inc. (The) Common Stock,$67.97,-0.66,-0.962%,9586309,83138693072.00,United States,,Natural Gas Distribution,Utilities
WMG,Warner Music Group Corp. Class A Common Stock,$27.61,-0.01,-0.036%,2204550,14443060722.00,United States,2020,Services-Misc. Amusement & Recreation,Consumer Discretionary
WMK,Weis Markets Inc. Common Stock,$72.98,0.12,0.165%,278576,1805860689.00,United States,,Food Chains,Consumer Staples
WMS,Advanced Drainage Systems Inc. Common Stock,$126.71,-1.78,-1.385%,518689,9554610885.00,United States,2014,Containers/Packaging,Consumer Discretionary
WMT,Walmart Inc. Common Stock,$103.92,-2.88,-2.697%,28152474,824474909365.00,United States,,Department/Specialty Retail Stores,Consumer Discretionary
WNC,Wabash National Corporation Common Stock,$12.33,-0.35,-2.76%,862409,502289343.00,United States,1991,Construction/Ag Equipment/Trucks,Industrials
WNEB,Western New England Bancorp Inc. Common Stock,$13.69,-0.14,-1.012%,51741,274427988.00,United States,,Savings Institutions,Finance
WNW,Meiwu Technology Company Limited Ordinary Shares,$2.37,0.00,0.00%,13458,62403216.00,China,2020,Package Goods/Cosmetics,Consumer Discretionary
WOK,WORK Medical Technology Group LTD Class A Ordinary Shares,$1.77,-0.04,-2.21%,40614,7907613.00,China,2024,Medical/Dental Instruments,Health Care
WOLF,Wolfspeed Inc. Common Stock New,$28.13,0.00,0.00%,4111230,1488936906.00,United States,2025,Semiconductors,Technology
WOOF,Petco Health and Wellness Company Inc. Class A Common Stock,$2.27,-0.01,-0.439%,2004576,650171940.00,United States,2021,Other Specialty Stores,Consumer Discretionary
WOR,Worthington Enterprises Inc. Common Shares,$59.54,-0.40,-0.667%,601661,2913100719.00,United States,,Steel/Iron Ore,Industrials
WPAC,White Pearl Acquisition Corp. Class A Ordinary Shares,$10.061,0.00,0.00%,13,0.00,,2026,Blank Checks,Finance
WPC,W. P. Carey Inc. REIT,$64.63,-1.35,-2.046%,1948975,14723804890.00,United States,,Real Estate Investment Trusts,Real Estate
WPM,Wheaton Precious Metals Corp Common Shares (Canada),$133.72,-1.67,-1.233%,2297311,60730270921.00,Canada,,Precious Metals,Basic Materials
WPP,WPP plc American Depositary Shares,$24.72,-0.54,-2.138%,228048,5333598868.00,Ireland,,Advertising,Consumer Discretionary
WPRT,Westport Fuel Systems Inc Common Shares,$1.96,-0.015,-0.759%,68521,37231639.00,Canada,2008,Industrial Machinery/Components,Industrials
WRAP,Wrap Technologies Inc. Common Stock,$1.43,0.05,3.623%,408778,92344498.00,United States,,Ordnance And Accessories,Industrials
WRB,W.R. Berkley Corporation Common Stock,$67.54,-0.68,-0.997%,2323189,25072707309.00,United States,,Property-Casualty Insurers,Finance
WRB^E,W.R. Berkley Corporation 5.70% Subordinated Debentures due 2058,$19.86,-0.24,-1.194%,18403,,United States,,,
WRB^F,W.R. Berkley Corporation 5.10% Subordinated Debentures due 2059,$17.58,-0.53,-2.927%,391665,,United States,,,
WRB^G,W.R. Berkley Corporation 4.25% Subordinated Debentures due 2060,$15.80,0.25,1.608%,46360,,United States,,,
WRB^H,W.R. Berkley Corporation 4.125% Subordinated Debentures due 2061,$14.54,-0.36,-2.416%,259379,,United States,,,
WRBY,Warby Parker Inc. Class A Common Stock,$27.78,0.31,1.129%,4100612,3433831740.00,United States,2021,Ophthalmic Goods,Health Care
WRD,WeRide Inc. American Depositary Shares,$5.31,0.05,0.951%,2347533,1780211882.00,China,2024,EDP Services,Technology
WRLD,World Acceptance Corporation Common Stock,$170.78,-1.73,-1.003%,89022,796377880.00,United States,1991,Finance: Consumer Services,Finance
WRN,Western Copper and Gold Corporation Common Stock,$2.21,-0.01,-0.45%,1120934,499847691.00,Canada,2011,Metal Mining,Basic Materials
WS,Worthington Steel Inc. Common Shares,$35.23,-0.41,-1.15%,385444,1794849387.00,United States,2023,Steel/Iron Ore,Industrials
WSBC,WesBanco Inc. Common Stock,$37.42,-0.31,-0.822%,991686,3588798366.00,United States,,Major Banks,Finance
WSBCO,WesBanco Inc. Depositary Shares each representing 1/40th interest in a share of 7.375% Fixed-Rate Reset Non-Cumulative Perpetual Preferred Stock Series B,$24.84,-0.19,-0.759%,46428,2382302283.00,United States,,Major Banks,Finance
WSBF,Waterstone Financial Inc. Common Stock (MD),$19.66,-0.32,-1.602%,77923,353428370.00,United States,2005,Savings Institutions,Finance
WSBK,Winchester Bancorp Inc. Common Stock,$12.91,-0.06,-0.463%,6542,120003304.00,United States,2025,Banks,Finance
WSC,WillScot Holdings Corporation Class A Common Stock,$17.18,-0.27,-1.547%,2391860,3112860658.00,United States,2015,Misc Corporate Leasing Services,Industrials
WSE,Wise Group plc Class A Ordinary Shares,$11.39,0.01,0.088%,1369342,14004042712.00,United Kingdom,,Diversified Commercial Services,Industrials
WSFS,WSFS Financial Corporation Common Stock,$75.57,-0.27,-0.356%,308972,3860917020.00,United States,,Major Banks,Finance
WSHP,WeShop Holdings Limited Class A Ordinary Shares,$5.52,-0.47,-7.846%,162544,133678574.00,Jersey,,Other Specialty Stores,Consumer Discretionary
WSM,Williams-Sonoma Inc. Common Stock (DE),$227.94,-2.02,-0.878%,1206896,26846584694.00,United States,,Home Furnishings,Consumer Discretionary
WSO,Watsco Inc. Common Stock,$302.69,1.89,0.628%,447662,12486626602.00,United States,,Industrial Machinery/Components,Consumer Discretionary
WSO/B,Watsco Inc.,$310.90,0.00,0.00%,21,,United States,,,
WST,West Pharmaceutical Services Inc. Common Stock,$370.76,-5.87,-1.559%,471533,26092517519.00,United States,,Medical/Dental Instruments,Health Care
WSTN,Westin Acquisition Corp Class A Ordinary Share,$10.15,0.00,0.00%,107,81758250.00,Singapore,2025,EDP Services,Technology
WT,WisdomTree Inc. Common Stock,$24.29,0.02,0.082%,2474222,3680229176.00,United States,2022,Investment Bankers/Brokers/Service,Finance
WTBA,West Bancorporation Common Stock,$28.51,-0.07,-0.245%,59198,485917113.00,United States,,Major Banks,Finance
WTF,Waton Financial Limited Ordinary Shares,$2.4009,-0.1891,-7.301%,1740,115813347.00,Hong Kong,2025,Investment Bankers/Brokers/Service,Finance
WTFC,Wintrust Financial Corporation Common Stock,$141.82,-1.67,-1.164%,393353,9568023440.00,United States,,Major Banks,Finance
WTFCN,Wintrust Financial Corporation Depositary Shares Each Representing a 1/1000th Interest in a Share of 7.875% Fixed-Rate Reset Non-Cumulative Perpetual Preferred StocK,$25.90,-0.10,-0.385%,322768,1747368545.00,United States,,Major Banks,Finance
WTG,Wintergreen Acquisition Corp. Ordinary Shares,$10.6439,0.0139,0.131%,2883,0.00,China,2025,Blank Checks,Finance
WTGUU,Wintergreen Acquisition Corp. Unit,$10.96,0.1838,1.706%,3428,0.00,China,2025,,
WTI,W&T Offshore Inc. Common Stock,$3.57,0.08,2.292%,3419779,538866339.00,United States,2005,Oil & Gas Production,Energy
WTM,White Mountains Insurance Group Ltd. Common Stock,$2006.49,-15.02,-0.743%,15761,4788931819.00,United States,,Property-Casualty Insurers,Finance
WTRG,Essential Utilities Inc. Common Stock,$39.19,-0.04,-0.102%,2521877,11121283530.00,United States,,Water Supply,Utilities
WTS,Watts Water Technologies Inc. Class A Common Stock,$354.18,-3.51,-0.981%,170479,11823608649.00,United States,1986,Metal Fabrications,Industrials
WTTR,Select Water Solutions Inc. Class A common stock,$19.79,0.45,2.327%,1332459,2740535685.00,United States,2017,Oilfield Services/Equipment,Energy
WTW,Willis Towers Watson Public Limited Company Ordinary Shares,$288.23,0.62,0.216%,670380,26768478402.00,United Kingdom,,Specialty Insurers,Finance
WU,Western Union Company (The) Common Stock,$5.90,-0.07,-1.173%,9611048,1840085988.00,United States,,Business Services,Consumer Discretionary
WULF,TeraWulf Inc. Common Stock,$14.80,-0.29,-1.922%,23749130,7384736420.00,United States,,Finance: Consumer Services,Finance
WVE,Wave Life Sciences Inc. Common Stock,$3.70,0.06,1.648%,4209311,729078248.00,Singapore,2015,Biotechnology: Pharmaceutical Preparations,Health Care
WVVI,Willamette Valley Vineyards Inc. Common Stock,$1.75,-0.03,-1.685%,9197,8714176.00,United States,,Beverages (Production/Distribution),Consumer Staples
WVVIP,Willamette Valley Vineyards Inc. Series A Redeemable Preferred Stock,$2.94,-0.155,-5.008%,10493,14639815.00,United States,,Beverages (Production/Distribution),Consumer Staples
WW,WW International Inc.  Common Stock,$15.46,-1.64,-9.591%,274181,154580830.00,United States,,Other Consumer Services,Consumer Discretionary
WWD,Woodward Inc. Common Stock,$328.59,-1.19,-0.361%,810753,19401865994.00,United States,,Industrial Machinery/Components,Energy
WWR,Westwater Resources Inc. Common Stock,$0.52,0.0044,0.853%,429397,66853713.00,United States,,Metal Mining,Basic Materials
WWW,Wolverine World Wide Inc. Common Stock,$19.11,-0.13,-0.676%,679266,1568287738.00,United States,,Shoe Manufacturing,Consumer Discretionary
WXM,WF International Limited Ordinary Shares,$3.79,0.135,3.694%,10316,11815655.00,China,2025,Engineering & Construction,Consumer Discretionary
WY,Weyerhaeuser Company Common Stock,$19.05,-0.50,-2.558%,11009406,13730020800.00,United States,,Real Estate Investment Trusts,Real Estate
WYFI,WhiteFiber Inc. Ordinary Shares,$18.01,-0.52,-2.806%,1197576,699654605.00,United States,2025,Finance: Consumer Services,Finance
WYHG,Wing Yip Food Holdings Group Limited American Depositary Shares,$3.72,-0.09,-2.362%,26174,132367763.00,China,2024,Specialty Foods,Consumer Staples
WYNN,Wynn Resorts Limited Common stock,$79.43,1.20,1.534%,3318868,8179216162.00,United States,2002,Hotels/Resorts,Consumer Discretionary
WYY,WidePoint Corporation Common Stock,$7.88,0.53,7.211%,424678,78786249.00,United States,,EDP Services,Technology
XAIR,Beyond Air Inc. Common Stock,$2.76,-0.07,-2.473%,38887,2643062.00,United States,,Medical/Dental Instruments,Health Care
XBIO,Xenetic Biosciences Inc. Common Stock,$2.32,0.06,2.655%,33487,5436180.00,United States,,Biotechnology: Pharmaceutical Preparations,Health Care
XBIT,XBiotech Inc. Common Stock,$2.19,0.01,0.459%,62854,66768131.00,United States,2015,Biotechnology: Pharmaceutical Preparations,Health Care
XBP,XBP Global Holdings Inc. Common Stock,$3.22,0.05,1.577%,5129,45584200.00,United States,2021,EDP Services,Technology
XBPEW,XBP Europe Holdings Inc. Warrant,$0.052,0.00,0.00%,445,736142.00,United States,2021,EDP Services,Technology
XCBE,X3 Acquisition Corp. Ltd. Class A Ordinary Shares,$10.025,0.00,0.00%,30,0.00,United States,2026,,
XCH,XCHG Limited American Depositary Share,$3.21,-0.10,-3.021%,4424,14208853.00,Germany,2024,Industrial Machinery/Components,Miscellaneous
XCUR,Exicure Inc. Common Stock,$1.1899,0.0499,4.377%,19905,7789079.00,United States,,Biotechnology: Pharmaceutical Preparations,Health Care
XE,X-Energy Inc. Class A Common Stock,$14.18,-0.11,-0.77%,3917378,5762271411.00,United States,2026,Metal Fabrications,Industrials
XEL,Xcel Energy Inc. Common Stock,$70.48,-0.21,-0.297%,5394421,44024225887.00,United States,,Power Generation,Utilities
XELB,Xcel Brands Inc. Common Stock,$0.70,-0.0128,-1.796%,15672,4592192.00,United States,,Multi-Sector Companies,Miscellaneous
XELLL,Xcel Energy Inc. 6.25% Junior Subordinated Notes Series due 2085,$20.79,-0.17,-0.811%,544740,0.00,United States,,Power Generation,Utilities
XENE,Xenon Pharmaceuticals Inc. Common Shares,$37.19,-0.06,-0.161%,2466635,3601495666.00,Canada,2014,Biotechnology: Pharmaceutical Preparations,Health Care
XERS,Xeris Biopharma Holdings Inc. Common Stock,$9.56,-0.42,-4.208%,3753481,1742982125.00,United States,2018,Biotechnology: Pharmaceutical Preparations,Health Care
XFLH,XFLH Capital Corporation Ordinary Shares,$10.05,-0.01,-0.099%,6033,0.00,,2026,Blank Checks,Finance
XFLT,XAI Floating Rate & Alternative Income Trust Common Shares of Beneficial Interest,$19.22,0.07,0.366%,46695,681705185.00,United States,2017,Investment Managers,Finance
XFOR,X4 Pharmaceuticals Inc. Common Stock,$2.90,0.00,0.00%,1764654,287525555.00,United States,2017,Biotechnology: Biological Products (No Diagnostic Substances),Health Care
XGN,Exagen Inc. Common Stock,$8.13,-0.17,-2.048%,214232,196952006.00,United States,2019,Medical Specialities,Health Care
XHG,XChange TEC.INC American Depositary Shares ,$1.91,-0.06,-3.046%,1957,98456539.00,China,2019,Specialty Insurers,Finance
XHLD,TEN Holdings Inc. Common Stock,$0.6482,-0.095,-12.783%,3741939,7765399.00,United States,2025,Business Services,Consumer Discretionary
XHR,Xenia Hotels & Resorts Inc. Common Stock,$18.06,-0.27,-1.473%,921273,1665959780.00,United States,2015,Hotels/Resorts,Consumer Discretionary
XIFR,XPLR Infrastructure LP Common Units representing limited partner interests,$10.47,0.03,0.287%,655872,987036164.00,United States,2014,Electric Utilities: Central,Utilities
XIII,Churchill Capital Corp XIII Class A Ordinary Shares,$10.26,-0.04,-0.388%,714,0.00,United States,2026,,
XIIIU,Churchill Capital Corp XIII Units,$10.555,0.0051,0.048%,910,0.00,United States,2026,,
XIIIW,Churchill Capital Corp XIII Warrants,$1.65,0.08,5.096%,774,0.00,United States,2026,,
XLAB,Exascale Labs Holdings Inc. Class A Common Stock,$1.85,-0.22,-10.628%,80240,119019360.00,United States,,Computer Software: Prepackaged Software,Technology
XLABW,Exascale Labs Holdings Inc. Warrant,$0.16,0.005,3.226%,5652,10293566.00,United States,,Computer Software: Prepackaged Software,Technology
XLO,Xilio Therapeutics Inc. Common Stock,$9.05,0.1122,1.255%,5380,59550348.00,United States,2021,Biotechnology: Pharmaceutical Preparations,Health Care
XMAX,XMAX Inc. Common Stock,$8.63,-0.02,-0.231%,703948,559876652.00,United States,,Home Furnishings,Consumer Discretionary
XMTR,Xometry Inc. Class A Common Stock,$102.85,-1.38,-1.324%,699649,5895729483.00,United States,2021,Business Services,Consumer Discretionary
XNCR,Xencor Inc. Common Stock,$24.95,-0.05,-0.20%,1542025,1855117255.00,United States,2013,Biotechnology: Pharmaceutical Preparations,Health Care
XNDU,Xanadu Quantum Technologies Limited Class B Subordinate Voting Shares,$4.58,-0.19,-3.983%,6365448,1393346030.00,Canada,,Computer Manufacturing,Technology
XNET,Xunlei Limited American Depositary Shares,$4.83,0.04,0.835%,177937,1537238888.00,China,2014,Computer Software: Prepackaged Software,Technology
XOM,ExxonMobil Holdings Corporation Common Stock,$162.75,1.40,0.868%,13100436,669213671490.00,United States,,Integrated oil Companies,Energy
XOS,Xos Inc. Common Stock,$3.18,0.37,13.167%,338125,45212769.00,United States,2020,Auto Parts:O.E.M.,Consumer Discretionary
XP,XP Inc. Class A Common Stock,$20.995,0.725,3.577%,10424493,10881959159.00,Brazil,2019,Investment Bankers/Brokers/Service,Finance
XPEL,XPEL Inc. Common Stock,$44.17,-0.01,-0.023%,168035,1217799939.00,United States,,Industrial Specialties,Industrials
XPER,Xperi Inc. Common Stock ,$5.51,-0.02,-0.362%,441153,268732739.00,United States,2022,Computer Software: Prepackaged Software,Technology
XPEV,XPeng Inc. American depositary shares each representing two Class A ordinary shares,$9.56,0.09,0.95%,6243299,9159150825.00,China,2020,Auto Manufacturing,Industrials
XPL,Solitario Resources Corp. Common Stock,$0.576,-0.0001,-0.017%,54733,54538251.00,United States,,Precious Metals,Basic Materials
XPO,XPO Inc. Common Stock,$175.98,-1.39,-0.784%,849256,20604876111.00,United States,,Transportation Services,Consumer Discretionary
XPOF,Xponential Fitness Inc. Class A Common Stock,$4.50,0.10,2.273%,1385730,221958000.00,United States,2021,Services-Misc. Amusement & Recreation,Consumer Discretionary
XPON,Expion Energy Inc. Common Stock,$4.47,-0.08,-1.758%,12790,4525866.00,United States,2022,Industrial Machinery/Components,Miscellaneous
XPRO,Expro Ltd Ordinary Shares,$15.77,-0.20,-1.252%,923056,1788243613.00,Cayman Islands,,Oilfield Services/Equipment,Energy
XRAY,DENTSPLY SIRONA Inc. Common Stock,$8.86,-0.12,-1.336%,6547767,1766275341.00,United States,1987,Medical/Dental Instruments,Health Care
XRN,Chiron Real Estate Inc. Common Stock,$34.76,-0.55,-1.558%,96602,460146971.00,United States,2016,Real Estate Investment Trusts,Real Estate
XRN^A,Chiron Real Estate Inc. Series A Cumulative Redeemable Preferred Stock,$25.24,0.51,2.062%,9568,,United States,,,
XRN^B,Chiron Real Estate Inc. 8.00% Series B Cumulative Redeemable Preferred Stock $0.001 par value per share,$25.40,-0.04,-0.157%,413,,United States,,,
XRPN,Armada Acquisition Corp. II Class A Ordinary Shares,$16.40,3.50,27.132%,2733408,0.00,United States,2025,Blank Checks,Finance
XRPNU,Armada Acquisition Corp. II Units,$16.16,3.53,27.949%,3427,0.00,United States,2025,Blank Checks,Finance
XRPNW,Armada Acquisition Corp. II Warrant,$1.59,0.21,15.217%,827322,0.00,United States,2025,Blank Checks,Finance
XRTX,XORTX Therapeutics Inc. Common Shares,$1.69,-0.01,-0.588%,26090,3069995.00,Canada,,Biotechnology: Pharmaceutical Preparations,Health Care
XRX,Xerox Holdings Corporation Common Stock,$3.165,-0.02,-0.628%,1762106,415610427.00,United States,,Computer peripheral equipment,Technology
XRXDW,Xerox Holdings Corporation Warrants,$0.2758,-0.0154,-5.288%,98067,36216542.00,United States,,Computer peripheral equipment,Technology
XSLL,Xsolla SPAC 1 Class A Ordinary Shares,$10.00,0.02,0.20%,8325,0.00,United States,2026,Blank Checks,Finance
XTER,Karman Line Acquisition Corp. Class A Ordinary Shares,$9.78,-0.01,-0.102%,317,0.00,United States,2026,Blank Checks,Finance
XTERU,Karman Line Acquisition Corp. Units,$9.9001,0.00,0.00%,40,0.00,United States,2026,,
XTIA,XTI Aerospace Inc. Common Stock,$0.8187,-0.0037,-0.45%,573314,31501766.00,United States,2014,EDP Services,Technology
XTLB,XTL Biopharmaceuticals Ltd. American Depositary Shares,$2.30,0.0901,4.077%,1566,5652165.00,Israel,,Biotechnology: Pharmaceutical Preparations,Health Care
XTND,Xtend AI Robotics Inc. Common Stock,$3.56,-0.12,-3.261%,634696,1014040560.00,,2026,Military/Government/Technical,Industrials
XTNT,Xtant Medical Holdings Inc. Common Stock,$0.3551,-0.004,-1.114%,356431,49816255.00,United States,,Medical/Dental Instruments,Health Care
XWEL,XWELL Inc. Common Stock,$0.842,-0.018,-2.093%,20140,7232162.00,United States,,Other Consumer Services,Consumer Discretionary
XXI,Twenty One Capital Inc. Class A Common Stock,$6.50,-0.03,-0.459%,1669287,3655419443.00,,2025,Finance: Consumer Services,Finance
XXII,22nd Century Group Inc. Common Stock,$0.8401,0.0383,4.777%,113136,599826.00,United States,, Medicinal Chemicals and Botanical Products ,Health Care
XYF,X Financial American Depositary Shares each representing six Class A Ordinary Shares,$5.15,-0.02,-0.387%,32959,282131626.00,Cayman Islands,2018,Finance: Consumer Services,Finance
XYL,Xylem Inc. Common Stock New,$101.27,0.34,0.337%,2702149,23645209451.00,United States,2011,Fluid Controls,Industrials
XYZ,Block Inc. Class A Common Stock,$73.53,-0.52,-0.702%,5127094,44176456350.00,United States,2015,Computer Software: Prepackaged Software,Technology
XZO,Exzeo Group Inc. Common Stock,$14.47,-0.08,-0.55%,212306,1303543233.00,,2025,Computer Software: Prepackaged Software,Technology
YAAS,Youxin Technology Ltd Class A Ordinary shares,$1.18,0.01,0.855%,36381,18543272.00,China,2024,Computer Software: Prepackaged Software,Technology
YALA,Yalla Group Limited American Depositary Shares each representing one Class A Ordinary Share,$5.37,-0.05,-0.923%,278390,815321660.00,United Arab Emirates,2020,Computer Software: Programming Data Processing,Technology
YARW,Yarrow Bioscience Inc. Common Stock,$22.52,-1.67,-6.904%,105712,209534210.00,United States,2018,Biotechnology: Pharmaceutical Preparations,Health Care
YB,Yuanbao Inc. American Depositary Shares,$12.44,0.36,2.98%,40560,573237700.00,China,2025,Specialty Insurers,Finance
YCBD,cbdMD Inc. Common Stock,$0.453,-0.016,-3.412%,89710,5075885.00,United States,2017,Package Goods/Cosmetics,Consumer Discretionary
YCY,AA Mission Acquisition Corp. II Class A Ordinary Shares,$10.30,0.07,0.684%,5516,0.00,,2025,,
YDDL,One and One Green Technologies. Inc Class A Ordinary Shares,$1.42,0.00,0.00%,14520,79567333.00,Philippines,2025,Industrial Specialties,Consumer Discretionary
YDES,YD Bio Limited Ordinary Shares,$7.42,-0.19,-2.497%,205738,525568587.00,United States,,Medical Specialities,Health Care
YDESW,YD Bio Limited Warrants,$0.7999,0.0499,6.653%,12713,56657994.00,United States,,Medical Specialities,Health Care
YDKG,Yueda Digital Holding Class A Ordinary Share,$1.00,-0.005,-0.498%,25120,5542262.00,China,2007,Advertising,Consumer Discretionary
YELP,Yelp Inc. Common Stock,$18.50,0.22,1.204%,1558576,1003876989.00,United States,2012,Other Consumer Services,Consumer Discretionary
YETI,YETI Holdings Inc. Common Stock,$41.02,-1.53,-3.596%,2158357,2994000412.00,United States,2018,Recreational Games/Products/Toys,Consumer Discretionary
YEXT,Yext Inc. Common Stock,$6.47,-0.01,-0.154%,855305,640392215.00,United States,2017,EDP Services,Technology
YFOR,YYForce Inc. Class A Ordinary Shares,$1.48,0.04,2.778%,456153,18999322.00,Singapore,2024,Professional Services,Consumer Discretionary
YHC,LQR House Inc. Common Stock,$1.28,-0.03,-2.29%,18261,1668937.00,United States,2023,Beverages (Production/Distribution),Consumer Staples
YHGJ,Yunhong Green CTI Ltd. Common Stock,$2.63,0.00,0.00%,2372,6862312.00,United States,,Specialty Chemicals,Industrials
YHNA,YHN Acquisition I Limited Ordinary Shares,$11.21,0.00,0.00%,7,0.00,Hong Kong,2024,,
YI,111 Inc. American Depositary Shares,$3.425,-0.075,-2.143%,17912,30129602.00,China,2018,Retail-Drug Stores and Proprietary Stores,Consumer Staples
YIBO,Planet Image International Limited Class A Ordinary Shares,$1.10,-0.02,-1.786%,17476,65157643.00,China,2024,Computer peripheral equipment,Technology
YICC,Yorkville International Capital Corp. Class A Ordinary Shares,$9.925,0.00,0.00%,18,0.00,United States,2026,Blank Checks,Finance
YICCW,Yorkville International Capital Corp. Warrants,$0.36,0.01,2.857%,159,0.00,United States,2026,Blank Checks,Finance
YJ,Yunji Inc. American Depository Shares,$1.74,0.00,0.00%,34293,8570440.00,China,2019,Other Specialty Stores,Consumer Discretionary
YMAT,J-Star Holding Co. Ltd. Class A Ordinary Shares,$1.41,-0.09,-6.00%,62000,5654245.00,Taiwan,2025,Recreational Games/Products/Toys,Consumer Discretionary
YMM,Full Truck Alliance Co. Ltd. American Depositary Shares (each representing 20 Class A Ordinary Shares),$8.27,0.00,0.00%,9082750,8580491601.00,China,2021,Computer Software: Prepackaged Software,Technology
YMT,Yimutian Inc. American Depositary Shares,$1.25,-0.54,-30.168%,802763,31735088.00,China,2025,EDP Services,Technology
YORW,York Water Company (The) Common Stock,$30.62,0.128,0.42%,171259,496919150.00,United States,,Water Supply,Utilities
YOU,Clear Secure Inc. Class A Common Stock,$41.95,0.73,1.771%,2303160,5675335040.00,United States,2021,Computer Software: Prepackaged Software,Technology
YOUL,Youlife Group Inc. American Depositary Shares,$0.423,0.0053,1.269%,13774,59097755.00,China,,Other Consumer Services,Real Estate
YPF,YPF Sociedad Anonima American Depositary Shares,$50.13,-0.18,-0.358%,1059013,19716770313.00,Argentina,1993,Integrated oil Companies,Energy
YQ,17 Education & Technology Group Inc. American Depositary Shares,$3.52,-0.075,-2.086%,6738,38212022.00,China,2020,Other Consumer Services,Real Estate
YRD,Yiren Digital Ltd. American Depositary Shares each representing two ordinary shares,$0.95,-0.0492,-4.924%,143544,83114038.00,China,2015,Finance: Consumer Services,Finance
YSG,Yatsen Holding Limited American Depositary Shares each representing twenty (20) Class A Ordinary Shares,$2.78,0.23,9.02%,150061,260945818.00,China,,Package Goods/Cosmetics,Consumer Discretionary
YSS,York Space Systems Inc. Common Stock,$8.65,-0.18,-2.039%,1584702,1188143283.00,,2026,Military/Government/Technical,Industrials
YSWY,Yesway Inc. Class A Common Stock,$20.16,0.08,0.398%,499319,1274006079.00,United States,2026,Food Chains,Consumer Staples
YSXT,YSX Tech. Co. Ltd Class A Ordinary Shares,$1.3198,0.037,2.884%,2529,42078524.00,China,2024,Automotive Aftermarket,Consumer Discretionary
YTRA,Yatra Online Inc. Ordinary Shares,$0.942,-0.0092,-0.967%,9909,60260951.00,India,,Transportation Services,Consumer Discretionary
YUM,Yum! Brands Inc.,$136.34,-1.39,-1.009%,1911861,37207333929.00,United States,,Restaurants,Consumer Discretionary
YUMC,Yum China Holdings Inc. Common Stock,$41.10,0.30,0.735%,1269554,14075029390.00,United States,2016,Restaurants,Consumer Discretionary
YXT,YXT.COM GROUP HOLDING LIMITED American Depository Shares,$2.26,-0.14,-5.833%,24660,14939201.00,China,2024,Computer Software: Prepackaged Software,Technology
YYAI,AiRWA Inc. Common Stock,$0.95,0.0283,3.07%,253134,4352821.00,United States,,Computer Software: Programming Data Processing,Technology
Z,Zillow Group Inc. Class C Capital Stock,$27.13,-0.21,-0.768%,4160342,6100857502.00,United States,,Business Services,Consumer Discretionary
ZBAO,Zhibao Technology Inc. Class A Ordinary Shares,$0.10,0.0202,25.313%,74542044,46608132.00,China,2024,Specialty Insurers,Finance
ZBH,Zimmer Biomet Holdings Inc. Common Stock,$88.83,-2.51,-2.748%,2580477,16943228914.00,United States,,Industrial Specialties,Health Care
ZBIO,Zenas BioPharma Inc. Common Stock,$26.97,0.21,0.785%,623278,1757816219.00,United States,2024,Biotechnology: Pharmaceutical Preparations,Health Care
ZBRA,Zebra Technologies Corporation Class A Common Stock,$373.31,-2.66,-0.708%,334412,17661542485.00,United States,1991,Industrial Machinery/Components,Industrials
ZCMD,Zhongchao Inc. Class A Ordinary Shares,$0.8629,-0.0371,-4.122%,160473,7656922.00,China,2020,Other Consumer Services,Real Estate
ZD,Ziff Davis Inc. Common Stock,$56.69,0.36,0.639%,754917,1943741822.00,United States,,Telecommunications Equipment,Telecommunications
ZDAI,DirectBooking Technology Co. Ltd. Class A Ordinary Shares,$1.5689,0.0689,4.593%,4231,13160675.00,Hong Kong,2024,General Bldg Contractors - Nonresidential Bldgs,Consumer Discretionary
ZDGE,Zedge Inc. Class B Common Stock ,$2.88,-0.07,-2.373%,109595,45173025.00,,2016,Computer Software: Prepackaged Software,Technology
ZENA,ZenaTech Inc. Common Stock,$1.31,-0.16,-10.884%,3224265,112547379.00,Canada,,Computer Software: Prepackaged Software,Technology
ZEO,Zeo Energy Corporation Class A Common Stock,$0.3342,-0.0074,-2.166%,683201,20781722.00,United States,2021,Industrial Machinery/Components,Miscellaneous
ZEOWW,Zeo Energy Corporation Warrants,$0.025,-0.0001,-0.398%,36106,1554587.00,United States,2021,Industrial Machinery/Components,Miscellaneous
ZEPP,Zepp Health Corporation American depositary shares each representing sixteen Class A ordinary shares,$4.02,0.06,1.515%,21146,58953224.00,China,,Computer Manufacturing,Technology
ZETA,Zeta Global Holdings Corp. Class A Common Stock,$31.57,2.61,9.012%,11171391,7924499510.00,United States,2021,Computer Software: Prepackaged Software,Technology
ZG,Zillow Group Inc. Class A Common Stock,$27.70,-0.31,-1.107%,1218154,6229036226.00,United States,2011,Business Services,Consumer Discretionary
ZGN,Ermenegildo Zegna N.V. Ordinary Shares,$12.50,-0.12,-0.951%,889464,3353900625.00,,2021,Apparel,Consumer Discretionary
ZH,Zhihu Inc. American Depositary Shares each representing three (3) Class A Ordinary Shares,$3.57,-0.03,-0.833%,479654,316961607.00,China,,Business Services,Consumer Discretionary
ZIM,ZIM Integrated Shipping Services Ltd. Ordinary Shares,$29.32,0.57,1.983%,1699467,3532060423.00,,2021,Marine Transportation,Consumer Discretionary
ZION,Zions Bancorporation N.A. Common Stock,$62.65,0.04,0.064%,1108447,9143977691.00,United States,,Major Banks,Finance
ZIONP,Zions Bancorporation N.A. Depositary Shares (Each representing 1/40th Interest in a Share of Series A Floating-Rate Non-Cumulative Perpetual Preferred Stock),$17.50,-0.28,-1.575%,3681,2554183713.00,United States,,Major Banks,Finance
ZIP,ZipRecruiter Inc. Class A Common Stock,$3.51,0.12,3.54%,698935,288613832.00,United States,2021,Computer Software: Programming Data Processing,Technology
ZJK,ZJK Industrial Co. Ltd. Class A Ordinary Shares,$2.02,-0.06,-2.885%,6412,129930943.00,China,2024,Metal Fabrications,Industrials
ZJYL,JIN MEDICAL INTERNATIONAL LTD. Class A Ordinary Shares,$1.91,0.03,1.596%,12365,302151558.00,China,2023,Industrial Specialties,Health Care
ZKH,ZKH Group Limited American Depositary Shares each representing thirty-five (35) Class A Ordinary Shares,$2.81,0.05,1.812%,182794,446563281.00,Cayman Islands,2023,RETAIL: Building Materials,Consumer Discretionary
ZKIN,ZK International Group Co. Ltd Ordinary Share,$1.99,0.09,4.737%,17430,114051493.00,China,2017,Metal Fabrications,Industrials
ZKP,Lafayette Digital Acquisition Corp. I Class A Ordinary Shares,$10.03,0.00,0.00%,3939,0.00,United States,2026,Blank Checks,Finance
ZKPU,Lafayette Digital Acquisition Corp. I Unit,$10.08,0.00,0.00%,7,0.00,United States,2026,Blank Checks,Finance
ZLAB,Zai Lab Limited American Depositary Shares,$26.34,0.41,1.581%,830840,2957092446.00,China,2017,Biotechnology: Pharmaceutical Preparations,Health Care
ZM,Zoom Communications Inc. Class A Common Stock,$90.77,2.415,2.733%,2891396,26485207447.00,United States,2019,Computer Software: Programming Data Processing,Technology
ZNB,Zeta Network Group Class A Ordinary Shares,$1.16,-0.09,-7.20%,19810,4263060.00,United States,,Other Consumer Services,Real Estate
ZNTL,Zentalis Pharmaceuticals Inc. Common Stock,$2.77,0.055,2.026%,1011602,262231933.00,United States,2020,Biotechnology: Pharmaceutical Preparations,Health Care
ZONE,Zone Frontier Inc. Class B Common Stock,$0.1299,0.0022,1.723%,6438848,66097051.00,,2024,Specialty Chemicals,Consumer Discretionary
ZOOZ,ZOOZ Strategy Ltd. Ordinary Shares,$7.32,-0.30,-3.937%,6700,58630331.00,Israel,,Industrial Machinery/Components,Technology
ZOOZW,ZOOZ Strategy Ltd. Warrant,$0.0182,0.0016,9.639%,200,145775.00,Israel,,Industrial Machinery/Components,Technology
ZS,Zscaler Inc. Common Stock,$199.42,1.065,0.537%,2126371,32516367875.00,United States,2018,EDP Services,Technology
ZSQR,Z Squared Inc. Common Stock,$4.16,0.01,0.241%,284214,220481652.00,United States,2020,Finance: Consumer Services,Finance
ZSTK,ZeroStack Corp. Common Stock,$4.81,-0.03,-0.62%,60802,104956735.00,Canada,2021,Other Pharmaceuticals,Health Care
ZTG,Zenta Group Company Limited Class A Ordinary Shares,$0.9695,-0.0247,-2.484%,97666,23352520.00,Macau,2025,Professional Services,Consumer Discretionary
ZTO,ZTO Express (Cayman) Inc. American Depositary Shares each representing one Class A ordinary share.,$19.42,-0.18,-0.918%,2453075,14951471458.00,China,2016,Trucking Freight/Courier Services,Industrials
ZTR,Virtus Total Return Fund Inc.,$6.03,0.03,0.50%,149056,0.00,United States,1988,Investment Managers,Finance
ZTS,Zoetis Inc. Class A Common Stock,$69.83,-0.47,-0.669%,4444527,28855404128.00,United States,2013,Biotechnology: Pharmaceutical Preparations,Health Care
ZUMZ,Zumiez Inc. Common Stock,$13.40,-0.38,-2.758%,293505,205430214.00,United States,2005,Clothing/Shoe/Accessory Stores,Consumer Discretionary
ZURA,Zura Bio Limited Class A Ordinary Shares,$4.16,0.16,4.00%,3325674,398649210.00,Cayman Islands,,Biotechnology: Biological Products (No Diagnostic Substances),Health Care
ZVIA,Zevia PBC Class A Common Stock,$1.18,-0.04,-3.279%,595592,91267573.00,United States,2021,Beverages (Production/Distribution),Consumer Staples
ZVRA,Zevra Therapeutics Inc. Common Stock,$10.97,-0.37,-3.263%,1818369,651440078.00,United States,,Biotechnology: Pharmaceutical Preparations,Health Care
ZWS,Zurn Elkay Water Solutions Corporation Common Stock,$46.47,-0.32,-0.684%,871235,7707704588.00,United States,2012,Industrial Machinery/Components,Industrials
ZYBT,Zhengye Biotechnology Holding Limited Class A Ordinary Shares,$1.20,-0.04,-3.226%,14402,56869651.00,China,2025,Biotechnology: Pharmaceutical Preparations,Health Care
ZYME,Zymeworks Inc. Common Stock,$26.49,-0.71,-2.61%,1585054,1879710294.00,United States,,Biotechnology: Pharmaceutical Preparations,Health Care
